control_time_s,ros_time_s,mode,flight_phase,state_valid,derivatives_valid,state_age_s,battery_voltage_v,battery_voltage_mv,battery_state,battery_level_percent,battery_age_s,preflight_voltage_v,preflight_voltage_sample_count,preflight_voltage_ready,preflight_voltage_failed,thrust_raw_scale,position_x,position_y,position_z,velocity_x,velocity_y,velocity_z,acceleration_x,acceleration_y,acceleration_z,body_rate_x,body_rate_y,body_rate_z,roll_rad,pitch_rad,yaw_rad,target_x,target_y,target_z,target_yaw_rad,target_jerk_x,target_jerk_y,target_jerk_z,position_error_x,position_error_y,position_error_z,velocity_error_x,velocity_error_y,velocity_error_z,desired_force_x,desired_force_y,desired_force_z,desired_roll_rad,desired_pitch_rad,desired_yaw_rad,attitude_error_x,attitude_error_y,attitude_error_z,computed_rate_x,computed_rate_y,computed_rate_z,omega_c_method,command_rate_x,command_rate_y,command_rate_z,command_thrust_newton,filtered_velocity_x,filtered_velocity_y,filtered_velocity_z,filtered_acceleration_x,filtered_acceleration_y,filtered_acceleration_z,filter_derivatives_valid,mocap_sample_age_s
0.013831226002366748,1788362950.2192526,control,preflight_voltage,1,1,0.00021301199740264565,3.774193525314331,3774.0,0,10.0,7.240800186991692e-05,nan,0,0,0,1.0,0.020108496770262718,0.17365938425064087,0.044010553508996964,-0.0007748804637230933,-0.0011152122169733047,-0.000593203236348927,-0.126647487282753,-0.1910950243473053,-0.14228250086307526,0.002970477333292365,-0.0059788646176457405,-0.00101483054459095,-0.021256299414220404,-0.00917750119776759,-0.02705243023472651,0.020108496770262718,0.17365938425064087,0.044010553508996964,-0.02705243023472651,0.0,0.0,0.0,0.0,0.0,0.0,-0.0007748804637230933,-0.0011152122169733047,-0.000593203236348927,0.0,0.0,0.0,-0.021256299414220404,-0.00917750119776759,-0.02705243023472651,0.0,0.0,0.0,0.0,0.0,0.0,zero,0.0,0.0,0.0,0.0,-0.0007748804637230933,-0.0011152122169733047,-0.000593203236348927,0.0,0.0,0.0,0,0.001936197280883789
0.02488081699993927,1788362950.2291074,control,preflight_voltage,1,1,0.007396392997179646,3.774193525314331,3774.0,0,10.0,0.01112199899944244,nan,0,0,0,1.0,0.020099543035030365,0.17364834249019623,0.044041708111763,-0.0010787297505885363,-0.0014579941052943468,0.0011219247244298458,-0.11688845604658127,-0.17044153809547424,-0.025935940444469452,-0.039052873849868774,0.004644019063562155,0.012700052931904793,-0.02206712792731719,-0.00898786833480917,-0.026792789699867234,0.020099543035030365,0.17364834249019623,0.044041708111763,-0.026792789699867234,0.0,0.0,0.0,0.0,0.0,0.0,-0.0007768724763423835,-0.0011174594687415871,-0.0005819589889892751,0.0,0.0,0.0,-0.02206712792731719,-0.00898786833480917,-0.026792789699867234,0.0,0.0,0.0,0.0,0.0,0.0,zero,0.0,0.0,0.0,0.0,-0.0007768724763423835,-0.0011174594687415871,-0.0005819589889892751,-0.000510422536327163,-0.0005758236349632715,0.0028811651095105163,1,0.007888317108154297
0.036024118002387695,1788362950.2402751,control,preflight_voltage,1,1,0.007349444000283256,3.774193525314331,3774.0,0,10.0,0.010733210001490079,nan,1,0,0,1.0,0.02010721154510975,0.17365437746047974,0.04402444139122963,-0.0007257547695189714,-0.0010583986295387149,0.0005885494174435735,-0.08719423413276672,-0.12920242547988892,-0.030293576419353485,-0.03445536643266678,0.0012234265450388193,0.009222405962646008,-0.022246231465318296,-0.009128238604924087,-0.02684209254199528,0.02010721154510975,0.17365437746047974,0.04402444139122963,-0.02684209254199528,0.0,0.0,0.0,0.0,0.0,0.0,-0.0008023001689987552,-0.0011460834158271507,-0.0003736842734440466,0.0,0.0,0.0,-0.022246231465318296,-0.009128238604924087,-0.02684209254199528,0.0,0.0,0.0,0.0,0.0,0.0,zero,0.0,0.0,0.0,0.0,-0.0008023001689987552,-0.0011460834158271507,-0.0003736842734440466,-0.002275522691318159,-0.0025615553085572068,0.018638491807169217,1,0.007881641387939453
0.047096277005039155,1788362950.2513175,control,preflight_voltage,1,1,0.005695681000361219,3.774193525314331,3774.0,0,10.0,0.010592254999210127,nan,2,0,0,1.0,0.020098570734262466,0.17363734543323517,0.044002093374729156,-0.0007170616299845278,-0.0011156927794218063,0.00011791425640694797,-0.0696181058883667,-0.10426674783229828,-0.03166724368929863,-0.019401948899030685,0.004300321452319622,0.0015959865413606167,-0.02172602583480212,-0.008926009183333753,-0.02721276816822347,0.020098570734262466,0.17363734543323517,0.044002093374729156,-0.02721276816822347,0.0,0.0,0.0,0.0,0.0,0.0,-0.0008159854896027791,-0.0011649701296701648,-6.350954057163206e-05,0.0,0.0,0.0,-0.02172602583480212,-0.008926009183333753,-0.02721276816822347,0.0,0.0,0.0,0.0,0.0,0.0,zero,0.0,0.0,0.0,0.0,-0.0008159854896027791,-0.0011649701296701648,-6.350954057163206e-05,-0.0010804576845751537,-0.0014911082976058671,0.024488331942658956,1,0.006257772445678711
0.05834671300544869,1788362950.2625535,control,preflight_voltage,1,1,0.0007189090028987266,3.774193525314331,3774.0,0,10.0,0.01040695900155697,nan,3,0,0,1.0,0.02008579671382904,0.17365483939647675,0.04403402656316757,-0.0006942008621990681,-0.00011196814011782408,0.0010717632248997688,-0.042653802782297134,-0.037239108234643936,0.010233908891677856,-0.03232257813215256,0.0007658842951059341,0.006300961598753929,-0.022414146743915304,-0.009249228684557643,-0.02712746352899853,0.02008579671382904,0.17365483939647675,0.04403402656316757,-0.02712746352899853,0.0,0.0,0.0,0.0,0.0,0.0,-0.0007820019086618806,-0.0009802606945849457,0.0005014086160971509,0.0,0.0,0.0,-0.022414146743915304,-0.009249228684557643,-0.02712746352899853,0.0,0.0,0.0,0.0,0.0,0.0,zero,0.0,0.0,0.0,0.0,-0.0007820019086618806,-0.0009802606945849457,0.0005014086160971509,0.003331135868901929,0.016762191828291678,0.030313361156011902,1,0.0012249946594238281
0.06937819300219417,1788362950.2736034,control,preflight_voltage,1,1,0.011750388999644201,3.774193525314331,3774.0,0,10.0,0.009976524001103826,nan,4,0,0,1.0,0.02008579671382904,0.17365483939647675,0.04403402656316757,-0.0006942008621990681,-0.00011196814011782408,0.0010717632248997688,-0.042653802782297134,-0.037239108234643936,0.010233908891677856,-0.03232257813215256,0.0007658842951059341,0.006300961598753929,-0.022414146743915304,-0.009249228684557643,-0.02712746352899853,0.02008579671382904,0.17365483939647675,0.04403402656316757,-0.02712746352899853,0.0,0.0,0.0,0.0,0.0,0.0,-0.0007820019086618806,-0.0009802606945849457,0.0005014086160971509,0.0,0.0,0.0,-0.022414146743915304,-0.009249228684557643,-0.02712746352899853,0.0,0.0,0.0,0.0,0.0,0.0,zero,0.0,0.0,0.0,0.0,-0.0007820019086618806,-0.0009802606945849457,0.0005014086160971509,0.003331135868901929,0.016762191828291678,0.030313361156011902,1,0.012274980545043945
0.08045012100046733,1788362950.2847016,control,preflight_voltage,1,1,0.0011540089981281199,3.774193525314331,3774.0,0,10.0,0.009885151994240005,nan,5,0,0,1.0,0.020111745223402977,0.17365030944347382,0.04403724521398544,0.00045123041491024196,-0.0011298389872536063,0.0015220318455249071,0.00930025801062584,-0.07148674875497818,0.03685236722230911,-0.047475844621658325,0.010455540381371975,0.01790187880396843,-0.02251760598124185,-0.008987666664956245,-0.026850524228534085,0.020111745223402977,0.17365030944347382,0.04403724521398544,-0.026850524228534085,0.0,0.0,0.0,0.0,0.0,0.0,-0.0006416258191558924,-0.00022435802186738965,0.0010693688399521604,0.0,0.0,0.0,-0.02251760598124185,-0.008987666664956245,-0.026850524228534085,0.0,0.0,0.0,0.0,0.0,0.0,zero,0.0,0.0,0.0,0.0,-0.0006416258191558924,-0.00022435802186738965,0.0010693688399521604,0.0122572683867799,0.05718196718729388,0.04160005048131634,1,0.00173187255859375
0.09157338899967726,1788362950.2957668,control,preflight_voltage,1,1,0.003061629999137949,3.774193525314331,3774.0,0,10.0,0.009600171993952245,nan,6,0,0,1.0,0.02009822055697441,0.17365719377994537,0.044043201953172684,7.02940160408616e-05,-0.0007559037767350674,0.0013456556480377913,-0.0007473910227417946,-0.04915228113532066,0.02569097839295864,-0.029964212328195572,-0.0076795825734734535,0.015816109254956245,-0.022145439535697715,-0.009732393680379182,-0.026764330869176605,0.02009822055697441,0.17365719377994537,0.044043201953172684,-0.026764330869176605,0.0,0.0,0.0,0.0,0.0,0.0,-0.0005061319507747978,-9.891023964154496e-05,0.0012215524035698124,0.0,0.0,0.0,-0.022145439535697715,-0.009732393680379182,-0.026764330869176605,0.0,0.0,0.0,0.0,0.0,0.0,zero,0.0,0.0,0.0,0.0,-0.0005061319507747978,-9.891023964154496e-05,0.0012215524035698124,0.014561030877713967,0.013481414711650036,0.016354611432928656,1,0.0034918785095214844
0.10276189200521912,1788362950.3069801,control,preflight_voltage,1,1,0.005218199003138579,3.774193525314331,3774.0,0,10.0,0.009227676004229579,nan,7,0,0,1.0,0.020108522847294807,0.1736714392900467,0.04404222220182419,0.0002848873264156282,-0.0002885539724957198,0.001054779626429081,0.004164834972470999,-0.028949324041604996,0.014096993952989578,-0.028808657079935074,0.02741459384560585,0.01945771649479866,-0.022365841810342957,-0.008213924184911181,-0.02649144200397696,0.020108522847294807,0.1736714392900467,0.04404222220182419,-0.02649144200397696,0.0,0.0,0.0,0.0,0.0,0.0,-0.0003403966584577035,-0.00010445894397550517,0.001320093118111001,0.0,0.0,0.0,-0.022365841810342957,-0.008213924184911181,-0.02649144200397696,0.0,0.0,0.0,0.0,0.0,0.0,zero,0.0,0.0,0.0,0.0,-0.0003403966584577035,-0.00010445894397550517,0.001320093118111001,0.01838957169140388,-0.0006156702939802292,0.010933830141080014,1,0.005692720413208008
0.11380383700452512,1788362950.3180916,control,preflight_voltage,1,1,0.002802727001835592,3.774193525314331,3774.0,0,10.0,0.00889086100505665,nan,8,0,0,1.0,0.020139368250966072,0.1736806184053421,0.04398123174905777,0.0006886163610033691,-9.374404908157885e-05,-6.712879985570908e-05,0.009361959993839264,-0.020249780267477036,-0.00547921285033226,-0.017519254237413406,0.01350478082895279,0.007681665010750294,-0.021991371100443746,-0.008789692217416429,-0.027006703680293617,0.020139368250966072,0.1736806184053421,0.04398123174905777,-0.027006703680293617,0.0,0.0,0.0,0.0,0.0,0.0,-0.00010544297337627224,-0.00016789287730275616,0.0012486190769826484,0.0,0.0,0.0,-0.021991371100443746,-0.008789692217416429,-0.027006703680293617,0.0,0.0,0.0,0.0,0.0,0.0,zero,0.0,0.0,0.0,0.0,-0.00010544297337627224,-0.00016789287730275616,0.0012486190769826484,0.017547180092088593,-0.004737472628518404,-0.005337936585901498,1,0.0034143924713134766
0.12496967600600328,1788362950.330479,control,preflight_voltage_failed,1,1,0.006527102006657515,3.774193525314331,3774.0,0,10.0,0.00747355700150365,nan,10,0,1,1.0,0.020086117088794708,0.17368267476558685,0.04399632290005684,-0.000876906153280288,-1.9858984160237014e-05,0.0003509291564114392,-0.034486074000597,-0.014218778349459171,0.006825827993452549,0.005930685438215733,0.0038833762519061565,0.01204650942236185,-0.021249472680977606,-0.00904297826304697,-0.02678107758116276,0.020086117088794708,0.17368267476558685,0.04399632290005684,-0.02678107758116276,0.0,0.0,0.0,0.0,0.0,0.0,6.852878824050454e-05,-0.00020397108838936189,0.001122819488922283,0.0,0.0,0.0,-0.021249472680977606,-0.00904297826304697,-0.02678107758116276,0.0,0.0,0.0,0.0,0.0,0.0,zero,0.0,0.0,0.0,0.0,6.852878824050454e-05,-0.00020397108838936189,0.001122819488922283,0.023324717287952094,-0.004837072787156206,-0.01686618448407949,1,0.008342981338500977
0.1360161840057117,1788362950.3402972,control,preflight_voltage_failed,1,1,0.007849858004192356,3.774193525314331,3774.0,0,10.0,0.006031551005435176,nan,10,0,1,1.0,0.020073017105460167,0.17369534075260162,0.04401448369026184,-0.0009666645200923085,0.00024046846374403685,0.0006483120960183442,-0.029405539855360985,-0.006106076296418905,0.011479600332677364,-0.005045711062848568,-0.01115621067583561,0.0011605825275182724,-0.02172939608696963,-0.009756514299854455,-0.027184667674177265,0.020073017105460167,0.17369534075260162,0.04401448369026184,-0.027184667674177265,0.0,0.0,0.0,0.0,0.0,0.0,8.004728246863179e-05,-0.00019042797108297956,0.000939805263574136,0.0,0.0,0.0,-0.02172939608696963,-0.009756514299854455,-0.027184667674177265,0.0,0.0,0.0,0.0,0.0,0.0,zero,0.0,0.0,0.0,0.0,8.004728246863179e-05,-0.00019042797108297956,0.000939805263574136,0.0011654942201826458,0.0013703548945920253,-0.018518221013090672,1,0.008278369903564453
0.14721907900093356,1788362950.3514729,control,preflight_voltage_failed,1,1,0.008016456995392218,3.774193525314331,3774.0,0,10.0,0.005125130999658722,nan,10,0,1,1.0,0.02009522169828415,0.17366038262844086,0.044066909700632095,-0.00037011460517533123,-0.00044243576121516526,0.0014706625370308757,-0.012691578827798367,-0.01728583499789238,0.0241168811917305,-0.01064765639603138,0.017730291932821274,0.0048505389131605625,-0.022095117185748987,-0.008284267071880696,-0.027000891390792123,0.02009522169828415,0.17366038262844086,0.044066909700632095,-0.027000891390792123,0.0,0.0,0.0,0.0,0.0,0.0,-6.559218418429977e-05,-0.00014983178116080145,0.0008197216839704166,0.0,0.0,0.0,-0.022095117185748987,-0.008284267071880696,-0.027000891390792123,0.0,0.0,0.0,0.0,0.0,0.0,zero,0.0,0.0,0.0,0.0,-6.559218418429977e-05,-0.00014983178116080145,0.0008197216839704166,-0.013225144461673936,0.003686435336884352,-0.01090448024997724,1,0.008441686630249023
0.1583172620012192,1788362950.3625593,control,preflight_voltage_failed,1,1,0.0003983669957960956,3.774193525314331,3774.0,0,10.0,0.003835825998976361,nan,10,0,1,1.0,0.0200977623462677,0.1736489236354828,0.044012028723955154,-0.00022440201428253204,-0.0006088567897677422,-0.0002398439683020115,-0.00621268805116415,-0.01673291251063347,-0.020133499056100845,0.00248746108263731,-0.01351528987288475,0.0055062733590602875,-0.02167100420754865,-0.009575612061547313,-0.026863278865709,0.0200977623462677,0.1736489236354828,0.044012028723955154,-0.026863278865709,0.0,0.0,0.0,0.0,0.0,0.0,-0.000256768501443974,-0.00010289170173046441,0.0008286545995134318,0.0,0.0,0.0,-0.02167100420754865,-0.009575612061547313,-0.026863278865709,0.0,0.0,0.0,0.0,0.0,0.0,zero,0.0,0.0,0.0,0.0,-0.000256768501443974,-0.00010289170173046441,0.0008286545995134318,-0.006660324016405821,0.0017169928719922263,0.0024651211698074674,1,0.0009133815765380859
0.16940620400418993,1788362950.3736525,control,preflight_voltage_failed,1,1,0.011487308998766821,3.774193525314331,3774.0,0,10.0,0.002654515999893192,nan,10,0,1,1.0,0.0200977623462677,0.1736489236354828,0.044012028723955154,-0.00022440201428253204,-0.0006088567897677422,-0.0002398439683020115,-0.00621268805116415,-0.01673291251063347,-0.020133499056100845,0.00248746108263731,-0.01351528987288475,0.0055062733590602875,-0.02167100420754865,-0.009575612061547313,-0.026863278865709,0.0200977623462677,0.1736489236354828,0.044012028723955154,-0.026863278865709,0.0,0.0,0.0,0.0,0.0,0.0,-0.000256768501443974,-0.00010289170173046441,0.0008286545995134318,0.0,0.0,0.0,-0.02167100420754865,-0.009575612061547313,-0.026863278865709,0.0,0.0,0.0,0.0,0.0,0.0,zero,0.0,0.0,0.0,0.0,-0.000256768501443974,-0.00010289170173046441,0.0008286545995134318,-0.006660324016405821,0.0017169928719922263,0.0024651211698074674,1,0.012006521224975586
0.18044674500561086,1788362950.3846967,control,preflight_voltage_failed,1,1,0.00910587500402471,3.774193525314331,3774.0,0,10.0,0.0015136680012801662,nan,10,0,1,1.0,0.02007533237338066,0.1736726462841034,0.04398787394165993,-0.0005132470396347344,-0.0001341268653050065,-0.0005512632778845727,-0.009267745539546013,-0.006323038600385189,-0.020740266889333725,0.00103058444801718,-0.007433061487972736,0.006552118808031082,-0.021736803154927063,-0.009345416430411459,-0.026723927231729488,0.02007533237338066,0.1736726462841034,0.04398787394165993,-0.026723927231729488,0.0,0.0,0.0,0.0,0.0,0.0,-0.0002806860234532406,-0.0001357175379373664,0.0006633347481693188,0.0,0.0,0.0,-0.021736803154927063,-0.009345416430411459,-0.026723927231729488,0.0,0.0,0.0,0.0,0.0,0.0,zero,0.0,0.0,0.0,0.0,-0.0002806860234532406,-0.0001357175379373664,0.0006633347481693188,-0.0017792759659026062,-0.002441984642094923,-0.012298499738777575,1,0.00960850715637207
0.1915746640006546,1788362950.395802,control,preflight_voltage_failed,1,1,0.0008652249962324277,3.774193525314331,3774.0,0,10.0,0.0016119680003612302,nan,10,0,1,1.0,0.020086126402020454,0.17369067668914795,0.044067323207855225,-0.0037706538569182158,0.003249125089496374,0.0035801741760224104,-0.7357720732688904,0.6628715991973877,0.6609839797019958,0.11511281877756119,-0.08537324517965317,0.03729996457695961,-0.021059570119420626,-0.009430222506274743,-0.02710776975344269,0.020086126402020454,0.17369067668914795,0.044067323207855225,-0.02710776975344269,0.0,0.0,0.0,0.0,0.0,0.0,-0.0003415835020467937,-0.00024003022889773745,-0.00019303335718507704,0.0,0.0,0.0,-0.021059570119420626,-0.009430222506274743,-0.02710776975344269,0.0,0.0,0.0,0.0,0.0,0.0,zero,0.0,0.0,0.0,0.0,-0.0003415835020467937,-0.00024003022889773745,-0.00019303335718507704,-0.03024881927805164,-0.04958296374325713,-0.41376064479392216,1,0.0012125968933105469
0.2026728290002211,1788362950.406962,control,preflight_voltage_failed,1,1,0.011963389995798934,3.774193525314331,3774.0,0,10.0,0.010712215000239667,nan,10,0,1,1.0,0.020086126402020454,0.17369067668914795,0.044067323207855225,-0.0037706538569182158,0.003249125089496374,0.0035801741760224104,-0.7357720732688904,0.6628715991973877,0.6609839797019958,0.11511281877756119,-0.08537324517965317,0.03729996457695961,-0.021059570119420626,-0.009430222506274743,-0.02710776975344269,0.020086126402020454,0.17369067668914795,0.044067323207855225,-0.02710776975344269,0.0,0.0,0.0,0.0,0.0,0.0,-0.0003415835020467937,-0.00024003022889773745,-0.00019303335718507704,0.0,0.0,0.0,-0.021059570119420626,-0.009430222506274743,-0.02710776975344269,0.0,0.0,0.0,0.0,0.0,0.0,zero,0.0,0.0,0.0,0.0,-0.0003415835020467937,-0.00024003022889773745,-0.00019303335718507704,-0.03024881927805164,-0.04958296374325713,-0.41376064479392216,1,0.012372493743896484
0.2137697440048214,1788362950.41803,control,preflight_voltage_failed,1,1,0.0057835870029521175,3.774193525314331,3774.0,0,10.0,0.00979881900275359,nan,10,0,1,1.0,0.02009964920580387,0.17365066707134247,0.04400353506207466,-2.4796463549137115e-06,0.0006140287732705474,-0.0005796590121462941,-0.1900174915790558,0.2745658755302429,0.1570182740688324,-0.03655625879764557,-0.05280750244855881,0.052231475710868835,-0.023052916591916696,-0.00921800585091009,-0.027122766854876204,0.02009964920580387,0.17365066707134247,0.04400353506207466,-0.027122766854876204,0.0,0.0,0.0,0.0,0.0,0.0,-0.0016695447001157263,0.0010443033594922438,0.0009502842734791353,0.0,0.0,0.0,-0.023052916591916696,-0.00921800585091009,-0.027122766854876204,0.0,0.0,0.0,0.0,0.0,0.0,zero,0.0,0.0,0.0,0.0,-0.0016695447001157263,0.0010443033594922438,0.0009502842734791353,-0.2648910162652027,0.2566015416985986,0.22858855541405532,1,0.0061376094818115234
0.22488291800254956,1788362950.4291492,control,preflight_voltage_failed,1,1,0.002995547001773957,3.774193525314331,3774.0,0,10.0,0.008623312001873273,nan,10,0,1,1.0,0.020111288875341415,0.17368833720684052,0.04401060566306114,0.0001682700967648998,0.0010422252817079425,-0.0003603053046390414,-0.14951643347740173,0.22591593861579895,0.12882311642169952,-0.000148821622133255,-0.034135229885578156,0.04276256635785103,-0.02106419800859276,-0.008662160497046293,-0.02706818981273751,0.020111288875341415,0.17368833720684052,0.04401060566306114,-0.02706818981273751,0.0,0.0,0.0,0.0,0.0,0.0,-0.0017112764703742602,0.0013246828551670344,0.0009981265954703185,0.0,0.0,0.0,-0.02106419800859276,-0.008662160497046293,-0.02706818981273751,0.0,0.0,0.0,0.0,0.0,0.0,zero,0.0,0.0,0.0,0.0,-0.0017112764703742602,0.0013246828551670344,0.0009981265954703185,-0.0030516358820469693,0.0205027518432783,0.00349847000413033,1,0.003581523895263672
0.23603127400565427,1788362950.4403827,control,preflight_voltage_failed,1,1,0.014143903004878666,3.774193525314331,3774.0,0,10.0,0.00765003300330136,nan,10,0,1,1.0,0.020111288875341415,0.17368833720684052,0.04401060566306114,0.0001682700967648998,0.0010422252817079425,-0.0003603053046390414,-0.14951643347740173,0.22591593861579895,0.12882311642169952,-0.000148821622133255,-0.034135229885578156,0.04276256635785103,-0.02106419800859276,-0.008662160497046293,-0.02706818981273751,0.020111288875341415,0.17368833720684052,0.04401060566306114,-0.02706818981273751,0.0,0.0,0.0,0.0,0.0,0.0,-0.0017112764703742602,0.0013246828551670344,0.0009981265954703185,0.0,0.0,0.0,-0.02106419800859276,-0.008662160497046293,-0.02706818981273751,0.0,0.0,0.0,0.0,0.0,0.0,zero,0.0,0.0,0.0,0.0,-0.0017112764703742602,0.0013246828551670344,0.0009981265954703185,-0.0030516358820469693,0.0205027518432783,0.00349847000413033,1,0.014815092086791992
0.2471147660035058,1788362950.4514124,control,preflight_voltage_failed,1,1,0.008645601999887731,3.774193525314331,3774.0,0,10.0,0.006374933996994514,nan,10,0,1,1.0,0.020086627453565598,0.17366136610507965,0.0439990870654583,0.0019791922532022,-0.0055961390025913715,-0.005499878898262978,0.42314133048057556,-1.3380508422851562,-1.149120569229126,-0.025624850764870644,0.15603362023830414,0.017750177532434464,-0.021558959350163595,-0.008778553050655027,-0.026801164324825957,0.020086627453565598,0.17366136610507965,0.0439990870654583,-0.026801164324825957,0.0,0.0,0.0,0.0,0.0,0.0,-0.0006528498903762728,0.0012473432826675035,0.00017253416861919165,0.0,0.0,0.0,-0.021558959350163595,-0.008778553050655027,-0.026801164324825957,0.0,0.0,0.0,0.0,0.0,0.0,zero,0.0,0.0,0.0,0.0,-0.0006528498903762728,0.0012473432826675035,0.00017253416861919165,0.5931548666648269,-0.044934382068053225,-0.46342482709292443,1,0.009026765823364258
0.2582658360042842,1788362950.4625616,control,preflight_voltage_failed,1,1,0.01047364700207254,3.774193525314331,3774.0,0,10.0,0.00534916600008728,nan,10,0,1,1.0,0.020106066018342972,0.17367345094680786,0.043990448117256165,0.002023485489189625,-0.0042032841593027115,-0.004595507867634296,0.3395159840583801,-1.0389033555984497,-0.8988195061683655,-0.03304173797369003,0.10107673704624176,0.009149128571152687,-0.022111012752705883,-0.009832106914973387,-0.027001298402776753,0.020106066018342972,0.17367345094680786,0.043990448117256165,-0.027001298402776753,0.0,0.0,0.0,0.0,0.0,0.0,-0.00011101950401544252,0.0006504018927687902,-0.0005428932877753413,0.0,0.0,0.0,-0.022111012752705883,-0.009832106914973387,-0.027001298402776753,0.0,0.0,0.0,0.0,0.0,0.0,zero,0.0,0.0,0.0,0.0,-0.00011101950401544252,0.0006504018927687902,-0.0005428932877753413,0.06134870307836021,-0.06758864213955655,-0.08100421774283056,1,0.011343955993652344
0.26941153799998574,1788362950.4736426,control,preflight_voltage_failed,1,1,0.0012719609949272126,3.774193525314331,3774.0,0,10.0,0.004628405993571505,nan,10,0,1,1.0,0.020050855353474617,0.17369219660758972,0.044016458094120026,-0.0005238794256001711,-0.0017283576307818294,-0.003924604970961809,0.1302901953458786,-0.5864046216011047,-0.6021542549133301,-0.007258213125169277,0.008385881781578064,-0.007785174995660782,-0.021621809374919174,-0.010260774441121924,-0.02692153575244677,0.020050855353474617,0.17369219660758972,0.044016458094120026,-0.02692153575244677,0.0,0.0,0.0,0.0,0.0,0.0,0.0013714798618120322,-0.002647604324195271,-0.003238717528739255,0.0,0.0,0.0,-0.021621809374919174,-0.010260774441121924,-0.02692153575244677,0.0,0.0,0.0,0.0,0.0,0.0,zero,0.0,0.0,0.0,0.0,0.0013714798618120322,-0.002647604324195271,-0.003238717528739255,0.13241500507883247,-0.3001772322432119,-0.24473211611978182,1,0.0016362667083740234
0.28043416300351964,1788362950.4846995,control,preflight_voltage_failed,1,1,0.012294585998461116,3.774193525314331,3774.0,0,10.0,0.003424583002924919,nan,10,0,1,1.0,0.020050855353474617,0.17369219660758972,0.044016458094120026,-0.0005238794256001711,-0.0017283576307818294,-0.003924604970961809,0.1302901953458786,-0.5864046216011047,-0.6021542549133301,-0.007258213125169277,0.008385881781578064,-0.007785174995660782,-0.021621809374919174,-0.010260774441121924,-0.02692153575244677,0.020050855353474617,0.17369219660758972,0.044016458094120026,-0.02692153575244677,0.0,0.0,0.0,0.0,0.0,0.0,0.0013714798618120322,-0.002647604324195271,-0.003238717528739255,0.0,0.0,0.0,-0.021621809374919174,-0.010260774441121924,-0.02692153575244677,0.0,0.0,0.0,0.0,0.0,0.0,zero,0.0,0.0,0.0,0.0,0.0013714798618120322,-0.002647604324195271,-0.003238717528739255,0.13241500507883247,-0.3001772322432119,-0.24473211611978182,1,0.012693166732788086
0.2915400900019449,1788362950.495795,control,preflight_voltage_failed,1,1,0.0032230239958153106,3.774193525314331,3774.0,0,10.0,0.0015263379973475821,nan,10,0,1,1.0,0.020090632140636444,0.17369535565376282,0.043976329267024994,-4.030841955682263e-05,-0.001077266875654459,-0.0038844679947942495,0.08233801275491714,-0.3580877184867859,-0.40709978342056274,0.012982966378331184,0.020267724990844727,-0.006892255041748285,-0.02142266719868855,-0.009539510081845098,-0.027149350260725943,0.020090632140636444,0.17369535565376282,0.043976329267024994,-0.027149350260725943,0.0,0.0,0.0,0.0,0.0,0.0,0.0010197886763562828,-0.003208562041006916,-0.004171108463566024,0.0,0.0,0.0,-0.02142266719868855,-0.009539510081845098,-0.027149350260725943,0.0,0.0,0.0,0.0,0.0,0.0,zero,0.0,0.0,0.0,0.0,0.0010197886763562828,-0.003208562041006916,-0.004171108463566024,-0.04380646421911824,-0.0558685873055978,-0.10258094025368446,1,0.003674030303955078
0.3026579030047287,1788362950.5069323,control,preflight_voltage_failed,1,1,0.014340836998599116,3.774193525314331,3774.0,0,10.0,0.0010047480027424172,nan,10,0,1,1.0,0.020090632140636444,0.17369535565376282,0.043976329267024994,-4.030841955682263e-05,-0.001077266875654459,-0.0038844679947942495,0.08233801275491714,-0.3580877184867859,-0.40709978342056274,0.012982966378331184,0.020267724990844727,-0.006892255041748285,-0.02142266719868855,-0.009539510081845098,-0.027149350260725943,0.020090632140636444,0.17369535565376282,0.043976329267024994,-0.027149350260725943,0.0,0.0,0.0,0.0,0.0,0.0,0.0010197886763562828,-0.003208562041006916,-0.004171108463566024,0.0,0.0,0.0,-0.02142266719868855,-0.009539510081845098,-0.027149350260725943,0.0,0.0,0.0,0.0,0.0,0.0,zero,0.0,0.0,0.0,0.0,0.0010197886763562828,-0.003208562041006916,-0.004171108463566024,-0.04380646421911824,-0.0558685873055978,-0.10258094025368446,1,0.014811277389526367
0.3137660840002354,1788362950.5180302,control,preflight_voltage_failed,1,1,0.007121087997802533,3.774193525314331,3774.0,0,10.0,0.0008638279978185892,nan,10,0,1,1.0,0.020085714757442474,0.17367222905158997,0.044048748910427094,-8.591305959271267e-05,-0.001114207785576582,-0.002317215781658888,0.06537269800901413,-0.28687334060668945,-0.30857548117637634,0.014305498450994492,0.028443995863199234,-0.009362554177641869,-0.0210601800408047,-0.008426649854309033,-0.027525743488195295,0.020085714757442474,0.17367222905158997,0.044048748910427094,-0.027525743488195295,0.0,0.0,0.0,0.0,0.0,0.0,0.0005416031818673229,-0.002442968923502792,-0.003971065299077137,0.0,0.0,0.0,-0.0210601800408047,-0.008426649854309033,-0.027525743488195295,0.0,0.0,0.0,0.0,0.0,0.0,zero,0.0,0.0,0.0,0.0,0.0005416031818673229,-0.002442968923502792,-0.003971065299077137,-0.02609355917304619,0.041776778142173426,0.010915927417105467,1,0.0075833797454833984
0.3249052940009278,1788362950.529159,control,preflight_voltage_failed,1,1,0.003364694995980244,3.774193525314331,3774.0,0,10.0,6.585099617950618e-05,nan,10,0,1,1.0,0.02011370100080967,0.17367547750473022,0.0440388098359108,0.0006518283043988049,-0.0007227032911032438,-0.0015247645787894726,0.06066945195198059,-0.17674288153648376,-0.17204798758029938,-0.02810601517558098,-0.021215243265032768,0.009523867629468441,-0.022517925627814666,-0.009872416476205086,-0.026905728319330316,0.02011370100080967,0.17367547750473022,0.0440388098359108,-0.026905728319330316,0.0,0.0,0.0,0.0,0.0,0.0,-2.3042819717833353e-05,-0.0013555205179295133,-0.003446048666680748,0.0,0.0,0.0,-0.022517925627814666,-0.009872416476205086,-0.026905728319330316,0.0,0.0,0.0,0.0,0.0,0.0,zero,0.0,0.0,0.0,0.0,-2.3042819717833353e-05,-0.0013555205179295133,-0.003446048666680748,-0.03475307910660147,0.07417122665868525,0.04239222959523113,1,0.0038940906524658203
0.33599294799932977,1788362950.5402584,control,preflight_voltage_failed,1,1,0.003208094996807631,3.774193525314331,3774.0,0,10.0,0.010403471998870373,nan,10,0,1,1.0,0.02012316696345806,0.1736527383327484,0.04400096461176872,0.0006910496158525348,-0.0009855451062321663,-0.0018978258594870567,0.04923823103308678,-0.14610323309898376,-0.14432194828987122,-0.013274290598928928,-0.016759343445301056,-0.0018559526652097702,-0.02199859320609155,-0.009872309374356228,-0.027434762810361626,0.02012316696345806,0.1736527383327484,0.04400096461176872,-0.027434762810361626,0.0,0.0,0.0,0.0,0.0,0.0,-3.11726531734154e-05,-0.001013943429465381,-0.003023828940557769,0.0,0.0,0.0,-0.02199859320609155,-0.009872309374356228,-0.027434762810361626,0.0,0.0,0.0,0.0,0.0,0.0,zero,0.0,0.0,0.0,0.0,-3.11726531734154e-05,-0.001013943429465381,-0.003023828940557769,-0.0007282530590112038,0.03059774359723777,0.03782153826445371,1,0.0038299560546875
0.34709663200192153,1788362950.551449,control,preflight_voltage_failed,1,1,0.014311778999399394,3.774193525314331,3774.0,0,10.0,0.009490436998021323,nan,10,0,1,1.0,0.02012316696345806,0.1736527383327484,0.04400096461176872,0.0006910496158525348,-0.0009855451062321663,-0.0018978258594870567,0.04923823103308678,-0.14610323309898376,-0.14432194828987122,-0.013274290598928928,-0.016759343445301056,-0.0018559526652097702,-0.02199859320609155,-0.009872309374356228,-0.027434762810361626,0.02012316696345806,0.1736527383327484,0.04400096461176872,-0.027434762810361626,0.0,0.0,0.0,0.0,0.0,0.0,-3.11726531734154e-05,-0.001013943429465381,-0.003023828940557769,0.0,0.0,0.0,-0.02199859320609155,-0.009872309374356228,-0.027434762810361626,0.0,0.0,0.0,0.0,0.0,0.0,zero,0.0,0.0,0.0,0.0,-3.11726531734154e-05,-0.001013943429465381,-0.003023828940557769,-0.0007282530590112038,0.03059774359723777,0.03782153826445371,1,0.015020608901977539
0.35820388400316006,1788362950.5624328,control,preflight_voltage_failed,1,1,0.00022826799977337942,3.774193525314331,3774.0,0,10.0,0.008973572999821045,nan,10,0,1,1.0,0.020065978169441223,0.17366154491901398,0.0439978763461113,0.00010017526801675558,-0.0007187296287156641,-0.0015427051112055779,0.034713659435510635,-0.11477067321538925,-0.11264668405056,-0.008709581568837166,-0.012366832233965397,0.003892660839483142,-0.02176393256553173,-0.009726002492279891,-0.02675839541329079,0.020065978169441223,0.17366154491901398,0.0439978763461113,-0.02675839541329079,0.0,0.0,0.0,0.0,0.0,0.0,0.0003517224519389539,-0.000827816606768679,-0.0020380366332038114,0.0,0.0,0.0,-0.02176393256553173,-0.009726002492279891,-0.02675839541329079,0.0,0.0,0.0,0.0,0.0,0.0,zero,0.0,0.0,0.0,0.0,0.0003517224519389539,-0.000827816606768679,-0.0020380366332038114,0.015153599461721371,0.007366224541838724,0.03901408395833113,1,0.0007367134094238281
0.3693495100014843,1788362950.5735917,control,preflight_voltage_failed,1,1,0.006808232996263541,3.774193525314331,3774.0,0,10.0,0.008081963998847641,nan,10,0,1,1.0,0.020097626373171806,0.17367902398109436,0.04400412738323212,0.0014324239455163479,0.0001718722633086145,-0.0009670659783296287,0.08469605445861816,-0.05376235768198967,-0.06552109122276306,0.032196272164583206,-0.016162671148777008,-0.004995593801140785,-0.020845528612441374,-0.009876733805469612,-0.02694503234770532,0.020097626373171806,0.17367902398109436,0.04400412738323212,-0.02694503234770532,0.0,0.0,0.0,0.0,0.0,0.0,0.0006463652703516206,-0.0006789220059976493,-0.001280921990597218,0.0,0.0,0.0,-0.020845528612441374,-0.009876733805469612,-0.02694503234770532,0.0,0.0,0.0,0.0,0.0,0.0,zero,0.0,0.0,0.0,0.0,0.0006463652703516206,-0.0006789220059976493,-0.001280921990597218,0.06294934555009789,0.031810779319087865,0.16175473583656305,1,0.007215023040771484
0.380456998005684,1788362950.5847507,control,preflight_voltage_failed,1,1,0.0021047510017524473,3.774193525314331,3774.0,0,10.0,0.006727446001605131,nan,10,0,1,1.0,0.020104598253965378,0.1736610382795334,0.04397682473063469,0.0009589358814992011,-0.0009883784223347902,-0.0016929102130234241,0.0379299595952034,-0.08756163716316223,-0.07589783519506454,0.029789665713906288,-0.033718641847372055,-0.009264731779694557,-0.021418480681924222,-0.009965109599812392,-0.0271781961046328,0.020104598253965378,0.1736610382795334,0.04397682473063469,-0.0271781961046328,0.0,0.0,0.0,0.0,0.0,0.0,0.001047314441137738,-0.0003258307774456922,-0.0005592768732151352,0.0,0.0,0.0,-0.021418480681924222,-0.009965109599812392,-0.0271781961046328,0.0,0.0,0.0,0.0,0.0,0.0,zero,0.0,0.0,0.0,0.0,0.001047314441137738,-0.0003258307774456922,-0.0005592768732151352,0.03659149006226433,0.03287109864629222,0.06160161435411106,1,0.0025501251220703125
0.3915820980037097,1788362950.5958395,control,preflight_voltage_failed,1,1,0.0030368660009116866,3.774193525314331,3774.0,0,10.0,0.005551212998398114,nan,10,0,1,1.0,0.02009475976228714,0.17366521060466766,0.04400193691253662,0.0005714096478186548,-0.0007076933979988098,-0.000854715530294925,0.022634044289588928,-0.06446501612663269,-0.0440421886742115,-0.0002538096159696579,-0.019263342022895813,-0.008238951675593853,-0.022628609668796013,-0.009578509544144576,-0.027228300444605818,0.02009475976228714,0.17366521060466766,0.04400193691253662,-0.027228300444605818,0.0,0.0,0.0,0.0,0.0,0.0,0.0011290432801036032,-0.0002761864672855479,-0.0005013474867261603,0.0,0.0,0.0,-0.022628609668796013,-0.009578509544144576,-0.027228300444605818,0.0,0.0,0.0,0.0,0.0,0.0,zero,0.0,0.0,0.0,0.0,0.0011290432801036032,-0.0002761864672855479,-0.0005013474867261603,0.008131018197535146,0.004939000656607929,0.005763264248873394,1,0.003587484359741211
0.402653958000883,1788362950.6068947,control,preflight_voltage_failed,1,1,0.004780643001140561,3.774193525314331,3774.0,0,10.0,0.004315220998250879,nan,10,0,1,1.0,0.020076695829629898,0.17365281283855438,0.04400069639086723,7.251542410813272e-05,-0.0008301245979964733,-0.0007101852679625154,0.007484915666282177,-0.054178785532712936,-0.03215645253658295,0.025035658851265907,-0.015536828897893429,-0.003141032299026847,-0.02144478795810964,-0.009580862807133283,-0.027066161013450208,0.020076695829629898,0.17365281283855438,0.04400069639086723,-0.027066161013450208,0.0,0.0,0.0,0.0,0.0,0.0,0.001097896278618428,-0.0003182580435339445,-0.0005380768708249928,0.0,0.0,0.0,-0.02144478795810964,-0.009580862807133283,-0.027066161013450208,0.0,0.0,0.0,0.0,0.0,0.0,zero,0.0,0.0,0.0,0.0,0.001097896278618428,-0.0003182580435339445,-0.0005380768708249928,-0.003315904180853766,-0.004478932446950473,-0.003910203630724135,1,0.005249500274658203
0.41376996600592975,1788362950.6180224,control,preflight_voltage_failed,1,1,0.0033347700009471737,3.774193525314331,3774.0,0,10.0,0.0031873740008450113,nan,10,0,1,1.0,0.020099924877285957,0.17367863655090332,0.044014059007167816,0.0004324218025431037,-0.00024786905851215124,-0.0003527674707584083,0.011788960546255112,-0.03395814448595047,-0.019964244216680527,0.010791233740746975,-0.020543109625577927,-0.0021180612966418266,-0.022018235994802637,-0.010083597262746475,-0.02703073637796546,0.020099924877285957,0.17367863655090332,0.044014059007167816,-0.02703073637796546,0.0,0.0,0.0,0.0,0.0,0.0,0.000911157873799475,-0.00040909176413888616,-0.0005803525919909222,0.0,0.0,0.0,-0.022018235994802637,-0.010083597262746475,-0.02703073637796546,0.0,0.0,0.0,0.0,0.0,0.0,zero,0.0,0.0,0.0,0.0,0.000911157873799475,-0.00040909176413888616,-0.0005803525919909222,-0.015047793242761839,-0.007319581895642445,-0.0034066710161218526,1,0.0039675235748291016
0.42494007800269173,1788362950.629215,control,preflight_voltage_failed,1,1,0.006008172000292689,3.774193525314331,3774.0,0,10.0,0.001965748997463379,nan,10,0,1,1.0,0.020090745761990547,0.17367173731327057,0.04398058354854584,0.00013006261724513024,-0.00036055181408300996,-0.0010694912634789944,0.0023202733136713505,-0.02981659397482872,-0.032827336341142654,0.009157385677099228,0.013981189578771591,0.0022471058182418346,-0.021997252222400617,-0.008786930655239496,-0.026891634115063807,0.020090745761990547,0.17367173731327057,0.04398058354854584,-0.026891634115063807,0.0,0.0,0.0,0.0,0.0,0.0,0.0007302930941838762,-0.00046399953911064977,-0.0006097682716677448,0.0,0.0,0.0,-0.021997252222400617,-0.008786930655239496,-0.026891634115063807,0.0,0.0,0.0,0.0,0.0,0.0,zero,0.0,0.0,0.0,0.0,0.0007302930941838762,-0.00046399953911064977,-0.0006097682716677448,-0.021266031301884508,-0.0064560411581960075,-0.003458687568154737,1,0.006655216217041016
0.43603050100500695,1788362950.640318,control,preflight_voltage_failed,1,1,0.006274100000155158,3.774193525314331,3774.0,0,10.0,0.0007487610055250116,nan,10,0,1,1.0,0.020083853974938393,0.17370767891407013,0.04405048489570618,-2.194404078181833e-05,0.0003686349664349109,0.0004223280120640993,-0.0009227335685864091,-0.010522443801164627,0.0010112393647432327,0.013731075450778008,0.014269169420003891,0.0012645592214539647,-0.021646606746207248,-0.008618903006420443,-0.02692447043516886,0.020083853974938393,0.17370767891407013,0.04405048489570618,-0.02692447043516886,0.0,0.0,0.0,0.0,0.0,0.0,0.0005423615941557607,-0.0004381297860445489,-0.0006088696252331261,0.0,0.0,0.0,-0.021646606746207248,-0.008618903006420443,-0.02692447043516886,0.0,0.0,0.0,0.0,0.0,0.0,zero,0.0,0.0,0.0,0.0,0.0005423615941557607,-0.0004381297860445489,-0.0006088696252331261,-0.0171797620481654,0.0023648840234549323,8.214978281912825e-05,1,0.006819009780883789
0.44711490500048967,1788362950.6515198,control,preflight_voltage_failed,1,1,0.009490241995081306,3.774193525314331,3774.0,0,10.0,0.011833165001007728,nan,10,0,1,1.0,0.020111175253987312,0.17365965247154236,0.044025979936122894,0.0006717042997479439,-0.0009167002281174064,-0.00028034724527969956,0.016761131584644318,-0.04084431380033493,-0.016918057575821877,0.014503523707389832,0.007205180358141661,0.003282614052295685,-0.021507947722301187,-0.008783806858263259,-0.026830867299026513,0.020111175253987312,0.17365965247154236,0.044025979936122894,-0.026830867299026513,0.0,0.0,0.0,0.0,0.0,0.0,0.00039335855813886543,-0.0003929428747602718,-0.0005615416383100995,0.0,0.0,0.0,-0.021507947722301187,-0.008783806858263259,-0.026830867299026513,0.0,0.0,0.0,0.0,0.0,0.0,zero,0.0,0.0,0.0,0.0,0.00039335855813886543,-0.0003929428747602718,-0.0005615416383100995,-0.018794780162931794,0.005699736639819819,0.005969805270756591,1,0.010092973709106445
0.45828219200484455,1788362950.6625936,control,preflight_voltage_failed,1,1,0.010132693001651205,3.774193525314331,3774.0,0,10.0,0.010573773004580289,nan,10,0,1,1.0,0.02009497955441475,0.17368561029434204,0.04399867355823517,0.0002301130152773112,-0.00024091138038784266,-0.0007423101342283189,0.00503142736852169,-0.019854985177516937,-0.02229839563369751,0.008029809221625328,0.0029252313543111086,-0.005137716419994831,-0.021692689247296705,-0.00894225504413454,-0.027236799714367214,0.02009497955441475,0.17368561029434204,0.04399867355823517,-0.027236799714367214,0.0,0.0,0.0,0.0,0.0,0.0,0.0003150713812613615,-0.000374836482400729,-0.0004822002583028943,0.0,0.0,0.0,-0.021692689247296705,-0.00894225504413454,-0.027236799714367214,0.0,0.0,0.0,0.0,0.0,0.0,zero,0.0,0.0,0.0,0.0,0.0003150713812613615,-0.000374836482400729,-0.0004822002583028943,-0.007427115856371089,0.0017177560765239373,0.007527128260608012,1,0.010626077651977539
0.4693277700062026,1788362950.673583,control,preflight_voltage_failed,1,1,0.007944228003907483,3.774193525314331,3774.0,0,10.0,0.009882057005597744,nan,10,0,1,1.0,0.020077750086784363,0.1736888885498047,0.044030044227838516,-7.53626663936302e-05,-0.0001433628931408748,-0.00012144717038609087,-0.0005749189294874668,-0.014415035955607891,-0.008489337749779224,-0.005658111069351435,-0.001516213407739997,-0.002496711676940322,-0.022496034829210143,-0.009195917062011222,-0.027124019754450196,0.020077750086784363,0.1736888885498047,0.044030044227838516,-0.027124019754450196,0.0,0.0,0.0,0.0,0.0,0.0,0.0002685606729304802,-0.000369427347946707,-0.00044485021352183086,0.0,0.0,0.0,-0.022496034829210143,-0.009195917062011222,-0.027124019754450196,0.0,0.0,0.0,0.0,0.0,0.0,zero,0.0,0.0,0.0,0.0,0.0002685606729304802,-0.000369427347946707,-0.00044485021352183086,-0.003501894734863639,0.0004072657704963861,0.002812167990116025,1,0.008333921432495117
0.4804538060052437,1788362950.6847503,control,preflight_voltage_failed,1,1,0.0027006040036212653,3.774193525314331,3774.0,0,10.0,0.008821465002256446,nan,10,0,1,1.0,0.020130550488829613,0.173686221241951,0.04399159178137779,0.0019316584803164005,7.1308808401227e-05,-0.0006910248775966465,0.07169613987207413,0.002481653355062008,-0.012036769650876522,-0.004776979796588421,0.011710592545568943,-0.025027569383382797,-0.021849157168004424,-0.009074283850595877,-0.027450276974846893,0.020130550488829613,0.173686221241951,0.04399159178137779,-0.027450276974846893,0.0,0.0,0.0,0.0,0.0,0.0,0.0001542881109620192,-0.0003166788914551709,-0.0004215409424620883,0.0,0.0,0.0,-0.021849157168004424,-0.009074283850595877,-0.027450276974846893,0.0,0.0,0.0,0.0,0.0,0.0,zero,0.0,0.0,0.0,0.0,0.0001542881109620192,-0.0003166788914551709,-0.0004215409424620883,-0.007217214283292686,0.004550397460307811,0.0006852867058459264,1,0.0031554698944091797
0.49154884300514823,1788362950.6957927,control,preflight_voltage_failed,1,1,0.002944653999293223,3.774193525314331,3774.0,0,10.0,0.007701760005147662,nan,10,0,1,1.0,0.020095109939575195,0.17368941009044647,0.043946877121925354,0.0008810790604911745,0.00011681433534249663,-0.0013908883556723595,0.037666335701942444,0.002838214160874486,-0.022746670991182327,-0.009097198024392128,-0.014511610381305218,-0.004493000917136669,-0.022138944796348467,-0.010329862434773218,-0.02659387386291102,0.020095109939575195,0.17368941009044647,0.043946877121925354,-0.02659387386291102,0.0,0.0,0.0,0.0,0.0,0.0,0.0002933070791534565,-0.0002554839736297336,-0.000496560283822506,0.0,0.0,0.0,-0.022138944796348467,-0.010329862434773218,-0.02659387386291102,0.0,0.0,0.0,0.0,0.0,0.0,zero,0.0,0.0,0.0,0.0,0.0002933070791534565,-0.0002554839736297336,-0.000496560283822506,0.013029312977324325,0.005735388108127075,-0.007031058355947569,1,0.003528118133544922
0.5026717840009951,1788362950.7069583,control,preflight_voltage_failed,1,1,0.014067594995140098,3.774193525314331,3774.0,0,10.0,0.006390823997207917,nan,10,0,1,1.0,0.020095109939575195,0.17368941009044647,0.043946877121925354,0.0008810790604911745,0.00011681433534249663,-0.0013908883556723595,0.037666335701942444,0.002838214160874486,-0.022746670991182327,-0.009097198024392128,-0.014511610381305218,-0.004493000917136669,-0.022138944796348467,-0.010329862434773218,-0.02659387386291102,0.020095109939575195,0.17368941009044647,0.043946877121925354,-0.02659387386291102,0.0,0.0,0.0,0.0,0.0,0.0,0.0002933070791534565,-0.0002554839736297336,-0.000496560283822506,0.0,0.0,0.0,-0.022138944796348467,-0.010329862434773218,-0.02659387386291102,0.0,0.0,0.0,0.0,0.0,0.0,zero,0.0,0.0,0.0,0.0,0.0002933070791534565,-0.0002554839736297336,-0.000496560283822506,0.013029312977324325,0.005735388108127075,-0.007031058355947569,1,0.014693737030029297
0.5137714250013232,1788362950.7180178,control,preflight_voltage_failed,1,1,0.0054544939994229935,3.774193525314331,3774.0,0,10.0,0.005290216999128461,nan,10,0,1,1.0,0.020086362957954407,0.17370915412902832,0.04400365799665451,-2.6015564799308777e-05,0.002489522099494934,-0.0013723033480346203,-0.014735793694853783,0.1346118003129959,-0.06494510173797607,-0.00034274859353899956,0.014677852392196655,0.008343125693500042,-0.022084280875272273,-0.009190773132685896,-0.026662495193600356,0.020086362957954407,0.17370915412902832,0.04400365799665451,-0.026662495193600356,0.0,0.0,0.0,0.0,0.0,0.0,0.0008409413812754264,-6.9600983162439e-05,-0.0007569678020396689,0.0,0.0,0.0,-0.022084280875272273,-0.009190773132685896,-0.026662495193600356,0.0,0.0,0.0,0.0,0.0,0.0,zero,0.0,0.0,0.0,0.0,0.0008409413812754264,-6.9600983162439e-05,-0.0007569678020396689,0.056733016699481664,0.0217197220860485,-0.027223131991261373,1,0.005964040756225586
0.5248869880015263,1788362950.7291646,control,preflight_voltage_failed,1,1,0.006062950997147709,3.774193525314331,3774.0,0,10.0,0.004443272999196779,nan,10,0,1,1.0,0.020088501274585724,0.17371903359889984,0.04403141885995865,1.9344317479408346e-05,0.0021771504543721676,-0.000576504273340106,-0.010936793871223927,0.10182321816682816,-0.0370112806558609,0.0011229279916733503,0.007097213063389063,-0.0013999496586620808,-0.022005930988293006,-0.00944753765702226,-0.02708691391933268,0.020088501274585724,0.17371903359889984,0.04403141885995865,-0.02708691391933268,0.0,0.0,0.0,0.0,0.0,0.0,0.0008564036164219165,0.0002640747010694893,-0.0008286747853602737,0.0,0.0,0.0,-0.022005930988293006,-0.00944753765702226,-0.02708691391933268,0.0,0.0,0.0,0.0,0.0,0.0,zero,0.0,0.0,0.0,0.0,0.0008564036164219165,0.0002640747010694893,-0.0008286747853602737,0.001451961552945508,0.03133339132845372,-0.006733553194141986,1,0.006461620330810547
0.5359822120008175,1788362950.7402163,control,preflight_voltage_failed,1,1,0.0012791589979315177,3.774193525314331,3774.0,0,10.0,0.0032818850013427436,nan,10,0,1,1.0,0.020084986463189125,0.17365428805351257,0.043962083756923676,-2.918906648119446e-05,0.000918965321034193,-0.001342280302196741,-0.009366174228489399,0.06547016650438309,-0.03934013471007347,-0.009235864505171776,0.004926687106490135,0.0023696483112871647,-0.022806042210847526,-0.009500476339833074,-0.026811037318404684,0.020084986463189125,0.17365428805351257,0.043962083756923676,-0.026811037318404684,0.0,0.0,0.0,0.0,0.0,0.0,0.0005892882249355074,0.0009220481425728192,-0.0008996285996768444,0.0,0.0,0.0,-0.022806042210847526,-0.009500476339833074,-0.026811037318404684,0.0,0.0,0.0,0.0,0.0,0.0,zero,0.0,0.0,0.0,0.0,0.0005892882249355074,0.0009220481425728192,-0.0008996285996768444,-0.016971599281561663,0.04180538427592908,-0.004508162923065557,1,0.0017743110656738281
0.5471411070029717,1788362950.7515388,control,preflight_voltage_failed,1,1,0.008521420997567475,3.774193525314331,3774.0,0,10.0,0.0021067249981570058,nan,10,0,1,1.0,0.020130541175603867,0.17366957664489746,0.04401642829179764,0.0022587659768760204,0.001501072314567864,0.0016486297827214003,0.10712487995624542,0.08153747022151947,0.11836107820272446,0.03434838354587555,0.01590513437986374,-0.009931224398314953,-0.021970639707890986,-0.009267005435226116,-0.027052420843802213,0.020130541175603867,0.17366957664489746,0.04401642829179764,-0.027052420843802213,0.0,0.0,0.0,0.0,0.0,0.0,0.00037996493926670597,0.0014478561040538308,-0.0009413921039696131,0.0,0.0,0.0,-0.021970639707890986,-0.009267005435226116,-0.027052420843802213,0.0,0.0,0.0,0.0,0.0,0.0,zero,0.0,0.0,0.0,0.0,0.00037996493926670597,0.0014478561040538308,-0.0009413921039696131,-0.05243463296546801,0.1317127589627122,-0.010461588217222697,1,0.009104728698730469
0.5582157099997858,1788362950.7624888,control,preflight_voltage_failed,1,1,0.007693428997299634,3.774193525314331,3774.0,0,10.0,0.0008106909954221919,nan,10,0,1,1.0,0.02007417380809784,0.17371073365211487,0.043997038155794144,0.0008531359490007162,0.001897337380796671,0.0009907742496579885,0.061913132667541504,0.07193577289581299,0.08355630189180374,0.034670136868953705,0.009814219549298286,-0.012869728729128838,-0.02154299118632454,-0.009445248886647955,-0.027339641546298168,0.02007417380809784,0.17371073365211487,0.043997038155794144,-0.027339641546298168,0.0,0.0,0.0,0.0,0.0,0.0,0.00046626572434162276,0.0017016264203745465,-0.0006333945014093907,0.0,0.0,0.0,-0.02154299118632454,-0.009445248886647955,-0.027339641546298168,0.0,0.0,0.0,0.0,0.0,0.0,zero,0.0,0.0,0.0,0.0,0.00046626572434162276,0.0017016264203745465,-0.0006333945014093907,0.0073017918633704595,0.021471160769476187,0.026059257587976337,1,0.008235692977905273
0.5693674819995067,1788362950.7736292,control,preflight_voltage_failed,1,1,0.0010183649937971495,3.774193525314331,3774.0,0,10.0,8.418499783147126e-05,nan,10,0,1,1.0,0.020123831927776337,0.17367716133594513,0.044026393443346024,0.0016189133748412132,-0.00011707365047186613,-0.0001874344889074564,0.08397871255874634,-0.09949368238449097,-0.09717559814453125,0.043645069003105164,0.03841976076364517,0.0014380307402461767,-0.022090490761311376,-0.008703313578551392,-0.026845498807966398,0.020123831927776337,0.17367716133594513,0.044026393443346024,-0.026845498807966398,0.0,0.0,0.0,0.0,0.0,0.0,0.0010435885555860971,0.0018313989178432935,0.000742320012176908,0.0,0.0,0.0,-0.022090490761311376,-0.008703313578551392,-0.026845498807966398,0.0,0.0,0.0,0.0,0.0,0.0,zero,0.0,0.0,0.0,0.0,0.0010435885555860971,0.0018313989178432935,0.000742320012176908,0.14048847754383958,0.030049921836715517,0.3341482380286044,1,0.0013785362243652344
0.5804593610009761,1788362950.7847548,control,preflight_voltage_failed,1,1,0.0121102439952665,3.774193525314331,3774.0,0,10.0,0.011176063999300823,nan,10,0,1,1.0,0.020123831927776337,0.17367716133594513,0.044026393443346024,0.0016189133748412132,-0.00011707365047186613,-0.0001874344889074564,0.08397871255874634,-0.09949368238449097,-0.09717559814453125,0.043645069003105164,0.03841976076364517,0.0014380307402461767,-0.022090490761311376,-0.008703313578551392,-0.026845498807966398,0.020123831927776337,0.17367716133594513,0.044026393443346024,-0.026845498807966398,0.0,0.0,0.0,0.0,0.0,0.0,0.0010435885555860971,0.0018313989178432935,0.000742320012176908,0.0,0.0,0.0,-0.022090490761311376,-0.008703313578551392,-0.026845498807966398,0.0,0.0,0.0,0.0,0.0,0.0,zero,0.0,0.0,0.0,0.0,0.0010435885555860971,0.0018313989178432935,0.000742320012176908,0.14048847754383958,0.030049921836715517,0.3341482380286044,1,0.012504100799560547
0.5915570230063167,1788362950.7958164,control,preflight_voltage_failed,1,1,0.0029591570055345073,3.774193525314331,3774.0,0,10.0,0.010188413005380426,nan,10,0,1,1.0,0.020070722326636314,0.17364512383937836,0.044012922793626785,0.00030807266011834145,-0.0008558810804970562,3.783777356147766e-05,0.03399127721786499,-0.08279886841773987,-0.04827430099248886,0.0497397817671299,0.022764287889003754,0.011824316345155239,-0.02152134590956777,-0.009315326413202511,-0.026849052273864676,0.020070722326636314,0.17364512383937836,0.044012922793626785,-0.026849052273864676,0.0,0.0,0.0,0.0,0.0,0.0,0.0012821528792406238,0.0011248041952396867,0.000867178217201176,0.0,0.0,0.0,-0.02152134590956777,-0.009315326413202511,-0.026849052273864676,0.0,0.0,0.0,0.0,0.0,0.0,zero,0.0,0.0,0.0,0.0,0.0012821528792406238,0.0011248041952396867,0.000867178217201176,0.00955911615618257,-0.050671928366987876,-0.0021342710298619468,1,0.003515958786010742
0.6026698660061811,1788362950.806943,control,preflight_voltage_failed,1,1,0.005039821000536904,3.774193525314331,3774.0,0,10.0,0.00919433400122216,nan,10,0,1,1.0,0.020048586651682854,0.17370177805423737,0.044016510248184204,-0.00024369932361878455,0.0005698079476132989,0.00010970839502988383,0.014974956400692463,-0.03466959670186043,-0.037027984857559204,0.04015589877963066,0.008430800400674343,0.004036787431687117,-0.021502659408254857,-0.009762189503384203,-0.027084393036214332,0.020048586651682854,0.17370177805423737,0.044016510248184204,-0.027084393036214332,0.0,0.0,0.0,0.0,0.0,0.0,0.0011925160382330556,0.0007365528693618653,0.0007365799940825859,0.0,0.0,0.0,-0.021502659408254857,-0.009762189503384203,-0.027084393036214332,0.0,0.0,0.0,0.0,0.0,0.0,zero,0.0,0.0,0.0,0.0,0.0011925160382330556,0.0007365528693618653,0.0007365799940825859,-0.009923302472758659,-0.04298160554107345,-0.014457957864681684,1,0.0056095123291015625
0.6137853170002927,1788362950.8180695,control,preflight_voltage_failed,1,1,0.004189444000076037,3.774193525314331,3774.0,0,10.0,0.007973749998200219,nan,10,0,1,1.0,0.020091019570827484,0.17364110052585602,0.044046685099601746,0.0005147955962456763,-0.0005590775399468839,0.0005924869328737259,0.02466694638133049,-0.04661800339818001,-0.021547183394432068,0.012430258095264435,0.00555049441754818,0.001024581491947174,-0.022678824452056226,-0.009836477209187547,-0.02721460563218646,0.020091019570827484,0.17364110052585602,0.044046685099601746,-0.02721460563218646,0.0,0.0,0.0,0.0,0.0,0.0,0.0009287079843104639,0.00039108007196796265,0.0005698605415614819,0.0,0.0,0.0,-0.022678824452056226,-0.009836477209187547,-0.02721460563218646,0.0,0.0,0.0,0.0,0.0,0.0,zero,0.0,0.0,0.0,0.0,0.0009287079843104639,0.00039108007196796265,0.0005698605415614819,-0.02206231283870839,-0.02889194935498246,-0.013942776435847837,1,0.004778623580932617
0.6248756560016773,1788362950.8291118,control,preflight_voltage_failed,1,1,0.004024734000267927,3.774193525314331,3774.0,0,10.0,0.006889568001497537,nan,10,0,1,1.0,0.0201435424387455,0.1736745983362198,0.04401611536741257,0.0013414130080491304,0.00014559933333657682,-6.704920087940991e-05,0.034363456070423126,-0.024822670966386795,-0.028910554945468903,0.013477376662194729,0.020233672112226486,0.00743479747325182,-0.02248251166437373,-0.008935914701622041,-0.026861065585131617,0.0201435424387455,0.1736745983362198,0.04401611536741257,-0.026861065585131617,0.0,0.0,0.0,0.0,0.0,0.0,0.0007261154367713807,0.00013083397526220808,0.00043963225925274023,0.0,0.0,0.0,-0.02248251166437373,-0.008935914701622041,-0.026861065585131617,0.0,0.0,0.0,0.0,0.0,0.0,zero,0.0,0.0,0.0,0.0,0.0007261154367713807,0.00013083397526220808,0.00043963225925274023,-0.017930297577881178,-0.02303288059752555,-0.011525753949076501,1,0.004522085189819336
0.6360204250013339,1788362950.8402855,control,preflight_voltage_failed,1,1,0.007698157001868822,3.774193525314331,3774.0,0,10.0,0.005804447995615192,nan,10,0,1,1.0,0.02012118697166443,0.17365969717502594,0.04402320086956024,0.00048001576215028763,-0.000278864405117929,0.00013434665743261576,0.0046369656920433044,-0.03111961856484413,-0.017785195261240005,0.03844480589032173,0.016465753316879272,-0.00013635586947202682,-0.021437802196735207,-0.0089304443696816,-0.027090572902752085,0.02012118697166443,0.17365969717502594,0.04402320086956024,-0.027090572902752085,0.0,0.0,0.0,0.0,0.0,0.0,0.0006164471753583593,-5.5713599045281736e-05,0.00033233110002269873,0.0,0.0,0.0,-0.021437802196735207,-0.0089304443696816,-0.027090572902752085,0.0,0.0,0.0,0.0,0.0,0.0,zero,0.0,0.0,0.0,0.0,0.0006164471753583593,-5.5713599045281736e-05,0.00033233110002269873,-0.014548566515408838,-0.024747358607970452,-0.01423454728036183,1,0.008157730102539062
0.647152506004204,1788362950.8516092,control,preflight_voltage_failed,1,1,0.009474702004808933,3.774193525314331,3774.0,0,10.0,0.004375862001325004,nan,10,0,1,1.0,0.02006428688764572,0.17364412546157837,0.044009655714035034,-0.0008375906618312001,-0.0005574048263952136,-0.00018332726904191077,-0.024578476324677467,-0.030875755473971367,-0.02104838378727436,0.007265098392963409,-9.049754589796066e-05,0.0027256603352725506,-0.02253330101277902,-0.009545164089834574,-0.026944980979150466,0.02006428688764572,0.17364412546157837,0.044009655714035034,-0.026944980979150466,0.0,0.0,0.0,0.0,0.0,0.0,0.0005226314676745991,-0.0001843741156648367,0.0002298621455148539,0.0,0.0,0.0,-0.02253330101277902,-0.009545164089834574,-0.026944980979150466,0.0,0.0,0.0,0.0,0.0,0.0,zero,0.0,0.0,0.0,0.0,0.0005226314676745991,-0.0001843741156648367,0.0002298621455148539,-0.010070677910598786,-0.013811105354067155,-0.01099956352898604,1,0.010165691375732422
0.6582698170022923,1788362950.8625567,control,preflight_voltage_failed,1,1,0.010343023997847922,3.774193525314331,3774.0,0,10.0,0.0031724549990030937,nan,10,0,1,1.0,0.02010483480989933,0.17369502782821655,0.04401220753788948,0.00014097429811954498,0.0005722343921661377,-9.56197691266425e-05,-8.934736251831055e-05,-0.002105357125401497,-0.015084365382790565,0.01960580050945282,0.010020178742706776,0.0018700287910178304,-0.021843441236700286,-0.009041059085058303,-0.02697169813012991,0.02010483480989933,0.17369502782821655,0.04401220753788948,-0.02697169813012991,0.0,0.0,0.0,0.0,0.0,0.0,0.00035722088214840017,-0.0002565609898290522,0.00012919492948127166,0.0,0.0,0.0,-0.021843441236700286,-0.009041059085058303,-0.02697169813012991,0.0,0.0,0.0,0.0,0.0,0.0,zero,0.0,0.0,0.0,0.0,0.00035722088214840017,-0.0002565609898290522,0.00012919492948127166,-0.016541468707140294,-0.0072188664120563075,-0.010066971219267517,1,0.011113405227661133
0.6693703760029166,1788362950.8736327,control,preflight_voltage_failed,1,1,0.0004071590010426007,3.774193525314331,3774.0,0,10.0,0.0020005359983770177,nan,10,0,1,1.0,0.020095953717827797,0.17366383969783783,0.04401428997516632,-2.6279780286131427e-05,4.500217619352043e-05,0.0001322384923696518,-0.002144313883036375,-0.005814487114548683,-0.002491985447704792,0.013819096609950066,0.005192246753722429,-0.010681183077394962,-0.02175498760569918,-0.00909970860230313,-0.02757806441498581,0.020095953717827797,0.17366383969783783,0.04401428997516632,-0.02757806441498581,0.0,0.0,0.0,0.0,0.0,0.0,6.14012817223236e-05,-0.00022510219127310285,-9.416362431358778e-05,0.0,0.0,0.0,-0.02175498760569918,-0.00909970860230313,-0.02757806441498581,0.0,0.0,0.0,0.0,0.0,0.0,zero,0.0,0.0,0.0,0.0,6.14012817223236e-05,-0.00022510219127310285,-9.416362431358778e-05,-0.012084365390219363,0.0022235434826241743,-0.01062760930282884,1,0.0010366439819335938
0.6804174019998754,1788362950.8846433,control,preflight_voltage_failed,1,1,0.011454184998001438,3.774193525314331,3774.0,0,10.0,0.0006991409973124973,nan,10,0,1,1.0,0.020095953717827797,0.17366383969783783,0.04401428997516632,-2.6279780286131427e-05,4.500217619352043e-05,0.0001322384923696518,-0.002144313883036375,-0.005814487114548683,-0.002491985447704792,0.013819096609950066,0.005192246753722429,-0.010681183077394962,-0.02175498760569918,-0.00909970860230313,-0.02757806441498581,0.020095953717827797,0.17366383969783783,0.04401428997516632,-0.02757806441498581,0.0,0.0,0.0,0.0,0.0,0.0,6.14012817223236e-05,-0.00022510219127310285,-9.416362431358778e-05,0.0,0.0,0.0,-0.02175498760569918,-0.00909970860230313,-0.02757806441498581,0.0,0.0,0.0,0.0,0.0,0.0,zero,0.0,0.0,0.0,0.0,6.14012817223236e-05,-0.00022510219127310285,-9.416362431358778e-05,-0.012084365390219363,0.0022235434826241743,-0.01062760930282884,1,0.012047290802001953
0.6915620880026836,1788362950.8959506,control,preflight_voltage_failed,1,1,0.0030828770031803288,3.774193525314331,3774.0,0,10.0,0.0005637900030706078,nan,10,0,1,1.0,0.020071804523468018,0.17364725470542908,0.04398525506258011,-0.0017844655085355043,-0.0011018719524145126,-0.000996864284388721,-0.10212735831737518,-0.06805479526519775,-0.055152665823698044,0.01825043559074402,0.015387103892862797,-0.026886925101280212,-0.021658733280701198,-0.009529317835361708,-0.02708013782622421,0.020071804523468018,0.17364725470542908,0.04398525506258011,-0.02708013782622421,0.0,0.0,0.0,0.0,0.0,0.0,-7.012927591844572e-05,-0.00013452805285921787,-0.00016865492565931473,0.0,0.0,0.0,-0.021658733280701198,-0.009529317835361708,-0.02708013782622421,0.0,0.0,0.0,0.0,0.0,0.0,zero,0.0,0.0,0.0,0.0,-7.012927591844572e-05,-0.00013452805285921787,-0.00016865492565931473,-0.017059350709443772,0.010650639299133026,-0.009223000751888531,1,0.0037529468536376953
0.7026676010063966,1788362950.9069233,control,preflight_voltage_failed,1,1,0.0016648000018903986,3.774193525314331,3774.0,0,10.0,0.010232108004856855,nan,10,0,1,1.0,0.020096255466341972,0.17366884648799896,0.04399382695555687,-0.0010324126342311502,-0.0005325455567799509,-0.0006589582189917564,-0.06954771280288696,-0.045242760330438614,-0.03866112232208252,0.009892386384308338,0.012723131105303764,-0.01770150288939476,-0.02195227970206976,-0.009498604294369084,-0.026845114412250883,0.020096255466341972,0.17366884648799896,0.04399382695555687,-0.026845114412250883,0.0,0.0,0.0,0.0,0.0,0.0,-0.00032208127896846903,-0.00022691669508389313,-0.00029091465618835975,0.0,0.0,0.0,-0.02195227970206976,-0.009498604294369084,-0.026845114412250883,0.0,0.0,0.0,0.0,0.0,0.0,zero,0.0,0.0,0.0,0.0,-0.00032208127896846903,-0.00022691669508389313,-0.00029091465618835975,-0.020357605359289634,-0.007464959576912432,-0.009878529701346478,1,0.002349376678466797
0.7137823410012061,1788362950.9180515,control,preflight_voltage_failed,1,1,0.012779539996699896,3.774193525314331,3774.0,0,10.0,0.021346847999666352,nan,10,0,1,1.0,0.020096255466341972,0.17366884648799896,0.04399382695555687,-0.0010324126342311502,-0.0005325455567799509,-0.0006589582189917564,-0.06954771280288696,-0.045242760330438614,-0.03866112232208252,0.009892386384308338,0.012723131105303764,-0.01770150288939476,-0.02195227970206976,-0.009498604294369084,-0.026845114412250883,0.020096255466341972,0.17366884648799896,0.04399382695555687,-0.026845114412250883,0.0,0.0,0.0,0.0,0.0,0.0,-0.00032208127896846903,-0.00022691669508389313,-0.00029091465618835975,0.0,0.0,0.0,-0.02195227970206976,-0.009498604294369084,-0.026845114412250883,0.0,0.0,0.0,0.0,0.0,0.0,zero,0.0,0.0,0.0,0.0,-0.00032208127896846903,-0.00022691669508389313,-0.00029091465618835975,-0.020357605359289634,-0.007464959576912432,-0.009878529701346478,1,0.013477563858032227
0.7248874450015137,1788362950.9291604,control,preflight_voltage_failed,1,1,0.006663489999482408,3.774193525314331,3774.0,0,10.0,0.009335939001175575,nan,10,0,1,1.0,0.020057646557688713,0.17366237938404083,0.044004566967487335,-0.00352025986649096,0.004399363417178392,-0.0014721477637067437,-0.27410972118377686,0.470993310213089,-0.133769690990448,-0.07346919178962708,0.0713990330696106,-0.03219784423708916,-0.022594132733261572,-0.009346003963543428,-0.02752268658604333,0.020057646557688713,0.17366237938404083,0.044004566967487335,-0.02752268658604333,0.0,0.0,0.0,0.0,0.0,0.0,-0.0009988921724168153,-0.0006463649621105344,-0.0005683190034131158,0.0,0.0,0.0,-0.022594132733261572,-0.009346003963543428,-0.02752268658604333,0.0,0.0,0.0,0.0,0.0,0.0,zero,0.0,0.0,0.0,0.0,-0.0009988921724168153,-0.0006463649621105344,-0.0005683190034131158,-0.14177198443976796,-0.08496792732913318,-0.057698498748568486,1,0.007200717926025391
0.7360098470016965,1788362950.9402921,control,preflight_voltage_failed,1,1,0.0032909779984038323,3.774193525314331,3774.0,0,10.0,0.008343531997525133,nan,10,0,1,1.0,0.020094100385904312,0.1736932396888733,0.044054701924324036,-0.0023104986175894737,0.003947603516280651,-0.0004822160699404776,-0.20250524580478668,0.37052759528160095,-0.09328282624483109,-0.045204587280750275,0.06712527573108673,-0.0193868950009346,-0.0216198698935405,-0.008614746730362841,-0.027079444618696553,0.020094100385904312,0.1736932396888733,0.044054701924324036,-0.027079444618696553,0.0,0.0,0.0,0.0,0.0,0.0,-0.0015596498826054746,0.00023485307577792545,-0.0007134487752782501,0.0,0.0,0.0,-0.0216198698935405,-0.008614746730362841,-0.027079444618696553,0.0,0.0,0.0,0.0,0.0,0.0,zero,0.0,0.0,0.0,0.0,-0.0015596498826054746,0.00023485307577792545,-0.0007134487752782501,-0.03889512662270769,0.06112281033880798,-0.010066452499636521,1,0.003915309906005859
0.7471061120013474,1788362950.9513724,control,preflight_voltage_failed,1,1,0.009029886001371779,3.774193525314331,3774.0,0,10.0,0.007239613994897809,nan,10,0,1,1.0,0.020097235217690468,0.17362932860851288,0.04405539110302925,-0.00173407222609967,0.0008272584527730942,-0.00036063865991309285,-0.14098204672336578,0.1826237142086029,-0.070192351937294,-0.0570245198905468,0.07193172723054886,-0.006386409513652325,-0.022193872485211597,-0.008109479711211426,-0.02684029160741462,0.020097235217690468,0.17362932860851288,0.04405539110302925,-0.02684029160741462,0.0,0.0,0.0,0.0,0.0,0.0,-0.002003385800834821,0.0010122456856982718,-0.000815938518318489,0.0,0.0,0.0,-0.022193872485211597,-0.008109479711211426,-0.02684029160741462,0.0,0.0,0.0,0.0,0.0,0.0,zero,0.0,0.0,0.0,0.0,-0.002003385800834821,0.0010122456856982718,-0.000815938518318489,-0.08092014507708786,0.14176612753736298,-0.018690136486636793,1,0.009511947631835938
0.7582225580044906,1788362950.962688,control,preflight_voltage_failed,1,1,0.010036004001449328,3.774193525314331,3774.0,0,10.0,0.005858645003172569,nan,10,0,1,1.0,0.020083868876099586,0.17366459965705872,0.04401757940649986,-0.0016497914912179112,0.0013545795809477568,-0.0010311856167390943,-0.1111302450299263,0.15645629167556763,-0.06932435929775238,-0.03413252532482147,0.03471197932958603,-0.005672572646290064,-0.021609003917393017,-0.009272343877245943,-0.026843513691873867,0.020083868876099586,0.17366459965705872,0.04401757940649986,-0.026843513691873867,0.0,0.0,0.0,0.0,0.0,0.0,-0.0022169867625578057,0.0015349332513301531,-0.0008315253244019463,0.0,0.0,0.0,-0.021609003917393017,-0.009272343877245943,-0.026843513691873867,0.0,0.0,0.0,0.0,0.0,0.0,zero,0.0,0.0,0.0,0.0,-0.0022169867625578057,0.0015349332513301531,-0.0008315253244019463,-0.020976524658360137,0.051330146272068895,-0.0015306907774073823,1,0.010644674301147461
0.7693466160053504,1788362950.9735606,control,preflight_voltage_failed,1,1,0.0017289790048380382,3.774193525314331,3774.0,0,10.0,0.004190886000287719,nan,10,0,1,1.0,0.020092302933335304,0.17368212342262268,0.04401897266507149,-0.002324553206562996,0.0017368817934766412,-0.0008355824975296855,-0.13473905622959137,0.12765133380889893,-0.04582534357905388,-0.0306454636156559,-0.01697123795747757,-0.016313334926962852,-0.02163717977914262,-0.009861166094735023,-0.027313839714069765,0.020092302933335304,0.17368212342262268,0.04401897266507149,-0.027313839714069765,0.0,0.0,0.0,0.0,0.0,0.0,-0.0019383057160382684,0.0016910324051716509,-0.0008207722797568317,0.0,0.0,0.0,-0.02163717977914262,-0.009861166094735023,-0.027313839714069765,0.0,0.0,0.0,0.0,0.0,0.0,zero,0.0,0.0,0.0,0.0,-0.0019383057160382684,0.0016910324051716509,-0.0008207722797568317,0.030138915524781026,0.01366662510993486,0.0010091693514034657,1,0.002146005630493164
0.7804279230040265,1788362950.9846585,control,preflight_voltage_failed,1,1,0.002333055999770295,3.774193525314331,3774.0,0,10.0,0.003095443003985565,nan,10,0,1,1.0,0.020090436562895775,0.17367109656333923,0.04400772601366043,-0.001895357621833682,0.0011784940725192428,-0.0008836833876557648,-0.09957810491323471,0.09143569320440292,-0.037580739706754684,-0.016339432448148727,-0.017599502578377724,0.004998719319701195,-0.021219307799083625,-0.01005111321981271,-0.026366295010903453,0.020090436562895775,0.17367109656333923,0.04400772601366043,-0.026366295010903453,0.0,0.0,0.0,0.0,0.0,0.0,-0.0018469243254314923,0.0016809256853957907,-0.0008185456984236822,0.0,0.0,0.0,-0.021219307799083625,-0.01005111321981271,-0.026366295010903453,0.0,0.0,0.0,0.0,0.0,0.0,zero,0.0,0.0,0.0,0.0,-0.0018469243254314923,0.0016809256853957907,-0.0008185456984236822,0.008742132886608198,-0.0009668739635236977,0.00021300912327975536,1,0.0027909278869628906
0.791563935999875,1788362950.9958425,control,preflight_voltage_failed,1,1,0.013469068995618727,3.774193525314331,3774.0,0,10.0,0.00205646099493606,nan,10,0,1,1.0,0.020090436562895775,0.17367109656333923,0.04400772601366043,-0.001895357621833682,0.0011784940725192428,-0.0008836833876557648,-0.09957810491323471,0.09143569320440292,-0.037580739706754684,-0.016339432448148727,-0.017599502578377724,0.004998719319701195,-0.021219307799083625,-0.01005111321981271,-0.026366295010903453,0.020090436562895775,0.17367109656333923,0.04400772601366043,-0.026366295010903453,0.0,0.0,0.0,0.0,0.0,0.0,-0.0018469243254314923,0.0016809256853957907,-0.0008185456984236822,0.0,0.0,0.0,-0.021219307799083625,-0.01005111321981271,-0.026366295010903453,0.0,0.0,0.0,0.0,0.0,0.0,zero,0.0,0.0,0.0,0.0,-0.0018469243254314923,0.0016809256853957907,-0.0008185456984236822,0.008742132886608198,-0.0009668739635236977,0.00021300912327975536,1,0.013974905014038086
0.8026839920057682,1788362951.0069551,control,preflight_voltage_failed,1,1,0.005150594006408937,3.774193525314331,3774.0,0,10.0,0.0010587020005914383,nan,10,0,1,1.0,0.02009344846010208,0.17366237938404083,0.04401508718729019,-0.0010125830303877592,0.0008294304134324193,-0.0011928932508453727,-0.037105027586221695,0.05717349424958229,-0.05567259341478348,-0.017452837899327278,-0.0005096837412565947,-0.008629863150417805,-0.021690996215382216,-0.009058815834885808,-0.027294089446269133,0.02009344846010208,0.17366237938404083,0.04401508718729019,-0.027294089446269133,0.0,0.0,0.0,0.0,0.0,0.0,-0.0018052676675184439,0.001414432952990936,-0.0007673367479875175,0.0,0.0,0.0,-0.021690996215382216,-0.009058815834885808,-0.027294089446269133,0.0,0.0,0.0,0.0,0.0,0.0,zero,0.0,0.0,0.0,0.0,-0.0018052676675184439,0.001414432952990936,-0.0007673367479875175,0.005300516576922896,-0.027397072050010518,0.005221073239495338,1,0.0056040287017822266
0.813758771000721,1788362951.017979,control,preflight_voltage_failed,1,1,0.005683306000719313,3.774193525314331,3774.0,0,10.0,0.00023381699429592118,nan,10,0,1,1.0,0.020094970241189003,0.1736886352300644,0.04403430595993996,-0.0007809504750184715,0.0011658919975161552,-0.000586605747230351,-0.025252243503928185,0.05217624828219414,-0.03293810039758682,-0.01600630208849907,0.0002224328345619142,-0.005221082828938961,-0.021798619286671924,-0.009023973985983551,-0.027206868350939162,0.020094970241189003,0.1736886352300644,0.04403430595993996,-0.027206868350939162,0.0,0.0,0.0,0.0,0.0,0.0,-0.0016789665567592516,0.0012654074385385107,-0.0007629960631411604,0.0,0.0,0.0,-0.021798619286671924,-0.009023973985983551,-0.027206868350939162,0.0,0.0,0.0,0.0,0.0,0.0,zero,0.0,0.0,0.0,0.0,-0.0016789665567592516,0.0012654074385385107,-0.0007629960631411604,0.012082227256510964,-0.014256091033638155,0.00041523895116466673,1,0.006174325942993164
0.8248551370052155,1788362951.0290592,control,preflight_voltage_failed,1,1,0.002106054002069868,3.774193525314331,3774.0,0,10.0,0.011330182998790406,nan,10,0,1,1.0,0.02009735256433487,0.17370060086250305,0.04399636387825012,-0.0005924933939240873,0.0010947802802547812,-0.0009831851348280907,-0.017649266868829727,0.04077783599495888,-0.03172188997268677,-0.013312458992004395,-0.0011882925173267722,-0.002425719052553177,-0.021837274720611262,-0.009122000488646384,-0.02707540322856055,0.02009735256433487,0.17370060086250305,0.04399636387825012,-0.02707540322856055,0.0,0.0,0.0,0.0,0.0,0.0,-0.0013752857537497293,0.0011482152244246826,-0.0007824542382263515,0.0,0.0,0.0,-0.021837274720611262,-0.009122000488646384,-0.02707540322856055,0.0,0.0,0.0,0.0,0.0,0.0,zero,0.0,0.0,0.0,0.0,-0.0013752857537497293,0.0011482152244246826,-0.0007824542382263515,0.020565918668034547,-0.007936509387840053,-0.001317749565545862,1,0.002488374710083008
0.8359869580017403,1788362951.0402365,control,preflight_voltage_failed,1,1,0.00844638999842573,3.774193525314331,3774.0,0,10.0,0.009883965001790784,nan,10,0,1,1.0,0.020090997219085693,0.17368187010288239,0.04399785399436951,-0.0007371124811470509,0.0001003516954369843,-0.0007248558104038239,-0.020106790587306023,-0.008548084646463394,-0.014682414941489697,-0.023802848532795906,-0.0023222859017550945,-0.005179808009415865,-0.022154261239756157,-0.009156843911851308,-0.027152899552291467,0.020090997219085693,0.17368187010288239,0.04399785399436951,-0.027152899552291467,0.0,0.0,0.0,0.0,0.0,0.0,-0.001123039652016919,0.0010503117376737794,-0.0007983107857076718,0.0,0.0,0.0,-0.022154261239756157,-0.009156843911851308,-0.027152899552291467,0.0,0.0,0.0,0.0,0.0,0.0,zero,0.0,0.0,0.0,0.0,-0.001123039652016919,0.0010503117376737794,-0.0007983107857076718,0.05221581450411279,-0.020266359988809594,-0.003282360108927616,1,0.0088348388671875
0.8471054110050318,1788362951.0513535,control,preflight_voltage_failed,1,1,0.009000934005598538,3.774193525314331,3774.0,0,10.0,0.0072444940014975145,nan,10,0,1,1.0,0.020076898857951164,0.17367297410964966,0.04402025789022446,-0.0008651738753542304,-9.354754001833498e-05,-0.0001421095512341708,-0.01858776994049549,-0.01062728464603424,-0.00035899411886930466,-0.02058268152177334,-0.02088952623307705,-0.00043345894664525986,-0.022235133251723643,-0.01012636959042667,-0.026941435138796595,0.020076898857951164,0.17367297410964966,0.04402025789022446,-0.026941435138796595,0.0,0.0,0.0,0.0,0.0,0.0,-0.0009300570731681005,0.0008842245398858563,-0.0007831549255539747,0.0,0.0,0.0,-0.022235133251723643,-0.01012636959042667,-0.026941435138796595,0.0,0.0,0.0,0.0,0.0,0.0,zero,0.0,0.0,0.0,0.0,-0.0009300570731681005,0.0008842245398858563,-0.0007831549255539747,0.01885459125077835,-0.016226885581893252,0.0014807427175889168,1,0.009716510772705078
0.8582309220000752,1788362951.0628755,control,preflight_voltage_failed,1,1,0.009900252996885683,3.774193525314331,3774.0,0,10.0,0.006152834997919854,nan,10,0,1,1.0,0.020070288330316544,0.17365975677967072,0.04403018206357956,-0.0008179292199201882,-0.00032634742092341185,7.515706965932623e-05,-0.013971208594739437,-0.012931721284985542,0.0038471189327538013,-0.007390860468149185,-0.004068859852850437,0.0004888919647783041,-0.021758495423928697,-0.00946116188566382,-0.026912141326422886,0.020070288330316544,0.17365975677967072,0.04403018206357956,-0.026912141326422886,0.0,0.0,0.0,0.0,0.0,0.0,-0.0008122610002169509,0.0006401816145766843,-0.0006875435299147821,0.0,0.0,0.0,-0.021758495423928697,-0.00946116188566382,-0.026912141326422886,0.0,0.0,0.0,0.0,0.0,0.0,zero,0.0,0.0,0.0,0.0,-0.0008122610002169509,0.0006401816145766843,-0.0006875435299147821,0.0112075251783708,-0.023219086693493356,0.009096798366188373,1,0.010728120803833008
0.8693123390039545,1788362951.0735424,control,preflight_voltage_failed,1,1,0.002414184004010167,3.774193525314331,3774.0,0,10.0,0.005551100002776366,nan,10,0,1,1.0,0.020102525129914284,0.17366531491279602,0.04403429105877876,-0.0003060748567804694,-0.00020103095448575914,0.0001045169701683335,-0.0056471754796803,-0.008991527371108532,0.003394883358851075,-0.006551190745085478,0.007198109291493893,0.0009043302270583808,-0.02181783564545486,-0.0084927772622332,-0.026885725893522693,0.020102525129914284,0.17366531491279602,0.04403429105877876,-0.026885725893522693,0.0,0.0,0.0,0.0,0.0,0.0,-0.0007287095352331685,0.00019865588979500265,-0.0003604345174863382,0.0,0.0,0.0,-0.02181783564545486,-0.0084927772622332,-0.026885725893522693,0.0,0.0,0.0,0.0,0.0,0.0,zero,0.0,0.0,0.0,0.0,-0.0007287095352331685,0.00019865588979500265,-0.0003604345174863382,0.004513190858584106,-0.02384984949457432,0.01766941375521162,1,0.002882242202758789
0.880415637002443,1788362951.0846508,control,preflight_voltage_failed,1,1,0.008604321999882814,3.774193525314331,3774.0,0,10.0,0.0011023970000678673,nan,10,0,1,1.0,0.020066915079951286,0.17371141910552979,0.04399556294083595,-0.0016888496465981007,0.0017087031155824661,-0.0014868141151964664,-0.060589347034692764,0.0702466145157814,-0.06181266903877258,-0.0312613919377327,-0.02893231436610222,0.0027081002481281757,-0.02246012516550994,-0.009346988277103672,-0.026817854574212003,0.020066915079951286,0.17371141910552979,0.04399556294083595,-0.026817854574212003,0.0,0.0,0.0,0.0,0.0,0.0,-0.0006693061253278007,-0.00012434066204885028,-0.00011730816490538936,0.0,0.0,0.0,-0.02246012516550994,-0.009346988277103672,-0.026817854574212003,0.0,0.0,0.0,0.0,0.0,0.0,zero,0.0,0.0,0.0,0.0,-0.0006693061253278007,-0.00012434066204885028,-0.00011730816490538936,0.012044083713429864,-0.06548778118552133,0.04929404133686296,1,0.009058475494384766
0.8915198050017352,1788362951.0957365,control,preflight_voltage_failed,1,1,0.009851148999587167,3.774193525314331,3774.0,0,10.0,0.00021785999706480652,nan,10,0,1,1.0,0.02007860317826271,0.17366012930870056,0.04401690885424614,-0.0011133248917758465,0.00032364472281187773,-0.0007552407332696021,-0.036764368414878845,0.028022954240441322,-0.03456874564290047,-0.007495194673538208,-0.020671894773840904,-0.010783378034830093,-0.021593196248868986,-0.009239418685587713,-0.027457023685056554,0.02007860317826271,0.17366012930870056,0.04401690885424614,-0.027457023685056554,0.0,0.0,0.0,0.0,0.0,0.0,-0.0007123287155420947,-0.00015631588811770383,-9.736176768176827e-05,0.0,0.0,0.0,-0.021593196248868986,-0.009239418685587713,-0.027457023685056554,0.0,0.0,0.0,0.0,0.0,0.0,zero,0.0,0.0,0.0,0.0,-0.0007123287155420947,-0.00015631588811770383,-9.736176768176827e-05,-0.004375708000343706,-0.0032521113169935436,0.002028692588584176,1,0.010312080383300781
0.9026293060014723,1788362951.1068285,control,preflight_voltage_failed,1,1,0.004739653995784465,3.774193525314331,3774.0,0,10.0,8.398299542022869e-05,nan,10,0,1,1.0,0.020100560039281845,0.17369697988033295,0.04403112083673477,0.0009470112854614854,0.0014823605306446552,0.002409333363175392,0.11517833173274994,0.08586025983095169,0.22927570343017578,0.056809745728969574,0.00775487907230854,-0.013738665729761124,-0.021262353622298467,-0.009409796733803807,-0.02728684073854707,0.020100560039281845,0.17369697988033295,0.04403112083673477,-0.02728684073854707,0.0,0.0,0.0,0.0,0.0,0.0,-0.0009624023883108215,0.00022904382762428015,-0.0004882584151988009,0.0,0.0,0.0,-0.021262353622298467,-0.009409796733803807,-0.02728684073854707,0.0,0.0,0.0,0.0,0.0,0.0,zero,0.0,0.0,0.0,0.0,-0.0009624023883108215,0.00022904382762428015,-0.0004882584151988009,-0.04125705146488556,0.06687894698398067,-0.06543618545091553,1,0.005270719528198242
0.913836204999825,1788362951.1180549,control,preflight_voltage_failed,1,1,0.003890619998855982,3.774193525314331,3774.0,0,10.0,0.010436783995828591,nan,10,0,1,1.0,0.02013341896235943,0.17363029718399048,0.04401635751128197,0.0013007033849135041,8.375267498195171e-05,0.0016834575217217207,0.09798850864171982,0.04557193070650101,0.17142324149608612,0.03714043274521828,-0.0052922810427844524,-0.009073247201740742,-0.021766252595468893,-0.010102695351597971,-0.02715587310839031,0.02013341896235943,0.17363029718399048,0.04401635751128197,-0.02715587310839031,0.0,0.0,0.0,0.0,0.0,0.0,-0.0007024764919850701,0.00045409407385217177,-0.00019504295813165613,0.0,0.0,0.0,-0.021766252595468893,-0.010102695351597971,-0.02715587310839031,0.0,0.0,0.0,0.0,0.0,0.0,zero,0.0,0.0,0.0,0.0,-0.0007024764919850701,0.00045409407385217177,-0.00019504295813165613,0.02147770344095123,0.018595924900603442,0.024228423255290652,1,0.004395008087158203
0.9249736620040494,1788362951.1291864,control,preflight_voltage_failed,1,1,0.00409634400421055,3.774193525314331,3774.0,0,10.0,0.009048391002579592,nan,10,0,1,1.0,0.02009776420891285,0.17365457117557526,0.04404411464929581,0.0003913007094524801,0.0005090240156278014,0.0018522150348871946,0.06183086335659027,0.04420160502195358,0.14021161198616028,0.02142728492617607,0.015541600994765759,0.0006300965324044228,-0.022225145675341246,-0.009007447232757966,-0.026746629531058403,0.02009776420891285,0.17365457117557526,0.04404411464929581,-0.026746629531058403,0.0,0.0,0.0,0.0,0.0,0.0,-0.00028045427936831594,0.0005826192155172002,0.0003152398353255595,0.0,0.0,0.0,-0.022225145675341246,-0.009007447232757966,-0.026746629531058403,0.0,0.0,0.0,0.0,0.0,0.0,zero,0.0,0.0,0.0,0.0,-0.00028045427936831594,0.0005826192155172002,0.0003152398353255595,0.03843007934145251,0.011703723746986435,0.04646724189597858,1,0.004544973373413086
0.9359629610044067,1788362951.140161,control,preflight_voltage_failed,1,1,0.00822328899812419,3.774193525314331,3774.0,0,10.0,0.00788565800030483,nan,10,0,1,1.0,0.02007162943482399,0.17369428277015686,0.04403521120548248,-0.00044713745592162013,0.0015623040962964296,0.0012227990664541721,0.025077175348997116,0.06599787622690201,0.09386156499385834,0.01506863534450531,0.0175909623503685,-0.009237263351678848,-0.022293396936245668,-0.008837624363948485,-0.02708541048128861,0.02007162943482399,0.17369428277015686,0.04403521120548248,-0.02708541048128861,0.0,0.0,0.0,0.0,0.0,0.0,4.642988303012402e-05,0.0006726804662084975,0.0007482550302171583,0.0,0.0,0.0,-0.022293396936245668,-0.008837624363948485,-0.02708541048128861,0.0,0.0,0.0,0.0,0.0,0.0,zero,0.0,0.0,0.0,0.0,4.642988303012402e-05,0.0006726804662084975,0.0007482550302171583,0.0475399289141618,0.013097928710801364,0.06297494327304481,1,0.008643627166748047
0.9471911650034599,1788362951.1514888,control,preflight_voltage_failed,1,1,0.007989751000422984,3.774193525314331,3774.0,0,10.0,0.00574937800411135,nan,10,0,1,1.0,0.020114362239837646,0.1736956387758255,0.04396243020892143,0.00039408940938301384,0.0012736995704472065,-0.0003021988086402416,0.03486146777868271,0.04772087186574936,0.0482599213719368,0.022497225552797318,-0.0011821342632174492,-0.00736225163564086,-0.021700039169625988,-0.00970447991304458,-0.027064772712442602,0.020114362239837646,0.1736956387758255,0.04396243020892143,-0.027064772712442602,0.0,0.0,0.0,0.0,0.0,0.0,0.0001943273027285845,0.0008184655602564168,0.0010078416758137595,0.0,0.0,0.0,-0.021700039169625988,-0.00970447991304458,-0.027064772712442602,0.0,0.0,0.0,0.0,0.0,0.0,zero,0.0,0.0,0.0,0.0,0.0001943273027285845,0.0008184655602564168,0.0010078416758137595,0.01300966274550001,0.012823853930320957,0.022834304474904723,1,0.008603096008300781
0.958230750002258,1788362951.162426,control,preflight_voltage_failed,1,1,0.0005112989965709858,3.774193525314331,3774.0,0,10.0,0.004861663997871801,nan,10,0,1,1.0,0.020106159150600433,0.17366907000541687,0.044031888246536255,-0.0005937234964221716,0.0007348440121859312,0.0019417469156906009,-0.04941941052675247,0.030793998390436172,0.15619894862174988,-0.011090840213000774,-0.05440787598490715,0.001623331569135189,-0.022106604585625352,-0.010081731802528299,-0.026983130732536314,0.020106159150600433,0.17366907000541687,0.044031888246536255,-0.026983130732536314,0.0,0.0,0.0,0.0,0.0,0.0,0.00028430126248290524,0.0011370215519117505,0.0007318093054901547,0.0,0.0,0.0,-0.022106604585625352,-0.010081731802528299,-0.026983130732536314,0.0,0.0,0.0,0.0,0.0,0.0,zero,0.0,0.0,0.0,0.0,0.00028430126248290524,0.0011370215519117505,0.0007318093054901547,0.015144936359422819,0.05422817000114886,-0.04806584521825725,1,0.0010254383087158203
0.9693788549993769,1788362951.173764,control,preflight_voltage_failed,1,1,0.01165940399368992,3.774193525314331,3774.0,0,10.0,0.0038644169981125742,nan,10,0,1,1.0,0.020106159150600433,0.17366907000541687,0.044031888246536255,-0.0005937234964221716,0.0007348440121859312,0.0019417469156906009,-0.04941941052675247,0.030793998390436172,0.15619894862174988,-0.011090840213000774,-0.05440787598490715,0.001623331569135189,-0.022106604585625352,-0.010081731802528299,-0.026983130732536314,0.020106159150600433,0.17366907000541687,0.044031888246536255,-0.026983130732536314,0.0,0.0,0.0,0.0,0.0,0.0,0.00028430126248290524,0.0011370215519117505,0.0007318093054901547,0.0,0.0,0.0,-0.022106604585625352,-0.010081731802528299,-0.026983130732536314,0.0,0.0,0.0,0.0,0.0,0.0,zero,0.0,0.0,0.0,0.0,0.00028430126248290524,0.0011370215519117505,0.0007318093054901547,0.015144936359422819,0.05422817000114886,-0.04806584521825725,1,0.012363433837890625
0.9804489279995323,1788362951.18471,control,preflight_voltage_failed,1,1,0.009538182996038813,3.774193525314331,3774.0,0,10.0,0.0029240529984235764,nan,10,0,1,1.0,0.02009633183479309,0.17367935180664062,0.0439901277422905,-0.0006235177279449999,0.0007432836573570967,0.0009221914224326611,-0.039985865354537964,0.02476276457309723,0.10954868048429489,-0.004543026443570852,-0.03272196650505066,0.0026299413293600082,-0.02182085834092576,-0.009365155477991688,-0.026910769936280186,0.02009633183479309,0.17367935180664062,0.0439901277422905,-0.026910769936280186,0.0,0.0,0.0,0.0,0.0,0.0,0.0001487563970857531,0.0011007580497554676,0.0008076618611147592,0.0,0.0,0.0,-0.02182085834092576,-0.009365155477991688,-0.026910769936280186,0.0,0.0,0.0,0.0,0.0,0.0,zero,0.0,0.0,0.0,0.0,0.0001487563970857531,0.0011007580497554676,0.0008076618611147592,-0.010244091952983706,-0.002740691427430415,0.005732718479674601,1,0.010077953338623047
0.9916859600052703,1788362951.1959567,control,preflight_voltage_failed,1,1,0.00350084800447803,3.774193525314331,3774.0,0,10.0,0.0017962760030059144,nan,10,0,1,1.0,0.020096080377697945,0.1736876517534256,0.04400182515382767,0.0015742674004286528,0.009873012080788612,0.0001553583424538374,0.3446653485298157,1.653469204902649,-0.05798020958900452,-0.21855078637599945,-0.03951694816350937,0.024281907826662064,-0.022580191906818547,-0.009945712550824522,-0.026984375861297812,0.020096080377697945,0.1736876517534256,0.04400182515382767,-0.026984375861297812,0.0,0.0,0.0,0.0,0.0,0.0,-0.0004356931486274465,0.000728415058810725,0.0010949906977567414,0.0,0.0,0.0,-0.022580191906818547,-0.009945712550824522,-0.026984375861297812,0.0,0.0,0.0,0.0,0.0,0.0,zero,0.0,0.0,0.0,0.0,-0.0004356931486274465,0.000728415058810725,0.0010949906977567414,-0.23321646733354023,-0.146613217395493,0.11442941307072935,1,0.004096508026123047
1.002806396005326,1788362951.2070265,control,preflight_voltage_failed,1,1,0.00040532600542064756,3.774193525314331,3774.0,0,10.0,0.0007613590059918351,nan,10,0,1,1.0,0.020113332197070122,0.1737031489610672,0.04401266202330589,0.0015008598566055298,0.008115299046039581,0.0002759528870228678,0.2747049033641815,1.2981754541397095,-0.044696398079395294,-0.15830864012241364,-0.03447187319397926,0.018618160858750343,-0.021398411512116692,-0.010151163967703788,-0.02703756246596557,0.020113332197070122,0.1737031489610672,0.04401266202330589,-0.02703756246596557,0.0,0.0,0.0,0.0,0.0,0.0,-0.00016485931010690205,0.0023360593588961044,0.0009585339266925479,0.0,0.0,0.0,-0.021398411512116692,-0.010151163967703788,-0.02703756246596557,0.0,0.0,0.0,0.0,0.0,0.0,zero,0.0,0.0,0.0,0.0,-0.00016485931010690205,0.0023360593588961044,0.0009585339266925479,0.018951925328118152,0.11249685377509312,-0.009548727551371077,1,0.0008757114410400391
1.0137573110041558,1788362951.21799,control,preflight_voltage_failed,1,1,0.011356241004250478,3.774193525314331,3774.0,0,10.0,0.0002746989994193427,nan,10,0,1,1.0,0.020113332197070122,0.1737031489610672,0.04401266202330589,0.0015008598566055298,0.008115299046039581,0.0002759528870228678,0.2747049033641815,1.2981754541397095,-0.044696398079395294,-0.15830864012241364,-0.03447187319397926,0.018618160858750343,-0.021398411512116692,-0.010151163967703788,-0.02703756246596557,0.020113332197070122,0.1737031489610672,0.04401266202330589,-0.02703756246596557,0.0,0.0,0.0,0.0,0.0,0.0,-0.00016485931010690205,0.0023360593588961044,0.0009585339266925479,0.0,0.0,0.0,-0.021398411512116692,-0.010151163967703788,-0.02703756246596557,0.0,0.0,0.0,0.0,0.0,0.0,zero,0.0,0.0,0.0,0.0,-0.00016485931010690205,0.0023360593588961044,0.0009585339266925479,0.018951925328118152,0.11249685377509312,-0.009548727551371077,1,0.011839151382446289
1.0250265930008027,1788362951.229276,control,preflight_voltage_failed,1,1,0.006547971999680158,3.774193525314331,3774.0,0,10.0,0.010682322994398419,nan,10,0,1,1.0,0.020108258351683617,0.1736658811569214,0.044040221720933914,-0.0013011404080316424,0.006195311434566975,0.004379055928438902,-0.4055078625679016,0.8706886768341064,0.8808247447013855,-0.07601509988307953,0.21228042244911194,0.20144659280776978,-0.02177284883339795,-0.009114409888293859,-0.02626029265287971,0.020108258351683617,0.1736658811569214,0.044040221720933914,-0.02626029265287971,0.0,0.0,0.0,0.0,0.0,0.0,0.0009859687402987286,0.00685436812320607,0.00045160411742017556,0.0,0.0,0.0,-0.02177284883339795,-0.009114409888293859,-0.02626029265287971,0.0,0.0,0.0,0.0,0.0,0.0,zero,0.0,0.0,0.0,0.0,0.0009859687402987286,0.00685436812320607,0.00045160411742017556,0.6291985036005806,2.4710634622349565,-0.2765096588909489,1,0.007066011428833008
1.0361088100034976,1788362951.240353,control,preflight_voltage_failed,1,1,0.0034528890028013848,3.774193525314331,3774.0,0,10.0,0.009345022001070902,nan,10,0,1,1.0,0.020105436444282532,0.17369846999645233,0.04401865974068642,-0.0010808168444782495,0.005417086649686098,0.0031983377411961555,-0.3212907016277313,0.6855461001396179,0.6879633069038391,-0.056917086243629456,0.16612637042999268,0.15511944890022278,-0.02149351330580691,-0.009385092506740413,-0.026681527177573307,0.020105436444282532,0.17369846999645233,0.04401865974068642,-0.026681527177573307,0.0,0.0,0.0,0.0,0.0,0.0,0.0007974161649921974,0.00752470732693762,0.0010451177414908567,0.0,0.0,0.0,-0.02149351330580691,-0.009385092506740413,-0.026681527177573307,0.0,0.0,0.0,0.0,0.0,0.0,zero,0.0,0.0,0.0,0.0,0.0007974161649921974,0.00752470732693762,0.0010451177414908567,-0.013332773970235433,0.047400472108167335,0.041968045173210504,1,0.004001140594482422
1.0472383470041677,1788362951.251434,control,preflight_voltage_failed,1,1,0.00950669700250728,3.774193525314331,3774.0,0,10.0,0.00828116499906173,nan,10,0,1,1.0,0.02010413631796837,0.17370101809501648,0.04399137943983078,-0.0009158576722256839,0.004434023518115282,0.0014842633390799165,-0.2505358159542084,0.509719967842102,0.48286354541778564,-0.08117887377738953,0.14247316122055054,0.11477801948785782,-0.022396338814565053,-0.009147298381662478,-0.026923397856407905,0.02010413631796837,0.17370101809501648,0.04399137943983078,-0.026923397856407905,0.0,0.0,0.0,0.0,0.0,0.0,0.0005786643127547597,0.007920782829715724,0.0015646472366658728,0.0,0.0,0.0,-0.022396338814565053,-0.009147298381662478,-0.026923397856407905,0.0,0.0,0.0,0.0,0.0,0.0,zero,0.0,0.0,0.0,0.0,0.0005786643127547597,0.007920782829715724,0.0015646472366658728,-0.04307769232578497,0.07799713909593015,0.10230830741962303,1,0.010004043579101562
1.0582942180044483,1788362951.2624905,control,preflight_voltage_failed,1,1,0.010627839998051059,3.774193525314331,3774.0,0,10.0,0.007090611004969105,nan,10,0,1,1.0,0.02008916810154915,0.17366021871566772,0.044014040380716324,-0.001033975277096033,0.002725984901189804,0.0016435434808954597,-0.20280618965625763,0.37339556217193604,0.38949692249298096,-0.08341557532548904,0.09690796583890915,0.06909938156604767,-0.023303431748920137,-0.010020945531695413,-0.028032670488663983,0.02008916810154915,0.17366021871566772,0.044014040380716324,-0.028032670488663983,0.0,0.0,0.0,0.0,0.0,0.0,0.00023424295332271012,0.0076037629609227945,0.0019009653736555125,0.0,0.0,0.0,-0.023303431748920137,-0.010020945531695413,-0.028032670488663983,0.0,0.0,0.0,0.0,0.0,0.0,zero,0.0,0.0,0.0,0.0,0.00023424295332271012,0.0076037629609227945,0.0019009653736555125,-0.03466365652192641,-0.031905883713441184,0.03384812254944675,1,0.011124372482299805
1.0693439280003076,1788362951.273602,control,preflight_voltage_failed,1,1,0.0065444449937785976,3.774193525314331,3774.0,0,10.0,0.006199200994160492,nan,10,0,1,1.0,0.020078880712389946,0.17367804050445557,0.04397360607981682,-0.0009625950478948653,0.002415379509329796,0.0007825904758647084,-0.16130536794662476,0.2946279048919678,0.3002646565437317,-0.05430366471409798,0.08265085518360138,0.07065939903259277,-0.0223705985871052,-0.00960506238691713,-0.026873404584185395,0.020078880712389946,0.17367804050445557,0.04397360607981682,-0.026873404584185395,0.0,0.0,0.0,0.0,0.0,0.0,-0.0002655186012552389,0.006125283126503086,0.0018790570420121212,0.0,0.0,0.0,-0.0223705985871052,-0.00960506238691713,-0.026873404584185395,0.0,0.0,0.0,0.0,0.0,0.0,zero,0.0,0.0,0.0,0.0,-0.0002655186012552389,0.006125283126503086,0.0018790570420121212,-0.03289216494182322,-0.09730721007133317,-0.0014419125509227142,1,0.00704193115234375
1.0804666730036843,1788362951.284903,control,preflight_voltage_failed,1,1,0.00203727599728154,3.774193525314331,3774.0,0,10.0,0.005020242999307811,nan,10,0,1,1.0,0.020104946568608284,0.17370019853115082,0.044017136096954346,0.00591512955725193,0.00526290712878108,-0.007774634752422571,1.7239749431610107,1.0650908946990967,-2.3850173950195312,-0.13808071613311768,-0.023507989943027496,0.07505065202713013,-0.022369487045380897,-0.008709236110987251,-0.027183288204175572,0.020104946568608284,0.17370019853115082,0.044017136096954346,-0.027183288204175572,0.0,0.0,0.0,0.0,0.0,0.0,-0.0010254996512321344,0.0028682280197652784,0.0014847437031969097,0.0,0.0,0.0,-0.022369487045380897,-0.008709236110987251,-0.027183288204175572,0.0,0.0,0.0,0.0,0.0,0.0,zero,0.0,0.0,0.0,0.0,-0.0010254996512321344,0.0028682280197652784,0.0014847437031969097,-0.5074462177783712,-2.1804471886217454,-0.2656801572719011,1,0.0027267932891845703
1.0916525070060743,1788362951.2959154,control,preflight_voltage_failed,1,1,0.003852634006761946,3.774193525314331,3774.0,0,10.0,0.0037225770065560937,nan,10,0,1,1.0,0.020084699615836143,0.17365902662277222,0.04397299140691757,0.004297453910112381,0.0033264721278101206,-0.00716737937182188,1.3444526195526123,0.8105024695396423,-1.8949776887893677,-0.10079736262559891,-0.03240695968270302,0.057773906737565994,-0.02191833969616297,-0.009344962944670108,-0.027274823895103554,0.020084699615836143,0.17365902662277222,0.04397299140691757,-0.027274823895103554,0.0,0.0,0.0,0.0,0.0,0.0,-0.0006038877826117846,0.002118878221349327,0.0005042933812982364,0.0,0.0,0.0,-0.02191833969616297,-0.009344962944670108,-0.027274823895103554,0.0,0.0,0.0,0.0,0.0,0.0,zero,0.0,0.0,0.0,0.0,-0.0006038877826117846,0.002118878221349327,0.0005042933812982364,0.04526038102433538,-0.08044331747063597,-0.10525214883010145,1,0.004423856735229492
1.102644902006432,1788362951.3068674,control,preflight_voltage_failed,1,1,0.005046849000791553,3.774193525314331,3774.0,0,10.0,0.00225068700092379,nan,10,0,1,1.0,0.020114054903388023,0.17365184426307678,0.04397319257259369,0.004034143406897783,0.002515310188755393,-0.005729817785322666,1.0702145099639893,0.6319279670715332,-1.4867864847183228,-0.0795149877667427,-0.031174207106232643,0.04829104244709015,-0.021864069445499058,-0.009601104730338471,-0.027167168361683796,0.020114054903388023,0.17365184426307678,0.04397319257259369,-0.027167168361683796,0.0,0.0,0.0,0.0,0.0,0.0,0.00037101794785604665,0.0019245751777836279,-0.001090424596467728,0.0,0.0,0.0,-0.021864069445499058,-0.009601104730338471,-0.027167168361683796,0.0,0.0,0.0,0.0,0.0,0.0,zero,0.0,0.0,0.0,0.0,0.00037101794785604665,0.0019245751777836279,-0.001090424596467728,0.09899651385847105,-0.01973044505119929,-0.16193516506514213,1,0.005527973175048828
1.1137617109998246,1788362951.3180106,control,preflight_voltage_failed,1,1,0.00621425399731379,3.774193525314331,3774.0,0,10.0,0.0010911629942711443,nan,10,0,1,1.0,0.020045677199959755,0.17366831004619598,0.0439978651702404,0.0018513479735702276,0.00234358967281878,-0.004087366629391909,0.8122471570968628,0.502086877822876,-1.1563780307769775,-0.06657315045595169,-0.03221197426319122,0.043064866214990616,-0.022013452779705383,-0.009957593143204418,-0.026939033960403008,0.020045677199959755,0.17366831004619598,0.0439978651702404,-0.026939033960403008,0.0,0.0,0.0,0.0,0.0,0.0,0.0013574533949348116,0.0019284414062788148,-0.002614425505688205,0.0,0.0,0.0,-0.022013452779705383,-0.009957593143204418,-0.026939033960403008,0.0,0.0,0.0,0.0,0.0,0.0,zero,0.0,0.0,0.0,0.0,0.0013574533949348116,0.0019284414062788148,-0.002614425505688205,0.09924940968225711,0.00038899747264798155,-0.1533361265993495,1,0.00673222541809082
1.1249711490017944,1788362951.3293362,control,preflight_voltage_failed,1,1,0.0024243160005426034,3.774193525314331,3774.0,0,10.0,-0.00021546499920077622,nan,10,0,1,1.0,0.020101062953472137,0.17365077137947083,0.04396472126245499,0.0022206916473805904,0.0016406630165874958,-0.003712492296472192,0.6547299027442932,0.39228272438049316,-0.9200963973999023,-0.06331507116556168,-0.029374992474913597,0.025869794189929962,-0.022760107385464926,-0.010241902241379457,-0.027575531744546935,0.020101062953472137,0.17365077137947083,0.04396472126245499,-0.027575531744546935,0.0,0.0,0.0,0.0,0.0,0.0,0.00207849941344857,0.002012427665983339,-0.003740399877005474,0.0,0.0,0.0,-0.022760107385464926,-0.010241902241379457,-0.027575531744546935,0.0,0.0,0.0,0.0,0.0,0.0,zero,0.0,0.0,0.0,0.0,0.00207849941344857,0.002012427665983339,-0.003740399877005474,0.04814439084382142,0.005607779821126843,-0.07518154018042102,1,0.003081083297729492
1.1359920200047782,1788362951.3402522,control,preflight_voltage_failed,1,1,0.007665026998438407,3.774193525314331,3774.0,0,10.0,0.010805406003782991,nan,10,0,1,1.0,0.020085617899894714,0.17363275587558746,0.043986108154058456,0.0012483606114983559,0.0006964329513721168,-0.002238600980490446,0.4905319809913635,0.28153520822525024,-0.6856727004051208,-0.019648948684334755,0.010084232315421104,0.03712841495871544,-0.0218580059680481,-0.009249380513792428,-0.027117027470367806,0.020085617899894714,0.17363275587558746,0.043986108154058456,-0.027117027470367806,0.0,0.0,0.0,0.0,0.0,0.0,0.0025688564184678836,0.002046691194999974,-0.004506082369514653,0.0,0.0,0.0,-0.0218580059680481,-0.009249380513792428,-0.027117027470367806,0.0,0.0,0.0,0.0,0.0,0.0,zero,0.0,0.0,0.0,0.0,0.0025688564184678836,0.002046691194999974,-0.004506082369514653,0.08382402786030844,0.005857175448670834,-0.13088951504162127,1,0.008147239685058594
1.1471195690028253,1788362951.3514097,control,preflight_voltage_failed,1,1,0.009529312999802642,3.774193525314331,3774.0,0,10.0,0.009742743997776415,nan,10,0,1,1.0,0.020142802968621254,0.1736142784357071,0.044014494866132736,0.002229175064712763,0.00015955587150529027,-0.0011800663778558373,0.4135303795337677,0.213675856590271,-0.5257610082626343,-0.02882641926407814,0.010344854556024075,0.03682320937514305,-0.022470165680243362,-0.009136231313008142,-0.02678852711326835,0.020142802968621254,0.1736142784357071,0.044014494866132736,-0.02678852711326835,0.0,0.0,0.0,0.0,0.0,0.0,0.002737026981444339,0.0019053600432969696,-0.004657536098382541,0.0,0.0,0.0,-0.022470165680243362,-0.009136231313008142,-0.02678852711326835,0.0,0.0,0.0,0.0,0.0,0.0,zero,0.0,0.0,0.0,0.0,0.002737026981444339,0.0019053600432969696,-0.004657536098382541,0.018095858410282432,-0.015207825108712839,-0.01629705689744474,1,0.010011434555053711
1.158201251004357,1788362951.3624206,control,preflight_voltage_failed,1,1,0.0004860800036112778,3.774193525314331,3774.0,0,10.0,0.008561173999623861,nan,10,0,1,1.0,0.020059335976839066,0.17368242144584656,0.04397200047969818,-0.00023353128926828504,0.002297287806868553,-0.0009311841567978263,0.20424523949623108,0.21276450157165527,-0.3141937553882599,0.017278281971812248,0.014231025241315365,0.030949600040912628,-0.02138796919445832,-0.009415503397317802,-0.02683128257109839,0.020059335976839066,0.17368242144584656,0.04397200047969818,-0.02683128257109839,0.0,0.0,0.0,0.0,0.0,0.0,0.002271543850741941,0.0010127798888145555,-0.0031431568044701396,0.0,0.0,0.0,-0.02138796919445832,-0.009415503397317802,-0.02683128257109839,0.0,0.0,0.0,0.0,0.0,0.0,zero,0.0,0.0,0.0,0.0,0.002271543850741941,0.0010127798888145555,-0.0031431568044701396,-0.044037303109127755,-0.07298422118718617,0.13106333185752783,1,0.0009779930114746094
1.1694027080011438,1788362951.3736975,control,preflight_voltage_failed,1,1,0.001572321001731325,3.774193525314331,3774.0,0,10.0,0.0075259779987391084,nan,10,0,1,1.0,0.02009269967675209,0.17366094887256622,0.044030021876096725,0.00047932518646121025,0.0014091021148487926,0.0004135263152420521,0.17762930691242218,0.15247780084609985,-0.22450610995292664,0.006909867282956839,0.01721300184726715,0.01292573381215334,-0.021728634130583978,-0.009136446319811095,-0.027430159643698653,0.02009269967675209,0.17366094887256622,0.044030021876096725,-0.027430159643698653,0.0,0.0,0.0,0.0,0.0,0.0,0.0018502715019299613,0.0008863333929598744,-0.0024203335102944805,0.0,0.0,0.0,-0.021728634130583978,-0.009136446319811095,-0.027430159643698653,0.0,0.0,0.0,0.0,0.0,0.0,zero,0.0,0.0,0.0,0.0,0.0018502715019299613,0.0008863333929598744,-0.0024203335102944805,-0.04206008801979246,-0.012624495199935071,0.07216711816363112,1,0.0022389888763427734
1.180436880000343,1788362951.3846827,control,preflight_voltage_failed,1,1,0.0028764289963874035,3.774193525314331,3774.0,0,10.0,0.006460157994297333,nan,10,0,1,1.0,0.020066261291503906,0.1736869364976883,0.04398846998810768,-0.00015434165834449232,0.0016559143550693989,-0.0005144152091816068,0.1292135864496231,0.12700282037258148,-0.19848079979419708,0.0035696954000741243,0.008461076766252518,0.010661699809134007,-0.021825097648948973,-0.009397046631702021,-0.027408692188547516,0.020066261291503906,0.1736869364976883,0.04398846998810768,-0.027408692188547516,0.0,0.0,0.0,0.0,0.0,0.0,0.0013791102775811727,0.0009322230320024697,-0.0017062265164790899,0.0,0.0,0.0,-0.021825097648948973,-0.009397046631702021,-0.027408692188547516,0.0,0.0,0.0,0.0,0.0,0.0,zero,0.0,0.0,0.0,0.0,0.0013791102775811727,0.0009322230320024697,-0.0017062265164790899,-0.047923984089897696,0.0046676471188988695,0.07263512029750384,1,0.0033926963806152344
1.1916675650063553,1788362951.3961189,control,preflight_voltage_failed,1,1,0.014107114002399612,3.774193525314331,3774.0,0,10.0,0.005603726000117604,nan,10,0,1,1.0,0.020066261291503906,0.1736869364976883,0.04398846998810768,-0.00015434165834449232,0.0016559143550693989,-0.0005144152091816068,0.1292135864496231,0.12700282037258148,-0.19848079979419708,0.0035696954000741243,0.008461076766252518,0.010661699809134007,-0.021825097648948973,-0.009397046631702021,-0.027408692188547516,0.020066261291503906,0.1736869364976883,0.04398846998810768,-0.027408692188547516,0.0,0.0,0.0,0.0,0.0,0.0,0.0013791102775811727,0.0009322230320024697,-0.0017062265164790899,0.0,0.0,0.0,-0.021825097648948973,-0.009397046631702021,-0.027408692188547516,0.0,0.0,0.0,0.0,0.0,0.0,zero,0.0,0.0,0.0,0.0,0.0013791102775811727,0.0009322230320024697,-0.0017062265164790899,-0.047923984089897696,0.0046676471188988695,0.07263512029750384,1,0.014828920364379883
1.2027999630008708,1788362951.4070654,control,preflight_voltage_failed,1,1,0.0252395119969151,3.774193525314331,3774.0,0,10.0,0.0049509899981785566,nan,10,0,1,1.0,0.020066261291503906,0.1736869364976883,0.04398846998810768,-0.00015434165834449232,0.0016559143550693989,-0.0005144152091816068,0.1292135864496231,0.12700282037258148,-0.19848079979419708,0.0035696954000741243,0.008461076766252518,0.010661699809134007,-0.021825097648948973,-0.009397046631702021,-0.027408692188547516,0.020066261291503906,0.1736869364976883,0.04398846998810768,-0.027408692188547516,0.0,0.0,0.0,0.0,0.0,0.0,0.0013791102775811727,0.0009322230320024697,-0.0017062265164790899,0.0,0.0,0.0,-0.021825097648948973,-0.009397046631702021,-0.027408692188547516,0.0,0.0,0.0,0.0,0.0,0.0,zero,0.0,0.0,0.0,0.0,0.0013791102775811727,0.0009322230320024697,-0.0017062265164790899,-0.047923984089897696,0.0046676471188988695,0.07263512029750384,1,0.025775432586669922
1.2137702760010143,1788362951.4180458,control,preflight_voltage_failed,1,1,0.004603486995620187,3.774193525314331,3774.0,0,10.0,0.00374239899974782,nan,10,0,1,1.0,0.02013234980404377,0.17368194460868835,0.043975599110126495,0.003846389940008521,0.001237186836078763,-0.0009660416981205344,0.404155969619751,0.09202101826667786,-0.1334482580423355,-0.07215811312198639,-0.00016440916806459427,0.02929719164967537,-0.02225052872986264,-0.009579908403705463,-0.027057186270077336,0.02013234980404377,0.17368194460868835,0.043975599110126495,-0.027057186270077336,0.0,0.0,0.0,0.0,0.0,0.0,-0.0016047351114879857,0.0020900550782283938,0.001650661022835882,0.0,0.0,0.0,-0.02225052872986264,-0.009579908403705463,-0.027057186270077336,0.0,0.0,0.0,0.0,0.0,0.0,zero,0.0,0.0,0.0,0.0,-0.0016047351114879857,0.0020900550782283938,0.001650661022835882,-0.3918702541793798,0.14409879280217439,0.4418682884048897,1,0.005213499069213867
1.2250242730005994,1788362951.4292383,control,preflight_voltage_failed,1,1,0.00012677599443122745,3.774193525314331,3774.0,0,10.0,0.0027720649959519506,nan,10,0,1,1.0,0.02007467858493328,0.17368121445178986,0.04398251697421074,0.0023490209132432938,0.0009805313311517239,-0.0006854963139630854,0.30442070960998535,0.07037657499313354,-0.10321676731109619,-0.04669225215911865,-0.0031350378412753344,0.023861292749643326,-0.021376893613398996,-0.009817023724634695,-0.027018455096047424,0.02007467858493328,0.17368121445178986,0.04398251697421074,-0.027018455096047424,0.0,0.0,0.0,0.0,0.0,0.0,-0.0004157284516960128,0.0014349859161165764,0.0009950149549856975,0.0,0.0,0.0,-0.021376893613398996,-0.009817023724634695,-0.027018455096047424,0.0,0.0,0.0,0.0,0.0,0.0,zero,0.0,0.0,0.0,0.0,-0.0004157284516960128,0.0014349859161165764,0.0009950149549856975,0.07504861310126425,-0.04134714612153683,-0.04138355969012204,1,0.0005629062652587891
1.2360070740032825,1788362951.4403884,control,preflight_voltage_failed,1,1,0.008347802002390381,3.774193525314331,3774.0,0,10.0,0.001390748999256175,nan,10,0,1,1.0,0.020101800560951233,0.1736668199300766,0.04398752376437187,0.0038271774537861347,-0.00024942157324403524,-0.00018879820709116757,0.34970107674598694,-0.03203670307993889,-0.046899449080228806,-0.0455535426735878,-0.0173422209918499,-0.009956736117601395,-0.021487091354371414,-0.010032182215521669,-0.027418369127686103,0.020101800560951233,0.1736668199300766,0.04398752376437187,-0.027418369127686103,0.0,0.0,0.0,0.0,0.0,0.0,0.0006326081480993143,0.0008744358456086706,0.000421184756880712,0.0,0.0,0.0,-0.021487091354371414,-0.010032182215521669,-0.027418369127686103,0.0,0.0,0.0,0.0,0.0,0.0,zero,0.0,0.0,0.0,0.0,0.0006326081480993143,0.0008744358456086706,0.000421184756880712,0.37665259498611786,-0.20139775594754084,-0.20616911900227286,1,0.008929729461669922
1.2471926460057148,1788362951.451412,control,preflight_voltage_failed,1,1,0.008631572003650945,3.774193525314331,3774.0,0,10.0,0.00036127999919699505,nan,10,0,1,1.0,0.020079363137483597,0.17366927862167358,0.0439947172999382,0.0026491202879697084,-0.00015432218788191676,-1.8750244635157287e-05,0.25809651613235474,-0.023880494758486748,-0.03439239785075188,-0.026894886046648026,-0.005026285536587238,-0.005968800745904446,-0.0209688597563177,-0.009548880635948881,-0.027320031210740222,0.020079363137483597,0.17366927862167358,0.0439947172999382,-0.027320031210740222,0.0,0.0,0.0,0.0,0.0,0.0,0.0015946360492788626,0.00045495267862723395,1.2039052971453326e-05,0.0,0.0,0.0,-0.0209688597563177,-0.009548880635948881,-0.027320031210740222,0.0,0.0,0.0,0.0,0.0,0.0,zero,0.0,0.0,0.0,0.0,0.0015946360492788626,0.00045495267862723395,1.2039052971453326e-05,0.08845856569174579,-0.038571520885737315,-0.03762099007978558,1,0.009077787399291992
1.2583176480038674,1788362951.4625506,control,preflight_voltage_failed,1,1,0.0007577760043204762,3.774193525314331,3774.0,0,10.0,0.011486281997349579,nan,10,0,1,1.0,0.020092330873012543,0.17364001274108887,0.04399894177913666,0.0018726949347183108,-0.000564469606615603,-8.367769623873755e-05,0.14103783667087555,-0.02364235743880272,-0.029142025858163834,-0.05114615336060524,-0.06654338538646698,0.021821340546011925,-0.021370862138647546,-0.010100136674729298,-0.026705373343977584,0.020092330873012543,0.17364001274108887,0.04399894177913666,-0.026705373343977584,0.0,0.0,0.0,0.0,0.0,0.0,0.0029217198260917537,-0.00022231739774711338,-0.00029632964591575254,0.0,0.0,0.0,-0.021370862138647546,-0.010100136674729298,-0.026705373343977584,0.0,0.0,0.0,0.0,0.0,0.0,zero,0.0,0.0,0.0,0.0,0.0029217198260917537,-0.00022231739774711338,-0.00029632964591575254,0.14384342325415747,-0.07546789662159231,-0.032791684403840025,1,0.0012319087982177734
1.2693659350043163,1788362951.473641,control,preflight_voltage_failed,1,1,0.0007141899986891076,3.774193525314331,3774.0,0,10.0,0.010179042001254857,nan,10,0,1,1.0,0.020109033212065697,0.17366309463977814,0.0439981073141098,0.0018006395548582077,-3.3556774724274874e-05,-8.205452468246222e-05,0.11152533441781998,-0.009298921562731266,-0.023284224793314934,-0.05662110447883606,-0.03762076050043106,0.00908266194164753,-0.0222333522487275,-0.009248262093325858,-0.027186495392057315,0.020109033212065697,0.17366309463977814,0.0439981073141098,-0.027186495392057315,0.0,0.0,0.0,0.0,0.0,0.0,0.003045850813609571,-0.00040748376786725073,-0.00031865883683232163,0.0,0.0,0.0,-0.0222333522487275,-0.009248262093325858,-0.027186495392057315,0.0,0.0,0.0,0.0,0.0,0.0,zero,0.0,0.0,0.0,0.0,0.003045850813609571,-0.00040748376786725073,-0.00031865883683232163,0.011241592120523612,-0.016769098908761337,-0.0020221836761698275,1,0.001280069351196289
1.2804460500046844,1788362951.4847229,control,preflight_voltage_failed,1,1,0.011794304999057204,3.774193525314331,3774.0,0,10.0,0.00897989800432697,nan,10,0,1,1.0,0.020109033212065697,0.17366309463977814,0.0439981073141098,0.0018006395548582077,-3.3556774724274874e-05,-8.205452468246222e-05,0.11152533441781998,-0.009298921562731266,-0.023284224793314934,-0.05662110447883606,-0.03762076050043106,0.00908266194164753,-0.0222333522487275,-0.009248262093325858,-0.027186495392057315,0.020109033212065697,0.17366309463977814,0.0439981073141098,-0.027186495392057315,0.0,0.0,0.0,0.0,0.0,0.0,0.003045850813609571,-0.00040748376786725073,-0.00031865883683232163,0.0,0.0,0.0,-0.0222333522487275,-0.009248262093325858,-0.027186495392057315,0.0,0.0,0.0,0.0,0.0,0.0,zero,0.0,0.0,0.0,0.0,0.003045850813609571,-0.00040748376786725073,-0.00031865883683232163,0.011241592120523612,-0.016769098908761337,-0.0020221836761698275,1,0.012362003326416016
1.2916325030018925,1788362951.4958677,control,preflight_voltage_failed,1,1,0.004085911998117808,3.774193525314331,3774.0,0,10.0,0.008327335999638308,nan,10,0,1,1.0,0.02009168639779091,0.17366640269756317,0.04400224983692169,0.00154205656144768,0.0014519909163936973,-0.0005408274009823799,0.10212359577417374,0.14980624616146088,-0.0708898976445198,0.01805805414915085,-0.07588332891464233,0.08281315863132477,-0.021656507868277965,-0.009472794424982578,-0.026866936500705846,0.02009168639779091,0.17366640269756317,0.04400224983692169,-0.026866936500705846,0.0,0.0,0.0,0.0,0.0,0.0,0.002195776576249281,-0.0003903105418907052,-0.0001525768155520529,0.0,0.0,0.0,-0.021656507868277965,-0.009472794424982578,-0.026866936500705846,0.0,0.0,0.0,0.0,0.0,0.0,zero,0.0,0.0,0.0,0.0,0.002195776576249281,-0.0003903105418907052,-0.0001525768155520529,-0.19299644829380844,0.0051868586571286795,0.037447960321669534,1,0.004596233367919922
1.3027333820064086,1788362951.5072355,control,preflight_voltage_failed,1,1,0.005069460006779991,3.774193525314331,3774.0,0,10.0,0.007267224005772732,nan,10,0,1,1.0,0.020097903907299042,0.17367061972618103,0.044003237038850784,0.0013564486289396882,0.00124488421715796,-0.00041316350689157844,0.07803289592266083,0.1157543882727623,-0.05419040098786354,0.01339702308177948,-0.0431998074054718,0.06780778616666794,-0.021710178207893067,-0.008584925231665949,-0.026807327942766614,0.020097903907299042,0.17367061972618103,0.044003237038850784,-0.026807327942766614,0.0,0.0,0.0,0.0,0.0,0.0,0.0018622066596687642,-0.00017808661316839986,-0.00014190305885419604,0.0,0.0,0.0,-0.021710178207893067,-0.008584925231665949,-0.026807327942766614,0.0,0.0,0.0,0.0,0.0,0.0,zero,0.0,0.0,0.0,0.0,0.0018622066596687642,-0.00017808661316839986,-0.00014190305885419604,-0.03294853485136066,0.020962524389131248,0.0010543056405069775,1,0.0058400630950927734
1.3137919940054417,1788362951.5180497,control,preflight_voltage_failed,1,1,0.006308174000878353,3.774193525314331,3774.0,0,10.0,0.006173786001454573,nan,10,0,1,1.0,0.020100237801671028,0.17367038130760193,0.04398205131292343,0.0011326436651870608,0.0009910565568134189,-0.0007615699432790279,0.057872842997312546,0.08743920177221298,-0.05044090375304222,0.02958359569311142,-0.07094411551952362,0.04673980176448822,-0.0207797716568997,-0.0103806584566551,-0.02713821190369169,0.020100237801671028,0.17367038130760193,0.04398205131292343,-0.02713821190369169,0.0,0.0,0.0,0.0,0.0,0.0,0.0016079591237233375,0.00013753002366295462,-0.000191532375258155,0.0,0.0,0.0,-0.0207797716568997,-0.0103806584566551,-0.02713821190369169,0.0,0.0,0.0,0.0,0.0,0.0,zero,0.0,0.0,0.0,0.0,0.0016079591237233375,0.00013753002366295462,-0.000191532375258155,-0.025860063947572495,0.03210204724709114,-0.005047904559264511,1,0.0068225860595703125
1.3248696959999506,1788362951.5290964,control,preflight_voltage_failed,1,1,0.007163875998230651,3.774193525314331,3774.0,0,10.0,0.005019085998355877,nan,10,0,1,1.0,0.020116040483117104,0.17370767891407013,0.04402855411171913,0.001215640571899712,0.0015233899466693401,0.0003015900729224086,0.04792392998933792,0.08037813007831573,-0.0195287074893713,-0.0022170860320329666,-0.018894098699092865,0.04180433601140976,-0.02210299486307445,-0.008443287714102523,-0.026954420583639012,0.020116040483117104,0.17370767891407013,0.04402855411171913,-0.026954420583639012,0.0,0.0,0.0,0.0,0.0,0.0,0.0014126665116700875,0.0004641934173993088,-0.0002507915821745675,0.0,0.0,0.0,-0.02210299486307445,-0.008443287714102523,-0.026954420583639012,0.0,0.0,0.0,0.0,0.0,0.0,zero,0.0,0.0,0.0,0.0,0.0014126665116700875,0.0004641934173993088,-0.0002507915821745675,-0.019128405583704513,0.03199583342678916,-0.005804285848543661,1,0.0076596736907958984
1.3360974640017957,1788362951.5403354,control,preflight_voltage_failed,1,1,0.006174053996801376,3.774193525314331,3774.0,0,10.0,0.0034828339994419366,nan,10,0,1,1.0,0.020096994936466217,0.17366550862789154,0.04401430860161781,0.0006611626595258713,0.0005293270805850625,8.391521987505257e-06,0.02927473746240139,0.04805191606283188,-0.020416071638464928,-0.00018318090587854385,-0.03551935404539108,0.0310989823192358,-0.02200465274770445,-0.009694282042703449,-0.027070281960413497,0.020096994936466217,0.17366550862789154,0.04401430860161781,-0.027070281960413497,0.0,0.0,0.0,0.0,0.0,0.0,0.0012473355693510622,0.0007576389336314189,-0.00023427914086946675,0.0,0.0,0.0,-0.02200465274770445,-0.009694282042703449,-0.027070281960413497,0.0,0.0,0.0,0.0,0.0,0.0,zero,0.0,0.0,0.0,0.0,0.0012473355693510622,0.0007576389336314189,-0.00023427914086946675,-0.013513821426754048,0.023985651138371675,0.0013496940136366153,1,0.0066645145416259766
1.347099213002366,1788362951.5513685,control,preflight_voltage_failed,1,1,0.009363954995933454,3.774193525314331,3774.0,0,10.0,0.0023123009959817864,nan,10,0,1,1.0,0.02009778842329979,0.17365577816963196,0.04402429237961769,0.0005492108757607639,0.00017476073116995394,0.00026188872288912535,0.020558413118124008,0.029379168525338173,-0.009853718802332878,-0.00986739993095398,-0.0018593501299619675,0.03366122394800186,-0.022387919964675918,-0.00864789920071166,-0.02674981652635702,0.02009778842329979,0.17365577816963196,0.04402429237961769,-0.02674981652635702,0.0,0.0,0.0,0.0,0.0,0.0,0.001100669601793368,0.0009315549452376508,-0.00018820843016123848,0.0,0.0,0.0,-0.022387919964675918,-0.00864789920071166,-0.02674981652635702,0.0,0.0,0.0,0.0,0.0,0.0,zero,0.0,0.0,0.0,0.0,0.001100669601793368,0.0009315549452376508,-0.00018820843016123848,-0.018743499524409103,0.022225978767338967,0.005887707684532744,1,0.009872674942016602
1.3583716850043857,1788362951.5626009,control,preflight_voltage_failed,1,1,0.00012420699931681156,3.774193525314331,3774.0,0,10.0,0.0014244359990698285,nan,10,0,1,1.0,0.020051270723342896,0.17368674278259277,0.04398972913622856,-0.0015960547607392073,-0.00014684762572869658,-0.0004391289548948407,-0.06463763117790222,-0.010149406269192696,-0.021629106253385544,-0.0018681222572922707,-0.007867414504289627,0.004586012102663517,-0.02177799270757276,-0.008906468938103495,-0.027566137043777274,0.020051270723342896,0.17368674278259277,0.04398972913622856,-0.027566137043777274,0.0,0.0,0.0,0.0,0.0,0.0,0.0007032031519382814,0.0007836605747621381,-1.4911243862926184e-05,0.0,0.0,0.0,-0.02177799270757276,-0.008906468938103495,-0.027566137043777274,0.0,0.0,0.0,0.0,0.0,0.0,zero,0.0,0.0,0.0,0.0,0.0007032031519382814,0.0007836605747621381,-1.4911243862926184e-05,-0.03404659103654097,-0.013178779756559598,0.012707965643084981,1,0.0005970001220703125
1.3693509310032823,1788362951.573578,control,preflight_voltage_failed,1,1,0.0007814909986336716,3.774193525314331,3774.0,0,10.0,4.88439982291311e-05,nan,10,0,1,1.0,0.020105846226215363,0.17366018891334534,0.04403300583362579,-0.00021371128968894482,-0.0006347483140416443,0.0004917283076792955,-0.024782011285424232,-0.017623845487833023,0.0008298419415950775,-0.0021650695707648993,-0.003960827365517616,0.014161745086312294,-0.021817155310252554,-0.008774988001368472,-0.027030204319564703,0.020105846226215363,0.17366018891334534,0.04403300583362579,-0.027030204319564703,0.0,0.0,0.0,0.0,0.0,0.0,0.0003871245610873239,0.0006225091818792348,5.2417542101434485e-06,0.0,0.0,0.0,-0.021817155310252554,-0.008774988001368472,-0.027030204319564703,0.0,0.0,0.0,0.0,0.0,0.0,zero,0.0,0.0,0.0,0.0,0.0003871245610873239,0.0006225091818792348,5.2417542101434485e-06,-0.03079153868123411,-0.015698941627553892,0.0019632516648442283,1,0.0013089179992675781
1.3804855870039319,1788362951.5848029,control,preflight_voltage_failed,1,1,0.0026829999987967312,3.774193525314331,3774.0,0,10.0,0.011183499998878688,nan,10,0,1,1.0,0.02011835388839245,0.17365987598896027,0.04400161653757095,0.00010238240065518767,-0.0005146375624462962,-0.0002926215820480138,-0.012917470186948776,-0.011474089697003365,-0.01647787354886532,0.014294036664068699,-0.03434095159173012,0.003504338674247265,-0.021080748005823477,-0.010208679117432017,-0.02735759610159231,0.02011835388839245,0.17365987598896027,0.04400161653757095,-0.02735759610159231,0.0,0.0,0.0,0.0,0.0,0.0,9.959213869689204e-05,0.0003929151078732786,2.3872585284574547e-05,0.0,0.0,0.0,-0.021080748005823477,-0.010208679117432017,-0.02735759610159231,0.0,0.0,0.0,0.0,0.0,0.0,zero,0.0,0.0,0.0,0.0,9.959213869689204e-05,0.0003929151078732786,2.3872585284574547e-05,-0.031416843967016904,-0.02508628814388929,0.002035672735530535,1,0.0033817291259765625
1.3915918380007497,1788362951.5958488,control,preflight_voltage_failed,1,1,0.013789250995614566,3.774193525314331,3774.0,0,10.0,0.010146307999093551,nan,10,0,1,1.0,0.02011835388839245,0.17365987598896027,0.04400161653757095,0.00010238240065518767,-0.0005146375624462962,-0.0002926215820480138,-0.012917470186948776,-0.011474089697003365,-0.01647787354886532,0.014294036664068699,-0.03434095159173012,0.003504338674247265,-0.021080748005823477,-0.010208679117432017,-0.02735759610159231,0.02011835388839245,0.17365987598896027,0.04400161653757095,-0.02735759610159231,0.0,0.0,0.0,0.0,0.0,0.0,9.959213869689204e-05,0.0003929151078732786,2.3872585284574547e-05,0.0,0.0,0.0,-0.021080748005823477,-0.010208679117432017,-0.02735759610159231,0.0,0.0,0.0,0.0,0.0,0.0,zero,0.0,0.0,0.0,0.0,9.959213869689204e-05,0.0003929151078732786,2.3872585284574547e-05,-0.031416843967016904,-0.02508628814388929,0.002035672735530535,1,0.014427661895751953
1.402782538003521,1788362951.607304,control,preflight_voltage_failed,1,1,0.0020546899977489375,3.774193525314331,3774.0,0,10.0,0.009658080998633523,nan,10,0,1,1.0,0.02008507028222084,0.17366182804107666,0.04398072138428688,-0.00033378665102645755,-0.0008602234302088618,-0.0008025267743505538,-0.0130101777613163,-0.024817688390612602,-0.025065571069717407,0.0052182599902153015,-0.013479182496666908,0.011358479037880898,-0.022123725378470648,-0.009394762926475259,-0.02668592893486317,0.02008507028222084,0.17366182804107666,0.04398072138428688,-0.02668592893486317,0.0,0.0,0.0,0.0,0.0,0.0,-0.00018567487462604402,-0.00013013373554423066,-3.3989984214221234e-05,0.0,0.0,0.0,-0.022123725378470648,-0.009394762926475259,-0.02668592893486317,0.0,0.0,0.0,0.0,0.0,0.0,zero,0.0,0.0,0.0,0.0,-0.00018567487462604402,-0.00013013373554423066,-3.3989984214221234e-05,-0.013943858288508163,-0.025913072614698242,-0.0052940115407831235,1,0.0028777122497558594
1.4137670030031586,1788362951.6180263,control,preflight_voltage_failed,1,1,0.0037364329982665367,3.774193525314331,3774.0,0,10.0,0.00827740100066876,nan,10,0,1,1.0,0.020101729780435562,0.17367126047611237,0.04400265961885452,9.002620936371386e-05,-0.00048601761227473617,-0.00017182910232804716,-0.0013247523456811905,-0.01183396577835083,-0.006534996442496777,0.015259578824043274,-0.029476765543222427,0.0016225893050432205,-0.021603284104656992,-0.010274365531398377,-0.027015057052821128,0.020101729780435562,0.17367126047611237,0.04400265961885452,-0.027015057052821128,0.0,0.0,0.0,0.0,0.0,0.0,-0.0002566272507426396,-0.00029985982895684504,-0.00011556033689768027,0.0,0.0,0.0,-0.021603284104656992,-0.010274365531398377,-0.027015057052821128,0.0,0.0,0.0,0.0,0.0,0.0,zero,0.0,0.0,0.0,0.0,-0.0002566272507426396,-0.00029985982895684504,-0.00011556033689768027,-0.007603368292165081,-0.01818811529138738,-0.008741207372039933,1,0.004268169403076172
1.4249625459997333,1788362951.6291873,control,preflight_voltage_failed,1,1,0.0029324029965209775,3.774193525314331,3774.0,0,10.0,0.007228147995192558,nan,10,0,1,1.0,0.0200871042907238,0.17368726432323456,0.04401412233710289,-0.00017111646593548357,-0.0001227625471074134,5.309552943799645e-05,-0.005401096306741238,-0.003428338561207056,-0.0014887999277561903,0.012284115888178349,-0.014481007121503353,-0.0033503067679703236,-0.021595771798032116,-0.00973311377064184,-0.02730644378211369,0.0200871042907238,0.17368726432323456,0.04401412233710289,-0.02730644378211369,0.0,0.0,0.0,0.0,0.0,0.0,-0.00025489475857743446,-0.0004183689210705177,-0.00018600628674801198,0.0,0.0,0.0,-0.021595771798032116,-0.00973311377064184,-0.02730644378211369,0.0,0.0,0.0,0.0,0.0,0.0,zero,0.0,0.0,0.0,0.0,-0.00025489475857743446,-0.0004183689210705177,-0.00018600628674801198,0.00014400711094903976,-0.00985063731844522,-0.005855563401526867,1,0.0033986568450927734
1.4360195200060843,1788362951.640291,control,preflight_voltage_failed,1,1,0.00841562999994494,3.774193525314331,3774.0,0,10.0,0.006123557002865709,nan,10,0,1,1.0,0.020087238401174545,0.1736675351858139,0.04403068125247955,-0.00013208053132984787,-0.0008062030537985265,0.0006367039168253541,-0.002920046914368868,-0.02726837806403637,0.019752129912376404,-0.01296618115156889,0.025671590119600296,0.019517729058861732,-0.022236425231244156,-0.008681610167066586,-0.026710742487267316,0.020087238401174545,0.1736675351858139,0.04403068125247955,-0.026710742487267316,0.0,0.0,0.0,0.0,0.0,0.0,-0.00024556199595830036,-0.0005004245051115222,-0.00021902895309994897,0.0,0.0,0.0,-0.022236425231244156,-0.008681610167066586,-0.026710742487267316,0.0,0.0,0.0,0.0,0.0,0.0,zero,0.0,0.0,0.0,0.0,-0.00024556199595830036,-0.0005004245051115222,-0.00021902895309994897,0.0016741988616605207,-0.01471990352703141,-0.005923916922740462,1,0.00892782211303711
1.4470941360050347,1788362951.6513371,control,preflight_voltage_failed,1,1,0.009319949000200722,3.774193525314331,3774.0,0,10.0,0.005047545004345011,nan,10,0,1,1.0,0.0201210156083107,0.17365986108779907,0.04401419684290886,0.0005548669723793864,-0.0007950335857458413,0.0001870016858447343,0.011097589507699013,-0.021596277132630348,0.007007535547018051,-0.023588962852954865,0.024030359461903572,0.01198144257068634,-0.02291061511093123,-0.00850722489798308,-0.026900500174331935,0.0201210156083107,0.17365986108779907,0.04401419684290886,-0.026900500174331935,0.0,0.0,0.0,0.0,0.0,0.0,-0.0001987118859586095,-0.0005639927950274219,-0.00014563765705861092,0.0,0.0,0.0,-0.02291061511093123,-0.00850722489798308,-0.026900500174331935,0.0,0.0,0.0,0.0,0.0,0.0,zero,0.0,0.0,0.0,0.0,-0.0001987118859586095,-0.0005639927950274219,-0.00014563765705861092,0.0045814647308792845,-0.006216332859280908,0.0071769230503221735,1,0.009747982025146484
1.4582379990024492,1788362951.6624722,control,preflight_voltage_failed,1,1,0.010084604000439867,3.774193525314331,3774.0,0,10.0,0.003959786001360044,nan,10,0,1,1.0,0.020092954859137535,0.17364396154880524,0.04397181048989296,-9.67092055361718e-05,-0.0009423386072739959,-0.0006669904687441885,-0.003674832172691822,-0.020114919170737267,-0.010846508666872978,0.006566442549228668,-0.0020959358662366867,0.011665605008602142,-0.02159144219739784,-0.009611204154070274,-0.02676791237712529,0.020092954859137535,0.17364396154880524,0.04397181048989296,-0.02676791237712529,0.0,0.0,0.0,0.0,0.0,0.0,-0.00010869038742717074,-0.0006396221477029566,-7.096109633283792e-05,0.0,0.0,0.0,-0.02159144219739784,-0.009611204154070274,-0.02676791237712529,0.0,0.0,0.0,0.0,0.0,0.0,zero,0.0,0.0,0.0,0.0,-0.00010869038742717074,-0.0006396221477029566,-7.096109633283792e-05,0.008670973277676144,-0.00728470539543934,0.007192931389559136,1,0.01050114631652832
1.4693193710045307,1788362951.6735756,control,preflight_voltage_failed,1,1,0.0015902480008662678,3.774193525314331,3774.0,0,10.0,0.002241797003080137,nan,10,0,1,1.0,0.020084626972675323,0.17368726432323456,0.04402885213494301,-6.782820128137246e-05,0.0015799554530531168,0.0010921676876023412,0.004176591522991657,0.11695878952741623,0.06454642117023468,-0.048516757786273956,0.026863669976592064,0.015988392755389214,-0.02271040145372016,-0.009093386918901351,-0.026872360905298185,0.020084626972675323,0.17368726432323456,0.04402885213494301,-0.026872360905298185,0.0,0.0,0.0,0.0,0.0,0.0,3.5771334063144647e-05,-0.0007960305008773083,-0.00015317607507500937,0.0,0.0,0.0,-0.02271040145372016,-0.009093386918901351,-0.026872360905298185,0.0,0.0,0.0,0.0,0.0,0.0,zero,0.0,0.0,0.0,0.0,3.5771334063144647e-05,-0.0007960305008773083,-0.00015317607507500937,0.017642211505657965,-0.017642111777073574,-0.00962109526562255,1,0.0021162033081054688
1.4804277650036965,1788362951.684671,control,preflight_voltage_failed,1,1,0.00021325900161173195,3.774193525314331,3774.0,0,10.0,0.0012172280039521866,nan,10,0,1,1.0,0.02006869949400425,0.17369987070560455,0.043991439044475555,-0.0003093169361818582,0.0014658364234492183,0.00027462036814540625,-0.0005258021410554647,0.09173959493637085,0.038545358926057816,-0.035113345831632614,0.017352454364299774,0.006116289179772139,-0.022475550384392404,-0.0093611730932416,-0.027283234540644147,0.02006869949400425,0.17369987070560455,0.043991439044475555,-0.027283234540644147,0.0,0.0,0.0,0.0,0.0,0.0,2.2224855294159325e-05,-0.000442297897398972,-7.980505293267983e-06,0.0,0.0,0.0,-0.022475550384392404,-0.0093611730932416,-0.027283234540644147,0.0,0.0,0.0,0.0,0.0,0.0,zero,0.0,0.0,0.0,0.0,2.2224855294159325e-05,-0.000442297897398972,-7.980505293267983e-06,-0.0010846865351966364,0.028323891292802866,0.011626023426326544,1,0.0007226467132568359
1.4916020130040124,1788362951.6958761,control,preflight_voltage_failed,1,1,0.0038400320045184344,3.774193525314331,3774.0,0,10.0,0.012391476004268043,nan,10,0,1,1.0,0.020091550424695015,0.17366516590118408,0.044010505080223083,0.00035825176746584475,0.0002527554170228541,0.0007250761264003813,0.01727447658777237,0.041236769407987595,0.042776431888341904,-0.005357867106795311,0.01884898915886879,0.026041468605399132,-0.021625273358234064,-0.009156239919078225,-0.026489677171417734,0.020091550424695015,0.17366516590118408,0.044010505080223083,-0.026489677171417734,0.0,0.0,0.0,0.0,0.0,0.0,4.5032881767844855e-06,-7.617004503351812e-05,0.0001360193445470163,0.0,0.0,0.0,-0.021625273358234064,-0.009156239919078225,-0.026489677171417734,0.0,0.0,0.0,0.0,0.0,0.0,zero,0.0,0.0,0.0,0.0,4.5032881767844855e-06,-7.617004503351812e-05,0.0001360193445470163,-0.0023487846756833014,0.048525927943115485,0.019085481456882505,1,0.0043828487396240234
1.5026966290024575,1788362951.706932,control,preflight_voltage_failed,1,1,0.005002079997211695,3.774193525314331,3774.0,0,10.0,0.010679860999516677,nan,10,0,1,1.0,0.020082872360944748,0.17367731034755707,0.043960489332675934,0.00011139608977828175,0.00044739406439475715,-0.0004297296400181949,0.008835701271891594,0.036919064819812775,0.010906251147389412,-0.00667975191026926,-0.0014612236991524696,0.01438656635582447,-0.02174093678866361,-0.009982231155383025,-0.026791160104843816,0.020082872360944748,0.17367731034755707,0.043960489332675934,-0.026791160104843816,0.0,0.0,0.0,0.0,0.0,0.0,1.2934863161581973e-05,0.00021963242940530254,0.0002408423232466887,0.0,0.0,0.0,-0.02174093678866361,-0.009982231155383025,-0.026791160104843816,0.0,0.0,0.0,0.0,0.0,0.0,zero,0.0,0.0,0.0,0.0,1.2934863161581973e-05,0.00021963242940530254,0.0002408423232466887,0.0008511742727697131,0.029861497587095484,0.010581963965821478,1,0.005532979965209961
1.5137617280051927,1788362951.7182887,control,preflight_voltage_failed,1,1,0.001916519002406858,3.774193525314331,3774.0,0,10.0,0.010162885999307036,nan,10,0,1,1.0,0.020075254142284393,0.17368441820144653,0.04400128126144409,-1.9082821381743997e-05,0.0004588663869071752,0.00023557405802421272,0.005215400829911232,0.029698191210627556,0.018174147233366966,0.0032163294963538647,0.005533317569643259,0.01623927429318428,-0.021141373012211112,-0.009503298906865848,-0.026468302932963574,0.020075254142284393,0.17368441820144653,0.04400128126144409,-0.026468302932963574,0.0,0.0,0.0,0.0,0.0,0.0,5.0055566539190175e-05,0.0003911912656267573,0.0002278806353296849,0.0,0.0,0.0,-0.021141373012211112,-0.009503298906865848,-0.026468302932963574,0.0,0.0,0.0,0.0,0.0,0.0,zero,0.0,0.0,0.0,0.0,5.0055566539190175e-05,0.0003911912656267573,0.0002278806353296849,0.0026360029570729805,0.01218267862522632,-0.0009204310416835807,1,0.0028073787689208984
1.5249345050033298,1788362951.7292266,control,preflight_voltage_failed,1,1,0.013089296000543982,3.774193525314331,3774.0,0,10.0,0.00923157900251681,nan,10,0,1,1.0,0.020075254142284393,0.17368441820144653,0.04400128126144409,-1.9082821381743997e-05,0.0004588663869071752,0.00023557405802421272,0.005215400829911232,0.029698191210627556,0.018174147233366966,0.0032163294963538647,0.005533317569643259,0.01623927429318428,-0.021141373012211112,-0.009503298906865848,-0.026468302932963574,0.020075254142284393,0.17368441820144653,0.04400128126144409,-0.026468302932963574,0.0,0.0,0.0,0.0,0.0,0.0,5.0055566539190175e-05,0.0003911912656267573,0.0002278806353296849,0.0,0.0,0.0,-0.021141373012211112,-0.009503298906865848,-0.026468302932963574,0.0,0.0,0.0,0.0,0.0,0.0,zero,0.0,0.0,0.0,0.0,5.0055566539190175e-05,0.0003911912656267573,0.0002278806353296849,0.0026360029570729805,0.01218267862522632,-0.0009204310416835807,1,0.013745307922363281
1.5360010030053672,1788362951.7403376,control,preflight_voltage_failed,1,1,0.007343203003983945,3.774193525314331,3774.0,0,10.0,0.008834022002702113,nan,10,0,1,1.0,0.020097550004720688,0.1736954301595688,0.04400461167097092,0.0035266049671918154,0.005552614573389292,0.013801307417452335,1.4871571063995361,2.3061070442199707,6.151271343231201,0.36947718262672424,0.20699113607406616,0.22052261233329773,-0.021768231814854124,-0.008792141099517375,-0.026527776576390348,0.020097550004720688,0.1736954301595688,0.04400461167097092,-0.026527776576390348,0.0,0.0,0.0,0.0,0.0,0.0,8.237405651664748e-05,0.0005397663311951533,4.527520472049032e-05,0.0,0.0,0.0,-0.021768231814854124,-0.008792141099517375,-0.026527776576390348,0.0,0.0,0.0,0.0,0.0,0.0,zero,0.0,0.0,0.0,0.0,8.237405651664748e-05,0.0005397663311951533,4.527520472049032e-05,0.035485622640986876,0.16187029980857487,-0.19684237057525666,1,0.007796525955200195
1.5471156140047242,1788362951.751323,control,preflight_voltage_failed,1,1,0.0034245300048496574,3.774193525314331,3774.0,0,10.0,0.007848284003557637,nan,10,0,1,1.0,0.020112324506044388,0.17372675240039825,0.043985314667224884,0.0030197962187230587,0.004862941335886717,0.010781768709421158,1.1829161643981934,1.8356192111968994,4.880446434020996,0.2894325256347656,0.15737241506576538,0.16899748146533966,-0.022220990766050563,-0.009415959703357553,-0.02706649751856837,0.020112324506044388,0.17372675240039825,0.043985314667224884,-0.02706649751856837,0.0,0.0,0.0,0.0,0.0,0.0,0.0008045059389827408,0.0015926586508164316,0.0027595442900854882,0.0,0.0,0.0,-0.022220990766050563,-0.009415959703357553,-0.02706649751856837,0.0,0.0,0.0,0.0,0.0,0.0,zero,0.0,0.0,0.0,0.0,0.0008045059389827408,0.0015926586508164316,0.0027595442900854882,0.04851267968022336,0.07073310163944015,0.18234407024734525,1,0.003896474838256836
1.5582230030049686,1788362951.7624326,control,preflight_voltage_failed,1,1,0.006581424000614788,3.774193525314331,3774.0,0,10.0,0.0068312760049593635,nan,10,0,1,1.0,0.020100604742765427,0.17368264496326447,0.04398563876748085,0.002122163539752364,0.002785110380500555,0.008633536286652088,0.9238401055335999,1.4164291620254517,3.850526809692383,0.24298450350761414,0.10633249580860138,0.13218316435813904,-0.021763499827155246,-0.010199224043108721,-0.02716961700356557,0.020100604742765427,0.17368264496326447,0.04398563876748085,-0.02716961700356557,0.0,0.0,0.0,0.0,0.0,0.0,0.0014519143284320948,0.002520483821480238,0.005220494513880918,0.0,0.0,0.0,-0.021763499827155246,-0.010199224043108721,-0.02716961700356557,0.0,0.0,0.0,0.0,0.0,0.0,zero,0.0,0.0,0.0,0.0,0.0014519143284320948,0.002520483821480238,0.005220494513880918,0.08111080702255162,0.11624293042045182,0.30832108750421366,1,0.007024288177490234
1.5693572580057662,1788362951.7737129,control,preflight_voltage_failed,1,1,0.009507173999736551,3.774193525314331,3774.0,0,10.0,0.005919529001403134,nan,10,0,1,1.0,0.020109571516513824,0.17372295260429382,0.04405751824378967,0.0019166256533935666,0.00321206939406693,0.008661534637212753,0.7340545654296875,1.1435661315917969,3.0811049938201904,0.1988653987646103,0.11914709210395813,0.10716793686151505,-0.02158033726556439,-0.008802197914854986,-0.027141655479177376,0.020109571516513824,0.17372295260429382,0.04405751824378967,-0.027141655479177376,0.0,0.0,0.0,0.0,0.0,0.0,0.0019276235095887157,0.003169578805092558,0.0071060472562040665,0.0,0.0,0.0,-0.02158033726556439,-0.008802197914854986,-0.027141655479177376,0.0,0.0,0.0,0.0,0.0,0.0,zero,0.0,0.0,0.0,0.0,0.0019276235095887157,0.003169578805092558,0.0071060472562040665,0.0580661463640632,0.07923001240163807,0.23015486320170397,1,0.01011204719543457
1.580463698002859,1788362951.7846797,control,preflight_voltage_failed,1,1,0.0029662849992746487,3.774193525314331,3774.0,0,10.0,0.005248152003332507,nan,10,0,1,1.0,0.020109396427869797,0.17364951968193054,0.044007182121276855,0.0022137342020869255,0.0002921584527939558,0.008752160705626011,0.5472100377082825,0.5674223899841309,2.2430801391601562,0.0810733288526535,0.19632381200790405,0.09129463881254196,-0.02208015497512293,-0.00824656312138588,-0.02685015329895143,0.020109396427869797,0.17364951968193054,0.044007182121276855,-0.02685015329895143,0.0,0.0,0.0,0.0,0.0,0.0,0.0022092651915664816,0.003367668553576465,0.008935630940994276,0.0,0.0,0.0,-0.02208015497512293,-0.00824656312138588,-0.02685015329895143,0.0,0.0,0.0,0.0,0.0,0.0,zero,0.0,0.0,0.0,0.0,0.0022092651915664816,0.003367668553576465,0.008935630940994276,0.06593810892522806,0.043944448141964486,0.43108268967383095,1,0.003336668014526367
1.5915556100007962,1788362951.7958138,control,preflight_voltage_failed,1,1,0.01405819699721178,3.774193525314331,3774.0,0,10.0,0.0042808619982679375,nan,10,0,1,1.0,0.020109396427869797,0.17364951968193054,0.044007182121276855,0.0022137342020869255,0.0002921584527939558,0.008752160705626011,0.5472100377082825,0.5674223899841309,2.2430801391601562,0.0810733288526535,0.19632381200790405,0.09129463881254196,-0.02208015497512293,-0.00824656312138588,-0.02685015329895143,0.020109396427869797,0.17364951968193054,0.044007182121276855,-0.02685015329895143,0.0,0.0,0.0,0.0,0.0,0.0,0.0022092651915664816,0.003367668553576465,0.008935630940994276,0.0,0.0,0.0,-0.02208015497512293,-0.00824656312138588,-0.02685015329895143,0.0,0.0,0.0,0.0,0.0,0.0,zero,0.0,0.0,0.0,0.0,0.0022092651915664816,0.003367668553576465,0.008935630940994276,0.06593810892522806,0.043944448141964486,0.43108268967383095,1,0.014470815658569336
1.6026494190009544,1788362951.8068821,control,preflight_voltage_failed,1,1,0.0049662780002108775,3.774193525314331,3774.0,0,10.0,0.003526561995386146,nan,10,0,1,1.0,0.020101681351661682,0.1736927032470703,0.044032022356987,0.0026297566946595907,0.00043150060810148716,0.00690335500985384,0.3979220688343048,0.3512882888317108,1.4179315567016602,0.04202733188867569,0.11601290851831436,0.05602506920695305,-0.021951463602032657,-0.009235907298640393,-0.027421050693070173,0.020101681351661682,0.1736927032470703,0.044032022356987,-0.027421050693070173,0.0,0.0,0.0,0.0,0.0,0.0,0.002034946517782535,0.002093325483691519,0.008763381101074053,0.0,0.0,0.0,-0.021951463602032657,-0.009235907298640393,-0.027421050693070173,0.0,0.0,0.0,0.0,0.0,0.0,zero,0.0,0.0,0.0,0.0,0.002034946517782535,0.002093325483691519,0.008763381101074053,-0.015710782275975933,-0.10999413210199518,-0.02147893395266043,1,0.005473613739013672
1.6138010270005907,1788362951.8183334,control,preflight_voltage_failed,1,1,0.006299059001321439,3.774193525314331,3774.0,0,10.0,0.002590291995147709,nan,10,0,1,1.0,0.020084461197257042,0.1737077683210373,0.044016215950250626,0.0017561763525009155,0.0006493241526186466,0.005203594919294119,0.30070239305496216,0.28542789816856384,1.1000316143035889,0.025404097512364388,0.09073276817798615,0.061062056571245193,-0.022366024110814245,-0.009320968692238545,-0.026614369571109152,0.020084461197257042,0.1737077683210373,0.044016215950250626,-0.026614369571109152,0.0,0.0,0.0,0.0,0.0,0.0,0.001985163994587454,0.0015623305530387294,0.008369042029345512,0.0,0.0,0.0,-0.022366024110814245,-0.009320968692238545,-0.026614369571109152,0.0,0.0,0.0,0.0,0.0,0.0,zero,0.0,0.0,0.0,0.0,0.001985163994587454,0.0015623305530387294,0.008369042029345512,-0.005024134652724274,-0.05358888743062365,-0.039797351922697385,1,0.007016181945800781
1.624869031002163,1788362951.8291185,control,preflight_voltage_failed,1,1,0.007333052999456413,3.774193525314331,3774.0,0,10.0,0.0016990189978969283,nan,10,0,1,1.0,0.020111171528697014,0.17368562519550323,0.04397597536444664,0.0019416161812841892,7.455048034898937e-05,0.0033543454483151436,0.24428784847259521,0.2167937308549881,0.8428694605827332,0.03466739505529404,0.06000891327857971,0.05028676614165306,-0.021652941264508018,-0.009945215841396356,-0.02652908065004555,0.020111171528697014,0.17368562519550323,0.04397597536444664,-0.02652908065004555,0.0,0.0,0.0,0.0,0.0,0.0,0.00196353175113702,0.0011150315325519071,0.00769190008862127,0.0,0.0,0.0,-0.021652941264508018,-0.009945215841396356,-0.02652908065004555,0.0,0.0,0.0,0.0,0.0,0.0,zero,0.0,0.0,0.0,0.0,0.00196353175113702,0.0011150315325519071,0.00769190008862127,-0.0021735388375126773,-0.04494317915925548,-0.06803706282453653,1,0.007848739624023438
1.6359841740049887,1788362951.8402398,control,preflight_voltage_failed,1,1,0.007550950002041645,3.774193525314331,3774.0,0,10.0,0.0005267130036372691,nan,10,0,1,1.0,0.02011610008776188,0.17366750538349152,0.044046614319086075,0.0016429274110123515,-0.0002698999014683068,0.003968168515712023,0.1899981051683426,0.16717055439949036,0.6854590177536011,0.02750830538570881,0.06118357554078102,0.03558627516031265,-0.021662749145554112,-0.009226405863301805,-0.02680002651464996,0.02011610008776188,0.17366750538349152,0.044046614319086075,-0.02680002651464996,0.0,0.0,0.0,0.0,0.0,0.0,0.0019279271204156315,0.0007194179157517805,0.006707355637491746,0.0,0.0,0.0,-0.021662749145554112,-0.009226405863301805,-0.02680002651464996,0.0,0.0,0.0,0.0,0.0,0.0,zero,0.0,0.0,0.0,0.0,0.0019279271204156315,0.0007194179157517805,0.006707355637491746,-0.003237721035756702,-0.03597527914749888,-0.08952993516499798,1,0.007973194122314453
1.6471043430065038,1788362951.8513653,control,preflight_voltage_failed,1,1,0.0073455780002404936,3.774193525314331,3774.0,0,10.0,0.011646882005152293,nan,10,0,1,1.0,0.02010727860033512,0.17370158433914185,0.04400261864066124,0.0011577086988836527,0.00038918154314160347,0.0023933532647788525,0.14338301122188568,0.145439013838768,0.5204049944877625,0.01083336677402258,0.0520855113863945,0.02294819802045822,-0.022289146108189998,-0.009056513451024449,-0.0271147780162769,0.02010727860033512,0.17370158433914185,0.04400261864066124,-0.0271147780162769,0.0,0.0,0.0,0.0,0.0,0.0,0.0018505555505813195,0.000389973828608277,0.005626779507020483,0.0,0.0,0.0,-0.022289146108189998,-0.009056513451024449,-0.0271147780162769,0.0,0.0,0.0,0.0,0.0,0.0,zero,0.0,0.0,0.0,0.0,0.0018505555505813195,0.000389973828608277,0.005626779507020483,-0.006868872575771706,-0.02924729923764092,-0.09593109929812975,1,0.007834672927856445
1.658252284003538,1788362951.8625188,control,preflight_voltage_failed,1,1,0.0024088290010695346,3.774193525314331,3774.0,0,10.0,0.010691023999243043,nan,10,0,1,1.0,0.020072253420948982,0.17369091510772705,0.04402250424027443,0.0004880808119196445,0.00017789716366678476,0.0021634066943079233,0.10633087158203125,0.11370851844549179,0.41344788670539856,0.019962716847658157,0.05063314735889435,0.027217548340559006,-0.02139204081715558,-0.008324480785052697,-0.02642229208657138,0.020072253420948982,0.17369091510772705,0.04402250424027443,-0.02642229208657138,0.0,0.0,0.0,0.0,0.0,0.0,0.0015810820678498832,0.0001961755816159308,0.004280837178844707,0.0,0.0,0.0,-0.02139204081715558,-0.008324480785052697,-0.02642229208657138,0.0,0.0,0.0,0.0,0.0,0.0,zero,0.0,0.0,0.0,0.0,0.0015810820678498832,0.0001961755816159308,0.004280837178844707,-0.016851098154464453,-0.012118866944269462,-0.08416637530507014,1,0.002996683120727539
1.6693715400033398,1788362951.8736405,control,preflight_voltage_failed,1,1,0.008896521998394746,3.774193525314331,3774.0,0,10.0,0.009752944999490865,nan,10,0,1,1.0,0.020106708630919456,0.17365291714668274,0.043991152197122574,0.001836485811509192,-0.001452385913580656,0.0004149385495111346,0.14165475964546204,0.022546865046024323,0.25737833976745605,-0.0016112010926008224,0.04118888080120087,0.003571588546037674,-0.02180735248549074,-0.00831759297079714,-0.026856276018450892,0.020106708630919456,0.17365291714668274,0.043991152197122574,-0.026856276018450892,0.0,0.0,0.0,0.0,0.0,0.0,0.0013582704430594732,3.784956606884079e-05,0.003184822846979795,0.0,0.0,0.0,-0.02180735248549074,-0.00831759297079714,-0.026856276018450892,0.0,0.0,0.0,0.0,0.0,0.0,zero,0.0,0.0,0.0,0.0,0.0013582704430594732,3.784956606884079e-05,0.003184822846979795,-0.04677141730168239,-0.033234945213614024,-0.23006943076914718,1,0.009354591369628906
1.6804426000016974,1788362951.8847122,control,preflight_voltage_failed,1,1,0.008435094001470134,3.774193525314331,3774.0,0,10.0,0.008649311996123288,nan,10,0,1,1.0,0.020085971802473068,0.17369455099105835,0.043985627591609955,0.001108870143070817,-0.0004384882631711662,0.00023595651146024466,0.10068091750144958,0.03565475344657898,0.20279273390769958,-0.005759851075708866,0.0012901239097118378,-0.004418330267071724,-0.022061164103926268,-0.010148471247719714,-0.02723494837644604,0.020085971802473068,0.17369455099105835,0.043985627591609955,-0.02723494837644604,0.0,0.0,0.0,0.0,0.0,0.0,0.001241621572107979,-0.00019453165161434886,0.0022043477446211466,0.0,0.0,0.0,-0.022061164103926268,-0.010148471247719714,-0.02723494837644604,0.0,0.0,0.0,0.0,0.0,0.0,zero,0.0,0.0,0.0,0.0,0.001241621572107979,-0.00019453165161434886,0.0022043477446211466,-0.010134029827198895,-0.020188435362237682,-0.08518011234125164,1,0.00891566276550293
1.6915852110032574,1788362951.895821,control,preflight_voltage_failed,1,1,0.0031850320010562427,3.774193525314331,3774.0,0,10.0,0.019791922997683287,nan,10,0,1,1.0,0.02010379172861576,0.1736782044172287,0.04397214949131012,-0.0016795257106423378,-0.0008198888972401619,-0.010968026705086231,-0.9306252002716064,-0.07366384565830231,-3.7995359897613525,0.07479044049978256,0.051396582275629044,0.0951397567987442,-0.0220345787885663,-0.009080988306671558,-0.027242094926045433,0.02010379172861576,0.1736782044172287,0.04397214949131012,-0.027242094926045433,0.0,0.0,0.0,0.0,0.0,0.0,0.0012017033473183144,-0.0006957800117027335,0.0002981734991400957,0.0,0.0,0.0,-0.0220345787885663,-0.009080988306671558,-0.027242094926045433,0.0,0.0,0.0,0.0,0.0,0.0,zero,0.0,0.0,0.0,0.0,0.0012017033473183144,-0.0006957800117027335,0.0002981734991400957,-0.03421348422370895,-0.42433971006570603,-1.615487401207664,1,0.003610849380493164
1.7027314440056216,1788362951.9069717,control,preflight_voltage_failed,1,1,0.00012434200471034274,3.774193525314331,3774.0,0,10.0,0.0066066220024367794,nan,10,0,1,1.0,0.02011840045452118,0.17367668449878693,0.04400092363357544,-0.001135751255787909,-0.0006775382207706571,-0.00836499035358429,-0.7367627024650574,-0.05690555274486542,-3.002589702606201,0.05443135276436806,0.044309649616479874,0.08587083220481873,-0.022420252037408373,-0.008841444293788133,-0.026561377063427972,0.02011840045452118,0.17367668449878693,0.04400092363357544,-0.026561377063427972,0.0,0.0,0.0,0.0,0.0,0.0,0.0006622113672891167,-0.0008038997650530419,-0.0021329207449275168,0.0,0.0,0.0,-0.022420252037408373,-0.008841444293788133,-0.026561377063427972,0.0,0.0,0.0,0.0,0.0,0.0,zero,0.0,0.0,0.0,0.0,0.0006622113672891167,-0.0008038997650530419,-0.0021329207449275168,-0.03838235522279038,-0.007692219594195677,-0.17296109360297457,1,0.000705718994140625
1.7138108860017383,1788362951.9183545,control,preflight_voltage_failed,1,1,0.004325563997554127,3.774193525314331,3774.0,0,10.0,0.005633681998006068,nan,10,0,1,1.0,0.020114164799451828,0.17366455495357513,0.04397983476519585,-0.0010304393945261836,-0.0008909361204132438,-0.007298612035810947,-0.5863808989524841,-0.05166281759738922,-2.3713974952697754,0.02468794956803322,0.02166573703289032,0.03354208171367645,-0.023064799426522332,-0.0093482372688745,-0.02777234824263272,0.020114164799451828,0.17366455495357513,0.04397983476519585,-0.02777234824263272,0.0,0.0,0.0,0.0,0.0,0.0,0.0001661654044301785,-0.0008712033177593352,-0.004216777619967246,0.0,0.0,0.0,-0.023064799426522332,-0.0093482372688745,-0.02777234824263272,0.0,0.0,0.0,0.0,0.0,0.0,zero,0.0,0.0,0.0,0.0,0.0001661654044301785,-0.0008712033177593352,-0.004216777619967246,-0.0713451603526197,-0.009680116601406512,-0.2997163852412947,1,0.005135774612426758
1.7249358410044806,1788362951.9291654,control,preflight_voltage_failed,1,1,0.00721826000517467,3.774193525314331,3774.0,0,10.0,0.004768944003444631,nan,10,0,1,1.0,0.020128494128584862,0.17364709079265594,0.044002700597047806,-0.0004757463466376066,-0.0011376184411346912,-0.005282607860863209,-0.45561012625694275,-0.047331564128398895,-1.8480724096298218,0.05260416865348816,0.026840815320611,0.047568175941705704,-0.021722061907948707,-0.008938417882715998,-0.026928992082054518,0.020128494128584862,0.17364709079265594,0.044002700597047806,-0.026928992082054518,0.0,0.0,0.0,0.0,0.0,0.0,-0.00024353560589901777,-0.0009144751667241845,-0.005760958931861004,0.0,0.0,0.0,-0.021722061907948707,-0.008938417882715998,-0.026928992082054518,0.0,0.0,0.0,0.0,0.0,0.0,zero,0.0,0.0,0.0,0.0,-0.00024353560589901777,-0.0009144751667241845,-0.005760958931861004,-0.04983500337648017,-0.005263479183361265,-0.18783034201036017,1,0.00772547721862793
1.735984383005416,1788362951.9402542,control,preflight_voltage_failed,1,1,0.018266802006110083,3.774193525314331,3774.0,0,10.0,0.004066813002282288,nan,10,0,1,1.0,0.020128494128584862,0.17364709079265594,0.044002700597047806,-0.0004757463466376066,-0.0011376184411346912,-0.005282607860863209,-0.45561012625694275,-0.047331564128398895,-1.8480724096298218,0.05260416865348816,0.026840815320611,0.047568175941705704,-0.021722061907948707,-0.008938417882715998,-0.026928992082054518,0.020128494128584862,0.17364709079265594,0.044002700597047806,-0.026928992082054518,0.0,0.0,0.0,0.0,0.0,0.0,-0.00024353560589901777,-0.0009144751667241845,-0.005760958931861004,0.0,0.0,0.0,-0.021722061907948707,-0.008938417882715998,-0.026928992082054518,0.0,0.0,0.0,0.0,0.0,0.0,zero,0.0,0.0,0.0,0.0,-0.00024353560589901777,-0.0009144751667241845,-0.005760958931861004,-0.04983500337648017,-0.005263479183361265,-0.18783034201036017,1,0.0188143253326416
1.747098066000035,1788362951.951354,control,preflight_voltage_failed,1,1,0.009009845998662058,3.774193525314331,3774.0,0,10.0,0.003941420000046492,nan,10,0,1,1.0,0.02006448805332184,0.1737057864665985,0.04396874085068703,-0.004246470984071493,0.00279285479336977,-0.0066975075751543045,-0.6585226655006409,0.32406142354011536,-1.4250280857086182,-0.009733486920595169,0.0032891109585762024,0.03560902923345566,-0.022212768049673988,-0.008981121119034784,-0.0268356638118905,0.02006448805332184,0.1737057864665985,0.04396874085068703,-0.0268356638118905,0.0,0.0,0.0,0.0,0.0,0.0,-0.0008283745773644972,-0.0009591924130876817,-0.006502723288796059,0.0,0.0,0.0,-0.022212768049673988,-0.008981121119034784,-0.0268356638118905,0.0,0.0,0.0,0.0,0.0,0.0,zero,0.0,0.0,0.0,0.0,-0.0008283745773644972,-0.0009591924130876817,-0.006502723288796059,-0.14239659961432896,-0.008775614445035076,-0.1763126810645109,1,0.009411811828613281
1.7582375929996488,1788362951.9624941,control,preflight_voltage_failed,1,1,0.00689701199735282,3.774193525314331,3774.0,0,10.0,0.0024043469966272824,nan,10,0,1,1.0,0.020084764808416367,0.17366813123226166,0.04400813579559326,-0.0030892761424183846,0.0016624927520751953,-0.00475979782640934,-0.509246289730072,0.24208471179008484,-1.1105985641479492,-0.012842457741498947,-0.007597016170620918,0.020505227148532867,-0.022540948322328388,-0.009666297508808286,-0.027346136815077374,0.020084764808416367,0.17366813123226166,0.04400813579559326,-0.027346136815077374,0.0,0.0,0.0,0.0,0.0,0.0,-0.0014775694311969902,-0.00035166693928385874,-0.006442625266999584,0.0,0.0,0.0,-0.022540948322328388,-0.009666297508808286,-0.027346136815077374,0.0,0.0,0.0,0.0,0.0,0.0,zero,0.0,0.0,0.0,0.0,-0.0014775694311969902,-0.00035166693928385874,-0.006442625266999584,-0.04929522914367255,0.04613115348185581,0.004563415341402359,1,0.007382392883300781
1.7693128650062135,1788362951.9735425,control,preflight_voltage_failed,1,1,0.0019326970068505034,3.774193525314331,3774.0,0,10.0,0.001149068004451692,nan,10,0,1,1.0,0.020077241584658623,0.17368440330028534,0.04403429850935936,-0.003987693227827549,-0.00043328723404556513,0.0012732571922242641,-0.4700288772583008,-0.044047653675079346,-0.22905439138412476,-0.008712485432624817,0.057899702340364456,0.07404033094644547,-0.021627056991859666,-0.008897966507941961,-0.026555383605850975,0.020077241584658623,0.17368440330028534,0.04403429850935936,-0.026555383605850975,0.0,0.0,0.0,0.0,0.0,0.0,-0.002800869431801691,0.0012599328423656753,-0.005726576362802336,0.0,0.0,0.0,-0.021627056991859666,-0.008897966507941961,-0.026555383605850975,0.0,0.0,0.0,0.0,0.0,0.0,zero,0.0,0.0,0.0,0.0,-0.002800869431801691,0.0012599328423656753,-0.005726576362802336,-0.26825128931458375,0.32647437849875743,0.15122643135185432,1,0.0022885799407958984
1.7804305600002408,1788362951.9846723,control,preflight_voltage_failed,1,1,0.0016172600007848814,3.774193525314331,3774.0,0,10.0,0.012266762998478953,nan,10,0,1,1.0,0.020073378458619118,0.17369775474071503,0.04400445148348808,-0.0032580653205513954,-0.00011192246165592223,0.0004939196514897048,-0.36319684982299805,-0.029588796198368073,-0.19694362580776215,-0.0006011617369949818,0.045098092406988144,0.0447775274515152,-0.021257425245738214,-0.008985075629304123,-0.027376001435763124,0.020073378458619118,0.17369775474071503,0.04400445148348808,-0.027376001435763124,0.0,0.0,0.0,0.0,0.0,0.0,-0.003208281830065359,0.0014419287883638333,-0.004559343056012775,0.0,0.0,0.0,-0.021257425245738214,-0.008985075629304123,-0.027376001435763124,0.0,0.0,0.0,0.0,0.0,0.0,zero,0.0,0.0,0.0,0.0,-0.003208281830065359,0.0014419287883638333,-0.004559343056012775,-0.03580987555663143,0.01599669574559102,0.10259501095162687,1,0.002041339874267578
1.791567317006411,1788362951.995858,control,preflight_voltage_failed,1,1,0.01275401700695511,3.774193525314331,3774.0,0,10.0,0.010688546004530508,nan,10,0,1,1.0,0.020073378458619118,0.17369775474071503,0.04400445148348808,-0.0032580653205513954,-0.00011192246165592223,0.0004939196514897048,-0.36319684982299805,-0.029588796198368073,-0.19694362580776215,-0.0006011617369949818,0.045098092406988144,0.0447775274515152,-0.021257425245738214,-0.008985075629304123,-0.027376001435763124,0.020073378458619118,0.17369775474071503,0.04400445148348808,-0.027376001435763124,0.0,0.0,0.0,0.0,0.0,0.0,-0.003208281830065359,0.0014419287883638333,-0.004559343056012775,0.0,0.0,0.0,-0.021257425245738214,-0.008985075629304123,-0.027376001435763124,0.0,0.0,0.0,0.0,0.0,0.0,zero,0.0,0.0,0.0,0.0,-0.003208281830065359,0.0014419287883638333,-0.004559343056012775,-0.03580987555663143,0.01599669574559102,0.10259501095162687,1,0.013226985931396484
1.8027026850031689,1788362952.0069132,control,preflight_voltage_failed,1,1,0.003044443001272157,3.774193525314331,3774.0,0,10.0,0.009906514998874627,nan,10,0,1,1.0,0.02010953240096569,0.1736672967672348,0.04401420056819916,-0.00020940054673701525,-0.0016723545268177986,0.0026862267404794693,-0.08145800232887268,-0.1139102503657341,0.036076173186302185,-0.03566933423280716,0.06649953126907349,0.02524925209581852,-0.02232079394771915,-0.009069564377481486,-0.026903480859098116,0.02010953240096569,0.1736672967672348,0.04401420056819916,-0.026903480859098116,0.0,0.0,0.0,0.0,0.0,0.0,-0.0034734019118005787,0.00041473780162458256,-0.000298337343154491,0.0,0.0,0.0,-0.02232079394771915,-0.009069564377481486,-0.026903480859098116,0.0,0.0,0.0,0.0,0.0,0.0,zero,0.0,0.0,0.0,0.0,-0.0034734019118005787,0.00041473780162458256,-0.000298337343154491,-0.033334706383964095,-0.1484015673684062,0.6068611923678119,1,0.003713846206665039
1.8137939799999003,1788362952.0180337,control,preflight_voltage_failed,1,1,0.00611565999861341,3.774193525314331,3774.0,0,10.0,0.008797684000455774,nan,10,0,1,1.0,0.020112216472625732,0.17366188764572144,0.044008489698171616,-0.00010257593385176733,-0.0014687641523778439,0.0020107997115701437,-0.06258165091276169,-0.08620207756757736,0.012518130242824554,-0.013365945778787136,0.05806174501776695,0.012769406661391258,-0.02169106178859964,-0.00887542466963846,-0.02721491174635325,0.020112216472625732,0.17366188764572144,0.044008489698171616,-0.02721491174635325,0.0,0.0,0.0,0.0,0.0,0.0,-0.0032541855637827706,-4.334859486738161e-05,0.0010916385494432381,0.0,0.0,0.0,-0.02169106178859964,-0.00887542466963846,-0.02721491174635325,0.0,0.0,0.0,0.0,0.0,0.0,zero,0.0,0.0,0.0,0.0,-0.0032541855637827706,-4.334859486738161e-05,0.0010916385494432381,0.026521864698179434,-0.05542153008976091,0.16816607379214912,1,0.00656890869140625
1.8249425140020321,1788362952.0295148,control,preflight_voltage_failed,1,1,0.017264194000745192,3.774193525314331,3774.0,0,10.0,0.007735822000540793,nan,10,0,1,1.0,0.020112216472625732,0.17366188764572144,0.044008489698171616,-0.00010257593385176733,-0.0014687641523778439,0.0020107997115701437,-0.06258165091276169,-0.08620207756757736,0.012518130242824554,-0.013365945778787136,0.05806174501776695,0.012769406661391258,-0.02169106178859964,-0.00887542466963846,-0.02721491174635325,0.020112216472625732,0.17366188764572144,0.044008489698171616,-0.02721491174635325,0.0,0.0,0.0,0.0,0.0,0.0,-0.0032541855637827706,-4.334859486738161e-05,0.0010916385494432381,0.0,0.0,0.0,-0.02169106178859964,-0.00887542466963846,-0.02721491174635325,0.0,0.0,0.0,0.0,0.0,0.0,zero,0.0,0.0,0.0,0.0,-0.0032541855637827706,-4.334859486738161e-05,0.0010916385494432381,0.026521864698179434,-0.05542153008976091,0.16816607379214912,1,0.018049955368041992
1.8359862070064992,1788362952.0402384,control,preflight_voltage_failed,1,1,0.005289710003125947,3.774193525314331,3774.0,0,10.0,0.006518638001580257,nan,10,0,1,1.0,0.02009296603500843,0.1736782193183899,0.04400986060500145,0.00032227483461610973,-0.000800132576841861,0.0019469715189188719,-0.007844127714633942,-0.042020052671432495,0.02641562558710575,-0.02460712008178234,0.03841402754187584,-0.009208930656313896,-0.021601721621302087,-0.009212656723607847,-0.027080148194773616,0.02009296603500843,0.1736782193183899,0.04400986060500145,-0.027080148194773616,0.0,0.0,0.0,0.0,0.0,0.0,-0.0008249560067930752,-0.0013161029392702484,0.0025615654332044728,0.0,0.0,0.0,-0.021601721621302087,-0.009212656723607847,-0.027080148194773616,0.0,0.0,0.0,0.0,0.0,0.0,zero,0.0,0.0,0.0,0.0,-0.0008249560067930752,-0.0013161029392702484,0.0025615654332044728,0.24718389018612774,-0.1269589965011859,0.14418965724813834,1,0.005713462829589844
1.8470945340013714,1788362952.0513349,control,preflight_voltage_failed,1,1,0.005669830999977421,3.774193525314331,3774.0,0,10.0,0.005493986995134037,nan,10,0,1,1.0,0.02011621743440628,0.17363011837005615,0.04399390146136284,0.0006933016702532768,-0.0015410019550472498,0.0012586740776896477,0.0006737611256539822,-0.04749199002981186,0.00824118871241808,-0.03577714040875435,0.015227013267576694,-0.00620296411216259,-0.02246165630284215,-0.010038892997638478,-0.026999763725942393,0.02011621743440628,0.17363011837005615,0.04399390146136284,-0.026999763725942393,0.0,0.0,0.0,0.0,0.0,0.0,-9.554839936237237e-05,-0.0015564432319351733,0.002736847139125413,0.0,0.0,0.0,-0.02246165630284215,-0.010038892997638478,-0.026999763725942393,0.0,0.0,0.0,0.0,0.0,0.0,zero,0.0,0.0,0.0,0.0,-9.554839936237237e-05,-0.0015564432319351733,0.002736847139125413,0.06831362195152346,-0.022509383951537724,0.016416237054997857,1,0.006132602691650391
1.858205677002843,1788362952.0624428,control,preflight_voltage_failed,1,1,0.001757019002980087,3.774193525314331,3774.0,0,10.0,0.004493977001402527,nan,10,0,1,1.0,0.020110584795475006,0.17368048429489136,0.04399191215634346,0.0004795931454282254,-0.0005617354763671756,0.0009804342407733202,-0.0023084033746272326,-0.024946028366684914,0.002885736059397459,-0.02144462987780571,0.03272760286927223,-0.005122791975736618,-0.021922561408075077,-0.008497489505378117,-0.027046020980018803,0.020110584795475006,0.17368048429489136,0.04399191215634346,-0.027046020980018803,0.0,0.0,0.0,0.0,0.0,0.0,0.0003809889196572131,-0.0015207954368902938,0.002402817205040199,0.0,0.0,0.0,-0.021922561408075077,-0.008497489505378117,-0.027046020980018803,0.0,0.0,0.0,0.0,0.0,0.0,zero,0.0,0.0,0.0,0.0,0.0003809889196572131,-0.0015207954368902938,0.002402817205040199,0.031746225910310094,0.0023748044686772293,-0.02225259035345219,1,0.0022296905517578125
1.8693463450035779,1788362952.0735927,control,preflight_voltage_failed,1,1,0.006669020003755577,3.774193525314331,3774.0,0,10.0,0.0036602559994207695,nan,10,0,1,1.0,0.020093603059649467,0.17367269098758698,0.04400822892785072,-0.0001716730766929686,-0.0007042501238174736,0.0013179489178583026,-0.02314484678208828,-0.024617429822683334,0.01334621012210846,-0.04287426173686981,-0.01845618151128292,-0.014215830713510513,-0.022706436835575945,-0.009869027520642608,-0.027324882905030202,0.020093603059649467,0.17367269098758698,0.04400822892785072,-0.027324882905030202,0.0,0.0,0.0,0.0,0.0,0.0,0.0007060939303708488,-0.0014553349213411503,0.0020976687013016795,0.0,0.0,0.0,-0.022706436835575945,-0.009869027520642608,-0.027324882905030202,0.0,0.0,0.0,0.0,0.0,0.0,zero,0.0,0.0,0.0,0.0,0.0007060939303708488,-0.0014553349213411503,0.0020976687013016795,0.053153085166299414,0.010702475333664732,-0.0498902935146366,1,0.00726318359375
1.8804306300007738,1788362952.0846753,control,preflight_voltage_failed,1,1,0.0014909640012774616,3.774193525314331,3774.0,0,10.0,0.0027916319959331304,nan,10,0,1,1.0,0.02007349580526352,0.17367933690547943,0.04400414228439331,-0.001002053963020444,-0.00016942562069743872,0.0005873637855984271,-0.04525601863861084,-0.00036631710827350616,-0.011988295242190361,-0.01313602551817894,0.0007967269048094749,-0.005393505096435547,-0.021865706965982175,-0.008994829628057059,-0.026974633945533847,0.02007349580526352,0.17367933690547943,0.04400414228439331,-0.026974633945533847,0.0,0.0,0.0,0.0,0.0,0.0,0.0008723422006749705,-0.0011950480016542009,0.0016029583326731844,0.0,0.0,0.0,-0.021865706965982175,-0.008994829628057059,-0.026974633945533847,0.0,0.0,0.0,0.0,0.0,0.0,zero,0.0,0.0,0.0,0.0,0.0008723422006749705,-0.0011950480016542009,0.0016029583326731844,0.0034779313012920313,0.018014586732344445,-0.02927948675236505,1,0.0020334720611572266
1.8915371490002144,1788362952.095785,control,preflight_voltage_failed,1,1,0.012597483000718057,3.774193525314331,3774.0,0,10.0,0.0018986819995916449,nan,10,0,1,1.0,0.02007349580526352,0.17367933690547943,0.04400414228439331,-0.001002053963020444,-0.00016942562069743872,0.0005873637855984271,-0.04525601863861084,-0.00036631710827350616,-0.011988295242190361,-0.01313602551817894,0.0007967269048094749,-0.005393505096435547,-0.021865706965982175,-0.008994829628057059,-0.026974633945533847,0.02007349580526352,0.17367933690547943,0.04400414228439331,-0.026974633945533847,0.0,0.0,0.0,0.0,0.0,0.0,0.0008723422006749705,-0.0011950480016542009,0.0016029583326731844,0.0,0.0,0.0,-0.021865706965982175,-0.008994829628057059,-0.026974633945533847,0.0,0.0,0.0,0.0,0.0,0.0,zero,0.0,0.0,0.0,0.0,0.0008723422006749705,-0.0011950480016542009,0.0016029583326731844,0.0034779313012920313,0.018014586732344445,-0.02927948675236505,1,0.013143062591552734
1.9026477970037377,1788362952.1068785,control,preflight_voltage_failed,1,1,0.0031964169975253753,3.774193525314331,3774.0,0,10.0,0.000998463001451455,nan,10,0,1,1.0,0.020125193521380424,0.17369571328163147,0.044000569730997086,0.000637610035482794,0.0004562659887596965,0.00022677397646475583,0.015747513622045517,0.02043480984866619,-0.017640043050050735,0.009633885696530342,0.0002883209672290832,0.002117317169904709,-0.02114528725838387,-0.00901221039637895,-0.026977554040316563,0.020125193521380424,0.17369571328163147,0.044000569730997086,-0.026977554040316563,0.0,0.0,0.0,0.0,0.0,0.0,0.0002403003956234415,-0.00064403102380669,0.0010163492918967255,0.0,0.0,0.0,-0.02114528725838387,-0.00901221039637895,-0.026977554040316563,0.0,0.0,0.0,0.0,0.0,0.0,zero,0.0,0.0,0.0,0.0,0.0002403003956234415,-0.00064403102380669,0.0010163492918967255,-0.04922712016947525,0.043694007335781486,-0.04582740521408885,1,0.003775358200073242
1.913753168999392,1788362952.1179962,control,preflight_voltage_failed,1,1,0.004006652998214122,3.774193525314331,3774.0,0,10.0,0.00013538099301513284,nan,10,0,1,1.0,0.020073330029845238,0.17367562651634216,0.044019654393196106,-0.000495134387165308,-2.4310575099661946e-05,0.0005513196811079979,-0.009356935508549213,0.00703327264636755,-0.007821662351489067,0.013855233788490295,-0.01730485074222088,0.009536423720419407,-0.02083208593642161,-0.009908247975972284,-0.02655400802344835,0.020073330029845238,0.17367562651634216,0.044019654393196106,-0.02655400802344835,0.0,0.0,0.0,0.0,0.0,0.0,6.175880461823947e-05,-0.0003808685442085608,0.0007756430700261488,0.0,0.0,0.0,-0.02083208593642161,-0.009908247975972284,-0.02655400802344835,0.0,0.0,0.0,0.0,0.0,0.0,zero,0.0,0.0,0.0,0.0,6.175880461823947e-05,-0.0003808685442085608,0.0007756430700261488,-0.017301028308831966,0.025500957416790312,-0.02332490225525938,1,0.004573345184326172
1.9249294950059266,1788362952.1291916,control,preflight_voltage_failed,1,1,0.0042779930008691736,3.774193525314331,3774.0,0,10.0,0.011311706999549642,nan,10,0,1,1.0,0.02007783018052578,0.1736861914396286,0.04401763528585434,-0.0003138715401291847,0.00017361545178573579,0.00040415849070996046,-0.004173142835497856,0.009243528358638287,-0.008946560323238373,-0.0030845673754811287,0.008292045444250107,-0.0022654212079942226,-0.021602156795388905,-0.008708676257264628,-0.027121063160764777,0.02007783018052578,0.1736861914396286,0.04401763528585434,-0.027121063160764777,0.0,0.0,0.0,0.0,0.0,0.0,-6.781609254109122e-05,-0.00015743784838299424,0.0005950754903792358,0.0,0.0,0.0,-0.021602156795388905,-0.008708676257264628,-0.027121063160764777,0.0,0.0,0.0,0.0,0.0,0.0,zero,0.0,0.0,0.0,0.0,-6.781609254109122e-05,-0.00015743784838299424,0.0005950754903792358,-0.011841478766231683,0.020418691415895873,-0.01650155398255547,1,0.00482630729675293
1.9360307160022785,1788362952.1406982,control,preflight_voltage_failed,1,1,0.008383330001379363,3.774193525314331,3774.0,0,10.0,0.01035485600004904,nan,10,0,1,1.0,0.02008272521197796,0.17368318140506744,0.04399394243955612,-0.0001108770229620859,5.266867810860276e-05,-0.0003553646383807063,0.002476348076015711,0.00393025204539299,-0.028914105147123337,0.003534176619723439,-0.0011063804849982262,0.010381006635725498,-0.021396447524323754,-0.008969663127791381,-0.02668966906924892,0.02008272521197796,0.17368318140506744,0.04399394243955612,-0.02668966906924892,0.0,0.0,0.0,0.0,0.0,0.0,-0.00017030226254278802,6.672913330556468e-06,0.00045158714097640344,0.0,0.0,0.0,-0.021396447524323754,-0.008969663127791381,-0.02668966906924892,0.0,0.0,0.0,0.0,0.0,0.0,zero,0.0,0.0,0.0,0.0,-0.00017030226254278802,6.672913330556468e-06,0.00045158714097640344,-0.014678441276516881,0.023504538989181922,-0.020550922241888255,1,0.009350776672363281
1.947144156001741,1788362952.1514137,control,preflight_voltage_failed,1,1,0.005550101996050216,3.774193525314331,3774.0,0,10.0,0.009200168002280407,nan,10,0,1,1.0,0.02010561153292656,0.1736624538898468,0.04401298612356186,0.00023954531934577972,-0.00025514932349324226,-1.1157768312841654e-05,0.007007009349763393,-0.0012706767302006483,-0.018194500356912613,0.002741319127380848,-0.003389406483620405,0.006179201416671276,-0.02140113724216957,-0.009147402003695326,-0.026834108916426347,0.02010561153292656,0.1736624538898468,0.04401298612356186,-0.026834108916426347,0.0,0.0,0.0,0.0,0.0,0.0,-0.00018855270029354446,7.565289571456929e-05,0.0002535398526182958,0.0,0.0,0.0,-0.02140113724216957,-0.009147402003695326,-0.026834108916426347,0.0,0.0,0.0,0.0,0.0,0.0,zero,0.0,0.0,0.0,0.0,-0.00018855270029354446,7.565289571456929e-05,0.0002535398526182958,-0.0013087793061781691,0.004946707290951896,-0.014202409618204834,1,0.006121635437011719
1.9582240020026802,1788362952.1625113,control,preflight_voltage_failed,1,1,0.001671607002208475,3.774193525314331,3774.0,0,10.0,0.007933941000374034,nan,10,0,1,1.0,0.020119668915867805,0.1736336350440979,0.04398398473858833,0.00037951485137455165,-0.0005892867920920253,-0.00039653319981880486,0.0074763172306120396,-0.005482328590005636,-0.01970618963241577,0.0005094172665849328,-0.010190571658313274,-0.001621411181986332,-0.021522591889525565,-0.009717408542683019,-0.02731319538941652,0.020119668915867805,0.1736336350440979,0.04398398473858833,-0.02731319538941652,0.0,0.0,0.0,0.0,0.0,0.0,-8.62784995137075e-05,4.587093642193165e-06,4.469654146730748e-05,0.0,0.0,0.0,-0.021522591889525565,-0.009717408542683019,-0.02731319538941652,0.0,0.0,0.0,0.0,0.0,0.0,zero,0.0,0.0,0.0,0.0,-8.62784995137075e-05,4.587093642193165e-06,4.469654146730748e-05,0.006834527036209246,-0.004749009446273806,-0.013956063655442283,1,0.002254962921142578
1.969355256005656,1788362952.1735928,control,preflight_voltage_failed,1,1,0.0018853370056604035,3.774193525314331,3774.0,0,10.0,0.007001534002483822,nan,10,0,1,1.0,0.02003386989235878,0.17366330325603485,0.04402881860733032,-0.0022502955980598927,0.0040138764306902885,0.0030561962630599737,-0.10317662358283997,0.4258809983730316,0.265712708234787,-0.0363026037812233,0.03266473114490509,0.025819789618253708,-0.022182024162861705,-0.008700217233682899,-0.026977763345506233,0.02003386989235878,0.17366330325603485,0.04402881860733032,-0.026977763345506233,0.0,0.0,0.0,0.0,0.0,0.0,-3.423301816933651e-05,0.0003981147421600102,8.505782876788466e-05,0.0,0.0,0.0,-0.022182024162861705,-0.008700217233682899,-0.026977763345506233,0.0,0.0,0.0,0.0,0.0,0.0,zero,0.0,0.0,0.0,0.0,-3.423301816933651e-05,0.0003981147421600102,8.505782876788466e-05,-0.004402618525838881,0.05114803315693046,0.024693599170737317,1,0.0023505687713623047
1.9804725270005292,1788362952.184734,control,preflight_voltage_failed,1,1,0.002801138994982466,3.774193525314331,3774.0,0,10.0,0.0057158729978255,nan,10,0,1,1.0,0.02012205682694912,0.17364121973514557,0.044047970324754715,-7.015024311840534e-05,0.0027778579387813807,0.002820683177560568,-0.03977034613490105,0.3164561092853546,0.20794978737831116,-0.029023228213191032,0.013904957100749016,-0.0005762353539466858,-0.02217142477641325,-0.00934729514676425,-0.02804597076001405,0.02012205682694912,0.17364121973514557,0.044047970324754715,-0.02804597076001405,0.0,0.0,0.0,0.0,0.0,0.0,-0.00024707390961649047,0.0012279862546631518,0.0006736946311304301,0.0,0.0,0.0,-0.02217142477641325,-0.00934729514676425,-0.02804597076001405,0.0,0.0,0.0,0.0,0.0,0.0,zero,0.0,0.0,0.0,0.0,-0.00024707390961649047,0.0012279862546631518,0.0006736946311304301,-0.020877929847759855,0.08140352684529518,0.057740398388559926,1,0.0032973289489746094
1.9915846670046449,1788362952.1958303,control,preflight_voltage_failed,1,1,0.003878538998833392,3.774193525314331,3774.0,0,10.0,0.00467426200339105,nan,10,0,1,1.0,0.020102834329009056,0.1736622452735901,0.04400508105754852,-0.0004400641773827374,0.0026422436349093914,0.001399890286847949,-0.03920481726527214,0.25045618414878845,0.1379813700914383,-0.005344018340110779,0.009617133997380733,0.030700979754328728,-0.02129114803933502,-0.009388815931392975,-0.026484479163710127,0.020102834329009056,0.1736622452735901,0.04400508105754852,-0.026484479163710127,0.0,0.0,0.0,0.0,0.0,0.0,-0.0004288638782747841,0.0019410601921814419,0.001261063954886104,0.0,0.0,0.0,-0.02129114803933502,-0.009388815931392975,-0.026484479163710127,0.0,0.0,0.0,0.0,0.0,0.0,zero,0.0,0.0,0.0,0.0,-0.0004288638782747841,0.0019410601921814419,0.001261063954886104,-0.018152613863045317,0.07120390601915803,0.05865168803222831,1,0.0043790340423583984
2.0026897070056293,1788362952.2069263,control,preflight_voltage_failed,1,1,0.014983578999817837,3.774193525314331,3774.0,0,10.0,0.0034900320024462417,nan,10,0,1,1.0,0.020102834329009056,0.1736622452735901,0.04400508105754852,-0.0004400641773827374,0.0026422436349093914,0.001399890286847949,-0.03920481726527214,0.25045618414878845,0.1379813700914383,-0.005344018340110779,0.009617133997380733,0.030700979754328728,-0.02129114803933502,-0.009388815931392975,-0.026484479163710127,0.020102834329009056,0.1736622452735901,0.04400508105754852,-0.026484479163710127,0.0,0.0,0.0,0.0,0.0,0.0,-0.0004288638782747841,0.0019410601921814419,0.001261063954886104,0.0,0.0,0.0,-0.02129114803933502,-0.009388815931392975,-0.026484479163710127,0.0,0.0,0.0,0.0,0.0,0.0,zero,0.0,0.0,0.0,0.0,-0.0004288638782747841,0.0019410601921814419,0.001261063954886104,-0.018152613863045317,0.07120390601915803,0.05865168803222831,1,0.015475034713745117
2.0137787670028047,1788362952.218078,control,preflight_voltage_failed,1,1,0.006257788998482283,3.774193525314331,3774.0,0,10.0,0.0022887930026627146,nan,10,0,1,1.0,0.02008555643260479,0.1736251711845398,0.044048186391592026,8.507858728989959e-05,-0.0007371015381067991,0.0034851066302508116,0.01158701628446579,0.011457353830337524,0.20433464646339417,-0.05429908260703087,0.04671994224190712,0.016174526885151863,-0.02284201350859227,-0.008070552481851356,-0.026793256858610143,0.02008555643260479,0.1736251711845398,0.044048186391592026,-0.026793256858610143,0.0,0.0,0.0,0.0,0.0,0.0,-0.000549216696789963,0.002764538383986022,0.0018678047091607835,0.0,0.0,0.0,-0.02284201350859227,-0.008070552481851356,-0.026793256858610143,0.0,0.0,0.0,0.0,0.0,0.0,zero,0.0,0.0,0.0,0.0,-0.000549216696789963,0.002764538383986022,0.0018678047091607835,-0.012251140038367048,0.08149019315568738,0.0626999496009824,1,0.0067250728607177734
2.02493453000352,1788362952.229199,control,preflight_voltage_failed,1,1,0.0071704110014252365,3.774193525314331,3774.0,0,10.0,0.0013268870025058277,nan,10,0,1,1.0,0.02010384388267994,0.17364604771137238,0.044035278260707855,0.00043438468128442764,-0.00017149685299955308,0.002529518213123083,0.016266675665974617,0.020495692268013954,0.14432601630687714,-0.04936940222978592,0.01854192651808262,0.012288801372051239,-0.023137964753957768,-0.009011279501424708,-0.026804123991513162,0.02010384388267994,0.17364604771137238,0.044035278260707855,-0.026804123991513162,0.0,0.0,0.0,0.0,0.0,0.0,-0.0005025901049912967,0.002572027678200028,0.00211830840660466,0.0,0.0,0.0,-0.023137964753957768,-0.009011279501424708,-0.026804123991513162,0.0,0.0,0.0,0.0,0.0,0.0,zero,0.0,0.0,0.0,0.0,-0.0005025901049912967,0.002572027678200028,0.00211830840660466,0.004669900675474313,-0.019280969084507826,0.025089275041874977,1,0.007861614227294922
2.0359911270061275,1788362952.2402842,control,preflight_voltage_failed,1,1,0.01822700800403254,3.774193525314331,3774.0,0,10.0,0.0005497490055859089,nan,10,0,1,1.0,0.02010384388267994,0.17364604771137238,0.044035278260707855,0.00043438468128442764,-0.00017149685299955308,0.002529518213123083,0.016266675665974617,0.020495692268013954,0.14432601630687714,-0.04936940222978592,0.01854192651808262,0.012288801372051239,-0.023137964753957768,-0.009011279501424708,-0.026804123991513162,0.02010384388267994,0.17364604771137238,0.044035278260707855,-0.026804123991513162,0.0,0.0,0.0,0.0,0.0,0.0,-0.0005025901049912967,0.002572027678200028,0.00211830840660466,0.0,0.0,0.0,-0.023137964753957768,-0.009011279501424708,-0.026804123991513162,0.0,0.0,0.0,0.0,0.0,0.0,zero,0.0,0.0,0.0,0.0,-0.0005025901049912967,0.002572027678200028,0.00211830840660466,0.004669900675474313,-0.019280969084507826,0.025089275041874977,1,0.01894688606262207
2.047116547000769,1788362952.251762,control,preflight_voltage_failed,1,1,0.008027976997254882,3.774193525314331,3774.0,0,10.0,0.01167516900022747,nan,10,0,1,1.0,0.020070526748895645,0.1736612766981125,0.043988242745399475,-0.00717163784429431,0.00045642346958629787,0.003969885408878326,-1.6423029899597168,0.11679502576589584,0.6385619640350342,-0.07333186268806458,0.14876161515712738,-0.12098733335733414,-0.02182889339440556,-0.008815453385701232,-0.027227673584655703,0.020070526748895645,0.1736612766981125,0.043988242745399475,-0.027227673584655703,0.0,0.0,0.0,0.0,0.0,0.0,0.0003178220149117267,-0.0002687341273825846,0.0026204895288857674,0.0,0.0,0.0,-0.02182889339440556,-0.008815453385701232,-0.027227673584655703,0.0,0.0,0.0,0.0,0.0,0.0,zero,0.0,0.0,0.0,0.0,0.0003178220149117267,-0.0002687341273825846,0.0026204895288857674,0.4373364147939671,-1.5195875473687053,0.26843920529221793,1,0.008873462677001953
2.0582482579993666,1788362952.2624848,control,preflight_voltage_failed,1,1,0.007940878997032996,3.774193525314331,3774.0,0,10.0,0.010359183994296473,nan,10,0,1,1.0,0.020089592784643173,0.1736922562122345,0.0440312996506691,-0.00539519265294075,0.0009210297139361501,0.003948513884097338,-1.281966209411621,0.10177283734083176,0.5104660987854004,-0.061614200472831726,0.10750430077314377,-0.09380211681127548,-0.021994872483563653,-0.009452819117947068,-0.027047152195929906,0.020089592784643173,0.1736922562122345,0.0440312996506691,-0.027047152195929906,0.0,0.0,0.0,0.0,0.0,0.0,-0.0003958273913922928,-0.0008318456113082414,0.0028684949055361123,0.0,0.0,0.0,-0.021994872483563653,-0.009452819117947068,-0.027047152195929906,0.0,0.0,0.0,0.0,0.0,0.0,zero,0.0,0.0,0.0,0.0,-0.0003958273913922928,-0.0008318456113082414,0.0028684949055361123,-0.06402700661943475,-0.05052108555027419,0.022250480070717615,1,0.00845026969909668
2.0693249290052336,1788362952.2736092,control,preflight_voltage_failed,1,1,0.0032105589998536743,3.774193525314331,3774.0,0,10.0,0.00956467300420627,nan,10,0,1,1.0,0.02009592019021511,0.17363980412483215,0.044013623148202896,-0.004236198030412197,7.401150651276112e-05,0.0029354416765272617,-1.0109273195266724,0.07071489840745926,0.39557117223739624,-0.04962187260389328,0.09099943935871124,-0.07525327056646347,-0.0220207927855179,-0.009057922302133337,-0.02707259170288142,0.02009592019021511,0.17363980412483215,0.044013623148202896,-0.02707259170288142,0.0,0.0,0.0,0.0,0.0,0.0,-0.0023141956667941644,-0.0005873967720235103,0.0032281588534636566,0.0,0.0,0.0,-0.0220207927855179,-0.009057922302133337,-0.02707259170288142,0.0,0.0,0.0,0.0,0.0,0.0,zero,0.0,0.0,0.0,0.0,-0.0023141956667941644,-0.0005873967720235103,0.0032281588534636566,-0.12120721455457899,0.015444877446482657,0.022724450702703822,1,0.0037474632263183594
2.080443388003914,1788362952.2847214,control,preflight_voltage_failed,1,1,0.009955592002370395,3.774193525314331,3774.0,0,10.0,0.0084842119977111,nan,10,0,1,1.0,0.020098378881812096,0.1736743301153183,0.04403150454163551,-0.0032785767689347267,0.001609237864613533,0.003151130396872759,-0.7657498717308044,0.12549521028995514,0.3261401951313019,-0.05993174761533737,0.09946124255657196,-0.05698155611753464,-0.022472013214497946,-0.008462599332726318,-0.027014071299108613,0.020098378881812096,0.1736743301153183,0.04403150454163551,-0.027014071299108613,0.0,0.0,0.0,0.0,0.0,0.0,-0.003834587066623728,-0.0003598197766581159,0.003501251944635265,0.0,0.0,0.0,-0.022472013214497946,-0.008462599332726318,-0.027014071299108613,0.0,0.0,0.0,0.0,0.0,0.0,zero,0.0,0.0,0.0,0.0,-0.003834587066623728,-0.0003598197766581159,0.003501251944635265,-0.3412158879485654,0.051074273742257766,0.061289284855981674,1,0.010403871536254883
2.091571565004415,1788362952.2958128,control,preflight_voltage_failed,1,1,0.009559256002830807,3.774193525314331,3774.0,0,10.0,0.007470420001482125,nan,10,0,1,1.0,0.02010526694357395,0.17367233335971832,0.04400736838579178,-0.0025021552573889494,0.0012523992918431759,0.0020979430992156267,-0.5989938974380493,0.09414294362068176,0.2424561232328415,-0.034148264676332474,0.06443381309509277,-0.0449918657541275,-0.021685155257485766,-0.009325325983964716,-0.02696114809758141,0.02010526694357395,0.17367233335971832,0.04400736838579178,-0.02696114809758141,0.0,0.0,0.0,0.0,0.0,0.0,-0.004489100069371975,2.75865144495644e-05,0.0035128677830410953,0.0,0.0,0.0,-0.021685155257485766,-0.009325325983964716,-0.02696114809758141,0.0,0.0,0.0,0.0,0.0,0.0,zero,0.0,0.0,0.0,0.0,-0.004489100069371975,2.75865144495644e-05,0.0035128677830410953,-0.05735352565505033,0.033947555759283564,0.0010178702076450042,1,0.010083436965942383
2.1027113140007714,1788362952.3069434,control,preflight_voltage_failed,1,1,0.00034996599424630404,3.774193525314331,3774.0,0,10.0,0.006442347999836784,nan,10,0,1,1.0,0.02011841908097267,0.17364121973514557,0.04399067535996437,-0.0007596112554892898,0.00010369991650804877,0.0007086966070346534,-0.33201172947883606,0.03291255980730057,0.11800193786621094,-0.03598510101437569,0.028851553797721863,-0.0380728654563427,-0.022195031966600852,-0.010050866194826263,-0.02744066418008106,0.02011841908097267,0.17364121973514557,0.04399067535996437,-0.02744066418008106,0.0,0.0,0.0,0.0,0.0,0.0,-0.003983938014764326,0.0008451855229230022,0.0028701237367382095,0.0,0.0,0.0,-0.022195031966600852,-0.010050866194826263,-0.02744066418008106,0.0,0.0,0.0,0.0,0.0,0.0,zero,0.0,0.0,0.0,0.0,-0.003983938014764326,0.0008451855229230022,0.0028701237367382095,0.04651502869965104,0.054149862598905335,-0.05118946133154745,1,0.0008523464202880859
2.11379054900317,1788362952.3180397,control,preflight_voltage_failed,1,1,0.006387111003277823,3.774193525314331,3774.0,0,10.0,0.005800382998131681,nan,10,0,1,1.0,0.020103497430682182,0.17367921769618988,0.043995875865221024,-0.001200428232550621,0.0015923696337267756,0.0007735392428003252,-0.28312015533447266,0.08546512573957443,0.09697732329368591,0.0027918051928281784,0.05707625672221184,0.00904015265405178,-0.0214094152651845,-0.009173600286499183,-0.026465176677070115,0.020103497430682182,0.17367921769618988,0.043995875865221024,-0.026465176677070115,0.0,0.0,0.0,0.0,0.0,0.0,-0.0036556600640950026,0.001084758398779059,0.002556173783022947,0.0,0.0,0.0,-0.0214094152651845,-0.009173600286499183,-0.026465176677070115,0.0,0.0,0.0,0.0,0.0,0.0,zero,0.0,0.0,0.0,0.0,-0.0036556600640950026,0.001084758398779059,0.002556173783022947,0.06522180482232709,0.04759800442871309,-0.062375138395516116,1,0.00691533088684082
2.124970882003254,1788362952.3292058,control,preflight_voltage_failed,1,1,0.006588231997739058,3.774193525314331,3774.0,0,10.0,0.004691635003837291,nan,10,0,1,1.0,0.02006840892136097,0.17367660999298096,0.044001441448926926,-0.0015987390652298927,0.0012264514807611704,0.0007200910476967692,-0.23374295234680176,0.06171462684869766,0.07660943269729614,-0.015007194131612778,0.033762916922569275,-0.006079385057091713,-0.022350201718763486,-0.009843412342094893,-0.027182374337599624,0.02006840892136097,0.17367660999298096,0.044001441448926926,-0.027182374337599624,0.0,0.0,0.0,0.0,0.0,0.0,-0.0030643492756781882,0.0012133767487234038,0.0020848838014460654,0.0,0.0,0.0,-0.022350201718763486,-0.009843412342094893,-0.027182374337599624,0.0,0.0,0.0,0.0,0.0,0.0,zero,0.0,0.0,0.0,0.0,-0.0030643492756781882,0.0012133767487234038,0.0020848838014460654,0.053788570671664926,0.01169976489719936,-0.04287088106200179,1,0.007088184356689453
2.135990994000167,1788362952.3402348,control,preflight_voltage_failed,1,1,0.006963233994611073,3.774193525314331,3774.0,0,10.0,0.003587219995097257,nan,10,0,1,1.0,0.020137840881943703,0.1736578792333603,0.04402218386530876,2.2597843781113625e-05,0.0006300297100096941,0.0009649153798818588,-0.15660037100315094,0.03819102793931961,0.06587708741426468,-0.017806027084589005,0.056383684277534485,0.0007993965409696102,-0.022662027300480773,-0.008270119112177917,-0.02691561989326344,0.020137840881943703,0.1736578792333603,0.04402218386530876,-0.02691561989326344,0.0,0.0,0.0,0.0,0.0,0.0,-0.0024368205519330445,0.0012723756793982313,0.001630641221173186,0.0,0.0,0.0,-0.022662027300480773,-0.008270119112177917,-0.02691561989326344,0.0,0.0,0.0,0.0,0.0,0.0,zero,0.0,0.0,0.0,0.0,-0.0024368205519330445,0.0012723756793982313,0.001630641221173186,0.05882193349392462,0.00553031446218996,-0.04257881087491304,1,0.007448911666870117
2.1471385219992953,1788362952.3517752,control,preflight_voltage_failed,1,1,0.006378763995599002,3.774193525314331,3774.0,0,10.0,0.002403400998446159,nan,10,0,1,1.0,0.020125824958086014,0.1736723631620407,0.0440104641020298,-0.00018658640328794718,0.0007507255068048835,0.0005723120411857963,-0.128843292593956,0.03260860964655876,0.046014539897441864,-0.0006829528138041496,0.02326318435370922,-0.00039725826354697347,-0.021865518108388528,-0.00955361025803621,-0.026947923969693935,0.020125824958086014,0.1736723631620407,0.0440104641020298,-0.026947923969693935,0.0,0.0,0.0,0.0,0.0,0.0,-0.0017470859961010894,0.0012113099729404095,0.001251997683297893,0.0,0.0,0.0,-0.021865518108388528,-0.00955361025803621,-0.026947923969693935,0.0,0.0,0.0,0.0,0.0,0.0,zero,0.0,0.0,0.0,0.0,-0.0017470859961010894,0.0012113099729404095,0.001251997683297893,0.05874023160333386,-0.005200571306779044,-0.03224662143115722,1,0.007247209548950195
2.1582805790021666,1788362952.3625565,control,preflight_voltage_failed,1,1,0.00801677799609024,3.774193525314331,3774.0,0,10.0,0.001254850001714658,nan,10,0,1,1.0,0.02008449099957943,0.1736859828233719,0.04398530349135399,-0.0010216766968369484,0.0008880412206053734,-7.319811265915632e-05,-0.12070031464099884,0.028985116630792618,0.023187290877103806,0.0031859506852924824,0.016503989696502686,0.01821461319923401,-0.02169712965053834,-0.009634269580099764,-0.026067868430101924,0.02008449099957943,0.1736859828233719,0.04398530349135399,-0.026067868430101924,0.0,0.0,0.0,0.0,0.0,0.0,-0.0011774612317782616,0.0011166681981862002,0.0009429985520661236,0.0,0.0,0.0,-0.02169712965053834,-0.009634269580099764,-0.026067868430101924,0.0,0.0,0.0,0.0,0.0,0.0,zero,0.0,0.0,0.0,0.0,-0.0011774612317782616,0.0011166681981862002,0.0009429985520661236,0.06010967940972385,-0.009987077626454297,-0.03260714751105581,1,0.008552074432373047
2.1693573709999328,1788362952.3736362,control,preflight_voltage_failed,1,1,0.009592774993507192,3.774193525314331,3774.0,0,10.0,0.00020598399714799598,nan,10,0,1,1.0,0.02008916810154915,0.17366355657577515,0.04401979222893715,-0.0007189520401880145,0.00023866581614129245,0.000666959909722209,-0.09019201993942261,0.009527581743896008,0.03412008285522461,-0.019965313374996185,0.013879691250622272,-0.006649019196629524,-0.022757654865535014,-0.00962454000877099,-0.02707714248595617,0.02008916810154915,0.17366355657577515,0.04401979222893715,-0.02707714248595617,0.0,0.0,0.0,0.0,0.0,0.0,-0.0008030392985174078,0.0010073184060150884,0.0006821987733320067,0.0,0.0,0.0,-0.022757654865535014,-0.00962454000877099,-0.02707714248595617,0.0,0.0,0.0,0.0,0.0,0.0,zero,0.0,0.0,0.0,0.0,-0.0008030392985174078,0.0010073184060150884,0.0006821987733320067,0.03938504821095782,-0.011502389293837161,-0.02743325362751722,1,0.010125160217285156
2.1804499810023117,1788362952.3847244,control,preflight_voltage_failed,1,1,0.00964785499672871,3.774193525314331,3774.0,0,10.0,0.011298593999526929,nan,10,0,1,1.0,0.020099230110645294,0.17371715605258942,0.044011734426021576,-0.00039276957977563143,0.0011625199113041162,0.00038750568637624383,-0.06624097377061844,0.024368586018681526,0.02223045378923416,-0.008271166123449802,0.029135700315237045,-0.0082235774025321,-0.022331144067828348,-0.00863363702374454,-0.027259758371584158,0.020099230110645294,0.17371715605258942,0.044011734426021576,-0.027259758371584158,0.0,0.0,0.0,0.0,0.0,0.0,-0.0005987314569055808,0.0008870372769637656,0.0005038623456857426,0.0,0.0,0.0,-0.022331144067828348,-0.00863363702374454,-0.027259758371584158,0.0,0.0,0.0,0.0,0.0,0.0,zero,0.0,0.0,0.0,0.0,-0.0005987314569055808,0.0008870372769637656,0.0005038623456857426,0.018516988575648312,-0.010901413645889608,-0.016163127011159427,1,0.010179758071899414
2.191552357006003,1788362952.3958137,control,preflight_voltage_failed,1,1,0.00943177800218109,3.774193525314331,3774.0,0,10.0,0.010064242000225931,nan,10,0,1,1.0,0.020090272650122643,0.1736716330051422,0.04403071105480194,-0.0004724386380985379,0.0001259049167856574,0.0006452043307945132,-0.054400037974119186,0.0011842865496873856,0.022336306050419807,-0.0038765068165957928,0.014994071796536446,0.0011317525058984756,-0.02217996077147694,-0.009094513107931256,-0.0268128546706761,0.020090272650122643,0.1736716330051422,0.04403071105480194,-0.0268128546706761,0.0,0.0,0.0,0.0,0.0,0.0,-0.0004786158925072716,0.0007885198125249395,0.0004188346835717208,0.0,0.0,0.0,-0.02217996077147694,-0.009094513107931256,-0.0268128546706761,0.0,0.0,0.0,0.0,0.0,0.0,zero,0.0,0.0,0.0,0.0,-0.0004786158925072716,0.0007885198125249395,0.0004188346835717208,0.01060857427285925,-0.008701035905782825,-0.007509620200368291,1,0.009946584701538086
2.202662362004048,1788362952.4069242,control,preflight_voltage_failed,1,1,0.004444229998625815,3.774193525314331,3774.0,0,10.0,0.008940398998674937,nan,10,0,1,1.0,0.02011413313448429,0.1736021786928177,0.04400171712040901,0.000810636265669018,-0.0019613956101238728,0.00017662873142398894,0.010950416326522827,-0.06087058410048485,0.015269966796040535,0.0019711623899638653,0.024109411984682083,-0.0030579776503145695,-0.022027184481790887,-0.009059668267482623,-0.02677926571519565,0.02011413313448429,0.1736021786928177,0.04400171712040901,-0.02677926571519565,0.0,0.0,0.0,0.0,0.0,0.0,-0.0003891104199161485,0.0005212276097707165,0.00028788189410548483,0.0,0.0,0.0,-0.022027184481790887,-0.009059668267482623,-0.02677926571519565,0.0,0.0,0.0,0.0,0.0,0.0,zero,0.0,0.0,0.0,0.0,-0.0003891104199161485,0.0005212276097707165,0.00028788189410548483,0.005571305508364924,-0.02335946794817962,-0.010362322354633415,1,0.0048847198486328125
2.2137690340023255,1788362952.4180272,control,preflight_voltage_failed,1,1,0.015550901996903121,3.774193525314331,3774.0,0,10.0,0.007687937999435235,nan,10,0,1,1.0,0.02011413313448429,0.1736021786928177,0.04400171712040901,0.000810636265669018,-0.0019613956101238728,0.00017662873142398894,0.010950416326522827,-0.06087058410048485,0.015269966796040535,0.0019711623899638653,0.024109411984682083,-0.0030579776503145695,-0.022027184481790887,-0.009059668267482623,-0.02677926571519565,0.02011413313448429,0.1736021786928177,0.04400171712040901,-0.02677926571519565,0.0,0.0,0.0,0.0,0.0,0.0,-0.0003891104199161485,0.0005212276097707165,0.00028788189410548483,0.0,0.0,0.0,-0.022027184481790887,-0.009059668267482623,-0.02677926571519565,0.0,0.0,0.0,0.0,0.0,0.0,zero,0.0,0.0,0.0,0.0,-0.0003891104199161485,0.0005212276097707165,0.00028788189410548483,0.005571305508364924,-0.02335946794817962,-0.010362322354633415,1,0.015987634658813477
2.2249290670006303,1788362952.4292207,control,preflight_voltage_failed,1,1,0.0024119660010910593,3.774193525314331,3774.0,0,10.0,0.0065749879940995015,nan,10,0,1,1.0,0.02010197751224041,0.17369121313095093,0.04401133581995964,0.00025115738390013576,-0.00010780480806715786,0.0004967551794834435,-0.003717686515301466,-0.012716945260763168,0.019741617143154144,-0.0003261268138885498,0.032147735357284546,-0.005000903736799955,-0.02158781964437356,-0.008735489308362864,-0.027443142561499347,0.02010197751224041,0.17369121313095093,0.04401133581995964,-0.027443142561499347,0.0,0.0,0.0,0.0,0.0,0.0,6.944918153902065e-05,-0.0004932262168861311,8.688296143098668e-05,0.0,0.0,0.0,-0.02158781964437356,-0.008735489308362864,-0.027443142561499347,0.0,0.0,0.0,0.0,0.0,0.0,zero,0.0,0.0,0.0,0.0,6.944918153902065e-05,-0.0004932262168861311,8.688296143098668e-05,0.02580497990520074,-0.05024362304505761,-0.00867369137770251,1,0.0029387474060058594
2.235979667006177,1788362952.4402514,control,preflight_voltage_failed,1,1,0.005869052001798991,3.774193525314331,3774.0,0,10.0,0.005447836003440898,nan,10,0,1,1.0,0.020116854459047318,0.17366686463356018,0.04400606453418732,0.0005942364223301411,-0.0007299592834897339,0.0002580441068857908,0.006096031051129103,-0.02662181481719017,0.009482350200414658,-0.031293924897909164,0.009810680523514748,0.004950083326548338,-0.02276481801246462,-0.00932953389025404,-0.027091305219712494,0.020116854459047318,0.17366686463356018,0.04400606453418732,-0.027091305219712494,0.0,0.0,0.0,0.0,0.0,0.0,0.00023991185243872336,-0.0007541130091791312,6.028980657182214e-05,0.0,0.0,0.0,-0.02276481801246462,-0.00932953389025404,-0.027091305219712494,0.0,0.0,0.0,0.0,0.0,0.0,zero,0.0,0.0,0.0,0.0,0.00023991185243872336,-0.0007541130091791312,6.028980657182214e-05,0.022537267129154794,-0.03449245102955806,-0.00351594300209347,1,0.006405830383300781
2.2471422140006325,1788362952.4516153,control,preflight_voltage_failed,1,1,0.0086967539973557,3.774193525314331,3774.0,0,10.0,0.004218545000185259,nan,10,0,1,1.0,0.020097926259040833,0.17363443970680237,0.04402652382850647,2.9375689337030053e-05,-0.0013480102643370628,0.0006885266047902405,-0.008433236740529537,-0.03586085885763168,0.01772952824831009,-0.005495784804224968,-0.0065574003383517265,0.006985295098274946,-0.021936962404355862,-0.009937880012205086,-0.026949281147525813,0.020097926259040833,0.17363443970680237,0.04402652382850647,-0.026949281147525813,0.0,0.0,0.0,0.0,0.0,0.0,0.00035442392602679824,-0.0009052677786823594,8.458125598034632e-05,0.0,0.0,0.0,-0.021936962404355862,-0.009937880012205086,-0.026949281147525813,0.0,0.0,0.0,0.0,0.0,0.0,zero,0.0,0.0,0.0,0.0,0.00035442392602679824,-0.0009052677786823594,8.458125598034632e-05,0.013490771538080919,-0.017807680870357508,0.0028617977478785066,1,0.009281635284423828
2.2582513720044517,1788362952.4624841,control,preflight_voltage_failed,1,1,0.0006156910021672957,3.774193525314331,3774.0,0,10.0,0.003086529999563936,nan,10,0,1,1.0,0.020088346675038338,0.17366191744804382,0.0440102256834507,-0.00020311522530391812,-0.0003176532336510718,4.5816588681191206e-05,-0.010711346752941608,-0.003005695529282093,-0.002766817808151245,-0.005287350155413151,0.013652248308062553,0.002053171629086137,-0.02200510112829885,-0.008981860339530471,-0.027107064084573473,0.020088346675038338,0.17366191744804382,0.0440102256834507,-0.027107064084573473,0.0,0.0,0.0,0.0,0.0,0.0,0.00038809761438012675,-0.001059375657857199,0.0003031991049437495,0.0,0.0,0.0,-0.02200510112829885,-0.008981860339530471,-0.027107064084573473,0.0,0.0,0.0,0.0,0.0,0.0,zero,0.0,0.0,0.0,0.0,0.00038809761438012675,-0.001059375657857199,0.0003031991049437495,-0.0017187486909389547,-0.004443299936947161,0.01323182833321467,1,0.0012705326080322266
2.269303872999444,1788362952.4735308,control,preflight_voltage_failed,1,1,0.011668191997159738,3.774193525314331,3774.0,0,10.0,0.002060316997813061,nan,10,0,1,1.0,0.020088346675038338,0.17366191744804382,0.0440102256834507,-0.00020311522530391812,-0.0003176532336510718,4.5816588681191206e-05,-0.010711346752941608,-0.003005695529282093,-0.002766817808151245,-0.005287350155413151,0.013652248308062553,0.002053171629086137,-0.02200510112829885,-0.008981860339530471,-0.027107064084573473,0.020088346675038338,0.17366191744804382,0.0440102256834507,-0.027107064084573473,0.0,0.0,0.0,0.0,0.0,0.0,0.00038809761438012675,-0.001059375657857199,0.0003031991049437495,0.0,0.0,0.0,-0.02200510112829885,-0.008981860339530471,-0.027107064084573473,0.0,0.0,0.0,0.0,0.0,0.0,zero,0.0,0.0,0.0,0.0,0.00038809761438012675,-0.001059375657857199,0.0003031991049437495,-0.0017187486909389547,-0.004443299936947161,0.01323182833321467,1,0.012317180633544922
2.2804355370026315,1788362952.4846473,control,preflight_voltage_failed,1,1,0.0025730170018505305,3.774193525314331,3774.0,0,10.0,0.0008140680001815781,nan,10,0,1,1.0,0.020105674862861633,0.17365136742591858,0.04401899129152298,1.6660618712194264e-05,-0.0007538750651292503,3.84050072170794e-05,-0.006519940681755543,-0.018103938549757004,-0.005235503427684307,0.018390143290162086,-0.005726172588765621,-0.016543494537472725,-0.021575164773583948,-0.00943033761677064,-0.02764912566439484,0.020105674862861633,0.17365136742591858,0.04401899129152298,-0.02764912566439484,0.0,0.0,0.0,0.0,0.0,0.0,0.0002363214450323399,-0.0007860834820709908,0.00041183287824443735,0.0,0.0,0.0,-0.021575164773583948,-0.00943033761677064,-0.02764912566439484,0.0,0.0,0.0,0.0,0.0,0.0,zero,0.0,0.0,0.0,0.0,0.0002363214450323399,-0.0007860834820709908,0.00041183287824443735,-0.008700824090731259,0.0184660037525901,0.003441893132627016,1,0.003159761428833008
2.291547004999302,1788362952.4957323,control,preflight_voltage_failed,1,1,0.0009756849976838566,3.774193525314331,3774.0,0,10.0,0.0005205799971008673,nan,10,0,1,1.0,0.020070655271410942,0.17370381951332092,0.0440375953912735,-0.0005387589917518198,0.00022381253074854612,0.00032401958014816046,-0.013972200453281403,0.0009301947429776192,0.0003143404610455036,0.01766359992325306,-0.0012757694348692894,-0.009566839784383774,-0.021390076651044653,-0.009215737917346043,-0.027421009801717747,0.020070655271410942,0.17370381951332092,0.0440375953912735,-0.027421009801717747,0.0,0.0,0.0,0.0,0.0,0.0,0.00013756378079612244,-0.0006035713839764984,0.00037501016707537323,0.0,0.0,0.0,-0.021390076651044653,-0.009215737917346043,-0.027421009801717747,0.0,0.0,0.0,0.0,0.0,0.0,zero,0.0,0.0,0.0,0.0,0.00013756378079612244,-0.0006035713839764984,0.00037501016707537323,-0.0077846206753734975,0.014386604455668518,-0.0029025680275747098,1,0.001558542251586914
2.3026646750004147,1788362952.5068414,control,preflight_voltage_failed,1,1,0.0023534719948656857,3.774193525314331,3774.0,0,10.0,0.010826649995578919,nan,10,0,1,1.0,0.020115045830607414,0.17368850111961365,0.04401792585849762,0.00046839771675877273,-0.00013131866580806673,-0.00013931220746599138,0.009228418581187725,-0.006451220251619816,-0.00913617480546236,0.005854067392647266,0.000491922372020781,0.0075563667342066765,-0.021805451372440946,-0.009124890668901835,-0.026672074015311978,0.020115045830607414,0.17368850111961365,0.04401792585849762,-0.026672074015311978,0.0,0.0,0.0,0.0,0.0,0.0,4.323207469996191e-05,-0.0004340693292437007,0.0003210022479222246,0.0,0.0,0.0,-0.021805451372440946,-0.009124890668901835,-0.026672074015311978,0.0,0.0,0.0,0.0,0.0,0.0,zero,0.0,0.0,0.0,0.0,4.323207469996191e-05,-0.0004340693292437007,0.0003210022479222246,-0.009556442978743793,0.017171710211438877,-0.005471369289786191,1,0.002796649932861328
2.3138613300034194,1788362952.5180836,control,preflight_voltage_failed,1,1,0.004094527001143433,3.774193525314331,3774.0,0,10.0,0.022023304998583626,nan,10,0,1,1.0,0.02010595239698887,0.1736748218536377,0.04404575750231743,0.00018304174591321498,-0.0003933941188734025,0.0004752010863739997,0.001367843709886074,-0.0106851477175951,0.0056441123597323895,0.006661933846771717,-0.005417336244136095,-0.009323062375187874,-0.021704877165062277,-0.009416361945330144,-0.027395026650640357,0.02010595239698887,0.1736748218536377,0.04404575750231743,-0.027395026650640357,0.0,0.0,0.0,0.0,0.0,0.0,4.53899883511232e-06,-0.00029658974709368167,0.00026559424196377374,0.0,0.0,0.0,-0.021704877165062277,-0.009416361945330144,-0.027395026650640357,0.0,0.0,0.0,0.0,0.0,0.0,zero,0.0,0.0,0.0,0.0,4.53899883511232e-06,-0.00029658974709368167,0.00026559424196377374,-0.004077958712270827,0.014489312293141529,-0.005839586426704382,1,0.004550457000732422
2.3249506339998334,1788362952.5291831,control,preflight_voltage_failed,1,1,0.004672982999181841,3.774193525314331,3774.0,0,10.0,0.008801227995718364,nan,10,0,1,1.0,0.020080991089344025,0.1736813187599182,0.04400322213768959,-0.0003293986083008349,-0.00019086616521235555,-0.0004306816263124347,-0.008674264885485172,-0.004687371663749218,-0.012753356248140335,0.001718038460239768,-0.010106062516570091,-0.00012940820306539536,-0.02189807205982621,-0.009710708114115289,-0.027004030987156598,0.020080991089344025,0.1736813187599182,0.04400322213768959,-0.027004030987156598,0.0,0.0,0.0,0.0,0.0,0.0,3.7360454433104707e-06,-0.00022186502895758445,0.00020960077724356066,0.0,0.0,0.0,-0.02189807205982621,-0.009710708114115289,-0.027004030987156598,0.0,0.0,0.0,0.0,0.0,0.0,zero,0.0,0.0,0.0,0.0,3.7360454433104707e-06,-0.00022186502895758445,0.00020960077724356066,-7.654334469074443e-05,0.007123302442716996,-0.0053377034262107916,1,0.005159854888916016
2.3359849370026495,1788362952.5403295,control,preflight_voltage_failed,1,1,0.003627448000770528,3.774193525314331,3774.0,0,10.0,0.007741298002656549,nan,10,0,1,1.0,0.020103441551327705,0.17362873256206512,0.04399820789694786,0.00010823595221154392,-0.00102346227504313,-0.00042757560731843114,0.00030733272433280945,-0.017536768689751625,-0.010151253081858158,-0.003193807788193226,-0.011310293339192867,-0.004253591410815716,-0.02217153293454377,-0.009910968576132446,-0.02725031454166954,0.020103441551327705,0.17362873256206512,0.04399820789694786,-0.02725031454166954,0.0,0.0,0.0,0.0,0.0,0.0,-1.6050566606262638e-05,-0.00023279185697040706,9.931069585833072e-05,0.0,0.0,0.0,-0.02217153293454377,-0.009910968576132446,-0.02725031454166954,0.0,0.0,0.0,0.0,0.0,0.0,zero,0.0,0.0,0.0,0.0,-1.6050566606262638e-05,-0.00023279185697040706,9.931069585833072e-05,-0.0016380354498366266,-0.0009045778829861625,-0.00913036868675408,1,0.0042266845703125
2.347204452002188,1788362952.5516546,control,preflight_voltage_failed,1,1,0.005632740998407826,3.774193525314331,3774.0,0,10.0,0.0069483420011238195,nan,10,0,1,1.0,0.02008097805082798,0.1736670285463333,0.04397915303707123,-0.00040083349449560046,1.219211844727397e-05,-0.0007555206539109349,-0.010800130665302277,0.00844264030456543,-0.015236889012157917,0.012853316031396389,-0.016829146072268486,0.001678685424849391,-0.02146385742139028,-0.010264367883495867,-0.027008346178500377,0.02008097805082798,0.1736670285463333,0.04397915303707123,-0.027008346178500377,0.0,0.0,0.0,0.0,0.0,0.0,-4.1451718337487156e-05,-0.0002799643790194849,-4.014473396144177e-05,0.0,0.0,0.0,-0.02146385742139028,-0.010264367883495867,-0.027008346178500377,0.0,0.0,0.0,0.0,0.0,0.0,zero,0.0,0.0,0.0,0.0,-4.1451718337487156e-05,-0.0002799643790194849,-4.014473396144177e-05,-0.002756180372807707,-0.005118507254444068,-0.015131767355187972,1,0.006335735321044922
2.358204989999649,1788362952.5624113,control,preflight_voltage_failed,1,1,0.00011766799434553832,3.774193525314331,3774.0,0,10.0,0.005798070997116156,nan,10,0,1,1.0,0.020149528980255127,0.17364372313022614,0.04399716109037399,0.0011647639330476522,-0.0006467130151577294,-0.000168642116477713,0.027467820793390274,-0.014281684532761574,0.0016851825639605522,-0.00837750919163227,0.017700977623462677,0.00553177110850811,-0.022275371681927062,-0.008893624833591018,-0.026587675652376557,0.020149528980255127,0.17364372313022614,0.04399716109037399,-0.026587675652376557,0.0,0.0,0.0,0.0,0.0,0.0,-2.1258060554477142e-05,-0.00039023126319120917,-0.0003080527486033708,0.0,0.0,0.0,-0.022275371681927062,-0.008893624833591018,-0.026587675652376557,0.0,0.0,0.0,0.0,0.0,0.0,zero,0.0,0.0,0.0,0.0,-2.1258060554477142e-05,-0.00039023126319120917,-0.0003080527486033708,0.004073179573666036,-0.0063511470276337925,-0.012914655789961782,1,0.0006585121154785156
2.369356985000195,1788362952.573627,control,preflight_voltage_failed,1,1,0.011269662994891405,3.774193525314331,3774.0,0,10.0,0.004590955999447033,nan,10,0,1,1.0,0.020149528980255127,0.17364372313022614,0.04399716109037399,0.0011647639330476522,-0.0006467130151577294,-0.000168642116477713,0.027467820793390274,-0.014281684532761574,0.0016851825639605522,-0.00837750919163227,0.017700977623462677,0.00553177110850811,-0.022275371681927062,-0.008893624833591018,-0.026587675652376557,0.020149528980255127,0.17364372313022614,0.04399716109037399,-0.026587675652376557,0.0,0.0,0.0,0.0,0.0,0.0,-2.1258060554477142e-05,-0.00039023126319120917,-0.0003080527486033708,0.0,0.0,0.0,-0.022275371681927062,-0.008893624833591018,-0.026587675652376557,0.0,0.0,0.0,0.0,0.0,0.0,zero,0.0,0.0,0.0,0.0,-2.1258060554477142e-05,-0.00039023126319120917,-0.0003080527486033708,0.004073179573666036,-0.0063511470276337925,-0.012914655789961782,1,0.011874198913574219
2.3804305660014506,1788362952.584667,control,preflight_voltage_failed,1,1,0.0013805359994876198,3.774193525314331,3774.0,0,10.0,0.0034706539954640903,nan,10,0,1,1.0,0.020075684413313866,0.17369204759597778,0.04404062405228615,-0.0008097944082692266,0.00024340963864233345,0.00154319207649678,-0.033347297459840775,0.005665614735335112,0.06297049671411514,-0.0014339949702844024,0.025386756286025047,0.030749963596463203,-0.021675588938309186,-0.009158154035723322,-0.026448381584036187,0.020075684413313866,0.17369204759597778,0.04404062405228615,-0.026448381584036187,0.0,0.0,0.0,0.0,0.0,0.0,0.00040370970558764314,-0.0004934524365286343,-0.0003660943633652335,0.0,0.0,0.0,-0.021675588938309186,-0.009158154035723322,-0.026448381584036187,0.0,0.0,0.0,0.0,0.0,0.0,zero,0.0,0.0,0.0,0.0,0.00040370970558764314,-0.0004934524365286343,-0.0003660943633652335,0.03200701549317279,-0.005713510730935156,-0.0010460521958912527,1,0.0018050670623779297
2.3915677450058865,1788362952.5957842,control,preflight_voltage_failed,1,1,0.0021291690063662827,3.774193525314331,3774.0,0,10.0,0.0025216390058631077,nan,10,0,1,1.0,0.020099082961678505,0.1736850142478943,0.04402660205960274,-0.00019545137183740735,5.874597991351038e-05,0.0009634544840082526,-0.014800217933952808,0.000962231308221817,0.03916783258318901,-0.00430099293589592,0.01910029910504818,0.015273373574018478,-0.021834289539398546,-0.009231172100255945,-0.026929323085133045,0.020099082961678505,0.1736850142478943,0.04402660205960274,-0.026929323085133045,0.0,0.0,0.0,0.0,0.0,0.0,0.00037881304599786435,-0.00041144444023611976,-0.00016206003421895675,0.0,0.0,0.0,-0.021834289539398546,-0.009231172100255945,-0.026929323085133045,0.0,0.0,0.0,0.0,0.0,0.0,zero,0.0,0.0,0.0,0.0,0.00037881304599786435,-0.00041144444023611976,-0.00016206003421895675,-0.0024067520720947623,0.007927686615692795,0.0197239329509437,1,0.0025777816772460938
2.402646339003695,1788362952.6068802,control,preflight_voltage_failed,1,1,0.013207763004174922,3.774193525314331,3774.0,0,10.0,0.001272697998501826,nan,10,0,1,1.0,0.020099082961678505,0.1736850142478943,0.04402660205960274,-0.00019545137183740735,5.874597991351038e-05,0.0009634544840082526,-0.014800217933952808,0.000962231308221817,0.03916783258318901,-0.00430099293589592,0.01910029910504818,0.015273373574018478,-0.021834289539398546,-0.009231172100255945,-0.026929323085133045,0.020099082961678505,0.1736850142478943,0.04402660205960274,-0.026929323085133045,0.0,0.0,0.0,0.0,0.0,0.0,0.00037881304599786435,-0.00041144444023611976,-0.00016206003421895675,0.0,0.0,0.0,-0.021834289539398546,-0.009231172100255945,-0.026929323085133045,0.0,0.0,0.0,0.0,0.0,0.0,zero,0.0,0.0,0.0,0.0,0.00037881304599786435,-0.00041144444023611976,-0.00016206003421895675,-0.0024067520720947623,0.007927686615692795,0.0197239329509437,1,0.013673782348632812
2.413856202001625,1788362952.6180794,control,preflight_voltage_failed,1,1,0.0037633219981216826,3.774193525314331,3774.0,0,10.0,0.000278651001281105,nan,10,0,1,1.0,0.02012522704899311,0.17368023097515106,0.04402301833033562,-0.00014694991114083678,0.0002829585282597691,0.0009075983543880284,-0.02368333749473095,0.016990479081869125,0.035020243376493454,-0.002688248408958316,-0.022278960794210434,0.007325225509703159,-0.021636996019253285,-0.009485257558845559,-0.026910446375787375,0.02012522704899311,0.17368023097515106,0.04402301833033562,-0.026910446375787375,0.0,0.0,0.0,0.0,0.0,0.0,1.5956976566955036e-06,-7.409641523331968e-05,0.0006752617688998592,0.0,0.0,0.0,-0.021636996019253285,-0.009485257558845559,-0.026910446375787375,0.0,0.0,0.0,0.0,0.0,0.0,zero,0.0,0.0,0.0,0.0,1.5956976566955036e-06,-7.409641523331968e-05,0.0006752617688998592,-0.037650609046365,0.03428824347366341,0.0844351314906434,1,0.00433659553527832
2.424993736000033,1788362952.629223,control,preflight_voltage_failed,1,1,0.007350555999437347,3.774193525314331,3774.0,0,10.0,0.011416184999688994,nan,10,0,1,1.0,0.020113859325647354,0.17368394136428833,0.04402131587266922,-0.00041683518793433905,0.00032404932426288724,0.0006812585052102804,-0.026051873341202736,0.0146741708740592,0.02205740101635456,0.017456170171499252,-0.030558206140995026,0.012318454682826996,-0.020894734951315795,-0.009963661966781574,-0.026654891744907126,0.020113859325647354,0.17368394136428833,0.04402131587266922,-0.026654891744907126,0.0,0.0,0.0,0.0,0.0,0.0,-0.00011158708484988034,4.381003727230551e-05,0.0009154962715135968,0.0,0.0,0.0,-0.020894734951315795,-0.009963661966781574,-0.026654891744907126,0.0,0.0,0.0,0.0,0.0,0.0,zero,0.0,0.0,0.0,0.0,-0.00011158708484988034,4.381003727230551e-05,0.0009154962715135968,-0.014898411919359185,0.015520195373153207,0.03162241197749216,1,0.007883310317993164
2.4360361210056,1788362952.6404116,control,preflight_voltage_failed,1,1,0.008398858000873588,3.774193525314331,3774.0,0,10.0,0.010187792999204248,nan,10,0,1,1.0,0.020102836191654205,0.17366158962249756,0.044001415371894836,-0.0005535845411941409,-0.00018709321739152074,0.00014762196224182844,-0.02357219159603119,0.0015325425192713737,0.00698995403945446,-0.002627147361636162,-0.027981948107481003,0.003814468625932932,-0.02172264213581869,-0.010147113338213203,-0.026953555822280317,0.020102836191654205,0.17366158962249756,0.044001415371894836,-0.026953555822280317,0.0,0.0,0.0,0.0,0.0,0.0,-0.00021222233254129181,0.00012794581874637817,0.0009988126784062769,0.0,0.0,0.0,-0.02172264213581869,-0.010147113338213203,-0.026953555822280317,0.0,0.0,0.0,0.0,0.0,0.0,zero,0.0,0.0,0.0,0.0,-0.00021222233254129181,0.00012794581874637817,0.0009988126784062769,-0.01004915891562693,0.008401567620880148,0.008319747129862049,1,0.00905752182006836
2.4472073080032715,1788362952.6517065,control,preflight_voltage_failed,1,1,0.007336066002608277,3.774193525314331,3774.0,0,10.0,0.009387461002916098,nan,10,0,1,1.0,0.020106162875890732,0.17368178069591522,0.04399457573890686,-0.00038881361251696944,0.0001784024207154289,6.963004125282168e-06,-0.016180453822016716,0.007164832204580307,0.003306449856609106,-0.010745853185653687,-0.003919435665011406,0.001855728100053966,-0.022253689506006695,-0.0090125325361412,-0.027052126459573594,0.020106162875890732,0.17368178069591522,0.04399457573890686,-0.027052126459573594,0.0,0.0,0.0,0.0,0.0,0.0,-0.00031485870586581637,0.0001470441808282785,0.0008797985721664878,0.0,0.0,0.0,-0.022253689506006695,-0.0090125325361412,-0.027052126459573594,0.0,0.0,0.0,0.0,0.0,0.0,zero,0.0,0.0,0.0,0.0,-0.00031485870586581637,0.0001470441808282785,0.0008797985721664878,-0.008338430495294064,0.0015515977390428042,-0.009668997653514096,1,0.008043527603149414
2.4582933300043806,1788362952.66251,control,preflight_voltage_failed,1,1,0.006275297004322056,3.774193525314331,3774.0,0,10.0,0.008098427999357227,nan,10,0,1,1.0,0.0200700294226408,0.17366358637809753,0.04401446506381035,-0.0009169094264507294,-0.0001623467105673626,0.0003390596539247781,-0.021799076348543167,1.8440186977386475e-05,0.008213507011532784,0.00024859048426151276,-0.006651130970567465,0.001161805703304708,-0.021726021292049185,-0.009222574548553967,-0.027066762438660286,0.0200700294226408,0.17366358637809753,0.04401446506381035,-0.027066762438660286,0.0,0.0,0.0,0.0,0.0,0.0,-0.00041290725368494686,0.0001273044887136431,0.0006731215029757159,0.0,0.0,0.0,-0.021726021292049185,-0.009222574548553967,-0.027066762438660286,0.0,0.0,0.0,0.0,0.0,0.0,zero,0.0,0.0,0.0,0.0,-0.00041290725368494686,0.0001273044887136431,0.0006731215029757159,-0.008218990652969268,-0.0016546940122148786,-0.017324855264512176,1,0.006917476654052734
2.4695446969999466,1788362952.6737335,control,preflight_voltage_failed,1,1,0.00011183499736944214,3.774193525314331,3774.0,0,10.0,0.0066379709969623946,nan,10,0,1,1.0,0.02013476751744747,0.1736932396888733,0.04403779283165932,5.774141754955053e-06,0.00020876004418823868,0.0005376482149586082,-0.006902320310473442,0.004252749029546976,0.00883866474032402,9.774913633009419e-05,-0.013003773987293243,-0.0010669848416000605,-0.021733344050216832,-0.009898975268847348,-0.027226930079748107,0.02013476751744747,0.1736932396888733,0.04403779283165932,-0.027226930079748107,0.0,0.0,0.0,0.0,0.0,0.0,-0.0004997133718650171,7.833950380445738e-05,0.00046382201393651304,0.0,0.0,0.0,-0.021733344050216832,-0.009898975268847348,-0.027226930079748107,0.0,0.0,0.0,0.0,0.0,0.0,zero,0.0,0.0,0.0,0.0,-0.0004997133718650171,7.833950380445738e-05,0.00046382201393651304,-0.004956589641515212,-0.002795878240913436,-0.011950905087060074,1,0.0006277561187744141
2.480412240001897,1788362952.6846232,control,preflight_voltage_failed,1,1,0.010148738001589663,3.774193525314331,3774.0,0,10.0,0.004828119999729097,nan,10,0,1,1.0,0.02014579251408577,0.17363427579402924,0.044052205979824066,0.00254553253762424,-0.013422305695712566,0.003751893527805805,0.5798121690750122,-3.138127565383911,0.7478528618812561,0.014185227453708649,0.2042279690504074,0.14871130883693695,-0.021678058136025496,-0.008953827691037855,-0.026598306116001193,0.02014579251408577,0.17363427579402924,0.044052205979824066,-0.026598306116001193,0.0,0.0,0.0,0.0,0.0,0.0,-0.0005806808670635082,2.718045124366756e-05,0.0002666701218807354,0.0,0.0,0.0,-0.021678058136025496,-0.008953827691037855,-0.026598306116001193,0.0,0.0,0.0,0.0,0.0,0.0,zero,0.0,0.0,0.0,0.0,-0.0005806808670635082,2.718045124366756e-05,0.0002666701218807354,-0.09347709578337791,-0.05906320363113982,-0.22761215784671518,1,0.010651350021362305
2.4916163140005665,1788362952.695806,control,preflight_voltage_failed,1,1,0.003963306000514422,3.774193525314331,3774.0,0,10.0,0.0037368959965533577,nan,10,0,1,1.0,0.020113961771130562,0.17368438839912415,0.04399155452847481,0.0014420439256355166,-0.006102556362748146,-0.0014612632803618908,0.35128894448280334,-1.6548786163330078,0.15073028206825256,-0.08977487683296204,0.09254434704780579,0.09967996925115585,-0.022632652558777593,-0.009394275565241271,-0.02700157808297919,0.020113961771130562,0.17368438839912415,0.04399155452847481,-0.02700157808297919,0.0,0.0,0.0,0.0,0.0,0.0,0.0005429464450734291,-0.004918911282556996,0.0014065393974287293,0.0,0.0,0.0,-0.022632652558777593,-0.009394275565241271,-0.02700157808297919,0.0,0.0,0.0,0.0,0.0,0.0,zero,0.0,0.0,0.0,0.0,0.0005429464450734291,-0.004918911282556996,0.0014065393974287293,0.19340821915208942,-0.8507190202255396,0.19447404184355221,1,0.00449824333190918
2.5027293160019326,1788362952.7069104,control,preflight_voltage_failed,1,1,0.005217673002334777,3.774193525314331,3774.0,0,10.0,0.002803119001328014,nan,10,0,1,1.0,0.020074158906936646,0.1736460030078888,0.04403332993388176,0.0003488334477879107,-0.005658186040818691,-0.00032432470470666885,0.25892677903175354,-1.3149179220199585,0.14357277750968933,-0.04878891259431839,0.06932523101568222,0.08260437101125717,-0.021495009613855805,-0.009624051449115555,-0.026854999557037827,0.020074158906936646,0.1736460030078888,0.04403332993388176,-0.026854999557037827,0.0,0.0,0.0,0.0,0.0,0.0,0.0009221839139340007,-0.006483367098087103,0.0014777780362771034,0.0,0.0,0.0,-0.021495009613855805,-0.009624051449115555,-0.026854999557037827,0.0,0.0,0.0,0.0,0.0,0.0,zero,0.0,0.0,0.0,0.0,0.0009221839139340007,-0.006483367098087103,0.0014777780362771034,0.03834061832843471,-0.15816528755757683,0.00720217195449878,1,0.00571131706237793
2.513870066999516,1788362952.71807,control,preflight_voltage_failed,1,1,0.01635842399991816,3.774193525314331,3774.0,0,10.0,0.0023530349935754202,nan,10,0,1,1.0,0.020074158906936646,0.1736460030078888,0.04403332993388176,0.0003488334477879107,-0.005658186040818691,-0.00032432470470666885,0.25892677903175354,-1.3149179220199585,0.14357277750968933,-0.04878891259431839,0.06932523101568222,0.08260437101125717,-0.021495009613855805,-0.009624051449115555,-0.026854999557037827,0.020074158906936646,0.1736460030078888,0.04403332993388176,-0.026854999557037827,0.0,0.0,0.0,0.0,0.0,0.0,0.0009221839139340007,-0.006483367098087103,0.0014777780362771034,0.0,0.0,0.0,-0.021495009613855805,-0.009624051449115555,-0.026854999557037827,0.0,0.0,0.0,0.0,0.0,0.0,zero,0.0,0.0,0.0,0.0,0.0009221839139340007,-0.006483367098087103,0.0014777780362771034,0.03834061832843471,-0.15816528755757683,0.00720217195449878,1,0.016870975494384766
2.5248736460052896,1788362952.7290697,control,preflight_voltage_failed,1,1,0.00538707400119165,3.774193525314331,3774.0,0,10.0,0.0012634200029424392,nan,10,0,1,1.0,0.020053641870617867,0.1736818104982376,0.044001054018735886,-0.0006898685824126005,-0.002976384712383151,-0.0011982041178271174,0.12486230581998825,-0.777600884437561,0.05816574767231941,-0.015527864918112755,0.03380892798304558,0.05123139172792435,-0.02140330394851671,-0.010126914152962546,-0.027173232746797515,0.020053641870617867,0.1736818104982376,0.044001054018735886,-0.027173232746797515,0.0,0.0,0.0,0.0,0.0,0.0,0.0009190613938557273,-0.006651001831160396,0.0001362928379041112,0.0,0.0,0.0,-0.02140330394851671,-0.010126914152962546,-0.027173232746797515,0.0,0.0,0.0,0.0,0.0,0.0,zero,0.0,0.0,0.0,0.0,0.0009190613938557273,-0.006651001831160396,0.0001362928379041112,-0.004412515179158176,-0.003140486853727814,-0.12134800829208608,1,0.005788564682006836
2.5360001049994025,1788362952.7401927,control,preflight_voltage_failed,1,1,0.006372339994413778,3.774193525314331,3774.0,0,10.0,0.00029819099290762097,nan,10,0,1,1.0,0.02013080008327961,0.1736903041601181,0.04399161785840988,0.0009821935091167688,-0.0022122336085885763,-0.0011461765971034765,0.1331344097852707,-0.6068875789642334,0.04756702855229378,-0.02279149927198887,0.03547925874590874,0.03306828811764717,-0.021920791445720608,-0.009711538213235315,-0.027580528359422155,0.02013080008327961,0.1736903041601181,0.04399161785840988,-0.027580528359422155,0.0,0.0,0.0,0.0,0.0,0.0,0.0007682661382728709,-0.006133885980289879,-0.0003494606096094997,0.0,0.0,0.0,-0.021920791445720608,-0.009711538213235315,-0.027580528359422155,0.0,0.0,0.0,0.0,0.0,0.0,zero,0.0,0.0,0.0,0.0,0.0007682661382728709,-0.006133885980289879,-0.0003494606096094997,-0.014988415177785607,0.05139914407719825,-0.048281852882130154,1,0.006850719451904297
2.5471200320025673,1788362952.7513502,control,preflight_voltage_failed,1,1,0.009670435996667948,3.774193525314331,3774.0,0,10.0,0.011418117996072397,nan,10,0,1,1.0,0.020070327445864677,0.1736385077238083,0.043996695429086685,-0.0007591728935949504,-0.0030930591747164726,-0.0007872217684052885,0.06201988458633423,-0.5080130100250244,0.04722404107451439,-0.026033692061901093,0.03021113947033882,0.0457516685128212,-0.022233409543692576,-0.009623339057909474,-0.02682691938008347,0.020070327445864677,0.1736385077238083,0.043996695429086685,-0.02682691938008347,0.0,0.0,0.0,0.0,0.0,0.0,0.000614994355437168,-0.0054834300791110025,-0.000716244720673487,0.0,0.0,0.0,-0.022233409543692576,-0.009623339057909474,-0.02682691938008347,0.0,0.0,0.0,0.0,0.0,0.0,zero,0.0,0.0,0.0,0.0,0.000614994355437168,-0.0054834300791110025,-0.000716244720673487,-0.01958054495111233,0.0830960583619081,-0.04685684893311788,1,0.010180473327636719
2.558192488999339,1788362952.762668,control,preflight_voltage_failed,1,1,0.0006098619996919297,3.774193525314331,3774.0,0,10.0,0.01041970199730713,nan,10,0,1,1.0,0.02016100473701954,0.17366689443588257,0.04403352737426758,0.001152536948211491,-0.0016400068998336792,0.00020803880761377513,0.073829285800457,-0.30317047238349915,0.04897841066122055,-0.029976047575473785,0.042777009308338165,0.023317784070968628,-0.022578233708597954,-0.008333754250948053,-0.027094913695727273,0.02016100473701954,0.17366689443588257,0.04403352737426758,-0.027094913695727273,0.0,0.0,0.0,0.0,0.0,0.0,0.0002974330658068584,-0.0038427443193138604,-0.0009616613773594615,0.0,0.0,0.0,-0.022578233708597954,-0.008333754250948053,-0.027094913695727273,0.0,0.0,0.0,0.0,0.0,0.0,zero,0.0,0.0,0.0,0.0,0.0002974330658068584,-0.0038427443193138604,-0.0009616613773594615,-0.013198698986062163,0.08396022423560344,-0.003575228183604732,1,0.001375436782836914
2.56934924700181,1788362952.7735739,control,preflight_voltage_failed,1,1,0.0016203439954551868,3.774193525314331,3774.0,0,10.0,0.009540136998111848,nan,10,0,1,1.0,0.02010042779147625,0.17366282641887665,0.04400954023003578,-0.0002862475230358541,-0.001393146812915802,-0.000312020187266171,0.030365215614438057,-0.23761247098445892,0.028809551149606705,-0.0005149152129888535,0.0035394765436649323,0.017028912901878357,-0.021401335198586204,-0.009873421593877961,-0.027142558811272515,0.02010042779147625,0.17366282641887665,0.04400954023003578,-0.027142558811272515,0.0,0.0,0.0,0.0,0.0,0.0,0.0002649713486426756,-0.0030496191964519063,-0.0008546579017484943,0.0,0.0,0.0,-0.021401335198586204,-0.009873421593877961,-0.027142558811272515,0.0,0.0,0.0,0.0,0.0,0.0,zero,0.0,0.0,0.0,0.0,0.0002649713486426756,-0.0030496191964519063,-0.0008546579017484943,-0.0032372217634418416,0.07909384139709422,0.010670845853895295,1,0.0022537708282470703
2.580411015005666,1788362952.7846022,control,preflight_voltage_failed,1,1,0.002818013002979569,3.774193525314331,3774.0,0,10.0,0.00792448300489923,nan,10,0,1,1.0,0.02009672299027443,0.17367038130760193,0.044040143489837646,-0.0003036409616470337,-0.0009623044170439243,0.00036696670576930046,0.023941736668348312,-0.1814095377922058,0.03672761097550392,-0.013117854483425617,0.018341604620218277,0.025500137358903885,-0.022037405251287306,-0.009090981706644234,-0.026569891346418413,0.02009672299027443,0.17367038130760193,0.044040143489837646,-0.026569891346418413,0.0,0.0,0.0,0.0,0.0,0.0,0.00021916460387824392,-0.0023757375668113055,-0.0006752490550698594,0.0,0.0,0.0,-0.022037405251287306,-0.009090981706644234,-0.026569891346418413,0.0,0.0,0.0,0.0,0.0,0.0,zero,0.0,0.0,0.0,0.0,0.00021916460387824392,-0.0023757375668113055,-0.0006752490550698594,-0.004614454145269357,0.06788510939398815,0.018073187704380465,1,0.003355264663696289
2.5916234300020733,1788362952.7958162,control,preflight_voltage_failed,1,1,0.002111743997375015,3.774193525314331,3774.0,0,10.0,0.006436896001105197,nan,10,0,1,1.0,0.020082252100110054,0.1736765205860138,0.04403224214911461,-0.00048621572204865515,-0.000666622188873589,0.00016072600556071848,0.01608371175825596,-0.14015625417232513,0.0259145088493824,0.013443359173834324,0.00815784465521574,0.009879582561552525,-0.020607933703745075,-0.009491753468262547,-0.027187240577222854,0.020082252100110054,0.1736765205860138,0.04403224214911461,-0.027187240577222854,0.0,0.0,0.0,0.0,0.0,0.0,8.57597440656262e-05,-0.001780970504400546,-0.0004272318050288183,0.0,0.0,0.0,-0.020607933703745075,-0.009491753468262547,-0.027187240577222854,0.0,0.0,0.0,0.0,0.0,0.0,zero,0.0,0.0,0.0,0.0,8.57597440656262e-05,-0.001780970504400546,-0.0004272318050288183,-0.011215035218702433,0.050000678845059286,0.020850231378099472,1,0.002674102783203125
2.602746423006465,1788362952.8069518,control,preflight_voltage_failed,1,1,0.013234737001766916,3.774193525314331,3774.0,0,10.0,0.005068241000117268,nan,10,0,1,1.0,0.020082252100110054,0.1736765205860138,0.04403224214911461,-0.00048621572204865515,-0.000666622188873589,0.00016072600556071848,0.01608371175825596,-0.14015625417232513,0.0259145088493824,0.013443359173834324,0.00815784465521574,0.009879582561552525,-0.020607933703745075,-0.009491753468262547,-0.027187240577222854,0.020082252100110054,0.1736765205860138,0.04403224214911461,-0.027187240577222854,0.0,0.0,0.0,0.0,0.0,0.0,8.57597440656262e-05,-0.001780970504400546,-0.0004272318050288183,0.0,0.0,0.0,-0.020607933703745075,-0.009491753468262547,-0.027187240577222854,0.0,0.0,0.0,0.0,0.0,0.0,zero,0.0,0.0,0.0,0.0,8.57597440656262e-05,-0.001780970504400546,-0.0004272318050288183,-0.011215035218702433,0.050000678845059286,0.020850231378099472,1,0.013809680938720703
2.6137836840061937,1788362952.817985,control,preflight_voltage_failed,1,1,0.005530684000405017,3.774193525314331,3774.0,0,10.0,0.0037921809998806566,nan,10,0,1,1.0,0.020056461915373802,0.1736416071653366,0.044008154422044754,-0.003403773996978998,-0.0023737226147204638,-8.14841769170016e-06,-0.1622231900691986,-0.18224197626113892,0.024032142013311386,-0.019728979095816612,-0.035659678280353546,-0.019254766404628754,-0.022134595226351392,-0.009790897268769057,-0.02725586095972245,0.020056461915373802,0.1736416071653366,0.044008154422044754,-0.02725586095972245,0.0,0.0,0.0,0.0,0.0,0.0,-0.00020661555813959555,-0.0007933473651820498,2.5986638535104814e-05,0.0,0.0,0.0,-0.022134595226351392,-0.009790897268769057,-0.02725586095972245,0.0,0.0,0.0,0.0,0.0,0.0,zero,0.0,0.0,0.0,0.0,-0.00020661555813959555,-0.0007933473651820498,2.5986638535104814e-05,-0.03469053424644046,0.10779244753503582,0.049377404165666085,1,0.005957365036010742
2.6249556969996775,1788362952.8291583,control,preflight_voltage_failed,1,1,0.00533247999555897,3.774193525314331,3774.0,0,10.0,0.0022715669983881526,nan,10,0,1,1.0,0.02009415253996849,0.17366215586662292,0.04406421259045601,-0.0020494444761425257,-0.001531749265268445,0.0009953051339834929,-0.10557512193918228,-0.13074655830860138,0.03715858235955238,-0.00911610759794712,-0.0033847112208604813,-0.006462462246417999,-0.021765794981871322,-0.008373348298193141,-0.026786516685242876,0.02009415253996849,0.17366215586662292,0.04406421259045601,-0.026786516685242876,0.0,0.0,0.0,0.0,0.0,0.0,-0.0006230147422102864,-0.0007343098897871743,0.0001535309097627753,0.0,0.0,0.0,-0.021765794981871322,-0.008373348298193141,-0.026786516685242876,0.0,0.0,0.0,0.0,0.0,0.0,zero,0.0,0.0,0.0,0.0,-0.0006230147422102864,-0.0007343098897871743,0.0001535309097627753,-0.037207967007060964,0.005275381222408395,0.011396907624519125,1,0.005939483642578125
2.636088026003563,1788362952.8402915,control,preflight_voltage_failed,1,1,0.007475701997464057,3.774193525314331,3774.0,0,10.0,0.0008510760017088614,nan,10,0,1,1.0,0.02007312700152397,0.17364872992038727,0.04398731514811516,-0.002100400160998106,-0.0015196737367659807,-0.0008892191108316183,-0.08557696640491486,-0.1043325737118721,-0.011578753590583801,-0.0036294409073889256,-0.024972181767225266,-0.019574753940105438,-0.0215930083208635,-0.009403145302953884,-0.02742156939441742,0.02007312700152397,0.17364872992038727,0.04398731514811516,-0.02742156939441742,0.0,0.0,0.0,0.0,0.0,0.0,-0.0010805269224578094,-0.00082595889122114,0.0002407788782847148,0.0,0.0,0.0,-0.0215930083208635,-0.009403145302953884,-0.02742156939441742,0.0,0.0,0.0,0.0,0.0,0.0,zero,0.0,0.0,0.0,0.0,-0.0010805269224578094,-0.00082595889122114,0.0002407788782847148,-0.05013966261655798,-0.010043994913003968,0.009561677031862587,1,0.007947921752929688
2.647204356006114,1788362952.8514662,control,preflight_voltage_failed,1,1,0.00961156500125071,3.774193525314331,3774.0,0,10.0,0.011967406004259828,nan,10,0,1,1.0,0.02009362354874611,0.17366379499435425,0.043983884155750275,-0.001220806036144495,-0.0008779936470091343,-0.0007882950594648719,-0.048741865903139114,-0.0690801739692688,-0.007000376470386982,0.0007082936353981495,-0.013007383793592453,0.006020503118634224,-0.02144077453570574,-0.009071498672922756,-0.02646139512857642,0.02009362354874611,0.17366379499435425,0.043983884155750275,-0.02646139512857642,0.0,0.0,0.0,0.0,0.0,0.0,-0.0014374744795960035,-0.0009427608476481804,0.00021507834937055322,0.0,0.0,0.0,-0.02144077453570574,-0.009071498672922756,-0.02646139512857642,0.0,0.0,0.0,0.0,0.0,0.0,zero,0.0,0.0,0.0,0.0,-0.0014374744795960035,-0.0009427608476481804,0.00021507834937055322,-0.04001140003995286,-0.013092707067447794,-0.0028808549689129173,1,0.010201454162597656
2.6582772200054023,1788362952.8628125,control,preflight_voltage_failed,1,1,0.0005596520059043542,3.774193525314331,3774.0,0,10.0,0.010622616006003227,nan,10,0,1,1.0,0.020086869597434998,0.17360390722751617,0.04403655230998993,-0.001261819968931377,-0.0018457651603966951,0.0008011203608475626,-0.040115389972925186,-0.06661543250083923,0.032666802406311035,0.0009979596361517906,0.0014707371592521667,-0.021075328812003136,-0.021721182519314243,-0.008963762165686643,-0.027477753617583832,0.020086869597434998,0.17360390722751617,0.04403655230998993,-0.027477753617583832,0.0,0.0,0.0,0.0,0.0,0.0,-0.0015751680664247425,-0.001081368932752669,-0.0001533836559029992,0.0,0.0,0.0,-0.021721182519314243,-0.008963762165686643,-0.027477753617583832,0.0,0.0,0.0,0.0,0.0,0.0,zero,0.0,0.0,0.0,0.0,-0.0015751680664247425,-0.001081368932752669,-0.0001533836559029992,-0.0002502950472242854,-0.007219869101299477,-0.01927022899515164,1,0.001447916030883789
2.669425340005546,1788362952.8736353,control,preflight_voltage_failed,1,1,0.01170777200604789,3.774193525314331,3774.0,0,10.0,0.009578985002008267,nan,10,0,1,1.0,0.020086869597434998,0.17360390722751617,0.04403655230998993,-0.001261819968931377,-0.0018457651603966951,0.0008011203608475626,-0.040115389972925186,-0.06661543250083923,0.032666802406311035,0.0009979596361517906,0.0014707371592521667,-0.021075328812003136,-0.021721182519314243,-0.008963762165686643,-0.027477753617583832,0.020086869597434998,0.17360390722751617,0.04403655230998993,-0.027477753617583832,0.0,0.0,0.0,0.0,0.0,0.0,-0.0015751680664247425,-0.001081368932752669,-0.0001533836559029992,0.0,0.0,0.0,-0.021721182519314243,-0.008963762165686643,-0.027477753617583832,0.0,0.0,0.0,0.0,0.0,0.0,zero,0.0,0.0,0.0,0.0,-0.0015751680664247425,-0.001081368932752669,-0.0001533836559029992,-0.0002502950472242854,-0.007219869101299477,-0.01927022899515164,1,0.012270689010620117
2.68048442700092,1788362952.8847337,control,preflight_voltage_failed,1,1,0.008491200998832937,3.774193525314331,3774.0,0,10.0,0.008813169995846692,nan,10,0,1,1.0,0.020084397867321968,0.17363658547401428,0.044022414833307266,-0.0010437907185405493,-0.0010226796148344874,0.0004445130471140146,-0.029063675552606583,-0.041858889162540436,0.021179821342229843,0.0033805877901613712,0.0015553196426481009,-0.01500329002737999,-0.021536482881800077,-0.00893361230280503,-0.027344687404147496,0.020084397867321968,0.17363658547401428,0.044022414833307266,-0.027344687404147496,0.0,0.0,0.0,0.0,0.0,0.0,-0.001419433209580313,-0.0011973034717140797,-8.66076065721138e-05,0.0,0.0,0.0,-0.021536482881800077,-0.00893361230280503,-0.027344687404147496,0.0,0.0,0.0,0.0,0.0,0.0,zero,0.0,0.0,0.0,0.0,-0.001419433209580313,-0.0011973034717140797,-8.66076065721138e-05,0.010817961494543279,-0.008053273389046236,0.004638529517774299,1,0.008973121643066406
2.691576706005435,1788362952.895767,control,preflight_voltage_failed,1,1,0.0006054430050426163,3.774193525314331,3774.0,0,10.0,0.007665240998903755,nan,10,0,1,1.0,0.02008957974612713,0.17366456985473633,0.04402228072285652,-0.0011923837009817362,-0.000279152300208807,-0.0003610882558859885,-0.05140621215105057,-0.007289399392902851,-0.043423667550086975,0.07274545729160309,0.031274616718292236,0.005193400662392378,-0.021025440403487777,-0.008889813074407877,-0.026959654702408894,0.02008957974612713,0.17366456985473633,0.04402228072285652,-0.026959654702408894,0.0,0.0,0.0,0.0,0.0,0.0,-0.001055780703936878,-0.0012049640218595068,0.00034027945745159464,0.0,0.0,0.0,-0.021025440403487777,-0.008889813074407877,-0.026959654702408894,0.0,0.0,0.0,0.0,0.0,0.0,zero,0.0,0.0,0.0,0.0,-0.001055780703936878,-0.0012049640218595068,0.00034027945745159464,0.05646773895772126,0.0006593081833277177,0.06548452766871482,1,0.0009818077087402344
2.7026301370060537,1788362952.9068198,control,preflight_voltage_failed,1,1,0.0003431060031289235,3.774193525314331,3774.0,0,10.0,0.006283157999860123,nan,10,0,1,1.0,0.02012038230895996,0.1736585646867752,0.04405858367681503,-0.00040155008900910616,-0.0003310075553599745,0.0003621202486101538,-0.02694360539317131,-0.006761396769434214,-0.021770235151052475,0.04937305301427841,0.03823801502585411,0.003607040038332343,-0.02151708567721742,-0.008153500581839673,-0.027005869287826376,0.02012038230895996,0.1736585646867752,0.04405858367681503,-0.027005869287826376,0.0,0.0,0.0,0.0,0.0,0.0,-0.0009367319079366679,-0.0010517851732738416,0.00038343298068356654,0.0,0.0,0.0,-0.02151708567721742,-0.008153500581839673,-0.027005869287826376,0.0,0.0,0.0,0.0,0.0,0.0,zero,0.0,0.0,0.0,0.0,-0.0009367319079366679,-0.0010517851732738416,0.00038343298068356654,0.010672113389306348,0.013731697386899415,0.003868491816404904,1,0.0008795261383056641
2.7138533930046833,1788362952.918047,control,preflight_voltage_failed,1,1,0.005560292003792711,3.774193525314331,3774.0,0,10.0,0.005089377002150286,nan,10,0,1,1.0,0.020137367770075798,0.17366942763328552,0.044029351323843,0.00023933968623168766,9.370921179652214e-05,-0.0006750738830305636,-0.00040327757596969604,0.008608024567365646,-0.05164723098278046,0.024984538555145264,-0.011527786031365395,-0.018411416560411453,-0.02195142168204332,-0.009443396158683106,-0.027623302315842556,0.020137367770075798,0.17366942763328552,0.044029351323843,-0.027623302315842556,0.0,0.0,0.0,0.0,0.0,0.0,-0.000825442931734502,-0.000896718058355652,0.0003855850471707235,0.0,0.0,0.0,-0.02195142168204332,-0.009443396158683106,-0.027623302315842556,0.0,0.0,0.0,0.0,0.0,0.0,zero,0.0,0.0,0.0,0.0,-0.000825442931734502,-0.000896718058355652,0.0003855850471707235,0.018369925149179435,0.02559616766508549,0.00035523105373272255,1,0.006048440933227539
2.7249682920009946,1788362952.929148,control,preflight_voltage_failed,1,1,0.0020458829967537895,3.774193525314331,3774.0,0,10.0,0.003896190995874349,nan,10,0,1,1.0,0.02010568231344223,0.17367205023765564,0.044012270867824554,-0.0002408702130196616,0.00011075229849666357,-0.0007731186924502254,-0.006874993909150362,0.007118969690054655,-0.042655590921640396,0.028634317219257355,-0.018772663548588753,-0.012312786653637886,-0.02131960618748081,-0.010139333284120736,-0.02743110166841984,0.02010568231344223,0.17367205023765564,0.044012270867824554,-0.02743110166841984,0.0,0.0,0.0,0.0,0.0,0.0,-0.0005595044405632518,-0.0005838114385185661,0.00015377217549180947,0.0,0.0,0.0,-0.02131960618748081,-0.010139333284120736,-0.02743110166841984,0.0,0.0,0.0,0.0,0.0,0.0,zero,0.0,0.0,0.0,0.0,-0.0005595044405632518,-0.0005838114385185661,0.00015377217549180947,0.018142037266781697,0.021346152386987765,-0.015814024282067497,1,0.0024907588958740234
2.7360626480003702,1788362952.940256,control,preflight_voltage_failed,1,1,0.008517433998349588,3.774193525314331,3774.0,0,10.0,0.0022904879951965995,nan,10,0,1,1.0,0.0200917087495327,0.17364490032196045,0.04403292387723923,-0.0007958238711580634,-0.001083244220353663,0.00027293129824101925,-0.029452934861183167,-0.04584016278386116,0.011025190353393555,-0.011143293231725693,0.026019074022769928,0.014390247873961926,-0.022113734749360434,-0.009176592209956794,-0.026890239521710744,0.0200917087495327,0.17364490032196045,0.04403292387723923,-0.026890239521710744,0.0,0.0,0.0,0.0,0.0,0.0,-0.0003492956479197119,-0.00033506913335209457,-4.32015179876733e-05,0.0,0.0,0.0,-0.022113734749360434,-0.009176592209956794,-0.026890239521710744,0.0,0.0,0.0,0.0,0.0,0.0,zero,0.0,0.0,0.0,0.0,-0.0003492956479197119,-0.00033506913335209457,-4.32015179876733e-05,0.04536322184708634,0.053678783984819525,-0.042507077096921614,1,0.008965015411376953
2.74711574200046,1788362952.9513328,control,preflight_voltage_failed,1,1,0.009422942996025085,3.774193525314331,3774.0,0,10.0,0.0009818670005188324,nan,10,0,1,1.0,0.020055944100022316,0.17370794713497162,0.044046975672245026,-0.0013418244197964668,0.00037648744182661176,0.0004954017931595445,-0.03432774171233177,-0.007890859618782997,0.013206563889980316,-0.002772965468466282,0.016914375126361847,0.006687026005238295,-0.021800010396540226,-0.009379762822378162,-0.027130569924080528,0.020055944100022316,0.17370794713497162,0.044046975672245026,-0.027130569924080528,0.0,0.0,0.0,0.0,0.0,0.0,-0.0003039853385372877,-0.00021532362193322975,-0.00013155753069549192,0.0,0.0,0.0,-0.021800010396540226,-0.009379762822378162,-0.027130569924080528,0.0,0.0,0.0,0.0,0.0,0.0,zero,0.0,0.0,0.0,0.0,-0.0003039853385372877,-0.00021532362193322975,-0.00013155753069549192,0.004467552408000643,0.011806790886626164,-0.008711816862748406,1,0.009899616241455078
2.7581941860044026,1788362952.962412,control,preflight_voltage_failed,1,1,0.004189373998087831,3.774193525314331,3774.0,0,10.0,0.00012672699813265353,nan,10,0,1,1.0,0.02008172683417797,0.17367218434810638,0.04401309788227081,-0.000755403540097177,-0.0001399800239596516,-2.159521682187915e-05,-0.020228100940585136,-0.012683834880590439,0.004187572747468948,-0.003326536389067769,0.00572237791493535,0.0012588948011398315,-0.021886759752553105,-0.010019888877051592,-0.027448288357456052,0.02008172683417797,0.17367218434810638,0.04401309788227081,-0.027448288357456052,0.0,0.0,0.0,0.0,0.0,0.0,-0.0005388315764107578,-0.00013874888433256275,-1.6706994563977153e-05,0.0,0.0,0.0,-0.021886759752553105,-0.010019888877051592,-0.027448288357456052,0.0,0.0,0.0,0.0,0.0,0.0,zero,0.0,0.0,0.0,0.0,-0.0005388315764107578,-0.00013874888433256275,-1.6706994563977153e-05,-0.014484045979055789,0.004722715723637684,0.007083359993802945,1,0.0047647953033447266
2.769342013001733,1788362952.9738452,control,preflight_voltage_failed,1,1,0.00043842699960805476,3.774193525314331,3774.0,0,10.0,0.011274553995463066,nan,10,0,1,1.0,0.020129311829805374,0.17365652322769165,0.04400400444865227,3.3803575206547976e-05,-0.00032200347050093114,-0.00013922134530730546,-0.0055990200489759445,-0.012588046491146088,0.0017726633232086897,-0.005036936607211828,0.005835958756506443,0.0038343602791428566,-0.02206599652947794,-0.009921465933610058,-0.02723956171430418,0.020129311829805374,0.17365652322769165,0.04400400444865227,-0.02723956171430418,0.0,0.0,0.0,0.0,0.0,0.0,-0.0006802523571876727,-8.44311282630229e-05,5.6466225881898084e-05,0.0,0.0,0.0,-0.02206599652947794,-0.009921465933610058,-0.02723956171430418,0.0,0.0,0.0,0.0,0.0,0.0,zero,0.0,0.0,0.0,0.0,-0.0006802523571876727,-8.44311282630229e-05,5.6466225881898084e-05,-0.009482091989509193,0.003641939726860657,0.004906175765858051,1,0.001283407211303711
2.7804418040032033,1788362952.9847,control,preflight_voltage_failed,1,1,0.009806929003389087,3.774193525314331,3774.0,0,10.0,0.010462956000992563,nan,10,0,1,1.0,0.02011718600988388,0.17365406453609467,0.044010844081640244,-0.0012545294594019651,-0.0005174607504159212,0.0006115005235187709,-0.14064252376556396,-0.030728226527571678,0.08076157420873642,0.01638583466410637,0.016048870980739594,0.041909359395504,-0.021876432711241043,-0.009805743041789728,-0.0268744884929817,0.02011718600988388,0.17365406453609467,0.044010844081640244,-0.0268744884929817,0.0,0.0,0.0,0.0,0.0,0.0,-0.0008047142493721497,-3.77113897475224e-05,0.00012166163887576505,0.0,0.0,0.0,-0.021876432711241043,-0.009805743041789728,-0.0268744884929817,0.0,0.0,0.0,0.0,0.0,0.0,zero,0.0,0.0,0.0,0.0,-0.0008047142493721497,-3.77113897475224e-05,0.00012166163887576505,-0.06583819047003664,0.024713934434924683,0.03448724700489698,1,0.01024770736694336
2.7915297810031916,1788362952.9957402,control,preflight_voltage_failed,1,1,0.003355578002810944,3.774193525314331,3774.0,0,10.0,0.009830117000092287,nan,10,0,1,1.0,0.020082859322428703,0.1736392229795456,0.044019635766744614,-0.0022883403580635786,-0.000641435559373349,0.00021281623048707843,-0.143164724111557,-0.023105060681700706,0.029228797182440758,0.024916673079133034,0.04328466206789017,0.0336189903318882,-0.02112717338909296,-0.008904570139098926,-0.026936187017484223,0.020082859322428703,0.1736392229795456,0.044019635766744614,-0.026936187017484223,0.0,0.0,0.0,0.0,0.0,0.0,-0.0009480212502833259,-0.00019641453805815907,0.0003219751037286808,0.0,0.0,0.0,-0.02112717338909296,-0.008904570139098926,-0.026936187017484223,0.0,0.0,0.0,0.0,0.0,0.0,zero,0.0,0.0,0.0,0.0,-0.0009480212502833259,-0.00019641453805815907,0.0003219751037286808,-0.01587107859105379,-0.017082889476040513,0.020588780987836203,1,0.003801107406616211
2.802670211000077,1788362953.0068738,control,preflight_voltage_failed,1,1,0.003994221995526459,3.774193525314331,3774.0,0,10.0,0.020970546996977646,nan,10,0,1,1.0,0.020087435841560364,0.17367559671401978,0.04405653849244118,-0.0017432933673262596,0.00018133065896108747,0.0008748320396989584,-0.1041252613067627,-0.002775076776742935,0.036022819578647614,0.0032041035592556,0.03237462416291237,0.015155410394072533,-0.021997885521759686,-0.009035808373316696,-0.027548402549957923,0.020087435841560364,0.17367559671401978,0.04405653849244118,-0.027548402549957923,0.0,0.0,0.0,0.0,0.0,0.0,-0.0011262000966986536,-0.0002723709507673331,0.00040143574076355754,0.0,0.0,0.0,-0.021997885521759686,-0.009035808373316696,-0.027548402549957923,0.0,0.0,0.0,0.0,0.0,0.0,zero,0.0,0.0,0.0,0.0,-0.0011262000966986536,-0.0002723709507673331,0.00040143574076355754,-0.01700733349040086,-0.007250108908373298,0.007584590318099577,1,0.004458189010620117
2.8138170520032872,1788362953.0180912,control,preflight_voltage_failed,1,1,0.006397939003363717,3.774193525314331,3774.0,0,10.0,0.008086052002909128,nan,10,0,1,1.0,0.020058713853359222,0.17367631196975708,0.04407649114727974,-0.0020493455231189728,0.00016136861813720316,0.001154681551270187,-0.09027659893035889,-0.0026750911492854357,0.03519735857844353,0.015936579555273056,0.04597102105617523,0.03226237744092941,-0.021418623027100552,-0.008136315012922451,-0.026684240742759605,0.020058713853359222,0.17367631196975708,0.04407649114727974,-0.026684240742759605,0.0,0.0,0.0,0.0,0.0,0.0,-0.0013258624552306805,-0.0002881702999077739,0.0004913792567222425,0.0,0.0,0.0,-0.021418623027100552,-0.008136315012922451,-0.026684240742759605,0.0,0.0,0.0,0.0,0.0,0.0,zero,0.0,0.0,0.0,0.0,-0.0013258624552306805,-0.0002881702999077739,0.0004913792567222425,-0.02275788436981126,-0.0018008389938895405,0.01025192806020915,1,0.006902217864990234
2.82491148400004,1788362953.0291348,control,preflight_voltage_failed,1,1,0.004928889997245278,3.774193525314331,3774.0,0,10.0,0.0071303059958154336,nan,10,0,1,1.0,0.020097360014915466,0.17362120747566223,0.04403587058186531,-0.0010259365662932396,-0.000745734665542841,0.0002788600977510214,-0.05597381293773651,-0.016541089862585068,0.014253495261073112,0.005048108287155628,0.020796984434127808,0.01461995579302311,-0.021897805769534474,-0.009157893560902991,-0.02736714395221682,0.020097360014915466,0.17362120747566223,0.04403587058186531,-0.02736714395221682,0.0,0.0,0.0,0.0,0.0,0.0,-0.0015025407713632228,-0.0002457304851078691,0.0006141931530986369,0.0,0.0,0.0,-0.021897805769534474,-0.009157893560902991,-0.02736714395221682,0.0,0.0,0.0,0.0,0.0,0.0,zero,0.0,0.0,0.0,0.0,-0.0015025407713632228,-0.0002457304851078691,0.0006141931530986369,-0.014024538088684237,0.0033688276646889554,0.009748837351711736,1,0.0053479671478271484
2.8359848340041935,1788362953.040233,control,preflight_voltage_failed,1,1,0.007342549004533794,3.774193525314331,3774.0,0,10.0,0.006111449001764413,nan,10,0,1,1.0,0.020083079114556313,0.1736966371536255,0.04402890056371689,-0.0011560663115233183,0.001174509059637785,5.9431331465020776e-05,-0.04783451184630394,0.031854648143053055,0.006250585895031691,0.022942110896110535,0.029361572116613388,0.011861152946949005,-0.021092673377744637,-0.008615963153873508,-0.02737175851690726,0.020083079114556313,0.1736966371536255,0.04402890056371689,-0.02737175851690726,0.0,0.0,0.0,0.0,0.0,0.0,-0.0015858512451651244,-0.0001979488339554252,0.0006676535298224083,0.0,0.0,0.0,-0.021092673377744637,-0.008615963153873508,-0.02737175851690726,0.0,0.0,0.0,0.0,0.0,0.0,zero,0.0,0.0,0.0,0.0,-0.0015858512451651244,-0.0001979488339554252,0.0006676535298224083,-0.009781911805307969,0.005610289752961764,0.006277058169587964,1,0.007929325103759766
2.8471036900009494,1788362953.0513651,control,preflight_voltage_failed,1,1,0.00609693699516356,3.774193525314331,3774.0,0,10.0,0.005260300000372808,nan,10,0,1,1.0,0.02008938603103161,0.17369255423545837,0.04401877894997597,-0.0008234637207351625,0.0008739706827327609,-0.00011516900849528611,-0.0329207219183445,0.020652292296290398,0.002193610882386565,-0.0017486866563558578,0.01534973457455635,0.015580789186060429,-0.022346596361049607,-0.009113933084847176,-0.026981893489182996,0.02008938603103161,0.17369255423545837,0.04401877894997597,-0.026981893489182996,0.0,0.0,0.0,0.0,0.0,0.0,-0.001507883937285828,-1.377583931256305e-06,0.0005648877003332071,0.0,0.0,0.0,-0.022346596361049607,-0.009113933084847176,-0.026981893489182996,0.0,0.0,0.0,0.0,0.0,0.0,zero,0.0,0.0,0.0,0.0,-0.001507883937285828,-1.377583931256305e-06,0.0005648877003332071,0.006266404616321708,0.01579886521790081,-0.008259516531059564,1,0.006619453430175781
2.8584137200014084,1788362953.0626593,control,preflight_voltage_failed,1,1,9.338699601357803e-05,3.774193525314331,3774.0,0,10.0,0.004486467994865961,nan,10,0,1,1.0,0.020104143768548965,0.17369520664215088,0.04403139278292656,-0.00013332668459042907,0.0006160268094390631,0.0002517571556381881,-0.0035757734440267086,0.007625630125403404,0.011180110275745392,0.012274127453565598,0.0022123614326119423,0.009208731353282928,-0.02187258464805637,-0.009410378127020783,-0.026928751887666996,0.020104143768548965,0.17369520664215088,0.04403139278292656,-0.026928751887666996,0.0,0.0,0.0,0.0,0.0,0.0,-0.0011561898419351238,0.0003832750533645514,0.0003674701487144219,0.0,0.0,0.0,-0.02187258464805637,-0.009410378127020783,-0.026928751887666996,0.0,0.0,0.0,0.0,0.0,0.0,zero,0.0,0.0,0.0,0.0,-0.0011561898419351238,0.0003832750533645514,0.0003674701487144219,0.02260128983829472,0.017584972059143864,-0.008628587159065467,1,0.0005352497100830078
2.869307591005054,1788362953.0735145,control,preflight_voltage_failed,1,1,0.001273761001357343,3.774193525314331,3774.0,0,10.0,0.0032249150026473217,nan,10,0,1,1.0,0.020129483193159103,0.17364926636219025,0.044054362922906876,0.0004161140532232821,-0.00045496842358261347,0.0006753006600774825,0.008474843576550484,-0.015995103865861893,0.01768217608332634,0.004196930211037397,0.0197011549025774,0.009049097076058388,-0.02214566689092578,-0.008539648519909375,-0.026866361779627333,0.020129483193159103,0.17364926636219025,0.044054362922906876,-0.026866361779627333,0.0,0.0,0.0,0.0,0.0,0.0,-0.0008580872934457565,0.0004875217357076984,0.00031864393967749566,0.0,0.0,0.0,-0.02214566689092578,-0.008539648519909375,-0.026866361779627333,0.0,0.0,0.0,0.0,0.0,0.0,zero,0.0,0.0,0.0,0.0,-0.0008580872934457565,0.0004875217357076984,0.00031864393967749566,0.030750927484976563,0.01075362215294124,-0.005036693651461286,1,0.0016963481903076172
2.880492956006492,1788362953.0853152,control,preflight_voltage_failed,1,1,0.0027534790060599335,3.774193525314331,3774.0,0,10.0,0.00221347100159619,nan,10,0,1,1.0,0.020117979496717453,0.17367669939994812,0.04400945454835892,9.205809328705072e-05,0.0002103436563629657,-0.000399929063860327,-4.328787326812744e-06,0.0011324137449264526,-0.008364498615264893,0.015966735780239105,-0.004355780780315399,0.01137773972004652,-0.021545345300056758,-0.009496000084176488,-0.02664773027028735,0.020117979496717453,0.17367669939994812,0.04400945454835892,-0.02664773027028735,0.0,0.0,0.0,0.0,0.0,0.0,-0.0005508971932140172,0.00047644488223223054,0.00028924403370790585,0.0,0.0,0.0,-0.021545345300056758,-0.009496000084176488,-0.02664773027028735,0.0,0.0,0.0,0.0,0.0,0.0,zero,0.0,0.0,0.0,0.0,-0.0005508971932140172,0.00047644488223223054,0.00028924403370790585,0.032154945499435615,-0.0011594632103710705,-0.003077418098524443,1,0.003943681716918945
2.891547109000385,1788362953.0958068,control,preflight_voltage_failed,1,1,0.0028495689984993078,3.774193525314331,3774.0,0,10.0,0.0010090889991261065,nan,10,0,1,1.0,0.020058806985616684,0.17365942895412445,0.04400854557752609,-0.0009983917698264122,-0.00014461659884545952,-0.0003364112344570458,-0.019759323447942734,-0.005524942185729742,-0.0055408356711268425,0.012096953578293324,-0.022461621090769768,0.0024658343754708767,-0.02157923800167724,-0.010551112353008619,-0.026991381767789972,0.020058806985616684,0.17365942895412445,0.04400854557752609,-0.026991381767789972,0.0,0.0,0.0,0.0,0.0,0.0,-0.0003177014095039891,0.00038029125161025715,0.00020413790003319775,0.0,0.0,0.0,-0.02157923800167724,-0.010551112353008619,-0.026991381767789972,0.0,0.0,0.0,0.0,0.0,0.0,zero,0.0,0.0,0.0,0.0,-0.0003177014095039891,0.00038029125161025715,0.00020413790003319775,0.02112468431347284,-0.008710342271922107,-0.007709574240218632,1,0.003396272659301758
2.9026599540011375,1788362953.1069272,control,preflight_voltage_failed,1,1,0.0027365909991203807,3.774193525314331,3774.0,0,10.0,9.618100011721253e-05,nan,10,0,1,1.0,0.020075621083378792,0.1736605316400528,0.04406433552503586,-0.0004967903951182961,-9.589285764377564e-05,0.0007326652412302792,-0.006800435483455658,-0.003545044455677271,0.014764241874217987,0.004719396587461233,0.011959142982959747,0.0007495566969737411,-0.021854346148822618,-0.00888626890778389,-0.027095679527369115,0.020075621083378792,0.1736605316400528,0.04406433552503586,-0.027095679527369115,0.0,0.0,0.0,0.0,0.0,0.0,-0.00025083284979893363,0.00025731285745868575,0.00011048818101789642,0.0,0.0,0.0,-0.021854346148822618,-0.00888626890778389,-0.027095679527369115,0.0,0.0,0.0,0.0,0.0,0.0,zero,0.0,0.0,0.0,0.0,-0.00025083284979893363,0.00025731285745868575,0.00011048818101789642,0.0060035333485701755,-0.011041136427928002,-0.008407975492106822,1,0.0033783912658691406
2.9137815780050005,1788362953.118054,control,preflight_voltage_failed,1,1,0.0034572790027596056,3.774193525314331,3774.0,0,10.0,0.011217805003980175,nan,10,0,1,1.0,0.020104290917515755,0.17365701496601105,0.04399476945400238,0.00014593361993320286,-0.00014336415915749967,-0.000732321001123637,0.006740899290889502,-0.003735736943781376,-0.015953805297613144,0.010332022793591022,-0.005523376166820526,-0.00021621555788442492,-0.021508161859215946,-0.009683250225704125,-0.027121457183661383,0.020104290917515755,0.17365701496601105,0.04399476945400238,-0.027121457183661383,0.0,0.0,0.0,0.0,0.0,0.0,-0.00024997780289151973,0.00013284046004813965,6.004911129586755e-05,0.0,0.0,0.0,-0.021508161859215946,-0.009683250225704125,-0.027121457183661383,0.0,0.0,0.0,0.0,0.0,0.0,zero,0.0,0.0,0.0,0.0,-0.00024997780289151973,0.00013284046004813965,6.004911129586755e-05,8.10249573890412e-05,-0.011795108091560326,-0.004779648273719773,1,0.0039522647857666016
2.9248908320005285,1788362953.129159,control,preflight_voltage_failed,1,1,0.007164828995882999,3.774193525314331,3774.0,0,10.0,0.010299871995812282,nan,10,0,1,1.0,0.02011200040578842,0.17366650700569153,0.04399561136960983,0.00032448669662699103,0.00014108108007349074,-0.0005631705280393362,0.010204008780419827,0.00467606820166111,-0.008205117657780647,0.01922352984547615,-0.010663894936442375,0.005494123324751854,-0.021103607033158306,-0.009910483606140707,-0.026906244863325584,0.02011200040578842,0.17366650700569153,0.04399561136960983,-0.026906244863325584,0.0,0.0,0.0,0.0,0.0,0.0,-0.0002253337533019734,3.774759743636801e-05,-4.80061945314047e-06,0.0,0.0,0.0,-0.021103607033158306,-0.009910483606140707,-0.026906244863325584,0.0,0.0,0.0,0.0,0.0,0.0,zero,0.0,0.0,0.0,0.0,-0.0002253337533019734,3.774759743636801e-05,-4.80061945314047e-06,0.0033196722795912426,-0.012809467001445361,-0.008735571348539915,1,0.007633686065673828
2.9360281890039914,1788362953.1403496,control,preflight_voltage_failed,1,1,0.008384471002500504,3.774193525314331,3774.0,0,10.0,0.009336463997897226,nan,10,0,1,1.0,0.0200453270226717,0.17366762459278107,0.04401041194796562,-0.0010919420747086406,0.00013551939628086984,-0.00015051494119688869,-0.020549118518829346,0.003628114005550742,0.0018008179031312466,-0.01635073497891426,0.0032449737191200256,0.015811409801244736,-0.022674172734902475,-0.009317362502035964,-0.026355893634639256,0.0200453270226717,0.17366762459278107,0.04401041194796562,-0.026355893634639256,0.0,0.0,0.0,0.0,0.0,0.0,-0.00019039912806577812,-9.355986990470684e-06,-0.00011100997234640373,0.0,0.0,0.0,-0.022674172734902475,-0.009317362502035964,-0.026355893634639256,0.0,0.0,0.0,0.0,0.0,0.0,zero,0.0,0.0,0.0,0.0,-0.00019039912806577812,-9.355986990470684e-06,-0.00011100997234640373,0.0035409110066618697,-0.004774334901907331,-0.010765189668631152,1,0.00895833969116211
2.947138936004194,1788362953.151411,control,preflight_voltage_failed,1,1,0.005678100002114661,3.774193525314331,3774.0,0,10.0,0.008452619003946893,nan,10,0,1,1.0,0.020131228491663933,0.17367491126060486,0.04402485489845276,0.0003751369658857584,0.0002143368183169514,8.953530777944252e-05,0.004886627197265625,0.00404820591211319,0.004930100403726101,0.0019630268216133118,0.011165397241711617,0.00034154392778873444,-0.021631510757271714,-0.008746743640100432,-0.02721545852347572,0.020131228491663933,0.17367491126060486,0.04402485489845276,-0.02721545852347572,0.0,0.0,0.0,0.0,0.0,0.0,-0.00022126507140946797,1.2600605205239335e-05,-0.0001772187549848155,0.0,0.0,0.0,-0.021631510757271714,-0.008746743640100432,-0.02721545852347572,0.0,0.0,0.0,0.0,0.0,0.0,zero,0.0,0.0,0.0,0.0,-0.00022126507140946797,1.2600605205239335e-05,-0.0001772187549848155,-0.0022433830600646653,0.0015958380549115428,-0.004812153633039112,1,0.006261110305786133
2.95820810800069,1788362953.1624658,control,preflight_voltage_failed,1,1,0.010389832001237664,3.774193525314331,3774.0,0,10.0,0.007549091998953372,nan,10,0,1,1.0,0.020090069621801376,0.17366354167461395,0.04396609961986542,-0.0010368038201704621,-0.0001978349609998986,-0.0018368478631600738,-0.04195304960012436,-0.010149506852030754,-0.05862827226519585,-0.016963103786110878,-0.024529267102479935,0.03684592619538307,-0.022212714998421347,-0.009751980553189368,-0.02606715326339282,0.020090069621801376,0.17366354167461395,0.04396609961986542,-0.02606715326339282,0.0,0.0,0.0,0.0,0.0,0.0,-0.00024987140658795247,3.241311560695219e-05,-0.00023920909691844201,0.0,0.0,0.0,-0.022212714998421347,-0.009751980553189368,-0.02606715326339282,0.0,0.0,0.0,0.0,0.0,0.0,zero,0.0,0.0,0.0,0.0,-0.00024987140658795247,3.241311560695219e-05,-0.00023920909691844201,-0.004646747456119369,0.00321829873467123,-0.010069568921946376,1,0.011159658432006836
2.9693197070009774,1788362953.173574,control,preflight_voltage_failed,1,1,0.006232200001250021,3.774193525314331,3774.0,0,10.0,0.006933158998435829,nan,10,0,1,1.0,0.020078599452972412,0.1736547350883484,0.04402024298906326,-0.0009765013819560409,-0.00027117665740661323,-0.0007753095705993474,-0.03278930485248566,-0.009059915319085121,-0.033292703330516815,-0.0062015666626393795,-0.01781761460006237,0.019579440355300903,-0.021630447770886352,-0.00962808790897521,-0.026842054380793838,0.020078599452972412,0.1736547350883484,0.04402024298906326,-0.026842054380793838,0.0,0.0,0.0,0.0,0.0,0.0,-0.0003917064731071193,-5.526574986106711e-06,-0.000528737575547699,0.0,0.0,0.0,-0.021630447770886352,-0.00962808790897521,-0.026842054380793838,0.0,0.0,0.0,0.0,0.0,0.0,zero,0.0,0.0,0.0,0.0,-0.0003917064731071193,-5.526574986106711e-06,-0.000528737575547699,-0.00909173332785609,-0.0024319624044935938,-0.018558990968297447,1,0.006667375564575195
2.980467288005457,1788362953.1847408,control,preflight_voltage_failed,1,1,0.017379781005729456,3.774193525314331,3774.0,0,10.0,0.005976013002509717,nan,10,0,1,1.0,0.020078599452972412,0.1736547350883484,0.04402024298906326,-0.0009765013819560409,-0.00027117665740661323,-0.0007753095705993474,-0.03278930485248566,-0.009059915319085121,-0.033292703330516815,-0.0062015666626393795,-0.01781761460006237,0.019579440355300903,-0.021630447770886352,-0.00962808790897521,-0.026842054380793838,0.020078599452972412,0.1736547350883484,0.04402024298906326,-0.026842054380793838,0.0,0.0,0.0,0.0,0.0,0.0,-0.0003917064731071193,-5.526574986106711e-06,-0.000528737575547699,0.0,0.0,0.0,-0.021630447770886352,-0.00962808790897521,-0.026842054380793838,0.0,0.0,0.0,0.0,0.0,0.0,zero,0.0,0.0,0.0,0.0,-0.0003917064731071193,-5.526574986106711e-06,-0.000528737575547699,-0.00909173332785609,-0.0024319624044935938,-0.018558990968297447,1,0.017834186553955078
2.9915383950065007,1788362953.1963096,control,preflight_voltage_failed,1,1,0.0006054050027159974,3.774193525314331,3774.0,0,10.0,0.005258934004814364,nan,10,0,1,1.0,0.020138824358582497,0.17365171015262604,0.04397418722510338,0.03311799839138985,-0.02140757441520691,-0.028354454785585403,25.46388053894043,-16.5861873626709,-22.601598739624023,0.07396182417869568,-1.0373986959457397,0.33024540543556213,-0.021567741322510995,-0.009765830939221527,-0.026576773915422184,0.020138824358582497,0.17365171015262604,0.04397418722510338,-0.026576773915422184,0.0,0.0,0.0,0.0,0.0,0.0,-0.0016144426534094938,-0.00044355531764306267,-0.001801642301756497,0.0,0.0,0.0,-0.021567741322510995,-0.009765830939221527,-0.026576773915422184,0.0,0.0,0.0,0.0,0.0,0.0,zero,0.0,0.0,0.0,0.0,-0.0016144426534094938,-0.00044355531764306267,-0.001801642301756497,-1.5032464454181773,-0.5410246620282662,-1.568768088288521,1,0.0015358924865722656
3.002694597002119,1788362953.2069528,control,preflight_voltage_failed,1,1,0.011761606998334173,3.774193525314331,3774.0,0,10.0,0.004238725996401627,nan,10,0,1,1.0,0.020138824358582497,0.17365171015262604,0.04397418722510338,0.03311799839138985,-0.02140757441520691,-0.028354454785585403,25.46388053894043,-16.5861873626709,-22.601598739624023,0.07396182417869568,-1.0373986959457397,0.33024540543556213,-0.021567741322510995,-0.009765830939221527,-0.026576773915422184,0.020138824358582497,0.17365171015262604,0.04397418722510338,-0.026576773915422184,0.0,0.0,0.0,0.0,0.0,0.0,-0.0016144426534094938,-0.00044355531764306267,-0.001801642301756497,0.0,0.0,0.0,-0.021567741322510995,-0.009765830939221527,-0.026576773915422184,0.0,0.0,0.0,0.0,0.0,0.0,zero,0.0,0.0,0.0,0.0,-0.0016144426534094938,-0.00044355531764306267,-0.001801642301756497,-1.5032464454181773,-0.5410246620282662,-1.568768088288521,1,0.012179136276245117
3.01377743500052,1788362953.2180517,control,preflight_voltage_failed,1,1,0.00574087499990128,3.774193525314331,3774.0,0,10.0,0.003429775999393314,nan,10,0,1,1.0,0.02008848637342453,0.17365619540214539,0.044029608368873596,0.02020666003227234,-0.014613143168389797,-0.017709143459796906,15.927278518676758,-10.455472946166992,-14.184565544128418,0.09279768168926239,-0.6604909300804138,0.19250556826591492,-0.021067942904381923,-0.009386576008616995,-0.027220934114796355,0.02008848637342453,0.17365619540214539,0.044029608368873596,-0.027220934114796355,0.0,0.0,0.0,0.0,0.0,0.0,0.008607685887522578,-0.006693268310231191,-0.0095433593548468,0.0,0.0,0.0,-0.021067942904381923,-0.009386576008616995,-0.027220934114796355,0.0,0.0,0.0,0.0,0.0,0.0,zero,0.0,0.0,0.0,0.0,0.008607685887522578,-0.006693268310231191,-0.0095433593548468,1.1923324266378625,-0.7283548597231123,-0.900869457701788,1,0.00632786750793457
3.02488493599958,1788362953.2291596,control,preflight_voltage_failed,1,1,0.005940211995039135,3.774193525314331,3774.0,0,10.0,0.002386747997661587,nan,10,0,1,1.0,0.020101556554436684,0.17367249727249146,0.044001154601573944,0.016403086483478546,-0.011393969878554344,-0.014684914611279964,12.672633171081543,-8.305819511413574,-11.292638778686523,0.07444056123495102,-0.5255265235900879,0.16140569746494293,-0.021060569427519018,-0.009220477756782657,-0.02681746142361978,0.020101556554436684,0.17367249727249146,0.044001154601573944,-0.02681746142361978,0.0,0.0,0.0,0.0,0.0,0.0,0.013127560152830783,-0.009498419283372826,-0.012837237324541752,0.0,0.0,0.0,-0.021060569427519018,-0.009220477756782657,-0.02681746142361978,0.0,0.0,0.0,0.0,0.0,0.0,zero,0.0,0.0,0.0,0.0,0.013127560152830783,-0.009498419283372826,-0.012837237324541752,0.4111145817986091,-0.25514835181514656,-0.2996015341401213,1,0.006441593170166016
3.0360208580023027,1788362953.2402844,control,preflight_voltage_failed,1,1,0.0012007609984721057,3.774193525314331,3774.0,0,10.0,0.0017475700005888939,nan,10,0,1,1.0,0.02012307569384575,0.17361772060394287,0.043990980833768845,0.013393424451351166,-0.009804889559745789,-0.011876033619046211,10.100210189819336,-6.62464714050293,-8.998743057250977,0.05349963530898094,-0.4279135763645172,0.12588635087013245,-0.021538953648981323,-0.009820860873886882,-0.027061919050033117,0.02012307569384575,0.17361772060394287,0.043990980833768845,-0.027061919050033117,0.0,0.0,0.0,0.0,0.0,0.0,0.01594035617657996,-0.011291461749720788,-0.014684117640501065,0.0,0.0,0.0,-0.021538953648981323,-0.009820860873886882,-0.027061919050033117,0.0,0.0,0.0,0.0,0.0,0.0,zero,0.0,0.0,0.0,0.0,0.01594035617657996,-0.011291461749720788,-0.014684117640501065,0.17708447079936473,-0.11288411018542106,-0.11627356574028715,1,0.0016825199127197266
3.0471455220031203,1788362953.251419,control,preflight_voltage_failed,1,1,0.00967277600284433,3.774193525314331,3774.0,0,10.0,0.0007038070034468547,nan,10,0,1,1.0,0.020089834928512573,0.1736760139465332,0.04401920363306999,0.008200746960937977,-0.0034351972863078117,-0.0073663415387272835,7.687447547912598,-4.817979335784912,-6.857927322387695,0.04700711742043495,-0.32881686091423035,0.05220067873597145,-0.021477040926647043,-0.009656009826379049,-0.027707038373322158,0.020089834928512573,0.1736760139465332,0.04401920363306999,-0.027707038373322158,0.0,0.0,0.0,0.0,0.0,0.0,0.01828764775493804,-0.012778884711513571,-0.016210313165951253,0.0,0.0,0.0,-0.021477040926647043,-0.009656009826379049,-0.027707038373322158,0.0,0.0,0.0,0.0,0.0,0.0,zero,0.0,0.0,0.0,0.0,0.01828764775493804,-0.012778884711513571,-0.016210313165951253,0.8871197023133538,-0.5621467001567234,-0.5768001439158249,1,0.010171175003051758
3.0582228429993847,1788362953.2625008,control,preflight_voltage_failed,1,1,0.006349775998387486,3.774193525314331,3774.0,0,10.0,0.011781127999711316,nan,10,0,1,1.0,0.020122481510043144,0.17368705570697784,0.04399691894650459,0.00701459776610136,-0.002594605553895235,-0.006202975753694773,6.133462905883789,-3.84269380569458,-5.470163822174072,0.03898686170578003,-0.2577804625034332,0.06332237273454666,-0.021392295128899987,-0.009243686457226582,-0.026164968088936622,0.020122481510043144,0.17368705570697784,0.04399691894650459,-0.026164968088936622,0.0,0.0,0.0,0.0,0.0,0.0,0.01677237263886337,-0.011217304550741592,-0.014652102784123558,0.0,0.0,0.0,-0.021392295128899987,-0.009243686457226582,-0.026164968088936622,0.0,0.0,0.0,0.0,0.0,0.0,zero,0.0,0.0,0.0,0.0,0.01677237263886337,-0.011217304550741592,-0.014652102784123558,-0.10537220393687234,0.10859225590063093,0.10835792153430207,1,0.006872653961181641
3.069365253999422,1788362953.273634,control,preflight_voltage_failed,1,1,0.001286966995394323,3.774193525314331,3774.0,0,10.0,0.01067602099647047,nan,10,0,1,1.0,0.020068978890776634,0.17370522022247314,0.04403863474726677,0.0033070468343794346,-0.0012060034787282348,-0.00306718610227108,3.8435304164886475,-2.4271726608276367,-3.4321577548980713,0.006965235341340303,-0.18430586159229279,0.015582822263240814,-0.022200517085218707,-0.010123944936824465,-0.027259228876659183,0.020068978890776634,0.17370522022247314,0.04403863474726677,-0.027259228876659183,0.0,0.0,0.0,0.0,0.0,0.0,0.012745208632114705,-0.007705064137708468,-0.010913268268791179,0.0,0.0,0.0,-0.022200517085218707,-0.010123944936824465,-0.027259228876659183,0.0,0.0,0.0,0.0,0.0,0.0,zero,0.0,0.0,0.0,0.0,0.012745208632114705,-0.007705064137708468,-0.010913268268791179,-0.25285549440846394,0.20718552345381766,0.22947858255727185,1,0.0018529891967773438
3.0804602810021606,1788362953.2847717,control,preflight_voltage_failed,1,1,0.012381993998133112,3.774193525314331,3774.0,0,10.0,0.00959917799627874,nan,10,0,1,1.0,0.020068978890776634,0.17370522022247314,0.04403863474726677,0.0033070468343794346,-0.0012060034787282348,-0.00306718610227108,3.8435304164886475,-2.4271726608276367,-3.4321577548980713,0.006965235341340303,-0.18430586159229279,0.015582822263240814,-0.022200517085218707,-0.010123944936824465,-0.027259228876659183,0.020068978890776634,0.17370522022247314,0.04403863474726677,-0.027259228876659183,0.0,0.0,0.0,0.0,0.0,0.0,0.012745208632114705,-0.007705064137708468,-0.010913268268791179,0.0,0.0,0.0,-0.022200517085218707,-0.010123944936824465,-0.027259228876659183,0.0,0.0,0.0,0.0,0.0,0.0,zero,0.0,0.0,0.0,0.0,0.012745208632114705,-0.007705064137708468,-0.010913268268791179,-0.25285549440846394,0.20718552345381766,0.22947858255727185,1,0.012990713119506836
3.0916294120033854,1788362953.2961898,control,preflight_voltage_failed,1,1,0.00961731900315499,3.774193525314331,3774.0,0,10.0,0.007785996000166051,nan,10,0,1,1.0,0.02007887326180935,0.17369401454925537,0.044009868055582047,0.002787988632917404,-0.00112601974979043,-0.002867617644369602,3.067356586456299,-1.9405874013900757,-2.7428550720214844,0.013435347005724907,-0.12972716987133026,0.012522587552666664,-0.021653754352566043,-0.0088926670907083,-0.02728231740924375,0.02007887326180935,0.17369401454925537,0.044009868055582047,-0.02728231740924375,0.0,0.0,0.0,0.0,0.0,0.0,0.009438130834839136,-0.005367550680785466,-0.008083994476600943,0.0,0.0,0.0,-0.021653754352566043,-0.0088926670907083,-0.02728231740924375,0.0,0.0,0.0,0.0,0.0,0.0,zero,0.0,0.0,0.0,0.0,0.009438130834839136,-0.005367550680785466,-0.008083994476600943,-0.23791855428593175,0.16816593270142838,0.20354426825746855,1,0.01050877571105957
3.1026742870017188,1788362953.3068743,control,preflight_voltage_failed,1,1,0.004880850996414665,3.774193525314331,3774.0,0,10.0,0.006496522997622378,nan,10,0,1,1.0,0.020089861005544662,0.17367607355117798,0.04399732127785683,0.0018148384988307953,-0.0005989170749671757,-0.002653258154168725,1.9334535598754883,-1.2136783599853516,-1.766108751296997,0.03497939929366112,-0.07605671882629395,0.013281329534947872,-0.020950240610240183,-0.008997959911613356,-0.027076595459447968,0.020089861005544662,0.17367607355117798,0.04399732127785683,-0.027076595459447968,0.0,0.0,0.0,0.0,0.0,0.0,0.004609274127990626,-0.0021381510491856794,-0.003997737961829197,0.0,0.0,0.0,-0.020950240610240183,-0.008997959911613356,-0.027076595459447968,0.0,0.0,0.0,0.0,0.0,0.0,zero,0.0,0.0,0.0,0.0,0.004609274127990626,-0.0021381510491856794,-0.003997737961829197,-0.34539070958206314,0.2271679971529148,0.29185028065194607,1,0.0054361820220947266
3.113770647003548,1788362953.3180077,control,preflight_voltage_failed,1,1,0.004892334000032861,3.774193525314331,3774.0,0,10.0,0.004774116001499351,nan,10,0,1,1.0,0.02012181654572487,0.1736520677804947,0.04403211921453476,0.0020308797247707844,-0.0009140991023741663,-0.0014920956455171108,1.5506772994995117,-0.976653516292572,-1.3918476104736328,0.0015911906957626343,-0.05746229365468025,0.012424459680914879,-0.022407683452077283,-0.008809138528292492,-0.026981354860637897,0.02012181654572487,0.1736520677804947,0.04403211921453476,-0.026981354860637897,0.0,0.0,0.0,0.0,0.0,0.0,0.003104883795789395,-0.001236950770842582,-0.002775543498190037,0.0,0.0,0.0,-0.022407683452077283,-0.008809138528292492,-0.026981354860637897,0.0,0.0,0.0,0.0,0.0,0.0,zero,0.0,0.0,0.0,0.0,0.003104883795789395,-0.001236950770842582,-0.002775543498190037,-0.1362911287537627,0.08164477033621113,0.11072542773008152,1,0.0055315494537353516
3.124909459002083,1788362953.329161,control,preflight_voltage_failed,1,1,0.0014244109988794662,3.774193525314331,3774.0,0,10.0,0.00396468899998581,nan,10,0,1,1.0,0.020093027502298355,0.1737118512392044,0.043977417051792145,0.0012302289251238108,8.78888531588018e-05,-0.0019432194530963898,1.2295711040496826,-0.7675933241844177,-1.119659423828125,0.011348318308591843,-0.053712449967861176,0.012692495249211788,-0.021674313171960124,-0.009369634754144563,-0.02676803167063488,0.020093027502298355,0.1737118512392044,0.043977417051792145,-0.02676803167063488,0.0,0.0,0.0,0.0,0.0,0.0,0.0021239425043169313,-0.0006894614844282701,-0.002034180109753819,0.0,0.0,0.0,-0.021674313171960124,-0.009369634754144563,-0.02676803167063488,0.0,0.0,0.0,0.0,0.0,0.0,zero,0.0,0.0,0.0,0.0,0.0021239425043169313,-0.0006894614844282701,-0.002034180109753819,-0.0672051417420186,0.03750896757590849,0.05079145106371317,1,0.0020885467529296875
3.136010879003152,1788362953.3403077,control,preflight_voltage_failed,1,1,0.008435515002929606,3.774193525314331,3774.0,0,10.0,0.0026817660036613233,nan,10,0,1,1.0,0.020064828917384148,0.17367371916770935,0.04400556907057762,-0.0003265943378210068,-0.001702212612144649,-0.0002459627576172352,0.9112898111343384,-0.6972853541374207,-0.8168326020240784,0.00091562420129776,-0.02971750497817993,0.005802429746836424,-0.021849001492502962,-0.00908664162266434,-0.0268678324675419,0.020064828917384148,0.17367371916770935,0.04400556907057762,-0.0268678324675419,0.0,0.0,0.0,0.0,0.0,0.0,0.0013392226612080537,-0.00026803680880904527,-0.0014471115931101405,0.0,0.0,0.0,-0.021849001492502962,-0.00908664162266434,-0.0268678324675419,0.0,0.0,0.0,0.0,0.0,0.0,zero,0.0,0.0,0.0,0.0,0.0013392226612080537,-0.00026803680880904527,-0.0014471115931101405,-0.18235656140677808,0.09793247285990456,0.13642549878844518,1,0.008932113647460938
3.147145110000565,1788362953.351417,control,preflight_voltage_failed,1,1,0.009560703998431563,3.774193525314331,3774.0,0,10.0,0.001849678999860771,nan,10,0,1,1.0,0.02010667882859707,0.1736464500427246,0.04406336322426796,0.0005818124627694488,-0.0019111207220703363,0.0009675228502601385,0.7473321557044983,-0.5620368719100952,-0.6290197968482971,-0.01453749556094408,-0.007522325962781906,0.0016180768143385649,-0.022605527707929216,-0.008283462838018719,-0.027035831606586954,0.02010667882859707,0.1736464500427246,0.04406336322426796,-0.027035831606586954,0.0,0.0,0.0,0.0,0.0,0.0,0.0007641820976143231,-0.00019068410113780505,-0.0009742934678767037,0.0,0.0,0.0,-0.022605527707929216,-0.008283462838018719,-0.027035831606586954,0.0,0.0,0.0,0.0,0.0,0.0,zero,0.0,0.0,0.0,0.0,0.0007641820976143231,-0.00019068410113780505,-0.0009742934678767037,-0.0579253310928344,0.007791939362993265,0.04762819909551623,1,0.010114192962646484
3.1582394640063285,1788362953.3624697,control,preflight_voltage_failed,1,1,0.0006946140056243166,3.774193525314331,3774.0,0,10.0,0.0009506970018264838,nan,10,0,1,1.0,0.02007843367755413,0.17367631196975708,0.04398823156952858,4.076253389939666e-06,-0.000742279109545052,-0.000694150454364717,0.4711408317089081,-0.34017419815063477,-0.4312451183795929,0.017303187400102615,-0.02761286497116089,-0.011265542358160019,-0.0211486646860524,-0.009787980794295255,-0.027640176055851246,0.02007843367755413,0.17367631196975708,0.04398823156952858,-0.027640176055851246,0.0,0.0,0.0,0.0,0.0,0.0,6.803213030848101e-05,-0.000561725879009262,-0.00020617269114799107,0.0,0.0,0.0,-0.0211486646860524,-0.009787980794295255,-0.027640176055851246,0.0,0.0,0.0,0.0,0.0,0.0,zero,0.0,0.0,0.0,0.0,6.803213030848101e-05,-0.000561725879009262,-0.00020617269114799107,-0.028834064710103788,-0.02041672012139168,0.031720640806870315,1,0.0011920928955078125
3.169374040000548,1788362953.3736126,control,preflight_voltage_failed,1,1,0.011829189999843948,3.774193525314331,3774.0,0,10.0,6.026999471941963e-05,nan,10,0,1,1.0,0.02007843367755413,0.17367631196975708,0.04398823156952858,4.076253389939666e-06,-0.000742279109545052,-0.000694150454364717,0.4711408317089081,-0.34017419815063477,-0.4312451183795929,0.017303187400102615,-0.02761286497116089,-0.011265542358160019,-0.0211486646860524,-0.009787980794295255,-0.027640176055851246,0.02007843367755413,0.17367631196975708,0.04398823156952858,-0.027640176055851246,0.0,0.0,0.0,0.0,0.0,0.0,6.803213030848101e-05,-0.000561725879009262,-0.00020617269114799107,0.0,0.0,0.0,-0.0211486646860524,-0.009787980794295255,-0.027640176055851246,0.0,0.0,0.0,0.0,0.0,0.0,zero,0.0,0.0,0.0,0.0,6.803213030848101e-05,-0.000561725879009262,-0.00020617269114799107,-0.028834064710103788,-0.02041672012139168,0.031720640806870315,1,0.012335062026977539
3.180548912001541,1788362953.38483,control,preflight_voltage_failed,1,1,0.009615219998522662,3.774193525314331,3774.0,0,10.0,0.00011907400039490312,nan,10,0,1,1.0,0.02005106955766678,0.17365983128547668,0.044050153344869614,-0.0004045325331389904,-0.0008394265314564109,0.0003674682229757309,0.37082338333129883,-0.27358710765838623,-0.32917532324790955,-0.0016435831785202026,-0.01951180398464203,0.011619099415838718,-0.02220120142631962,-0.009584992362151955,-0.026259752320253075,0.02005106955766678,0.17365983128547668,0.044050153344869614,-0.026259752320253075,0.0,0.0,0.0,0.0,0.0,0.0,-0.00012855815955827764,-0.000712534511149877,-9.131328272225404e-05,0.0,0.0,0.0,-0.02220120142631962,-0.009584992362151955,-0.026259752320253075,0.0,0.0,0.0,0.0,0.0,0.0,zero,0.0,0.0,0.0,0.0,-0.00012855815955827764,-0.000712534511149877,-9.131328272225404e-05,-0.014646596428749405,-0.01123571858219639,0.008557388070371468,1,0.010130167007446289
3.1915579680062365,1788362953.395819,control,preflight_voltage_failed,1,1,0.000142372002301272,3.774193525314331,3774.0,0,10.0,0.01036693700007163,nan,10,0,1,1.0,0.02007727511227131,0.17366665601730347,0.04400215297937393,0.0009733349434100091,0.000724397657904774,-0.0011078985407948494,0.2988472580909729,-0.09643333405256271,-0.26571470499038696,-0.04443015903234482,-0.04477039352059364,0.015604960732161999,-0.021842129734893873,-0.010279839669774355,-0.0266972267997015,0.02007727511227131,0.17366665601730347,0.04400215297937393,-0.0266972267997015,0.0,0.0,0.0,0.0,0.0,0.0,-0.00033945932903319307,-0.0008836166779912365,3.569890629660812e-05,0.0,0.0,0.0,-0.021842129734893873,-0.010279839669774355,-0.0266972267997015,0.0,0.0,0.0,0.0,0.0,0.0,zero,0.0,0.0,0.0,0.0,-0.00033945932903319307,-0.0008836166779912365,3.569890629660812e-05,-0.020428714042490692,-0.016147287923215337,0.012158259116229106,1,0.0007827281951904297
3.202688545003184,1788362953.4074898,control,preflight_voltage_failed,1,1,0.00021175599977141246,3.774193525314331,3774.0,0,10.0,0.009227953996742144,nan,10,0,1,1.0,0.02012433484196663,0.17363709211349487,0.04405902326107025,0.0016254171496257186,4.757259739562869e-05,0.00013695238158106804,0.25081077218055725,-0.08932483196258545,-0.19017307460308075,-0.03352540358901024,-0.01684889756143093,0.003653746098279953,-0.021724925006321616,-0.009236627796301963,-0.02721085253361176,0.02012433484196663,0.17363709211349487,0.04405902326107025,-0.02721085253361176,0.0,0.0,0.0,0.0,0.0,0.0,-0.0001809010915448545,-0.0007406548604100738,-3.6364012836684995e-05,0.0,0.0,0.0,-0.021724925006321616,-0.009236627796301963,-0.02721085253361176,0.0,0.0,0.0,0.0,0.0,0.0,zero,0.0,0.0,0.0,0.0,-0.0001809010915448545,-0.0007406548604100738,-3.6364012836684995e-05,0.014266071384479662,0.012862803769610683,-0.0064837675091157275,1,0.0013391971588134766
3.2137637510022614,1788362953.4179988,control,preflight_voltage_failed,1,1,0.005312594999850262,3.774193525314331,3774.0,0,10.0,0.008105998997052666,nan,10,0,1,1.0,0.020092498511075974,0.17365851998329163,0.043987538665533066,0.0002484250580891967,0.0007460593478754163,-0.002252370584756136,0.15515123307704926,-0.04838106781244278,-0.231084406375885,-0.015422573313117027,-0.027084941044449806,-0.0003364922013133764,-0.021379120292182807,-0.009650442345304775,-0.027300611175329732,0.020092498511075974,0.17365851998329163,0.043987538665533066,-0.027300611175329732,0.0,0.0,0.0,0.0,0.0,0.0,5.087753468248108e-06,-0.0005752901961213338,-0.00012949722062889003,0.0,0.0,0.0,-0.021379120292182807,-0.009650442345304775,-0.027300611175329732,0.0,0.0,0.0,0.0,0.0,0.0,zero,0.0,0.0,0.0,0.0,5.087753468248108e-06,-0.0005752901961213338,-0.00012949722062889003,0.030726869252947705,0.027319586926300588,-0.01538636308396395,1,0.00579524040222168
3.2249240390010527,1788362953.4291682,control,preflight_voltage_failed,1,1,0.005860895995283499,3.774193525314331,3774.0,0,10.0,0.007163125999795739,nan,10,0,1,1.0,0.02011929824948311,0.17364302277565002,0.0440293550491333,0.000702179444488138,0.0003057287831325084,-0.0010163658298552036,0.1326448768377304,-0.046976566314697266,-0.16164888441562653,-0.014517565257847309,-0.03337409347295761,0.014308715239167213,-0.021502998192664862,-0.010256817731236106,-0.026511361402047264,0.02011929824948311,0.17364302277565002,0.0440293550491333,-0.026511361402047264,0.0,0.0,0.0,0.0,0.0,0.0,0.00021551254804024893,-0.00032072136112243924,-0.0003761549325459498,0.0,0.0,0.0,-0.021502998192664862,-0.010256817731236106,-0.026511361402047264,0.0,0.0,0.0,0.0,0.0,0.0,zero,0.0,0.0,0.0,0.0,0.00021551254804024893,-0.00032072136112243924,-0.0003761549325459498,0.019761885259455037,0.02390763939256182,-0.023164672258224658,1,0.006316661834716797
3.236089436999464,1788362953.4403362,control,preflight_voltage_failed,1,1,0.006113709998317063,3.774193525314331,3774.0,0,10.0,0.005996950996632222,nan,10,0,1,1.0,0.020097358152270317,0.17362715303897858,0.043980296701192856,0.00015659519704058766,-4.846934461966157e-05,-0.001719009829685092,0.09604107588529587,-0.044121917337179184,-0.14229422807693481,-0.02374587208032608,-0.014788121916353703,0.010743956081569195,-0.02215945496286641,-0.00961277537668898,-0.02656350509442339,0.020097358152270317,0.17362715303897858,0.043980296701192856,-0.02656350509442339,0.0,0.0,0.0,0.0,0.0,0.0,0.0003627136164104222,-8.187673247848009e-05,-0.0006911277517305165,0.0,0.0,0.0,-0.02215945496286641,-0.00961277537668898,-0.02656350509442339,0.0,0.0,0.0,0.0,0.0,0.0,zero,0.0,0.0,0.0,0.0,0.0003627136164104222,-8.187673247848009e-05,-0.0006911277517305165,0.013592964264751792,0.022055590614470672,-0.02908548370571112,1,0.006655454635620117
3.2470995930052595,1788362953.4513557,control,preflight_voltage_failed,1,1,0.009393881002324633,3.774193525314331,3774.0,0,10.0,0.005009846005123109,nan,10,0,1,1.0,0.02009129337966442,0.17369148135185242,0.04396737366914749,-3.039622970391065e-05,0.0016124227549880743,-0.0017069200985133648,0.0720331072807312,0.007334735244512558,-0.11352506279945374,-0.011546274647116661,-0.01485363021492958,0.0035522119142115116,-0.021867323376938974,-0.00973484750396584,-0.026757342480520356,0.02009129337966442,0.17369148135185242,0.04396737366914749,-0.026757342480520356,0.0,0.0,0.0,0.0,0.0,0.0,0.0004424358445072832,0.00011573825569329246,-0.0009649649586839077,0.0,0.0,0.0,-0.021867323376938974,-0.00973484750396584,-0.026757342480520356,0.0,0.0,0.0,0.0,0.0,0.0,zero,0.0,0.0,0.0,0.0,0.0004424358445072832,0.00011573825569329246,-0.0009649649586839077,0.010229732315464146,0.02535740004738331,-0.03513802100142063,1,0.009881734848022461
3.2582915110033355,1788362953.462525,control,preflight_voltage_failed,1,1,0.007752641999104526,3.774193525314331,3774.0,0,10.0,0.00389161599741783,nan,10,0,1,1.0,0.02007943205535412,0.17366555333137512,0.04399974271655083,-0.00020921321993228048,0.0008857679786160588,-0.0008609621436335146,0.054839055985212326,-0.005459424573928118,-0.07763312011957169,-0.010313211008906364,-0.013213892467319965,-0.004736073315143585,-0.021931625228001506,-0.009830856070583979,-0.02724150702736854,0.02007943205535412,0.17366555333137512,0.04399974271655083,-0.02724150702736854,0.0,0.0,0.0,0.0,0.0,0.0,0.0003725057340851544,0.00040731565281730233,-0.001208535256950687,0.0,0.0,0.0,-0.021931625228001506,-0.009830856070583979,-0.02724150702736854,0.0,0.0,0.0,0.0,0.0,0.0,zero,0.0,0.0,0.0,0.0,0.0003725057340851544,0.00040731565281730233,-0.001208535256950687,-0.00545101363856632,0.022728297707902603,-0.018986170760882132,1,0.008222103118896484
3.2693492050020723,1788362953.4735904,control,preflight_voltage_failed,1,1,0.001713792997179553,3.774193525314331,3774.0,0,10.0,0.002813303995935712,nan,10,0,1,1.0,0.020079832524061203,0.1736295223236084,0.04401392489671707,-0.0006244141259230673,-0.0012001674622297287,-0.0007484100060537457,0.010412460193037987,-0.08300353586673737,-0.0617440864443779,-0.017318064346909523,-0.030436981469392776,-0.02293866127729416,-0.022198017577010273,-0.009705324792855356,-0.02731357220154949,0.020079832524061203,0.1736295223236084,0.04401392489671707,-0.02731357220154949,0.0,0.0,0.0,0.0,0.0,0.0,0.00015838913562447995,0.000866010639717419,-0.0012695636834821646,0.0,0.0,0.0,-0.022198017577010273,-0.009705324792855356,-0.02731357220154949,0.0,0.0,0.0,0.0,0.0,0.0,zero,0.0,0.0,0.0,0.0,0.00015838913562447995,0.000866010639717419,-0.0012695636834821646,-0.01794386729182025,0.03319191281094818,-0.0003394298325837679,1,0.002191305160522461
3.280470335004793,1788362953.4847145,control,preflight_voltage_failed,1,1,0.0027841820046887733,3.774193525314331,3774.0,0,10.0,0.0018773420015349984,nan,10,0,1,1.0,0.020069682970643044,0.17363062500953674,0.04400159791111946,-0.0007028491818346083,-0.0009380447445437312,-0.0008456646464765072,0.006758741568773985,-0.061151936650276184,-0.05134349316358566,-0.0032913638278841972,-0.014272031374275684,-0.012199939228594303,-0.02167350799894776,-0.009195643225186793,-0.027017614247578408,0.020069682970643044,0.17363062500953674,0.04400159791111946,-0.027017614247578408,0.0,0.0,0.0,0.0,0.0,0.0,1.8900369240035085e-05,0.0007556307943667134,-0.001175872362715843,0.0,0.0,0.0,-0.02167350799894776,-0.009195643225186793,-0.027017614247578408,0.0,0.0,0.0,0.0,0.0,0.0,zero,0.0,0.0,0.0,0.0,1.8900369240035085e-05,0.0007556307943667134,-0.001175872362715843,-0.013972875995351023,-0.011056975636451138,0.009385251879713067,1,0.0033326148986816406
3.2915567960008048,1788362953.4958503,control,preflight_voltage_failed,1,1,0.013870643000700511,3.774193525314331,3774.0,0,10.0,0.0006833609950263053,nan,10,0,1,1.0,0.020069682970643044,0.17363062500953674,0.04400159791111946,-0.0007028491818346083,-0.0009380447445437312,-0.0008456646464765072,0.006758741568773985,-0.061151936650276184,-0.05134349316358566,-0.0032913638278841972,-0.014272031374275684,-0.012199939228594303,-0.02167350799894776,-0.009195643225186793,-0.027017614247578408,0.020069682970643044,0.17363062500953674,0.04400159791111946,-0.027017614247578408,0.0,0.0,0.0,0.0,0.0,0.0,1.8900369240035085e-05,0.0007556307943667134,-0.001175872362715843,0.0,0.0,0.0,-0.02167350799894776,-0.009195643225186793,-0.027017614247578408,0.0,0.0,0.0,0.0,0.0,0.0,zero,0.0,0.0,0.0,0.0,1.8900369240035085e-05,0.0007556307943667134,-0.001175872362715843,-0.013972875995351023,-0.011056975636451138,0.009385251879713067,1,0.01446843147277832
3.3026942080032313,1788362953.507496,control,preflight_voltage_failed,1,1,0.004216205998091027,3.774193525314331,3774.0,0,10.0,0.0004582170004141517,nan,10,0,1,1.0,0.02008708566427231,0.17363595962524414,0.044061169028282166,0.0003595419693738222,-0.001010205247439444,0.0011727586388587952,0.03865724802017212,-0.05329035222530365,0.025227833539247513,0.011731375940144062,-0.0002453383058309555,-0.007830149494111538,-0.021677203255054747,-0.008678569839619194,-0.026775826593249938,0.02008708566427231,0.17363595962524414,0.044061169028282166,-0.026775826593249938,0.0,0.0,0.0,0.0,0.0,0.0,-0.0004193218608256889,-0.00012812129627067518,-0.0008618791531755167,0.0,0.0,0.0,-0.021677203255054747,-0.008678569839619194,-0.026775826593249938,0.0,0.0,0.0,0.0,0.0,0.0,zero,0.0,0.0,0.0,0.0,-0.0004193218608256889,-0.00012812129627067518,-0.0008618791531755167,-0.029330772547312874,-0.06213297802802186,0.025047886887696984,1,0.005309104919433594
3.313764392005396,1788362953.518007,control,preflight_voltage_failed,1,1,0.015286390000255778,3.774193525314331,3774.0,0,10.0,0.0100550480055972,nan,10,0,1,1.0,0.02008708566427231,0.17363595962524414,0.044061169028282166,0.0003595419693738222,-0.001010205247439444,0.0011727586388587952,0.03865724802017212,-0.05329035222530365,0.025227833539247513,0.011731375940144062,-0.0002453383058309555,-0.007830149494111538,-0.021677203255054747,-0.008678569839619194,-0.026775826593249938,0.02008708566427231,0.17363595962524414,0.044061169028282166,-0.026775826593249938,0.0,0.0,0.0,0.0,0.0,0.0,-0.0004193218608256889,-0.00012812129627067518,-0.0008618791531755167,0.0,0.0,0.0,-0.021677203255054747,-0.008678569839619194,-0.026775826593249938,0.0,0.0,0.0,0.0,0.0,0.0,zero,0.0,0.0,0.0,0.0,-0.0004193218608256889,-0.00012812129627067518,-0.0008618791531755167,-0.029330772547312874,-0.06213297802802186,0.025047886887696984,1,0.015820026397705078
3.324916863006365,1788362953.5292096,control,preflight_voltage_failed,1,1,0.0027753009999287315,3.774193525314331,3774.0,0,10.0,0.010278932000801433,nan,10,0,1,1.0,0.02006300538778305,0.1736663430929184,0.044012539088726044,-0.0010016500018537045,-0.0003916220157407224,6.898713763803244e-06,-0.017331363633275032,-0.027927430346608162,-0.00399904977530241,0.007175167091190815,-0.035357363522052765,-0.02743110992014408,-0.022000061541103583,-0.009967765093267791,-0.02765895849202134,0.02006300538778305,0.1736663430929184,0.044012539088726044,-0.02765895849202134,0.0,0.0,0.0,0.0,0.0,0.0,-0.00016621465240457294,-0.0006725113014066438,7.75523097112653e-05,0.0,0.0,0.0,-0.022000061541103583,-0.009967765093267791,-0.02765895849202134,0.0,0.0,0.0,0.0,0.0,0.0,zero,0.0,0.0,0.0,0.0,-0.00016621465240457294,-0.0006725113014066438,7.75523097112653e-05,0.016443158621706574,-0.028096134053232014,0.05388620965508394,1,0.003390789031982422
3.3360206040015328,1788362953.540274,control,preflight_voltage_failed,1,1,0.00799325099796988,3.774193525314331,3774.0,0,10.0,0.009423641000466887,nan,10,0,1,1.0,0.020074602216482162,0.17367435991764069,0.04402182251214981,-0.00041338204755447805,-4.5118213165551424e-05,0.0003160687047056854,0.005813689902424812,-0.01075067464262247,0.0071431370452046394,0.018960120156407356,-0.013312269933521748,0.009695861488580704,-0.021613981666868256,-0.00949963253812428,-0.02672304815369718,0.020074602216482162,0.17367435991764069,0.04402182251214981,-0.02672304815369718,0.0,0.0,0.0,0.0,0.0,0.0,-9.453982746453801e-05,-0.0007985714801163422,0.00036824696351890477,0.0,0.0,0.0,-0.021613981666868256,-0.00949963253812428,-0.02672304815369718,0.0,0.0,0.0,0.0,0.0,0.0,zero,0.0,0.0,0.0,0.0,-9.453982746453801e-05,-0.0007985714801163422,0.00036824696351890477,0.011985249170565255,-0.021079404848016698,0.04860908779826964,1,0.00847482681274414
3.34711763800442,1788362953.5514038,control,preflight_voltage_failed,1,1,0.009475874998315703,3.774193525314331,3774.0,0,10.0,0.008449660999758635,nan,10,0,1,1.0,0.02010434865951538,0.17368370294570923,0.043976373970508575,0.0002922482381109148,0.00015956834249664098,-0.0006989343091845512,0.019428353756666183,-0.004313967190682888,-0.015541816130280495,0.007824495434761047,-0.009308631531894207,0.00217382051050663,-0.021962105047210134,-0.009441412143646166,-0.026990978948999007,0.02010434865951538,0.17368370294570923,0.043976373970508575,-0.026990978948999007,0.0,0.0,0.0,0.0,0.0,0.0,-9.401426467096427e-05,-0.0007713163030083777,0.0004771058681684408,0.0,0.0,0.0,-0.021962105047210134,-0.009441412143646166,-0.026990978948999007,0.0,0.0,0.0,0.0,0.0,0.0,zero,0.0,0.0,0.0,0.0,-9.401426467096427e-05,-0.0007713163030083777,0.0004771058681684408,5.503220809210814e-05,0.0028539169753506056,0.011398725264808458,1,0.010054588317871094
3.3582721460043103,1788362953.5625718,control,preflight_voltage_failed,1,1,0.0005779179991804995,3.774193525314331,3774.0,0,10.0,0.007500861000153236,nan,10,0,1,1.0,0.020083574578166008,0.17367178201675415,0.044022295624017715,-0.00020434262114576995,-8.980701386462897e-05,0.0003834639792330563,0.0032113585621118546,-0.006694145034998655,0.009403410367667675,0.00031314033549278975,-0.01775651052594185,0.008895167149603367,-0.02230191044323847,-0.009997613381895032,-0.02662617478457044,0.020083574578166008,0.17367178201675415,0.044022295624017715,-0.02662617478457044,0.0,0.0,0.0,0.0,0.0,0.0,-3.625617508632169e-05,-0.0004697118292313969,0.0003046850550028731,0.0,0.0,0.0,-0.02230191044323847,-0.009997613381895032,-0.02662617478457044,0.0,0.0,0.0,0.0,0.0,0.0,zero,0.0,0.0,0.0,0.0,-3.625617508632169e-05,-0.0004697118292313969,0.0003046850550028731,0.0033791416079696516,0.01659338841736897,-0.011383869478019063,1,0.0012187957763671875
3.3694459090038436,1788362953.5736847,control,preflight_voltage_failed,1,1,0.01175168099871371,3.774193525314331,3774.0,0,10.0,0.005939677001151722,nan,10,0,1,1.0,0.020083574578166008,0.17367178201675415,0.044022295624017715,-0.00020434262114576995,-8.980701386462897e-05,0.0003834639792330563,0.0032113585621118546,-0.006694145034998655,0.009403410367667675,0.00031314033549278975,-0.01775651052594185,0.008895167149603367,-0.02230191044323847,-0.009997613381895032,-0.02662617478457044,0.020083574578166008,0.17367178201675415,0.044022295624017715,-0.02662617478457044,0.0,0.0,0.0,0.0,0.0,0.0,-3.625617508632169e-05,-0.0004697118292313969,0.0003046850550028731,0.0,0.0,0.0,-0.02230191044323847,-0.009997613381895032,-0.02662617478457044,0.0,0.0,0.0,0.0,0.0,0.0,zero,0.0,0.0,0.0,0.0,-3.625617508632169e-05,-0.0004697118292313969,0.0003046850550028731,0.0033791416079696516,0.01659338841736897,-0.011383869478019063,1,0.012331724166870117
3.380429388002085,1788362953.5846758,control,preflight_voltage_failed,1,1,0.001488886002334766,3.774193525314331,3774.0,0,10.0,0.00493811399792321,nan,10,0,1,1.0,0.02010674774646759,0.17366063594818115,0.04402211681008339,-0.003923672717064619,0.002113065915182233,0.009163599461317062,-1.0645695924758911,0.6096799373626709,2.3820183277130127,0.300996869802475,-0.07540348172187805,-0.07274498045444489,-0.02093990244278039,-0.009541749917931571,-0.026737480744556393,0.02010674774646759,0.17366063594818115,0.04402211681008339,-0.026737480744556393,0.0,0.0,0.0,0.0,0.0,0.0,-8.050228105419433e-06,-5.34712672763377e-05,9.897977957908587e-05,0.0,0.0,0.0,-0.02093990244278039,-0.009541749917931571,-0.026737480744556393,0.0,0.0,0.0,0.0,0.0,0.0,zero,0.0,0.0,0.0,0.0,-8.050228105419433e-06,-5.34712672763377e-05,9.897977957908587e-05,0.01714929333242547,0.26350143324880426,-0.12836991242086865,1,0.0019197463989257812
3.3915390350011876,1788362953.5957906,control,preflight_voltage_failed,1,1,0.012598533001437318,3.774193525314331,3774.0,0,10.0,0.00321544300095411,nan,10,0,1,1.0,0.02010674774646759,0.17366063594818115,0.04402211681008339,-0.003923672717064619,0.002113065915182233,0.009163599461317062,-1.0645695924758911,0.6096799373626709,2.3820183277130127,0.300996869802475,-0.07540348172187805,-0.07274498045444489,-0.02093990244278039,-0.009541749917931571,-0.026737480744556393,0.02010674774646759,0.17366063594818115,0.04402211681008339,-0.026737480744556393,0.0,0.0,0.0,0.0,0.0,0.0,-8.050228105419433e-06,-5.34712672763377e-05,9.897977957908587e-05,0.0,0.0,0.0,-0.02093990244278039,-0.009541749917931571,-0.026737480744556393,0.0,0.0,0.0,0.0,0.0,0.0,zero,0.0,0.0,0.0,0.0,-8.050228105419433e-06,-5.34712672763377e-05,9.897977957908587e-05,0.01714929333242547,0.26350143324880426,-0.12836991242086865,1,0.013034582138061523
3.402688708003552,1788362953.6069345,control,preflight_voltage_failed,1,1,0.008253995001723524,3.774193525314331,3774.0,0,10.0,0.0014162820007186383,nan,10,0,1,1.0,0.020088043063879013,0.1736818552017212,0.044042062014341354,-0.0033817668445408344,0.0019659260287880898,0.007589812856167555,-0.8446205258369446,0.4858337342739105,1.8851834535598755,0.22826839983463287,-0.052918557077646255,-0.0614168606698513,-0.02190258871004839,-0.008976859788395948,-0.026997750600082842,0.020088043063879013,0.1736818552017212,0.044042062014341354,-0.026997750600082842,0.0,0.0,0.0,0.0,0.0,0.0,-0.0008433902272479971,0.0004948103437361878,0.0020107878248129935,0.0,0.0,0.0,-0.02190258871004839,-0.008976859788395948,-0.026997750600082842,0.0,0.0,0.0,0.0,0.0,0.0,zero,0.0,0.0,0.0,0.0,-0.0008433902272479971,0.0004948103437361878,0.0020107878248129935,-0.05422294632542574,0.035589633437481116,0.12409781062518199,1,0.008772850036621094
3.413766823003243,1788362953.6186361,control,preflight_voltage_failed,1,1,0.002977142998133786,3.774193525314331,3774.0,0,10.0,0.00014961499982746318,nan,10,0,1,1.0,0.02007577009499073,0.17367930710315704,0.043994203209877014,-0.0017810764256864786,-0.0007846393855288625,0.0006280932575464249,-0.2773175537586212,-0.25855720043182373,0.017742395401000977,0.21060502529144287,-0.07945680618286133,0.01929047331213951,-0.02169182448456401,-0.009654826880739344,-0.026874972725043366,0.02007577009499073,0.17367930710315704,0.043994203209877014,-0.026874972725043366,0.0,0.0,0.0,0.0,0.0,0.0,-0.002994116399010557,0.001760054735258994,0.006723343413539893,0.0,0.0,0.0,-0.02169182448456401,-0.009654826880739344,-0.026874972725043366,0.0,0.0,0.0,0.0,0.0,0.0,zero,0.0,0.0,0.0,0.0,-0.002994116399010557,0.001760054735258994,0.006723343413539893,-1.2138794381744833,0.7137045501937486,2.658724612122503,1,0.004203081130981445
3.424917116004508,1788362953.6291656,control,preflight_voltage_failed,1,1,0.014127435999398585,3.774193525314331,3774.0,0,10.0,0.011299908001092263,nan,10,0,1,1.0,0.02007577009499073,0.17367930710315704,0.043994203209877014,-0.0017810764256864786,-0.0007846393855288625,0.0006280932575464249,-0.2773175537586212,-0.25855720043182373,0.017742395401000977,0.21060502529144287,-0.07945680618286133,0.01929047331213951,-0.02169182448456401,-0.009654826880739344,-0.026874972725043366,0.02007577009499073,0.17367930710315704,0.043994203209877014,-0.026874972725043366,0.0,0.0,0.0,0.0,0.0,0.0,-0.002994116399010557,0.001760054735258994,0.006723343413539893,0.0,0.0,0.0,-0.02169182448456401,-0.009654826880739344,-0.026874972725043366,0.0,0.0,0.0,0.0,0.0,0.0,zero,0.0,0.0,0.0,0.0,-0.002994116399010557,0.001760054735258994,0.006723343413539893,-1.2138794381744833,0.7137045501937486,2.658724612122503,1,0.014732599258422852
3.4360266840012628,1788362953.6403,control,preflight_voltage_failed,1,1,0.002194991997384932,3.774193525314331,3774.0,0,10.0,0.010602283997286577,nan,10,0,1,1.0,0.020063092932105064,0.17369599640369415,0.044021863490343094,-0.001534700277261436,-0.0004831099067814648,0.0007421324262395501,-0.21971936523914337,-0.20423321425914764,0.015181989409029484,0.1685401201248169,-0.06347023695707321,0.01439302321523428,-0.02168418980339656,-0.009646442609665868,-0.02699514591933715,0.020063092932105064,0.17369599640369415,0.044021863490343094,-0.02699514591933715,0.0,0.0,0.0,0.0,0.0,0.0,-0.0026670199971319582,0.0008161128007147789,0.004457327674391446,0.0,0.0,0.0,-0.02168418980339656,-0.009646442609665868,-0.02699514591933715,0.0,0.0,0.0,0.0,0.0,0.0,zero,0.0,0.0,0.0,0.0,-0.0026670199971319582,0.0008161128007147789,0.004457327674391446,0.014170316953304287,-0.040893009893062646,-0.09816727136248722,1,0.0027837753295898438
3.447099064003851,1788362953.651355,control,preflight_voltage_failed,1,1,0.004549226003291551,3.774193525314331,3774.0,0,10.0,0.009574176001478918,nan,10,0,1,1.0,0.020109491422772408,0.17365071177482605,0.04408566653728485,0.007982755079865456,-0.006486915983259678,0.025072164833545685,2.356907367706299,-1.6822701692581177,7.066977024078369,-0.26594510674476624,-0.194278284907341,-0.12381861358880997,-0.02254563019153717,-0.009553854028127948,-0.02697844868755337,0.020109491422772408,0.17365071177482605,0.04408566653728485,-0.02697844868755337,0.0,0.0,0.0,0.0,0.0,0.0,-0.0020345960906596877,-0.0006001431562731077,0.0010048983219905737,0.0,0.0,0.0,-0.02254563019153717,-0.009553854028127948,-0.02697844868755337,0.0,0.0,0.0,0.0,0.0,0.0,zero,0.0,0.0,0.0,0.0,-0.0020345960906596877,-0.0006001431562731077,0.0010048983219905737,0.43870550133897956,-0.9786134347369733,-2.3790989473882895,1,0.005141258239746094
3.4582460040037404,1788362953.6624844,control,preflight_voltage_failed,1,1,0.0004967190034221858,3.774193525314331,3774.0,0,10.0,0.008426257001701742,nan,10,0,1,1.0,0.020091695711016655,0.17363911867141724,0.04398196190595627,0.0044138203375041485,-0.004494294058531523,0.014480873942375183,1.3792625665664673,-1.0138429403305054,4.20932149887085,-0.15887323021888733,-0.10758276283740997,-0.03196966275572777,-0.021572545331614297,-0.009308343307801616,-0.02655408907451189,0.020091695711016655,0.17363911867141724,0.04398196190595627,-0.02655408907451189,0.0,0.0,0.0,0.0,0.0,0.0,0.0009943629216550456,-0.002776075055021218,0.005595869277817832,0.0,0.0,0.0,-0.021572545331614297,-0.009308343307801616,-0.02655408907451189,0.0,0.0,0.0,0.0,0.0,0.0,zero,0.0,0.0,0.0,0.0,0.0009943629216550456,-0.002776075055021218,0.005595869277817832,0.4097410798786631,-0.29048155898818867,0.6399266755723815,1,0.0009281635284423828
3.4694060330002685,1788362953.6736405,control,preflight_voltage_failed,1,1,0.0017821299989009276,3.774193525314331,3774.0,0,10.0,0.007467771996743977,nan,10,0,1,1.0,0.02007065713405609,0.17368876934051514,0.04406316205859184,0.003102361923083663,-0.002583724446594715,0.013239280320703983,1.0766870975494385,-0.7721434831619263,3.3421578407287598,-0.1415710747241974,-0.07242856919765472,-0.02488412708044052,-0.022282968912192863,-0.008638479988724324,-0.026534831817006447,0.02007065713405609,0.17368876934051514,0.04406316205859184,-0.026534831817006447,0.0,0.0,0.0,0.0,0.0,0.0,0.0022740486229209716,-0.003531249540178325,0.008160532975003812,0.0,0.0,0.0,-0.022282968912192863,-0.008638479988724324,-0.026534831817006447,0.0,0.0,0.0,0.0,0.0,0.0,zero,0.0,0.0,0.0,0.0,0.0022740486229209716,-0.003531249540178325,0.008160532975003812,0.1303745744507391,-0.07693729174360307,0.2612883286881378,1,0.0022687911987304688
3.4804308370003127,1788362953.6846895,control,preflight_voltage_failed,1,1,0.01280693399894517,3.774193525314331,3774.0,0,10.0,0.00646248999692034,nan,10,0,1,1.0,0.02007065713405609,0.17368876934051514,0.04406316205859184,0.003102361923083663,-0.002583724446594715,0.013239280320703983,1.0766870975494385,-0.7721434831619263,3.3421578407287598,-0.1415710747241974,-0.07242856919765472,-0.02488412708044052,-0.022282968912192863,-0.008638479988724324,-0.026534831817006447,0.02007065713405609,0.17368876934051514,0.04406316205859184,-0.026534831817006447,0.0,0.0,0.0,0.0,0.0,0.0,0.0022740486229209716,-0.003531249540178325,0.008160532975003812,0.0,0.0,0.0,-0.022282968912192863,-0.008638479988724324,-0.026534831817006447,0.0,0.0,0.0,0.0,0.0,0.0,zero,0.0,0.0,0.0,0.0,0.0022740486229209716,-0.003531249540178325,0.008160532975003812,0.1303745744507391,-0.07693729174360307,0.2612883286881378,1,0.01331782341003418
3.4915851820042008,1788362953.6958547,control,preflight_voltage_failed,1,1,0.003358362002472859,3.774193525314331,3774.0,0,10.0,0.0058431830038898624,nan,10,0,1,1.0,0.020080270245671272,0.17364241182804108,0.044019486755132675,0.0006673220777884126,-0.0016882886411622167,0.0057548172771930695,0.45475348830223083,-0.3924793004989624,1.596883773803711,-0.036702241748571396,-0.09209825098514557,-0.0393131785094738,-0.021322613236423652,-0.00991930773098847,-0.027245456552663857,0.020080270245671272,0.17364241182804108,0.044019486755132675,-0.027245456552663857,0.0,0.0,0.0,0.0,0.0,0.0,0.0038911065918417736,-0.003596647940933606,0.01346110177325302,0.0,0.0,0.0,-0.021322613236423652,-0.00991930773098847,-0.027245456552663857,0.0,0.0,0.0,0.0,0.0,0.0,zero,0.0,0.0,0.0,0.0,0.0038911065918417736,-0.003596647940933606,0.01346110177325302,0.4271960559004597,-0.015260713322855557,1.4031914882784875,1,0.003844022750854492
3.50275511899963,1788362953.7069936,control,preflight_voltage_failed,1,1,0.0013383449986577034,3.774193525314331,3774.0,0,10.0,0.005046444995969068,nan,10,0,1,1.0,0.02010321617126465,0.17364589869976044,0.044039756059646606,0.0008831577142700553,-0.0012975510908290744,0.004912408534437418,0.3670884072780609,-0.30803534388542175,1.2646832466125488,-0.046426061540842056,-0.061450324952602386,-0.02512744441628456,-0.022447369284190173,-0.009107120110309402,-0.026847745042167116,0.02010321617126465,0.17364589869976044,0.044039756059646606,-0.026847745042167116,0.0,0.0,0.0,0.0,0.0,0.0,0.0036062354604800024,-0.0031918930000473618,0.012983811355950219,0.0,0.0,0.0,-0.022447369284190173,-0.009107120110309402,-0.026847745042167116,0.0,0.0,0.0,0.0,0.0,0.0,zero,0.0,0.0,0.0,0.0,0.0036062354604800024,-0.0031918930000473618,0.012983811355950219,-0.021682505094820934,0.03080726722278767,-0.036328187610329375,1,0.001844644546508789
3.5138198700005887,1788362953.7187588,control,preflight_voltage_failed,1,1,0.012403095999616198,3.774193525314331,3774.0,0,10.0,0.003997799998614937,nan,10,0,1,1.0,0.02010321617126465,0.17364589869976044,0.044039756059646606,0.0008831577142700553,-0.0012975510908290744,0.004912408534437418,0.3670884072780609,-0.30803534388542175,1.2646832466125488,-0.046426061540842056,-0.061450324952602386,-0.02512744441628456,-0.022447369284190173,-0.009107120110309402,-0.026847745042167116,0.02010321617126465,0.17364589869976044,0.044039756059646606,-0.026847745042167116,0.0,0.0,0.0,0.0,0.0,0.0,0.0036062354604800024,-0.0031918930000473618,0.012983811355950219,0.0,0.0,0.0,-0.022447369284190173,-0.009107120110309402,-0.026847745042167116,0.0,0.0,0.0,0.0,0.0,0.0,zero,0.0,0.0,0.0,0.0,0.0036062354604800024,-0.0031918930000473618,0.012983811355950219,-0.021682505094820934,0.03080726722278767,-0.036328187610329375,1,0.013609886169433594
3.524993965002068,1788362953.7292666,control,preflight_voltage_failed,1,1,0.0056598669980303384,3.774193525314331,3774.0,0,10.0,0.0032357840027543716,nan,10,0,1,1.0,0.0200811754912138,0.17371326684951782,0.04401560500264168,-0.0005248758825473487,0.0019397984724491835,0.0017687109066173434,0.17035897076129913,-0.05136914551258087,0.6853238940238953,-0.03374075889587402,-0.06650035828351974,-0.026620421558618546,-0.021440590290139627,-0.009534455477784098,-0.027203421862704524,0.0200811754912138,0.17371326684951782,0.04401560500264168,-0.027203421862704524,0.0,0.0,0.0,0.0,0.0,0.0,0.002034761364672076,-0.0019440833832429878,0.008726960267865931,0.0,0.0,0.0,-0.021440590290139627,-0.009534455477784098,-0.027203421862704524,0.0,0.0,0.0,0.0,0.0,0.0,zero,0.0,0.0,0.0,0.0,0.002034761364672076,-0.0019440833832429878,0.008726960267865931,-0.18581463589327377,0.14922374798219384,-0.5061482712375469,1,0.0063381195068359375
3.5360366130043985,1788362953.7404442,control,preflight_voltage_failed,1,1,0.004651005001505837,3.774193525314331,3774.0,0,10.0,0.014278432005085051,nan,10,0,1,1.0,0.020134346559643745,0.1736835241317749,0.04402785375714302,0.00046529152314178646,0.001056681852787733,0.0016188861336559057,0.1527714878320694,-0.05579744651913643,0.5457648634910583,-0.035674165934324265,-0.04008033126592636,-0.02557184174656868,-0.021959563048603605,-0.008752134179708479,-0.027477290339872906,0.020134346559643745,0.1736835241317749,0.04402785375714302,-0.027477290339872906,0.0,0.0,0.0,0.0,0.0,0.0,0.001287047640344961,-0.0010684678002276127,0.006494403566353042,0.0,0.0,0.0,-0.021959563048603605,-0.008752134179708479,-0.027477290339872906,0.0,0.0,0.0,0.0,0.0,0.0,zero,0.0,0.0,0.0,0.0,0.001287047640344961,-0.0010684678002276127,0.006494403566353042,-0.062232382124858425,0.07287768270634837,-0.18581619842406474,1,0.00550079345703125
3.5471807760040974,1788362953.7513695,control,preflight_voltage_failed,1,1,0.009580721998645458,3.774193525314331,3774.0,0,10.0,0.001011735002975911,nan,10,0,1,1.0,0.02014201506972313,0.17364944517612457,0.04405384510755539,0.000614274526014924,-0.0002302891225554049,0.0021154743153601885,0.12691955268383026,-0.08525864034891129,0.4522857069969177,-0.014272535219788551,-0.05797755718231201,-0.000497208908200264,-0.021513504960318904,-0.009559197332739178,-0.026827172843000055,0.02014201506972313,0.17364944517612457,0.04405384510755539,-0.026827172843000055,0.0,0.0,0.0,0.0,0.0,0.0,0.0007161695403557892,-0.0003472702880174959,0.004684441191914718,0.0,0.0,0.0,-0.021513504960318904,-0.009559197332739178,-0.026827172843000055,0.0,0.0,0.0,0.0,0.0,0.0,zero,0.0,0.0,0.0,0.0,0.0007161695403557892,-0.0003472702880174959,0.004684441191914718,-0.09011464748398568,0.11384297204670286,-0.2857074414570833,1,0.010091066360473633
3.558179850006127,1788362953.762361,control,preflight_voltage_failed,1,1,0.0006931720054126345,3.774193525314331,3774.0,0,10.0,0.012010809005005285,nan,10,0,1,1.0,0.020090987905859947,0.1736891269683838,0.044025830924510956,-0.0004595478530973196,0.0006648012204095721,0.0008210086380131543,0.06360500305891037,-0.03646625205874443,0.2657712399959564,-0.01285887137055397,-0.039922844618558884,0.006542408373206854,-0.021732171779276176,-0.009635727828768096,-0.026572580454955076,0.020090987905859947,0.1736891269683838,0.044025830924510956,-0.026572580454955076,0.0,0.0,0.0,0.0,0.0,0.0,9.326413085887432e-05,0.0003354672202204055,0.002285723012780481,0.0,0.0,0.0,-0.021732171779276176,-0.009635727828768096,-0.026572580454955076,0.0,0.0,0.0,0.0,0.0,0.0,zero,0.0,0.0,0.0,0.0,9.326413085887432e-05,0.0003354672202204055,0.002285723012780481,-0.026790240385987017,0.023592551765449287,-0.10282324784499913,1,0.001142263412475586
3.5693044910003664,1788362953.773505,control,preflight_voltage_failed,1,1,0.011817812999652233,3.774193525314331,3774.0,0,10.0,0.0107436879989109,nan,10,0,1,1.0,0.020090987905859947,0.1736891269683838,0.044025830924510956,-0.0004595478530973196,0.0006648012204095721,0.0008210086380131543,0.06360500305891037,-0.03646625205874443,0.2657712399959564,-0.01285887137055397,-0.039922844618558884,0.006542408373206854,-0.021732171779276176,-0.009635727828768096,-0.026572580454955076,0.020090987905859947,0.1736891269683838,0.044025830924510956,-0.026572580454955076,0.0,0.0,0.0,0.0,0.0,0.0,9.326413085887432e-05,0.0003354672202204055,0.002285723012780481,0.0,0.0,0.0,-0.021732171779276176,-0.009635727828768096,-0.026572580454955076,0.0,0.0,0.0,0.0,0.0,0.0,zero,0.0,0.0,0.0,0.0,9.326413085887432e-05,0.0003354672202204055,0.002285723012780481,-0.026790240385987017,0.023592551765449287,-0.10282324784499913,1,0.012286186218261719
3.5804372530037654,1788362953.7846901,control,preflight_voltage_failed,1,1,0.002512594001018442,3.774193525314331,3774.0,0,10.0,0.009664083998359274,nan,10,0,1,1.0,0.020107001066207886,0.1736367642879486,0.044003162533044815,-0.0004832772247027606,-0.0006023758323863149,0.00018923942116089165,0.02952791005373001,-0.04852502793073654,0.1601472944021225,-0.003185311332345009,-0.024585984647274017,0.005222023464739323,-0.02121205559047446,-0.009820758152968056,-0.026863336830273907,0.020107001066207886,0.1736367642879486,0.044003162533044815,-0.026863336830273907,0.0,0.0,0.0,0.0,0.0,0.0,-0.00017972580444720939,0.00047167827227401996,0.0009528362606814342,0.0,0.0,0.0,-0.02121205559047446,-0.009820758152968056,-0.026863336830273907,0.0,0.0,0.0,0.0,0.0,0.0,zero,0.0,0.0,0.0,0.0,-0.00017972580444720939,0.00047167827227401996,0.0009528362606814342,-0.011341302348908847,0.0033846402132258744,-0.06873238405960583,1,0.0032253265380859375
3.591586606002238,1788362953.795835,control,preflight_voltage_failed,1,1,0.0004529369980446063,3.774193525314331,3774.0,0,10.0,0.008433427996351384,nan,10,0,1,1.0,0.020126430317759514,0.17364680767059326,0.04397033154964447,-9.41429752856493e-05,-0.00033071229699999094,-0.00034283060813322663,0.02948017232120037,-0.03473053127527237,0.12010831385850906,-0.01766784116625786,-0.015266379341483116,-0.001983474940061569,-0.02221242321079923,-0.009537263496143485,-0.02727888998027826,0.020126430317759514,0.17364680767059326,0.04397033154964447,-0.02727888998027826,0.0,0.0,0.0,0.0,0.0,0.0,-0.00020953895452992076,0.00028972280072283923,0.0004964474145959385,0.0,0.0,0.0,-0.02221242321079923,-0.009537263496143485,-0.02727888998027826,0.0,0.0,0.0,0.0,0.0,0.0,zero,0.0,0.0,0.0,0.0,-0.00020953895452992076,0.00028972280072283923,0.0004964474145959385,-0.0022440136143226735,-0.013695652899092017,-0.034352048716742856,1,0.0010845661163330078
3.6026898000054643,1788362953.806907,control,preflight_voltage_failed,1,1,0.0011782260044128634,3.774193525314331,3774.0,0,10.0,0.0072838859996409155,nan,10,0,1,1.0,0.020104900002479553,0.17365626990795135,0.04402321204543114,-0.0004884935333393514,-8.298408647533506e-05,0.0007405426586046815,0.01601632498204708,-0.02303037978708744,0.11687720566987991,-0.027669060975313187,-0.007979474030435085,-0.002435371745377779,-0.022917241806221487,-0.009317707032480397,-0.027328078389382542,0.020104900002479553,0.17365626990795135,0.04402321204543114,-0.027328078389382542,0.0,0.0,0.0,0.0,0.0,0.0,-0.00023779620512306746,9.59947896618348e-05,0.00018912044605202104,0.0,0.0,0.0,-0.022917241806221487,-0.009317707032480397,-0.027328078389382542,0.0,0.0,0.0,0.0,0.0,0.0,zero,0.0,0.0,0.0,0.0,-0.00023779620512306746,9.59947896618348e-05,0.00018912044605202104,-0.002711496206630921,-0.01858966304518909,-0.029490339361053018,1,0.0017352104187011719
3.613763760004076,1788362953.818008,control,preflight_voltage_failed,1,1,0.0005118670014780946,3.774193525314331,3774.0,0,10.0,0.006238378002308309,nan,10,0,1,1.0,0.020119603723287582,0.17366337776184082,0.04400760307908058,-0.0001414526195731014,5.4146024922374636e-05,0.0003277409996371716,0.01869809813797474,-0.016098884865641594,0.0865015760064125,-0.009798559360206127,-0.007933897897601128,-0.005185007583349943,-0.022187978447835186,-0.009413410010441856,-0.02751684691768223,0.020119603723287582,0.17366337776184082,0.04400760307908058,-0.02751684691768223,0.0,0.0,0.0,0.0,0.0,0.0,-0.000264114555461164,-3.7413821870392844e-05,7.589465694432925e-05,0.0,0.0,0.0,-0.022187978447835186,-0.009413410010441856,-0.02751684691768223,0.0,0.0,0.0,0.0,0.0,0.0,zero,0.0,0.0,0.0,0.0,-0.000264114555461164,-3.7413821870392844e-05,7.589465694432925e-05,-0.0022314862556901383,-0.011311479602653605,-0.009600213878821625,1,0.0010421276092529297
3.6249297540052794,1788362953.8297722,control,preflight_voltage_failed,1,1,0.004083418003574479,3.774193525314331,3774.0,0,10.0,0.005073202999483328,nan,10,0,1,1.0,0.020096363499760628,0.17365282773971558,0.04400103539228439,-0.000718756637070328,-0.00023159604461397976,9.105178469326347e-05,-8.493103086948395e-05,-0.020324984565377235,0.06303360313177109,0.014081667177379131,-0.008681450970470905,-0.001325635239481926,-0.021347803007498597,-0.009500612976144279,-0.02740660474270698,0.020096363499760628,0.17365282773971558,0.04400103539228439,-0.02740660474270698,0.0,0.0,0.0,0.0,0.0,0.0,-0.00029036119651534956,-0.00012148795592578858,3.2698785210543224e-05,0.0,0.0,0.0,-0.021347803007498597,-0.009500612976144279,-0.02740660474270698,0.0,0.0,0.0,0.0,0.0,0.0,zero,0.0,0.0,0.0,0.0,-0.00029036119651534956,-0.00012148795592578858,3.2698785210543224e-05,-0.003419681646375952,-0.010954040654978956,-0.005628001292137974,1,0.005131244659423828
3.6360865070018917,1788362953.8403425,control,preflight_voltage_failed,1,1,0.007076706002408173,3.774193525314331,3774.0,0,10.0,0.0040758409959380515,nan,10,0,1,1.0,0.0200805701315403,0.17369510233402252,0.044009994715452194,-0.0009671149891801178,0.0008642951725050807,0.00029527893639169633,-0.006234058644622564,0.010948238894343376,0.05549732968211174,0.024060208350419998,-0.02122553437948227,0.0071067409589886665,-0.020835786809041617,-0.010068730983485421,-0.02706557034351481,0.0200805701315403,0.17369510233402252,0.044009994715452194,-0.02706557034351481,0.0,0.0,0.0,0.0,0.0,0.0,-0.00034080399086194955,-0.00014895735096479836,2.334363242575972e-05,0.0,0.0,0.0,-0.020835786809041617,-0.010068730983485421,-0.02706557034351481,0.0,0.0,0.0,0.0,0.0,0.0,zero,0.0,0.0,0.0,0.0,-0.00034080399086194955,-0.00014895735096479836,2.334363242575972e-05,-0.006261020777081017,-0.003409534608478305,-0.0011611729032264615,1,0.0076448917388916016
3.6471087690006243,1788362953.8513696,control,preflight_voltage_failed,1,1,0.009571616996254306,3.774193525314331,3774.0,0,10.0,0.003073492996918503,nan,10,0,1,1.0,0.020139072090387344,0.17372074723243713,0.04398006945848465,0.0005914214416407049,0.0012898468412458897,-0.00046206748811528087,0.03138040751218796,0.0186886228621006,0.02672557160258293,-0.00932815670967102,-0.009155148640275002,0.007413689978420734,-0.02206108851274846,-0.009731866403015987,-0.026998710828962588,0.020139072090387344,0.17372074723243713,0.04398006945848465,-0.026998710828962588,0.0,0.0,0.0,0.0,0.0,0.0,-0.00038986455322876225,-7.084993971508531e-05,2.1367356076788034e-05,0.0,0.0,0.0,-0.02206108851274846,-0.009731866403015987,-0.026998710828962588,0.0,0.0,0.0,0.0,0.0,0.0,zero,0.0,0.0,0.0,0.0,-0.00038986455322876225,-7.084993971508531e-05,2.1367356076788034e-05,-0.005724078916725694,0.009113083185465979,-0.00023057953755590814,1,0.010101079940795898
3.6582253970045713,1788362953.8624897,control,preflight_voltage_failed,1,1,0.008880376000888646,3.774193525314331,3774.0,0,10.0,0.0021920729996054433,nan,10,0,1,1.0,0.020125102251768112,0.1736975610256195,0.043995168060064316,0.00023759342730045319,0.0006409377092495561,-0.00011507835006341338,0.019138475880026817,0.004009721800684929,0.027230998501181602,-0.0036025287117809057,0.000940999947488308,0.011668012477457523,-0.021835279666345346,-0.009234322414624846,-0.026669277220596282,0.020125102251768112,0.1736975610256195,0.043995168060064316,-0.026669277220596282,0.0,0.0,0.0,0.0,0.0,0.0,-0.0003143693288124211,0.00018138864420970407,-2.036927728022937e-05,0.0,0.0,0.0,-0.021835279666345346,-0.009234322414624846,-0.026669277220596282,0.0,0.0,0.0,0.0,0.0,0.0,zero,0.0,0.0,0.0,0.0,-0.0003143693288124211,0.00018138864420970407,-2.036927728022937e-05,0.006364822547745877,0.021265634201207636,-0.003518716145444654,1,0.00935983657836914
3.6693140790011967,1788362953.8735678,control,preflight_voltage_failed,1,1,0.0017588389964657836,3.774193525314331,3774.0,0,10.0,0.001133942998421844,nan,10,0,1,1.0,0.02010395936667919,0.17367884516716003,0.04400703310966492,4.392513073980808e-05,0.0002836772473528981,-0.0001605310826562345,0.016117233783006668,0.0015169484540820122,0.00850418396294117,-0.00477190874516964,-0.004357805475592613,0.006162429694086313,-0.021619394527726165,-0.009642772939046739,-0.026822744281340287,0.02010395936667919,0.17367884516716003,0.04400703310966492,-0.026822744281340287,0.0,0.0,0.0,0.0,0.0,0.0,-0.00014613284782780524,0.00048112023101977685,-2.6101632686587823e-05,0.0,0.0,0.0,-0.021619394527726165,-0.009642772939046739,-0.026822744281340287,0.0,0.0,0.0,0.0,0.0,0.0,zero,0.0,0.0,0.0,0.0,-0.00014613284782780524,0.00048112023101977685,-2.6101632686587823e-05,0.007964065048088265,0.012962059537062786,0.0019113899576057832,1,0.0022394657135009766
3.680431821005186,1788362953.8846905,control,preflight_voltage_failed,1,1,0.0019522120055626146,3.774193525314331,3774.0,0,10.0,0.00025108700356213376,nan,10,0,1,1.0,0.020117664709687233,0.17369025945663452,0.04397764801979065,0.0002873619960155338,0.0004370009992271662,-0.000669203931465745,0.01737380027770996,0.004035203251987696,-0.0025578499771654606,-0.001070474972948432,0.0018270229920744896,0.004500021692365408,-0.02146984240909973,-0.009354628501512143,-0.026852320569800685,0.020117664709687233,0.17369025945663452,0.04397764801979065,-0.026852320569800685,0.0,0.0,0.0,0.0,0.0,0.0,-0.00010032399977527046,0.00048734242940808546,-2.8809803581971467e-05,0.0,0.0,0.0,-0.02146984240909973,-0.009354628501512143,-0.026852320569800685,0.0,0.0,0.0,0.0,0.0,0.0,zero,0.0,0.0,0.0,0.0,-0.00010032399977527046,0.00048734242940808546,-2.8809803581971467e-05,0.004215270279768738,0.0005725585570495681,-0.00024920234350258224,1,0.00249481201171875
3.6917474630026845,1788362953.8959966,control,preflight_voltage_failed,1,1,0.00010994500189553946,3.774193525314331,3774.0,0,10.0,0.00034218400105601177,nan,10,0,1,1.0,0.020094985142350197,0.17362383008003235,0.044039156287908554,-0.00011349022679496557,-0.0006561726331710815,0.00039590231608599424,0.00782993994653225,-0.013323024846613407,0.014079954475164413,-0.010068017058074474,0.003148779273033142,-0.006513189524412155,-0.02207201701601867,-0.009257762563105919,-0.027522573143274325,0.020094985142350197,0.17362383008003235,0.044039156287908554,-0.027522573143274325,0.0,0.0,0.0,0.0,0.0,0.0,-2.656093675064865e-05,0.00040452136636416787,-8.837934335196645e-05,0.0,0.0,0.0,-0.02207201701601867,-0.009257762563105919,-0.027522573143274325,0.0,0.0,0.0,0.0,0.0,0.0,zero,0.0,0.0,0.0,0.0,-2.656093675064865e-05,0.00040452136636416787,-8.837934335196645e-05,0.005584359956254708,-0.006270111476288865,-0.004509814788914643,1,0.0005919933319091797
3.7027525680023246,1788362953.9069676,control,preflight_voltage_failed,1,1,0.004974769995897077,3.774193525314331,3774.0,0,10.0,0.010411807998025324,nan,10,0,1,1.0,0.020091267302632332,0.17369875311851501,0.04402034357190132,-0.00021260960784275085,0.001929963706061244,-0.00029968901071697474,0.003016241593286395,0.07407800853252411,-0.011527537368237972,0.006278602406382561,-0.0009574727155268192,0.016454089432954788,-0.0216407503959426,-0.009349388951938197,-0.026859182424315505,0.020091267302632332,0.17369875311851501,0.04402034357190132,-0.026859182424315505,0.0,0.0,0.0,0.0,0.0,0.0,2.320839603646134e-05,0.00033936357433506315,-0.0001264712286897701,0.0,0.0,0.0,-0.0216407503959426,-0.009349388951938197,-0.026859182424315505,0.0,0.0,0.0,0.0,0.0,0.0,zero,0.0,0.0,0.0,0.0,2.320839603646134e-05,0.00033936357433506315,-0.0001264712286897701,0.00815357048614587,-0.010674618691463246,-0.006240486955702336,1,0.0054590702056884766
3.713767961002304,1788362953.9180253,control,preflight_voltage_failed,1,1,0.006216264002432581,3.774193525314331,3774.0,0,10.0,0.009566100001393352,nan,10,0,1,1.0,0.02009795419871807,0.1736917793750763,0.043980494141578674,-3.3313961466774344e-05,0.0014013301115483046,-0.0010548311984166503,0.006080305203795433,0.048449739813804626,-0.024667702615261078,0.00447597773745656,-0.016018591821193695,0.010332359932363033,-0.021666299600858675,-0.010097914395255873,-0.026981413339287413,0.02009795419871807,0.1736917793750763,0.043980494141578674,-0.026981413339287413,0.0,0.0,0.0,0.0,0.0,0.0,2.6934274961706873e-05,0.00041807916644915705,-0.00017367545966060974,0.0,0.0,0.0,-0.021666299600858675,-0.010097914395255873,-0.026981413339287413,0.0,0.0,0.0,0.0,0.0,0.0,zero,0.0,0.0,0.0,0.0,2.6934274961706873e-05,0.00041807916644915705,-0.00017367545966060974,0.0003810369609556246,0.008050060294699547,-0.004827466773411274,1,0.006738424301147461
3.7248983130048146,1788362953.9291315,control,preflight_voltage_failed,1,1,0.0034124930025427602,3.774193525314331,3774.0,0,10.0,0.00865577399963513,nan,10,0,1,1.0,0.020093010738492012,0.17369407415390015,0.04400354251265526,-9.7589501820039e-05,0.001153994002379477,-0.0005131223588250577,0.003941894508898258,0.035210538655519485,-0.011960675939917564,0.009956438094377518,0.005673341453075409,0.012263987213373184,-0.0212243732683652,-0.008803852690786866,-0.026730479972213735,0.020093010738492012,0.17369407415390015,0.04400354251265526,-0.026730479972213735,0.0,0.0,0.0,0.0,0.0,0.0,-2.8508365086715944e-06,0.0007239775034546893,-0.000337738526065157,0.0,0.0,0.0,-0.0212243732683652,-0.008803852690786866,-0.026730479972213735,0.0,0.0,0.0,0.0,0.0,0.0,zero,0.0,0.0,0.0,0.0,-2.8508365086715944e-06,0.0007239775034546893,-0.000337738526065157,-0.0021370890086842343,0.021948280248655454,-0.01177156500800346,1,0.003907442092895508
3.7360451640051906,1788362953.9409933,control,preflight_voltage_failed,1,1,0.006999174001975916,3.774193525314331,3774.0,0,10.0,0.007839834004698787,nan,10,0,1,1.0,0.020098619163036346,0.1736842691898346,0.04403107613325119,6.909306830493733e-05,0.0006659136852249503,0.0003119823522865772,0.007527254521846771,0.015361237339675426,0.012082147412002087,-0.006430838257074356,-0.007149431388825178,-0.006293737329542637,-0.021767545394268565,-0.009262373278099322,-0.027334546918913814,0.020098619163036346,0.1736842691898346,0.04403107613325119,-0.027334546918913814,0.0,0.0,0.0,0.0,0.0,0.0,-2.4735163486326113e-05,0.0009478159293383929,-0.0004493160837445504,0.0,0.0,0.0,-0.021767545394268565,-0.009262373278099322,-0.027334546918913814,0.0,0.0,0.0,0.0,0.0,0.0,zero,0.0,0.0,0.0,0.0,-2.4735163486326113e-05,0.0009478159293383929,-0.0004493160837445504,-0.0028711141751543404,0.029366481233585283,-0.014638417156237425,1,0.008147001266479492
3.7471556610034895,1788362953.951458,control,preflight_voltage_failed,1,1,0.008494506997521967,3.774193525314331,3774.0,0,10.0,0.006873151003674138,nan,10,0,1,1.0,0.020071951672434807,0.17365966737270355,0.04397422820329666,-0.0005024193087592721,1.8236343748867512e-05,-0.0009392675128765404,-0.005930160637944937,-0.0012558018788695335,-0.01650150865316391,0.004886182025074959,-0.021993182599544525,0.0009303111582994461,-0.021290806858796297,-0.010034215961238184,-0.027032603597330007,0.020071951672434807,0.17365966737270355,0.04397422820329666,-0.027032603597330007,0.0,0.0,0.0,0.0,0.0,0.0,-4.9085400491048767e-05,0.0010278244006848441,-0.0004781328778722531,0.0,0.0,0.0,-0.021290806858796297,-0.010034215961238184,-0.027032603597330007,0.0,0.0,0.0,0.0,0.0,0.0,zero,0.0,0.0,0.0,0.0,-4.9085400491048767e-05,0.0010278244006848441,-0.0004781328778722531,-0.0025461781130299223,0.008366071285458363,-0.003013222847950737,1,0.009048223495483398
3.758265553005913,1788362953.9625456,control,preflight_voltage_failed,1,1,0.000689770000462886,3.774193525314331,3774.0,0,10.0,0.0058361010014778,nan,10,0,1,1.0,0.020095735788345337,0.1736467182636261,0.04398839920759201,-0.0005987287149764597,0.0012613865546882153,-0.0024054415989667177,-0.032627470791339874,0.08798887580633163,-0.1263052523136139,0.028242800384759903,-0.011147654615342617,0.02757243439555168,-0.021554311318101094,-0.009672804005226843,-0.026517953194596145,0.020095735788345337,0.1736467182636261,0.04398839920759201,-0.026517953194596145,0.0,0.0,0.0,0.0,0.0,0.0,-0.00015224590695492185,0.0005449216785129907,-0.00045030986649702076,0.0,0.0,0.0,-0.021554311318101094,-0.009672804005226843,-0.026517953194596145,0.0,0.0,0.0,0.0,0.0,0.0,zero,0.0,0.0,0.0,0.0,-0.00015224590695492185,0.0005449216785129907,-0.00045030986649702076,-0.011940104771089954,-0.056627882866847334,0.0018406306325454232,1,0.0013148784637451172
3.769346104003489,1788362953.9735937,control,preflight_voltage_failed,1,1,0.001856540999142453,3.774193525314331,3774.0,0,10.0,0.0050315560001763515,nan,10,0,1,1.0,0.020110514014959335,0.17365889251232147,0.04403102770447731,-0.00018392916535958648,0.0012521735625341535,-0.0010732566006481647,-0.017820321023464203,0.07020716369152069,-0.07444653660058975,0.015584500506520271,0.002690797671675682,0.01837572641670704,-0.021903556661440008,-0.009095497568591605,-0.026714982264243736,0.020110514014959335,0.17365889251232147,0.04403102770447731,-0.026714982264243736,0.0,0.0,0.0,0.0,0.0,0.0,-0.0002022923322947706,0.00046054714803320164,-0.000592604105732244,0.0,0.0,0.0,-0.021903556661440008,-0.009095497568591605,-0.026714982264243736,0.0,0.0,0.0,0.0,0.0,0.0,zero,0.0,0.0,0.0,0.0,-0.0002022923322947706,0.00046054714803320164,-0.000592604105732244,-0.004996070974381268,-0.008423002039497822,-0.014205052881143727,1,0.0023458003997802734
3.7804542910016607,1788362953.9847357,control,preflight_voltage_failed,1,1,0.012964727997314185,3.774193525314331,3774.0,0,10.0,0.004060335995745845,nan,10,0,1,1.0,0.020110514014959335,0.17365889251232147,0.04403102770447731,-0.00018392916535958648,0.0012521735625341535,-0.0010732566006481647,-0.017820321023464203,0.07020716369152069,-0.07444653660058975,0.015584500506520271,0.002690797671675682,0.01837572641670704,-0.021903556661440008,-0.009095497568591605,-0.026714982264243736,0.020110514014959335,0.17365889251232147,0.04403102770447731,-0.026714982264243736,0.0,0.0,0.0,0.0,0.0,0.0,-0.0002022923322947706,0.00046054714803320164,-0.000592604105732244,0.0,0.0,0.0,-0.021903556661440008,-0.009095497568591605,-0.026714982264243736,0.0,0.0,0.0,0.0,0.0,0.0,zero,0.0,0.0,0.0,0.0,-0.0002022923322947706,0.00046054714803320164,-0.000592604105732244,-0.004996070974381268,-0.008423002039497822,-0.014205052881143727,1,0.013487815856933594
3.7915411490030237,1788362953.9957743,control,preflight_voltage_failed,1,1,0.006148016997030936,3.774193525314331,3774.0,0,10.0,0.003248387001804076,nan,10,0,1,1.0,0.020117590203881264,0.17365093529224396,0.04401683062314987,-6.787239544792101e-05,0.0009125981596298516,-0.0010176480282098055,-0.012956131249666214,0.05236164107918739,-0.058934275060892105,0.009874716401100159,0.002267319243401289,0.011063111014664173,-0.02213205859040166,-0.009092411764458026,-0.027039842344195736,0.020117590203881264,0.17365093529224396,0.04401683062314987,-0.027039842344195736,0.0,0.0,0.0,0.0,0.0,0.0,-0.0002409657726175691,0.000709213214901822,-0.0009522753339896706,0.0,0.0,0.0,-0.02213205859040166,-0.009092411764458026,-0.027039842344195736,0.0,0.0,0.0,0.0,0.0,0.0,zero,0.0,0.0,0.0,0.0,-0.0002409657726175691,0.000709213214901822,-0.0009522753339896706,-0.002166183668166916,0.013928328288925535,-0.020145969276528907,1,0.006673097610473633
3.802614607004216,1788362954.006781,control,preflight_voltage_failed,1,1,0.004887708004389424,3.774193525314331,3774.0,0,10.0,0.002333666998310946,nan,10,0,1,1.0,0.02017434686422348,0.1736864596605301,0.0440080352127552,0.0028029270470142365,0.0014761938946321607,8.780369535088539e-05,0.12344879657030106,0.04523929953575134,0.03312177211046219,0.025245903059840202,-0.0034119910560548306,0.006140229757875204,-0.02150791670405168,-0.009498130117956374,-0.02704445111315737,0.02017434686422348,0.1736864596605301,0.0440080352127552,-0.02704445111315737,0.0,0.0,0.0,0.0,0.0,0.0,-0.00026172999904694135,0.001063646270514276,-0.0014093572638643344,0.0,0.0,0.0,-0.02150791670405168,-0.009498130117956374,-0.02704445111315737,0.0,0.0,0.0,0.0,0.0,0.0,zero,0.0,0.0,0.0,0.0,-0.00026172999904694135,0.001063646270514276,-0.0014093572638643344,0.0009610721677282267,0.03327593405377359,-0.04097717853245313,1,0.00528717041015625
3.8138842090047547,1788362954.018194,control,preflight_voltage_failed,1,1,0.006402103004802484,3.774193525314331,3774.0,0,10.0,0.0014560999989043921,nan,10,0,1,1.0,0.020103512331843376,0.1736784726381302,0.044032853096723557,0.0007883926155045629,0.0010170135647058487,0.0005796547047793865,0.05740872025489807,0.026766307651996613,0.03659314662218094,0.01217731274664402,0.012272453866899014,-0.0030091595835983753,-0.021894942273799994,-0.00877579581431217,-0.02744615296075686,0.020103512331843376,0.1736784726381302,0.044032853096723557,-0.02744615296075686,0.0,0.0,0.0,0.0,0.0,0.0,-2.3596046931993443e-05,0.001193266530657413,-0.0013726257854878537,0.0,0.0,0.0,-0.021894942273799994,-0.00877579581431217,-0.02744615296075686,0.0,0.0,0.0,0.0,0.0,0.0,zero,0.0,0.0,0.0,0.0,-2.3596046931993443e-05,0.001193266530657413,-0.0013726257854878537,0.02443861482484792,0.013302343420587236,0.0037695861678587357,1,0.006955862045288086
3.82488096900488,1788362954.0291495,control,preflight_voltage_failed,1,1,0.005570806002651807,3.774193525314331,3774.0,0,10.0,0.00048768400301923975,nan,10,0,1,1.0,0.02009173482656479,0.1736816167831421,0.0440063402056694,0.0004304384347051382,0.0008670768002048135,1.2873788364231586e-05,0.03983999043703079,0.018863381817936897,0.019636444747447968,0.022704247385263443,-0.013088392093777657,0.0033726999536156654,-0.021136154080088964,-0.0101152127711264,-0.027077331532578935,0.02009173482656479,0.1736816167831421,0.0440063402056694,-0.027077331532578935,0.0,0.0,0.0,0.0,0.0,0.0,0.0003288680957111935,0.001236537917017034,-0.0010277283981683194,0.0,0.0,0.0,-0.021136154080088964,-0.0101152127711264,-0.027077331532578935,0.0,0.0,0.0,0.0,0.0,0.0,zero,0.0,0.0,0.0,0.0,0.0003288680957111935,0.001236537917017034,-0.0010277283981683194,0.029967804490987196,0.0036790932454988366,0.02932445097857072,1,0.006150007247924805
3.8360361860031844,1788362954.040315,control,preflight_voltage_failed,1,1,0.016726023000956047,3.774193525314331,3774.0,0,10.0,0.01164290100132348,nan,10,0,1,1.0,0.02009173482656479,0.1736816167831421,0.0440063402056694,0.0004304384347051382,0.0008670768002048135,1.2873788364231586e-05,0.03983999043703079,0.018863381817936897,0.019636444747447968,0.022704247385263443,-0.013088392093777657,0.0033726999536156654,-0.021136154080088964,-0.0101152127711264,-0.027077331532578935,0.02009173482656479,0.1736816167831421,0.0440063402056694,-0.027077331532578935,0.0,0.0,0.0,0.0,0.0,0.0,0.0003288680957111935,0.001236537917017034,-0.0010277283981683194,0.0,0.0,0.0,-0.021136154080088964,-0.0101152127711264,-0.027077331532578935,0.0,0.0,0.0,0.0,0.0,0.0,zero,0.0,0.0,0.0,0.0,0.0003288680957111935,0.001236537917017034,-0.0010277283981683194,0.029967804490987196,0.0036790932454988366,0.02932445097857072,1,0.017315387725830078
3.8471223619999364,1788362954.0521257,control,preflight_voltage_failed,1,1,0.027812198997708037,3.774193525314331,3774.0,0,10.0,0.010638558000209741,nan,10,0,1,1.0,0.02009173482656479,0.1736816167831421,0.0440063402056694,0.0004304384347051382,0.0008670768002048135,1.2873788364231586e-05,0.03983999043703079,0.018863381817936897,0.019636444747447968,0.022704247385263443,-0.013088392093777657,0.0033726999536156654,-0.021136154080088964,-0.0101152127711264,-0.027077331532578935,0.02009173482656479,0.1736816167831421,0.0440063402056694,-0.027077331532578935,0.0,0.0,0.0,0.0,0.0,0.0,0.0003288680957111935,0.001236537917017034,-0.0010277283981683194,0.0,0.0,0.0,-0.021136154080088964,-0.0101152127711264,-0.027077331532578935,0.0,0.0,0.0,0.0,0.0,0.0,zero,0.0,0.0,0.0,0.0,0.0003288680957111935,0.001236537917017034,-0.0010277283981683194,0.029967804490987196,0.0036790932454988366,0.02932445097857072,1,0.02912616729736328
