control_time_s,ros_time_s,mode,flight_phase,state_valid,derivatives_valid,state_age_s,battery_voltage_v,battery_voltage_mv,battery_state,battery_level_percent,battery_age_s,preflight_voltage_v,preflight_voltage_sample_count,preflight_voltage_ready,preflight_voltage_failed,thrust_raw_scale,position_x,position_y,position_z,velocity_x,velocity_y,velocity_z,acceleration_x,acceleration_y,acceleration_z,body_rate_x,body_rate_y,body_rate_z,roll_rad,pitch_rad,yaw_rad,target_x,target_y,target_z,target_yaw_rad,target_jerk_x,target_jerk_y,target_jerk_z,position_error_x,position_error_y,position_error_z,velocity_error_x,velocity_error_y,velocity_error_z,desired_force_x,desired_force_y,desired_force_z,desired_roll_rad,desired_pitch_rad,desired_yaw_rad,attitude_error_x,attitude_error_y,attitude_error_z,computed_rate_x,computed_rate_y,computed_rate_z,omega_c_method,command_rate_x,command_rate_y,command_rate_z,command_thrust_newton,filtered_velocity_x,filtered_velocity_y,filtered_velocity_z,filtered_acceleration_x,filtered_acceleration_y,filtered_acceleration_z,filter_derivatives_valid,mocap_sample_age_s,ekf_position_x,ekf_position_y,ekf_position_z,ekf_velocity_x,ekf_velocity_y,ekf_velocity_z,ekf_acceleration_x,ekf_acceleration_y,ekf_acceleration_z,ekf_state_valid,ekf_state_age_s,ekf_kinematics_weight_effective,control_velocity_x,control_velocity_y,control_velocity_z,mixed_acceleration_x,mixed_acceleration_y,mixed_acceleration_z,control_acceleration_x,control_acceleration_y,control_acceleration_z
0.014877574009005912,1788408580.068906,control,pre_takeoff_hold,1,1,0.0011158819979755208,3.869208335876465,3869.0,0,30.0,0.008589457997004502,3.869208335876465,1,1,0,1.0854933711003192,0.034725699573755264,0.04896179586648941,0.04387912154197693,-0.0012743721017614007,0.0013748833443969488,-0.003709156531840563,-0.20666895806789398,0.166803240776062,0.12997211515903473,0.02690642699599266,0.012189365923404694,0.021029746159911156,-0.014744585922809039,0.01059814512074479,0.048616798040566116,0.034725699573755264,0.04896179586648941,0.04387912154197693,0.048616798040566116,0.0,0.0,0.0,0.0,0.0,0.0,-0.0012743721017614007,0.0013748833443969488,-0.003709156531840563,0.0,0.0,0.0,-0.014744585922809039,0.01059814512074479,0.048616798040566116,0.0,0.0,0.0,0.0,0.0,0.0,zero,0.0,0.0,0.0,0.0,-0.0012743721017614007,0.0013748833443969488,-0.003709156531840563,0.0,0.0,0.0,0,0.0035505294799804688,0.0337679460644722,0.04786563664674759,0.04313235357403755,-0.011183659921586996,-0.007244343712053916,0.00035908554503278397,-0.0036764334142698157,0.0016673159726244267,-0.0001905998824597158,1,0.0021580879983957857,0.0,-0.0012743721017614007,0.0013748833443969488,-0.003709156531840563,0.0,0.0,0.0,0.0,0.0,0.0
0.026068981998832896,1788408580.078296,control,pre_takeoff_hold,1,1,0.004913254000712186,3.869208335876465,3869.0,0,30.0,0.019780865986831486,3.869208335876465,1,1,0,1.0854933711003192,0.03474044427275658,0.04899140074849129,0.043853167444467545,-0.0006232592277228832,0.0018954873085021973,-0.0036647971719503403,-0.14783762395381927,0.14743293821811676,0.10516978055238724,0.0290073249489069,0.032349005341529846,-0.0031973645091056824,-0.014474500139442929,0.011428062602775962,0.04785952782279575,0.034725699573755264,0.04896179586648941,0.04387912154197693,0.048616798040566116,0.0,0.0,0.0,1.4744699001312256e-05,2.960488200187683e-05,-2.5954097509384155e-05,-0.011290570921777536,-0.007208896486770583,0.0003388162738030203,0.0,0.0,0.0,-0.014474500139442929,0.011428062602775962,0.04785952782279575,0.0,0.0,0.0,0.0,0.0,0.0,zero,0.0,0.0,0.0,0.0,-0.0012602869406902826,0.001386145279126028,-0.003708196930588648,0.0018924767729517527,0.0015131491777530019,0.0001289316516420679,1,0.00549769401550293,0.03376813232898712,0.04786432906985283,0.043064139783382416,-0.011290570921777536,-0.007208896486770583,0.0003388162738030203,-0.010691100019052305,0.0035447225283327327,-0.0020269271229760473,1,0.0017484349955338985,1.0,-0.011290570921777536,-0.007208896486770583,0.0003388162738030203,-0.010691100019052305,0.0035447225283327327,-0.0020269271229760473,-0.010691100019052305,0.0035447225283327327,-0.0020269271229760473
0.03715386400290299,1788408580.0897186,control,pre_takeoff_hold,1,1,0.015998136004782282,3.869208335876465,3869.0,0,30.0,0.030865747990901582,3.869208335876465,1,1,0,1.0854933711003192,0.03474044427275658,0.04899140074849129,0.043853167444467545,-0.0006232592277228832,0.0018954873085021973,-0.0036647971719503403,-0.14783762395381927,0.14743293821811676,0.10516978055238724,0.0290073249489069,0.032349005341529846,-0.0031973645091056824,-0.014474500139442929,0.011428062602775962,0.04785952782279575,0.034725699573755264,0.04896179586648941,0.04387912154197693,0.048616798040566116,0.0,0.0,0.0,1.4744699001312256e-05,2.960488200187683e-05,-2.5954097509384155e-05,-0.011442611887307287,-0.007175190705759936,0.0003446531760065393,0.0,0.0,0.0,-0.014474500139442929,0.011428062602775962,0.04785952782279575,0.0,0.0,0.0,0.0,0.0,0.0,zero,0.0,0.0,0.0,0.0,-0.0012602869406902826,0.001386145279126028,-0.003708196930588648,0.0018924767729517527,0.0015131491777530019,0.0001289316516420679,1,0.01692032814025879,0.03376781940460205,0.04786387085914612,0.043563246726989746,-0.011442611887307287,-0.007175190705759936,0.0003446531760065393,-0.0152040965529727,0.0033705781010641704,0.0005836902203518069,1,0.001960364999831654,1.0,-0.011442611887307287,-0.007175190705759936,0.0003446531760065393,-0.0152040965529727,0.0033705781010641704,0.0005836902203518069,-0.0152040965529727,0.0033705781010641704,0.0005836902203518069
0.04822048800997436,1788408580.10045,control,pre_takeoff_hold,1,1,0.010739182005636394,3.869208335876465,3869.0,0,30.0,0.04193237199797295,3.869208335876465,1,1,0,1.0854933711003192,0.034764066338539124,0.04896115884184837,0.043893393129110336,-0.00020621277508325875,0.0011420546798035502,-0.0024339230731129646,-0.11310788244009018,0.10862033814191818,0.09937161952257156,0.010960087180137634,0.005909088999032974,-0.008045744150876999,-0.015468267297380696,0.009808254171622083,0.047440350194410355,0.034725699573755264,0.04896179586648941,0.04387912154197693,0.048616798040566116,0.0,0.0,0.0,3.836676478385925e-05,-6.370246410369873e-07,1.4271587133407593e-05,-0.01163730872426835,-0.007138709572942848,0.00042864692294803134,0.0,0.0,0.0,-0.015468267297380696,0.009808254171622083,0.047440350194410355,0.0,0.0,0.0,0.0,0.0,0.0,zero,0.0,0.0,0.0,0.0,-0.001063439956996474,0.0014535181197384947,-0.0035951956989464153,0.012183273685144554,0.004169846754695903,0.006993883807725534,1,0.011494636535644531,0.033762335777282715,0.04786454513669014,0.04327783361077309,-0.01163730872426835,-0.007138709572942848,0.00042864692294803134,-0.01946968369611011,0.003648113281709585,0.008399374694150875,1,0.0016790329973446205,1.0,-0.01163730872426835,-0.007138709572942848,0.00042864692294803134,-0.01946968369611011,0.003648113281709585,0.008399374694150875,-0.01946968369611011,0.003648113281709585,0.008399374694150875
0.05942266200145241,1788408580.1116526,control,pre_takeoff_hold,1,1,0.009077394002815709,3.869208335876465,3869.0,0,30.0,0.053134545989451,3.869208335876465,1,1,0,1.0854933711003192,0.03480099141597748,0.04895947501063347,0.04405144229531288,0.005592001136392355,-0.012842432595789433,0.033808622509241104,1.882686734199524,-5.093733310699463,12.611283302307129,-0.1740405112504959,-0.7262229919433594,0.15494218468666077,-0.015218699768069702,0.008452421704688452,0.04790439531057391,0.034725699573755264,0.04896179586648941,0.04387912154197693,0.048616798040566116,0.0,0.0,0.0,7.529184222221375e-05,-2.3208558559417725e-06,0.00017232075333595276,-0.01178247706819955,-0.007093681894949818,0.0004913722019701566,0.0,0.0,0.0,-0.015218699768069702,0.008452421704688452,0.04790439531057391,0.0,0.0,0.0,0.0,0.0,0.0,zero,0.0,0.0,0.0,0.0,-0.0005175248110085154,0.001497307838176783,-0.0029586308887996522,0.4863901299470286,0.03696730229899013,0.5714563696159026,1,0.009459972381591797,0.03435640037059784,0.04790259525179863,0.043131016194820404,-0.01178247706819955,-0.007093681894949818,0.0004913722019701566,-0.014516834393117788,0.00450276779930223,0.00627252790221155,1,0.0015604369982611388,1.0,-0.01178247706819955,-0.007093681894949818,0.0004913722019701566,-0.014516834393117788,0.00450276779930223,0.00627252790221155,-0.014516834393117788,0.00450276779930223,0.00627252790221155
0.07054723700275645,1788408580.122833,control,pre_takeoff_hold,1,1,0.0007565989944851026,3.869208335876465,3869.0,0,30.0,0.06425912099075504,3.869208335876465,1,1,0,1.0854933711003192,0.03486451879143715,0.048957306891679764,0.0441259890794754,0.004267904441803694,-0.008823609910905361,0.022640753537416458,1.1510661840438843,-3.1680819988250732,7.748126029968262,-0.08647725731134415,-0.43759602308273315,0.10482165962457657,-0.014412594720669135,0.010037141700483695,0.04830989011313587,0.034725699573755264,0.04896179586648941,0.04387912154197693,0.048616798040566116,0.0,0.0,0.0,0.00013881921768188477,-4.4889748096466064e-06,0.0002468675374984741,-0.011691211133210694,-0.007017448328432111,0.00048391409592933425,0.0,0.0,0.0,-0.014412594720669135,0.010037141700483695,0.04830989011313587,0.0,0.0,0.0,0.0,0.0,0.0,zero,0.0,0.0,0.0,0.0,0.0022955317417491655,-0.004140897021823202,0.012174937129975867,0.3193427040032447,-0.6427627727811911,1.7209702805310707,1,0.0013093948364257812,0.034582339227199554,0.04788687825202942,0.04357530176639557,-0.011691211133210694,-0.007017448328432111,0.00048391409592933425,0.00912659349888737,0.007623356651772225,-0.0007458106040823883,1,0.001457361999200657,1.0,-0.011691211133210694,-0.007017448328432111,0.00048391409592933425,0.00912659349888737,0.007623356651772225,-0.0007458106040823883,0.00912659349888737,0.007623356651772225,-0.0007458106040823883
0.08156012299878057,1788408580.133807,control,pre_takeoff_hold,1,1,0.0005739899934269488,3.869208335876465,3869.0,0,30.0,0.07527200698677916,3.869208335876465,1,1,0,1.0854933711003192,0.03480951488018036,0.048936206847429276,0.04407105967402458,0.0024303472600877285,-0.0074363513849675655,0.017129959538578987,0.8879805207252502,-2.509648561477661,6.099917411804199,-0.07534385472536087,-0.34536370635032654,0.10128553211688995,-0.014747177266093233,0.010314779721112976,0.049280229020162936,0.034725699573755264,0.04896179586648941,0.04387912154197693,0.048616798040566116,0.0,0.0,0.0,8.38153064250946e-05,-2.5589019060134888e-05,0.0001919381320476532,-0.01137594359084166,-0.006908695765244624,0.0005415056192995494,0.0,0.0,0.0,-0.014747177266093233,0.010314779721112976,0.049280229020162936,0.0,0.0,0.0,0.0,0.0,0.0,zero,0.0,0.0,0.0,0.0,0.003256929800344994,-0.006270157411400333,0.017511301009442946,0.0859969230701795,-0.19046204668468583,0.47733700927925543,1,0.0011038780212402344,0.03418193385004997,0.04787932708859444,0.04381132498383522,-0.01137594359084166,-0.006908695765244624,0.0005415056192995494,0.03152675423689851,0.010875256318747025,0.005759152337020618,1,0.0010256599925924093,1.0,-0.01137594359084166,-0.006908695765244624,0.0005415056192995494,0.03152675423689851,0.010875256318747025,0.005759152337020618,0.03152675423689851,0.010875256318747025,0.005759152337020618
0.09266648400807753,1788408580.1448991,control,pre_takeoff_hold,1,1,0.01168035100272391,3.869208335876465,3869.0,0,30.0,0.08637836799607612,3.869208335876465,1,1,0,1.0854933711003192,0.03480951488018036,0.048936206847429276,0.04407105967402458,0.0024303472600877285,-0.0074363513849675655,0.017129959538578987,0.8879805207252502,-2.509648561477661,6.099917411804199,-0.07534385472536087,-0.34536370635032654,0.10128553211688995,-0.014747177266093233,0.010314779721112976,0.049280229020162936,0.034725699573755264,0.04896179586648941,0.04387912154197693,0.048616798040566116,0.0,0.0,0.0,8.38153064250946e-05,-2.5589019060134888e-05,0.0001919381320476532,-0.011014058544638005,-0.0067969409440709104,0.0007595185684204158,0.0,0.0,0.0,-0.014747177266093233,0.010314779721112976,0.049280229020162936,0.0,0.0,0.0,0.0,0.0,0.0,zero,0.0,0.0,0.0,0.0,0.003256929800344994,-0.006270157411400333,0.017511301009442946,0.0859969230701795,-0.19046204668468583,0.47733700927925543,1,0.012196063995361328,0.03407644107937813,0.047813598066568375,0.043829239904880524,-0.011014058544638005,-0.0067969409440709104,0.0007595185684204158,0.03289864056397091,0.010159529197611036,0.019819359010989235,1,0.0007160509994719177,1.0,-0.011014058544638005,-0.0067969409440709104,0.0007595185684204158,0.03289864056397091,0.010159529197611036,0.019819359010989235,0.03289864056397091,0.010159529197611036,0.019819359010989235
0.10378210101043805,1788408580.1560261,control,pre_takeoff_hold,1,1,0.0034734070068225265,3.869208335876465,3869.0,0,30.0,0.09749398499843664,3.869208335876465,1,1,0,1.0854933711003192,0.034852489829063416,0.0489480122923851,0.04398937523365021,0.0019130879081785679,-0.004969292785972357,0.00923947338014841,0.5473616123199463,-1.5684117078781128,3.7445785999298096,-0.032372862100601196,-0.23307541012763977,0.043468184769153595,-0.014249352896572967,0.00949490636877821,0.047993683576571106,0.034725699573755264,0.04896179586648941,0.04387912154197693,0.048616798040566116,0.0,0.0,0.0,0.00012679025530815125,-1.3783574104309082e-05,0.00011025369167327881,-0.010809416653720169,-0.006701478575384035,0.0010027367191022677,0.0,0.0,0.0,-0.014249352896572967,0.00949490636877821,0.047993683576571106,0.0,0.0,0.0,0.0,0.0,0.0,zero,0.0,0.0,0.0,0.0,0.003826127291366952,-0.008101091543771108,0.021064846711882093,0.022471070781141186,-0.08553006077319651,0.14105361880227657,1,0.0039865970611572266,0.03389976546168327,0.04789365455508232,0.04398030415177345,-0.010809416653720169,-0.006701478575384035,0.0010027367191022677,0.02273798787975872,0.01060692985409687,0.027024238964649186,1,0.00023751601111143827,1.0,-0.010809416653720169,-0.006701478575384035,0.0010027367191022677,0.02273798787975872,0.01060692985409687,0.027024238964649186,0.02273798787975872,0.01060692985409687,0.027024238964649186
0.11488378900685348,1788408580.167097,control,pre_takeoff_hold,1,1,0.0028495519945863634,3.869208335876465,3869.0,0,30.0,0.10859567299485207,3.869208335876465,1,1,0,1.0854933711003192,0.034881819039583206,0.04898415878415108,0.04401703551411629,0.0020380571950227022,-0.0033498636912554502,0.007870282977819443,0.4400520920753479,-1.2267026901245117,2.9719669818878174,-0.036084651947021484,-0.20676083862781525,0.04149864241480827,-0.014834324966367197,0.008327683718848984,0.048399243187562446,0.034725699573755264,0.04896179586648941,0.04387912154197693,0.048616798040566116,0.0,0.0,0.0,0.0001561194658279419,2.236291766166687e-05,0.00013791397213935852,-0.010864404394100378,-0.006665051043683148,0.001234915934365745,0.0,0.0,0.0,-0.014834324966367197,0.008327683718848984,0.048399243187562446,0.0,0.0,0.0,0.0,0.0,0.0,zero,0.0,0.0,0.0,0.0,0.0035990248130935727,-0.0077569692168019365,0.019459960479925167,-0.01965371256204244,0.029780746347874837,-0.13888872079894898,1,0.003502368927001953,0.0337761789560318,0.047822605818510056,0.04399744048714638,-0.010864404394100378,-0.006665051043683148,0.001234915934365745,-0.005498774038020107,0.0036427531700881084,0.0232179215263441,1,7.268199988175184e-05,1.0,-0.010864404394100378,-0.006665051043683148,0.001234915934365745,-0.005498774038020107,0.0036427531700881084,0.0232179215263441,-0.005498774038020107,0.0036427531700881084,0.0232179215263441
0.12615956499939784,1788408580.1783793,control,pre_takeoff_hold,1,1,0.006628306000493467,3.869208335876465,3869.0,0,30.0,0.11987144898739643,3.869208335876465,1,1,0,1.0854933711003192,0.03489554300904274,0.04893026500940323,0.04409494251012802,0.001993292709812522,-0.004104784224182367,0.00835600309073925,0.3508581519126892,-1.0013214349746704,2.390415668487549,-0.016085762530565262,-0.1539931446313858,0.038915231823921204,-0.01434907873331114,0.00876256127334114,0.04860913610940924,0.034725699573755264,0.04896179586648941,0.04387912154197693,0.048616798040566116,0.0,0.0,0.0,0.00016984343528747559,-3.153085708618164e-05,0.00021582096815109253,-0.010864404394100378,-0.006665051043683148,0.001234915934365745,0.0,0.0,0.0,-0.01434907873331114,0.00876256127334114,0.04860913610940924,0.0,0.0,0.0,0.0,0.0,0.0,zero,0.0,0.0,0.0,0.0,0.0033142759177112045,-0.00720218998901652,0.017465960158026487,-0.03764256905250404,0.07333940791153817,-0.2635981948481128,1,0.007220029830932617,0.0337761789560318,0.047822605818510056,0.04399744048714638,-0.010864404394100378,-0.006665051043683148,0.001234915934365745,-0.005498774038020107,0.0036427531700881084,0.0232179215263441,1,0.01134845799242612,1.0,-0.010864404394100378,-0.006665051043683148,0.001234915934365745,-0.005498774038020107,0.0036427531700881084,0.0232179215263441,-0.005498774038020107,0.0036427531700881084,0.0232179215263441
0.1372423660068307,1788408580.189498,control,pre_takeoff_hold,1,1,0.005253684998024255,3.869208335876465,3869.0,0,30.0,0.1309542499948293,3.869208335876465,1,1,0,1.0854933711003192,0.03489731252193451,0.04894726350903511,0.04409344121813774,0.0016226823208853602,-0.003014387795701623,0.006661005783826113,0.27481207251548767,-0.7837735414505005,1.8854655027389526,-0.0038517871871590614,-0.11148007959127426,0.04192972928285599,-0.01377409344456482,0.009511111646910802,0.04927990267256389,0.034725699573755264,0.04896179586648941,0.04387912154197693,0.048616798040566116,0.0,0.0,0.0,0.000171612948179245,-1.4532357454299927e-05,0.00021431967616081238,-0.011162784226117899,-0.006756600146802555,0.001423723658863567,0.0,0.0,0.0,-0.01377409344456482,0.009511111646910802,0.04927990267256389,0.0,0.0,0.0,0.0,0.0,0.0,zero,0.0,0.0,0.0,0.0,0.0028774343820330847,-0.006170388330095238,0.014443142957231822,-0.03462163562338688,0.0817748729303535,-0.2395717145338775,1,0.005721092224121094,0.03364572674036026,0.04774516075849533,0.04401376470923424,-0.011162784226117899,-0.006756600146802555,0.001423723658863567,-0.029837983201757987,-0.009154910311942512,0.01888077244978596,1,0.010527524995268323,1.0,-0.011162784226117899,-0.006756600146802555,0.001423723658863567,-0.029837983201757987,-0.009154910311942512,0.01888077244978596,-0.029837983201757987,-0.009154910311942512,0.01888077244978596
0.1482163809996564,1788408580.2004333,control,pre_takeoff_hold,1,1,0.004307096998672932,3.869208335876465,3869.0,0,30.0,0.14192826498765498,3.869208335876465,1,1,0,1.0854933711003192,0.034982673823833466,0.04889918118715286,0.044087570160627365,0.0027463254518806934,-0.0032272411044687033,0.005229200702160597,0.23891259729862213,-0.6306300163269043,1.4840813875198364,-0.01896408386528492,-0.08922073990106583,0.022903449833393097,-0.014716238462279947,0.009500016058653943,0.04865278721095724,0.034725699573755264,0.04896179586648941,0.04387912154197693,0.048616798040566116,0.0,0.0,0.0,0.0002569742500782013,-6.261467933654785e-05,0.0002084486186504364,-0.011622453104187467,-0.007004009265900864,0.0015780435705853245,0.0,0.0,0.0,-0.014716238462279947,0.009500016058653943,0.04865278721095724,0.0,0.0,0.0,0.0,0.0,0.0,zero,0.0,0.0,0.0,0.0,0.002495755864050835,-0.005123071840449516,0.011486852576596528,-0.0323716606613759,0.08882704268268882,-0.25073464842699406,1,0.004865884780883789,0.03351199999451637,0.04766036942601204,0.044033147394657135,-0.011622453104187467,-0.007004009265900864,0.0015780435705853245,-0.045966887806949644,-0.02474091190982703,0.01543199117217334,1,0.010206177990767173,1.0,-0.011622453104187467,-0.007004009265900864,0.0015780435705853245,-0.045966887806949644,-0.02474091190982703,0.01543199117217334,-0.045966887806949644,-0.02474091190982703,0.01543199117217334
0.15945498200017028,1788408580.2116745,control,pre_takeoff_hold,1,1,0.004572506994009018,3.869208335876465,3869.0,0,30.0,0.15316686598816887,3.869208335876465,1,1,0,1.0854933711003192,0.03496067598462105,0.04891146719455719,0.04409322142601013,0.0017919219098985195,-0.0023555189836770296,0.00428744126111269,0.17355264723300934,-0.4884493350982666,1.169920563697815,0.009870411828160286,-0.0638771578669548,0.023297559469938278,-0.01335398282196424,0.00991096400215808,0.04891717231740282,0.034725699573755264,0.04896179586648941,0.04387912154197693,0.048616798040566116,0.0,0.0,0.0,0.0002349764108657837,-5.032867193222046e-05,0.00021409988403320312,-0.012069152460540007,-0.007303732946548376,0.0015181079822387182,0.0,0.0,0.0,-0.01335398282196424,0.00991096400215808,0.04891717231740282,0.0,0.0,0.0,0.0,0.0,0.0,zero,0.0,0.0,0.0,0.0,0.0022558949228519603,-0.004223579806289904,0.008944730217099456,-0.02209107628541764,0.08284277984330164,-0.2341282356761601,1,0.0052492618560791016,0.033840253949165344,0.04789462685585022,0.04318608343601227,-0.012069152460540007,-0.007303732946548376,0.0015181079822387182,-0.04466993563526284,-0.029972368064757195,-0.005993558834661828,1,0.00998822799010668,1.0,-0.012069152460540007,-0.007303732946548376,0.0015181079822387182,-0.04466993563526284,-0.029972368064757195,-0.005993558834661828,-0.04466993563526284,-0.029972368064757195,-0.005993558834661828
0.1705720700119855,1788408580.2228353,control,pre_takeoff_hold,1,1,0.006746701008523814,3.869208335876465,3869.0,0,30.0,0.16428395399998408,3.869208335876465,1,1,0,1.0854933711003192,0.03497936204075813,0.048877838999032974,0.044092629104852676,0.0018526517087593675,-0.002638670150190592,0.003416667692363262,0.14020425081253052,-0.39711034297943115,0.9164056777954102,0.006512107793241739,-0.06322985887527466,0.008654508739709854,-0.013419917863494786,0.009364324326380144,0.04847931306340218,0.034725699573755264,0.04896179586648941,0.04387912154197693,0.048616798040566116,0.0,0.0,0.0,0.00025366246700286865,-8.395686745643616e-05,0.00021350756287574768,-0.012319812995153341,-0.007480576007592452,0.0009433400717589476,0.0,0.0,0.0,-0.013419917863494786,0.009364324326380144,0.04847931306340218,0.0,0.0,0.0,0.0,0.0,0.0,zero,0.0,0.0,0.0,0.0,0.0020929729442605753,-0.0035180474558929326,0.006929728774622405,-0.018271726690386375,0.07912556911680572,-0.2259827431264811,1,0.007493495941162109,0.033803246915340424,0.04787764325737953,0.04305516183376312,-0.012319812995153341,-0.007480576007592452,0.0009433400717589476,-0.02506605346132951,-0.017684306104404784,-0.05747679104796807,1,0.009832761003053747,1.0,-0.012319812995153341,-0.007480576007592452,0.0009433400717589476,-0.02506605346132951,-0.017684306104404784,-0.05747679104796807,-0.02506605346132951,-0.017684306104404784,-0.05747679104796807
0.18158737500198185,1788408580.2338014,control,pre_takeoff_hold,1,1,0.0024309879954671487,3.869208335876465,3869.0,0,30.0,0.17529925898998044,3.869208335876465,1,1,0,1.0854933711003192,0.034980617463588715,0.04889616370201111,0.04406871646642685,0.0016709056217223406,-0.0007399743190035224,0.0023897537030279636,0.09896424412727356,-0.19345176219940186,0.5846230983734131,-0.04706002026796341,-0.02937651239335537,-0.007141273468732834,-0.015505089831386808,0.009669953440684873,0.04824812037832122,0.034725699573755264,0.04896179586648941,0.04387912154197693,0.048616798040566116,0.0,0.0,0.0,0.0002549178898334503,-6.5632164478302e-05,0.00018959492444992065,-0.012391134469844921,-0.0074988106587848295,-5.380909795484924e-05,0.0,0.0,0.0,-0.015505089831386808,0.009669953440684873,0.04824812037832122,0.0,0.0,0.0,0.0,0.0,0.0,zero,0.0,0.0,0.0,0.0,0.001788049547816908,-0.002598019824525077,0.004006894683188817,-0.023473394966095983,0.06396271990753338,-0.2068109628266524,1,0.002956867218017578,0.03368232399225235,0.04780866578221321,0.04301638528704643,-0.012391134469844921,-0.0074988106587848295,-5.380909795484924e-05,-0.007132147469159456,-0.0018234651192381211,-0.09971491697139953,1,0.009242770989658311,1.0,-0.012391134469844921,-0.0074988106587848295,-5.380909795484924e-05,-0.007132147469159456,-0.0018234651192381211,-0.09971491697139953,-0.007132147469159456,-0.0018234651192381211,-0.09971491697139953
0.19269744399935007,1788408580.24492,control,pre_takeoff_hold,1,1,0.0020568369945976883,3.869208335876465,3869.0,0,30.0,0.18640932798734866,3.869208335876465,1,1,0,1.0854933711003192,0.03495936840772629,0.04889131709933281,0.044096268713474274,0.0009635169990360737,-0.0006771027110517025,0.0023957164958119392,0.06674718856811523,-0.15365716814994812,0.4678032100200653,-0.019341876730322838,-0.020004482939839363,-0.0035704129841178656,-0.014461641448480531,0.009870848335941308,0.048367118263893914,0.034725699573755264,0.04896179586648941,0.04387912154197693,0.048616798040566116,0.0,0.0,0.0,0.00023366883397102356,-7.047876715660095e-05,0.00021714717149734497,-0.012423173162847842,-0.0073952950569246756,-0.0013159175692935292,0.0,0.0,0.0,-0.014461641448480531,0.009870848335941308,0.048367118263893914,0.0,0.0,0.0,0.0,0.0,0.0,zero,0.0,0.0,0.0,0.0,0.0016218762301116055,-0.002144066331250201,0.0030181330772034915,-0.014590969082746215,0.039859716811605814,-0.08681893231934922,1,0.002686738967895508,0.03355560824275017,0.04773884266614914,0.04297548905014992,-0.012423173162847842,-0.0073952950569246756,-0.0013159175692935292,-0.00266989108357661,0.008626300155012501,-0.10517570594488601,1,0.008924069989006966,1.0,-0.012423173162847842,-0.0073952950569246756,-0.0013159175692935292,-0.00266989108357661,0.008626300155012501,-0.10517570594488601,-0.00266989108357661,0.008626300155012501,-0.10517570594488601
0.2039182470034575,1788408580.256198,control,pre_takeoff_hold,1,1,0.013277639998705126,3.869208335876465,3869.0,0,30.0,0.1976301309914561,3.869208335876465,1,1,0,1.0854933711003192,0.03495936840772629,0.04889131709933281,0.044096268713474274,0.0009635169990360737,-0.0006771027110517025,0.0023957164958119392,0.06674718856811523,-0.15365716814994812,0.4678032100200653,-0.019341876730322838,-0.020004482939839363,-0.0035704129841178656,-0.014461641448480531,0.009870848335941308,0.048367118263893914,0.034725699573755264,0.04896179586648941,0.04387912154197693,0.048616798040566116,0.0,0.0,0.0,0.00023366883397102356,-7.047876715660095e-05,0.00021714717149734497,-0.012449502565116769,-0.007305782098422703,-0.002338701282601706,0.0,0.0,0.0,-0.014461641448480531,0.009870848335941308,0.048367118263893914,0.0,0.0,0.0,0.0,0.0,0.0,zero,0.0,0.0,0.0,0.0,0.0016218762301116055,-0.002144066331250201,0.0030181330772034915,-0.014590969082746215,0.039859716811605814,-0.08681893231934922,1,0.013964653015136719,0.033782102167606354,0.047872599214315414,0.042958226054906845,-0.012449502565116769,-0.007305782098422703,-0.002338701282601706,-0.0032911752836162107,0.011189119812747752,-0.12784796416353617,1,0.0080728399916552,1.0,-0.012449502565116769,-0.007305782098422703,-0.002338701282601706,-0.0032911752836162107,0.011189119812747752,-0.12784796416353617,-0.0032911752836162107,0.011189119812747752,-0.12784796416353617
0.21490885299863294,1788408580.2672133,control,pre_takeoff_hold,1,1,0.005669053993187845,3.869208335876465,3869.0,0,30.0,0.20862073698663153,3.869208335876465,1,1,0,1.0854933711003192,0.03493883088231087,0.04885242506861687,0.04414442181587219,0.0026676133275032043,-0.0015155295841395855,0.0032156016677618027,0.2064369022846222,-0.14144162833690643,0.3599734604358673,0.08271068334579468,-0.0033755525946617126,-0.013473737984895706,-0.013481268354262466,0.009466190128272881,0.048994263740027376,0.034725699573755264,0.04896179586648941,0.04387912154197693,0.048616798040566116,0.0,0.0,0.0,0.00021313130855560303,-0.00010937079787254333,0.00026530027389526367,-0.012426651523292281,-0.007231497989813423,-0.002973221250183533,0.0,0.0,0.0,-0.013481268354262466,0.009466190128272881,0.048994263740027376,0.0,0.0,0.0,0.0,0.0,0.0,zero,0.0,0.0,0.0,0.0,0.0010839115490418124,-0.001022243121986586,0.0019558611174491777,-0.07972191586634653,0.1651478734596895,-0.15454848834781912,1,0.00630950927734375,0.033814508467912674,0.04789315164089203,0.043737009167671204,-0.012426651523292281,-0.007231497989813423,-0.002973221250183533,0.0022851041824483824,0.007428410860926879,-0.0634519967581728,1,0.008055143989622593,1.0,-0.012426651523292281,-0.007231497989813423,-0.002973221250183533,0.0022851041824483824,0.007428410860926879,-0.0634519967581728,0.0022851041824483824,0.007428410860926879,-0.0634519967581728
0.22611998100182973,1788408580.2783568,control,pre_takeoff_hold,1,1,0.0016646110016154125,3.869208335876465,3869.0,0,30.0,0.21983186498982832,3.869208335876465,1,1,0,1.0854933711003192,0.034868210554122925,0.04889310151338577,0.044081564992666245,0.0012035578256472945,-0.0006764480494894087,0.0017442447133362293,0.14585831761360168,-0.10209709405899048,0.26859134435653687,0.06499088555574417,-0.006998125463724136,-0.012197148986160755,-0.013571603943332332,0.009138602237002672,0.04889105437207599,0.034725699573755264,0.04896179586648941,0.04387912154197693,0.048616798040566116,0.0,0.0,0.0,0.00014251098036766052,-6.86943531036377e-05,0.0002024434506893158,-0.012365693136772497,-0.007156447989943832,-0.003055351802099041,0.0,0.0,0.0,-0.013571603943332332,0.009138602237002672,0.04889105437207599,0.0,0.0,0.0,0.0,0.0,0.0,zero,0.0,0.0,0.0,0.0,0.0011495922008154247,-0.0008591931822899273,0.0019630257669103466,0.0043270968421686845,0.010741867812290178,0.00047201316097665315,1,0.002274036407470703,0.03385180979967117,0.04791487753391266,0.04387391731142998,-0.012365693136772497,-0.007156447989943832,-0.003055351802099041,0.006095838651977524,0.007504999986957968,-0.008213055191549495,1,0.007640593990799971,1.0,-0.012365693136772497,-0.007156447989943832,-0.003055351802099041,0.006095838651977524,0.007504999986957968,-0.008213055191549495,0.006095838651977524,0.007504999986957968,-0.008213055191549495
0.2371164110081736,1788408580.2893481,control,pre_takeoff_hold,1,1,0.012661041007959284,3.869208335876465,3869.0,0,30.0,0.2308282949961722,3.869208335876465,1,1,0,1.0854933711003192,0.034868210554122925,0.04889310151338577,0.044081564992666245,0.0012035578256472945,-0.0006764480494894087,0.0017442447133362293,0.14585831761360168,-0.10209709405899048,0.26859134435653687,0.06499088555574417,-0.006998125463724136,-0.012197148986160755,-0.013571603943332332,0.009138602237002672,0.04889105437207599,0.034725699573755264,0.04896179586648941,0.04387912154197693,0.048616798040566116,0.0,0.0,0.0,0.00014251098036766052,-6.86943531036377e-05,0.0002024434506893158,-0.012298749487994004,-0.007082247561583209,-0.002639745110570018,0.0,0.0,0.0,-0.013571603943332332,0.009138602237002672,0.04889105437207599,0.0,0.0,0.0,0.0,0.0,0.0,zero,0.0,0.0,0.0,0.0,0.0011495922008154247,-0.0008591931822899273,0.0019630257669103466,0.0043270968421686845,0.010741867812290178,0.00047201316097665315,1,0.013265371322631836,0.03373025357723236,0.04784636199474335,0.04387859255075455,-0.012298749487994004,-0.007082247561583209,-0.002639745110570018,0.006694364877850592,0.007420042836063774,0.04156066915291053,1,0.006463412995799445,1.0,-0.012298749487994004,-0.007082247561583209,-0.002639745110570018,0.006694364877850592,0.007420042836063774,0.04156066915291053,0.006694364877850592,0.007420042836063774,0.04156066915291053
0.24845511800958775,1788408580.300714,control,pre_takeoff_hold,1,1,0.00485696000396274,3.869208335876465,3869.0,0,30.0,0.24216700199758634,3.869208335876465,1,1,0,1.0854933711003192,0.0348399356007576,0.04892904311418533,0.04402495175600052,-0.0006312092300504446,0.00052932946709916,0.0008233481785282493,0.03156746178865433,-0.03229831904172897,0.17287549376487732,0.004811767488718033,-0.010176338255405426,0.0036435555666685104,-0.014462869694730159,0.008489561435617445,0.04913650704375867,0.034725699573755264,0.04896179586648941,0.04387912154197693,0.048616798040566116,0.0,0.0,0.0,0.0001142360270023346,-3.275275230407715e-05,0.0001458302140235901,-0.012252755703776399,-0.0070202566709053225,-0.0019304543986697973,0.0,0.0,0.0,-0.014462869694730159,0.008489561435617445,0.04913650704375867,0.0,0.0,0.0,0.0,0.0,0.0,zero,0.0,0.0,0.0,0.0,0.001343963335190218,-0.0006850219614562088,0.0018037196401501226,0.009820156883280196,0.014542203187109371,-0.017367980422086163,1,0.005524396896362305,0.03360721096396446,0.047776252031326294,0.04388756677508354,-0.012252755703776399,-0.0070202566709053225,-0.0019304543986697973,0.0045993784217597975,0.006199089067787641,0.070929071190011,1,0.006086583001888357,1.0,-0.012252755703776399,-0.0070202566709053225,-0.0019304543986697973,0.0045993784217597975,0.006199089067787641,0.070929071190011,0.0045993784217597975,0.006199089067787641,0.070929071190011
0.25961673200072255,1788408580.311921,control,pre_takeoff_hold,1,1,0.00012055199476890266,3.869208335876465,3869.0,0,30.0,0.25332861598872114,3.869208335876465,1,1,0,1.0854933711003192,0.03481636941432953,0.048973433673381805,0.043945763260126114,-0.00042900460539385676,0.0017015787307173014,-0.0008653412223793566,0.04000849649310112,0.017406383529305458,0.08281473070383072,-0.00613333098590374,-0.0011000260710716248,-0.016460467129945755,-0.014931815990785571,0.008525887561398751,0.048394244161453506,0.034725699573755264,0.04896179586648941,0.04387912154197693,0.048616798040566116,0.0,0.0,0.0,9.066984057426453e-05,1.163780689239502e-05,6.664171814918518e-05,-0.012202048028135841,-0.006986414192389968,-0.0011086860124183452,0.0,0.0,0.0,-0.014931815990785571,0.008525887561398751,0.048394244161453506,0.0,0.0,0.0,0.0,0.0,0.0,zero,0.0,0.0,0.0,0.0,0.0008767726105591471,-0.0002925920769930972,0.001219687548173043,-0.04335540027217187,0.03353511049529185,-0.05000256581549937,1,0.0008826255798339844,0.03376979008316994,0.04786861687898636,0.04395747929811478,-0.012202048028135841,-0.006986414192389968,-0.0011086860124183452,0.005070767564056801,0.0033842478515360886,0.08217683862516156,1,0.005700148001778871,1.0,-0.012202048028135841,-0.006986414192389968,-0.0011086860124183452,0.005070767564056801,0.0033842478515360886,0.08217683862516156,0.005070767564056801,0.0033842478515360886,0.08217683862516156
0.2705769200110808,1788408580.3228793,control,pre_takeoff_hold,1,1,0.0010308659984730184,3.869208335876465,3869.0,0,30.0,0.2642888039990794,3.869208335876465,1,1,0,1.0854933711003192,0.034808509051799774,0.048956044018268585,0.043960925191640854,-0.0004984609549865127,0.0010177838848903775,-0.0003927957150153816,0.03063490055501461,0.000418846495449543,0.07558546960353851,-0.005738947074860334,0.017230719327926636,-0.005025241523981094,-0.014970370815430229,0.009448859119476119,0.04879277812912227,0.034725699573755264,0.04896179586648941,0.04387912154197693,0.048616798040566116,0.0,0.0,0.0,8.280947804450989e-05,-5.751848220825195e-06,8.180364966392517e-05,-0.011936630893528047,-0.00664492102235514,0.0004082848239609755,0.0,0.0,0.0,-0.014970370815430229,0.009448859119476119,0.04879277812912227,0.0,0.0,0.0,0.0,0.0,0.0,zero,0.0,0.0,0.0,0.0,0.0004971124673437319,4.631283942168441e-05,0.0007605200499546989,-0.03750111997100979,0.0334755021203915,-0.0453544986093115,1,0.0017170906066894531,0.033656470477581024,0.048332031816244125,0.04401233419775963,-0.011936630893528047,-0.00664492102235514,0.0004082848239609755,0.015346978227785621,0.024499695466006725,0.07158811307257647,1,0.00414893300330732,1.0,-0.011936630893528047,-0.00664492102235514,0.0004082848239609755,0.015346978227785621,0.024499695466006725,0.07158811307257647,0.015346978227785621,0.024499695466006725,0.07158811307257647
0.28160090700839646,1788408580.333905,control,pre_takeoff_hold,1,1,0.012054852995788679,3.869208335876465,3869.0,0,30.0,0.27531279099639505,3.869208335876465,1,1,0,1.0854933711003192,0.034808509051799774,0.048956044018268585,0.043960925191640854,-0.0004984609549865127,0.0010177838848903775,-0.0003927957150153816,0.03063490055501461,0.000418846495449543,0.07558546960353851,-0.005738947074860334,0.017230719327926636,-0.005025241523981094,-0.014970370815430229,0.009448859119476119,0.04879277812912227,0.034725699573755264,0.04896179586648941,0.04387912154197693,0.048616798040566116,0.0,0.0,0.0,8.280947804450989e-05,-5.751848220825195e-06,8.180364966392517e-05,-0.011715877259241165,-0.005718702687830462,0.001709733236601617,0.0,0.0,0.0,-0.014970370815430229,0.009448859119476119,0.04879277812912227,0.0,0.0,0.0,0.0,0.0,0.0,zero,0.0,0.0,0.0,0.0,0.0004971124673437319,4.631283942168441e-05,0.0007605200499546989,-0.03750111997100979,0.0334755021203915,-0.0453544986093115,1,0.012742757797241211,0.033818233758211136,0.04861567169427872,0.04404132813215256,-0.011715877259241165,-0.005718702687830462,0.001709733236601617,0.008886065445067903,0.05252953114210779,0.06431994393740631,1,0.002646701002959162,1.0,-0.011715877259241165,-0.005718702687830462,0.001709733236601617,0.008886065445067903,0.05252953114210779,0.06431994393740631,0.008886065445067903,0.05252953114210779,0.06431994393740631
0.2926940910110716,1788408580.344961,control,pre_takeoff_hold,1,1,0.0012147230008849874,3.869208335876465,3869.0,0,30.0,0.28640597499907017,3.869208335876465,1,1,0,1.0854933711003192,0.03483656048774719,0.04900125041604042,0.04395074024796486,-0.00042128219502046704,0.0009123489144258201,-0.0010031908750534058,0.008207269012928009,-0.012615475803613663,0.024055002257227898,-0.010703525505959988,-0.004959024488925934,-0.011074727401137352,-0.015122157541128573,0.00919184435676983,0.04855249646625922,0.034725699573755264,0.04896179586648941,0.04387912154197693,0.048616798040566116,0.0,0.0,0.0,0.0001108609139919281,3.945454955101013e-05,7.16187059879303e-05,-0.011679202122749427,-0.0049673201452257,0.0027033210446572096,0.0,0.0,0.0,-0.015122157541128573,0.00919184435676983,0.04855249646625922,0.0,0.0,0.0,0.0,0.0,0.0,zero,0.0,0.0,0.0,0.0,-0.000115227496687435,0.0009205730800771894,-0.00010756429004534483,-0.03325443000134734,0.05102791117119293,-0.0492149900379557,1,0.001943349838256836,0.033779583871364594,0.04806629940867424,0.043526507914066315,-0.011679202122749427,-0.0049673201452257,0.0027033210446572096,-0.0006094686594044445,0.02720999134892413,0.04003734695444261,1,0.0010714930103858933,1.0,-0.011679202122749427,-0.0049673201452257,0.0027033210446572096,-0.0006094686594044445,0.02720999134892413,0.04003734695444261,-0.0006094686594044445,0.02720999134892413,0.04003734695444261
0.30381663600564934,1788408580.3562036,control,pre_takeoff_hold,1,1,0.0038720180018572137,3.869208335876465,3869.0,0,30.0,0.29752851999364793,3.869208335876465,1,1,0,1.0854933711003192,0.034793876111507416,0.048978015780448914,0.04406517744064331,-0.0013446537777781487,0.00018139107851311564,0.0018989068921655416,-0.015231741592288017,-0.02734772488474846,0.0877523198723793,-0.043100424110889435,0.012587279081344604,-0.002313013654202223,-0.016582671943662308,0.00989742145607947,0.04881868910662331,0.034725699573755264,0.04896179586648941,0.04387912154197693,0.048616798040566116,0.0,0.0,0.0,6.817653775215149e-05,1.6219913959503174e-05,0.00018605589866638184,-0.011726137282019766,-0.004894118153780063,0.0027397821390272373,0.0,0.0,0.0,-0.016582671943662308,0.00989742145607947,0.04881868910662331,0.0,0.0,0.0,0.0,0.0,0.0,zero,0.0,0.0,0.0,0.0,-0.0002984279725309096,0.0011433593531798747,-0.0003115527683791062,-0.021628577944441944,0.026302061992841654,-0.024082801548940488,1,0.004715681076049805,0.033772289752960205,0.04797707870602608,0.043257247656583786,-0.011726137282019766,-0.004894118153780063,0.0027397821390272373,-0.0046935159270349,0.0073201991445652126,0.003646109437003489,1,0.0009359139949083328,1.0,-0.011726137282019766,-0.004894118153780063,0.0027397821390272373,-0.0046935159270349,0.0073201991445652126,0.003646109437003489,-0.0046935159270349,0.0073201991445652126,0.003646109437003489
0.31488397299835924,1788408580.367142,control,pre_takeoff_hold,1,1,0.000998475996311754,3.869208335876465,3869.0,0,30.0,0.30859585698635783,3.869208335876465,1,1,0,1.0854933711003192,0.03478928655385971,0.04898994788527489,0.04406888410449028,-0.0011413387255743146,0.00031570286955684423,0.001572118722833693,-0.009278655052185059,-0.01995796337723732,0.06552986055612564,-0.020917769521474838,0.007414401508867741,-0.006247936747968197,-0.015637007626226555,0.009706753416756333,0.04851411036868842,0.034725699573755264,0.04896179586648941,0.04387912154197693,0.048616798040566116,0.0,0.0,0.0,6.358698010444641e-05,2.8152018785476685e-05,0.00018976256251335144,-0.011829018456888826,-0.004936340714384924,0.002397124368477447,0.0,0.0,0.0,-0.015637007626226555,0.009706753416756333,0.04851411036868842,0.0,0.0,0.0,0.0,0.0,0.0,zero,0.0,0.0,0.0,0.0,-0.000574600748963618,0.0010427413324558602,-3.172423562624748e-05,-0.01973982346726904,-0.0071918093896630435,0.02000112360456445,1,0.0016634464263916016,0.0336475633084774,0.04792298376560211,0.04325594753026962,-0.011829018456888826,-0.004936340714384924,0.002397124368477447,-0.010288117486904324,-0.004222256060485429,-0.034265777054973676,1,0.010856879991479218,1.0,-0.011829018456888826,-0.004936340714384924,0.002397124368477447,-0.010288117486904324,-0.004222256060485429,-0.034265777054973676,-0.010288117486904324,-0.004222256060485429,-0.034265777054973676
0.3260937580052996,1788408580.3784847,control,pre_takeoff_hold,1,1,0.012208261003252119,3.869208335876465,3869.0,0,30.0,0.3198056419932982,3.869208335876465,1,1,0,1.0854933711003192,0.03478928655385971,0.04898994788527489,0.04406888410449028,-0.0011413387255743146,0.00031570286955684423,0.001572118722833693,-0.009278655052185059,-0.01995796337723732,0.06552986055612564,-0.020917769521474838,0.007414401508867741,-0.006247936747968197,-0.015637007626226555,0.009706753416756333,0.04851411036868842,0.034725699573755264,0.04896179586648941,0.04387912154197693,0.048616798040566116,0.0,0.0,0.0,6.358698010444641e-05,2.8152018785476685e-05,0.00018976256251335144,-0.01225657995001393,-0.005203274225906336,0.0013425647699608237,0.0,0.0,0.0,-0.015637007626226555,0.009706753416756333,0.04851411036868842,0.0,0.0,0.0,0.0,0.0,0.0,zero,0.0,0.0,0.0,0.0,-0.000574600748963618,0.0010427413324558602,-3.172423562624748e-05,-0.01973982346726904,-0.0071918093896630435,0.02000112360456445,1,0.013006210327148438,0.03338589146733284,0.04780883714556694,0.04326111823320389,-0.01225657995001393,-0.005203274225906336,0.0013425647699608237,-0.025213784674794952,-0.015609260266881928,-0.05213019969004599,1,0.009264102001907304,1.0,-0.01225657995001393,-0.005203274225906336,0.0013425647699608237,-0.025213784674794952,-0.015609260266881928,-0.05213019969004599,-0.025213784674794952,-0.015609260266881928,-0.05213019969004599
0.3371262500004377,1788408580.3894546,control,pre_takeoff_hold,1,1,0.006404581989045255,3.869208335876465,3869.0,0,30.0,0.3308381339884363,3.869208335876465,1,1,0,1.0854933711003192,0.03474754840135574,0.048931289464235306,0.04407716169953346,-0.001050871331244707,-0.006631822325289249,0.0031279101967811584,0.029326293617486954,-0.6267916560173035,0.21772101521492004,0.0626244843006134,-0.026887010782957077,-0.048549357801675797,-0.014236321552067575,0.01052409602717063,0.04785694953228177,0.034725699573755264,0.04896179586648941,0.04387912154197693,0.048616798040566116,0.0,0.0,0.0,2.1848827600479126e-05,-3.0506402254104614e-05,0.0001980401575565338,-0.012843263801258676,-0.005537969768363068,0.000699259320986292,0.0,0.0,0.0,-0.014236321552067575,0.01052409602717063,0.04785694953228177,0.0,0.0,0.0,0.0,0.0,0.0,zero,0.0,0.0,0.0,0.0,-0.0011570545466516344,0.0005855288234914468,0.0009937593317187726,-0.11624439507216588,-0.09524404158995882,0.20562311176265577,1,0.007055997848510742,0.033595841377973557,0.04785201698541641,0.04377306252717972,-0.012843263801258676,-0.005537969768363068,0.000699259320986292,-0.026173498363643303,-0.015738038899168007,-0.021021830365494012,1,0.008451761998003349,1.0,-0.012843263801258676,-0.005537969768363068,0.000699259320986292,-0.026173498363643303,-0.015738038899168007,-0.021021830365494012,-0.026173498363643303,-0.015738038899168007,-0.021021830365494012
0.34824790300626773,1788408580.4004958,control,pre_takeoff_hold,1,1,0.008835992004605941,3.869208335876465,3869.0,0,30.0,0.3419597869942663,3.869208335876465,1,1,0,1.0854933711003192,0.03475077822804451,0.04893627017736435,0.04413231834769249,-0.0007666780147701502,-0.005191313102841377,0.003766372799873352,0.029973994940519333,-0.4684206545352936,0.18880869448184967,0.023818792775273323,-0.028636593371629715,-0.04722857475280762,-0.015386833303242468,0.010207722616918675,0.04749551788768373,0.034725699573755264,0.04896179586648941,0.04387912154197693,0.048616798040566116,0.0,0.0,0.0,2.5078654289245605e-05,-2.5525689125061035e-05,0.0002531968057155609,-0.01239161927511621,-0.005522395435322733,0.001539225436921288,0.0,0.0,0.0,-0.015386833303242468,0.010207722616918675,0.04749551788768373,0.0,0.0,0.0,0.0,0.0,0.0,zero,0.0,0.0,0.0,0.0,-0.0013081678880400211,-0.0001254211115467611,0.0014763372209448205,-0.017316411459446922,-0.08146932288756066,0.0552996658950978,1,0.009370565414428711,0.033785130828619,0.04790696129202843,0.04400640353560448,-0.01239161927511621,-0.005522395435322733,0.001539225436921288,0.040575566020252966,0.007016151736756901,0.06217381143183237,1,0.0071047420060494915,1.0,-0.01239161927511621,-0.005522395435322733,0.001539225436921288,0.040575566020252966,0.007016151736756901,0.06217381143183237,0.040575566020252966,0.007016151736756901,0.06217381143183237
0.35937610900145955,1788408580.4116743,control,pre_takeoff_hold,1,1,0.004288814001483843,3.869208335876465,3869.0,0,30.0,0.35308799298945814,3.869208335876465,1,1,0,1.0854933711003192,0.03472433611750603,0.048906367272138596,0.04416916146874428,-0.0009520798339508474,-0.004536122549325228,0.003485078224912286,0.021604102104902267,-0.3663431704044342,0.14744342863559723,0.018001312389969826,-0.038977719843387604,-0.03526003286242485,-0.01546701482427912,0.008956594424335886,0.04771178580196734,0.034725699573755264,0.04896179586648941,0.04387912154197693,0.048616798040566116,0.0,0.0,0.0,-1.3634562492370605e-06,-5.542859435081482e-05,0.00029003992676734924,-0.011824566489392065,-0.0053862509930236785,0.0023704448076308435,0.0,0.0,0.0,-0.01546701482427912,0.008956594424335886,0.04771178580196734,0.0,0.0,0.0,0.0,0.0,0.0,zero,0.0,0.0,0.0,0.0,-0.0012330340980545433,-0.0020429304623451054,0.002304835377786182,0.004812968963761528,-0.1228330554720951,0.05307247133655614,1,0.004938364028930664,0.033683404326438904,0.04785827547311783,0.04405810311436653,-0.011824566489392065,-0.0053862509930236785,0.0023704448076308435,0.056705278572405704,0.013614444229903324,0.08312193707094256,1,0.00671173699083738,1.0,-0.011824566489392065,-0.0053862509930236785,0.0023704448076308435,0.056705278572405704,0.013614444229903324,0.08312193707094256,0.056705278572405704,0.013614444229903324,0.08312193707094256
0.3704872600064846,1788408580.4227834,control,pre_takeoff_hold,1,1,0.007601396006066352,3.869208335876465,3869.0,0,30.0,0.36419914399448317,3.869208335876465,1,1,0,1.0854933711003192,0.034645743668079376,0.048922035843133926,0.04406503215432167,-0.0027840295806527138,-0.003225709544494748,0.00010857428424060345,-0.029857030138373375,-0.2593545913696289,0.031069479882717133,0.028460167348384857,-0.005407750606536865,-0.04208429157733917,-0.014925895470360702,0.009949920750586825,0.04715734394958718,0.034725699573755264,0.04896179586648941,0.04387912154197693,0.048616798040566116,0.0,0.0,0.0,-7.995590567588806e-05,-3.976002335548401e-05,0.00018591061234474182,-0.010851307057762306,-0.005128330763939622,0.00405932913771665,0.0,0.0,0.0,-0.014925895470360702,0.009949920750586825,0.04715734394958718,0.0,0.0,0.0,0.0,0.0,0.0,zero,0.0,0.0,0.0,0.0,-0.0011989217418021843,-0.0034434818903431295,0.0028538356931222895,0.00438874857454355,-0.18018890391883147,0.0706320118590073,1,0.00827479362487793,0.033646415919065475,0.04783487319946289,0.044136665761470795,-0.010851307057762306,-0.005128330763939622,0.00405932913771665,0.0433772761926597,0.011560948281900716,0.08051694212745947,1,0.0046429859939962626,1.0,-0.010851307057762306,-0.005128330763939622,0.00405932913771665,0.0433772761926597,0.011560948281900716,0.08051694212745947,0.0433772761926597,0.011560948281900716,0.08051694212745947
0.381626950998907,1788408580.4339042,control,pre_takeoff_hold,1,1,0.010387857997557148,3.869208335876465,3869.0,0,30.0,0.37533883498690557,3.869208335876465,1,1,0,1.0854933711003192,0.03460985794663429,0.04894006624817848,0.04406118020415306,-0.003089649835601449,-0.002147250808775425,-5.71282726014033e-06,-0.031230464577674866,-0.1815655529499054,0.02210897207260132,0.012831791304051876,-0.013278471305966377,-0.043198347091674805,-0.015343165643001689,0.009571455914586663,0.0467664213933466,0.034725699573755264,0.04896179586648941,0.04387912154197693,0.048616798040566116,0.0,0.0,0.0,-0.00011584162712097168,-2.1729618310928345e-05,0.0001820586621761322,-0.010324941166507007,-0.004998063241216216,0.005108116331191877,0.0,0.0,0.0,-0.015343165643001689,0.009571455914586663,0.0467664213933466,0.0,0.0,0.0,0.0,0.0,0.0,zero,0.0,0.0,0.0,0.0,-0.0013058657535006055,-0.004261353803915572,0.0029769842896823656,-0.0128489171023413,-0.09826420620408335,0.014795836469387378,1,0.011072397232055664,0.033771805465221405,0.047891225665807724,0.0441061407327652,-0.010324941166507007,-0.004998063241216216,0.005108116331191877,0.021942745538262556,0.005466008632175087,0.04220725644148567,1,0.0033626549993641675,1.0,-0.010324941166507007,-0.004998063241216216,0.005108116331191877,0.021942745538262556,0.005466008632175087,0.04220725644148567,0.021942745538262556,0.005466008632175087,0.04220725644148567
0.39269274700200185,1788408580.444935,control,pre_takeoff_hold,1,1,0.0032444859971292317,3.869208335876465,3869.0,0,30.0,0.38640463099000044,3.869208335876465,1,1,0,1.0854933711003192,0.034604500979185104,0.04900164157152176,0.04391544312238693,-0.004592542070895433,0.003351418301463127,-0.0055129872635006905,-0.2362656593322754,0.3448152542114258,-0.3964062035083771,-0.06113818287849426,0.0343983955681324,-0.017179708927869797,-0.015283755254858217,0.011133963706732709,0.047061373960845795,0.034725699573755264,0.04896179586648941,0.04387912154197693,0.048616798040566116,0.0,0.0,0.0,-0.00012119859457015991,3.984570503234863e-05,3.632158041000366e-05,-0.009995953201068398,-0.004788538435635335,0.005277201441043054,0.0,0.0,0.0,-0.015283755254858217,0.011133963706732709,0.047061373960845795,0.0,0.0,0.0,0.0,0.0,0.0,zero,0.0,0.0,0.0,0.0,-0.0023016256620422763,-0.0035680203082278194,0.0010155466012963035,-0.2173383590508891,0.1567823228824294,-0.4315225758085256,1,0.003815889358520508,0.03379977494478226,0.047909583896398544,0.044084906578063965,-0.009995953201068398,-0.004788538435635335,0.005277201441043054,0.014630448669858204,0.012348091286587341,-0.0039900348301457654,1,0.0019914650038117543,1.0,-0.009995953201068398,-0.004788538435635335,0.005277201441043054,0.014630448669858204,0.012348091286587341,-0.0039900348301457654,0.014630448669858204,0.012348091286587341,-0.0039900348301457654
0.4038670610025292,1788408580.4561434,control,pre_takeoff_hold,1,1,0.0014638239954365417,3.869208335876465,3869.0,0,30.0,0.3975789449905278,3.869208335876465,1,1,0,1.0854933711003192,0.03467118367552757,0.048986151814460754,0.04384881258010864,-0.002646932378411293,0.0024425487499684095,-0.005436687730252743,-0.15904465317726135,0.26185303926467896,-0.3159497380256653,-0.028617272153496742,0.0038144756108522415,0.0017656385898590088,-0.013955574068648446,0.009609893832652412,0.04809074174354191,0.034725699573755264,0.04896179586648941,0.04387912154197693,0.048616798040566116,0.0,0.0,0.0,-5.451589822769165e-05,2.4355947971343994e-05,-3.0308961868286133e-05,-0.009876339142638798,-0.004723826806996451,0.00454157927208401,0.0,0.0,0.0,-0.013955574068648446,0.009609893832652412,0.04809074174354191,0.0,0.0,0.0,0.0,0.0,0.0,zero,0.0,0.0,0.0,0.0,-0.0027858855443004963,-0.0021625661878048384,-0.000648475238492574,-0.03729450187644928,0.10823880575642818,-0.12815198594825472,1,0.0020394325256347656,0.0338035523891449,0.04789981618523598,0.044063858687877655,-0.009876339142638798,-0.004723826806996451,0.00454157927208401,0.0033578334375299144,-0.002524946662497695,-0.044462941375896826,1,0.0006734089984092861,1.0,-0.009876339142638798,-0.004723826806996451,0.00454157927208401,0.0033578334375299144,-0.002524946662497695,-0.044462941375896826,0.0033578334375299144,-0.002524946662497695,-0.044462941375896826
0.41488478099927306,1788408580.4670985,control,pre_takeoff_hold,1,1,0.005463523993967101,3.869208335876465,3869.0,0,30.0,0.40859666498727165,3.869208335876465,1,1,0,1.0854933711003192,0.034741178154945374,0.04895097389817238,0.043940428644418716,-0.00010719010606408119,0.0009436717955395579,-0.0017179872374981642,-0.05429016798734665,0.1664322316646576,-0.14595261216163635,-0.013942121528089046,0.04401826858520508,0.0019860118627548218,-0.0136439008225044,0.011036368972826123,0.04809102319894298,0.034725699573755264,0.04896179586648941,0.04387912154197693,0.048616798040566116,0.0,0.0,0.0,1.5478581190109253e-05,-1.082196831703186e-05,6.130710244178772e-05,-0.009866159858910106,-0.0048649694814109894,0.0040844167490072135,0.0,0.0,0.0,-0.0136439008225044,0.011036368972826123,0.04809102319894298,0.0,0.0,0.0,0.0,0.0,0.0,zero,0.0,0.0,0.0,0.0,-0.0030778860115625037,-0.0009091009357321115,-0.0020251314146757324,-0.04193161900297545,0.17999912081038233,-0.19768948597609304,1,0.0060307979583740234,0.033704474568367004,0.04784320667386055,0.044094979763031006,-0.009866159858910106,-0.0048649694814109894,0.0040844167490072135,0.0010179283728690776,-0.014114267441451639,-0.04571625230767254,1,0.000507103992276825,1.0,-0.009866159858910106,-0.0048649694814109894,0.0040844167490072135,0.0010179283728690776,-0.014114267441451639,-0.04571625230767254,0.0010179283728690776,-0.014114267441451639,-0.04571625230767254
0.4260293670085957,1788408580.4783642,control,pre_takeoff_hold,1,1,0.016608110003289767,3.869208335876465,3869.0,0,30.0,0.4197412509965943,3.869208335876465,1,1,0,1.0854933711003192,0.034741178154945374,0.04895097389817238,0.043940428644418716,-0.00010719010606408119,0.0009436717955395579,-0.0017179872374981642,-0.05429016798734665,0.1664322316646576,-0.14595261216163635,-0.013942121528089046,0.04401826858520508,0.0019860118627548218,-0.0136439008225044,0.011036368972826123,0.04809102319894298,0.034725699573755264,0.04896179586648941,0.04387912154197693,0.048616798040566116,0.0,0.0,0.0,1.5478581190109253e-05,-1.082196831703186e-05,6.130710244178772e-05,-0.00985691265882941,-0.005046442155709347,0.0036751472564120233,0.0,0.0,0.0,-0.0136439008225044,0.011036368972826123,0.04809102319894298,0.0,0.0,0.0,0.0,0.0,0.0,zero,0.0,0.0,0.0,0.0,-0.0030778860115625037,-0.0009091009357321115,-0.0020251314146757324,-0.04193161900297545,0.17999912081038233,-0.19768948597609304,1,0.017296552658081055,0.033763814717531204,0.047872405499219894,0.0440712571144104,-0.00985691265882941,-0.005046442155709347,0.0036751472564120233,0.0009247200080697329,-0.018147267429839395,-0.04092694925952716,1,0.010629333002725616,1.0,-0.00985691265882941,-0.005046442155709347,0.0036751472564120233,0.0009247200080697329,-0.018147267429839395,-0.04092694925952716,0.0009247200080697329,-0.018147267429839395,-0.04092694925952716
0.43743466401065234,1788408580.4897535,control,pre_takeoff_hold,1,1,0.00017726801161188632,3.869208335876465,3869.0,0,30.0,0.43114654799865093,3.869208335876465,1,1,0,1.0854933711003192,0.03472524136304855,0.048969775438308716,0.044066790491342545,-0.00011115871893707663,0.0007401489419862628,0.0007666499586775899,-0.03171147033572197,0.10141109675168991,-0.05134988948702812,-0.016384301707148552,0.02214607037603855,-0.0011643723119050264,-0.01452092787196107,0.010655880794681577,0.04814239682493973,0.034725699573755264,0.04896179586648941,0.04387912154197693,0.048616798040566116,0.0,0.0,0.0,-4.5821070671081543e-07,7.97957181930542e-06,0.00018766894936561584,-0.00982194140990305,-0.005296631478842899,0.0030074399847630777,0.0,0.0,0.0,-0.01452092787196107,0.010655880794681577,0.04814239682493973,0.0,0.0,0.0,0.0,0.0,0.0,zero,0.0,0.0,0.0,0.0,-0.00137660633684639,0.0013400126683889234,-0.0027201474172833468,0.0909251844357202,0.1031217846796528,-0.014326366227673309,1,0.0008285045623779297,0.03368833661079407,0.04783269762992859,0.044084079563617706,-0.00982194140990305,-0.005296631478842899,0.0030074399847630777,0.0008510870854459452,-0.009767942333035878,-0.030913041144290086,1,0.010400269005913287,1.0,-0.00982194140990305,-0.005296631478842899,0.0030074399847630777,0.0008510870854459452,-0.009767942333035878,-0.030913041144290086,0.0008510870854459452,-0.009767942333035878,-0.030913041144290086
0.4484692350088153,1788408580.5006847,control,pre_takeoff_hold,1,1,0.0041175480000674725,3.869208335876465,3869.0,0,30.0,0.4421811189968139,3.869208335876465,1,1,0,1.0854933711003192,0.03475382179021835,0.04900071769952774,0.04406234994530678,0.0007088172133080661,0.001455787569284439,0.000489374331664294,-0.0024817977100610733,0.10110396891832352,-0.048819299787282944,-0.006168459076434374,-0.016861775889992714,0.00015032332157716155,-0.014271760188583192,0.00941773419582833,0.04819898866983999,0.034725699573755264,0.04896179586648941,0.04387912154197693,0.048616798040566116,0.0,0.0,0.0,2.812221646308899e-05,3.892183303833008e-05,0.00018322840332984924,-0.00996161346349812,-0.005476999384034089,0.002497648895365241,0.0,0.0,0.0,-0.014271760188583192,0.00941773419582833,0.04819898866983999,0.0,0.0,0.0,0.0,0.0,0.0,zero,0.0,0.0,0.0,0.0,-0.0007726063627128466,0.0018652578668616683,-0.002549171805254507,0.08429919830654257,0.07330753483744935,0.023862760995441597,1,0.0045948028564453125,0.033777866512537,0.04787755757570267,0.044048748910427094,-0.00996161346349812,-0.005476999384034089,0.002497648895365241,-0.008816424282871032,-0.010009557205500026,-0.023704814229786396,1,0.009052473003976047,1.0,-0.00996161346349812,-0.005476999384034089,0.002497648895365241,-0.008816424282871032,-0.010009557205500026,-0.023704814229786396,-0.008816424282871032,-0.010009557205500026,-0.023704814229786396
0.45932794200780336,1788408580.5115743,control,pre_takeoff_hold,1,1,0.003902690004906617,3.869208335876465,3869.0,0,30.0,0.45303982599580195,3.869208335876465,1,1,0,1.0854933711003192,0.034761421382427216,0.04897787421941757,0.0441320464015007,0.000708758132532239,0.0007386835059151053,0.0016910808626562357,-0.0019865399226546288,0.06751183420419693,-0.016648054122924805,-0.0009445575997233391,-0.0166317131370306,-0.008958890102803707,-0.01406228553483015,0.009242332049804522,0.04771449202159695,0.034725699573755264,0.04896179586648941,0.04387912154197693,0.048616798040566116,0.0,0.0,0.0,3.5721808671951294e-05,1.607835292816162e-05,0.0002529248595237732,-0.01010344378611278,-0.005598898546917856,0.0022433696433106195,0.0,0.0,0.0,-0.01406228553483015,0.009242332049804522,0.04771449202159695,0.0,0.0,0.0,0.0,0.0,0.0,zero,0.0,0.0,0.0,0.0,-0.00025135940326326267,0.0020081150871930913,-0.0018978736730496776,0.048596697052708006,0.013318809697363043,0.06072157822306492,1,0.004758358001708984,0.033742599189281464,0.04786257445812225,0.04405885934829712,-0.01010344378611278,-0.005598898546917856,0.0022433696433106195,-0.006432609925589029,-0.003018422842043837,-0.008098111534994169,1,0.007506838999688625,1.0,-0.01010344378611278,-0.005598898546917856,0.0022433696433106195,-0.006432609925589029,-0.003018422842043837,-0.008098111534994169,-0.006432609925589029,-0.003018422842043837,-0.008098111534994169
0.4704426560056163,1788408580.5226855,control,pre_takeoff_hold,1,1,0.004583633999573067,3.869208335876465,3869.0,0,30.0,0.4641545399936149,3.869208335876465,1,1,0,1.0854933711003192,0.034777943044900894,0.04899625480175018,0.044188253581523895,0.0008729118853807449,0.0009312708280049264,0.0023935637436807156,0.0014501420082524419,0.057575300335884094,-0.0003116847947239876,0.013052894733846188,-0.012215198948979378,0.005940950475633144,-0.013309940165280362,0.009310894396659029,0.048421608463792704,0.034725699573755264,0.04896179586648941,0.04387912154197693,0.048616798040566116,0.0,0.0,0.0,5.224347114562988e-05,3.4458935260772705e-05,0.00030913203954696655,-0.01033125064476223,-0.005482833985797552,0.0017635441210214879,0.0,0.0,0.0,-0.013309940165280362,0.009310894396659029,0.048421608463792704,0.0,0.0,0.0,0.0,0.0,0.0,zero,0.0,0.0,0.0,0.0,0.00018266862886030726,0.0019067441808750534,-0.0009851369159330986,0.04018022626190253,-0.009384430614549003,0.08449677602403813,1,0.005067586898803711,0.033780526369810104,0.04788920655846596,0.043230678886175156,-0.01033125064476223,-0.005482833985797552,0.0017635441210214879,-0.012927032573450672,0.006764022547246334,-0.03670373135387508,1,0.00669198100513313,1.0,-0.01033125064476223,-0.005482833985797552,0.0017635441210214879,-0.012927032573450672,0.006764022547246334,-0.03670373135387508,-0.012927032573450672,0.006764022547246334,-0.03670373135387508
0.48160964901035186,1788408580.5338345,control,pre_takeoff_hold,1,1,0.007976553999469616,3.869208335876465,3869.0,0,30.0,0.47532153299835045,3.869208335876465,1,1,0,1.0854933711003192,0.0348699651658535,0.04899553582072258,0.0442524254322052,0.0030769086442887783,0.0007264325395226479,0.003573558758944273,0.05812881141901016,0.04076560214161873,0.030251048505306244,0.00244723167270422,-0.008795456029474735,-0.0021770093590021133,-0.013621758614739693,0.009345067245423732,0.0481530131959573,0.034725699573755264,0.04896179586648941,0.04387912154197693,0.048616798040566116,0.0,0.0,0.0,0.00014426559209823608,3.3739954233169556e-05,0.0003733038902282715,-0.010532631642810313,-0.0054172983147268376,0.0004627415389669154,0.0,0.0,0.0,-0.013621758614739693,0.009345067245423732,0.0481530131959573,0.0,0.0,0.0,0.0,0.0,0.0,zero,0.0,0.0,0.0,0.0,0.0005623151674006176,0.0017443475438179284,-9.636795865153596e-05,0.049066434387753925,-0.02098853309078505,0.11486664384192177,1,0.008479118347167969,0.033790312707424164,0.048416730016469955,0.043035563081502914,-0.010532631642810313,-0.0054172983147268376,0.0004627415389669154,-0.008504139939516434,0.0041776753617641235,-0.06773593773126294,1,0.00553478101210203,1.0,-0.010532631642810313,-0.0054172983147268376,0.0004627415389669154,-0.008504139939516434,0.0041776753617641235,-0.06773593773126294,-0.008504139939516434,0.0041776753617641235,-0.06773593773126294
0.4926906040054746,1788408580.5448916,control,pre_takeoff_hold,1,1,0.0006571770063601434,3.869208335876465,3869.0,0,30.0,0.4864024879934732,3.869208335876465,1,1,0,1.0854933711003192,0.03491318225860596,0.04890871420502663,0.04425748810172081,0.0029309927485883236,-0.00036199408350512385,0.002913842676207423,0.04491797089576721,0.02078894153237343,0.017034366726875305,0.010600279085338116,-0.013531430624425411,0.0034278170205652714,-0.012821788769265237,0.008753502485170605,0.048636769476993254,0.034725699573755264,0.04896179586648941,0.04387912154197693,0.048616798040566116,0.0,0.0,0.0,0.00018748268485069275,-5.3081661462783813e-05,0.0003783665597438812,-0.010641032494059212,-0.004862793493936143,-0.0005208406832740125,0.0,0.0,0.0,-0.012821788769265237,0.008753502485170605,0.048636769476993254,0.0,0.0,0.0,0.0,0.0,0.0,zero,0.0,0.0,0.0,0.0,0.0014758967603576178,0.0011834183835462153,0.001508128149974882,0.049620436005670815,-0.030466407943802853,0.08714689207096615,1,0.0011248588562011719,0.033789537847042084,0.04829239100217819,0.043526384979486465,-0.010641032494059212,-0.004862793493936143,-0.0005208406832740125,-0.005874033131238505,0.035751626262400686,-0.04321349984299121,1,0.004846790005103685,1.0,-0.010641032494059212,-0.004862793493936143,-0.0005208406832740125,-0.005874033131238505,0.035751626262400686,-0.04321349984299121,-0.005874033131238505,0.035751626262400686,-0.04321349984299121
0.5037990260025254,1788408580.5559766,control,pre_takeoff_hold,1,1,0.0005028919986216351,3.869208335876465,3869.0,0,30.0,0.49751090999052394,3.869208335876465,1,1,0,1.0854933711003192,0.03491304814815521,0.0489688403904438,0.04422319680452347,0.005064056720584631,0.004417991265654564,0.0014429530128836632,0.5009008646011353,0.6426137089729309,-0.03631331026554108,-0.2304723560810089,-0.02074766717851162,-0.053202442824840546,-0.014188118961073805,0.008755125443001055,0.04796599310256185,0.034725699573755264,0.04896179586648941,0.04387912154197693,0.048616798040566116,0.0,0.0,0.0,0.00018734857439994812,7.0445239543914795e-06,0.0003440752625465393,-0.010889469711256991,-0.004398349994852774,-0.00032902919128781035,0.0,0.0,0.0,-0.014188118961073805,0.008755125443001055,0.04796599310256185,0.0,0.0,0.0,0.0,0.0,0.0,zero,0.0,0.0,0.0,0.0,0.0032471509338663474,0.0007787995432087527,0.0037226803930994127,0.0937147849060151,0.011439159820996397,0.07433527366243732,1,0.0010755062103271484,0.03356223553419113,0.04820495471358299,0.04354393482208252,-0.010889469711256991,-0.004398349994852774,-0.00032902919128781035,-0.013958507106504604,0.014775639489328881,0.0217948000589629,1,0.0033203530038008466,1.0,-0.010889469711256991,-0.004398349994852774,-0.00032902919128781035,-0.013958507106504604,0.014775639489328881,0.0217948000589629,-0.013958507106504604,0.014775639489328881,0.0217948000589629
0.5148702160076937,1788408580.567042,control,pre_takeoff_hold,1,1,0.005367393998312764,3.869208335876465,3869.0,0,30.0,0.5085820999956923,3.869208335876465,1,1,0,1.0854933711003192,0.034933652728796005,0.048952337354421616,0.04411066323518753,0.00470259552821517,0.0030127004720270634,-0.0024030394852161407,0.38929420709609985,0.4696670174598694,-0.15062984824180603,-0.18962867558002472,-0.002040199004113674,-0.0031501352787017822,-0.014343067359011691,0.009233383726091355,0.04920608638406447,0.034725699573755264,0.04896179586648941,0.04387912154197693,0.048616798040566116,0.0,0.0,0.0,0.00020795315504074097,-9.4585120677948e-06,0.0002315416932106018,-0.01110640866637777,-0.004103291250239786,0.000504287709035565,0.0,0.0,0.0,-0.014343067359011691,0.009233383726091355,0.04920608638406447,0.0,0.0,0.0,0.0,0.0,0.0,zero,0.0,0.0,0.0,0.0,0.004012992623846934,0.0010733448277233165,0.004027730250878084,0.12104962555216818,0.04655609229049492,0.04821645457795118,1,0.005814313888549805,0.0337938591837883,0.048104286193847656,0.04399629682302475,-0.01110640866637777,-0.004103291250239786,0.000504287709035565,-0.006573320338431044,0.015505384520622976,0.051774066448010664,1,0.002002153007197194,1.0,-0.01110640866637777,-0.004103291250239786,0.000504287709035565,-0.006573320338431044,0.015505384520622976,0.051774066448010664,-0.006573320338431044,0.015505384520622976,0.051774066448010664
0.5260104580083862,1788408580.5782928,control,pre_takeoff_hold,1,1,0.016507635999005288,3.869208335876465,3869.0,0,30.0,0.5197223419963848,3.869208335876465,1,1,0,1.0854933711003192,0.034933652728796005,0.048952337354421616,0.04411066323518753,0.00470259552821517,0.0030127004720270634,-0.0024030394852161407,0.38929420709609985,0.4696670174598694,-0.15062984824180603,-0.18962867558002472,-0.002040199004113674,-0.0031501352787017822,-0.014343067359011691,0.009233383726091355,0.04920608638406447,0.034725699573755264,0.04896179586648941,0.04387912154197693,0.048616798040566116,0.0,0.0,0.0,0.00020795315504074097,-9.4585120677948e-06,0.0002315416932106018,-0.011026218450061416,-0.00396869345067475,0.0018705194253538532,0.0,0.0,0.0,-0.014343067359011691,0.009233383726091355,0.04920608638406447,0.0,0.0,0.0,0.0,0.0,0.0,zero,0.0,0.0,0.0,0.0,0.004012992623846934,0.0010733448277233165,0.004027730250878084,0.12104962555216818,0.04655609229049492,0.04821645457795118,1,0.017065048217773438,0.03379151225090027,0.047959595918655396,0.04405190795660019,-0.011026218450061416,-0.00396869345067475,0.0018705194253538532,0.006188304807057242,0.0017221313498686592,0.06996489589998103,1,0.0012153240095358342,1.0,-0.011026218450061416,-0.00396869345067475,0.0018705194253538532,0.006188304807057242,0.0017221313498686592,0.06996489589998103,0.006188304807057242,0.0017221313498686592,0.06996489589998103
0.537153406010475,1788408580.5895262,control,pre_takeoff_hold,1,1,0.006973160008783452,3.869208335876465,3869.0,0,30.0,0.5308652899984736,3.869208335876465,1,1,0,1.0854933711003192,0.034862667322158813,0.04894215241074562,0.0440540574491024,-0.002016698010265827,0.0023922626860439777,-0.01041288860142231,-0.4127522110939026,0.31110161542892456,-1.1290299892425537,-0.026869334280490875,0.14486481249332428,0.03524310514330864,-0.013907861215263266,0.00982627628714602,0.04920756362530277,0.034725699573755264,0.04896179586648941,0.04387912154197693,0.048616798040566116,0.0,0.0,0.0,0.0001369677484035492,-1.9643455743789673e-05,0.00017493590712547302,-0.010945238046468665,-0.004036655766210744,0.002522734686724612,0.0,0.0,0.0,-0.013907861215263266,0.00982627628714602,0.04920756362530277,0.0,0.0,0.0,0.0,0.0,0.0,zero,0.0,0.0,0.0,0.0,0.0048362875075949035,0.0029685217815884064,-0.0001559798534155484,0.22982139473577448,0.5373799360897309,-1.1944011894354822,1,0.00767207145690918,0.033791255205869675,0.04793517664074898,0.044063031673431396,-0.010945238046468665,-0.004036655766210744,0.002522734686724612,0.008098040359273816,-0.006796231553598381,0.0652215261370657,1,0.0007119860092643648,1.0,-0.010945238046468665,-0.004036655766210744,0.002522734686724612,0.008098040359273816,-0.006796231553598381,0.0652215261370657,0.008098040359273816,-0.006796231553598381,0.0652215261370657
0.5482190670009004,1788408580.6006083,control,pre_takeoff_hold,1,1,0.0015445429889950901,3.869208335876465,3869.0,0,30.0,0.541930950988899,3.869208335876465,1,1,0,1.0854933711003192,0.03492078557610512,0.04894480109214783,0.04407556354999542,-0.0009092692635022104,0.0019458982860669494,-0.008069769479334354,-0.3167855441570282,0.24347369372844696,-0.8748376369476318,-0.027713891118764877,0.09870940446853638,0.02038104087114334,-0.014426847884603713,0.008398975765199882,0.048582744990476226,0.034725699573755264,0.04896179586648941,0.04387912154197693,0.048616798040566116,0.0,0.0,0.0,0.00019508600234985352,-1.6994774341583252e-05,0.00019644200801849365,-0.010841465727536196,-0.004165953956908724,0.002948834731293398,0.0,0.0,0.0,-0.014426847884603713,0.008398975765199882,0.048582744990476226,0.0,0.0,0.0,0.0,0.0,0.0,zero,0.0,0.0,0.0,0.0,0.0031856889128694978,0.0030449838890972023,-0.003451450783842856,-0.09999151159425088,0.004631993347091481,-0.19963613249238094,1,0.002246856689453125,0.03385027498006821,0.04794596508145332,0.04350781440734863,-0.010841465727536196,-0.004165953956908724,0.002948834731293398,0.010377231893248986,-0.012929819069800562,0.04261000445688705,1,0.010352204000810161,1.0,-0.010841465727536196,-0.004165953956908724,0.002948834731293398,0.010377231893248986,-0.012929819069800562,0.04261000445688705,0.010377231893248986,-0.012929819069800562,0.04261000445688705
0.5593613820092287,1788408580.6118329,control,pre_takeoff_hold,1,1,0.009221365005942062,3.869208335876465,3869.0,0,30.0,0.5530732659972273,3.869208335876465,1,1,0,1.0854933711003192,0.03489182889461517,0.048907164484262466,0.04402448609471321,-0.0023618219420313835,-0.00056761025916785,-0.00933878868818283,-0.3354150950908661,0.05290859937667847,-0.7714975476264954,-0.014358111657202244,0.14225547015666962,0.0012671584263443947,-0.014290955579233308,0.009516303589918503,0.048300237497901105,0.034725699573755264,0.04896179586648941,0.04387912154197693,0.048616798040566116,0.0,0.0,0.0,0.00016612932085990906,-5.463138222694397e-05,0.00014536455273628235,-0.010618980730007915,-0.00433492680531906,0.00241200502805763,0.0,0.0,0.0,-0.014290955579233308,0.009516303589918503,0.048300237497901105,0.0,0.0,0.0,0.0,0.0,0.0,zero,0.0,0.0,0.0,0.0,0.001758170902672772,0.0030710178045528897,-0.006215628546052288,-0.40281515744349894,0.0073462160745056005,-0.7799920509113342,1,0.009927511215209961,0.03380580246448517,0.048168543726205826,0.0431186743080616,-0.010618980730007915,-0.00433492680531906,0.00241200502805763,0.008881252208935425,-0.00462093655471471,-0.04679289890020857,1,0.009793456003535539,1.0,-0.010618980730007915,-0.00433492680531906,0.00241200502805763,0.008881252208935425,-0.00462093655471471,-0.04679289890020857,0.008881252208935425,-0.00462093655471471,-0.04679289890020857
0.5704406570002902,1788408580.6226866,control,pre_takeoff_hold,1,1,0.010769795000669546,3.869208335876465,3869.0,0,30.0,0.5641525409882888,3.869208335876465,1,1,0,1.0854933711003192,0.03494325280189514,0.04894281551241875,0.04400928318500519,-0.0007847980596125126,0.0003117471351288259,-0.00779761141166091,-0.23445534706115723,0.06121674180030823,-0.5840913653373718,-0.01321111898869276,0.12390784174203873,0.0048723528161644936,-0.014369553618436776,0.00998916415142329,0.04847310949491871,0.034725699573755264,0.04896179586648941,0.04387912154197693,0.048616798040566116,0.0,0.0,0.0,0.00021755322813987732,-1.8980354070663452e-05,0.00013016164302825928,-0.01063068257883233,-0.004494571017349838,0.0010605703099942083,0.0,0.0,0.0,-0.014369553618436776,0.00998916415142329,0.04847310949491871,0.0,0.0,0.0,0.0,0.0,0.0,zero,0.0,0.0,0.0,0.0,0.0005239888944844138,0.0027255807552467757,-0.008077654834041511,-0.13256170380723337,-0.03710289366588556,-0.19999754949598847,1,0.011471033096313477,0.033686213195323944,0.047983475029468536,0.04304513335227966,-0.01063068257883233,-0.004494571017349838,0.0010605703099942083,-0.004285656328201703,-0.010022611740479205,-0.06573696053770334,1,0.008586449999711476,1.0,-0.01063068257883233,-0.004494571017349838,0.0010605703099942083,-0.004285656328201703,-0.010022611740479205,-0.06573696053770334,-0.004285656328201703,-0.010022611740479205,-0.06573696053770334
0.5815558809990762,1788408580.6338108,control,pre_takeoff_hold,1,1,0.0007500409992644563,3.869208335876465,3869.0,0,30.0,0.5752677649870748,3.869208335876465,1,1,0,1.0854933711003192,0.03495575487613678,0.04887031391263008,0.043920181691646576,0.0026744981296360493,-0.0031849073711782694,-0.011658616364002228,0.1401679515838623,-0.2118198275566101,-0.7916167378425598,0.04349755495786667,0.09092079848051071,0.03591913357377052,-0.014505019444493842,0.008934714636578224,0.04858733256738897,0.034725699573755264,0.04896179586648941,0.04387912154197693,0.048616798040566116,0.0,0.0,0.0,0.0002300553023815155,-9.148195385932922e-05,4.106014966964722e-05,-0.010720837075139916,-0.004767576730013278,0.0004322458803531213,0.0,0.0,0.0,-0.014505019444493842,0.008934714636578224,0.04858733256738897,0.0,0.0,0.0,0.0,0.0,0.0,zero,0.0,0.0,0.0,0.0,-0.001571565802346253,0.00032896612186658365,-0.008948703488879595,-0.3880217653004414,-0.4507640334986724,-0.16062164049392275,1,0.0012593269348144531,0.03377258777618408,0.04845166206359863,0.04383396357297897,-0.010720837075139916,-0.004767576730013278,0.0004322458803531213,-0.003228516145163342,-0.012138292567822749,-0.009981666379799333,1,0.007730685989372432,1.0,-0.010720837075139916,-0.004767576730013278,0.0004322458803531213,-0.003228516145163342,-0.012138292567822749,-0.009981666379799333,-0.003228516145163342,-0.012138292567822749,-0.009981666379799333
0.5927017890062416,1788408580.6450496,control,pre_takeoff_hold,1,1,0.011895949006429873,3.869208335876465,3869.0,0,30.0,0.5864136729942402,3.869208335876465,1,1,0,1.0854933711003192,0.03495575487613678,0.04887031391263008,0.043920181691646576,0.0026744981296360493,-0.0031849073711782694,-0.011658616364002228,0.1401679515838623,-0.2118198275566101,-0.7916167378425598,0.04349755495786667,0.09092079848051071,0.03591913357377052,-0.014505019444493842,0.008934714636578224,0.04858733256738897,0.034725699573755264,0.04896179586648941,0.04387912154197693,0.048616798040566116,0.0,0.0,0.0,0.0002300553023815155,-9.148195385932922e-05,4.106014966964722e-05,-0.010616138576154368,-0.00469997206826726,0.0013489588223267327,0.0,0.0,0.0,-0.014505019444493842,0.008934714636578224,0.04858733256738897,0.0,0.0,0.0,0.0,0.0,0.0,zero,0.0,0.0,0.0,0.0,-0.001571565802346253,0.00032896612186658365,-0.008948703488879595,-0.3880217653004414,-0.4507640334986724,-0.16062164049392275,1,0.012498140335083008,0.03384604677557945,0.048057496547698975,0.04399830102920532,-0.010616138576154368,-0.00469997206826726,0.0013489588223267327,0.008197082783196788,0.0054911913843452755,0.058280944796748016,1,0.006620416999794543,1.0,-0.010616138576154368,-0.00469997206826726,0.0013489588223267327,0.008197082783196788,0.0054911913843452755,0.058280944796748016,0.008197082783196788,0.0054911913843452755,0.058280944796748016
0.6038275489991065,1788408580.6561682,control,pre_takeoff_hold,1,1,0.004434917995240539,3.869208335876465,3869.0,0,30.0,0.5975394329871051,3.869208335876465,1,1,0,1.0854933711003192,0.03496042266488075,0.048897936940193176,0.043995294719934464,0.0021989040542393923,-0.0008785628015175462,-0.004142350517213345,0.09019620716571808,-0.06233367323875427,-0.27308225631713867,0.05007848143577576,0.0770416259765625,-0.005936719477176666,-0.014498636547025729,0.009298236788301207,0.04763810404854692,0.034725699573755264,0.04896179586648941,0.04387912154197693,0.048616798040566116,0.0,0.0,0.0,0.00023472309112548828,-6.385892629623413e-05,0.00011617317795753479,-0.010430295655557142,-0.004886644240748337,0.002588202825850788,0.0,0.0,0.0,-0.014498636547025729,0.009298236788301207,0.04763810404854692,0.0,0.0,0.0,0.0,0.0,0.0,zero,0.0,0.0,0.0,0.0,-0.0008171919141608066,-0.0016670570746553795,-0.00957730143876289,0.0780430526508211,-0.1687616231562073,-0.04776237488480644,1,0.004999399185180664,0.03371588513255119,0.04791514575481415,0.04407323896884918,-0.010430295655557142,-0.004886644240748337,0.002588202825850788,0.008021709389652432,-0.015269766375193429,0.059580754927814894,1,0.005479660991113633,1.0,-0.010430295655557142,-0.004886644240748337,0.002588202825850788,0.008021709389652432,-0.015269766375193429,0.059580754927814894,0.008021709389652432,-0.015269766375193429,0.059580754927814894
0.6149040029995376,1788408580.66719,control,pre_takeoff_hold,1,1,0.004569456999888644,3.869208335876465,3869.0,0,30.0,0.6086158869875362,3.869208335876465,1,1,0,1.0854933711003192,0.0349862240254879,0.04892044514417648,0.04400394856929779,0.002233816310763359,-0.00028874463168904185,-0.003154667094349861,0.07279928028583527,-0.039015475660562515,-0.20029442012310028,0.04670019447803497,0.05962090939283371,0.0030598249286413193,-0.014133928681051398,0.009194943429785335,0.048064108251023016,0.034725699573755264,0.04896179586648941,0.04387912154197693,0.048616798040566116,0.0,0.0,0.0,0.0002605244517326355,-4.1350722312927246e-05,0.00012482702732086182,-0.010314877035664322,-0.005309343741037971,0.003444964423218848,0.0,0.0,0.0,-0.014133928681051398,0.009194943429785335,0.048064108251023016,0.0,0.0,0.0,0.0,0.0,0.0,zero,0.0,0.0,0.0,0.0,-0.00010854369060745589,-0.002028464577916961,-0.00897190415881071,0.0651902899206631,-0.03324676353379972,0.05569198212248429,1,0.005150794982910156,0.03378712758421898,0.047897133976221085,0.04407038167119026,-0.010314877035664322,-0.005309343741037971,0.003444964423218848,0.0061916033121050245,-0.019148712641179257,0.033076113246574244,1,0.004386448999866843,1.0,-0.010314877035664322,-0.005309343741037971,0.003444964423218848,0.0061916033121050245,-0.019148712641179257,0.033076113246574244,0.0061916033121050245,-0.019148712641179257,0.033076113246574244
0.6260196180082858,1788408580.678342,control,pre_takeoff_hold,1,1,0.006549742000061087,3.869208335876465,3869.0,0,30.0,0.6197315019962844,3.869208335876465,1,1,0,1.0854933711003192,0.03492284566164017,0.04891223460435867,0.0440576896071434,0.00039951398503035307,-0.00041074861655943096,-0.001347184181213379,0.018081143498420715,-0.03388340771198273,-0.12066441774368286,0.024406224489212036,0.02886885218322277,-0.00863418448716402,-0.0147299486989227,0.008327730594431444,0.04757036163844482,0.034725699573755264,0.04896179586648941,0.04387912154197693,0.048616798040566116,0.0,0.0,0.0,0.00019714608788490295,-4.9561262130737305e-05,0.0001785680651664734,-0.010220338700910287,-0.005466969232630802,0.0038124213429536666,0.0,0.0,0.0,-0.0147299486989227,0.008327730594431444,0.04757036163844482,0.0,0.0,0.0,0.0,0.0,0.0,zero,0.0,0.0,0.0,0.0,0.0005270489934579085,-0.0020384052237064697,-0.007877334693751521,0.06957223595036521,-0.0010881071662800557,0.11981202269365879,1,0.00716710090637207,0.03369050845503807,0.04784727096557617,0.04410811886191368,-0.010220338700910287,-0.005466969232630802,0.0038124213429536666,0.002070936477611834,-0.001904773190754468,0.011890176466851036,1,0.003277723997598514,1.0,-0.010220338700910287,-0.005466969232630802,0.0038124213429536666,0.002070936477611834,-0.001904773190754468,0.011890176466851036,0.002070936477611834,-0.001904773190754468,0.011890176466851036
0.6371544910070952,1788408580.689399,control,pre_takeoff_hold,1,1,0.01768461499887053,3.869208335876465,3869.0,0,30.0,0.6308663749950938,3.869208335876465,1,1,0,1.0854933711003192,0.03492284566164017,0.04891223460435867,0.0440576896071434,0.00039951398503035307,-0.00041074861655943096,-0.001347184181213379,0.018081143498420715,-0.03388340771198273,-0.12066441774368286,0.024406224489212036,0.02886885218322277,-0.00863418448716402,-0.0147299486989227,0.008327730594431444,0.04757036163844482,0.034725699573755264,0.04896179586648941,0.04387912154197693,0.048616798040566116,0.0,0.0,0.0,0.00019714608788490295,-4.9561262130737305e-05,0.0001785680651664734,-0.010327979733208993,-0.005268309376493629,0.003944679337150393,0.0,0.0,0.0,-0.0147299486989227,0.008327730594431444,0.04757036163844482,0.0,0.0,0.0,0.0,0.0,0.0,zero,0.0,0.0,0.0,0.0,0.0005270489934579085,-0.0020384052237064697,-0.007877334693751521,0.06957223595036521,-0.0010881071662800557,0.11981202269365879,1,0.018224000930786133,0.033864084631204605,0.047939613461494446,0.044047627598047256,-0.010327979733208993,-0.005268309376493629,0.003944679337150393,-0.007342403818518219,0.014557767420550777,0.004767587010079394,1,0.002365816995734349,1.0,-0.010327979733208993,-0.005268309376493629,0.003944679337150393,-0.007342403818518219,0.014557767420550777,0.004767587010079394,-0.007342403818518219,0.014557767420550777,0.004767587010079394
0.6482390760065755,1788408580.7006526,control,pre_takeoff_hold,1,1,0.005442249996121973,3.869208335876465,3869.0,0,30.0,0.6419509599945741,3.869208335876465,1,1,0,1.0854933711003192,0.03487015888094902,0.04889843985438347,0.044016286730766296,-0.01593242771923542,-0.0017300465842708945,-0.008730661123991013,-4.875385284423828,-0.41848766803741455,-2.334300994873047,-0.10580462217330933,-0.11394990980625153,0.10310263931751251,-0.01464629630182051,0.008130810200021947,0.04857658276705205,0.034725699573755264,0.04896179586648941,0.04387912154197693,0.048616798040566116,0.0,0.0,0.0,0.0001444593071937561,-6.335601210594177e-05,0.00013716518878936768,-0.010531281935961617,-0.004816590041375482,0.004051698033455459,0.0,0.0,0.0,-0.01464629630182051,0.008130810200021947,0.04857658276705205,0.0,0.0,0.0,0.0,0.0,0.0,zero,0.0,0.0,0.0,0.0,0.001192658275754452,-0.0001887612829410668,-0.0004950251502380265,0.48773972754491346,1.3637830156568471,5.4428606073315935,1,0.006221771240234375,0.03380248323082924,0.04792399704456329,0.04407445713877678,-0.010531281935961617,-0.004816590041375482,0.004051698033455459,-0.012080865738844425,0.02428687084538143,0.006336772596450163,1,0.001278466996154748,1.0,-0.010531281935961617,-0.004816590041375482,0.004051698033455459,-0.012080865738844425,0.02428687084538143,0.006336772596450163,-0.012080865738844425,0.02428687084538143,0.006336772596450163
0.6593973670096602,1788408580.7116647,control,pre_takeoff_hold,1,1,0.0015251779987011105,3.869208335876465,3869.0,0,30.0,0.6531092509976588,3.869208335876465,1,1,0,1.0854933711003192,0.034797552973032,0.04894033819437027,0.04398626089096069,-0.01371051650494337,-0.0008274151477962732,-0.007383424323052168,-3.8707902431488037,-0.32279860973358154,-1.8495427370071411,-0.07987222075462341,-0.07045860588550568,0.08527596294879913,-0.014285462424442362,0.009691930173722923,0.04876432505846811,0.034725699573755264,0.04896179586648941,0.04387912154197693,0.048616798040566116,0.0,0.0,0.0,7.18533992767334e-05,-2.1457672119140625e-05,0.00010713934898376465,-0.010915341282691908,-0.004474097716376378,0.0041898458921803515,0.0,0.0,0.0,-0.014285462424442362,0.009691930173722923,0.04876432505846811,0.0,0.0,0.0,0.0,0.0,0.0,zero,0.0,0.0,0.0,0.0,-0.00236300018792084,-0.00012214579235469893,-0.0008439610448114419,-0.23618631545582458,0.004424965849395264,-0.023178233824063706,1,0.002179384231567383,0.03373831510543823,0.047899145632982254,0.04409616068005562,-0.010915341282691908,-0.004474097716376378,0.0041898458921803515,-0.021275756926946204,0.01294730043963187,0.006751693946925582,1,0.00036778301000595093,1.0,-0.010915341282691908,-0.004474097716376378,0.0041898458921803515,-0.021275756926946204,0.01294730043963187,0.006751693946925582,-0.021275756926946204,0.01294730043963187,0.006751693946925582
0.6704346190090291,1788408580.7226403,control,pre_takeoff_hold,1,1,0.0008109140035230666,3.869208335876465,3869.0,0,30.0,0.6641465029970277,3.869208335876465,1,1,0,1.0854933711003192,0.034815236926078796,0.0490010604262352,0.04392174258828163,-0.007593299262225628,0.0004052664153277874,-0.007252298295497894,-2.2148373126983643,-0.2037419080734253,-1.2048053741455078,-0.08884668350219727,-0.08092793077230453,0.04069070518016815,-0.015039940264152025,0.008939607028545878,0.04886974882752545,0.034725699573755264,0.04896179586648941,0.04387912154197693,0.048616798040566116,0.0,0.0,0.0,8.95373523235321e-05,3.9264559745788574e-05,4.262104630470276e-05,-0.011134977027543014,-0.004428200565499222,0.004159340367707088,0.0,0.0,0.0,-0.015039940264152025,0.008939607028545878,0.04886974882752545,0.0,0.0,0.0,0.0,0.0,0.0,zero,0.0,0.0,0.0,0.0,-0.007785449538060238,-0.00017257646032262965,-0.0022265762291348475,-0.27211549206327296,-0.00977552882615029,-0.11354726643150517,1,0.0014073848724365234,0.03375796228647232,0.04790486395359039,0.04354413226246834,-0.011134977027543014,-0.004428200565499222,0.004159340367707088,-0.02196357448511491,0.004589715087716499,-0.0030505524473269613,1,0.00015221801004372537,1.0,-0.011134977027543014,-0.004428200565499222,0.004159340367707088,-0.02196357448511491,0.004589715087716499,-0.0030505524473269613,-0.02196357448511491,0.004589715087716499,-0.0030505524473269613
0.6816758870118065,1788408580.7339294,control,pre_takeoff_hold,1,1,0.012052182006300427,3.869208335876465,3869.0,0,30.0,0.6753877709998051,3.869208335876465,1,1,0,1.0854933711003192,0.034815236926078796,0.0490010604262352,0.04392174258828163,-0.007593299262225628,0.0004052664153277874,-0.007252298295497894,-2.2148373126983643,-0.2037419080734253,-1.2048053741455078,-0.08884668350219727,-0.08092793077230453,0.04069070518016815,-0.015039940264152025,0.008939607028545878,0.04886974882752545,0.034725699573755264,0.04896179586648941,0.04387912154197693,0.048616798040566116,0.0,0.0,0.0,8.95373523235321e-05,3.9264559745788574e-05,4.262104630470276e-05,-0.011326462583497702,-0.004441211725646609,0.0038589168687620237,0.0,0.0,0.0,-0.015039940264152025,0.008939607028545878,0.04886974882752545,0.0,0.0,0.0,0.0,0.0,0.0,zero,0.0,0.0,0.0,0.0,-0.007785449538060238,-0.00017257646032262965,-0.0022265762291348475,-0.27211549206327296,-0.00977552882615029,-0.11354726643150517,1,0.012696504592895508,0.03376595675945282,0.04790763929486275,0.043269433081150055,-0.011326462583497702,-0.004441211725646609,0.0038589168687620237,-0.01914855559546585,-0.001301116014738491,-0.03004234989450173,1,0.009239952007192187,1.0,-0.011326462583497702,-0.004441211725646609,0.0038589168687620237,-0.01914855559546585,-0.001301116014738491,-0.03004234989450173,-0.01914855559546585,-0.001301116014738491,-0.03004234989450173
0.6926837190112565,1788408580.7449646,control,pre_takeoff_hold,1,1,0.004672324008424766,3.869208335876465,3869.0,0,30.0,0.6863956029992551,3.869208335876465,1,1,0,1.0854933711003192,0.0347880981862545,0.04896821826696396,0.04398093745112419,-0.006369182839989662,-3.2230862416327e-05,-0.005159382708370686,-1.7585842609405518,-0.1677418053150177,-0.9411293864250183,-0.06607723236083984,-0.07351439446210861,0.024616550654172897,-0.014585372338640929,0.008120622773838128,0.048150563205131586,0.034725699573755264,0.04896179586648941,0.04387912154197693,0.048616798040566116,0.0,0.0,0.0,6.239861249923706e-05,6.42240047454834e-06,0.00010181590914726257,-0.011643808840850055,-0.004575276932026527,0.0029453340982028434,0.0,0.0,0.0,-0.014585372338640929,0.008120622773838128,0.048150563205131586,0.0,0.0,0.0,0.0,0.0,0.0,zero,0.0,0.0,0.0,0.0,-0.008487285190347148,-0.00023656312014244004,-0.004498328058172455,-0.03808313496939854,-0.003472055878350648,-0.1232702146724938,1,0.0053026676177978516,0.033767834305763245,0.04790594056248665,0.043875087052583694,-0.011643808840850055,-0.004575276932026527,0.0029453340982028434,-0.015083950384824145,-0.008451270928349904,-0.04119961254112918,1,0.00843866600189358,1.0,-0.011643808840850055,-0.004575276932026527,0.0029453340982028434,-0.015083950384824145,-0.008451270928349904,-0.04119961254112918,-0.015083950384824145,-0.008451270928349904,-0.04119961254112918
0.7038126210100017,1788408580.7560453,control,pre_takeoff_hold,1,1,0.0012394700024742633,3.869208335876465,3869.0,0,30.0,0.6975245049980003,3.869208335876465,1,1,0,1.0854933711003192,0.03472842648625374,0.0490044429898262,0.043986283242702484,-0.005501937586814165,0.0009588374523445964,-0.0033026193268597126,-1.1016044616699219,-0.07895366102457047,-0.5586129426956177,-0.031838223338127136,-0.017339656129479408,0.0077809845097362995,-0.014125433695960083,0.009170468567750417,0.04781289040351573,0.034725699573755264,0.04896179586648941,0.04387912154197693,0.048616798040566116,0.0,0.0,0.0,2.726912498474121e-06,4.264712333679199e-05,0.00010716170072555542,-0.01193761481767932,-0.004776863450519975,0.002692018681624414,0.0,0.0,0.0,-0.014125433695960083,0.009170468567750417,0.04781289040351573,0.0,0.0,0.0,0.0,0.0,0.0,zero,0.0,0.0,0.0,0.0,-0.008731363070528707,-0.00014691299623429774,-0.006905344694005933,0.016855966696026906,0.011810970871879753,-0.08204972934676802,1,0.001783609390258789,0.033799827098846436,0.04791878163814545,0.044013746082782745,-0.01193761481767932,-0.004776863450519975,0.002692018681624414,-0.013772848027170553,-0.009733808612375846,-0.004432415456032472,1,0.007325217011384666,1.0,-0.01193761481767932,-0.004776863450519975,0.002692018681624414,-0.013772848027170553,-0.009733808612375846,-0.004432415456032472,-0.013772848027170553,-0.009733808612375846,-0.004432415456032472
0.7149027740088059,1788408580.7671916,control,pre_takeoff_hold,1,1,0.012329623001278378,3.869208335876465,3869.0,0,30.0,0.7086146579968045,3.869208335876465,1,1,0,1.0854933711003192,0.03472842648625374,0.0490044429898262,0.043986283242702484,-0.005501937586814165,0.0009588374523445964,-0.0033026193268597126,-1.1016044616699219,-0.07895366102457047,-0.5586129426956177,-0.031838223338127136,-0.017339656129479408,0.0077809845097362995,-0.014125433695960083,0.009170468567750417,0.04781289040351573,0.034725699573755264,0.04896179586648941,0.04387912154197693,0.048616798040566116,0.0,0.0,0.0,2.726912498474121e-06,4.264712333679199e-05,0.00010716170072555542,-0.011976608377612911,-0.004724196233645587,0.002693550054411544,0.0,0.0,0.0,-0.014125433695960083,0.009170468567750417,0.04781289040351573,0.0,0.0,0.0,0.0,0.0,0.0,zero,0.0,0.0,0.0,0.0,-0.008731363070528707,-0.00014691299623429774,-0.006905344694005933,0.016855966696026906,0.011810970871879753,-0.08204972934676802,1,0.012929916381835938,0.033812426030635834,0.0479322150349617,0.04323478788137436,-0.011976608377612911,-0.004724196233645587,0.002693550054411544,0.0025403513034620074,0.008165465121242187,-0.006082569888476992,1,0.005857003008713946,1.0,-0.011976608377612911,-0.004724196233645587,0.002693550054411544,0.0025403513034620074,0.008165465121242187,-0.006082569888476992,0.0025403513034620074,0.008165465121242187,-0.006082569888476992
0.7260367740091169,1788408580.7782505,control,pre_takeoff_hold,1,1,0.004405373998451978,3.869208335876465,3869.0,0,30.0,0.7197486579971155,3.869208335876465,1,1,0,1.0854933711003192,0.03465905413031578,0.04902524873614311,0.044088639318943024,-0.005645065568387508,0.0011290693655610085,-0.0010345660848543048,-0.7370501756668091,-0.04160735756158829,-0.3244021534919739,0.04439167678356171,0.004600679501891136,-0.007254078984260559,-0.013564534109176768,0.009359191449383466,0.04797371251401876,0.034725699573755264,0.04896179586648941,0.04387912154197693,0.048616798040566116,0.0,0.0,0.0,-6.664544343948364e-05,6.345286965370178e-05,0.00020951777696609497,-0.011833573646590444,-0.004223497029083249,0.0015637637280918907,0.0,0.0,0.0,-0.013564534109176768,0.009359191449383466,0.04797371251401876,0.0,0.0,0.0,0.0,0.0,0.0,zero,0.0,0.0,0.0,0.0,-0.006822142113855188,0.0005159211827498855,-0.00536789073650569,0.21334094585295743,0.07373572229109084,0.1812449961254002,1,0.004953145980834961,0.033672112971544266,0.04841949790716171,0.043092936277389526,-0.011833573646590444,-0.004223497029083249,0.0015637637280918907,0.005901453858973277,0.029988624600628382,-0.0704061474876051,1,0.00426857901038602,1.0,-0.011833573646590444,-0.004223497029083249,0.0015637637280918907,0.005901453858973277,0.029988624600628382,-0.0704061474876051,0.005901453858973277,0.029988624600628382,-0.0704061474876051
0.73720374100958,1788408580.7894726,control,pre_takeoff_hold,1,1,0.0044320989982225,3.869208335876465,3869.0,0,30.0,0.7309156249975786,3.869208335876465,1,1,0,1.0854933711003192,0.0346379280090332,0.04901743680238724,0.04412929713726044,-0.00489435438066721,0.0007633685600012541,-9.960040915757418e-05,-0.5761972665786743,-0.03983442485332489,-0.2427794635295868,0.023996099829673767,0.006955595687031746,0.006042298395186663,-0.014201480026255627,0.009551251163511475,0.04863264744169948,0.034725699573755264,0.04896179586648941,0.04387912154197693,0.048616798040566116,0.0,0.0,0.0,-8.777156472206116e-05,5.564093589782715e-05,0.0002501755952835083,-0.011835903709356655,-0.0039022186732046655,0.00018619879140581203,0.0,0.0,0.0,-0.014201480026255627,0.009551251163511475,0.04863264744169948,0.0,0.0,0.0,0.0,0.0,0.0,zero,0.0,0.0,0.0,0.0,-0.006107943191015982,0.0007511307198404332,-0.004197315205879609,0.06395318955721976,0.02106191934792982,0.10481959074310622,1,0.005007743835449219,0.03378692641854286,0.04849616438150406,0.04299638047814369,-0.011835903709356655,-0.0039022186732046655,0.00018619879140581203,-0.0006405917685228687,0.007743930755078617,-0.06426588386799667,1,0.0032515030034119263,1.0,-0.011835903709356655,-0.0039022186732046655,0.00018619879140581203,-0.0006405917685228687,0.007743930755078617,-0.06426588386799667,-0.0006405917685228687,0.007743930755078617,-0.06426588386799667
0.7482696060033049,1788408580.800717,control,pre_takeoff_hold,1,1,0.0008238959999289364,3.869208335876465,3869.0,0,30.0,0.7419814899913035,3.869208335876465,1,1,0,1.0854933711003192,0.03464820235967636,0.048969097435474396,0.04413812980055809,-0.0037744976580142975,-5.2624265663325787e-05,4.1522645915392786e-05,-0.445591002702713,-0.043064702302217484,-0.19228705763816833,0.016792260110378265,0.00971367210149765,-0.0008274284191429615,-0.01438075954249015,0.009847696800118278,0.048215787965868985,0.034725699573755264,0.04896179586648941,0.04387912154197693,0.048616798040566116,0.0,0.0,0.0,-7.74972140789032e-05,7.3015689849853516e-06,0.0002590082585811615,-0.011875343576440753,-0.003894462240203141,-0.0006173578481167815,0.0,0.0,0.0,-0.01438075954249015,0.009847696800118278,0.048215787965868985,0.0,0.0,0.0,0.0,0.0,0.0,zero,0.0,0.0,0.0,0.0,-0.005453858109785024,0.0008185370874022243,-0.0026344516934686626,0.04487791255741494,0.004624867859022276,0.10723077786326546,1,0.0016775131225585938,0.03380444645881653,0.04884785786271095,0.04378947988152504,-0.011875343576440753,-0.003894462240203141,-0.0006173578481167815,-0.0028692692350207483,0.0026438046574382584,-0.027871936860628423,1,0.0018844010046450421,1.0,-0.011875343576440753,-0.003894462240203141,-0.0006173578481167815,-0.0028692692350207483,0.0026438046574382584,-0.027871936860628423,-0.0028692692350207483,0.0026438046574382584,-0.027871936860628423
0.7593588540039491,1788408580.8116193,control,pre_takeoff_hold,1,1,0.010094215991557576,3.869208335876465,3869.0,0,30.0,0.7530707379919477,3.869208335876465,1,1,0,1.0854933711003192,0.034689851105213165,0.048924487084150314,0.04417409747838974,0.0012224654201418161,-0.004585812333971262,0.003696646075695753,0.15248450636863708,-0.4961720407009125,0.21845684945583344,0.03479950129985809,0.07424402981996536,-0.027962157502770424,-0.014173811070094603,0.010496439251518521,0.04793845127379325,0.034725699573755264,0.04896179586648941,0.04387912154197693,0.048616798040566116,0.0,0.0,0.0,-3.5848468542099e-05,-3.730878233909607e-05,0.0002949759364128113,-0.011900135350253173,-0.003463529783166133,0.00011308459797994389,0.0,0.0,0.0,-0.014173811070094603,0.010496439251518521,0.04793845127379325,0.0,0.0,0.0,0.0,0.0,0.0,zero,0.0,0.0,0.0,0.0,-0.004856366936210965,0.0008655441300692502,-0.0012263032135331874,0.30428115824263846,0.023939027086750532,0.7171203013583394,1,0.010616064071655273,0.03378599137067795,0.0489017479121685,0.04392533004283905,-0.011900135350253173,-0.003463529783166133,0.00011308459797994389,-0.00010499295290572221,0.026071891898281397,0.0564021414766542,1,0.0006494569970527664,1.0,-0.011900135350253173,-0.003463529783166133,0.00011308459797994389,-0.00010499295290572221,0.026071891898281397,0.0564021414766542,-0.00010499295290572221,0.026071891898281397,0.0564021414766542
0.7704800140054431,1788408580.8226945,control,pre_takeoff_hold,1,1,0.0006448530039051548,3.869208335876465,3869.0,0,30.0,0.7641918979934417,3.869208335876465,1,1,0,1.0854933711003192,0.0346699133515358,0.04902965947985649,0.044216338545084,-0.0003442065208218992,-0.0006826252210885286,0.003833708819001913,0.03997331112623215,-0.21748217940330505,0.1634989082813263,0.018704921007156372,0.007926419377326965,-0.03415006026625633,-0.01501787161852264,0.008300071502608579,0.04787650232737658,0.034725699573755264,0.04896179586648941,0.04387912154197693,0.048616798040566116,0.0,0.0,0.0,-5.578622221946716e-05,6.786361336708069e-05,0.0003372170031070709,-0.011900135350253173,-0.003463529783166133,0.00011308459797994389,0.0,0.0,0.0,-0.01501787161852264,0.008300071502608579,0.04787650232737658,0.0,0.0,0.0,0.0,0.0,0.0,zero,0.0,0.0,0.0,0.0,-0.0017963371489902614,-0.0012111726374441569,0.0018300412710691694,0.2633108723672677,-0.17745867784770702,0.2576373949720622,1,0.001233816146850586,0.03378599137067795,0.0489017479121685,0.04392533004283905,-0.011900135350253173,-0.003463529783166133,0.00011308459797994389,-0.00010499295290572221,0.026071891898281397,0.0564021414766542,1,0.011770616998546757,1.0,-0.011900135350253173,-0.003463529783166133,0.00011308459797994389,-0.00010499295290572221,0.026071891898281397,0.0564021414766542,-0.00010499295290572221,0.026071891898281397,0.0564021414766542
0.781560592004098,1788408580.8338375,control,pre_takeoff_hold,1,1,0.0018696939951041713,3.869208335876465,3869.0,0,30.0,0.7752724759920966,3.869208335876465,1,1,0,1.0854933711003192,0.034672100096940994,0.04901186004281044,0.044175151735544205,-0.00023069343296810985,-0.000909714843146503,0.00222558481618762,0.03429754450917244,-0.17862483859062195,0.09794767200946808,0.001180785708129406,0.020988574251532555,-0.02360346168279648,-0.01569109410179719,0.009019792057978485,0.04804741350699326,0.034725699573755264,0.04896179586648941,0.04387912154197693,0.048616798040566116,0.0,0.0,0.0,-5.359947681427002e-05,5.006417632102966e-05,0.000296030193567276,-0.011900135350253173,-0.003463529783166133,0.00011308459797994389,0.0,0.0,0.0,-0.01569109410179719,0.009019792057978485,0.04804741350699326,0.0,0.0,0.0,0.0,0.0,0.0,zero,0.0,0.0,0.0,0.0,-0.0007794301433660393,-0.0017295420812973572,0.0027662885281073686,0.10387261023130137,-0.0529491751943708,0.09563356911948631,1,0.002586841583251953,0.03378599137067795,0.0489017479121685,0.04392533004283905,-0.011900135350253173,-0.003463529783166133,0.00011308459797994389,-0.00010499295290572221,0.026071891898281397,0.0564021414766542,1,0.022851194997201674,1.0,-0.011900135350253173,-0.003463529783166133,0.00011308459797994389,-0.00010499295290572221,0.026071891898281397,0.0564021414766542,-0.00010499295290572221,0.026071891898281397,0.0564021414766542
0.792662312000175,1788408580.8448837,control,pre_takeoff_hold,1,1,0.00016771999071352184,3.869208335876465,3869.0,0,30.0,0.7863741959881736,3.869208335876465,1,1,0,1.0854933711003192,0.03460042178630829,0.04900984838604927,0.04406403377652168,-0.0013087186962366104,-0.0007593216141685843,3.775360528379679e-05,0.010530868545174599,-0.1405411809682846,0.04404537007212639,0.019569404423236847,0.019726533442735672,-0.015104396268725395,-0.01450138086963913,0.009210590463213363,0.04828548548400539,0.034725699573755264,0.04896179586648941,0.04387912154197693,0.048616798040566116,0.0,0.0,0.0,-0.0001252777874469757,4.805251955986023e-05,0.00018491223454475403,-0.011856784046857222,-0.0034365827268477843,0.0015247582447153985,0.0,0.0,0.0,-0.01450138086963913,0.009210590463213363,0.04828548548400539,0.0,0.0,0.0,0.0,0.0,0.0,zero,0.0,0.0,0.0,0.0,-0.0002625669434494579,-0.0017609630569928245,0.003038047439284941,0.04052948058223031,-0.002463854699908411,0.021309792446815936,1,0.0008802413940429688,0.03378577157855034,0.04801993817090988,0.04403664171695709,-0.011856784046857222,-0.0034365827268477843,0.0015247582447153985,0.0026003029449772025,-0.012692134828337176,0.06899856614489068,1,0.009551577997626737,1.0,-0.011856784046857222,-0.0034365827268477843,0.0015247582447153985,0.0026003029449772025,-0.012692134828337176,0.06899856614489068,0.0026003029449772025,-0.012692134828337176,0.06899856614489068
0.8039155250007752,1788408580.8562224,control,pre_takeoff_hold,1,1,0.0034685680002439767,3.869208335876465,3869.0,0,30.0,0.7976274089887738,3.869208335876465,1,1,0,1.0854933711003192,0.034688230603933334,0.04903455451130867,0.0440107062458992,0.0011658620787784457,1.5152501873672009e-05,-0.0013136842753738165,0.07078567892313004,-0.09291571378707886,0.0011792145669460297,-0.029947107657790184,0.004533365368843079,-0.01443032082170248,-0.016311738010309124,0.0087628761587043,0.04819923956023678,0.034725699573755264,0.04896179586648941,0.04387912154197693,0.048616798040566116,0.0,0.0,0.0,-3.746896982192993e-05,7.275864481925964e-05,0.00013158470392227173,-0.011824945258224341,-0.004003670745305727,0.0024118714313636803,0.0,0.0,0.0,-0.016311738010309124,0.0087628761587043,0.04819923956023678,0.0,0.0,0.0,0.0,0.0,0.0,zero,0.0,0.0,0.0,0.0,3.7631142921846497e-05,-0.0016677018205159269,0.0029328471554393772,0.03782396690977522,0.011750607624140033,-0.013254888141265414,1,0.004282236099243164,0.03377330303192139,0.04871191829442978,0.044042788445949554,-0.011824945258224341,-0.004003670745305727,0.0024118714313636803,0.0010577875882768633,-0.025463947401330796,0.034115412040636825,1,0.008021818997804075,1.0,-0.011824945258224341,-0.004003670745305727,0.0024118714313636803,0.0010577875882768633,-0.025463947401330796,0.034115412040636825,0.0010577875882768633,-0.025463947401330796,0.034115412040636825
0.8149986659991555,1788408580.867262,control,pre_takeoff_hold,1,1,0.014551708998624235,3.869208335876465,3869.0,0,30.0,0.8087105499871541,3.869208335876465,1,1,0,1.0854933711003192,0.034688230603933334,0.04903455451130867,0.0440107062458992,0.0011658620787784457,1.5152501873672009e-05,-0.0013136842753738165,0.07078567892313004,-0.09291571378707886,0.0011792145669460297,-0.029947107657790184,0.004533365368843079,-0.01443032082170248,-0.016311738010309124,0.0087628761587043,0.04819923956023678,0.034725699573755264,0.04896179586648941,0.04387912154197693,0.048616798040566116,0.0,0.0,0.0,-3.746896982192993e-05,7.275864481925964e-05,0.00013158470392227173,-0.011844047057787873,-0.004097672908677286,0.0025301357172661408,0.0,0.0,0.0,-0.016311738010309124,0.0087628761587043,0.04819923956023678,0.0,0.0,0.0,0.0,0.0,0.0,zero,0.0,0.0,0.0,0.0,3.7631142921846497e-05,-0.0016677018205159269,0.0029328471554393772,0.03782396690977522,0.011750607624140033,-0.013254888141265414,1,0.015321731567382812,0.033651918172836304,0.048676613718271255,0.04406018555164337,-0.011844047057787873,-0.004097672908677286,0.0025301357172661408,-0.0019101799563536039,-0.009400216337157818,0.011826428590248395,1,0.006806138000683859,1.0,-0.011844047057787873,-0.004097672908677286,0.0025301357172661408,-0.0019101799563536039,-0.009400216337157818,0.011826428590248395,-0.0019101799563536039,-0.009400216337157818,0.011826428590248395
0.8261176280066138,1788408580.878388,control,pre_takeoff_hold,1,1,0.0037915430002612993,3.869208335876465,3869.0,0,30.0,0.8198295119946124,3.869208335876465,1,1,0,1.0854933711003192,0.03470725193619728,0.04897468537092209,0.043970946222543716,0.001836457522585988,-0.001600579358637333,-0.0007994905463419855,0.07636366784572601,-0.10487612336874008,0.02680029533803463,-0.019651077687740326,0.012780684046447277,0.00030823610723018646,-0.01558265114212858,0.01035417980015512,0.04853575227565954,0.034725699573755264,0.04896179586648941,0.04387912154197693,0.048616798040566116,0.0,0.0,0.0,-1.84476375579834e-05,1.2889504432678223e-05,9.182468056678772e-05,-0.011844047057787873,-0.004097672908677286,0.0025301357172661408,0.0,0.0,0.0,-0.01558265114212858,0.01035417980015512,0.04853575227565954,0.0,0.0,0.0,0.0,0.0,0.0,zero,0.0,0.0,0.0,0.0,0.000465479576778409,-0.0008285540855239274,0.0006272241637758089,0.029845630258443313,0.05359997874449195,-0.15439773830508408,1,0.004444122314453125,0.033651918172836304,0.048676613718271255,0.04406018555164337,-0.011844047057787873,-0.004097672908677286,0.0025301357172661408,-0.0019101799563536039,-0.009400216337157818,0.011826428590248395,1,0.01792510000814218,1.0,-0.011844047057787873,-0.004097672908677286,0.0025301357172661408,-0.0019101799563536039,-0.009400216337157818,0.011826428590248395,-0.0019101799563536039,-0.009400216337157818,0.011826428590248395
0.8372396060003666,1788408580.8895178,control,pre_takeoff_hold,1,1,0.006038099993020296,3.869208335876465,3869.0,0,30.0,0.8309514899883652,3.869208335876465,1,1,0,1.0854933711003192,0.0347822830080986,0.04895554110407829,0.0439494289457798,0.003151696640998125,-0.0017097631935030222,-0.001122105517424643,0.09058444947004318,-0.08634928613901138,0.014205772429704666,0.005281070247292519,-0.012186622247099876,0.0012801995035260916,-0.014645483865364432,0.009355581851150846,0.04859694500832576,0.034725699573755264,0.04896179586648941,0.04387912154197693,0.048616798040566116,0.0,0.0,0.0,5.658343434333801e-05,-6.254762411117554e-06,7.03074038028717e-05,-0.011878700418561122,-0.0038543839125052912,0.0022361295099451025,0.0,0.0,0.0,-0.014645483865364432,0.009355581851150846,0.04859694500832576,0.0,0.0,0.0,0.0,0.0,0.0,zero,0.0,0.0,0.0,0.0,0.0007474427063985389,-0.0006689815367781509,-0.00019065566379141829,0.03161967494835114,0.017894652144126118,-0.09171799990066123,1,0.006656646728515625,0.03375111520290375,0.04888847842812538,0.0434909351170063,-0.011878700418561122,-0.0038543839125052912,0.0022361295099451025,0.00038422141998261067,0.018973839780279753,-0.023757481049366275,1,0.003215808988898061,1.0,-0.011878700418561122,-0.0038543839125052912,0.0022361295099451025,0.00038422141998261067,0.018973839780279753,-0.023757481049366275,0.00038422141998261067,0.018973839780279753,-0.023757481049366275
0.8483143630000995,1788408580.900763,control,pre_takeoff_hold,1,1,0.006798260990763083,3.869208335876465,3869.0,0,30.0,0.8420262469880981,3.869208335876465,1,1,0,1.0854933711003192,0.034767575562000275,0.0489453449845314,0.04391450062394142,0.002233922015875578,-0.0015670785214751959,-0.0015803065616637468,0.05453101545572281,-0.06629087030887604,0.0024097589775919914,-0.0010197986848652363,0.002946866676211357,0.012340428307652473,-0.014908327992517565,0.01001370240626536,0.04916633943676884,0.034725699573755264,0.04896179586648941,0.04387912154197693,0.048616798040566116,0.0,0.0,0.0,4.1875988245010376e-05,-1.6450881958007812e-05,3.53790819644928e-05,-0.011781883423802854,-0.0035688334655512633,0.0009681203687057194,0.0,0.0,0.0,-0.014908327992517565,0.01001370240626536,0.04916633943676884,0.0,0.0,0.0,0.0,0.0,0.0,zero,0.0,0.0,0.0,0.0,0.0011780046928826242,-0.0007334924824244202,-0.00077075923314354,0.04206633734353936,-0.006302784005775207,-0.05667669977516612,1,0.007666587829589844,0.033767327666282654,0.04813840985298157,0.04308563098311424,-0.011781883423802854,-0.0035688334655512633,0.0009681203687057194,0.0043834906820160256,0.005872874333329076,-0.07496102495713626,1,0.0019092639995506033,1.0,-0.011781883423802854,-0.0035688334655512633,0.0009681203687057194,0.0043834906820160256,0.005872874333329076,-0.07496102495713626,0.0043834906820160256,0.005872874333329076,-0.07496102495713626
0.8594738530082395,1788408580.9117632,control,pre_takeoff_hold,1,1,0.009628448999137618,3.869208335876465,3869.0,0,30.0,0.8531857369962381,3.869208335876465,1,1,0,1.0854933711003192,0.03483707457780838,0.04897378012537956,0.04401597008109093,0.0034527110401540995,-0.0005722026107832789,0.0011675131972879171,0.07283361256122589,-0.029190072789788246,0.06778047233819962,0.022199202328920364,0.0007755066035315394,-0.004167541861534119,-0.013953819306120965,0.009939243570890356,0.04858148532626624,0.034725699573755264,0.04896179586648941,0.04387912154197693,0.048616798040566116,0.0,0.0,0.0,0.00011137500405311584,1.1984258890151978e-05,0.0001368485391139984,-0.011781883423802854,-0.0035688334655512633,0.0009681203687057194,0.0,0.0,0.0,-0.013953819306120965,0.009939243570890356,0.04858148532626624,0.0,0.0,0.0,0.0,0.0,0.0,zero,0.0,0.0,0.0,0.0,0.001603222729568255,-0.0008378202691545986,-0.0011169071129577077,0.05095550733243874,-0.012501998605569399,-0.04148022733339284,1,0.010321855545043945,0.033767327666282654,0.04813840985298157,0.04308563098311424,-0.011781883423802854,-0.0035688334655512633,0.0009681203687057194,0.0043834906820160256,0.005872874333329076,-0.07496102495713626,1,0.013068754007690586,1.0,-0.011781883423802854,-0.0035688334655512633,0.0009681203687057194,0.0043834906820160256,0.005872874333329076,-0.07496102495713626,0.0043834906820160256,0.005872874333329076,-0.07496102495713626
0.8705735960102174,1788408580.9228644,control,pre_takeoff_hold,1,1,0.008558077999623492,3.869208335876465,3869.0,0,30.0,0.864285479998216,3.869208335876465,1,1,0,1.0854933711003192,0.034821078181266785,0.04900190234184265,0.044106367975473404,0.00250229868106544,-9.012583177536726e-07,0.002402573823928833,0.04282691702246666,-0.014070955105125904,0.07428862154483795,0.015467341989278793,-0.0026845126412808895,-0.006346082780510187,-0.014096701333000618,0.009733228770706984,0.04839893914250387,0.034725699573755264,0.04896179586648941,0.04387912154197693,0.048616798040566116,0.0,0.0,0.0,9.537860751152039e-05,4.010647535324097e-05,0.00022724643349647522,-0.011799353120667658,-0.0037444931712178942,0.00016260439312410207,0.0,0.0,0.0,-0.014096701333000618,0.009733228770706984,0.04839893914250387,0.0,0.0,0.0,0.0,0.0,0.0,zero,0.0,0.0,0.0,0.0,0.002075354295653832,-0.0008529335752523588,-0.0008785144267473696,0.03835341098851486,-0.0012277231216892607,0.0193657305032299,1,0.009113073348999023,0.0337648019194603,0.04801396653056145,0.043021827936172485,-0.011799353120667658,-0.0037444931712178942,0.00016260439312410207,-0.0017469696864808044,-0.017565970566666585,-0.08055159755817776,1,0.0007319410069612786,1.0,-0.011799353120667658,-0.0037444931712178942,0.00016260439312410207,-0.0017469696864808044,-0.017565970566666585,-0.08055159755817776,-0.0017469696864808044,-0.017565970566666585,-0.08055159755817776
0.8816833010059781,1788408580.9339814,control,pre_takeoff_hold,1,1,0.0017589280032552779,3.869208335876465,3869.0,0,30.0,0.8753951849939767,3.869208335876465,1,1,0,1.0854933711003192,0.034910134971141815,0.04898938536643982,0.04413839429616928,0.0036192405968904495,-0.00018321725656278431,0.002947796368971467,0.056684546172618866,-0.011008729226887226,0.078987717628479,0.03614318370819092,0.004005667753517628,-0.023079482838511467,-0.01337261574072191,0.010123824906234596,0.047693594913376,0.034725699573755264,0.04896179586648941,0.04387912154197693,0.048616798040566116,0.0,0.0,0.0,0.0001844353973865509,2.7589499950408936e-05,0.0002592727541923523,-0.011876117036109402,-0.004075612940741887,-0.0004908779497736135,0.0,0.0,0.0,-0.01337261574072191,0.010123824906234596,0.047693594913376,0.0,0.0,0.0,0.0,0.0,0.0,zero,0.0,0.0,0.0,0.0,0.0027063575900714574,-0.0006364326853671665,0.0002566722222570906,0.03879635677275004,0.01620427102633662,0.07962962803777898,1,0.00234222412109375,0.03376360237598419,0.04795154929161072,0.04352909326553345,-0.011876117036109402,-0.004075612940741887,-0.0004908779497736135,-0.007676391544173177,-0.03311197695239413,-0.06534823428976134,1,0.010460061996127479,1.0,-0.011876117036109402,-0.004075612940741887,-0.0004908779497736135,-0.007676391544173177,-0.03311197695239413,-0.06534823428976134,-0.007676391544173177,-0.03311197695239413,-0.06534823428976134
0.8926808130054269,1788408580.9449985,control,pre_takeoff_hold,1,1,0.003149936004774645,3.869208335876465,3869.0,0,30.0,0.8863926969934255,3.869208335876465,1,1,0,1.0854933711003192,0.03494945168495178,0.048945143818855286,0.044210754334926605,0.003723049070686102,-0.0010779029689729214,0.0038814889267086983,0.04753291234374046,-0.027641020715236664,0.08284534513950348,0.02611648105084896,-0.009835878387093544,-0.004776592366397381,-0.013499069492683707,0.009513148633126585,0.04835207497417644,0.034725699573755264,0.04896179586648941,0.04387912154197693,0.048616798040566116,0.0,0.0,0.0,0.00022375211119651794,-1.6652047634124756e-05,0.0003316327929496765,-0.011876117036109402,-0.004075612940741887,-0.0004908779497736135,0.0,0.0,0.0,-0.013499069492683707,0.009513148633126585,0.04835207497417644,0.0,0.0,0.0,0.0,0.0,0.0,zero,0.0,0.0,0.0,0.0,0.0029505496148988946,-0.0005450104356013014,0.0008985613216655269,0.02570499652407628,0.009623609182631871,0.06756877945050073,1,0.0038595199584960938,0.03376360237598419,0.04795154929161072,0.04352909326553345,-0.011876117036109402,-0.004075612940741887,-0.0004908779497736135,-0.007676391544173177,-0.03311197695239413,-0.06534823428976134,1,0.02145757399557624,1.0,-0.011876117036109402,-0.004075612940741887,-0.0004908779497736135,-0.007676391544173177,-0.03311197695239413,-0.06534823428976134,-0.007676391544173177,-0.03311197695239413,-0.06534823428976134
0.9038136610033689,1788408580.9564183,control,pre_takeoff_hold,1,1,0.014282784002716653,3.869208335876465,3869.0,0,30.0,0.8975255449913675,3.869208335876465,1,1,0,1.0854933711003192,0.03494945168495178,0.048945143818855286,0.044210754334926605,0.003723049070686102,-0.0010779029689729214,0.0038814889267086983,0.04753291234374046,-0.027641020715236664,0.08284534513950348,0.02611648105084896,-0.009835878387093544,-0.004776592366397381,-0.013499069492683707,0.009513148633126585,0.04835207497417644,0.034725699573755264,0.04896179586648941,0.04387912154197693,0.048616798040566116,0.0,0.0,0.0,0.00022375211119651794,-1.6652047634124756e-05,0.0003316327929496765,-0.012093625212878597,-0.004891560261879703,-0.0006563202712125194,0.0,0.0,0.0,-0.013499069492683707,0.009513148633126585,0.04835207497417644,0.0,0.0,0.0,0.0,0.0,0.0,zero,0.0,0.0,0.0,0.0,0.0029505496148988946,-0.0005450104356013014,0.0008985613216655269,0.02570499652407628,0.009623609182631871,0.06756877945050073,1,0.015279293060302734,0.03371205925941467,0.04789496958255768,0.04380778968334198,-0.012093625212878597,-0.004891560261879703,-0.0006563202712125194,-0.010275347915121124,-0.03765639924722669,0.013025138395334465,1,0.008532805004506372,1.0,-0.012093625212878597,-0.004891560261879703,-0.0006563202712125194,-0.010275347915121124,-0.03765639924722669,0.013025138395334465,-0.010275347915121124,-0.03765639924722669,0.013025138395334465
0.9148934900003951,1788408580.967177,control,pre_takeoff_hold,1,1,0.0027275689935777336,3.869208335876465,3869.0,0,30.0,0.9086053739883937,3.869208335876465,1,1,0,1.0854933711003192,0.03500378504395485,0.04900083690881729,0.044111911207437515,0.0036177877336740494,0.0012800779659301043,-0.00017340457998216152,0.03696349635720253,0.04942316561937332,-0.044816914945840836,0.015727359801530838,-0.007194068748503923,-0.023172039538621902,-0.015079302885053427,0.009158515954988936,0.047176197347302155,0.034725699573755264,0.04896179586648941,0.04387912154197693,0.048616798040566116,0.0,0.0,0.0,0.00027808547019958496,3.904104232788086e-05,0.00023278966546058655,-0.012145187367961184,-0.005436706710483136,0.0004532534957143936,0.0,0.0,0.0,-0.015079302885053427,0.009158515954988936,0.047176197347302155,0.0,0.0,0.0,0.0,0.0,0.0,zero,0.0,0.0,0.0,0.0,0.0034292383850126383,-0.0006509008844785188,0.0026319952299016973,0.027181169610724934,-0.005200492105769351,0.09720868999870444,1,0.0033173561096191406,0.033625707030296326,0.0478396937251091,0.04396991804242134,-0.012145187367961184,-0.005436706710483136,0.0004532534957143936,0.0011545123033590149,-0.021982451421054643,0.06936385675126476,1,0.0069504459970630705,1.0,-0.012145187367961184,-0.005436706710483136,0.0004532534957143936,0.0011545123033590149,-0.021982451421054643,0.06936385675126476,0.0011545123033590149,-0.021982451421054643,0.06936385675126476
0.9260066740098409,1788408580.978262,control,pre_takeoff_hold,1,1,0.013840753003023565,3.869208335876465,3869.0,0,30.0,0.9197185579978395,3.869208335876465,1,1,0,1.0854933711003192,0.03500378504395485,0.04900083690881729,0.044111911207437515,0.0036177877336740494,0.0012800779659301043,-0.00017340457998216152,0.03696349635720253,0.04942316561937332,-0.044816914945840836,0.015727359801530838,-0.007194068748503923,-0.023172039538621902,-0.015079302885053427,0.009158515954988936,0.047176197347302155,0.034725699573755264,0.04896179586648941,0.04387912154197693,0.048616798040566116,0.0,0.0,0.0,0.00027808547019958496,3.904104232788086e-05,0.00023278966546058655,-0.012145187367961184,-0.005436706710483136,0.0004532534957143936,0.0,0.0,0.0,-0.015079302885053427,0.009158515954988936,0.047176197347302155,0.0,0.0,0.0,0.0,0.0,0.0,zero,0.0,0.0,0.0,0.0,0.0034292383850126383,-0.0006509008844785188,0.0026319952299016973,0.027181169610724934,-0.005200492105769351,0.09720868999870444,1,0.014402389526367188,0.033625707030296326,0.0478396937251091,0.04396991804242134,-0.012145187367961184,-0.005436706710483136,0.0004532534957143936,0.0011545123033590149,-0.021982451421054643,0.06936385675126476,1,0.0180636300065089,1.0,-0.012145187367961184,-0.005436706710483136,0.0004532534957143936,0.0011545123033590149,-0.021982451421054643,0.06936385675126476,0.0011545123033590149,-0.021982451421054643,0.06936385675126476
0.9371024680003757,1788408580.9893165,control,pre_takeoff_hold,1,1,0.01049564199638553,3.869208335876465,3869.0,0,30.0,0.9308143519883743,3.869208335876465,1,1,0,1.0854933711003192,0.03501913323998451,0.04891575127840042,0.044098421931266785,0.003107241354882717,-0.00015680503565818071,-0.00032593560172244906,0.022485140711069107,0.01959664188325405,-0.037970446050167084,0.012704485096037388,-0.01539022009819746,-0.018668953329324722,-0.015070459421746675,0.008464220392836645,0.04717720375612048,0.034725699573755264,0.04896179586648941,0.04387912154197693,0.048616798040566116,0.0,0.0,0.0,0.00029343366622924805,-4.604458808898926e-05,0.00021930038928985596,-0.011943271536828174,-0.0056035224584462424,0.0019139911174042975,0.0,0.0,0.0,-0.015070459421746675,0.008464220392836645,0.04717720375612048,0.0,0.0,0.0,0.0,0.0,0.0,zero,0.0,0.0,0.0,0.0,0.0034962647744569073,-0.0004042184289651292,0.0023610938908274507,0.0046515280676338545,0.01711938200949125,-0.018800135181251343,1,0.01104736328125,0.03428337350487709,0.04841964691877365,0.04403724893927574,-0.011943271536828174,-0.0056035224584462424,0.0019139911174042975,0.015382360228982934,-0.0022257139488671925,0.06792600938831105,1,0.005248116998700425,1.0,-0.011943271536828174,-0.0056035224584462424,0.0019139911174042975,0.015382360228982934,-0.0022257139488671925,0.06792600938831105,0.015382360228982934,-0.0022257139488671925,0.06792600938831105
0.948295958005474,1788408581.0005143,control,pre_takeoff_hold,1,1,8.77639977261424e-05,3.869208335876465,3869.0,0,30.0,0.9420078419934725,3.869208335876465,1,1,0,1.0854933711003192,0.03501610830426216,0.04887755960226059,0.04398199915885925,0.0018872437067329884,-0.0012327725999057293,-0.002301572123542428,-0.008381073363125324,-0.017612271010875702,-0.06296497583389282,0.026492364704608917,-0.01635778695344925,-0.01184467040002346,-0.01453661804773581,0.008371199362632437,0.047249050093536665,0.034725699573755264,0.04896179586648941,0.04387912154197693,0.048616798040566116,0.0,0.0,0.0,0.00029040873050689697,-8.42362642288208e-05,0.00010287761688232422,-0.010923399226146765,-0.005230758164233311,0.002467769602930399,0.0,0.0,0.0,-0.01453661804773581,0.008371199362632437,0.047249050093536665,0.0,0.0,0.0,0.0,0.0,0.0,zero,0.0,0.0,0.0,0.0,0.0032847235957185698,1.7409884553720983e-05,0.0007288638718540323,-0.017131768763804553,0.01896272604005058,-0.09979993579293095,1,0.0005211830139160156,0.03447289392352104,0.04810463264584541,0.0440533272922039,-0.010923399226146765,-0.005230758164233311,0.002467769602930399,0.061728661796158595,0.021653616681998618,0.013240564701936066,1,0.004340364001109265,1.0,-0.010923399226146765,-0.005230758164233311,0.002467769602930399,0.061728661796158595,0.021653616681998618,0.013240564701936066,0.061728661796158595,0.021653616681998618,0.013240564701936066
0.9593238880042918,1788408581.0117567,control,pre_takeoff_hold,1,1,0.0038438589981524274,3.869208335876465,3869.0,0,30.0,0.9530357719922904,3.869208335876465,1,1,0,1.0854933711003192,0.03502337262034416,0.04888206347823143,0.0439993217587471,0.0017094489885494113,-0.0008624325855635107,-0.0013651595218107104,-0.011591407470405102,-0.003911311738193035,-0.02463541366159916,0.02976972609758377,0.01580432616174221,0.01444998662918806,-0.014216975790725443,0.009434774383791847,0.04810440725642817,0.034725699573755264,0.04896179586648941,0.04387912154197693,0.048616798040566116,0.0,0.0,0.0,0.0002976730465888977,-7.973238825798035e-05,0.00012020021677017212,-0.010923399226146765,-0.005230758164233311,0.002467769602930399,0.0,0.0,0.0,-0.014216975790725443,0.009434774383791847,0.04810440725642817,0.0,0.0,0.0,0.0,0.0,0.0,zero,0.0,0.0,0.0,0.0,0.0030923856599991075,4.2280229311333555e-05,2.212485773318471e-05,-0.02643176085776625,0.003417770928155481,-0.09712258031791643,1,0.004486799240112305,0.03447289392352104,0.04810463264584541,0.0440533272922039,-0.010923399226146765,-0.005230758164233311,0.002467769602930399,0.061728661796158595,0.021653616681998618,0.013240564701936066,1,0.015368293999927118,1.0,-0.010923399226146765,-0.005230758164233311,0.002467769602930399,0.061728661796158595,0.021653616681998618,0.013240564701936066,0.061728661796158595,0.021653616681998618,0.013240564701936066
0.9704364390054252,1788408581.022643,control,pre_takeoff_hold,1,1,0.002286018992890604,3.869208335876465,3869.0,0,30.0,0.9641483229934238,3.869208335876465,1,1,0,1.0854933711003192,0.03498862311244011,0.0488719679415226,0.04392870515584946,0.0008193425601348281,-0.0008492156630381942,-0.0022061923518776894,-0.023315660655498505,-0.0029205360915511847,-0.0329766683280468,0.0059966109693050385,0.0012981900945305824,0.016567109152674675,-0.0153434927315294,0.008720408300781069,0.048432399467055694,0.034725699573755264,0.04896179586648941,0.04387912154197693,0.048616798040566116,0.0,0.0,0.0,0.00026292353868484497,-8.982792496681213e-05,4.9583613872528076e-05,-0.009502929104064122,-0.005017865192875528,0.002055930642763687,0.0,0.0,0.0,-0.0153434927315294,0.008720408300781069,0.048432399467055694,0.0,0.0,0.0,0.0,0.0,0.0,zero,0.0,0.0,0.0,0.0,0.0026606688545767108,-0.00016551425674450647,-0.0007035296052311677,-0.03405396580690163,-0.016390898464294926,-0.05723986641019381,1,0.002695798873901367,0.03484833613038063,0.047941673547029495,0.0432271808385849,-0.009502929104064122,-0.005017865192875528,0.002055930642763687,0.07264320429696118,0.005507167473264559,-0.033289272842668687,1,0.001147820003097877,1.0,-0.009502929104064122,-0.005017865192875528,0.002055930642763687,0.07264320429696118,0.005507167473264559,-0.033289272842668687,0.07264320429696118,0.005507167473264559,-0.033289272842668687
0.9815449460002128,1788408581.033747,control,pre_takeoff_hold,1,1,0.006122795995906927,3.869208335876465,3869.0,0,30.0,0.9752568299882114,3.869208335876465,1,1,0,1.0854933711003192,0.03496342897415161,0.04887919872999191,0.04396747425198555,-3.613269655033946e-05,-0.00048087944742292166,-0.0007006996311247349,-0.04213626682758331,0.007774805184453726,0.014946093782782555,-0.0017772200517356396,-0.0061921291053295135,0.0056159477680921555,-0.015585346071234678,0.008452734933972939,0.04815826233309667,0.034725699573755264,0.04896179586648941,0.04387912154197693,0.048616798040566116,0.0,0.0,0.0,0.00023772940039634705,-8.259713649749756e-05,8.835271000862122e-05,-0.009502929104064122,-0.005017865192875528,0.002055930642763687,0.0,0.0,0.0,-0.015585346071234678,0.008452734933972939,0.04815826233309667,0.0,0.0,0.0,0.0,0.0,0.0,zero,0.0,0.0,0.0,0.0,0.0022336374556978207,-0.00034714140844868105,-0.0012410875400354526,-0.058611194883449194,-0.024928809480068922,-0.07378125580618972,1,0.006513833999633789,0.03484833613038063,0.047941673547029495,0.0432271808385849,-0.009502929104064122,-0.005017865192875528,0.002055930642763687,0.07264320429696118,0.005507167473264559,-0.033289272842668687,1,0.01225632699788548,1.0,-0.009502929104064122,-0.005017865192875528,0.002055930642763687,0.07264320429696118,0.005507167473264559,-0.033289272842668687,0.07264320429696118,0.005507167473264559,-0.033289272842668687
0.9926544300105888,1788408581.0448666,control,pre_takeoff_hold,1,1,0.017232280006282963,3.869208335876465,3869.0,0,30.0,0.9863663139985874,3.869208335876465,1,1,0,1.0854933711003192,0.03496342897415161,0.04887919872999191,0.04396747425198555,-3.613269655033946e-05,-0.00048087944742292166,-0.0007006996311247349,-0.04213626682758331,0.007774805184453726,0.014946093782782555,-0.0017772200517356396,-0.0061921291053295135,0.0056159477680921555,-0.015585346071234678,0.008452734933972939,0.04815826233309667,0.034725699573755264,0.04896179586648941,0.04387912154197693,0.048616798040566116,0.0,0.0,0.0,0.00023772940039634705,-8.259713649749756e-05,8.835271000862122e-05,-0.008795620064777066,-0.005072186123337308,0.0013399712208647942,0.0,0.0,0.0,-0.015585346071234678,0.008452734933972939,0.04815826233309667,0.0,0.0,0.0,0.0,0.0,0.0,zero,0.0,0.0,0.0,0.0,0.0022336374556978207,-0.00034714140844868105,-0.0012410875400354526,-0.058611194883449194,-0.024928809480068922,-0.07378125580618972,1,0.017633438110351562,0.0347754992544651,0.047885019332170486,0.04320051148533821,-0.008795620064777066,-0.005072186123337308,0.0013399712208647942,0.07073090392869454,-0.0054320930461771244,-0.07159594218987808,1,0.00023964099818840623,1.0,-0.008795620064777066,-0.005072186123337308,0.0013399712208647942,0.07073090392869454,-0.0054320930461771244,-0.07159594218987808,0.07073090392869454,-0.0054320930461771244,-0.07159594218987808
1.003780576007557,1788408581.0560439,control,pre_takeoff_hold,1,1,0.00215716399543453,3.869208335876465,3869.0,0,30.0,0.9974924599955557,3.869208335876465,1,1,0,1.0854933711003192,0.034857913851737976,0.04890137165784836,0.04397124424576759,-0.0018319713417440653,-0.0036044239532202482,0.0004313573008403182,-0.08132600784301758,-1.3423854112625122,0.03799458593130112,0.39273765683174133,0.24568775296211243,0.16308432817459106,-0.013704451803989302,0.008979155731888495,0.048640067151083086,0.034725699573755264,0.04896179586648941,0.04387912154197693,0.048616798040566116,0.0,0.0,0.0,0.0001322142779827118,-6.0424208641052246e-05,9.212270379066467e-05,-0.00825307971264767,-0.005196599367170465,0.0003349754275118828,0.0,0.0,0.0,-0.013704451803989302,0.008979155731888495,0.048640067151083086,0.0,0.0,0.0,0.0,0.0,0.0,zero,0.0,0.0,0.0,0.0,-0.000751945046508163,-0.0007983157117538481,-0.001488473279470378,-0.12533491534445879,-0.03783207312078536,-0.002949312715692883,1,0.0027234554290771484,0.03427711874246597,0.04788903146982193,0.043059300631284714,-0.00825307971264767,-0.005196599367170465,0.0003349754275118828,0.05425403521293114,-0.012441324383313765,-0.10049957933527544,1,0.010522912998567335,1.0,-0.00825307971264767,-0.005196599367170465,0.0003349754275118828,0.05425403521293114,-0.012441324383313765,-0.10049957933527544,0.05425403521293114,-0.012441324383313765,-0.10049957933527544
1.0148849149991293,1788408581.0670793,control,pre_takeoff_hold,1,1,0.01326150298700668,3.869208335876465,3869.0,0,30.0,1.0085967989871278,3.869208335876465,1,1,0,1.0854933711003192,0.034857913851737976,0.04890137165784836,0.04397124424576759,-0.0018319713417440653,-0.0036044239532202482,0.0004313573008403182,-0.08132600784301758,-1.3423854112625122,0.03799458593130112,0.39273765683174133,0.24568775296211243,0.16308432817459106,-0.013704451803989302,0.008979155731888495,0.048640067151083086,0.034725699573755264,0.04896179586648941,0.04387912154197693,0.048616798040566116,0.0,0.0,0.0,0.0001322142779827118,-6.0424208641052246e-05,9.212270379066467e-05,-0.008094306150489172,-0.005627761298492716,-0.0017404137027556995,0.0,0.0,0.0,-0.013704451803989302,0.008979155731888495,0.048640067151083086,0.0,0.0,0.0,0.0,0.0,0.0,zero,0.0,0.0,0.0,0.0,-0.000751945046508163,-0.0007983157117538481,-0.001488473279470378,-0.12533491534445879,-0.03783207312078536,-0.002949312715692883,1,0.01375889778137207,0.03393853083252907,0.047898225486278534,0.042967893183231354,-0.008094306150489172,-0.005627761298492716,-0.0017404137027556995,-0.00868399574208495,-0.024263966080066986,-0.09990168384297667,1,0.009407006989931688,1.0,-0.008094306150489172,-0.005627761298492716,-0.0017404137027556995,-0.00868399574208495,-0.024263966080066986,-0.09990168384297667,-0.00868399574208495,-0.024263966080066986,-0.09990168384297667
1.0260293309984263,1788408581.0782402,control,pre_takeoff_hold,1,1,0.0009107029909500852,3.869208335876465,3869.0,0,30.0,1.019741214986425,3.869208335876465,1,1,0,1.0854933711003192,0.034857917577028275,0.04890597611665726,0.04407903552055359,-0.0010637313826009631,-0.001988291507586837,0.002075903583317995,-0.03710794076323509,-0.8273022174835205,0.054408300668001175,0.22128871083259583,0.1508733332157135,0.10753734409809113,-0.01513578059889995,0.009026589549770677,0.048783747446197095,0.034725699573755264,0.04896179586648941,0.04387912154197693,0.048616798040566116,0.0,0.0,0.0,0.00013221800327301025,-5.581974983215332e-05,0.00019991397857666016,-0.008094306150489172,-0.005627761298492716,-0.0017404137027556995,0.0,0.0,0.0,-0.01513578059889995,0.009026589549770677,0.048783747446197095,0.0,0.0,0.0,0.0,0.0,0.0,zero,0.0,0.0,0.0,0.0,-0.0016313878238640041,-0.0024390288444019947,-0.00045050322013607516,-0.0408676727947476,-0.0825168313640646,0.06354169891463886,1,0.0015244483947753906,0.03393853083252907,0.047898225486278534,0.042967893183231354,-0.008094306150489172,-0.005627761298492716,-0.0017404137027556995,-0.00868399574208495,-0.024263966080066986,-0.09990168384297667,1,0.02055142298922874,1.0,-0.008094306150489172,-0.005627761298492716,-0.0017404137027556995,-0.00868399574208495,-0.024263966080066986,-0.09990168384297667,-0.00868399574208495,-0.024263966080066986,-0.09990168384297667
1.0371314250078285,1788408581.0893316,control,pre_takeoff_hold,1,1,0.005750459007686004,3.869208335876465,3869.0,0,30.0,1.030843308995827,3.869208335876465,1,1,0,1.0854933711003192,0.034816671162843704,0.048868510872125626,0.044157013297080994,-0.002126858336851001,-0.0027495436370372772,0.004072805400937796,-0.06257200241088867,-0.6853895783424377,0.10529670119285583,0.21340933442115784,0.11698193103075027,0.05965691804885864,-0.01396736435284605,0.008894042387202258,0.04793296733556497,0.034725699573755264,0.04896179586648941,0.04387912154197693,0.048616798040566116,0.0,0.0,0.0,9.097158908843994e-05,-9.328499436378479e-05,0.00027789175510406494,-0.009029811932380807,-0.006023353343686831,-0.0031367346244162405,0.0,0.0,0.0,-0.01396736435284605,0.008894042387202258,0.04793296733556497,0.0,0.0,0.0,0.0,0.0,0.0,zero,0.0,0.0,0.0,0.0,-0.0018489358458575109,-0.00290289919024233,9.26514481452734e-05,-0.03365406037101956,-0.0717594234145798,0.08402448263899728,1,0.006151676177978516,0.033881183713674545,0.04791846498847008,0.04349435493350029,-0.009029811932380807,-0.006023353343686831,-0.0031367346244162405,-0.05558713568247843,-0.016296805145810687,-0.055492973443612474,1,0.0077075010049156845,1.0,-0.009029811932380807,-0.006023353343686831,-0.0031367346244162405,-0.05558713568247843,-0.016296805145810687,-0.055492973443612474,-0.05558713568247843,-0.016296805145810687,-0.055492973443612474
1.0482008539984236,1788408581.1003845,control,pre_takeoff_hold,1,1,0.007526891989982687,3.869208335876465,3869.0,0,30.0,1.0419127379864221,3.869208335876465,1,1,0,1.0854933711003192,0.03485171124339104,0.04888174310326576,0.04421180859208107,-0.000945211504586041,-0.001914041698910296,0.004440899007022381,-0.024553945288062096,-0.5302789211273193,0.0921819806098938,0.14238959550857544,0.08331536501646042,0.050407957285642624,-0.015279193207677115,0.008420068293277912,0.04806420149371116,0.034725699573755264,0.04896179586648941,0.04387912154197693,0.048616798040566116,0.0,0.0,0.0,0.0001260116696357727,-8.005276322364807e-05,0.00033268705010414124,-0.009029811932380807,-0.006023353343686831,-0.0031367346244162405,0.0,0.0,0.0,-0.015279193207677115,0.008420068293277912,0.04806420149371116,0.0,0.0,0.0,0.0,0.0,0.0,zero,0.0,0.0,0.0,0.0,-0.0019349917541405075,-0.0030929781661791183,0.000855150705477358,-0.009287138565161604,-0.020513289826002173,0.0822887864408849,1,0.007938385009765625,0.033881183713674545,0.04791846498847008,0.04349435493350029,-0.009029811932380807,-0.006023353343686831,-0.0031367346244162405,-0.05558713568247843,-0.016296805145810687,-0.055492973443612474,1,0.018776929995510727,1.0,-0.009029811932380807,-0.006023353343686831,-0.0031367346244162405,-0.05558713568247843,-0.016296805145810687,-0.055492973443612474,-0.05558713568247843,-0.016296805145810687,-0.055492973443612474
1.0593453520123148,1788408581.111685,control,pre_takeoff_hold,1,1,0.010030938006821088,3.869208335876465,3869.0,0,30.0,1.0530572360003134,3.869208335876465,1,1,0,1.0854933711003192,0.03483254089951515,0.04896058887243271,0.04424561187624931,-0.0012033740058541298,0.00030807650182396173,0.0043412805534899235,-0.025665557011961937,-0.372385710477829,0.07142169028520584,0.12516608834266663,0.08928240835666656,0.04795587807893753,-0.014793968100346507,0.009394962726921714,0.04837664637485432,0.034725699573755264,0.04896179586648941,0.04387912154197693,0.048616798040566116,0.0,0.0,0.0,0.0001068413257598877,-1.2069940567016602e-06,0.00036649033427238464,-0.01014116705037486,-0.0061445048378503345,-0.002888482044208095,0.0,0.0,0.0,-0.014793968100346507,0.009394962726921714,0.04837664637485432,0.0,0.0,0.0,0.0,0.0,0.0,zero,0.0,0.0,0.0,0.0,-0.0019152454112943014,-0.0030343695598932367,0.0016894365759447532,0.00230272652112251,0.006834662656860417,0.09729053197778179,1,0.010663747787475586,0.03380538895726204,0.04789149388670921,0.04387349262833595,-0.01014116705037486,-0.0061445048378503345,-0.002888482044208095,-0.05274446982516381,-0.003303584220664024,0.03371530345496773,1,0.005757936000009067,1.0,-0.01014116705037486,-0.0061445048378503345,-0.002888482044208095,-0.05274446982516381,-0.003303584220664024,0.03371530345496773,-0.05274446982516381,-0.003303584220664024,0.03371530345496773
1.070460164002725,1788408581.1226335,control,pre_takeoff_hold,1,1,0.0020657229906646535,3.869208335876465,3869.0,0,30.0,1.0641720479907235,3.869208335876465,1,1,0,1.0854933711003192,0.034819379448890686,0.04893751069903374,0.04425853490829468,-0.0011007627472281456,4.371264367364347e-06,0.003608587197959423,-0.019456055015325546,-0.3010944426059723,0.049451399594545364,0.11091147363185883,0.07207848876714706,0.037629954516887665,-0.013767124251899628,0.009456163904171642,0.04830571558814412,0.034725699573755264,0.04896179586648941,0.04387912154197693,0.048616798040566116,0.0,0.0,0.0,9.367987513542175e-05,-2.4285167455673218e-05,0.000379413366317749,-0.010957601705436807,-0.00612952605242522,-0.0016892200101851522,0.0,0.0,0.0,-0.013767124251899628,0.009456163904171642,0.04830571558814412,0.0,0.0,0.0,0.0,0.0,0.0,zero,0.0,0.0,0.0,0.0,-0.001560648601786812,-0.0018383551126330156,0.00303202700735482,0.018598757193648643,0.06273147898759907,0.07041945323477146,1,0.002546548843383789,0.033742956817150116,0.04786199331283569,0.04394588619470596,-0.010957601705436807,-0.00612952605242522,-0.0016892200101851522,-0.03629493151079138,0.0014751426527053037,0.06435234967101895,1,0.004956285993102938,1.0,-0.010957601705436807,-0.00612952605242522,-0.0016892200101851522,-0.03629493151079138,0.0014751426527053037,0.06435234967101895,-0.03629493151079138,0.0014751426527053037,0.06435234967101895
1.0815389980125474,1788408581.1337278,control,pre_takeoff_hold,1,1,0.002152278000721708,3.869208335876465,3869.0,0,30.0,1.075250882000546,3.869208335876465,1,1,0,1.0854933711003192,0.03473932668566704,0.048954546451568604,0.04409520700573921,-0.0033999234437942505,0.0006100243772380054,-0.0031922627240419388,-0.09179805964231491,-0.17055249214172363,-0.20043611526489258,0.060723789036273956,0.02322162315249443,0.01773720420897007,-0.014121493798373673,0.008819805164965874,0.04813860179966326,0.034725699573755264,0.04896179586648941,0.04387912154197693,0.048616798040566116,0.0,0.0,0.0,1.3627111911773682e-05,-7.249414920806885e-06,0.00021608546376228333,-0.010957601705436807,-0.00612952605242522,-0.0016892200101851522,0.0,0.0,0.0,-0.014121493798373673,0.008819805164965874,0.04813860179966326,0.0,0.0,0.0,0.0,0.0,0.0,zero,0.0,0.0,0.0,0.0,-0.0012178157777436233,-0.0001093246324423841,0.00435680572223225,0.012670374578641518,0.11837990439475493,0.05348012593723907,1,0.0026595592498779297,0.033742956817150116,0.04786199331283569,0.04394588619470596,-0.010957601705436807,-0.00612952605242522,-0.0016892200101851522,-0.03629493151079138,0.0014751426527053037,0.06435234967101895,1,0.016035120002925396,1.0,-0.010957601705436807,-0.00612952605242522,-0.0016892200101851522,-0.03629493151079138,0.0014751426527053037,0.06435234967101895,-0.03629493151079138,0.0014751426527053037,0.06435234967101895
1.0926881810009945,1788408581.1448958,control,pre_takeoff_hold,1,1,0.0007569930021418259,3.869208335876465,3869.0,0,30.0,1.086400064988993,3.869208335876465,1,1,0,1.0854933711003192,0.03473861142992973,0.04898212477564812,0.04403187707066536,-0.0027314231265336275,0.0009308253647759557,-0.0035706544294953346,-0.06270480901002884,-0.13129112124443054,-0.1664244681596756,0.04464825615286827,0.007241575978696346,0.023278139531612396,-0.014361425891172263,0.008121939611504512,0.04871464926472686,0.034725699573755264,0.04896179586648941,0.04387912154197693,0.048616798040566116,0.0,0.0,0.0,1.2911856174468994e-05,2.0328909158706665e-05,0.00015275552868843079,-0.011334604867391952,-0.006063962187468244,-0.00025603811776825814,0.0,0.0,0.0,-0.014361425891172263,0.008121939611504512,0.04871464926472686,0.0,0.0,0.0,0.0,0.0,0.0,zero,0.0,0.0,0.0,0.0,-0.001605431469630258,0.00042849188531803636,0.0029399615126698866,-0.031116560383993245,0.043174207083689374,-0.11373976679574832,1,0.0013706684112548828,0.033808447420597076,0.04789881408214569,0.044004909694194794,-0.011334604867391952,-0.006063962187468244,-0.00025603811776825814,-0.011129048138508665,0.0038022321790140046,0.06691295341061614,1,0.002929832990048453,1.0,-0.011334604867391952,-0.006063962187468244,-0.00025603811776825814,-0.011129048138508665,0.0038022321790140046,0.06691295341061614,-0.011129048138508665,0.0038022321790140046,0.06691295341061614
1.1038155980058946,1788408581.1560733,control,pre_takeoff_hold,1,1,0.011884410007041879,3.869208335876465,3869.0,0,30.0,1.0975274819938932,3.869208335876465,1,1,0,1.0854933711003192,0.03473861142992973,0.04898212477564812,0.04403187707066536,-0.0027314231265336275,0.0009308253647759557,-0.0035706544294953346,-0.06270480901002884,-0.13129112124443054,-0.1664244681596756,0.04464825615286827,0.007241575978696346,0.023278139531612396,-0.014361425891172263,0.008121939611504512,0.04871464926472686,0.034725699573755264,0.04896179586648941,0.04387912154197693,0.048616798040566116,0.0,0.0,0.0,1.2911856174468994e-05,2.0328909158706665e-05,0.00015275552868843079,-0.011334604867391952,-0.006063962187468244,-0.00025603811776825814,0.0,0.0,0.0,-0.014361425891172263,0.008121939611504512,0.04871464926472686,0.0,0.0,0.0,0.0,0.0,0.0,zero,0.0,0.0,0.0,0.0,-0.001605431469630258,0.00042849188531803636,0.0029399615126698866,-0.031116560383993245,0.043174207083689374,-0.11373976679574832,1,0.012548208236694336,0.033808447420597076,0.04789881408214569,0.044004909694194794,-0.011334604867391952,-0.006063962187468244,-0.00025603811776825814,-0.011129048138508665,0.0038022321790140046,0.06691295341061614,1,0.014057249994948506,1.0,-0.011334604867391952,-0.006063962187468244,-0.00025603811776825814,-0.011129048138508665,0.0038022321790140046,0.06691295341061614,-0.011129048138508665,0.0038022321790140046,0.06691295341061614
1.1148865319992183,1788408581.1670864,control,pre_takeoff_hold,1,1,0.005419277993496507,3.869208335876465,3869.0,0,30.0,1.1085984159872169,3.869208335876465,1,1,0,1.0854933711003192,0.0346464142203331,0.04903043434023857,0.04400625824928284,-0.002463716547936201,0.0015900139696896076,-0.002255793660879135,0.004227474331855774,-0.0672430694103241,-0.05537540465593338,-0.008907945826649666,0.012361757457256317,0.00910940021276474,-0.015354004684641058,0.008933200838347363,0.048181309732295514,0.034725699573755264,0.04896179586648941,0.04387912154197693,0.048616798040566116,0.0,0.0,0.0,-7.928535342216492e-05,6.863847374916077e-05,0.0001271367073059082,-0.01125891949585629,-0.005870749506857439,0.0007442793555203825,0.0,0.0,0.0,-0.015354004684641058,0.008933200838347363,0.048181309732295514,0.0,0.0,0.0,0.0,0.0,0.0,zero,0.0,0.0,0.0,0.0,-0.00256286196565933,0.0010711430172742082,-0.0007925109677700177,-0.08959674176995606,0.05895940705538002,-0.3480779345514124,1,0.00606083869934082,0.03369194269180298,0.04784204810857773,0.04402153193950653,-0.01125891949585629,-0.005870749506857439,0.0007442793555203825,0.008484087057216866,0.011845995943913725,0.04086798597104563,1,0.0006320209940895438,1.0,-0.01125891949585629,-0.005870749506857439,0.0007442793555203825,0.008484087057216866,0.011845995943913725,0.04086798597104563,0.008484087057216866,0.011845995943913725,0.04086798597104563
1.1260891550045926,1788408581.1783454,control,pre_takeoff_hold,1,1,0.005573664006078616,3.869208335876465,3869.0,0,30.0,1.1198010389925912,3.869208335876465,1,1,0,1.0854933711003192,0.03466805815696716,0.049008335918188095,0.04397014528512955,-0.0015767004806548357,0.0008694592397660017,-0.002462480217218399,0.019540147855877876,-0.06692031025886536,-0.048065394163131714,0.0018401131965219975,0.045922186225652695,0.009594390168786049,-0.014860824152941444,0.010912938590864769,0.048278052839060004,0.034725699573755264,0.04896179586648941,0.04387912154197693,0.048616798040566116,0.0,0.0,0.0,-5.7641416788101196e-05,4.654005169868469e-05,9.102374315261841e-05,-0.011148263916616802,-0.005645522030390501,0.0009144848426519171,0.0,0.0,0.0,-0.014860824152941444,0.010912938590864769,0.048278052839060004,0.0,0.0,0.0,0.0,0.0,0.0,zero,0.0,0.0,0.0,0.0,-0.0027874100850458104,0.0012606813068840345,-0.001954164610990649,-0.020453516523013283,0.01726456025937961,-0.10581207293363014,1,0.006341457366943359,0.03374841436743736,0.04842809587717056,0.043454453349113464,-0.011148263916616802,-0.005645522030390501,0.0009144848426519171,0.011065557923947011,0.022522747646690246,0.017020548713150802,1,0.00011582400475163013,1.0,-0.011148263916616802,-0.005645522030390501,0.0009144848426519171,0.011065557923947011,0.022522747646690246,0.017020548713150802,0.011065557923947011,0.022522747646690246,0.017020548713150802
1.1371131560008507,1788408581.1893396,control,pre_takeoff_hold,1,1,0.0023777469905326143,3.869208335876465,3869.0,0,30.0,1.1308250399888493,3.869208335876465,1,1,0,1.0854933711003192,0.03462451323866844,0.048982907086610794,0.044008009135723114,-0.0018702480010688305,0.0003399966226425022,-0.001440534833818674,0.011527450755238533,-0.06093971058726311,-0.024162478744983673,0.002321650041267276,0.01253650151193142,0.00729983439669013,-0.014800079088247216,0.009181964801542753,0.048276855756440966,0.034725699573755264,0.04896179586648941,0.04387912154197693,0.048616798040566116,0.0,0.0,0.0,-0.00010118633508682251,2.1111220121383667e-05,0.0001288875937461853,-0.011042539864573951,-0.005148394208674228,0.0008232024759258516,0.0,0.0,0.0,-0.014800079088247216,0.009181964801542753,0.048276855756440966,0.0,0.0,0.0,0.0,0.0,0.0,zero,0.0,0.0,0.0,0.0,-0.002632457241225304,0.0012459793243168684,-0.002487575382162062,0.010833433335240119,-0.0010278801221728722,-0.03729308793117986,1,0.0030324459075927734,0.033770982176065445,0.04870785027742386,0.0437399297952652,-0.011042539864573951,-0.005148394208674228,0.0008232024759258516,0.010572405204287172,0.0497127821716372,-0.009128236672608373,1,0.01033347999327816,1.0,-0.011042539864573951,-0.005148394208674228,0.0008232024759258516,0.010572405204287172,0.0497127821716372,-0.009128236672608373,0.010572405204287172,0.0497127821716372,-0.009128236672608373
1.148226377001265,1788408581.200481,control,pre_takeoff_hold,1,1,0.00443845299014356,3.869208335876465,3869.0,0,30.0,1.1419382609892637,3.869208335876465,1,1,0,1.0854933711003192,0.034595973789691925,0.04898744821548462,0.043944332748651505,-0.002124808030202985,0.0003720201493706554,-0.0025549631100147963,0.0036150249652564526,-0.04804641753435135,-0.04387636482715607,0.011999709531664848,0.030570130795240402,0.0023060005623847246,-0.014341283241379125,0.010112105382268059,0.048102833251622464,0.034725699573755264,0.04896179586648941,0.04387912154197693,0.048616798040566116,0.0,0.0,0.0,-0.00012972578406333923,2.565234899520874e-05,6.52112066745758e-05,-0.011042539864573951,-0.005148394208674228,0.0008232024759258516,0.0,0.0,0.0,-0.014341283241379125,0.010112105382268059,0.048102833251622464,0.0,0.0,0.0,0.0,0.0,0.0,zero,0.0,0.0,0.0,0.0,-0.0024490275569825776,0.00114308665593143,-0.0027275639845038445,0.020198473571488695,-0.011330090065101545,-0.026426493955278213,1,0.0050923824310302734,0.033770982176065445,0.04870785027742386,0.0437399297952652,-0.011042539864573951,-0.005148394208674228,0.0008232024759258516,0.010572405204287172,0.0497127821716372,-0.009128236672608373,1,0.021446700993692502,1.0,-0.011042539864573951,-0.005148394208674228,0.0008232024759258516,0.010572405204287172,0.0497127821716372,-0.009128236672608373,0.010572405204287172,0.0497127821716372,-0.009128236672608373
1.1595449950109469,1788408581.2120128,control,pre_takeoff_hold,1,1,0.00011517800157889724,3.869208335876465,3869.0,0,30.0,1.1532568789989455,3.869208335876465,1,1,0,1.0854933711003192,0.03468577563762665,0.04893955960869789,0.043981973081827164,0.0007996503845788538,-0.0006910235388204455,-0.0007600826793350279,0.07138575613498688,-0.05004364624619484,0.012906234711408615,0.018987832590937614,0.032592713832855225,-0.009727200493216515,-0.013971635310871849,0.0106692288451896,0.047497796478195936,0.034725699573755264,0.04896179586648941,0.04387912154197693,0.048616798040566116,0.0,0.0,0.0,-3.992393612861633e-05,-2.2236257791519165e-05,0.00010285153985023499,-0.010878918943271941,-0.003559577176663736,0.00025390167983504135,0.0,0.0,0.0,-0.013971635310871849,0.0106692288451896,0.047497796478195936,0.0,0.0,0.0,0.0,0.0,0.0,zero,0.0,0.0,0.0,0.0,-0.0020303502407277097,0.0007115366571656915,-0.0027482038746697033,0.031099841523043258,-0.03304965145005737,0.007731160878532607,1,0.0009217262268066406,0.03367305546998978,0.0488295778632164,0.04333382472395897,-0.010878918943271941,-0.003559577176663736,0.00025390167983504135,0.006939866222869198,0.0827068356180905,-0.032402543176839625,1,0.007524591012042947,1.0,-0.010878918943271941,-0.003559577176663736,0.00025390167983504135,0.006939866222869198,0.0827068356180905,-0.032402543176839625,0.006939866222869198,0.0827068356180905,-0.032402543176839625
1.1705590540077537,1788408581.2228806,control,pre_takeoff_hold,1,1,0.01112923699838575,3.869208335876465,3869.0,0,30.0,1.1642709379957523,3.869208335876465,1,1,0,1.0854933711003192,0.03468577563762665,0.04893955960869789,0.043981973081827164,0.0007996503845788538,-0.0006910235388204455,-0.0007600826793350279,0.07138575613498688,-0.05004364624619484,0.012906234711408615,0.018987832590937614,0.032592713832855225,-0.009727200493216515,-0.013971635310871849,0.0106692288451896,0.047497796478195936,0.034725699573755264,0.04896179586648941,0.04387912154197693,0.048616798040566116,0.0,0.0,0.0,-3.992393612861633e-05,-2.2236257791519165e-05,0.00010285153985023499,-0.010767022649018684,-0.002716235617273637,-0.00039449602351970646,0.0,0.0,0.0,-0.013971635310871849,0.0106692288451896,0.047497796478195936,0.0,0.0,0.0,0.0,0.0,0.0,zero,0.0,0.0,0.0,0.0,-0.0020303502407277097,0.0007115366571656915,-0.0027482038746697033,0.031099841523043258,-0.03304965145005737,0.007731160878532607,1,0.011789560317993164,0.03377246856689453,0.04812076687812805,0.04305414482951164,-0.010767022649018684,-0.002716235617273637,-0.00039449602351970646,0.006352895586417147,0.022113641095045374,-0.03088425711224384,1,0.005654078006045893,1.0,-0.010767022649018684,-0.002716235617273637,-0.00039449602351970646,0.006352895586417147,0.022113641095045374,-0.03088425711224384,0.006352895586417147,0.022113641095045374,-0.03088425711224384
1.1815921740053454,1788408581.2338598,control,pre_takeoff_hold,1,1,0.0068411520041991025,3.869208335876465,3869.0,0,30.0,1.175304057993344,3.869208335876465,1,1,0,1.0854933711003192,0.03465280309319496,0.04895506799221039,0.04400322586297989,0.00020754922297783196,-0.0003495504497550428,-0.00032950600143522024,0.04934794083237648,-0.03555922955274582,0.015968555584549904,-0.005725450813770294,0.03345397487282753,-0.005402158014476299,-0.01556550421315309,0.011234890979041023,0.047671022880768625,0.034725699573755264,0.04896179586648941,0.04387912154197693,0.048616798040566116,0.0,0.0,0.0,-7.289648056030273e-05,-6.727874279022217e-06,0.0001241043210029602,-0.010690265354766755,-0.0028711948829032437,-0.000662542450951171,0.0,0.0,0.0,-0.01556550421315309,0.011234890979041023,0.047671022880768625,0.0,0.0,0.0,0.0,0.0,0.0,zero,0.0,0.0,0.0,0.0,-0.0012657402392184584,0.00018291312444178044,-0.0021582288248638186,0.05010948105891029,-0.03464387184059423,0.03866460486407845,1,0.007509946823120117,0.03378523513674736,0.04800928384065628,0.043014854192733765,-0.010690265354766755,-0.0028711948829032437,-0.000662542450951171,0.007675729425194387,-0.015495926562963733,-0.026804642743151783,1,0.003612269996665418,1.0,-0.010690265354766755,-0.0028711948829032437,-0.000662542450951171,0.007675729425194387,-0.015495926562963733,-0.026804642743151783,0.007675729425194387,-0.015495926562963733,-0.026804642743151783
1.1926660770113813,1788408581.244929,control,pre_takeoff_hold,1,1,0.00163006701041013,3.869208335876465,3869.0,0,30.0,1.1863779609993799,3.869208335876465,1,1,0,1.0854933711003192,0.03471751511096954,0.04894278198480606,0.04397599399089813,0.0015185886295512319,-0.00046213396126404405,-0.0008233636035583913,0.05928677320480347,-0.02436147816479206,-0.0009750854223966599,-0.01782120391726494,-0.00987447053194046,-0.0023808516561985016,-0.01617423762299522,0.009796985345566759,0.04773309835034271,0.034725699573755264,0.04896179586648941,0.04387912154197693,0.048616798040566116,0.0,0.0,0.0,-8.184462785720825e-06,-1.901388168334961e-05,9.687244892120361e-05,-0.010642835623588691,-0.003258595093984049,-0.0007703632045383388,0.0,0.0,0.0,-0.01617423762299522,0.009796985345566759,0.04773309835034271,0.0,0.0,0.0,0.0,0.0,0.0,zero,0.0,0.0,0.0,0.0,1.9254051403038526e-05,-0.0005385341695104104,-0.0011821814384991075,0.06982316913685783,-0.03504332161757221,0.0505697617525146,1,0.0021877288818359375,0.03378858417272568,0.04795407876372337,0.04353643208742142,-0.010642835623588691,-0.003258595093984049,-0.0007703632045383388,0.004742973117805673,-0.03874002110807446,-0.010782075358715098,1,0.00189655800932087,1.0,-0.010642835623588691,-0.003258595093984049,-0.0007703632045383388,0.004742973117805673,-0.03874002110807446,-0.010782075358715098,0.004742973117805673,-0.03874002110807446,-0.010782075358715098
1.203804194010445,1788408581.2560258,control,pre_takeoff_hold,1,1,0.0037922280025668442,3.869208335876465,3869.0,0,30.0,1.1975160779984435,3.869208335876465,1,1,0,1.0854933711003192,0.03477589413523674,0.04897022992372513,0.043997980654239655,0.0025380635634064674,0.00025241548428311944,-0.00016035104636102915,0.07053638249635696,-0.0032935254275798798,0.014247477054595947,0.008873874321579933,-0.016292870044708252,0.0005254640709608793,-0.015152623002049474,0.009428399550985395,0.04784610589424473,0.034725699573755264,0.04896179586648941,0.04387912154197693,0.048616798040566116,0.0,0.0,0.0,5.019456148147583e-05,8.434057235717773e-06,0.00011885911226272583,-0.010666954153121591,-0.0037495610328288076,-0.0005700194078888049,0.0,0.0,0.0,-0.015152623002049474,0.009428399550985395,0.04784610589424473,0.0,0.0,0.0,0.0,0.0,0.0,zero,0.0,0.0,0.0,0.0,0.0006001816767182279,-0.0007160823335208206,-0.0008401746908973854,0.06584658584396282,-0.020124607461396594,0.038765546143468096,1,0.004462003707885742,0.03378592059016228,0.0479251854121685,0.043797869235277176,-0.010666954153121591,-0.0037495610328288076,-0.0005700194078888049,-0.002411852953290502,-0.049096593884485645,0.020034379664957372,1,0.00045109599886927754,1.0,-0.010666954153121591,-0.0037495610328288076,-0.0005700194078888049,-0.002411852953290502,-0.049096593884485645,0.020034379664957372,-0.002411852953290502,-0.049096593884485645,0.020034379664957372
1.214874716999475,1788408581.267079,control,pre_takeoff_hold,1,1,0.005132927995873615,3.869208335876465,3869.0,0,30.0,1.2085866009874735,3.869208335876465,1,1,0,1.0854933711003192,0.0347999706864357,0.049013037234544754,0.04405632242560387,0.0025215656496584415,0.0010751181980594993,0.0010617777006700635,0.056092582643032074,0.014146712608635426,0.03632702678442001,-0.006883119232952595,-0.007490941789001226,-0.004820415284484625,-0.015840588489369936,0.00969614387679963,0.04758498871750367,0.034725699573755264,0.04896179586648941,0.04387912154197693,0.048616798040566116,0.0,0.0,0.0,7.427111268043518e-05,5.124136805534363e-05,0.00017720088362693787,-0.01077044250693405,-0.004271268257303417,-0.00017295167369645053,0.0,0.0,0.0,-0.015840588489369936,0.00969614387679963,0.04758498871750367,0.0,0.0,0.0,0.0,0.0,0.0,zero,0.0,0.0,0.0,0.0,0.0011533212482977653,-0.0006719235368793866,-0.0005383837563387706,0.056415609318994746,0.004503827871519143,0.030780150860396267,1,0.005710601806640625,0.033781908452510834,0.047906991094350815,0.04338916018605232,-0.01077044250693405,-0.004271268257303417,-0.00017295167369645053,-0.010348835381244285,-0.05217072244745281,0.039706773419229235,1,0.0001314249966526404,1.0,-0.01077044250693405,-0.004271268257303417,-0.00017295167369645053,-0.010348835381244285,-0.05217072244745281,0.039706773419229235,-0.010348835381244285,-0.05217072244745281,0.039706773419229235
1.2260453190101543,1788408581.2783113,control,pre_takeoff_hold,1,1,0.003990441007772461,3.869208335876465,3869.0,0,30.0,1.219757202998153,3.869208335876465,1,1,0,1.0854933711003192,0.03477251157164574,0.04899010434746742,0.044021788984537125,0.0015703290700912476,0.000486839737277478,0.00028735719388350844,0.029391776770353317,0.0017425725236535072,0.01645718142390251,0.003485787194222212,-0.0005410714074969292,0.010667743161320686,-0.015279344427789334,0.010044940241974118,0.04847207880004196,0.034725699573755264,0.04896179586648941,0.04387912154197693,0.048616798040566116,0.0,0.0,0.0,4.681199789047241e-05,2.8308480978012085e-05,0.00014266744256019592,-0.010920362072551107,-0.00478548265312936,9.442425910368359e-05,0.0,0.0,0.0,-0.015279344427789334,0.010044940241974118,0.04847207880004196,0.0,0.0,0.0,0.0,0.0,0.0,zero,0.0,0.0,0.0,0.0,0.0016484868809865313,-0.0003598742685445935,-0.00016746742667579504,0.04029403010785213,0.025392963047818247,0.03018326145491603,1,0.0046539306640625,0.03377954289317131,0.047895245254039764,0.04317796975374222,-0.010920362072551107,-0.00478548265312936,9.442425910368359e-05,-0.014991956561708658,-0.05142143958260453,0.026737593280018734,1,0.010375393001595512,1.0,-0.010920362072551107,-0.00478548265312936,9.442425910368359e-05,-0.014991956561708658,-0.05142143958260453,0.026737593280018734,-0.014991956561708658,-0.05142143958260453,0.026737593280018734
1.2371971760003362,1788408581.2894495,control,pre_takeoff_hold,1,1,0.005722898989915848,3.869208335876465,3869.0,0,30.0,1.2309090599883348,3.869208335876465,1,1,0,1.0854933711003192,0.03486069664359093,0.0489812046289444,0.044032663106918335,0.0031061365734785795,0.00020278086594771594,0.00045799408690072596,0.055730320513248444,-0.004564693663269281,0.016745224595069885,0.01545960083603859,0.013622724451124668,-0.0012454697862267494,-0.014680248853542391,0.010707923232917001,0.04799586781145594,0.034725699573755264,0.04896179586648941,0.04387912154197693,0.048616798040566116,0.0,0.0,0.0,0.00013499706983566284,1.9408762454986572e-05,0.00015354156494140625,-0.010920362072551107,-0.00478548265312936,9.442425910368359e-05,0.0,0.0,0.0,-0.014680248853542391,0.010707923232917001,0.04799586781145594,0.0,0.0,0.0,0.0,0.0,0.0,zero,0.0,0.0,0.0,0.0,0.0019954128195180257,-6.319343428576698e-05,0.00013059656272734407,0.036390557987455635,0.031120132292680767,0.031265217401329065,1,0.006258726119995117,0.03377954289317131,0.047895245254039764,0.04317796975374222,-0.010920362072551107,-0.00478548265312936,9.442425910368359e-05,-0.014991956561708658,-0.05142143958260453,0.026737593280018734,1,0.021527249991777353,1.0,-0.010920362072551107,-0.00478548265312936,9.442425910368359e-05,-0.014991956561708658,-0.05142143958260453,0.026737593280018734,-0.014991956561708658,-0.05142143958260453,0.026737593280018734
1.2482118340121815,1788408581.3004527,control,pre_takeoff_hold,1,1,0.006452689005527645,3.869208335876465,3869.0,0,30.0,1.24192371800018,3.869208335876465,1,1,0,1.0854933711003192,0.03480057045817375,0.049008872359991074,0.04399500787258148,0.0013135472545400262,0.0007012399146333337,-0.000367193715646863,0.009661518037319183,0.006059088744223118,-0.002679903991520405,0.03466329351067543,0.00596633879467845,0.007471032906323671,-0.013531173538363191,0.010460925895543245,0.048434051007195104,0.034725699573755264,0.04896179586648941,0.04387912154197693,0.048616798040566116,0.0,0.0,0.0,7.487088441848755e-05,4.707649350166321e-05,0.00011588633060455322,-0.01123685208897945,-0.005430014879836258,3.369121244278e-05,0.0,0.0,0.0,-0.013531173538363191,0.010460925895543245,0.048434051007195104,0.0,0.0,0.0,0.0,0.0,0.0,zero,0.0,0.0,0.0,0.0,0.002221414842194508,0.00016428564951155854,0.00030011581316453695,0.022014472879538765,0.022158350892669536,0.01651258204291135,1,0.0069959163665771484,0.03377467766404152,0.04814918339252472,0.04380979761481285,-0.01123685208897945,-0.005430014879836258,3.369121244278e-05,-0.016153028937927305,-0.022972024322746917,-0.007878056075689074,1,0.00782775500556454,1.0,-0.01123685208897945,-0.005430014879836258,3.369121244278e-05,-0.016153028937927305,-0.022972024322746917,-0.007878056075689074,-0.016153028937927305,-0.022972024322746917,-0.007878056075689074
1.2594747210096102,1788408581.3117063,control,pre_takeoff_hold,1,1,0.00011325300147291273,3.869208335876465,3869.0,0,30.0,1.2531866049976088,3.869208335876465,1,1,0,1.0854933711003192,0.03487328812479973,0.04898805171251297,0.04403383657336235,0.002308337716385722,0.0005251524271443486,0.0007776699494570494,0.0270204059779644,0.013746537268161774,0.028945837169885635,0.004729092121124268,-0.032942213118076324,0.027518974617123604,-0.014151575832358244,0.009313697175928786,0.04904158314305172,0.034725699573755264,0.04896179586648941,0.04387912154197693,0.048616798040566116,0.0,0.0,0.0,0.0001475885510444641,2.625584602355957e-05,0.00015471503138542175,-0.01123685208897945,-0.005430014879836258,3.369121244278e-05,0.0,0.0,0.0,-0.014151575832358244,0.009313697175928786,0.04904158314305172,0.0,0.0,0.0,0.0,0.0,0.0,zero,0.0,0.0,0.0,0.0,0.0022944617573416076,0.00039717986239162616,0.0003125925180925387,0.0018301095396966883,0.013442111191690564,-0.0008851720970411543,1,0.0007441043853759766,0.03377467766404152,0.04814918339252472,0.04380979761481285,-0.01123685208897945,-0.005430014879836258,3.369121244278e-05,-0.016153028937927305,-0.022972024322746917,-0.007878056075689074,1,0.019090642002993263,1.0,-0.01123685208897945,-0.005430014879836258,3.369121244278e-05,-0.016153028937927305,-0.022972024322746917,-0.007878056075689074,-0.016153028937927305,-0.022972024322746917,-0.007878056075689074
1.270529189001536,1788408581.3230135,control,pre_takeoff_hold,1,1,0.011167720993398689,3.869208335876465,3869.0,0,30.0,1.2642410729895346,3.869208335876465,1,1,0,1.0854933711003192,0.03487328812479973,0.04898805171251297,0.04403383657336235,0.002308337716385722,0.0005251524271443486,0.0007776699494570494,0.0270204059779644,0.013746537268161774,0.028945837169885635,0.004729092121124268,-0.032942213118076324,0.027518974617123604,-0.014151575832358244,0.009313697175928786,0.04904158314305172,0.034725699573755264,0.04896179586648941,0.04387912154197693,0.048616798040566116,0.0,0.0,0.0,0.0001475885510444641,2.625584602355957e-05,0.00015471503138542175,-0.011689134280668012,-0.005644837715305584,-2.0914585331022038e-05,0.0,0.0,0.0,-0.014151575832358244,0.009313697175928786,0.04904158314305172,0.0,0.0,0.0,0.0,0.0,0.0,zero,0.0,0.0,0.0,0.0,0.0022944617573416076,0.00039717986239162616,0.0003125925180925387,0.0018301095396966883,0.013442111191690564,-0.0008851720970411543,1,0.01205134391784668,0.033526740968227386,0.04803325980901718,0.04381207376718521,-0.011689134280668012,-0.005644837715305584,-2.0914585331022038e-05,-0.02491278511663901,-0.009887137865462208,-0.0006901339143626105,1,0.005452967991004698,1.0,-0.011689134280668012,-0.005644837715305584,-2.0914585331022038e-05,-0.02491278511663901,-0.009887137865462208,-0.0006901339143626105,-0.02491278511663901,-0.009887137865462208,-0.0006901339143626105
1.281585893011652,1788408581.333808,control,pre_takeoff_hold,1,1,0.001919531001476571,3.869208335876465,3869.0,0,30.0,1.2752977769996505,3.869208335876465,1,1,0,1.0854933711003192,0.034876931458711624,0.04896023869514465,0.04404180124402046,0.0015695340698584914,-0.0004303955065552145,0.00040062202606350183,0.0042996834963560104,-0.015164492651820183,0.006077793426811695,-0.011194887571036816,-0.04648439586162567,0.00034852977842092514,-0.014366198359765074,0.008721696147087638,0.04806405309558928,0.034725699573755264,0.04896179586648941,0.04387912154197693,0.048616798040566116,0.0,0.0,0.0,0.00015123188495635986,-1.55717134475708e-06,0.00016267970204353333,-0.012198493119061172,-0.005915068512645203,-2.905073708520949e-05,0.0,0.0,0.0,-0.014366198359765074,0.008721696147087638,0.04806405309558928,0.0,0.0,0.0,0.0,0.0,0.0,zero,0.0,0.0,0.0,0.0,0.0021992353687876162,0.00042192569247493066,0.00045331193253498583,-0.007354073428597412,5.815775538053285e-05,0.009978715267187268,1,0.0024983882904052734,0.03363766148686409,0.04792110249400139,0.04393022134900093,-0.012198493119061172,-0.005915068512645203,-2.905073708520949e-05,-0.023077951568225286,-0.016157639712610368,-0.0006562587828468542,1,0.003956110012950376,1.0,-0.012198493119061172,-0.005915068512645203,-2.905073708520949e-05,-0.023077951568225286,-0.016157639712610368,-0.0006562587828468542,-0.023077951568225286,-0.016157639712610368,-0.0006562587828468542
1.2926616570039187,1788408581.3449225,control,pre_takeoff_hold,1,1,0.0129952949937433,3.869208335876465,3869.0,0,30.0,1.2863735409919173,3.869208335876465,1,1,0,1.0854933711003192,0.034876931458711624,0.04896023869514465,0.04404180124402046,0.0015695340698584914,-0.0004303955065552145,0.00040062202606350183,0.0042996834963560104,-0.015164492651820183,0.006077793426811695,-0.011194887571036816,-0.04648439586162567,0.00034852977842092514,-0.014366198359765074,0.008721696147087638,0.04806405309558928,0.034725699573755264,0.04896179586648941,0.04387912154197693,0.048616798040566116,0.0,0.0,0.0,0.00015123188495635986,-1.55717134475708e-06,0.00016267970204353333,-0.012198493119061172,-0.005915068512645203,-2.905073708520949e-05,0.0,0.0,0.0,-0.014366198359765074,0.008721696147087638,0.04806405309558928,0.0,0.0,0.0,0.0,0.0,0.0,zero,0.0,0.0,0.0,0.0,0.0021992353687876162,0.00042192569247493066,0.00045331193253498583,-0.007354073428597412,5.815775538053285e-05,0.009978715267187268,1,0.013612985610961914,0.03363766148686409,0.04792110249400139,0.04393022134900093,-0.012198493119061172,-0.005915068512645203,-2.905073708520949e-05,-0.023077951568225286,-0.016157639712610368,-0.0006562587828468542,1,0.015031874005217105,1.0,-0.012198493119061172,-0.005915068512645203,-2.905073708520949e-05,-0.023077951568225286,-0.016157639712610368,-0.0006562587828468542,-0.023077951568225286,-0.016157639712610368,-0.0006562587828468542
1.303856390004512,1788408581.3560905,control,pre_takeoff_hold,1,1,0.004046408997965045,3.869208335876465,3869.0,0,30.0,1.2975682739925105,3.869208335876465,1,1,0,1.0854933711003192,0.03494754433631897,0.048957131803035736,0.0441826768219471,0.0019540907815098763,-0.0005416520871222019,0.0046534365974366665,0.0025252909399569035,-0.019446570426225662,0.17548413574695587,-0.01025577075779438,-0.05242297425866127,0.009084601886570454,-0.014543899042012974,0.008927279554672016,0.04844806757374565,0.034725699573755264,0.04896179586648941,0.04387912154197693,0.048616798040566116,0.0,0.0,0.0,0.00022184476256370544,-4.664063453674316e-06,0.00030355527997016907,-0.012181537296731111,-0.006422599279290744,2.551640242050771e-05,0.0,0.0,0.0,-0.014543899042012974,0.008927279554672016,0.04844806757374565,0.0,0.0,0.0,0.0,0.0,0.0,zero,0.0,0.0,0.0,0.0,0.0019136177838802596,7.22168718320311e-05,0.000690474230405799,-0.02881745143810512,-0.03729159217920619,0.02865383076709083,1,0.004673004150390625,0.03360147774219513,0.04781989008188248,0.043972279876470566,-0.012181537296731111,-0.006422599279290744,2.551640242050771e-05,0.008536292495528853,-0.027391975137905856,0.003955714713125236,1,0.0016309799975715578,1.0,-0.012181537296731111,-0.006422599279290744,2.551640242050771e-05,0.008536292495528853,-0.027391975137905856,0.003955714713125236,0.008536292495528853,-0.027391975137905856,0.003955714713125236
1.3148782280040905,1788408581.3671157,control,pre_takeoff_hold,1,1,0.0038056289922678843,3.869208335876465,3869.0,0,30.0,1.308590111992089,3.869208335876465,1,1,0,1.0854933711003192,0.03497384861111641,0.04896324500441551,0.04413703456521034,0.0020336275920271873,-0.0003240095975343138,0.0029066060669720173,0.00344245508313179,-0.011665523052215576,0.109151691198349,-0.021879445761442184,-0.026828337460756302,0.006471055559813976,-0.015309189897904689,0.009771538984673723,0.04839090850275473,0.034725699573755264,0.04896179586648941,0.04387912154197693,0.048616798040566116,0.0,0.0,0.0,0.000248149037361145,1.4491379261016846e-06,0.0002579130232334137,-0.011834132811011651,-0.006812083969017193,0.0001469710870852415,0.0,0.0,0.0,-0.015309189897904689,0.009771538984673723,0.04839090850275473,0.0,0.0,0.0,0.0,0.0,0.0,zero,0.0,0.0,0.0,0.0,0.0018666829163160677,-9.778553911186881e-05,0.0012197709458555512,-0.004196706377674607,-0.015200856831065984,0.04732734993599722,1,0.004514455795288086,0.033748384565114975,0.04786266013979912,0.04400024563074112,-0.011834132811011651,-0.006812083969017193,0.0001469710870852415,0.01945681373447813,-0.01459175506948668,0.006891719152196389,1,0.00020957300148438662,1.0,-0.011834132811011651,-0.006812083969017193,0.0001469710870852415,0.01945681373447813,-0.01459175506948668,0.006891719152196389,0.01945681373447813,-0.01459175506948668,0.006891719152196389
1.326100727004814,1788408581.3783555,control,pre_takeoff_hold,1,1,0.006604819995118305,3.869208335876465,3869.0,0,30.0,1.3198126109928126,3.869208335876465,1,1,0,1.0854933711003192,0.03497213125228882,0.04893718659877777,0.04417715594172478,0.0015868504997342825,-0.0008669321541674435,0.003260980825871229,-0.007665604818612337,-0.021994255483150482,0.09558594971895218,-0.006270169280469418,-0.012673384509980679,0.010320130735635757,-0.014825377589433253,0.010151692229597735,0.0486057495180058,0.034725699573755264,0.04896179586648941,0.04387912154197693,0.048616798040566116,0.0,0.0,0.0,0.0002464316785335541,-2.4609267711639404e-05,0.0002980343997478485,-0.011834132811011651,-0.006812083969017193,0.0001469710870852415,0.0,0.0,0.0,-0.014825377589433253,0.010151692229597735,0.0486057495180058,0.0,0.0,0.0,0.0,0.0,0.0,zero,0.0,0.0,0.0,0.0,0.0018430908538391217,-0.00024398138741907723,0.00177711764409453,-0.0027506610889893885,-0.01704536140930443,0.06498252865432094,1,0.0071773529052734375,0.033748384565114975,0.04786266013979912,0.04400024563074112,-0.011834132811011651,-0.006812083969017193,0.0001469710870852415,0.01945681373447813,-0.01459175506948668,0.006891719152196389,1,0.01143207200220786,1.0,-0.011834132811011651,-0.006812083969017193,0.0001469710870852415,0.01945681373447813,-0.01459175506948668,0.006891719152196389,0.01945681373447813,-0.01459175506948668,0.006891719152196389
1.3372043060080614,1788408581.3894522,control,pre_takeoff_hold,1,1,0.006355246005114168,3.869208335876465,3869.0,0,30.0,1.33091618999606,3.869208335876465,1,1,0,1.0854933711003192,0.03497304022312164,0.048986248672008514,0.04418448358774185,0.0012857128167524934,0.00018260261276736856,0.002739641582593322,-0.01151018775999546,0.0011471398174762726,0.06715870648622513,7.453933358192444e-05,-0.013985511846840382,-0.00503886491060257,-0.014547753614871966,0.009925371067011834,0.04786447181580882,0.034725699573755264,0.04896179586648941,0.04387912154197693,0.048616798040566116,0.0,0.0,0.0,0.0002473406493663788,2.4452805519104004e-05,0.0003053620457649231,-0.011601695712552396,-0.006834849184296268,0.0002301699340642831,0.0,0.0,0.0,-0.014547753614871966,0.009925371067011834,0.04786447181580882,0.0,0.0,0.0,0.0,0.0,0.0,zero,0.0,0.0,0.0,0.0,0.0017921525400568892,-0.00035696788034937107,0.0022805200363255032,-0.004548277201219252,-0.010088553226114514,0.044948751806189374,1,0.007074594497680664,0.03376996889710426,0.047872144728899,0.044005099684000015,-0.011601695712552396,-0.006834849184296268,0.0002301699340642831,0.023243709845921858,-0.00227652152790715,0.00831988469790286,1,0.009730388002935797,1.0,-0.011601695712552396,-0.006834849184296268,0.0002301699340642831,0.023243709845921858,-0.00227652152790715,0.00831988469790286,0.023243709845921858,-0.00227652152790715,0.00831988469790286
1.348211620002985,1788408581.4004488,control,pre_takeoff_hold,1,1,0.0064160229958361015,3.869208335876465,3869.0,0,30.0,1.3419235039909836,3.869208335876465,1,1,0,1.0854933711003192,0.03498898074030876,0.0489349439740181,0.044104333966970444,0.0013189682504162192,-0.0007885665399953723,0.0007315792609006166,-0.008602315559983253,-0.01677466370165348,0.017144884914159775,0.004769420716911554,-0.016431810334324837,0.001706831157207489,-0.014286102147313847,0.009642120589616056,0.04818356950257286,0.034725699573755264,0.04896179586648941,0.04387912154197693,0.048616798040566116,0.0,0.0,0.0,0.0002632811665534973,-2.6851892471313477e-05,0.00022521242499351501,-0.011601695712552396,-0.006834849184296268,0.0002301699340642831,0.0,0.0,0.0,-0.014286102147313847,0.009642120589616056,0.04818356950257286,0.0,0.0,0.0,0.0,0.0,0.0,zero,0.0,0.0,0.0,0.0,0.0016936069460740692,-0.0004081803152501753,0.002550124154744715,-0.008976267270930087,-0.00466481031455215,0.02455755276787137,1,0.007092714309692383,0.03376996889710426,0.047872144728899,0.044005099684000015,-0.011601695712552396,-0.006834849184296268,0.0002301699340642831,0.023243709845921858,-0.00227652152790715,0.00831988469790286,1,0.020737701997859403,1.0,-0.011601695712552396,-0.006834849184296268,0.0002301699340642831,0.023243709845921858,-0.00227652152790715,0.00831988469790286,0.023243709845921858,-0.00227652152790715,0.00831988469790286
1.359587476006709,1788408581.4117603,control,pre_takeoff_hold,1,1,0.00011308099783491343,3.869208335876465,3869.0,0,30.0,1.3532993599947076,3.869208335876465,1,1,0,1.0854933711003192,0.03498360887169838,0.04892066866159439,0.04412208870053291,0.0009942661272361875,-0.0007927126716822386,0.0007865739753469825,-0.010563460178673267,-0.013466741889715195,0.014339460991322994,-0.006844935938715935,-0.014201821759343147,0.005648361518979073,-0.015222671255942738,0.009554536771846568,0.048562654136846885,0.034725699573755264,0.04896179586648941,0.04387912154197693,0.048616798040566116,0.0,0.0,0.0,0.00025790929794311523,-4.112720489501953e-05,0.0002429671585559845,-0.011180558186586295,-0.006691914227306113,0.0003345799860176687,0.0,0.0,0.0,-0.015222671255942738,0.009554536771846568,0.048562654136846885,0.0,0.0,0.0,0.0,0.0,0.0,zero,0.0,0.0,0.0,0.0,0.0014826865184862717,-0.00047853298186758544,0.0021425008142376203,-0.011957509638749045,-0.003988436297092206,-0.023108999345564832,1,0.0007650852203369141,0.03373539075255394,0.047844741493463516,0.0440077967941761,-0.011180558186586295,-0.006691914227306113,0.0003345799860176687,0.019656319058357748,0.007211910283385931,0.0040058627267923926,1,0.007378100999630988,1.0,-0.011180558186586295,-0.006691914227306113,0.0003345799860176687,0.019656319058357748,0.007211910283385931,0.0040058627267923926,0.019656319058357748,0.007211910283385931,0.0040058627267923926
1.370539612005814,1788408581.4228735,control,pre_takeoff_hold,1,1,0.008705585001735017,3.869208335876465,3869.0,0,30.0,1.3642514959938126,3.869208335876465,1,1,0,1.0854933711003192,0.03498869389295578,0.048931099474430084,0.044056858867406845,0.0012221307260915637,0.0002411484601907432,-0.004844608251005411,0.010670860297977924,0.07598474621772766,-0.4610782563686371,0.03993910178542137,0.004487985745072365,-0.013474736362695694,-0.014683574735400048,0.009740181686827915,0.04834542611036919,0.034725699573755264,0.04896179586648941,0.04387912154197693,0.048616798040566116,0.0,0.0,0.0,0.00026299431920051575,-3.069639205932617e-05,0.00017773732542991638,-0.010819744451370749,-0.006563827116917858,0.0005270140336944097,0.0,0.0,0.0,-0.014683574735400048,0.009740181686827915,0.04834542611036919,0.0,0.0,0.0,0.0,0.0,0.0,zero,0.0,0.0,0.0,0.0,0.0012972471747894154,-0.000539750975947951,0.0017626484330290982,-0.07780223877414215,-0.025684393062244036,-0.15936944702535055,1,0.009494781494140625,0.03366219252347946,0.0477994866669178,0.04402333125472069,-0.010819744451370749,-0.006563827116917858,0.0005270140336944097,0.01704803886238449,0.00747630904022411,0.012172971454041013,1,0.005289833003189415,1.0,-0.010819744451370749,-0.006563827116917858,0.0005270140336944097,0.01704803886238449,0.00747630904022411,0.012172971454041013,0.01704803886238449,0.00747630904022411,0.012172971454041013
1.3816430580045562,1788408581.4337926,control,pre_takeoff_hold,1,1,0.006121648999396712,3.869208335876465,3869.0,0,30.0,1.3753549419925548,3.869208335876465,1,1,0,1.0854933711003192,0.03502607345581055,0.0489058643579483,0.04407557100057602,0.0015232362784445286,-0.00017537212988827378,-0.0036025946028530598,0.012931137345731258,0.05470893532037735,-0.35073617100715637,0.05036943405866623,-0.002709091641008854,-0.009969701990485191,-0.01342098626447452,0.009309366465314469,0.04840699894190516,0.034725699573755264,0.04896179586648941,0.04387912154197693,0.048616798040566116,0.0,0.0,0.0,0.0003003738820552826,-5.593150854110718e-05,0.00019644945859909058,-0.010819744451370749,-0.006563827116917858,0.0005270140336944097,0.0,0.0,0.0,-0.01342098626447452,0.009309366465314469,0.04840699894190516,0.0,0.0,0.0,0.0,0.0,0.0,zero,0.0,0.0,0.0,0.0,0.0012036434720167303,-0.0004607011594302583,0.000370267175815134,-0.0068304809658353526,0.00576844986985324,-0.10160531467096208,1,0.006710052490234375,0.03366219252347946,0.0477994866669178,0.04402333125472069,-0.010819744451370749,-0.006563827116917858,0.0005270140336944097,0.01704803886238449,0.00747630904022411,0.012172971454041013,1,0.01639327900193166,1.0,-0.010819744451370749,-0.006563827116917858,0.0005270140336944097,0.01704803886238449,0.00747630904022411,0.012172971454041013,0.01704803886238449,0.00747630904022411,0.012172971454041013
1.3926764520001598,1788408581.4448369,control,pre_takeoff_hold,1,1,0.00025201299285981804,3.869208335876465,3869.0,0,30.0,1.3863883359881584,3.869208335876465,1,1,0,1.0854933711003192,0.0349457785487175,0.04891398549079895,0.04404260218143463,-0.0061053624376654625,-0.00759901711717248,-0.008595207706093788,-1.3260982036590576,-1.5454018115997314,-1.3384590148925781,0.20586897432804108,0.07668711990118027,-0.041195936501026154,-0.01338033093589983,0.010177519571986923,0.0485984289395067,0.034725699573755264,0.04896179586648941,0.04387912154197693,0.048616798040566116,0.0,0.0,0.0,0.0002200789749622345,-4.7810375690460205e-05,0.00016348063945770264,-0.01052544704524971,-0.006330889180591329,0.0006796536983655495,0.0,0.0,0.0,-0.01338033093589983,0.010177519571986923,0.0485984289395067,0.0,0.0,0.0,0.0,0.0,0.0,zero,0.0,0.0,0.0,0.0,0.001145913334021713,-5.96464680398733e-05,-0.0032280591583022738,-0.029460305109092772,0.1895367845498525,-1.7163689649527545,1,0.0007727146148681641,0.034330546855926514,0.04788988456130028,0.044009990990161896,-0.01052544704524971,-0.006330889180591329,0.0006796536983655495,0.01613536075588282,0.012680500658955868,0.0042972154060324464,1,0.002285669994307682,1.0,-0.01052544704524971,-0.006330889180591329,0.0006796536983655495,0.01613536075588282,0.012680500658955868,0.0042972154060324464,0.01613536075588282,0.012680500658955868,0.0042972154060324464
1.4038660320074996,1788408581.4560275,control,pre_takeoff_hold,1,1,0.011441593000199646,3.869208335876465,3869.0,0,30.0,1.3975779159954982,3.869208335876465,1,1,0,1.0854933711003192,0.0349457785487175,0.04891398549079895,0.04404260218143463,-0.0061053624376654625,-0.00759901711717248,-0.008595207706093788,-1.3260982036590576,-1.5454018115997314,-1.3384590148925781,0.20586897432804108,0.07668711990118027,-0.041195936501026154,-0.01338033093589983,0.010177519571986923,0.0485984289395067,0.034725699573755264,0.04896179586648941,0.04387912154197693,0.048616798040566116,0.0,0.0,0.0,0.0002200789749622345,-4.7810375690460205e-05,0.00016348063945770264,-0.01052544704524971,-0.006330889180591329,0.0006796536983655495,0.0,0.0,0.0,-0.01338033093589983,0.010177519571986923,0.0485984289395067,0.0,0.0,0.0,0.0,0.0,0.0,zero,0.0,0.0,0.0,0.0,0.001145913334021713,-5.96464680398733e-05,-0.0032280591583022738,-0.029460305109092772,0.1895367845498525,-1.7163689649527545,1,0.011963367462158203,0.034330546855926514,0.04788988456130028,0.044009990990161896,-0.01052544704524971,-0.006330889180591329,0.0006796536983655495,0.01613536075588282,0.012680500658955868,0.0042972154060324464,1,0.01347525000164751,1.0,-0.01052544704524971,-0.006330889180591329,0.0006796536983655495,0.01613536075588282,0.012680500658955868,0.0042972154060324464,0.01613536075588282,0.012680500658955868,0.0042972154060324464
1.4149706110038096,1788408581.4671147,control,pre_takeoff_hold,1,1,0.005303812999045476,3.869208335876465,3869.0,0,30.0,1.4086824949918082,3.869208335876465,1,1,0,1.0854933711003192,0.03488671034574509,0.048945073038339615,0.044026315212249756,-0.005114224273711443,-0.004310969728976488,-0.005243745166808367,-0.8233500123023987,-0.9099963307380676,-0.7544933557510376,0.09009969234466553,0.01563110388815403,-0.017860066145658493,-0.014590258446238737,0.008503533566394626,0.048689137457250536,0.034725699573755264,0.04896179586648941,0.04387912154197693,0.048616798040566116,0.0,0.0,0.0,0.0001610107719898224,-1.6722828149795532e-05,0.00014719367027282715,-0.010015185059183192,-0.0061441205316588345,0.0006122436062025804,0.0,0.0,0.0,-0.014590258446238737,0.008503533566394626,0.048689137457250536,0.0,0.0,0.0,0.0,0.0,0.0,zero,0.0,0.0,0.0,0.0,-0.0010848069158964926,-0.0019330743751177102,-0.006059970014432909,-0.21475489132948564,-0.180799570393753,-0.2497672208487328,1,0.005725383758544922,0.03401247039437294,0.0478607602417469,0.04400796443223953,-0.010015185059183192,-0.0061441205316588345,0.0006122436062025804,0.025889939045022188,0.008032020496465685,-0.005820708990084145,1,8.246500510722399e-05,1.0,-0.010015185059183192,-0.0061441205316588345,0.0006122436062025804,0.025889939045022188,0.008032020496465685,-0.005820708990084145,0.025889939045022188,0.008032020496465685,-0.005820708990084145
1.4260252280073473,1788408581.4782352,control,pre_takeoff_hold,1,1,0.006160438002552837,3.869208335876465,3869.0,0,30.0,1.419737111995346,3.869208335876465,1,1,0,1.0854933711003192,0.03488226979970932,0.048956532031297684,0.044040799140930176,-0.004178734961897135,-0.0032233516685664654,-0.003910065162926912,-0.6402768492698669,-0.7066012024879456,-0.5773582458496094,0.07202620059251785,0.02357570454478264,-0.019647004082798958,-0.014595444883368846,0.009062262195007368,0.04840853644990875,0.034725699573755264,0.04896179586648941,0.04387912154197693,0.048616798040566116,0.0,0.0,0.0,0.00015657022595405579,-5.2638351917266846e-06,0.00016167759895324707,-0.010015185059183192,-0.0061441205316588345,0.0006122436062025804,0.0,0.0,0.0,-0.014595444883368846,0.009062262195007368,0.04840853644990875,0.0,0.0,0.0,0.0,0.0,0.0,zero,0.0,0.0,0.0,0.0,-0.0022471870530576077,-0.002783815070709398,-0.006635743826074798,-0.11433271560469523,-0.08367959060276248,-0.05663361008547493,1,0.0066792964935302734,0.03401247039437294,0.0478607602417469,0.04400796443223953,-0.010015185059183192,-0.0061441205316588345,0.0006122436062025804,0.025889939045022188,0.008032020496465685,-0.005820708990084145,1,0.011137082008644938,1.0,-0.010015185059183192,-0.0061441205316588345,0.0006122436062025804,0.025889939045022188,0.008032020496465685,-0.005820708990084145,0.025889939045022188,0.008032020496465685,-0.005820708990084145
1.437214836012572,1788408581.4894187,control,pre_takeoff_hold,1,1,0.002771872008452192,3.869208335876465,3869.0,0,30.0,1.4309267200005706,3.869208335876465,1,1,0,1.0854933711003192,0.034887850284576416,0.04893606901168823,0.04400675371289253,-0.003266439773142338,-0.0028593754395842552,-0.0035950581077486277,-0.49970743060112,-0.5602882504463196,-0.4575656056404114,0.07177714258432388,0.009208773262798786,-0.019218945875763893,-0.01356557463832995,0.008355108712595318,0.048163204391070275,0.034725699573755264,0.04896179586648941,0.04387912154197693,0.048616798040566116,0.0,0.0,0.0,0.00016215071082115173,-2.572685480117798e-05,0.00012763217091560364,-0.009814288086575251,-0.005957024386405769,0.000228549023432268,0.0,0.0,0.0,-0.01356557463832995,0.008355108712595318,0.048163204391070275,0.0,0.0,0.0,0.0,0.0,0.0,zero,0.0,0.0,0.0,0.0,-0.0032594045978212,-0.00330201485764226,-0.00617938727581336,-0.06943069432969377,-0.035544702020207555,0.03130270988728581,1,0.003283977508544922,0.03384988382458687,0.04788553714752197,0.043990608304739,-0.009814288086575251,-0.005957024386405769,0.000228549023432268,0.0040399248831505105,0.010615025592410702,-0.02426108436705984,1,0.009834501004661433,1.0,-0.009814288086575251,-0.005957024386405769,0.000228549023432268,0.0040399248831505105,0.010615025592410702,-0.02426108436705984,0.0040399248831505105,0.010615025592410702,-0.02426108436705984
1.4481542389985407,1788408581.5003097,control,pre_takeoff_hold,1,1,0.007477777995518409,3.869208335876465,3869.0,0,30.0,1.4418661229865393,3.869208335876465,1,1,0,1.0854933711003192,0.03489013388752937,0.04891970381140709,0.0440480001270771,-0.00254034879617393,-0.0028092358261346817,-0.0015610784757882357,-0.37661758065223694,-0.44663211703300476,-0.30120760202407837,0.05329269543290138,0.024275142699480057,-0.00303652323782444,-0.013691814039828956,0.008890688701234587,0.048542977862458536,0.034725699573755264,0.04896179586648941,0.04387912154197693,0.048616798040566116,0.0,0.0,0.0,0.0001644343137741089,-4.209205508232117e-05,0.00016887858510017395,-0.009814288086575251,-0.005957024386405769,0.000228549023432268,0.0,0.0,0.0,-0.013691814039828956,0.008890688701234587,0.048542977862458536,0.0,0.0,0.0,0.0,0.0,0.0,zero,0.0,0.0,0.0,0.0,-0.003948034939696046,-0.0036297165856263233,-0.005679275831157715,-0.1097721570936088,-0.05223778764405856,0.07972101827169922,1,0.007901668548583984,0.03384988382458687,0.04788553714752197,0.043990608304739,-0.009814288086575251,-0.005957024386405769,0.000228549023432268,0.0040399248831505105,0.010615025592410702,-0.02426108436705984,1,0.02077390399063006,1.0,-0.009814288086575251,-0.005957024386405769,0.000228549023432268,0.0040399248831505105,0.010615025592410702,-0.02426108436705984,0.0040399248831505105,0.010615025592410702,-0.02426108436705984
1.459424159998889,1788408581.5115914,control,pre_takeoff_hold,1,1,0.00010492598812561482,3.869208335876465,3869.0,0,30.0,1.4531360439868877,3.869208335876465,1,1,0,1.0854933711003192,0.034823063760995865,0.04893629997968674,0.04410258308053017,-0.002605949528515339,-0.001406381605193019,0.00022443552734330297,-0.23454000055789948,-0.25632256269454956,-0.15324188768863678,0.011510476469993591,0.013302556239068508,-0.016693687066435814,-0.014645681521299735,0.00918573907058681,0.047806339076439205,0.034725699573755264,0.04896179586648941,0.04387912154197693,0.048616798040566116,0.0,0.0,0.0,9.736418724060059e-05,-2.549588680267334e-05,0.00022346153855323792,-0.010011738366762807,-0.0057471697440285435,-0.0003268046755629752,0.0,0.0,0.0,-0.014645681521299735,0.00918573907058681,0.047806339076439205,0.0,0.0,0.0,0.0,0.0,0.0,zero,0.0,0.0,0.0,0.0,-0.004101413299589641,-0.0034900107708905896,-0.0038435275245058925,0.0009340005786559596,0.01784993473704961,0.12237785895314146,1,0.0005407333374023438,0.03380561247467995,0.04788890480995178,0.04398723319172859,-0.010011738366762807,-0.0057471697440285435,-0.0003268046755629752,-0.013856150584783277,0.008879417435695942,-0.02603953691230448,1,0.00744728599966038,1.0,-0.010011738366762807,-0.0057471697440285435,-0.0003268046755629752,-0.013856150584783277,0.008879417435695942,-0.02603953691230448,-0.013856150584783277,0.008879417435695942,-0.02603953691230448
1.4705395909986692,1788408581.522907,control,pre_takeoff_hold,1,1,0.011220356987905689,3.869208335876465,3869.0,0,30.0,1.4642514749866677,3.869208335876465,1,1,0,1.0854933711003192,0.034823063760995865,0.04893629997968674,0.04410258308053017,-0.002605949528515339,-0.001406381605193019,0.00022443552734330297,-0.23454000055789948,-0.25632256269454956,-0.15324188768863678,0.011510476469993591,0.013302556239068508,-0.016693687066435814,-0.014645681521299735,0.00918573907058681,0.047806339076439205,0.034725699573755264,0.04896179586648941,0.04387912154197693,0.048616798040566116,0.0,0.0,0.0,9.736418724060059e-05,-2.549588680267334e-05,0.00022346153855323792,-0.010482788423703572,-0.005760801693437895,-0.0006781655251112486,0.0,0.0,0.0,-0.014645681521299735,0.00918573907058681,0.047806339076439205,0.0,0.0,0.0,0.0,0.0,0.0,zero,0.0,0.0,0.0,0.0,-0.004101413299589641,-0.0034900107708905896,-0.0038435275245058925,0.0009340005786559596,0.01784993473704961,0.12237785895314146,1,0.011856317520141602,0.033898189663887024,0.047944579273462296,0.04399321228265762,-0.010482788423703572,-0.005760801693437895,-0.0006781655251112486,-0.025327598833022574,-0.0042815041119576205,-0.015147385118628818,1,0.006067652997444384,1.0,-0.010482788423703572,-0.005760801693437895,-0.0006781655251112486,-0.025327598833022574,-0.0042815041119576205,-0.015147385118628818,-0.025327598833022574,-0.0042815041119576205,-0.015147385118628818
1.4815730109985452,1788408581.5337477,control,pre_takeoff_hold,1,1,0.002114813993102871,3.869208335876465,3869.0,0,30.0,1.4752848949865438,3.869208335876465,1,1,0,1.0854933711003192,0.03473114222288132,0.0489644780755043,0.044030800461769104,-0.0030805489514023066,-0.0009119607275351882,-0.000959571625571698,-0.15332821011543274,-0.16686388850212097,-0.11552578210830688,0.027413036674261093,0.026228152215480804,0.01894191838800907,-0.01411916565213548,0.009980754242082892,0.04928862219079612,0.034725699573755264,0.04896179586648941,0.04387912154197693,0.048616798040566116,0.0,0.0,0.0,5.4426491260528564e-06,2.682209014892578e-06,0.0001516789197921753,-0.01073735439996375,-0.005856531207654174,-0.0007635209030183083,0.0,0.0,0.0,-0.01411916565213548,0.009980754242082892,0.04928862219079612,0.0,0.0,0.0,0.0,0.0,0.0,zero,0.0,0.0,0.0,0.0,-0.00365625245416984,-0.002440129350954158,-0.001812015471370974,0.026395066697147064,0.0668279322797662,0.1096801603370247,1,0.002664327621459961,0.03377688676118851,0.04788089543581009,0.043986726552248,-0.01073735439996375,-0.005856531207654174,-0.0007635209030183083,-0.02545659762601388,-0.009572951421626409,-0.008535537790704631,1,0.004867322990321554,1.0,-0.01073735439996375,-0.005856531207654174,-0.0007635209030183083,-0.02545659762601388,-0.009572951421626409,-0.008535537790704631,-0.02545659762601388,-0.009572951421626409,-0.008535537790704631
1.4926950380031485,1788408581.5448792,control,pre_takeoff_hold,1,1,0.013236840997706167,3.869208335876465,3869.0,0,30.0,1.486406921991147,3.869208335876465,1,1,0,1.0854933711003192,0.03473114222288132,0.0489644780755043,0.044030800461769104,-0.0030805489514023066,-0.0009119607275351882,-0.000959571625571698,-0.15332821011543274,-0.16686388850212097,-0.11552578210830688,0.027413036674261093,0.026228152215480804,0.01894191838800907,-0.01411916565213548,0.009980754242082892,0.04928862219079612,0.034725699573755264,0.04896179586648941,0.04387912154197693,0.048616798040566116,0.0,0.0,0.0,5.4426491260528564e-06,2.682209014892578e-06,0.0001516789197921753,-0.011033438038773647,-0.005926590918092313,-0.0007088824366498737,0.0,0.0,0.0,-0.01411916565213548,0.009980754242082892,0.04928862219079612,0.0,0.0,0.0,0.0,0.0,0.0,zero,0.0,0.0,0.0,0.0,-0.00365625245416984,-0.002440129350954158,-0.001812015471370974,0.026395066697147064,0.0668279322797662,0.1096801603370247,1,0.013795852661132812,0.03377210721373558,0.048405155539512634,0.04399563744664192,-0.011033438038773647,-0.005926590918092313,-0.0007088824366498737,-0.026916694437265187,-0.006369064585285789,0.004967133306221676,1,0.0034522299974923953,1.0,-0.011033438038773647,-0.005926590918092313,-0.0007088824366498737,-0.026916694437265187,-0.006369064585285789,0.004967133306221676,-0.026916694437265187,-0.006369064585285789,0.004967133306221676
1.5038668990018778,1788408581.556059,control,pre_takeoff_hold,1,1,0.00429372199869249,3.869208335876465,3869.0,0,30.0,1.4975787829898763,3.869208335876465,1,1,0,1.0854933711003192,0.03472209721803665,0.048993535339832306,0.044026926159858704,-0.0025804981123656034,-0.00024730851873755455,0.00027611752739176154,-0.10021651536226273,-0.09140102565288544,0.012004971504211426,0.09321186691522598,0.04076680913567543,0.03027835115790367,-0.013862195033682974,0.01072756115579577,0.049022670821567665,0.034725699573755264,0.04896179586648941,0.04387912154197693,0.048616798040566116,0.0,0.0,0.0,-3.602355718612671e-06,3.173947334289551e-05,0.0001478046178817749,-0.01133030718977373,-0.005910001759572566,-0.0005356087478268099,0.0,0.0,0.0,-0.013862195033682974,0.01072756115579577,0.049022670821567665,0.0,0.0,0.0,0.0,0.0,0.0,zero,0.0,0.0,0.0,0.0,-0.0030667220436971913,-0.0008165139264432126,-0.000644239415872339,0.09268221276587636,0.2528701370244546,0.1811325131326943,1,0.004827260971069336,0.03376705199480057,0.0481424480676651,0.044005438685417175,-0.01133030718977373,-0.005910001759572566,-0.0005356087478268099,-0.0329854612222301,0.0018432398355273548,0.019252632091450797,1,0.002373304989305325,1.0,-0.01133030718977373,-0.005910001759572566,-0.0005356087478268099,-0.0329854612222301,0.0018432398355273548,0.019252632091450797,-0.0329854612222301,0.0018432398355273548,0.019252632091450797
1.5148703180020675,1788408581.5670536,control,pre_takeoff_hold,1,1,0.0054692050034645945,3.869208335876465,3869.0,0,30.0,1.508582201990066,3.869208335876465,1,1,0,1.0854933711003192,0.03473183885216713,0.048980873078107834,0.04394384101033211,-0.0018662032671272755,-0.00045546278124675155,-0.0014694880228489637,-0.06564076244831085,-0.07735575735569,-0.02591067925095558,0.04847744107246399,0.03220485523343086,0.015641849488019943,-0.015149179223104547,0.010701362611019977,0.04860121978815546,0.034725699573755264,0.04896179586648941,0.04387912154197693,0.048616798040566116,0.0,0.0,0.0,6.139278411865234e-06,1.9077211618423462e-05,6.471946835517883e-05,-0.011906057332787398,-0.00581525951943021,6.340661544161833e-05,0.0,0.0,0.0,-0.015149179223104547,0.010701362611019977,0.04860121978815546,0.0,0.0,0.0,0.0,0.0,0.0,zero,0.0,0.0,0.0,0.0,-0.0028197213929099687,-0.0003434187828447536,-0.0003304215051424277,0.02512845196467087,0.048130029426011224,0.03192606282735301,1,0.005992412567138672,0.033883560448884964,0.048005424439907074,0.0440053753554821,-0.011906057332787398,-0.00581525951943021,6.340661544161833e-05,-0.026878433606592932,0.0022902658565278912,0.031106917104278917,1,0.0008397850033361465,1.0,-0.011906057332787398,-0.00581525951943021,6.340661544161833e-05,-0.026878433606592932,0.0022902658565278912,0.031106917104278917,-0.026878433606592932,0.0022902658565278912,0.031106917104278917
1.5260725830012234,1788408581.578475,control,pre_takeoff_hold,1,1,0.006208745995536447,3.869208335876465,3869.0,0,30.0,1.519784466989222,3.869208335876465,1,1,0,1.0854933711003192,0.03468634560704231,0.04897274076938629,0.043988898396492004,-0.0023801191709935665,-0.0005229570670053363,-0.0002969335182569921,-0.0625344067811966,-0.06320080161094666,0.002137254923582077,0.042695172131061554,0.040673427283763885,0.0035452228039503098,-0.014953733120181993,0.011458912408240847,0.04812984649127672,0.034725699573755264,0.04896179586648941,0.04387912154197693,0.048616798040566116,0.0,0.0,0.0,-3.935396671295166e-05,1.0944902896881104e-05,0.00010977685451507568,-0.011906057332787398,-0.00581525951943021,6.340661544161833e-05,0.0,0.0,0.0,-0.014953733120181993,0.011458912408240847,0.04812984649127672,0.0,0.0,0.0,0.0,0.0,0.0,zero,0.0,0.0,0.0,0.0,-0.0025902682316576303,-0.00010502095594046366,-0.00022710720252802435,0.022372984751100243,0.02324514038906386,0.01007373053544733,1,0.007158041000366211,0.033883560448884964,0.048005424439907074,0.0440053753554821,-0.011906057332787398,-0.00581525951943021,6.340661544161833e-05,-0.026878433606592932,0.0022902658565278912,0.031106917104278917,1,0.012042050002492033,1.0,-0.011906057332787398,-0.00581525951943021,6.340661544161833e-05,-0.026878433606592932,0.0022902658565278912,0.031106917104278917,-0.026878433606592932,0.0022902658565278912,0.031106917104278917
1.5372439729981124,1788408581.5895033,control,pre_takeoff_hold,1,1,0.003049197999644093,3.869208335876465,3869.0,0,30.0,1.530955856986111,3.869208335876465,1,1,0,1.0854933711003192,0.03464452177286148,0.048980750143527985,0.043920837342739105,-0.0024815723299980164,-0.00030777734355069697,-0.001177290454506874,-0.05142832547426224,-0.04758957773447037,-0.010445602238178253,0.028527874499559402,0.012908810749650002,0.0013884484069421887,-0.015362254777408184,0.010035786083879804,0.04804655002032953,0.034725699573755264,0.04896179586648941,0.04387912154197693,0.048616798040566116,0.0,0.0,0.0,-8.117780089378357e-05,1.895427703857422e-05,4.1715800762176514e-05,-0.011906057332787398,-0.00581525951943021,6.340661544161833e-05,0.0,0.0,0.0,-0.015362254777408184,0.010035786083879804,0.04804655002032953,0.0,0.0,0.0,0.0,0.0,0.0,zero,0.0,0.0,0.0,0.0,-0.002410176756272611,-0.00010369732008813794,-0.00034599115767639877,0.01243306441671805,9.138050416356429e-05,-0.00820745051543351,1,0.003701448440551758,0.033883560448884964,0.048005424439907074,0.0440053753554821,-0.011906057332787398,-0.00581525951943021,6.340661544161833e-05,-0.026878433606592932,0.0022902658565278912,0.031106917104278917,1,0.02321343999938108,1.0,-0.011906057332787398,-0.00581525951943021,6.340661544161833e-05,-0.026878433606592932,0.0022902658565278912,0.031106917104278917,-0.026878433606592932,0.0022902658565278912,0.031106917104278917
1.5482692000077805,1788408581.6005857,control,pre_takeoff_hold,1,1,0.005652785999700427,3.869208335876465,3869.0,0,30.0,1.541981083995779,3.869208335876465,1,1,0,1.0854933711003192,0.03456529602408409,0.04898989945650101,0.04394613578915596,-0.00390070304274559,-2.5018438464030623e-05,-0.0003301905235275626,-0.07545305788516998,-0.031235385686159134,0.012123897671699524,0.024561574682593346,0.004096155054867268,-0.008890139870345592,-0.015294373434725657,0.009771757037528655,0.04763687409843768,0.034725699573755264,0.04896179586648941,0.04387912154197693,0.048616798040566116,0.0,0.0,0.0,-0.0001604035496711731,2.810359001159668e-05,6.701424717903137e-05,-0.012396717387470757,-0.005981601127586727,0.0001918488314144758,0.0,0.0,0.0,-0.015294373434725657,0.009771757037528655,0.04763687409843768,0.0,0.0,0.0,0.0,0.0,0.0,zero,0.0,0.0,0.0,0.0,-0.002344443569328257,-0.00012249122394719075,-0.0004588609002808481,0.007944930232650879,-0.0022715505196138734,-0.013642153561316702,1,0.006510257720947266,0.033743057399988174,0.0478927306830883,0.04320469871163368,-0.012396717387470757,-0.005981601127586727,0.0001918488314144758,-0.02838996534747025,-0.011634358839959088,-0.006825232405278985,1,0.009243517997674644,1.0,-0.012396717387470757,-0.005981601127586727,0.0001918488314144758,-0.02838996534747025,-0.011634358839959088,-0.006825232405278985,-0.02838996534747025,-0.011634358839959088,-0.006825232405278985
1.5593700200115563,1788408581.61166,control,pre_takeoff_hold,1,1,0.008826490011415444,3.869208335876465,3869.0,0,30.0,1.553081903999555,3.869208335876465,1,1,0,1.0854933711003192,0.03458675369620323,0.0490078404545784,0.04398667439818382,-0.0025843556504696608,0.0004283137386664748,0.0007488689152523875,-0.027468178421258926,-0.013659968040883541,0.03666378930211067,0.06199154630303383,0.01873120293021202,-0.009883910417556763,-0.013601147106326247,0.01038853287185109,0.04751702788318839,0.034725699573755264,0.04896179586648941,0.04387912154197693,0.048616798040566116,0.0,0.0,0.0,-0.00013894587755203247,4.604458808898926e-05,0.00010755285620689392,-0.012728391115331552,-0.006136643988550867,-0.00022314778646641482,0.0,0.0,0.0,-0.013601147106326247,0.01038853287185109,0.04751702788318839,0.0,0.0,0.0,0.0,0.0,0.0,zero,0.0,0.0,0.0,0.0,-0.0023904963041180365,-0.00012010212171385919,-0.000509078307643101,-0.005754093650085218,0.00029850817878612724,-0.006274451802827818,1,0.00958108901977539,0.03373650833964348,0.04788127914071083,0.04306831210851669,-0.012728391115331552,-0.006136643988550867,-0.00022314778646641482,-0.033167372786074345,-0.015504286096411536,-0.04149966178808257,1,0.007613888010382652,1.0,-0.012728391115331552,-0.006136643988550867,-0.00022314778646641482,-0.033167372786074345,-0.015504286096411536,-0.04149966178808257,-0.033167372786074345,-0.015504286096411536,-0.04149966178808257
1.5705466350045754,1788408581.6231158,control,pre_takeoff_hold,1,1,0.0044667350011877716,3.869208335876465,3869.0,0,30.0,1.564258518992574,3.869208335876465,1,1,0,1.0854933711003192,0.034574955701828,0.049019042402505875,0.044015269726514816,-0.002219627145677805,0.00048710708506405354,0.0009678496280685067,-0.017271142452955246,-0.010169797576963902,0.03215492516756058,0.033930450677871704,0.018371356651186943,0.0031273066997528076,-0.014806762201445913,0.010663260359129775,0.048368930383340496,0.034725699573755264,0.04896179586648941,0.04387912154197693,0.048616798040566116,0.0,0.0,0.0,-0.00015074387192726135,5.7246536016464233e-05,0.00013614818453788757,-0.013432918365207148,-0.006512491523804809,-0.0015431707894017176,0.0,0.0,0.0,-0.014806762201445913,0.010663260359129775,0.048368930383340496,0.0,0.0,0.0,0.0,0.0,0.0,zero,0.0,0.0,0.0,0.0,-0.002541779475236668,2.001845002322923e-05,-0.0002055494283728899,-0.009755359598972384,0.009035549389938455,0.019572787535184856,1,0.005529165267944336,0.0337139256298542,0.04839004948735237,0.04296277090907097,-0.013432918365207148,-0.006512491523804809,-0.0015431707894017176,-0.03470702259092176,-0.01724173821818176,-0.06936174490281435,1,0.006059107996406965,1.0,-0.013432918365207148,-0.006512491523804809,-0.0015431707894017176,-0.03470702259092176,-0.01724173821818176,-0.06936174490281435,-0.03470702259092176,-0.01724173821818176,-0.06936174490281435
1.5815579740010435,1788408581.6338398,control,pre_takeoff_hold,1,1,0.009582272992702201,3.869208335876465,3869.0,0,30.0,1.575269857989042,3.869208335876465,1,1,0,1.0854933711003192,0.03464345261454582,0.04901569336652756,0.0440979041159153,0.0004907608963549137,0.0002788709825836122,0.003508530789986253,0.07586586475372314,-0.015026066452264786,0.10979136824607849,0.01791265606880188,-0.0013383841142058372,-0.0032968828454613686,-0.015087513003936726,0.010176072224134653,0.04820094148167498,0.034725699573755264,0.04896179586648941,0.04387912154197693,0.048616798040566116,0.0,0.0,0.0,-8.224695920944214e-05,5.389750003814697e-05,0.00021878257393836975,-0.013749108476477059,-0.006501638218621783,-0.0021228866999388808,0.0,0.0,0.0,-0.015087513003936726,0.010176072224134653,0.04820094148167498,0.0,0.0,0.0,0.0,0.0,0.0,zero,0.0,0.0,0.0,0.0,-0.0025918257383910097,0.0001399539044158391,0.00010678843635415324,-0.008279790222992607,0.01984244856818954,0.05167402790218112,1,0.010208845138549805,0.03371933475136757,0.04865686967968941,0.04348956421017647,-0.013749108476477059,-0.006501638218621783,-0.0021228866999388808,-0.031619011126986146,0.0010853305183024628,-0.05797159105370726,1,0.004498854992561974,1.0,-0.013749108476477059,-0.006501638218621783,-0.0021228866999388808,-0.031619011126986146,0.0010853305183024628,-0.05797159105370726,-0.031619011126986146,0.0010853305183024628,-0.05797159105370726
1.592800928003271,1788408581.6450903,control,pre_takeoff_hold,1,1,0.008859548994223587,3.869208335876465,3869.0,0,30.0,1.5865128119912697,3.869208335876465,1,1,0,1.0854933711003192,0.034641847014427185,0.04899565875530243,0.04411102831363678,0.0003657060442492366,-0.0001125937415054068,0.0030267275869846344,0.05859733372926712,-0.018580053001642227,0.07976023107767105,0.023176269605755806,-0.003216913901269436,0.0056272344663739204,-0.014554550694255108,0.010055306460909188,0.04869606508574981,0.034725699573755264,0.04896179586648941,0.04387912154197693,0.048616798040566116,0.0,0.0,0.0,-8.385255932807922e-05,3.38628888130188e-05,0.00023190677165985107,-0.014007587462959312,-0.006273309529652815,-0.002345125411007186,0.0,0.0,0.0,-0.014554550694255108,0.010055306460909188,0.04869606508574981,0.0,0.0,0.0,0.0,0.0,0.0,zero,0.0,0.0,0.0,0.0,-0.0021435478923027447,0.00021563786314698606,0.0007819675442295341,0.037551698880754825,0.0063399546802852935,0.05655894613297666,1,0.009521722793579102,0.033721450716257095,0.04878895729780197,0.04375433176755905,-0.014007587462959312,-0.006273309529652815,-0.002345125411007186,-0.025847898648230443,0.02283286889690131,-0.02222387110683496,1,0.003186091998941265,1.0,-0.014007587462959312,-0.006273309529652815,-0.002345125411007186,-0.025847898648230443,0.02283286889690131,-0.02222387110683496,-0.025847898648230443,0.02283286889690131,-0.02222387110683496
1.6038831590121845,1788408581.6561928,control,pre_takeoff_hold,1,1,0.004421844001626596,3.869208335876465,3869.0,0,30.0,1.597595043000183,3.869208335876465,1,1,0,1.0854933711003192,0.03470838814973831,0.04898802936077118,0.044160958379507065,0.0019431107211858034,0.0008057510713115335,0.002136501017957926,0.11833824217319489,0.08900146186351776,-0.04295812547206879,0.12204722315073013,0.003292167093604803,0.04311082512140274,-0.013709631275165739,0.01005189045276264,0.04808588179236363,0.034725699573755264,0.04896179586648941,0.04387912154197693,0.048616798040566116,0.0,0.0,0.0,-1.7311424016952515e-05,2.62334942817688e-05,0.0002818368375301361,-0.014212837547010616,-0.005955483746573889,-0.002127139221934954,0.0,0.0,0.0,-0.013709631275165739,0.01005189045276264,0.04808588179236363,0.0,0.0,0.0,0.0,0.0,0.0,zero,0.0,0.0,0.0,0.0,-0.000540994358145382,0.00014125733653595616,0.0024239604527678126,0.32720522608194025,-0.01539141258272209,0.33251698431594623,1,0.005048036575317383,0.033720143139362335,0.048325926065444946,0.04388923570513725,-0.014212837547010616,-0.005955483746573889,-0.002127139221934954,-0.02052500840512726,0.03178257830788766,0.021798618907219805,1,0.0021140440076123923,1.0,-0.014212837547010616,-0.005955483746573889,-0.002127139221934954,-0.02052500840512726,0.03178257830788766,0.021798618907219805,-0.02052500840512726,0.03178257830788766,0.021798618907219805
1.614919548999751,1788408581.6672442,control,pre_takeoff_hold,1,1,0.0018782999977702275,3.869208335876465,3869.0,0,30.0,1.6086314329877496,3.869208335876465,1,1,0,1.0854933711003192,0.03473169356584549,0.04897722974419594,0.044168103486299515,0.001898840768262744,0.0004850297700613737,0.0018147742375731468,0.09401647746562958,0.06646230816841125,-0.03912021592259407,0.09468498826026917,-0.01821516454219818,0.028538841754198074,-0.013913054538533417,0.008635430998755278,0.047702712099408656,0.034725699573755264,0.04896179586648941,0.04387912154197693,0.048616798040566116,0.0,0.0,0.0,5.99399209022522e-06,1.543387770652771e-05,0.00028898194432258606,-0.014212837547010616,-0.005955483746573889,-0.002127139221934954,0.0,0.0,0.0,-0.013913054538533417,0.008635430998755278,0.047702712099408656,0.0,0.0,0.0,0.0,0.0,0.0,zero,0.0,0.0,0.0,0.0,0.00034403082390689285,0.00019548893825180653,0.0027343579037766128,0.06537627089085214,0.004006055371666046,0.022928870559281698,1,0.0025620460510253906,0.033720143139362335,0.048325926065444946,0.04388923570513725,-0.014212837547010616,-0.005955483746573889,-0.002127139221934954,-0.02052500840512726,0.03178257830788766,0.021798618907219805,1,0.0131504339951789,1.0,-0.014212837547010616,-0.005955483746573889,-0.002127139221934954,-0.02052500840512726,0.03178257830788766,0.021798618907219805,-0.02052500840512726,0.03178257830788766,0.021798618907219805
1.6260931720025837,1788408581.678338,control,pre_takeoff_hold,1,1,0.0031453150004381314,3.869208335876465,3869.0,0,30.0,1.6198050559905823,3.869208335876465,1,1,0,1.0854933711003192,0.03478245809674263,0.049023836851119995,0.04412342980504036,0.0025492049753665924,0.0013337921118363738,0.0005452849436551332,0.08841061592102051,0.07039324194192886,-0.05705711245536804,0.099919892847538,0.02108052745461464,0.0435018315911293,-0.012712397489872438,0.010405784840404324,0.04869792635722072,0.034725699573755264,0.04896179586648941,0.04387912154197693,0.048616798040566116,0.0,0.0,0.0,5.675852298736572e-05,6.204098463058472e-05,0.0002443082630634308,-0.014493415496994209,-0.005682266698416701,-0.0008983373982444304,0.0,0.0,0.0,-0.012712397489872438,0.010405784840404324,0.04869792635722072,0.0,0.0,0.0,0.0,0.0,0.0,zero,0.0,0.0,0.0,0.0,0.0010702441408150217,0.0003078787602319895,0.0027376438114792485,0.07368246498369657,0.011403204719290967,0.0003333920951352428,1,0.003799915313720703,0.033773213624954224,0.04800473153591156,0.04399004578590393,-0.014493415496994209,-0.005682266698416701,-0.0008983373982444304,-0.011742959220184087,0.004789249556408131,0.06923658289046802,1,0.00010049199045170099,1.0,-0.014493415496994209,-0.005682266698416701,-0.0008983373982444304,-0.011742959220184087,0.004789249556408131,0.06923658289046802,-0.011742959220184087,0.004789249556408131,0.06923658289046802
1.6372282550000818,1788408581.6895275,control,pre_takeoff_hold,1,1,0.0059274550003465265,3.869208335876465,3869.0,0,30.0,1.6309401389880804,3.869208335876465,1,1,0,1.0854933711003192,0.03484891355037689,0.0489807203412056,0.04419349879026413,0.003613722510635853,4.558498039841652e-05,0.0020961924456059933,0.09594737738370895,0.02579641155898571,-0.008904021233320236,0.06877029687166214,-0.02314777672290802,0.02337251603603363,-0.013188112824676404,0.008710717999601762,0.04823738986892033,0.034725699573755264,0.04896179586648941,0.04387912154197693,0.048616798040566116,0.0,0.0,0.0,0.0001232139766216278,1.8924474716186523e-05,0.00031437724828720093,-0.014493415496994209,-0.005682266698416701,-0.0008983373982444304,0.0,0.0,0.0,-0.013188112824676404,0.008710717999601762,0.04823738986892033,0.0,0.0,0.0,0.0,0.0,0.0,zero,0.0,0.0,0.0,0.0,0.0016715462626597502,0.0004277004151514414,0.0025782824115468525,0.07122808107946882,0.014193641169093904,-0.018877376784400372,1,0.006547451019287109,0.033773213624954224,0.04800473153591156,0.04399004578590393,-0.014493415496994209,-0.005682266698416701,-0.0008983373982444304,-0.011742959220184087,0.004789249556408131,0.06923658289046802,1,0.011235574987949803,1.0,-0.014493415496994209,-0.005682266698416701,-0.0008983373982444304,-0.011742959220184087,0.004789249556408131,0.06923658289046802,-0.011742959220184087,0.004789249556408131,0.06923658289046802
1.6482123380119447,1788408581.7004585,control,pre_takeoff_hold,1,1,0.004095623007742688,3.869208335876465,3869.0,0,30.0,1.6419242219999433,3.869208335876465,1,1,0,1.0854933711003192,0.03487037122249603,0.048976462334394455,0.0442085787653923,0.003227813169360161,-3.0372739274753258e-05,0.0019136741757392883,0.0707000270485878,0.019444772973656654,-0.009988325648009777,0.044685956090688705,-0.009088476188480854,0.014240678399801254,-0.013848822086679868,0.009307535475772932,0.0479453357537606,0.034725699573755264,0.04896179586648941,0.04387912154197693,0.048616798040566116,0.0,0.0,0.0,0.00014467164874076843,1.4666467905044556e-05,0.00032945722341537476,-0.01465768021818149,-0.005885938226638356,0.0004667360180501673,0.0,0.0,0.0,-0.013848822086679868,0.009307535475772932,0.0479453357537606,0.0,0.0,0.0,0.0,0.0,0.0,zero,0.0,0.0,0.0,0.0,0.00229553573043259,0.0004644814838632693,0.0023024448067848185,0.048973662929913224,0.0028867533096741185,-0.02164904790336667,1,0.004737138748168945,0.03376263752579689,0.048492223024368286,0.04401043802499771,-0.01465768021818149,-0.005885938226638356,0.0004667360180501673,-0.006205470800601453,-0.00939580438129905,0.0647490883089956,1,0.009844680011156015,1.0,-0.01465768021818149,-0.005885938226638356,0.0004667360180501673,-0.006205470800601453,-0.00939580438129905,0.0647490883089956,-0.006205470800601453,-0.00939580438129905,0.0647490883089956
1.6593962960032513,1788408581.7116718,control,pre_takeoff_hold,1,1,0.009965692996047437,3.869208335876465,3869.0,0,30.0,1.65310817999125,3.869208335876465,1,1,0,1.0854933711003192,0.03491780161857605,0.0489320270717144,0.044137902557849884,0.004322418011724949,-0.0016545773250982165,-0.001062090159393847,0.09671982377767563,-0.04403439909219742,-0.11716806143522263,0.0787065178155899,-0.023648779839277267,-0.006277015432715416,-0.012682274417153848,0.008854784236221644,0.047469676115205195,0.034725699573755264,0.04896179586648941,0.04387912154197693,0.048616798040566116,0.0,0.0,0.0,0.00019210204482078552,-2.9768794775009155e-05,0.0002587810158729553,-0.01465768021818149,-0.005885938226638356,0.0004667360180501673,0.0,0.0,0.0,-0.012682274417153848,0.008854784236221644,0.047469676115205195,0.0,0.0,0.0,0.0,0.0,0.0,zero,0.0,0.0,0.0,0.0,0.002803907839438161,0.00044751822846677604,0.002052685143355477,0.09329135326787288,-0.0031129265821899436,-0.045833389716500715,1,0.01050114631652832,0.03376263752579689,0.048492223024368286,0.04401043802499771,-0.01465768021818149,-0.005885938226638356,0.0004667360180501673,-0.006205470800601453,-0.00939580438129905,0.0647490883089956,1,0.021028638002462685,1.0,-0.01465768021818149,-0.005885938226638356,0.0004667360180501673,-0.006205470800601453,-0.00939580438129905,0.0647490883089956,-0.006205470800601453,-0.00939580438129905,0.0647490883089956
1.6705405649991008,1788408581.7227104,control,pre_takeoff_hold,1,1,0.001146832000813447,3.869208335876465,3869.0,0,30.0,1.6642524489870993,3.869208335876465,1,1,0,1.0854933711003192,0.034974049776792526,0.04893949255347252,0.044064734131097794,0.003778178244829178,-0.0010381359606981277,-0.002165446523576975,0.052036501467227936,-0.01969909854233265,-0.09838759899139404,0.04560757800936699,0.015865717083215714,0.0141373910009861,-0.013072768677517674,0.010430243228318913,0.048497130006613154,0.034725699573755264,0.04896179586648941,0.04387912154197693,0.048616798040566116,0.0,0.0,0.0,0.00024835020303726196,-2.230331301689148e-05,0.00018561258912086487,-0.01434834057654456,-0.00552582937194231,0.0014459673071718704,0.0,0.0,0.0,-0.013072768677517674,0.010430243228318913,0.048497130006613154,0.0,0.0,0.0,0.0,0.0,0.0,zero,0.0,0.0,0.0,0.0,0.003610884106281297,-0.00011080934065464177,0.0008837457054272988,0.037681343198218205,-0.03297352095914678,-0.0702297681890945,1,0.0016303062438964844,0.03384591266512871,0.04808272048830986,0.04401744529604912,-0.01434834057654456,-0.00552582937194231,0.0014459673071718704,0.023073408835836244,0.023896550852093086,0.043973547030990594,1,0.007601565986988135,1.0,-0.01434834057654456,-0.00552582937194231,0.0014459673071718704,0.023073408835836244,0.023896550852093086,0.043973547030990594,0.023073408835836244,0.023896550852093086,0.043973547030990594
1.681645144999493,1788408581.7340295,control,pre_takeoff_hold,1,1,0.012251412001205608,3.869208335876465,3869.0,0,30.0,1.6753570289874915,3.869208335876465,1,1,0,1.0854933711003192,0.034974049776792526,0.04893949255347252,0.044064734131097794,0.003778178244829178,-0.0010381359606981277,-0.002165446523576975,0.052036501467227936,-0.01969909854233265,-0.09838759899139404,0.04560757800936699,0.015865717083215714,0.0141373910009861,-0.013072768677517674,0.010430243228318913,0.048497130006613154,0.034725699573755264,0.04896179586648941,0.04387912154197693,0.048616798040566116,0.0,0.0,0.0,0.00024835020303726196,-2.230331301689148e-05,0.00018561258912086487,-0.01365236741284759,-0.005309354106112047,0.0020522773848907216,0.0,0.0,0.0,-0.013072768677517674,0.010430243228318913,0.048497130006613154,0.0,0.0,0.0,0.0,0.0,0.0,zero,0.0,0.0,0.0,0.0,0.003610884106281297,-0.00011080934065464177,0.0008837457054272988,0.037681343198218205,-0.03297352095914678,-0.0702297681890945,1,0.012949466705322266,0.03386902064085007,0.04797918722033501,0.0440203882753849,-0.01365236741284759,-0.005309354106112047,0.0020522773848907216,0.03684445798745419,0.005659731117627248,0.025466235110277343,1,0.0061342519911704585,1.0,-0.01365236741284759,-0.005309354106112047,0.0020522773848907216,0.03684445798745419,0.005659731117627248,0.025466235110277343,0.03684445798745419,0.005659731117627248,0.025466235110277343
1.6926823829999194,1788408581.7448452,control,pre_takeoff_hold,1,1,0.002091464994009584,3.869208335876465,3869.0,0,30.0,1.686394266987918,3.869208335876465,1,1,0,1.0854933711003192,0.03498651087284088,0.048988573253154755,0.04401816427707672,0.0027790390886366367,-0.0008479163516312838,-0.0025202957913279533,0.012427776120603085,-0.040397848933935165,-0.08309963345527649,0.026279479265213013,0.003180790226906538,0.027450330555438995,-0.013726967765195072,0.009358505749638538,0.04806577339186828,0.034725699573755264,0.04896179586648941,0.04387912154197693,0.048616798040566116,0.0,0.0,0.0,0.00026081129908561707,2.6777386665344238e-05,0.00013904273509979248,-0.013299614595520561,-0.005317965558551321,0.002193397094880089,0.0,0.0,0.0,-0.013726967765195072,0.009358505749638538,0.04806577339186828,0.0,0.0,0.0,0.0,0.0,0.0,zero,0.0,0.0,0.0,0.0,0.0038524855941178024,-0.0007043658324124789,-0.0013059068060035945,0.02159518420170946,-0.059147486442101965,-0.22542669638782908,1,0.0025811195373535156,0.03387349098920822,0.04796209931373596,0.04401968792080879,-0.013299614595520561,-0.005317965558551321,0.002193397094880089,0.03527528173269734,-0.0008611452439272582,0.014111970998934546,1,0.004161409990047105,1.0,-0.013299614595520561,-0.005317965558551321,0.002193397094880089,0.03527528173269734,-0.0008611452439272582,0.014111970998934546,0.03527528173269734,-0.0008611452439272582,0.014111970998934546
1.703772487002425,1788408581.7559767,control,pre_takeoff_hold,1,1,0.013181568996515125,3.869208335876465,3869.0,0,30.0,1.6974843709904235,3.869208335876465,1,1,0,1.0854933711003192,0.03498651087284088,0.048988573253154755,0.04401816427707672,0.0027790390886366367,-0.0008479163516312838,-0.0025202957913279533,0.012427776120603085,-0.040397848933935165,-0.08309963345527649,0.026279479265213013,0.003180790226906538,0.027450330555438995,-0.013726967765195072,0.009358505749638538,0.04806577339186828,0.034725699573755264,0.04896179586648941,0.04387912154197693,0.048616798040566116,0.0,0.0,0.0,0.00026081129908561707,2.6777386665344238e-05,0.00013904273509979248,-0.013299614595520561,-0.005317965558551321,0.002193397094880089,0.0,0.0,0.0,-0.013726967765195072,0.009358505749638538,0.04806577339186828,0.0,0.0,0.0,0.0,0.0,0.0,zero,0.0,0.0,0.0,0.0,0.0038524855941178024,-0.0007043658324124789,-0.0013059068060035945,0.02159518420170946,-0.059147486442101965,-0.22542669638782908,1,0.013712644577026367,0.03387349098920822,0.04796209931373596,0.04401968792080879,-0.013299614595520561,-0.005317965558551321,0.002193397094880089,0.03527528173269734,-0.0008611452439272582,0.014111970998934546,1,0.015251513992552646,1.0,-0.013299614595520561,-0.005317965558551321,0.002193397094880089,0.03527528173269734,-0.0008611452439272582,0.014111970998934546,0.03527528173269734,-0.0008611452439272582,0.014111970998934546
1.7149809020047542,1788408581.7671404,control,pre_takeoff_hold,1,1,0.004160311000305228,3.869208335876465,3869.0,0,30.0,1.7086927859927528,3.869208335876465,1,1,0,1.0854933711003192,0.034966327250003815,0.04894254356622696,0.04406188055872917,0.0018288949504494667,-0.002394565846771002,5.191285163164139e-05,-0.0028839167207479477,-0.09582740068435669,0.03754650428891182,0.010517286136746407,-0.015078553929924965,0.015645356848835945,-0.014010533907953185,0.009194743519101652,0.047848537450866084,0.034725699573755264,0.04896179586648941,0.04387912154197693,0.048616798040566116,0.0,0.0,0.0,0.00024062767624855042,-1.9252300262451172e-05,0.00018275901675224304,-0.012804854122287938,-0.005219725499662424,0.0021314069667863135,0.0,0.0,0.0,-0.014010533907953185,0.009194743519101652,0.047848537450866084,0.0,0.0,0.0,0.0,0.0,0.0,zero,0.0,0.0,0.0,0.0,0.0031923166827390378,-0.0008404667401163825,-0.002466221679096599,-0.06654130114925075,-0.014190899784407032,-0.10387420905501214,1,0.004559755325317383,0.03387545794248581,0.048205386847257614,0.04401656612753868,-0.012804854122287938,-0.005219725499662424,0.0021314069667863135,0.020404108857400714,0.008243130344987125,-0.007843145371035205,1,0.0019132460001856089,1.0,-0.012804854122287938,-0.005219725499662424,0.0021314069667863135,0.020404108857400714,0.008243130344987125,-0.007843145371035205,0.020404108857400714,0.008243130344987125,-0.007843145371035205
1.7260879060049774,1788408581.7782614,control,pre_takeoff_hold,1,1,0.003875608992530033,3.869208335876465,3869.0,0,30.0,1.719799789992976,3.869208335876465,1,1,0,1.0854933711003192,0.034970466047525406,0.04892702028155327,0.04405016824603081,0.0015366461593657732,-0.00219144020229578,-0.00016655126819387078,-0.007499240338802338,-0.07305318117141724,0.02615595981478691,0.0031273229978978634,-0.006061916705220938,0.001231566071510315,-0.014314085637474614,0.009523489214694925,0.04720860278416675,0.034725699573755264,0.04896179586648941,0.04387912154197693,0.048616798040566116,0.0,0.0,0.0,0.0002447664737701416,-3.477558493614197e-05,0.00017104670405387878,-0.012712618867526743,-0.005333592371937152,0.0019111309665229032,0.0,0.0,0.0,-0.014314085637474614,0.009523489214694925,0.04720860278416675,0.0,0.0,0.0,0.0,0.0,0.0,zero,0.0,0.0,0.0,0.0,0.0027803507479332757,-0.0010686151344660414,-0.00235526313189717,-0.036598965691340066,-0.020268654643191386,0.009857533642988092,1,0.004424571990966797,0.033871833235025406,0.04800375550985336,0.044016242027282715,-0.012712618867526743,-0.005333592371937152,0.0019111309665229032,-0.0013050046146527827,-0.01318485934233744,-0.010918759976644378,1,0.0005773559969384223,1.0,-0.012712618867526743,-0.005333592371937152,0.0019111309665229032,-0.0013050046146527827,-0.01318485934233744,-0.010918759976644378,-0.0013050046146527827,-0.01318485934233744,-0.010918759976644378
1.7374740790110081,1788408581.7896547,control,pre_takeoff_hold,1,1,0.0001227710017701611,3.869208335876465,3869.0,0,30.0,1.7311859629990067,3.869208335876465,1,1,0,1.0854933711003192,0.03500863537192345,0.048912789672613144,0.04405440390110016,0.0017384954262524843,-0.0019429884850978851,-7.673741492908448e-05,-0.0033067248295992613,-0.055128201842308044,0.022122884169220924,-0.008991880342364311,-0.019959192723035812,-0.0018494692631065845,-0.015177438095479645,0.008387820076593838,0.047012820077679776,0.034725699573755264,0.04896179586648941,0.04387912154197693,0.048616798040566116,0.0,0.0,0.0,0.0002829357981681824,-4.900619387626648e-05,0.00017528235912322998,-0.012712618867526743,-0.005333592371937152,0.0019111309665229032,0.0,0.0,0.0,-0.015177438095479645,0.008387820076593838,0.047012820077679776,0.0,0.0,0.0,0.0,0.0,0.0,zero,0.0,0.0,0.0,0.0,0.0022897206421724652,-0.0014840091234639148,-0.0016485276428039684,-0.0327250896921742,-0.02770683125216253,0.04713934590979394,1,0.0008254051208496094,0.033871833235025406,0.04800375550985336,0.044016242027282715,-0.012712618867526743,-0.005333592371937152,0.0019111309665229032,-0.0013050046146527827,-0.01318485934233744,-0.010918759976644378,1,0.011963529002969153,1.0,-0.012712618867526743,-0.005333592371937152,0.0019111309665229032,-0.0013050046146527827,-0.01318485934233744,-0.010918759976644378,-0.0013050046146527827,-0.01318485934233744,-0.010918759976644378
1.7482213860057527,1788408581.8003902,control,pre_takeoff_hold,1,1,0.005444737005745992,3.869208335876465,3869.0,0,30.0,1.7419332699937513,3.869208335876465,1,1,0,1.0854933711003192,0.035017192363739014,0.048964597284793854,0.043997153639793396,0.001696753315627575,0.00029800087213516235,-0.002108384622260928,-0.004137877374887466,0.036024462431669235,-0.054943643510341644,0.006230541039258242,-0.022098414599895477,0.021313218399882317,-0.014796678856858252,0.00822592016432213,0.047652810189717766,0.034725699573755264,0.04896179586648941,0.04387912154197693,0.048616798040566116,0.0,0.0,0.0,0.0002914927899837494,2.8014183044433594e-06,0.00011803209781646729,-0.012712618867526743,-0.005333592371937152,0.0019111309665229032,0.0,0.0,0.0,-0.014796678856858252,0.00822592016432213,0.047652810189717766,0.0,0.0,0.0,0.0,0.0,0.0,zero,0.0,0.0,0.0,0.0,0.0019118179856958649,-0.0017753127339757487,-0.0010959648808988199,-0.06754330010953384,-0.052065278850480554,0.09876065123406537,1,0.0059659481048583984,0.033871833235025406,0.04800375550985336,0.044016242027282715,-0.012712618867526743,-0.005333592371937152,0.0019111309665229032,-0.0013050046146527827,-0.01318485934233744,-0.010918759976644378,1,0.02271083599771373,1.0,-0.012712618867526743,-0.005333592371937152,0.0019111309665229032,-0.0013050046146527827,-0.01318485934233744,-0.010918759976644378,-0.0013050046146527827,-0.01318485934233744,-0.010918759976644378
1.7593633320066147,1788408581.8115573,control,pre_takeoff_hold,1,1,0.009911037996062078,3.869208335876465,3869.0,0,30.0,1.7530752159946132,3.869208335876465,1,1,0,1.0854933711003192,0.03503948822617531,0.0489175021648407,0.04394121840596199,0.002024231944233179,-0.0011701296316459775,-0.0033596300054341555,0.006483995355665684,-0.015089573338627815,-0.08137741684913635,-0.005610824562609196,-0.00842559989541769,0.007313978858292103,-0.015153704834045151,0.008530394877466166,0.04732265519939778,0.034725699573755264,0.04896179586648941,0.04387912154197693,0.048616798040566116,0.0,0.0,0.0,0.00031378865242004395,-4.429370164871216e-05,6.209686398506165e-05,-0.012943019370145643,-0.005881912107573789,0.0017244817780924092,0.0,0.0,0.0,-0.015153704834045151,0.008530394877466166,0.04732265519939778,0.0,0.0,0.0,0.0,0.0,0.0,zero,0.0,0.0,0.0,0.0,0.0016537367511878073,-0.001885832964593374,-0.0007896443377958327,-0.03859489978329532,-0.01652780851286869,0.04580887364848403,1,0.01044607162475586,0.034340668469667435,0.04793863371014595,0.04402220621705055,-0.012943019370145643,-0.005881912107573789,0.0017244817780924092,-0.010636499191356358,-0.029639940694667667,-0.00931817474512878,1,0.009335273003671318,1.0,-0.012943019370145643,-0.005881912107573789,0.0017244817780924092,-0.010636499191356358,-0.029639940694667667,-0.00931817474512878,-0.010636499191356358,-0.029639940694667667,-0.00931817474512878
1.7705303910042858,1788408581.8227193,control,pre_takeoff_hold,1,1,0.0031914129940560088,3.869208335876465,3869.0,0,30.0,1.7642422749922844,3.869208335876465,1,1,0,1.0854933711003192,0.035016681998968124,0.04894144460558891,0.04395361617207527,0.0013617950025945902,-0.0006656798068434,-0.002547674346715212,-0.0022948626428842545,-0.006374024786055088,-0.055931102484464645,0.006835469510406256,-0.01621381938457489,0.008748341351747513,-0.014148921732409097,0.007695504710983744,0.04759143191623929,0.034725699573755264,0.04896179586648941,0.04387912154197693,0.048616798040566116,0.0,0.0,0.0,0.0002909824252128601,-2.0351260900497437e-05,7.44946300983429e-05,-0.01280759128193481,-0.006153978954891652,0.0015248056284990204,0.0,0.0,0.0,-0.014148921732409097,0.007695504710983744,0.04759143191623929,0.0,0.0,0.0,0.0,0.0,0.0,zero,0.0,0.0,0.0,0.0,0.0016143357331913394,-0.0014573610796148003,-0.0014778896076851592,-0.0022250925312256114,0.02419708016659492,-0.03886725489730691,1,0.0039005279541015625,0.034624479711055756,0.04793715104460716,0.04349676892161369,-0.01280759128193481,-0.006153978954891652,0.0015248056284990204,0.013542808821081151,-0.027206684731782053,-0.019967614959335765,1,0.008195212998543866,1.0,-0.01280759128193481,-0.006153978954891652,0.0015248056284990204,0.013542808821081151,-0.027206684731782053,-0.019967614959335765,0.013542808821081151,-0.027206684731782053,-0.019967614959335765
1.7815824080025777,1788408581.8337681,control,pre_takeoff_hold,1,1,0.0069439649960258976,3.869208335876465,3869.0,0,30.0,1.7752942919905763,3.869208335876465,1,1,0,1.0854933711003192,0.035031840205192566,0.04891455918550491,0.04393426328897476,0.0015001333085820079,-0.001260979101061821,-0.002562487730756402,0.0019122560042887926,-0.02122829481959343,-0.045146238058805466,-0.01181560754776001,-0.009150909259915352,-0.0007903440855443478,-0.014789095184692305,0.007832326183782158,0.047301933424445025,0.034725699573755264,0.04896179586648941,0.04387912154197693,0.048616798040566116,0.0,0.0,0.0,0.00030614063143730164,-4.723668098449707e-05,5.514174699783325e-05,-0.011821256027624646,-0.0064465573904418936,0.0003050939447285235,0.0,0.0,0.0,-0.014789095184692305,0.007832326183782158,0.047301933424445025,0.0,0.0,0.0,0.0,0.0,0.0,zero,0.0,0.0,0.0,0.0,0.0015849754904931005,-0.0011425564586697167,-0.0020216210816874367,-0.003977063150439029,0.042642626303076095,-0.07365247049262526,1,0.007566928863525391,0.03483537957072258,0.04793895035982132,0.04310010001063347,-0.011821256027624646,-0.0064465573904418936,0.0003050939447285235,0.056810460537894784,-0.009570675650557595,-0.07522909251733093,1,0.006682574996375479,1.0,-0.011821256027624646,-0.0064465573904418936,0.0003050939447285235,0.056810460537894784,-0.009570675650557595,-0.07522909251733093,0.056810460537894784,-0.009570675650557595,-0.07522909251733093
1.7926807699986966,1788408581.845019,control,pre_takeoff_hold,1,1,0.0015164209908107296,3.869208335876465,3869.0,0,30.0,1.7863926539866952,3.869208335876465,1,1,0,1.0854933711003192,0.03502846136689186,0.04887686297297478,0.04398566856980324,0.0008877467480488122,-0.001652540173381567,-0.0005404002731665969,-0.01205756887793541,-0.022687576711177826,0.014440640807151794,0.014656259678304195,0.02755434438586235,0.0011439337395131588,-0.013798417935467835,0.009375270969967979,0.047340593254394596,0.034725699573755264,0.04896179586648941,0.04387912154197693,0.048616798040566116,0.0,0.0,0.0,0.0003027617931365967,-8.493289351463318e-05,0.0001065470278263092,-0.011229136804829475,-0.0064680889526180195,-0.0005916599657017471,0.0,0.0,0.0,-0.013798417935467835,0.009375270969967979,0.047340593254394596,0.0,0.0,0.0,0.0,0.0,0.0,zero,0.0,0.0,0.0,0.0,0.0014793760608074664,-0.0008476754916617236,-0.0024291951148636484,-0.007634176254241434,0.00979329362208781,-0.006463753680504863,1,0.0023512840270996094,0.03487005457282066,0.04793925583362579,0.0430329255759716,-0.011229136804829475,-0.0064680889526180195,-0.0005916599657017471,0.059211922279528935,-0.002153156217613023,-0.0896753910430449,1,0.005258229997707531,1.0,-0.011229136804829475,-0.0064680889526180195,-0.0005916599657017471,0.059211922279528935,-0.002153156217613023,-0.0896753910430449,0.059211922279528935,-0.002153156217613023,-0.0896753910430449
1.8038778410118539,1788408581.8560543,control,pre_takeoff_hold,1,1,0.0037783590087201446,3.869208335876465,3869.0,0,30.0,1.7975897249998525,3.869208335876465,1,1,0,1.0854933711003192,0.03493773564696312,0.048935018479824066,0.04398033022880554,-0.001285608857870102,-4.2713130824267864e-05,-0.0005497543606907129,-0.05745605751872063,0.017263304442167282,0.011346738785505295,-0.015806391835212708,0.011601344682276249,0.006526007317006588,-0.015047552063660668,0.008904318626595902,0.047602483079948875,0.034725699573755264,0.04896179586648941,0.04387912154197693,0.048616798040566116,0.0,0.0,0.0,0.00021203607320785522,-2.6777386665344238e-05,0.00010120868682861328,-0.010712362077917863,-0.00643780599645509,-0.0014757892314351362,0.0,0.0,0.0,-0.015047552063660668,0.008904318626595902,0.047602483079948875,0.0,0.0,0.0,0.0,0.0,0.0,zero,0.0,0.0,0.0,0.0,0.00130736979112704,-0.0008253207052739041,-0.0022374366807754098,-0.018922196473514598,0.0024592223349746063,0.021095107591209267,1,0.004296302795410156,0.03488679230213165,0.04793998971581459,0.04299953579902649,-0.010712362077917863,-0.00643780599645509,-0.0014757892314351362,0.05167747269115311,0.003028295616292488,-0.08841292657332508,1,0.0041701030131662264,1.0,-0.010712362077917863,-0.00643780599645509,-0.0014757892314351362,0.05167747269115311,0.003028295616292488,-0.08841292657332508,0.05167747269115311,0.003028295616292488,-0.08841292657332508
1.8150143009988824,1788408581.867172,control,pre_takeoff_hold,1,1,0.0025595560000510886,3.869208335876465,3869.0,0,30.0,1.808726184986881,3.869208335876465,1,1,0,1.0854933711003192,0.03493071347475052,0.04894094169139862,0.04403702914714813,-0.0011434926418587565,6.283679977059364e-05,0.0004887820687144995,-0.043637342751026154,0.015539286658167839,0.026086006313562393,0.015332466922700405,0.007118819281458855,0.01239190436899662,-0.013335369082170137,0.008778518857183941,0.04804219432004578,0.034725699573755264,0.04896179586648941,0.04387912154197693,0.048616798040566116,0.0,0.0,0.0,0.00020501390099525452,-2.0854175090789795e-05,0.0001579076051712036,-0.0102934756072213,-0.006380693955588267,-0.0021835510586191076,0.0,0.0,0.0,-0.013335369082170137,0.008778518857183941,0.04804219432004578,0.0,0.0,0.0,0.0,0.0,0.0,zero,0.0,0.0,0.0,0.0,0.0008101745743831077,-0.0007307581630836692,-0.001744317107836569,-0.04070955933256437,0.007742631651088729,0.04037585205277928,1,0.0032007694244384766,0.034896522760391235,0.047939982265233994,0.04298641160130501,-0.0102934756072213,-0.006380693955588267,-0.0021835510586191076,0.04188864706966452,0.00571120408668341,-0.07077618271841123,1,0.002899134997278452,1.0,-0.0102934756072213,-0.006380693955588267,-0.0021835510586191076,0.04188864706966452,0.00571120408668341,-0.07077618271841123,0.04188864706966452,0.00571120408668341,-0.07077618271841123
1.8260716250078985,1788408581.8782172,control,pre_takeoff_hold,1,1,0.0035193530056858435,3.869208335876465,3869.0,0,30.0,1.8197835089958971,3.869208335876465,1,1,0,1.0854933711003192,0.03486870229244232,0.048938553780317307,0.04402528703212738,-0.002127531450241804,3.5696575650945306e-06,0.00016138801584020257,-0.05415447801351547,0.01127235684543848,0.014466041699051857,-0.008371780626475811,-0.009958641603589058,0.010937713086605072,-0.014390111921584575,0.007978896733735821,0.04810565756300139,0.034725699573755264,0.04896179586648941,0.04387912154197693,0.048616798040566116,0.0,0.0,0.0,0.0001430027186870575,-2.3242086172103882e-05,0.00014616549015045166,-0.009912751436669483,-0.006230581360867082,-0.0026081037795087636,0.0,0.0,0.0,-0.014390111921584575,0.007978896733735821,0.04810565756300139,0.0,0.0,0.0,0.0,0.0,0.0,zero,0.0,0.0,0.0,0.0,0.0002067763523387118,-0.0005662140841949357,-0.0011953425993985784,-0.059010342667265854,0.01609186458355088,0.053687884178313244,1,0.00402069091796875,0.03432345390319824,0.04791427031159401,0.043515678495168686,-0.009912751436669483,-0.006230581360867082,-0.0026081037795087636,0.007465124348074322,0.00755845380455651,-0.0014238165548069739,1,0.0013196360087022185,1.0,-0.009912751436669483,-0.006230581360867082,-0.0026081037795087636,0.007465124348074322,0.00755845380455651,-0.0014238165548069739,0.007465124348074322,0.00755845380455651,-0.0014238165548069739
1.8373868290073005,1788408581.8895686,control,pre_takeoff_hold,1,1,0.00808532400697004,3.869208335876465,3869.0,0,30.0,1.8310987129952991,3.869208335876465,1,1,0,1.0854933711003192,0.03483755886554718,0.04893310368061066,0.04402089864015579,-0.0026015921030193567,-0.00015456850815098733,2.3532338673248887e-06,-0.057016659528017044,0.004450119566172361,0.006979168858379126,0.003914480097591877,0.014858173206448555,0.0038849767297506332,-0.014024227187919559,0.00876663922379198,0.04792600532787741,0.034725699573755264,0.04896179586648941,0.04387912154197693,0.048616798040566116,0.0,0.0,0.0,0.0001118592917919159,-2.8692185878753662e-05,0.00014177709817886353,-0.010212946293971587,-0.0061857499194341355,-0.002156604671891939,0.0,0.0,0.0,-0.014024227187919559,0.00876663922379198,0.04792600532787741,0.0,0.0,0.0,0.0,0.0,0.0,zero,0.0,0.0,0.0,0.0,-0.0003531054152597354,-0.00041784560583246457,-0.0007322176225269745,-0.08083976513357559,0.02142251031944736,0.06686932228277997,1,0.008446216583251953,0.03409305587410927,0.047927577048540115,0.04377136379480362,-0.010212946293971587,-0.0061857499194341355,-0.002156604671891939,-0.030019485730216417,0.004483144143295505,0.045149910761691434,1,0.00010171699977945536,1.0,-0.010212946293971587,-0.0061857499194341355,-0.002156604671891939,-0.030019485730216417,0.004483144143295505,0.045149910761691434,-0.030019485730216417,0.004483144143295505,0.045149910761691434
1.8481551010045223,1788408581.9003093,control,pre_takeoff_hold,1,1,0.0062633539928356186,3.869208335876465,3869.0,0,30.0,1.8418669849925209,3.869208335876465,1,1,0,1.0854933711003192,0.034790344536304474,0.048923883587121964,0.04403301700949669,-0.002839438384398818,-0.0002717104507610202,0.00019647857698146254,-0.049432650208473206,0.0016790381632745266,0.00870058685541153,-0.01319019217044115,-0.007462998852133751,0.012292158789932728,-0.015035844089645116,0.0075700939656375785,0.04851541073109963,0.034725699573755264,0.04896179586648941,0.04387912154197693,0.048616798040566116,0.0,0.0,0.0,6.46449625492096e-05,-3.79122793674469e-05,0.00015389546751976013,-0.010212946293971587,-0.0061857499194341355,-0.002156604671891939,0.0,0.0,0.0,-0.015035844089645116,0.0075700939656375785,0.04851541073109963,0.0,0.0,0.0,0.0,0.0,0.0,zero,0.0,0.0,0.0,0.0,-0.0010798712534127698,-0.00029084182582441397,-0.0003423982311413818,-0.058353628814821104,0.010197413042285055,0.03129945695788807,1,0.006732463836669922,0.03409305587410927,0.047927577048540115,0.04377136379480362,-0.010212946293971587,-0.0061857499194341355,-0.002156604671891939,-0.030019485730216417,0.004483144143295505,0.045149910761691434,1,0.010869988997001201,1.0,-0.010212946293971587,-0.0061857499194341355,-0.002156604671891939,-0.030019485730216417,0.004483144143295505,0.045149910761691434,-0.030019485730216417,0.004483144143295505,0.045149910761691434
1.859414545004256,1788408581.9116719,control,pre_takeoff_hold,1,1,0.0047805030044401065,3.869208335876465,3869.0,0,30.0,1.8531264289922547,3.869208335876465,1,1,0,1.0854933711003192,0.034806352108716965,0.048966530710458755,0.04408722370862961,-0.002017978811636567,0.0004581937682814896,0.0010158573277294636,-0.026533590629696846,0.012905456125736237,0.01994003914296627,0.003726813942193985,-0.0053807650692760944,-0.0051910411566495895,-0.014141630573237564,0.007593475920435217,0.04756645321748048,0.034725699573755264,0.04896179586648941,0.04387912154197693,0.048616798040566116,0.0,0.0,0.0,8.065253496170044e-05,4.734843969345093e-06,0.00020810216665267944,-0.010212946293971587,-0.0061857499194341355,-0.002156604671891939,0.0,0.0,0.0,-0.014141630573237564,0.007593475920435217,0.04756645321748048,0.0,0.0,0.0,0.0,0.0,0.0,zero,0.0,0.0,0.0,0.0,-0.0017391239308228478,-0.00018227205840652916,-1.2114734157761629e-05,-0.05221812063285933,0.008599599829280756,0.026161112543810285,1,0.0054700374603271484,0.03409305587410927,0.047927577048540115,0.04377136379480362,-0.010212946293971587,-0.0061857499194341355,-0.002156604671891939,-0.030019485730216417,0.004483144143295505,0.045149910761691434,1,0.022129432996734977,1.0,-0.010212946293971587,-0.0061857499194341355,-0.002156604671891939,-0.030019485730216417,0.004483144143295505,0.045149910761691434,-0.030019485730216417,0.004483144143295505,0.045149910761691434
1.8705594970087986,1788408581.9228528,control,pre_takeoff_hold,1,1,0.007943621996673755,3.869208335876465,3869.0,0,30.0,1.8642713809967972,3.869208335876465,1,1,0,1.0854933711003192,0.0347655713558197,0.04892720282077789,0.044052835553884506,-0.0026134299114346504,-0.0005968997720628977,-2.975529059767723e-05,-0.03581423684954643,-0.015523317269980907,-0.00966338999569416,-0.0011021208483725786,0.024932334199547768,0.023245444521307945,-0.014299291673941705,0.00880270094527918,0.04866779815175714,0.034725699573755264,0.04896179586648941,0.04387912154197693,0.048616798040566116,0.0,0.0,0.0,3.9871782064437866e-05,-3.4593045711517334e-05,0.00017371401190757751,-0.011679784190511234,-0.006224480392055935,-0.000515547531273882,0.0,0.0,0.0,-0.014299291673941705,0.00880270094527918,0.04866779815175714,0.0,0.0,0.0,0.0,0.0,0.0,zero,0.0,0.0,0.0,0.0,-0.0022006470467947044,-9.707664702884449e-05,0.00024408759566020013,-0.05653693891215345,0.010436503832561358,0.03138498369592559,1,0.008487701416015625,0.033886317163705826,0.047920744866132736,0.043962184339761734,-0.011679784190511234,-0.006224480392055935,-0.000515547531273882,-0.08137431926675566,-0.004082850781205978,0.08608777435143801,1,0.008292475002235733,1.0,-0.011679784190511234,-0.006224480392055935,-0.000515547531273882,-0.08137431926675566,-0.004082850781205978,0.08608777435143801,-0.08137431926675566,-0.004082850781205978,0.08608777435143801
1.88158395201026,1788408581.9338238,control,pre_takeoff_hold,1,1,0.0039312430017162114,3.869208335876465,3869.0,0,30.0,1.8752958359982586,3.869208335876465,1,1,0,1.0854933711003192,0.03477652743458748,0.04893884062767029,0.04409394785761833,-0.001944833085872233,-0.00032252981327474117,0.0005237212171778083,-0.01974714919924736,-0.008764649741351604,-0.0003596222959458828,-0.006430625915527344,0.03150501102209091,0.007387265563011169,-0.0147238313199687,0.009658343428363634,0.04781359244539217,0.034725699573755264,0.04896179586648941,0.04387912154197693,0.048616798040566116,0.0,0.0,0.0,5.0827860832214355e-05,-2.2955238819122314e-05,0.0002148263156414032,-0.013147014362861413,-0.006300938743114973,0.0008399012372329797,0.0,0.0,0.0,-0.0147238313199687,0.009658343428363634,0.04781359244539217,0.0,0.0,0.0,0.0,0.0,0.0,zero,0.0,0.0,0.0,0.0,-0.0024112799938962332,-0.00011256144428016609,0.0003821987457919801,-0.014025824165868589,-0.0010311161975361531,0.009196674754593338,1,0.004441261291503906,0.033867817372083664,0.04793472960591316,0.04400161653757095,-0.013147014362861413,-0.006300938743114973,0.0008399012372329797,-0.06749925998441032,-0.002934920456729399,0.058879899213959024,1,0.006809195998357609,1.0,-0.013147014362861413,-0.006300938743114973,0.0008399012372329797,-0.06749925998441032,-0.002934920456729399,0.058879899213959024,-0.06749925998441032,-0.002934920456729399,0.058879899213959024
1.8926699670118978,1788408581.945239,control,pre_takeoff_hold,1,1,0.006506948004243895,3.869208335876465,3869.0,0,30.0,1.8863818509998964,3.869208335876465,1,1,0,1.0854933711003192,0.034657012671232224,0.048958517611026764,0.04415421932935715,-0.004373098257929087,0.00020580689306370914,0.0018397110980004072,-0.07303738594055176,0.005442364141345024,0.0307331420481205,-0.017384270206093788,0.02177293971180916,0.028918523341417313,-0.015233691760630613,0.009527423875296233,0.048791801992742564,0.034725699573755264,0.04896179586648941,0.04387912154197693,0.048616798040566116,0.0,0.0,0.0,-6.868690252304077e-05,-3.2782554626464844e-06,0.0002750977873802185,-0.013692986457685942,-0.006312084392819979,0.0012413228197315897,0.0,0.0,0.0,-0.015233691760630613,0.009527423875296233,0.048791801992742564,0.0,0.0,0.0,0.0,0.0,0.0,zero,0.0,0.0,0.0,0.0,-0.002569253603031441,-0.000137728845730143,0.0005000463187999759,-0.018618859153349196,-0.002966244206346249,0.01388958178148562,1,0.0073719024658203125,0.0337219275534153,0.04787251353263855,0.04401572048664093,-0.013692986457685942,-0.006312084392819979,0.0012413228197315897,-0.054597209482444356,-0.0011145649705003931,0.040142158249854724,1,0.005470790012623183,1.0,-0.013692986457685942,-0.006312084392819979,0.0012413228197315897,-0.054597209482444356,-0.0011145649705003931,0.040142158249854724,-0.054597209482444356,-0.0011145649705003931,0.040142158249854724
1.9037897900125245,1788408581.9560962,control,pre_takeoff_hold,1,1,0.002069838999886997,3.869208335876465,3869.0,0,30.0,1.897501674000523,3.869208335876465,1,1,0,1.0854933711003192,0.03469251096248627,0.048940494656562805,0.04411531984806061,-0.002007064176723361,-0.0003399610286578536,0.00020405882969498634,0.006364281289279461,-0.010561025701463223,-0.019777419045567513,-0.025478344410657883,-0.034476593136787415,0.01316902320832014,-0.015785196643474265,0.007289600804207606,0.04851796903494299,0.034725699573755264,0.04896179586648941,0.04387912154197693,0.048616798040566116,0.0,0.0,0.0,-3.318861126899719e-05,-2.1301209926605225e-05,0.0002361983060836792,-0.014121981495791627,-0.006310635181069982,0.0014795031763126976,0.0,0.0,0.0,-0.015785196643474265,0.007289600804207606,0.04851796903494299,0.0,0.0,0.0,0.0,0.0,0.0,zero,0.0,0.0,0.0,0.0,-0.002870566237694937,-9.372704993338113e-05,0.0008237277799968512,-0.016002267664067774,0.004450842905929359,0.020197093819403822,1,0.0025565624237060547,0.03379806876182556,0.04791006073355675,0.04401393607258797,-0.014121981495791627,-0.006310635181069982,0.0014795031763126976,-0.042899503810577035,0.00014492117499968868,0.02381803565811553,1,0.0036920610000379384,1.0,-0.014121981495791627,-0.006310635181069982,0.0014795031763126976,-0.042899503810577035,0.00014492117499968868,0.02381803565811553,-0.042899503810577035,0.00014492117499968868,0.02381803565811553
1.9149280880083097,1788408581.9671786,control,pre_takeoff_hold,1,1,0.0051703360077226534,3.869208335876465,3869.0,0,30.0,1.9086399719963083,3.869208335876465,1,1,0,1.0854933711003192,0.034637100994586945,0.04899407923221588,0.04405637085437775,-0.0030283660162240267,0.0011038766242563725,-0.0013503360096365213,-0.021131673827767372,0.028623372316360474,-0.055732809007167816,-0.007378046400845051,-0.008104268461465836,0.0028945119120180607,-0.015281081244251265,0.008043451470144111,0.04820863210229337,0.034725699573755264,0.04896179586648941,0.04387912154197693,0.048616798040566116,0.0,0.0,0.0,-8.85985791683197e-05,3.228336572647095e-05,0.00017724931240081787,-0.014453425706438209,-0.0063160750303648955,0.0015905659042990948,0.0,0.0,0.0,-0.015281081244251265,0.008043451470144111,0.04820863210229337,0.0,0.0,0.0,0.0,0.0,0.0,zero,0.0,0.0,0.0,0.0,-0.0029136614892353624,-4.2495773805626026e-05,0.0008648995106831815,-0.005532061759105502,0.006576468947412246,0.005285142765030242,1,0.005848884582519531,0.03364834189414978,0.04784600809216499,0.0440274141728878,-0.014453425706438209,-0.0063160750303648955,0.0015905659042990948,-0.03314442106465301,-0.0005439849294912504,0.01110627279863798,1,0.0024295909970533103,1.0,-0.014453425706438209,-0.0063160750303648955,0.0015905659042990948,-0.03314442106465301,-0.0005439849294912504,0.01110627279863798,-0.03314442106465301,-0.0005439849294912504,0.01110627279863798
1.9260003300005337,1788408581.9782498,control,pre_takeoff_hold,1,1,0.0007263729930855334,3.869208335876465,3869.0,0,30.0,1.9197122139885323,3.869208335876465,1,1,0,1.0854933711003192,0.03467149659991264,0.04899262264370918,0.04401955008506775,-0.0019799480214715004,0.0008643519249744713,-0.0015542309265583754,-0.003409959375858307,0.019815504550933838,-0.04721081256866455,0.008680382743477821,-0.0076532987877726555,0.0068484582006931305,-0.014145355344904121,0.007957757174485058,0.04856208456138881,0.034725699573755264,0.04896179586648941,0.04387912154197693,0.048616798040566116,0.0,0.0,0.0,-5.420297384262085e-05,3.082677721977234e-05,0.0001404285430908203,-0.014905058704892154,-0.006394606106388537,0.001545537753451595,0.0,0.0,0.0,-0.014145355344904121,0.007957757174485058,0.04856208456138881,0.0,0.0,0.0,0.0,0.0,0.0,zero,0.0,0.0,0.0,0.0,-0.0028051198557207365,0.00020236386444640625,0.0002977171504099978,0.006985999165481449,0.01575975202416947,-0.03650521341205297,1,0.001383066177368164,0.03373435512185097,0.04788179323077202,0.04401957988739014,-0.014905058704892154,-0.006394606106388537,0.001545537753451595,-0.020215633572254782,-0.005830245983710296,-0.0056889315737845775,1,0.0014283929922385141,1.0,-0.014905058704892154,-0.006394606106388537,0.001545537753451595,-0.020215633572254782,-0.005830245983710296,-0.0056889315737845775,-0.020215633572254782,-0.005830245983710296,-0.0056889315737845775
1.937129261001246,1788408581.9894361,control,pre_takeoff_hold,1,1,0.00506269300240092,3.869208335876465,3869.0,0,30.0,1.9308411449892446,3.869208335876465,1,1,0,1.0854933711003192,0.03465179353952408,0.049005161970853806,0.04397394135594368,-0.0021635200828313828,0.0010603234404698014,-0.0025849565863609314,-0.00812770426273346,0.021616868674755096,-0.06808724254369736,0.02499369904398918,0.036469943821430206,0.0107039175927639,-0.013530371209066592,0.009408074049945075,0.04871967213457874,0.034725699573755264,0.04896179586648941,0.04387912154197693,0.048616798040566116,0.0,0.0,0.0,-7.390603423118591e-05,4.336610436439514e-05,9.48198139667511e-05,-0.014905058704892154,-0.006394606106388537,0.001545537753451595,0.0,0.0,0.0,-0.013530371209066592,0.009408074049945075,0.04871967213457874,0.0,0.0,0.0,0.0,0.0,0.0,zero,0.0,0.0,0.0,0.0,-0.0026960110778059083,0.0004194229266613843,-0.00022512981413559972,0.016046684092824972,0.031922987933817155,-0.07689537202501692,1,0.005769968032836914,0.03373435512185097,0.04788179323077202,0.04401957988739014,-0.014905058704892154,-0.006394606106388537,0.001545537753451595,-0.020215633572254782,-0.005830245983710296,-0.0056889315737845775,1,0.012557323992950842,1.0,-0.014905058704892154,-0.006394606106388537,0.001545537753451595,-0.020215633572254782,-0.005830245983710296,-0.0056889315737845775,-0.020215633572254782,-0.005830245983710296,-0.0056889315737845775
1.9482457300036913,1788408582.0005836,control,pre_takeoff_hold,1,1,0.006978424993576482,3.869208335876465,3869.0,0,30.0,1.9419576139916899,3.869208335876465,1,1,0,1.0854933711003192,0.034686293452978134,0.049037255346775055,0.04396050423383713,-0.0009816326200962067,0.001545183127745986,-0.002359759295359254,0.019163135439157486,0.027822475880384445,-0.049579519778490067,-0.018764127045869827,0.0332799032330513,-0.010472404770553112,-0.015323577858508436,0.009584395304689446,0.04784041109374824,0.034725699573755264,0.04896179586648941,0.04387912154197693,0.048616798040566116,0.0,0.0,0.0,-3.940612077713013e-05,7.545948028564453e-05,8.138269186019897e-05,-0.014975526047996644,-0.006494731447173129,0.0014255355809906878,0.0,0.0,0.0,-0.015323577858508436,0.009584395304689446,0.04784041109374824,0.0,0.0,0.0,0.0,0.0,0.0,zero,0.0,0.0,0.0,0.0,-0.002523875971874311,0.0006321242332734726,-0.000778996227915114,0.018693671051455692,0.02309911297002507,-0.06014924433693417,1,0.0077092647552490234,0.03380263224244118,0.04791038855910301,0.044013068079948425,-0.014975526047996644,-0.006494731447173129,0.0014255355809906878,-0.007046734310447939,-0.010012534078457713,-0.012000217246088848,1,0.010410520000732504,1.0,-0.014975526047996644,-0.006494731447173129,0.0014255355809906878,-0.007046734310447939,-0.010012534078457713,-0.012000217246088848,-0.007046734310447939,-0.010012534078457713,-0.012000217246088848
1.9594485650013667,1788408582.0117588,control,pre_takeoff_hold,1,1,0.009732552993227728,3.869208335876465,3869.0,0,30.0,1.9531604489893652,3.869208335876465,1,1,0,1.0854933711003192,0.03470338135957718,0.04902931675314903,0.04402049630880356,-0.00038188681355677545,0.0010487285908311605,-0.0004714867100119591,0.029489586129784584,0.010537452064454556,0.004915602505207062,0.0201273150742054,0.011403507553040981,0.008846682496368885,-0.013828338920462958,0.008950396586740614,0.048579354776632895,0.034725699573755264,0.04896179586648941,0.04387912154197693,0.048616798040566116,0.0,0.0,0.0,-2.2318214178085327e-05,6.752088665962219e-05,0.00014137476682662964,-0.014952906635948258,-0.006551315828283265,0.0011798366535348327,0.0,0.0,0.0,-0.013828338920462958,0.008950396586740614,0.048579354776632895,0.0,0.0,0.0,0.0,0.0,0.0,zero,0.0,0.0,0.0,0.0,-0.0022697502556897307,0.0008306233854642653,-0.0012332450294867995,0.02999269817929682,0.02342748010665909,-0.053611839873581146,1,0.010411500930786133,0.033831559121608734,0.04843651130795479,0.04349178820848465,-0.014952906635948258,-0.006551315828283265,0.0011798366535348327,0.0022619412048390996,-0.005658438111014704,-0.024569892745590398,1,0.009570880996761844,1.0,-0.014952906635948258,-0.006551315828283265,0.0011798366535348327,0.0022619412048390996,-0.005658438111014704,-0.024569892745590398,0.0022619412048390996,-0.005658438111014704,-0.024569892745590398
1.9705333930032793,1788408582.0228145,control,pre_takeoff_hold,1,1,0.0010809969971887767,3.869208335876465,3869.0,0,30.0,1.964245276991278,3.869208335876465,1,1,0,1.0854933711003192,0.03458472341299057,0.04903770610690117,0.044111791998147964,-0.0029964440036565065,0.0007790089002810419,0.0022460443433374166,-0.04695652797818184,0.0003415839746594429,0.07822287082672119,-0.02464122138917446,0.023102056235074997,-0.004967669025063515,-0.015684903027048815,0.00983827053916585,0.04806914225894604,0.034725699573755264,0.04896179586648941,0.04387912154197693,0.048616798040566116,0.0,0.0,0.0,-0.00014097616076469421,7.591024041175842e-05,0.00023267045617103577,-0.01489812726740544,-0.006389797809297626,0.0007142853230221911,0.0,0.0,0.0,-0.015684903027048815,0.00983827053916585,0.04806914225894604,0.0,0.0,0.0,0.0,0.0,0.0,zero,0.0,0.0,0.0,0.0,-0.0014555730101300597,0.0010927463176245123,-0.0013249179888181768,0.04882749767406294,0.014308923281176705,0.005978039752341114,1,0.0017092227935791016,0.03384363651275635,0.0487016998231411,0.04323173686861992,-0.01489812726740544,-0.006389797809297626,0.0007142853230221911,0.005477936854280882,0.016151801898561358,-0.04655513305125688,1,0.00847606199386064,1.0,-0.01489812726740544,-0.006389797809297626,0.0007142853230221911,0.005477936854280882,0.016151801898561358,-0.04655513305125688,0.005477936854280882,0.016151801898561358,-0.04655513305125688
1.9816902320017107,1788408582.0339742,control,pre_takeoff_hold,1,1,0.0003892779932357371,3.869208335876465,3869.0,0,30.0,1.9754021159897093,3.869208335876465,1,1,0,1.0854933711003192,0.034674692898988724,0.04898988455533981,0.044086333364248276,-0.0008813836611807346,-0.00018247205298393965,0.0013679180992767215,-0.0019314996898174286,-0.015925396233797073,0.04778396338224411,0.0023374799638986588,0.03731107711791992,0.002441235352307558,-0.014372301575912983,0.010961498642155381,0.048433110296203494,0.034725699573755264,0.04896179586648941,0.04387912154197693,0.048616798040566116,0.0,0.0,0.0,-5.100667476654053e-05,2.8088688850402832e-05,0.00020721182227134705,-0.014860983510348185,-0.005314947953894313,-0.0002856924373075403,0.0,0.0,0.0,-0.014372301575912983,0.010961498642155381,0.048433110296203494,0.0,0.0,0.0,0.0,0.0,0.0,zero,0.0,0.0,0.0,0.0,-0.0013888051278542958,0.0010410204552793788,-0.0007713462542254991,0.005625083774244561,-0.004357818446070964,0.04663750408132985,1,0.0009992122650146484,0.033851683139801025,0.04890259727835655,0.04381251707673073,-0.014860983510348185,-0.005314947953894313,-0.0002856924373075403,0.0003894051836891614,0.05850260515416429,-0.0388434767716554,1,0.006886775998282246,1.0,-0.014860983510348185,-0.005314947953894313,-0.0002856924373075403,0.0003894051836891614,0.05850260515416429,-0.0388434767716554,0.0003894051836891614,0.05850260515416429,-0.0388434767716554
1.9926970619999338,1788408582.0453117,control,pre_takeoff_hold,1,1,0.011396107991458848,3.869208335876465,3869.0,0,30.0,1.9864089459879324,3.869208335876465,1,1,0,1.0854933711003192,0.034674692898988724,0.04898988455533981,0.044086333364248276,-0.0008813836611807346,-0.00018247205298393965,0.0013679180992767215,-0.0019314996898174286,-0.015925396233797073,0.04778396338224411,0.0023374799638986588,0.03731107711791992,0.002441235352307558,-0.014372301575912983,0.010961498642155381,0.048433110296203494,0.034725699573755264,0.04896179586648941,0.04387912154197693,0.048616798040566116,0.0,0.0,0.0,-5.100667476654053e-05,2.8088688850402832e-05,0.00020721182227134705,-0.014860983510348185,-0.005314947953894313,-0.0002856924373075403,0.0,0.0,0.0,-0.014372301575912983,0.010961498642155381,0.048433110296203494,0.0,0.0,0.0,0.0,0.0,0.0,zero,0.0,0.0,0.0,0.0,-0.0013888051278542958,0.0010410204552793788,-0.0007713462542254991,0.005625083774244561,-0.004357818446070964,0.04663750408132985,1,0.01233673095703125,0.033851683139801025,0.04890259727835655,0.04381251707673073,-0.014860983510348185,-0.005314947953894313,-0.0002856924373075403,0.0003894051836891614,0.05850260515416429,-0.0388434767716554,1,0.017893605996505357,1.0,-0.014860983510348185,-0.005314947953894313,-0.0002856924373075403,0.0003894051836891614,0.05850260515416429,-0.0388434767716554,0.0003894051836891614,0.05850260515416429,-0.0388434767716554
2.0038642630097456,1788408582.0561423,control,pre_takeoff_hold,1,1,0.02256330900127068,3.869208335876465,3869.0,0,30.0,1.9975761469977442,3.869208335876465,1,1,0,1.0854933711003192,0.034674692898988724,0.04898988455533981,0.044086333364248276,-0.0008813836611807346,-0.00018247205298393965,0.0013679180992767215,-0.0019314996898174286,-0.015925396233797073,0.04778396338224411,0.0023374799638986588,0.03731107711791992,0.002441235352307558,-0.014372301575912983,0.010961498642155381,0.048433110296203494,0.034725699573755264,0.04896179586648941,0.04387912154197693,0.048616798040566116,0.0,0.0,0.0,-5.100667476654053e-05,2.8088688850402832e-05,0.00020721182227134705,-0.01501757309710194,-0.0042078029416354554,-0.0005176144127521832,0.0,0.0,0.0,-0.014372301575912983,0.010961498642155381,0.048433110296203494,0.0,0.0,0.0,0.0,0.0,0.0,zero,0.0,0.0,0.0,0.0,-0.0013888051278542958,0.0010410204552793788,-0.0007713462542254991,0.005625083774244561,-0.004357818446070964,0.04663750408132985,1,0.02316737174987793,0.033814169466495514,0.048423003405332565,0.0439571850001812,-0.01501757309710194,-0.0042078029416354554,-0.0005176144127521832,-0.011454201032529514,0.048827940619928026,-0.0020084427134457418,1,0.005168731004232541,1.0,-0.01501757309710194,-0.0042078029416354554,-0.0005176144127521832,-0.011454201032529514,0.048827940619928026,-0.0020084427134457418,-0.011454201032529514,0.048827940619928026,-0.0020084427134457418
2.0149924860015744,1788408582.0688028,control,takeoff,1,1,0.005668479003361426,3.869208335876465,3869.0,0,30.0,2.008704369989573,3.869208335876465,1,1,0,1.0854933711003192,0.03471257537603378,0.04895728453993797,0.044080253690481186,0.0022099618799984455,-0.0024363170377910137,-0.00903227273374796,0.37864768505096436,-0.2718953788280487,-1.5395053625106812,0.06707228720188141,0.06642785668373108,0.0375664196908474,-0.01590822475095253,0.009874480516924586,0.04797390393775707,0.034725699573755264,0.04896179586648941,0.04387912154197693,0.048616798040566116,0.0,0.0,0.1749271137026239,-1.3124197721481323e-05,-4.511326551437378e-06,0.0002011321485042572,-0.015177504354906331,-0.0039881640441116785,-0.0004158859591229886,0.0068481675965024824,0.0018002772522577142,0.4256637375125962,-0.0034429372140099873,0.016273107302015127,0.04856077300530581,-0.012457164312621543,-0.006392481360609789,-0.0006486848624391882,0.01794494513682407,0.04444249024588515,0.00029204752840666416,analytic,0.055360189213723696,0.06366076264111596,0.0020313554423341297,0.42568089541640874,-0.0012150461076729398,-0.0008161838886029645,0.0038987404371415867,0.031331185377458194,-0.2559576552368821,0.6082488609786955,1,0.007740974426269531,0.033656202256679535,0.04837401956319809,0.043960150331258774,-0.015177504354906331,-0.0039881640441116785,-0.0004158859591229886,-0.015993125780436598,0.02196388975237426,0.010172845362917873,1,0.0037812859955010936,1.0,-0.015177504354906331,-0.0039881640441116785,-0.0004158859591229886,-0.015993125780436598,0.02196388975237426,0.010172845362917873,-0.015993125780436598,0.02196388975237426,0.010172845362917873
2.026129789999686,1788408582.0787148,control,takeoff,1,1,0.003866109997034073,3.869208335876465,3869.0,0,30.0,2.0198416739876848,3.869208335876465,1,1,0,1.0854933711003192,0.03483576700091362,0.0489996112883091,0.044100966304540634,0.0036954525858163834,-0.001286800135858357,-0.006901744287461042,0.3261604905128479,-0.1995307058095932,-1.1982696056365967,0.09619952738285065,0.06484009325504303,0.039296358823776245,-0.013183303051385138,0.010630639633170638,0.0485537639685806,0.034725699573755264,0.04896179586648941,0.04387916172189553,0.048616798040566116,0.0,0.0,0.17325987077760951,0.00011006742715835571,3.781542181968689e-05,0.00022180458264510483,-0.015177504354906331,-0.0039881640441116785,-0.0004267004037076586,0.006764204249387328,0.0017707456904147007,0.4257424471676934,-0.003382583724654599,0.016069806457968693,0.04856244270703063,-0.009800374087668113,-0.005438816244958015,-5.372856378878452e-05,0.01794744148384045,0.04440835614558082,0.0002884383901322018,analytic,0.047472552603429266,0.060787143315735634,0.0007366211202257206,0.42577311359437797,-0.0003558040808858137,-0.0013118103384490464,0.0016837650700046618,0.06721979837209217,-0.03877360392985453,-0.17328086026567452,1,0.004870414733886719,0.033656202256679535,0.04837401956319809,0.043960150331258774,-0.015177504354906331,-0.0039881640441116785,-0.0004158859591229886,-0.015993125780436598,0.02196388975237426,0.010172845362917873,1,0.01491858999361284,1.0,-0.015177504354906331,-0.0039881640441116785,-0.0004158859591229886,-0.015993125780436598,0.02196388975237426,0.010172845362917873,-0.015993125780436598,0.02196388975237426,0.010172845362917873
2.0370994149998296,1788408582.0896456,control,takeoff,1,1,0.007425766991218552,3.869208335876465,3869.0,0,30.0,2.030811298987828,3.869208335876465,1,1,0,1.0854933711003192,0.03479288890957832,0.048991668969392776,0.04409945383667946,0.001814232557080686,-0.0012409969931468368,-0.005561682861298323,0.21081894636154175,-0.15840451419353485,-0.9229209423065186,0.061583295464515686,0.04671936854720116,0.03303061053156853,-0.013759908102261001,0.010438019279897785,0.04861619363302912,0.034725699573755264,0.04896179586648941,0.04387943503762228,0.048616798040566116,0.0,0.0,0.17162292359111686,6.718933582305908e-05,2.987310290336609e-05,0.00022001879905717697,-0.015439233512946085,-0.004346079598013639,-0.00016043194429243526,0.006922596170871207,0.001940142437335485,0.4257321711057305,-0.0037620778605634312,0.01646098485908413,0.04855487303844713,-0.009998397667746666,-0.006023159916518394,8.546145518885545e-06,-0.03763186540883906,0.04125344000173983,-0.000619517907101374,analytic,-0.007459399155056279,0.05942513156431313,5.652935755106368e-06,0.4257638624746225,0.0004650634670618328,-0.0016446020856500164,-0.00047707041485532415,0.10932486710783366,-0.044321905072619856,-0.2877846161842371,1,0.008292675018310547,0.03386559709906578,0.048006679862737656,0.04399619251489639,-0.015439233512946085,-0.004346079598013639,-0.00011795663914703478,-0.00995834436813958,-0.029776524407750346,0.014404873402886379,1,0.001145432994235307,1.0,-0.015439233512946085,-0.004346079598013639,-0.00011795663914703478,-0.00995834436813958,-0.029776524407750346,0.014404873402886379,-0.00995834436813958,-0.029776524407750346,0.014404873402886379
2.0483000540116336,1788408582.1007705,control,takeoff,1,1,0.003312872999231331,3.869208335876465,3869.0,0,30.0,2.042011937999632,3.869208335876465,1,1,0,1.0854933711003192,0.034867189824581146,0.04894634336233139,0.04413260892033577,0.00241813063621521,-0.0015825384762138128,-0.0040179588831961155,0.17651259899139404,-0.1311674863100052,-0.7182510495185852,0.05290279537439346,0.02917681634426117,0.021074894815683365,-0.01348451815671106,0.009802352993993586,0.04821364193943605,0.034725699573755264,0.04896179586648941,0.04388019116260927,0.048616798040566116,0.0,0.0,0.16995682218634373,0.00014149025082588196,-1.545250415802002e-05,0.00025241775772649744,-0.015465211432609958,-0.00481204298949431,-0.00011568504737244756,0.006887193827321322,0.0021865180954831727,0.4257849583448931,-0.004343672384525092,0.01640395541116836,0.048545547380013286,-0.009136269958280005,-0.006598264825722703,-0.0003907039762657635,-0.05660427013263207,0.03434752147078397,-0.0009286259790312142,analytic,-0.028982843777030597,0.054261384670754066,0.000544922180131513,0.4258192253585385,0.0013832931009180717,-0.0016796755512437393,-0.0028474548263859533,0.05973654029969225,-0.002281746758804045,-0.15420822711906818,1,0.004046201705932617,0.033858247101306915,0.04797044023871422,0.04399799555540085,-0.015465211432609958,-0.00481204298949431,-1.9574693460722696e-05,-0.0025977919663877948,-0.04659633914807642,0.009838194568633166,1,0.0007860760088078678,1.0,-0.015465211432609958,-0.00481204298949431,-1.9574693460722696e-05,-0.0025977919663877948,-0.04659633914807642,0.009838194568633166,-0.0025977919663877948,-0.04659633914807642,0.009838194568633166
2.0594736620114418,1788408582.1122806,control,takeoff,1,1,9.970901010092348e-05,3.869208335876465,3869.0,0,30.0,2.0531855459994404,3.869208335876465,1,1,0,1.0854933711003192,0.03495267033576965,0.048982810229063034,0.04406490549445152,0.005016573704779148,-0.00019050968694500625,-0.0053878771141171455,0.2385207712650299,-0.04625098407268524,-0.5413825511932373,-0.04256684333086014,0.008719490841031075,0.008772594854235649,-0.01526093860035691,0.009866882664530187,0.04801591776696091,0.034725699573755264,0.04896179586648941,0.043881663017165534,0.048616798040566116,0.0,0.0,0.1683000965943984,0.00022697076201438904,2.1014362573623657e-05,0.00018324247728598864,-0.015466806122064497,-0.005358733213416896,-0.00013943556753852793,0.006832397674174696,0.0024081682563053468,0.42590643275425855,-0.004868541952115178,0.01629601384353287,0.04853746309831111,-0.010385279519464876,-0.0064234255665571,-0.0005861696657432291,-0.06622189780521551,0.03214281130353683,-0.0010792612908500472,analytic,-0.03480147266737338,0.05155325936536909,0.0008596606116500432,0.4259362789926309,0.002501935780057458,-0.0015805176301346877,-0.005444503390740336,0.11675735922884668,0.013492930499654108,-0.2604584300400546,1,0.0011682510375976562,0.033703163266181946,0.04790031537413597,0.043997712433338165,-0.015466806122064497,-0.005358733213416896,3.142531165958745e-05,-0.0001594689454538945,-0.054669022392250056,0.005100000512030217,1,0.010511708998819813,1.0,-0.015466806122064497,-0.005358733213416896,3.142531165958745e-05,-0.0001594689454538945,-0.054669022392250056,0.005100000512030217,-0.0001594689454538945,-0.054669022392250056,0.005100000512030217
2.0704571770038456,1788408582.12334,control,takeoff,1,1,0.011083224002504721,3.869208335876465,3869.0,0,30.0,2.064169060991844,3.869208335876465,1,1,0,1.0854933711003192,0.03495267033576965,0.048982810229063034,0.04406490549445152,0.005016573704779148,-0.00019050968694500625,-0.0053878771141171455,0.2385207712650299,-0.04625098407268524,-0.5413825511932373,-0.04256684333086014,0.008719490841031075,0.008772594854235649,-0.01526093860035691,0.009866882664530187,0.04801591776696091,0.034725699573755264,0.04896179586648941,0.04388403717659216,0.048616798040566116,0.0,0.0,0.1666767690947551,0.00022697076201438904,2.1014362573623657e-05,0.00018086831785936452,-0.015477037439161458,-0.0058949314350125615,-0.0001814960370306133,0.00684545775411245,0.0026526907702107668,0.4260020871966822,-0.005439340002306219,0.016350758074203813,0.048527863794061966,-0.009814626368773092,-0.006478106123982745,-0.0005789722792838607,-0.06604186024985345,0.03303744226244555,-0.0010799466961200978,analytic,-0.03627984745529641,0.052647731392117925,0.0008400264914523442,0.4260358797559972,0.002501935780057458,-0.0015805176301346877,-0.005444503390740336,0.11675735922884668,0.013492930499654108,-0.2604584300400546,1,0.012227535247802734,0.033784180879592896,0.04791927710175514,0.04400109499692917,-0.015477037439161458,-0.0058949314350125615,8.33238714414599e-05,-0.0010231317096963007,-0.053619822159577196,0.005189855978188278,1,0.009454832994379103,1.0,-0.015477037439161458,-0.0058949314350125615,8.33238714414599e-05,-0.0010231317096963007,-0.053619822159577196,0.005189855978188278,-0.0010231317096963007,-0.053619822159577196,0.005189855978188278
2.0815545210061828,1788408582.1345956,control,takeoff,1,1,0.004199506001896225,3.869208335876465,3869.0,0,30.0,2.0752664049941814,3.869208335876465,1,1,0,1.0854933711003192,0.0349997915327549,0.049051638692617416,0.044113773852586746,0.00453995680436492,0.0006169234402477741,-0.0037640752270817757,0.1854892373085022,-0.027975689619779587,-0.4149559736251831,-0.04841507971286774,0.01562788337469101,0.0024585099890828133,-0.016550112330499866,0.010634377400621394,0.04759571430909882,0.034725699573755264,0.04896179586648941,0.04388759714259212,0.048616798040566116,0.0,0.0,0.1650418666870834,0.0002740919589996338,8.984282612800598e-05,0.00022617670999462713,-0.015477037439161458,-0.0058949314350125615,-0.0002968493347017228,0.0068186513271802345,0.0026043228788521218,0.4261020021268698,-0.005327725722995379,0.01627861157248252,0.04853007307295624,-0.01120948725035193,-0.0056335570888731736,-0.0009959390204545152,-0.06601827192995327,0.03300540760156888,-0.0010747959974632148,analytic,-0.03202260877872319,0.05008676396250808,0.0016732063131641483,0.42613097542722705,0.0033376100440913187,-0.0009875493437027686,-0.005444277550901553,0.046708135555212776,0.03314263020248053,1.2622810415066049e-05,1,0.005591869354248047,0.033784180879592896,0.04791927710175514,0.04400109499692917,-0.015477037439161458,-0.0058949314350125615,8.33238714414599e-05,-0.0010231317096963007,-0.053619822159577196,0.005189855978188278,1,0.020552176996716298,1.0,-0.015477037439161458,-0.0058949314350125615,8.33238714414599e-05,-0.0010231317096963007,-0.053619822159577196,0.005189855978188278,-0.0010231317096963007,-0.053619822159577196,0.005189855978188278
2.092670429003192,1788408582.1454663,control,takeoff,1,1,0.010607046002405696,3.869208335876465,3869.0,0,30.0,2.0863823129911907,3.869208335876465,1,1,0,1.0854933711003192,0.035058703273534775,0.049046024680137634,0.044042591005563736,0.006167285144329071,0.00025193465990014374,-0.006074678152799606,0.2184249460697174,-0.03808817267417908,-0.43140366673469543,-0.02986365556716919,-0.040354110300540924,0.0421072281897068,-0.016334486423284625,0.009421685137524399,0.04854855261921264,0.034725699573755264,0.04896179586648941,0.043892559765735854,0.048616798040566116,0.0,0.0,0.16340951831108166,0.0003330036997795105,8.422881364822388e-05,0.00015003123982788164,-0.014944370503538813,-0.006391843759399352,5.1286922907000385e-05,0.0065430086342711,0.002835680106648545,0.4260936240770102,-0.0059015993585556014,0.015659251500857896,0.048524386116164754,-0.010432899359570834,-0.006237324193262847,-4.518404533044547e-05,-0.02331667451792762,-0.016266104301125704,-0.0003651578764588376,analytic,0.008442401872475212,0.0027219827369816987,-0.00028441444497037265,0.42612180912928194,0.004026414820602092,-0.0004956987678162894,-0.005418732357671238,0.14817194734527867,0.10580422801533301,0.005495143406845914,1,0.011813879013061523,0.03370872884988785,0.047882210463285446,0.04403211548924446,-0.014944370503538813,-0.006391843759399352,0.0005673824427126102,0.043011885504686376,-0.009947539786351815,0.033178518664894935,1,0.007064481993438676,1.0,-0.014944370503538813,-0.006391843759399352,0.0005673824427126102,0.043011885504686376,-0.009947539786351815,0.033178518664894935,0.043011885504686376,-0.009947539786351815,0.033178518664894935
2.103778009011876,1788408582.157281,control,takeoff,1,1,0.009879825011012144,3.869208335876465,3869.0,0,30.0,2.0974898929998744,3.869208335876465,1,1,0,1.0854933711003192,0.03508665785193443,0.04901580512523651,0.043986476957798004,0.005446134600788355,-0.0003522674669511616,-0.005888110492378473,0.16152387857437134,-0.0415433794260025,-0.3417038321495056,-0.027624057605862617,-0.0078036244958639145,0.0307600274682045,-0.016540020278270545,0.010754641302369777,0.048366963614907006,0.034725699573755264,0.04896179586648941,0.043899140101098674,0.048616798040566116,0.0,0.0,0.16178368030515125,0.0003609582781791687,5.400925874710083e-05,8.733685669932989e-05,-0.012631871786182415,-0.004931274902463232,0.0005105983220645667,0.005488363589960493,0.0022038170152664815,0.4260393399019822,-0.004541000013887231,0.013117434812013865,0.048557233067766915,-0.011996444637355257,-0.0023606122108118864,-0.00021514589033083242,0.097000624385786,-0.13262399976298117,0.001272485471219199,analytic,0.13354796925142381,-0.1252392964754971,-0.00010164266400085154,0.42604854126515934,0.004640810725897742,-0.00012880238039634888,-0.005411153585055719,0.05630491179787545,0.033623382829509836,0.0006945393352639527,1,0.012716531753540039,0.0343937948346138,0.04874598979949951,0.04401158168911934,-0.012631871786182415,-0.004931274902463232,0.0011826831798539533,0.14328469855908724,0.10655012634848528,0.02067126252045554,1,0.0051396460039541125,1.0,-0.012631871786182415,-0.004931274902463232,0.0011826831798539533,0.14328469855908724,0.10655012634848528,0.02067126252045554,0.14328469855908724,0.10655012634848528,0.02067126252045554
2.1149697890068637,1788408582.167852,control,takeoff,1,1,0.0032279769948218018,3.869208335876465,3869.0,0,30.0,2.1086816729948623,3.869208335876465,1,1,0,1.0854933711003192,0.03510909900069237,0.048988815397024155,0.04408043995499611,0.006906238850206137,0.0016183240804821253,-0.0009662583470344543,0.3015459179878235,0.16121377050876617,0.016413778066635132,-0.02309853956103325,0.026481993496418,0.02951347827911377,-0.016190164279881028,0.011991717961201525,0.0484851886309888,0.034725699573755264,0.04896179586648941,0.04390763560702913,0.048616798040566116,0.0,0.0,0.16015086347524884,0.00038339942693710327,2.7019530534744263e-05,0.00017280434796698024,-0.01056785692425834,-0.003246941012558638,9.835016770983688e-05,0.004548564605876311,0.0014679207215009217,0.4262233161622882,-0.002921487672022017,0.010826033784233122,0.04858517044417254,-0.01326714217378697,0.0011665603520643413,-8.882986697886897e-05,0.16203917790018846,-0.20671063112405114,0.0017543176382852728,analytic,0.20246127371376266,-0.20992243902414578,-0.0006055241878819197,0.42621230839279955,0.005438416967836879,-2.4727124296410643e-05,-0.005399066555051104,0.13383766454908155,0.01711274378509357,0.0066461177762605845,1,0.004576444625854492,0.034692708402872086,0.04889390245079994,0.0434819832444191,-0.01056785692425834,-0.003246941012558638,0.0009477945084813894,0.20640148619244855,0.16843338899049293,-0.023488867137261053,1,0.004226304998155683,1.0,-0.01056785692425834,-0.003246941012558638,0.0009477945084813894,0.20640148619244855,0.16843338899049293,-0.023488867137261053,0.20640148619244855,0.16843338899049293,-0.023488867137261053
2.126062411000021,1788408582.1789944,control,takeoff,1,1,0.0025808499922277406,3.869208335876465,3869.0,0,30.0,2.1197742949880194,3.869208335876465,1,1,0,1.0854933711003192,0.035103604197502136,0.049014247953891754,0.04412870854139328,0.005431980825960636,0.0017251557437703013,4.403467755764723e-05,0.21628199517726898,0.13077935576438904,0.030232233926653862,-0.038131650537252426,0.009126069024205208,0.023623520508408546,-0.017351053388599998,0.011279385854144378,0.04849788584943632,0.034725699573755264,0.04896179586648941,0.04391812481086901,0.048616798040566116,0.0,0.0,0.15853780800678366,0.00037790462374687195,5.245208740234375e-05,0.00021058373052427332,-0.01056785692425834,-0.003246941012558638,-9.723262054845512e-05,0.004558473611195951,0.0014506369762689211,0.4263514859417373,-0.0028789875890923465,0.010844023366641465,0.04858557875750084,-0.014470590006337901,0.00043621572860700974,-8.327724984059462e-05,0.1619937590317308,-0.20666549583231836,0.0017567402488980915,analytic,0.20610573295021503,-0.2076875507178275,-0.0009803472299874801,0.42633363785694817,0.005686892878595879,0.00019424405293117934,-0.004618211425837575,0.02102957154041965,0.018532460642689163,0.0660870856749833,1,0.0039033889770507812,0.034692708402872086,0.04889390245079994,0.0434819832444191,-0.01056785692425834,-0.003246941012558638,0.0009477945084813894,0.20640148619244855,0.16843338899049293,-0.023488867137261053,1,0.015318926991312765,1.0,-0.01056785692425834,-0.003246941012558638,0.0009477945084813894,0.20640148619244855,0.16843338899049293,-0.023488867137261053,0.20640148619244855,0.16843338899049293,-0.023488867137261053
2.137201552002807,1788408582.1901271,control,takeoff,1,1,0.013719990995014086,3.869208335876465,3869.0,0,30.0,2.1309134359908057,3.869208335876465,1,1,0,1.0854933711003192,0.035103604197502136,0.049014247953891754,0.04412870854139328,0.005431980825960636,0.0017251557437703013,4.403467755764723e-05,0.21628199517726898,0.13077935576438904,0.030232233926653862,-0.038131650537252426,0.009126069024205208,0.023623520508408546,-0.017351053388599998,0.011279385854144378,0.04849788584943632,0.034725699573755264,0.04896179586648941,0.04393095056004135,0.048616798040566116,0.0,0.0,0.15692329230496432,0.00037790462374687195,5.245208740234375e-05,0.00019775798135193007,-0.005176172933663898,0.0008886246609950038,-0.0019964626773355857,0.002135025054611029,-0.000410872727346042,0.42709867024740017,0.0012038213394235915,0.004946198141200437,0.04862275235803508,-0.018552611115123258,0.006333674467994078,-7.372370284564753e-05,0.20629741761521575,-0.2989167165722968,0.0010203969642177725,analytic,0.26277070357516313,-0.3176400158369501,-0.0030545290637164434,0.42702212511252596,0.005686892878595879,0.00019424405293117934,-0.004618211425837575,0.02102957154041965,0.018532460642689163,0.0660870856749833,1,0.01503610610961914,0.034935127943754196,0.048237983137369156,0.043862566351890564,-0.005176172933663898,0.0008886246609950038,-0.0007354024019349617,0.28251411657824727,0.20787826690422245,-0.0946407942917322,1,0.001528965003672056,1.0,-0.005176172933663898,0.0008886246609950038,-0.0007354024019349617,0.28251411657824727,0.20787826690422245,-0.0946407942917322,0.28251411657824727,0.20787826690422245,-0.0946407942917322
2.148216815010528,1788408582.2011347,control,takeoff,1,1,0.006497865004348569,3.869208335876465,3869.0,0,30.0,2.1419286989985267,3.869208335876465,1,1,0,1.0854933711003192,0.03508758172392845,0.04904600977897644,0.044246185570955276,-0.00382260512560606,0.008550302125513554,0.03034227341413498,-1.8605436086654663,1.7896610498428345,7.276364326477051,0.4377630650997162,-0.17356353998184204,0.17918068170547485,-0.015329500656716797,0.01048690233736117,0.04965527311147493,0.034725699573755264,0.04896179586648941,0.04394610614200705,0.048616798040566116,0.0,0.0,0.15533195875288844,0.00036188215017318726,8.421391248703003e-05,0.00030007942894822587,-0.0022690123773877694,0.0026718266401442752,-0.002931186648832204,0.0008399995888986854,-0.0012386227641062518,0.4274550401462234,0.002989740324769325,0.0018219579269752562,0.04862224523486673,-0.01832422416548853,0.008657931851249611,0.0010863938117793843,0.17754943827290526,-0.31099758351278095,0.00032348941019575,analytic,0.23308672879748218,-0.3369374432807547,-0.006002283446483564,0.427369864670884,0.005766813616527234,0.001371975981023232,-0.0009112803551881606,0.04385484205579327,0.6849653081765388,2.157986303168587,1,0.007886648178100586,0.03499070182442665,0.048292312771081924,0.04385100305080414,-0.0022690123773877694,0.0026718266401442752,-0.0014373474292136547,0.29071605562756736,0.17832019791489928,-0.07019450272785834,1,0.0006248210120247677,1.0,-0.0022690123773877694,0.0026718266401442752,-0.0014373474292136547,0.29071605562756736,0.17832019791489928,-0.07019450272785834,0.29071605562756736,0.17832019791489928,-0.07019450272785834
2.159344701009104,1788408582.2126508,control,takeoff,1,1,0.0050395190046401694,3.869208335876465,3869.0,0,30.0,2.1530565849971026,3.869208335876465,1,1,0,1.0854933711003192,0.03507687896490097,0.04907593876123428,0.044378772377967834,-0.0032265810295939445,0.007311422843486071,0.026361173018813133,-1.4790514707565308,1.4122247695922852,5.758416175842285,0.3539896011352539,-0.18530426919460297,0.15025104582309723,-0.015085093090181896,0.007543236772934918,0.05013881053950091,0.034725699573755264,0.04896179586648941,0.04396412655668061,0.048616798040566116,0.0,0.0,0.1537296329203876,0.0003511793911457062,0.00011414289474487305,0.00041464582128722394,0.0006035009944247312,0.004147549579841509,-0.0034437853290815957,-0.00044500853163364855,-0.00192747472456789,0.4276582594231968,0.004451123801960851,-0.0012583470727091286,0.04861119694644725,-0.01953938394658484,0.00879279881417202,0.0015742909591556688,0.14783805677726625,-0.31088655728589965,-0.000186033527062402,analytic,0.20698532314860893,-0.33730151127864266,-0.008108737770407399,0.4275646530236995,0.004156811335841683,0.0027566595133120134,0.00492325629040928,-0.12674723161320858,0.10900904084637121,0.4593231801264298,1,0.006700277328491211,0.035068951547145844,0.04836219921708107,0.04385006055235863,0.0006035009944247312,0.004147549579841509,-0.0016956503870066736,0.2872513371813072,0.14757229396975277,-0.02583029577930703,1,0.009915379006997682,1.0,0.0006035009944247312,0.004147549579841509,-0.0016956503870066736,0.2872513371813072,0.14757229396975277,-0.02583029577930703,0.2872513371813072,0.14757229396975277,-0.02583029577930703
2.170569438007078,1788408582.2231991,control,takeoff,1,1,0.010639430998708121,3.869208335876465,3869.0,0,30.0,2.1642813219950767,3.869208335876465,1,1,0,1.0854933711003192,0.035097695887088776,0.04906897991895676,0.04443506523966789,-0.0017734505236148834,0.005579095799475908,0.023273419588804245,-1.1268515586853027,1.0625557899475098,4.486910343170166,0.29165586829185486,-0.1936425119638443,0.1435842216014862,-0.01486265843374791,0.006382481074245608,0.05075885005698482,0.034725699573755264,0.04896179586648941,0.043985278746451896,0.048616798040566116,0.0,0.0,0.15211873556401778,0.00037199631333351135,0.00010718405246734619,0.00044978649321599645,0.003344817837220967,0.005546660725124798,-0.0034146722739091615,-0.0016961641098729298,-0.002554989653104039,0.42770748513191414,0.005773890196533865,-0.004251164557615466,0.0485922520843713,-0.020636784715120565,0.010622911645451065,0.002214746359355896,0.14298210676818374,-0.30192319226319936,-0.0006078542586407054,analytic,0.2053668408058106,-0.3339608015934163,-0.009760902453601806,0.4276032530074938,0.0026718515825284858,0.003957229305321712,0.010113965561585642,-0.2881238207503612,0.2329441958137321,1.0071431123158672,1,0.012094736099243164,0.03503689169883728,0.04887640103697777,0.043972961604595184,0.003344817837220967,0.005546660725124798,-0.0013907433251910035,0.27413168427958073,0.13991111452830698,0.03049070618156224,1,0.007933882006909698,1.0,0.003344817837220967,0.005546660725124798,-0.0013907433251910035,0.27413168427958073,0.13991111452830698,0.03049070618156224,0.27413168427958073,0.13991111452830698,0.03049070618156224
2.181594005000079,1788408582.2341132,control,takeoff,1,1,0.010031296988017857,3.869208335876465,3869.0,0,30.0,2.1753058889880776,3.869208335876465,1,1,0,1.0854933711003192,0.03510676324367523,0.0490618459880352,0.0446290522813797,-0.0012665988178923726,0.004343560431152582,0.0218740813434124,-0.8929756879806519,0.8293108344078064,3.5660457611083984,0.23499831557273865,-0.23035956919193268,0.12344995141029358,-0.01476053439983082,0.0018947222757380194,0.05133682218006141,0.034725699573755264,0.04896179586648941,0.044009170779978,0.048616798040566116,0.0,0.0,0.15054181923790727,0.00038106366991996765,0.00010005012154579163,0.0006198815014017006,0.008185598354818722,0.008758777597155676,-0.0005453948128442683,-0.0038859015126880454,-0.003999939186508784,0.42669917390051837,0.00892066403109866,-0.009550638330006437,0.04853159904015291,-0.02366742800462316,0.01143604757876882,0.002838361084145656,0.18176337549448468,-0.2687893236066376,-0.001736078121055484,analytic,0.25328878651876247,-0.30349768857464865,-0.011723145303106905,0.4265881665199462,0.0010345820096104327,0.004876463872544791,0.015284855475350932,-0.13737160069550874,0.07712640972678593,0.43385245546840195,1,0.011090278625488281,0.035100944340229034,0.04906672239303589,0.0440712571144104,0.008185598354818722,0.008758777597155676,0.0017680676744480234,0.23054265514564865,0.16781806805596994,0.206271099559474,1,0.006389193993527442,1.0,0.008185598354818722,0.008758777597155676,0.0017680676744480234,0.23054265514564865,0.16781806805596994,0.206271099559474,0.23054265514564865,0.16781806805596994,0.206271099559474
2.192779037010041,1788408582.2457376,control,takeoff,1,1,0.0024223900109063834,3.869208335876465,3869.0,0,30.0,2.1864909209980397,3.869208335876465,1,1,0,1.0854933711003192,0.03511425107717514,0.049107979983091354,0.04513666033744812,-0.00026806024834513664,0.004875425714999437,0.03318125754594803,-0.5274927616119385,0.5910345315933228,2.96342396736145,0.12231910973787308,-0.5194107890129089,0.158301442861557,-0.015903909399156056,-0.009816156839159953,0.05393737301716842,0.034725699573755264,0.04896179586648941,0.044036776825848646,0.048616798040566116,0.0,0.0,0.14894727150816203,0.0003885515034198761,0.00014618411660194397,0.001099883511599474,0.010277261317158639,0.010479761153909065,0.0021936892958079744,-0.004838589350023854,-0.004814871720333497,0.42559660704871954,0.010747704452660399,-0.011903382450017647,0.04848886209972365,-0.026589084926677997,0.002072972517498691,0.0054530405861605066,0.19201555687432997,-0.25248987514109855,-0.0022858745898783677,analytic,0.2718056442707647,-0.25959610386948795,-0.019563899771817567,0.4254999382719858,-0.0013914169225259722,0.005278127420681733,0.022448986043260094,-0.28512921398965013,0.04312228527835155,0.8519096474484834,1,0.003828287124633789,0.035249385982751846,0.04921746626496315,0.044248636811971664,0.010277261317158639,0.010479761153909065,0.004819597081212774,0.20916629623395902,0.17209835567531198,0.30515294067642734,1,0.005633487002342008,1.0,0.010277261317158639,0.010479761153909065,0.004819597081212774,0.20916629623395902,0.17209835567531198,0.30515294067642734,0.20916629623395902,0.17209835567531198,0.30515294067642734
2.2038424860074883,1788408582.256814,control,takeoff,1,1,0.002473429005476646,3.869208335876465,3869.0,0,30.0,2.197554369995487,3.869208335876465,1,1,0,1.0854933711003192,0.03513035178184509,0.04915620759129524,0.04548167809844017,7.907740655355155e-05,0.0047795590944588184,0.032834891229867935,-0.4156656861305237,0.47107994556427,2.364424705505371,0.07773660868406296,-0.5124194025993347,0.13741862773895264,-0.017015938237791524,-0.01512043977344179,0.05461599532399848,0.034725699573755264,0.04896179586648941,0.04406762268492403,0.048616798040566116,0.0,0.0,0.14737532909418108,0.0004046522080898285,0.0001944117248058319,0.0014140554135161423,0.012168615883682626,0.012188553041727265,0.005790840655635841,-0.005708584121380699,-0.005626778787874627,0.42426597585792913,0.012593406545191463,-0.014080659972656185,0.04843947105198772,-0.029514590739060906,-0.001053308797711555,0.0061728391169009475,0.19673015746031378,-0.23721467730971915,-0.002770493227476625,analytic,0.28535377042525695,-0.23505934608697354,-0.022409920702619854,0.4241565845309919,-0.0017633399860367603,0.0052317586194479855,0.025339456604265186,-0.03390182103219787,-0.004226645118657628,0.2634744259552724,1,0.003934144973754883,0.03541171923279762,0.04938352853059769,0.044479984790086746,0.012168615883682626,0.012188553041727265,0.008744129483342841,0.18913545665243633,0.17087918878185404,0.39245324021308486,1,0.0038727649953216314,1.0,0.012168615883682626,0.012188553041727265,0.008744129483342841,0.18913545665243633,0.17087918878185404,0.39245324021308486,0.18913545665243633,0.17087918878185404,0.39245324021308486
2.214952613998321,1788408582.267644,control,takeoff,1,1,0.013583556996309198,3.869208335876465,3869.0,0,30.0,2.2086644979863195,3.869208335876465,1,1,0,1.0854933711003192,0.03513035178184509,0.04915620759129524,0.04548167809844017,7.907740655355155e-05,0.0047795590944588184,0.032834891229867935,-0.4156656861305237,0.47107994556427,2.364424705505371,0.07773660868406296,-0.5124194025993347,0.13741862773895264,-0.017015938237791524,-0.01512043977344179,0.05461599532399848,0.034725699573755264,0.04896179586648941,0.04410234448541434,0.048616798040566116,0.0,0.0,0.14580203108538406,0.0004046522080898285,0.0001944117248058319,0.001379333613025828,0.013771875884797159,0.013807222668613253,0.010158544847943804,-0.006437780162481851,-0.006362887919460679,0.42282122152619156,0.014291772443393433,-0.0159345084585736,0.04838905980694254,-0.031205651059755445,0.0008054813377120118,0.00622648891312663,0.19369178679168658,-0.21173511003684947,-0.003086959919006011,analytic,0.287719693537432,-0.21514384907944725,-0.022106066473824883,0.4227119902672457,-0.0017633399860367603,0.0052317586194479855,0.025339456604265186,-0.03390182103219787,-0.004226645118657628,0.2634744259552724,1,0.014764070510864258,0.03516964241862297,0.049170926213264465,0.0447629950940609,0.013771875884797159,0.013807222668613253,0.013458748839241908,0.1603260001114282,0.16186696268857342,0.471461935589833,1,0.0026125179865630344,1.0,0.013771875884797159,0.013807222668613253,0.013458748839241908,0.1603260001114282,0.16186696268857342,0.471461935589833,0.1603260001114282,0.16186696268857342,0.471461935589833
2.2260213480039965,1788408582.278611,control,takeoff,1,1,0.0009543449996272102,3.869208335876465,3869.0,0,30.0,2.219733231991995,3.869208335876465,1,1,0,1.0854933711003192,0.03519626334309578,0.049286141991615295,0.04641551896929741,0.007259188685566187,0.008220701478421688,0.06273061037063599,0.2788120210170746,0.5732312202453613,3.864663600921631,0.09809243679046631,-0.5903908014297485,0.1267981082201004,-0.01563635876531523,-0.020706400402473544,0.05573253657774921,0.034725699573755264,0.04896179586648941,0.044140869027481655,0.048616798040566116,0.0,0.0,0.14423985320218896,0.00047056376934051514,0.000324346125125885,0.002274649941815754,0.015592801171350057,0.01654404989808344,0.021800469810272047,-0.007315350990338044,-0.007701129884114462,0.4184083185201643,0.017535514777467946,-0.018349876967247637,0.0482950085870416,-0.03302013492059127,-0.002349106188961403,0.007437256362806716,0.17495178107760406,-0.11890859450205393,-0.003211197733142521,analytic,0.27502118293775624,-0.112955841734441,-0.022571649557267297,0.41831372359044966,-0.00032665690025081556,0.004725567056831905,0.03349598744039832,0.24567607247626055,-0.08265811115002637,1.3785908026162006,1,0.0017096996307373047,0.0354745052754879,0.04954729229211807,0.045616988092660904,0.015592801171350057,0.01654404989808344,0.02546419333658253,0.0664201263106382,0.12959341612155834,0.6449652082503159,1,0.0018147469963878393,1.0,0.015592801171350057,0.01654404989808344,0.02546419333658253,0.0664201263106382,0.12959341612155834,0.6449652082503159,0.0664201263106382,0.12959341612155834,0.6449652082503159
2.237229684003978,1788408582.2899094,control,takeoff,1,1,0.006099919002735987,3.869208335876465,3869.0,0,30.0,2.2309415679919766,3.869208335876465,1,1,0,1.0854933711003192,0.035224299877882004,0.04927380010485649,0.04710423946380615,0.006761837750673294,0.006156389135867357,0.07363156974315643,0.20611761510372162,0.38830670714378357,3.4628474712371826,0.13663724064826965,-0.526485800743103,0.11522185802459717,-0.013937114738228562,-0.022291486914204364,0.05616098288603996,0.034725699573755264,0.04896179586648941,0.04418408027100187,0.048616798040566116,0.0,0.0,0.14266332093873318,0.0004986003041267395,0.0003120042383670807,0.002920159192804285,0.015592801171350057,0.01654404989808344,0.021414358683514424,-0.007345214657558603,-0.007701206230894166,0.4183177293817028,0.017536049051654484,-0.018425117913909383,0.04829367943972041,-0.03130729070034837,-0.003851667332976258,0.007871557026927293,0.17496099082008099,-0.1189445826725235,-0.003224537513278946,analytic,0.27000655506344967,-0.10854605271590187,-0.023548714019048813,0.4182448523177503,0.0004564269726474486,0.0046819554876226365,0.0374686076601611,0.13329377137424134,-0.007423407295998943,0.676205384449978,1,0.0071332454681396484,0.0354745052754879,0.04954729229211807,0.045616988092660904,0.015592801171350057,0.01654404989808344,0.02546419333658253,0.0664201263106382,0.12959341612155834,0.6449652082503159,1,0.01302308299636934,1.0,0.015592801171350057,0.01654404989808344,0.02546419333658253,0.0664201263106382,0.12959341612155834,0.6449652082503159,0.0664201263106382,0.12959341612155834,0.6449652082503159
2.2481755510088988,1788408582.3007903,control,takeoff,1,1,0.002087380999000743,3.869208335876465,3869.0,0,30.0,2.2418874349968974,3.869208335876465,1,1,0,1.0854933711003192,0.035211723297834396,0.04930131137371063,0.0478459894657135,0.00524095306172967,0.005293743219226599,0.06884419173002243,0.1445152908563614,0.2990865111351013,2.7061305046081543,0.12305669486522675,-0.4038406014442444,0.0763344019651413,-0.012885193502613305,-0.021012761196422765,0.05496106518401397,0.034725699573755264,0.04896179586648941,0.044230552068801235,0.048616798040566116,0.0,0.0,0.14112890100742417,0.0004860237240791321,0.0003395155072212219,0.003615437396912266,0.01570201848884897,0.01767555233741891,0.02813334911598183,-0.007393616724845084,-0.00824075452759472,0.4157141792752967,0.018936433389480103,-0.01871877951347956,0.04826230946124151,-0.03168285898762403,-0.002273394360074228,0.006703447916517155,0.16527212340049063,-0.06048205188582109,-0.003094608653037033,analytic,0.262161520404353,-0.05457437475745764,-0.019003542544112084,0.41565172925710686,0.0025243124319226117,0.005180112932246539,0.048409645986128215,0.13852963190192707,0.0333720454019456,0.7329506598747352,1,0.0030868053436279297,0.03513377532362938,0.049166642129421234,0.04574744403362274,0.01570201848884897,0.01767555233741891,0.032577552468208926,0.01092173174988955,0.11315024393352933,0.7113359131625285,1,0.00013636599760502577,1.0,0.01570201848884897,0.01767555233741891,0.032577552468208926,0.01092173174988955,0.11315024393352933,0.7113359131625285,0.01092173174988955,0.11315024393352933,0.7113359131625285
2.2594943700096337,1788408582.3121047,control,takeoff,1,1,9.847800538409501e-05,3.869208335876465,3869.0,0,30.0,2.2532062539976323,3.869208335876465,1,1,0,1.0854933711003192,0.035177070647478104,0.04946566000580788,0.04957139864563942,0.002104730112478137,0.007660905830562115,0.090736523270607,-0.0013527050614356995,0.24942146241664886,2.3226327896118164,0.10292502492666245,-0.40812569856643677,0.10612064599990845,-0.012019300908391008,-0.02609399053801397,0.05722379399920015,0.034725699573755264,0.04896179586648941,0.044283246812119,0.048616798040566116,0.0,0.0,0.13954759766536248,0.00045137107372283936,0.0005038641393184662,0.005288151833520417,0.01515471659877145,0.01853201862285754,0.0350483891040388,-0.007130007468533425,-0.008760013663412952,0.41260177974619483,0.020366864533463036,-0.01828234647229797,0.048244413235371285,-0.03218024630197013,-0.007772864612759304,0.009008339565035904,0.14313332195981843,0.012754080089345856,-0.0026176474676207614,analytic,0.24220185429979796,0.03498202188129801,-0.021591535356912456,0.4125300946996902,0.005175837313081592,0.005922684738803552,0.06485509071794406,0.16059984313742046,0.05310391051766355,1.1260483795998235,1,0.0010149478912353516,0.03523705527186394,0.04935934767127037,0.046343378722667694,0.01515471659877145,0.01853201862285754,0.03991817905209512,-0.05473018900776293,0.08564662854388017,0.7340626583887653,1,0.01046724100888241,1.0,0.01515471659877145,0.01853201862285754,0.03991817905209512,-0.05473018900776293,0.08564662854388017,0.7340626583887653,-0.05473018900776293,0.08564662854388017,0.7340626583887653
2.270534868002869,1788408582.3231442,control,takeoff,1,1,0.011138975998619571,3.869208335876465,3869.0,0,30.0,2.264246751990868,3.869208335876465,1,1,0,1.0854933711003192,0.035177070647478104,0.04946566000580788,0.04957139864563942,0.002104730112478137,0.007660905830562115,0.090736523270607,-0.0013527050614356995,0.24942146241664886,2.3226327896118164,0.10292502492666245,-0.40812569856643677,0.10612064599990845,-0.012019300908391008,-0.02609399053801397,0.05722379399920015,0.034725699573755264,0.04896179586648941,0.04433938282130908,0.048616798040566116,0.0,0.0,0.13801046496081038,0.00045137107372283936,0.0005038641393184662,0.00523201582433034,0.014029917780816378,0.019134846884474588,0.04206900926105862,-0.006631680073233949,-0.009041946644014899,0.4102266271115659,0.021229632635216558,-0.017208493638107718,0.04825143119781204,-0.03304734659398703,-0.008842590725598511,0.0090096429474997,0.1214268484079139,0.0799248323337785,-0.0020902504535222784,analytic,0.22389664940334686,0.10555104098732063,-0.018837110886514963,0.41013963759651784,0.005175837313081592,0.005922684738803552,0.06485509071794406,0.16059984313742046,0.05310391051766355,1.1260483795998235,1,0.012054443359375,0.0351528562605381,0.049264680594205856,0.04701187089085579,0.014029917780816378,0.019134846884474588,0.047371146831744856,-0.11247988179548957,0.060282826161695294,0.7452967779648574,1,0.00803111599816475,1.0,0.014029917780816378,0.019134846884474588,0.047371146831744856,-0.11247988179548957,0.060282826161695294,0.7452967779648574,-0.11247988179548957,0.060282826161695294,0.7452967779648574
2.2816474590072175,1788408582.3341658,control,takeoff,1,1,0.0017058670055121183,3.869208335876465,3869.0,0,30.0,2.275359342995216,3.869208335876465,1,1,0,1.0854933711003192,0.03509775921702385,0.04977671056985855,0.05157259479165077,0.000840496679302305,0.013408378697931767,0.1190367192029953,-0.005182752385735512,0.424278199672699,3.1649885177612305,0.12616288661956787,-0.3518258333206177,0.028637394309043884,-0.010927994494767933,-0.02900336980092356,0.05696520126638995,0.034725699573755264,0.04896179586648941,0.044400799936865624,0.048616798040566116,0.0,0.0,0.13646856803070684,0.0003720596432685852,0.0008149147033691406,0.007171794854785148,0.010637954083174021,0.019798482332845153,0.057863625980674016,-0.0050517959526629515,-0.009585029617394781,0.4038783810657814,0.02309459677705559,-0.01363865122007164,0.04830177265606349,-0.033828797447309614,-0.015308662503561533,0.008753144649409052,0.09361026202979347,0.17086744986639335,-0.0012771374544172736,analytic,0.1994144180781256,0.21617474089781583,-0.014774684498251001,0.4037450638189084,0.004133150849622607,0.0073353097041292635,0.08335654529215089,-0.12866749040785253,0.16611252769454246,2.1144536659075994,1,0.0025839805603027344,0.035073988139629364,0.049208685755729675,0.048902638256549835,0.010637954083174021,0.019798482332845153,0.063617921575463,-0.18463137876819732,0.02534217029078071,0.8442589571432914,1,0.006962500003282912,1.0,0.010637954083174021,0.019798482332845153,0.063617921575463,-0.18463137876819732,0.02534217029078071,0.8442589571432914,-0.18463137876819732,0.02534217029078071,0.8442589571432914
2.292685838008765,1788408582.3452032,control,takeoff,1,1,0.0016964550013653934,3.869208335876465,3869.0,0,30.0,2.2863977219967637,3.869208335876465,1,1,0,1.0854933711003192,0.03501765429973602,0.04984622076153755,0.052769191563129425,-0.0007693642401136458,0.011977776885032654,0.11676622927188873,-0.03312114626169205,0.3136739730834961,2.4911255836486816,0.09005659818649292,-0.3224937617778778,0.030736315995454788,-0.011546025268411819,-0.031278157819620164,0.057425839916058374,0.034725699573755264,0.04896179586648941,0.044466873787458804,0.048616798040566116,0.0,0.0,0.13494220551743416,0.00029195472598075867,0.0008844248950481415,0.008302317775670622,0.010637954083174021,0.019798482332845153,0.05739780306215528,-0.00499764495051668,-0.009648260264537125,0.40358438227062937,0.023274313334468763,-0.01352216064081407,0.04830203180048059,-0.03460561109554504,-0.017698251531303416,0.009223610176758764,0.09377705514578458,0.17110469520601698,-0.0012684892488150244,analytic,0.2021863725033599,0.2236326238218368,-0.015836941724055812,0.4034255316452661,0.003218194323784931,0.00844512376372261,0.09222672378596913,-0.08233262140153758,0.0998669316128942,0.7981855170954459,1,0.002508401870727539,0.035073988139629364,0.049208685755729675,0.048902638256549835,0.010637954083174021,0.019798482332845153,0.063617921575463,-0.18463137876819732,0.02534217029078071,0.8442589571432914,1,0.018000879004830495,1.0,0.010637954083174021,0.019798482332845153,0.063617921575463,-0.18463137876819732,0.02534217029078071,0.8442589571432914,-0.18463137876819732,0.02534217029078071,0.8442589571432914
2.3038022090040613,1788408582.3563895,control,takeoff,1,1,0.004005369992228225,3.869208335876465,3869.0,0,30.0,2.29751409299206,3.869208335876465,1,1,0,1.0854933711003192,0.03510349243879318,0.04991254210472107,0.05408361926674843,0.001329705468378961,0.011085144244134426,0.12319952249526978,0.021070566028356552,0.23071104288101196,2.1386866569519043,0.07292445003986359,-0.22386693954467773,0.027875255793333054,-0.011511126031306712,-0.029770574748759025,0.05755353874523608,0.034725699573755264,0.04896179586648941,0.0445387033537494,0.048616798040566116,0.0,0.0,0.1334103336841799,0.0003777928650379181,0.0009507462382316589,0.009544915912999032,0.006444658487023051,0.020129440927219126,0.07547025922714702,-0.0031786960917744244,-0.00985830591089516,0.39674706480497013,0.024425294131153647,-0.009204222269408141,0.04839194066443626,-0.0357457353500418,-0.020501623732537083,0.009290355743378755,0.09030033828558348,0.2203088591210025,-0.0008314158531987847,analytic,0.20282673756366532,0.2813365193770815,-0.01381966313763988,0.3965451360395006,0.0023303355476363957,0.009516793658995656,0.10048747971878372,-0.10059019519286097,0.12141512461638845,0.935904531266793,1,0.004868268966674805,0.035047031939029694,0.04929238557815552,0.050988901406526566,0.006444658487023051,0.020129440927219126,0.0821761083681747,-0.2155370719015831,0.015297198877498416,0.9430323433715676,1,0.004834523992030881,1.0,0.006444658487023051,0.020129440927219126,0.0821761083681747,-0.2155370719015831,0.015297198877498416,0.9430323433715676,-0.2155370719015831,0.015297198877498416,0.9430323433715676
2.3149936710105976,1788408582.3677611,control,takeoff,1,1,0.005497712001670152,3.869208335876465,3869.0,0,30.0,2.308705554998596,3.869208335876465,1,1,0,1.0854933711003192,0.03504477068781853,0.04996154084801674,0.055293455719947815,-0.00015277042984962463,0.009883219376206398,0.12362372130155563,-0.013855908066034317,0.15966863930225372,1.7197374105453491,0.07312175631523132,-0.19070465862751007,0.03663383051753044,-0.010818576453142627,-0.030323280153308277,0.0582519516171554,0.034725699573755264,0.04896179586648941,0.04461656567996649,0.048616798040566116,0.0,0.0,0.1318734616373961,0.00031907111406326294,0.0009997449815273285,0.010676890039981325,0.004204499866932936,0.020221202983079986,0.08415484615367426,-0.002128998614793127,-0.009947858935389475,0.39324282348433887,0.02499933355337961,-0.006632687170800783,0.04845095194803288,-0.03562340675043568,-0.02361398927724747,0.009964607958034447,0.08519394061793292,0.23917535135584195,-0.0005652496652274052,analytic,0.19790766704662435,0.3096420072372539,-0.014469415370904438,0.3930149387128742,0.001582280559348413,0.01031002093037374,0.10793838351347135,-0.07748234379404946,0.08216121690250858,0.7717527433613253,1,0.006585359573364258,0.03501179441809654,0.049241092056035995,0.05205975100398064,0.004204499866932936,0.020221202983079986,0.09136636008471018,-0.2240158620090561,0.009176205586087803,0.9190251716537309,1,0.003416211999137886,1.0,0.004204499866932936,0.020221202983079986,0.09136636008471018,-0.2240158620090561,0.009176205586087803,0.9190251716537309,-0.2240158620090561,0.009176205586087803,0.9190251716537309
2.326093526004115,1788408582.3786025,control,takeoff,1,1,0.005385181997553445,3.869208335876465,3869.0,0,30.0,2.3198054099921137,3.869208335876465,1,1,0,1.0854933711003192,0.035092610865831375,0.050141286104917526,0.05665495991706848,0.0007296165567822754,0.011107085272669792,0.12314165383577347,0.004626884125173092,0.14952683448791504,1.3672064542770386,0.04285552352666855,-0.055814653635025024,0.028951527550816536,-0.011694809788595472,-0.024890278293759123,0.05817079538816711,0.034725699573755264,0.04896179586648941,0.044699471476719224,0.048616798040566116,0.0,0.0,0.13035446943215542,0.00036691129207611084,0.0011794902384281158,0.011955488440349257,-0.0004152030563593797,0.020181462807533183,0.10057484533092066,-8.58532697227048e-05,-0.010076214477590764,0.38696036004357065,0.025992021605280777,-0.0014860516203684976,0.048578163868361876,-0.03754547967561359,-0.023328277718289464,0.009756314739536432,0.07052210619407126,0.2672857000845024,-0.00010483497781161509,analytic,0.18946758771580363,0.3371268726747966,-0.011754481513163984,0.38671317911304126,0.0010050673004243873,0.010737104051176304,0.11441553644501454,-0.05139816743642818,0.03802977394040035,0.5767604706575659,1,0.006196498870849609,0.03495863825082779,0.0492042675614357,0.05496320500969887,-0.0004152030563593797,0.020181462807533183,0.10830420028793869,-0.23202620536649135,-0.004637571935419523,0.8245258349285816,1,0.0020564940059557557,1.0,-0.0004152030563593797,0.020181462807533183,0.10830420028793869,-0.23202620536649135,-0.004637571935419523,0.8245258349285816,-0.23202620536649135,-0.004637571935419523,0.8245258349285816
2.337148813006934,1788408582.3897247,control,takeoff,1,1,0.006407747001503594,3.869208335876465,3869.0,0,30.0,2.3308606969949324,3.869208335876465,1,1,0,1.0854933711003192,0.03511158004403114,0.05015305057168007,0.057990748435258865,0.0009624739177525043,0.009120583534240723,0.12518663704395294,0.008351253345608711,0.07995457202196121,1.1345998048782349,0.0530080646276474,0.04645990580320358,0.025409510359168053,-0.010758523857522264,-0.020326469933624372,0.0582321729560032,0.034725699573755264,0.04896179586648941,0.044787846313533636,0.048616798040566116,0.0,0.0,0.12884682260945707,0.0003858804702758789,0.0011912547051906586,0.01320290212172523,-0.002707551957865823,0.02017796020688519,0.10781822517923526,0.0009328988351652467,-0.01009484578352854,0.3839011620885698,0.02637635297889571,0.0011484823523476195,0.04864709783678282,-0.03702936988174937,-0.021393644446891825,0.009749648084148969,0.07555347795084127,0.27277932426668566,8.68020671052493e-05,analytic,0.19320401336795517,0.3368792796501767,-0.011497286777633479,0.3836836537810246,0.000631073231101575,0.0109028063917118,0.11926450321539032,-0.037335352158442206,0.016541853854989703,0.48406618400224316,1,0.0073015689849853516,0.03493701294064522,0.04971078783273697,0.05614864453673363,-0.002707551957865823,0.02017796020688519,0.11607930619082583,-0.22923489015068993,-0.00035026006479928234,0.7775105902888692,1,0.000598497994360514,1.0,-0.002707551957865823,0.02017796020688519,0.11607930619082583,-0.22923489015068993,-0.00035026006479928234,0.7775105902888692,-0.22923489015068993,-0.00035026006479928234,0.7775105902888692
2.3481545930117136,1788408582.4006462,control,takeoff,1,1,0.006540623013279401,3.869208335876465,3869.0,0,30.0,2.341866476999712,3.869208335876465,1,1,0,1.0854933711003192,0.035110168159008026,0.0503409318625927,0.05938465893268585,0.0007440688204951584,0.010744389146566391,0.12572979927062988,0.0026729200035333633,0.0937630906701088,0.9176477789878845,-0.013973493129014969,0.12990768253803253,0.026898933574557304,-0.013836005646610493,-0.015268954568463673,0.058528125260638754,0.034725699573755264,0.04896179586648941,0.04488175072769081,0.048616798040566116,0.0,0.0,0.1273511278973955,0.00038446858525276184,0.0013791359961032867,0.014502908204995044,-0.002707551957865823,0.02017796020688519,0.10727323798094678,0.0009353736359008828,-0.010247126084441092,0.38354336142477935,0.026797546611562886,0.001136687095070007,0.0486472657528004,-0.040548889075666235,-0.01633676985152557,0.00998417139446577,0.07591333496238989,0.2730191518060235,8.632073733234278e-05,analytic,0.20440082863687029,0.3219738992268478,-0.01066035367520246,0.3833145517007431,0.0004781433266428315,0.010837548380196682,0.1226713669121605,-0.014034537677028829,-0.0059887961388478605,0.3126514535011804,1,0.007326364517211914,0.03493701294064522,0.04971078783273697,0.05614864453673363,-0.002707551957865823,0.02017796020688519,0.11607930619082583,-0.22923489015068993,-0.00035026006479928234,0.7775105902888692,1,0.011604277999140322,1.0,-0.002707551957865823,0.02017796020688519,0.11607930619082583,-0.22923489015068993,-0.00035026006479928234,0.7775105902888692,-0.22923489015068993,-0.00035026006479928234,0.7775105902888692
2.35934658300539,1788408582.41195,control,takeoff,1,1,0.00880028099345509,3.869208335876465,3869.0,0,30.0,2.3530584669933887,3.869208335876465,1,1,0,1.0854933711003192,0.03511857986450195,0.0505371131002903,0.06080560386180878,0.0007825909415259957,0.012964636087417603,0.1322295069694519,0.002996256574988365,0.12445726990699768,0.878872275352478,0.010581149719655514,0.2295224368572235,0.014852619729936123,-0.012854280172993102,-0.009633959349661617,0.05815352319746754,0.034725699573755264,0.04896179586648941,0.044983483230405484,0.048616798040566116,0.0,0.0,0.1258354485294685,0.00039288029074668884,0.001575317233800888,0.015822120631403293,-0.002707551957865823,0.02017796020688519,0.10670321159724341,0.0009305030520364791,-0.010405862130508264,0.38318559131471397,0.027235398814986253,0.0011049183437647097,0.04864689836902866,-0.04003637294856016,-0.010667657194457354,0.009581305749090996,0.07628468364299366,0.27324323923568544,8.431965143867022e-05,analytic,0.20332429728164889,0.30527517711401686,-0.009595019088526752,0.3829988060413972,0.0004305987564380343,0.010806979046880893,0.12517134305134497,-0.005294333908253109,-0.0034040534435232908,0.27838527904438964,1,0.009649991989135742,0.03493701294064522,0.04971078783273697,0.05614864453673363,-0.002707551957865823,0.02017796020688519,0.11607930619082583,-0.22923489015068993,-0.00035026006479928234,0.7775105902888692,1,0.022796267992816865,1.0,-0.002707551957865823,0.02017796020688519,0.11607930619082583,-0.22923489015068993,-0.00035026006479928234,0.7775105902888692,-0.22923489015068993,-0.00035026006479928234,0.7775105902888692
2.3705641260021366,1788408582.4232285,control,takeoff,1,1,0.007467065996024758,3.869208335876465,3869.0,0,30.0,2.364276009990135,3.869208335876465,1,1,0,1.0854933711003192,0.035104721784591675,0.05065833404660225,0.06214364245533943,0.00040414274553768337,0.012312999926507473,0.12721160054206848,-0.003663647221401334,0.08913020044565201,0.6227386593818665,7.622223347425461e-05,0.2780776619911194,0.04207661375403404,-0.013390164986347111,-0.003711331761221093,0.0599614513748153,0.034725699573755264,0.04896179586648941,0.04509193841847738,0.048616798040566116,0.0,0.0,0.12432169310529846,0.0003790222108364105,0.0016965381801128387,0.01705170403686205,-0.006907880025831729,0.02074771359413488,0.11925938787160026,0.002834844309900084,-0.010765136825295575,0.3782704153960298,0.028782000055904026,0.006097210038656053,0.0487923353256838,-0.04217064865693579,-0.009719672753895224,0.011241391106306993,0.12143007241158932,0.2523166877233035,0.0007407006097984194,analytic,0.25532133276261326,0.2808969774155829,-0.012989641843831244,0.37807963426770136,0.0004619294735110767,0.011102254832382606,0.12722112303410138,0.0025086967267826717,0.023643167657458258,0.1641289065097767,1,0.00843954086303711,0.03490491211414337,0.05009552836418152,0.058832086622714996,-0.006907880025831729,0.02074771359413488,0.12922262646802107,-0.20057675557310856,0.039272518151508604,0.6083963612421254,1,0.008805142002529465,1.0,-0.006907880025831729,0.02074771359413488,0.12922262646802107,-0.20057675557310856,0.039272518151508604,0.6083963612421254,-0.20057675557310856,0.039272518151508604,0.6083963612421254
2.381544924006448,1788408582.4341214,control,takeoff,1,1,0.001513098002760671,3.869208335876465,3869.0,0,30.0,2.3752568079944467,3.869208335876465,1,1,0,1.0854933711003192,0.0351087860763073,0.051029667258262634,0.0651455968618393,0.0003046864876523614,0.028548676520586014,0.27234452962875366,-0.011581704951822758,2.0319347381591797,19.046579360961914,-0.23086664080619812,0.6005080342292786,0.01236033346503973,-0.016852450716955663,0.0031447559059274576,0.059250974120450293,0.034725699573755264,0.04896179586648941,0.04520456791140053,0.048616798040566116,0.0,0.0,0.1228451064769651,0.00038308650255203247,0.002067871391773224,0.019941028950438762,-0.009974743814064647,0.02190019468608849,0.12759283156511464,0.004217287712745234,-0.011574674676491049,0.37408285521074963,0.03144391631163707,0.009746717769647162,0.04892336920073226,-0.0483422696907603,-0.006524310723122615,0.01037200655722183,0.14445550655652878,0.18179310661001852,0.0014087079907102555,analytic,0.29615754485351103,0.2006689837084309,-0.012243489456629267,0.37384004977946805,0.0005017364245337126,0.012202749733501316,0.12899021175335224,0.011657566642660778,0.3349550562097885,0.5775448182245991,1,0.002475738525390625,0.034780245274305344,0.05040019005537033,0.06156054511666298,-0.009974743814064647,0.02190019468608849,0.1381459759531046,-0.1348469251290432,0.06176975133499928,0.3937645769096671,1,0.007401601003948599,1.0,-0.009974743814064647,0.02190019468608849,0.1381459759531046,-0.1348469251290432,0.06176975133499928,0.3937645769096671,-0.1348469251290432,0.06176975133499928,0.3937645769096671
2.3926898760109907,1788408582.4452436,control,takeoff,1,1,0.002971954003442079,3.869208335876465,3869.0,0,30.0,2.3864017599989893,3.869208335876465,1,1,0,1.0854933711003192,0.0351126492023468,0.05122118070721626,0.06682632118463516,0.0003234501928091049,0.02679009735584259,0.25255101919174194,-0.008878245949745178,1.5892661809921265,14.828899383544922,-0.17579589784145355,0.5526503324508667,0.0336538590490818,-0.01641582389295962,0.006665110509357541,0.06034450571497293,0.034725699573755264,0.04896179586648941,0.04532558888848486,0.048616798040566116,0.0,0.0,0.12135172795903161,0.0003869496285915375,0.0022593848407268524,0.0215007322961503,-0.010904167527089736,0.022605920338830705,0.13008472696456336,0.00463863189090066,-0.012048924064673176,0.3725372098631038,0.03289983544595027,0.01085277803865358,0.048973974506349424,-0.04939333177628254,-0.0040924191480108734,0.011400471435493314,0.15298571591906635,0.1330911149338393,0.0016612842119675133,analytic,0.30772981364886415,0.14447826526956514,-0.016000933079571553,0.37230273953204274,0.0004877531572217117,0.0141542759113625,0.14349685877325763,-0.001442238578168362,0.20128102232596953,1.4962201254654324,1,0.003902435302734375,0.03466818109154701,0.050650324672460556,0.06302113831043243,-0.010904167527089736,0.022605920338830705,0.14125174111756295,-0.09294237130249437,0.07057256527421049,0.31057651644578604,1,0.005840641009854153,1.0,-0.010904167527089736,0.022605920338830705,0.14125174111756295,-0.09294237130249437,0.07057256527421049,0.31057651644578604,-0.09294237130249437,0.07057256527421049,0.31057651644578604
2.40386400600255,1788408582.456362,control,takeoff,1,1,0.01414608399500139,3.869208335876465,3869.0,0,30.0,2.3975758899905486,3.869208335876465,1,1,0,1.0854933711003192,0.0351126492023468,0.05122118070721626,0.06682632118463516,0.0003234501928091049,0.02679009735584259,0.25255101919174194,-0.008878245949745178,1.5892661809921265,14.828899383544922,-0.17579589784145355,0.5526503324508667,0.0336538590490818,-0.01641582389295962,0.006665110509357541,0.06034450571497293,0.034725699573755264,0.04896179586648941,0.04545387978795032,0.048616798040566116,0.0,0.0,0.1198597816898896,0.0003869496285915375,0.0022593848407268524,0.021372441396684844,-0.011364469128857222,0.023372117197133193,0.13192621923055933,0.004852041347517199,-0.012407212621244678,0.37197775194925276,0.033938379257873665,0.01139390246707372,0.049003628768095414,-0.05043329559247721,-0.004627614913532365,0.01137751119840942,0.1578648153927126,0.07673253522157983,0.0017998105734515274,analytic,0.3153625982706589,0.08976185766437587,-0.018677138094304744,0.37173856313329684,0.0004877531572217117,0.0141542759113625,0.14349685877325763,-0.001442238578168362,0.20128102232596953,1.4962201254654324,1,0.01502084732055664,0.03474599868059158,0.05055227875709534,0.0644836276769638,-0.011364469128857222,0.023372117197133193,0.14372384251791975,-0.04603016017675779,0.07661968583026407,0.24721014003572994,1,0.004417912001372315,1.0,-0.011364469128857222,0.023372117197133193,0.14372384251791975,-0.04603016017675779,0.07661968583026407,0.24721014003572994,-0.04603016017675779,0.07661968583026407,0.24721014003572994
2.4149758819985436,1788408582.467452,control,takeoff,1,1,0.004662773993914016,3.869208335876465,3869.0,0,30.0,2.408687765986542,3.869208335876465,1,1,0,1.0854933711003192,0.03507104143500328,0.05166586488485336,0.06984268128871918,-0.018689550459384918,0.062142543494701385,0.48598915338516235,-4.065464019775391,8.984883308410645,65.24522399902344,-0.056317493319511414,0.9891429543495178,0.010902882553637028,-0.0164204996739214,0.009761174802897368,0.06018820365459607,0.034725699573755264,0.04896179586648941,0.045588526458832344,0.048616798040566116,0.0,0.0,0.11838145178996931,0.00034534186124801636,0.0027040690183639526,0.024254154829886833,-0.011288658281663446,0.024152348093871737,0.13315606326415608,0.004855337045908068,-0.013105774380249699,0.3702765030054348,0.035976784568338464,0.011361939944552363,0.04902573173545867,-0.05248937308741819,-0.001490985825500972,0.01117287944637756,0.15746088218551058,0.011073597691214639,0.0017902965679206283,analytic,0.3206569348013946,0.014809360654936843,-0.0211190262339411,0.37002895459405766,0.00042221432996269624,0.026256620645669426,0.2454155064278719,-0.037506813009467434,6.141326506744668,51.70130669049317,1,0.005498647689819336,0.03484146669507027,0.050913646817207336,0.0659806877374649,-0.011288658281663446,0.024152348093871737,0.14559562379339774,0.007581084719376416,0.07802308967384224,0.1871781275477698,1,0.0024463199952151626,1.0,-0.011288658281663446,0.024152348093871737,0.14559562379339774,0.007581084719376416,0.07802308967384224,0.1871781275477698,0.007581084719376416,0.07802308967384224,0.1871781275477698
2.4259741340065375,1788408582.4786956,control,takeoff,1,1,0.0010584840056253597,3.869208335876465,3869.0,0,30.0,2.419686017994536,3.869208335876465,1,1,0,1.0854933711003192,0.03522391617298126,0.05189245939254761,0.07136216759681702,-0.012856259942054749,0.052819859236478806,0.40961819887161255,-3.172417163848877,7.060125350952148,51.14939880371094,-0.04653746634721756,0.8190770745277405,-0.0015838509425520897,-0.016537184837323866,0.011774021171478377,0.059402963089118015,0.034725699573755264,0.04896179586648941,0.0457288999897481,0.048616798040566116,0.0,0.0,0.11692344716049076,0.0004982165992259979,0.002930663526058197,0.025633267607068917,-0.009629248082990137,0.025925322532368074,0.1340638809688565,0.003999145756419829,-0.014088379482953887,0.3693628613919461,0.03860584585668389,0.008947136546005196,0.04896237689468896,-0.0552214787537756,0.0029407033990298224,0.010404027652295565,0.16825485397938314,-0.11425470880303264,0.0015065618830837752,analytic,0.33864047237918543,-0.1236339559688621,-0.026075486999486537,0.36908742055958277,-0.00316679911007033,0.03534523559690685,0.30863734517704844,-0.24598688521446307,0.6229232963663466,4.333152675877935,1,0.002151966094970703,0.03493504598736763,0.051111795008182526,0.06870060414075851,-0.009629248082990137,0.025925322532368074,0.14715320887637656,0.10528830684265983,0.09224193987096142,0.0374948249729409,1,0.00042323699744883925,1.0,-0.009629248082990137,0.025925322532368074,0.14715320887637656,0.10528830684265983,0.09224193987096142,0.0374948249729409,0.10528830684265983,0.09224193987096142,0.0374948249729409
2.43708941800287,1788408582.4895518,control,takeoff,1,1,0.012173768001957797,3.869208335876465,3869.0,0,30.0,2.4308013019908685,3.869208335876465,1,1,0,1.0854933711003192,0.03522391617298126,0.05189245939254761,0.07136216759681702,-0.012856259942054749,0.052819859236478806,0.40961819887161255,-3.172417163848877,7.060125350952148,51.14939880371094,-0.04653746634721756,0.8190770745277405,-0.0015838509425520897,-0.016537184837323866,0.011774021171478377,0.059402963089118015,0.034725699573755264,0.04896179586648941,0.04587810774979101,0.048616798040566116,0.0,0.0,0.1154551928695485,0.0004982165992259979,0.002930663526058197,0.025484059847026008,-0.009629248082990137,0.025925322532368074,0.13339283023266293,0.004004400435943145,-0.014103357914340399,0.3696892857214578,0.03861289291124097,0.008951440837583495,0.048962606316000745,-0.055228535309257414,0.0029364349885701493,0.010403834268444712,0.1680336233432535,-0.1141702876185543,0.0015053052463229327,analytic,0.3387482589159584,-0.12355070931439306,-0.026120061560470312,0.36941357650257933,-0.00316679911007033,0.03534523559690685,0.30863734517704844,-0.24598688521446307,0.6229232963663466,4.333152675877935,1,0.01300811767578125,0.03493504598736763,0.051111795008182526,0.06870060414075851,-0.009629248082990137,0.025925322532368074,0.14715320887637656,0.10528830684265983,0.09224193987096142,0.0374948249729409,1,0.011538520993781276,1.0,-0.009629248082990137,0.025925322532368074,0.14715320887637656,0.10528830684265983,0.09224193987096142,0.0374948249729409,0.10528830684265983,0.09224193987096142,0.0374948249729409
2.448204213011195,1788408582.5006986,control,takeoff,1,1,0.005887318009627052,3.869208335876465,3869.0,0,30.0,2.4419160969991935,3.869208335876465,1,1,0,1.0854933711003192,0.03533187508583069,0.05224338546395302,0.07416517287492752,0.015793919563293457,0.0639868825674057,0.5262705087661743,2.691098213195801,7.879630088806152,64.33616638183594,0.06882641464471817,0.7408363223075867,0.06170245260000229,-0.014476476143626477,0.012681948256469847,0.060212079570300496,0.034725699573755264,0.04896179586648941,0.04603484681023441,0.048616798040566116,0.0,0.0,0.1139922955962678,0.0006061755120754242,0.003281589597463608,0.02813032606469311,-0.008216771361873735,0.02681167174321984,0.1322461728835691,0.0032922652067298437,-0.014780948222964923,0.3689235500422973,0.04043035204286985,0.006954871353694542,0.048898136973709254,-0.05498795043352514,0.005870963430498852,0.011233590119597231,0.16057138461743212,-0.16194203295838133,0.001117684696065787,analytic,0.3302502323069117,-0.18013007023108896,-0.030371576291576392,0.36866917350019945,-0.012516931890626129,0.0532321528889918,0.4204382487940329,-4.0123726063342895,7.6903522862380385,48.06444696484569,1,0.006839752197265625,0.034953489899635315,0.051196854561567307,0.07056520134210587,-0.008216771361873735,0.02681167174321984,0.14669183629398636,0.14124767211161812,0.08863492108516262,-0.0461372582390135,1,0.010203194004134275,1.0,-0.008216771361873735,0.02681167174321984,0.14669183629398636,0.14124767211161812,0.08863492108516262,-0.0461372582390135,0.14124767211161812,0.08863492108516262,-0.0461372582390135
2.459438112011412,1788408582.511948,control,takeoff,1,1,0.0036342410021461546,3.869208335876465,3869.0,0,30.0,2.4531499959994107,3.869208335876465,1,1,0,1.0854933711003192,0.03536496311426163,0.05245548114180565,0.07547412812709808,0.013120030052959919,0.05429770052433014,0.44019874930381775,2.1136934757232666,6.161712646484375,50.20758056640625,0.12477485835552216,0.575280487537384,0.045050375163555145,-0.009722759391278797,0.011491920114860821,0.05993222588623564,0.034725699573755264,0.04896179586648941,0.04620108538398138,0.048616798040566116,0.0,0.0,0.11251909987908304,0.0006392635405063629,0.0034936852753162384,0.029273042743116706,-0.006549463086232454,0.027645604017748147,0.13032544205002805,0.0025207135868230324,-0.01533150473594053,0.36910521785240813,0.04179588324865681,0.004794166179217456,0.04881729044025311,-0.05158407366532573,0.0068725741784973,0.011001782517419668,0.15118342793968204,-0.196704773444604,0.0007254375697744854,analytic,0.3106061049086469,-0.21775403474049304,-0.03148997468714683,0.36893149949827153,-0.009195354302289672,0.05781225663656353,0.4533499222622521,0.24335283000698624,0.3355577821246675,2.411248470269275,1,0.0044400691986083984,0.03494194895029068,0.05149465799331665,0.07195286452770233,-0.006549463086232454,0.027645604017748147,0.14547804262948025,0.16673082756416133,0.08339322745284748,-0.1213793664506349,1,0.008975260003353469,1.0,-0.006549463086232454,0.027645604017748147,0.14547804262948025,0.16673082756416133,0.08339322745284748,-0.1213793664506349,0.16673082756416133,0.08339322745284748,-0.1213793664506349
2.4704672420048155,1788408582.522958,control,takeoff,1,1,0.0010838080052053556,3.869208335876465,3869.0,0,30.0,2.464179125992814,3.869208335876465,1,1,0,1.0854933711003192,0.03550194576382637,0.0528339259326458,0.07817228138446808,0.011642037890851498,0.04611418396234512,0.36290520429611206,1.2910312414169312,3.7384591102600098,30.084657669067383,0.10599194467067719,0.24695730209350586,0.04896361753344536,-0.00837408029632119,0.00644435826014554,0.06044346216694543,0.034725699573755264,0.04896179586648941,0.04637209646229557,0.048616798040566116,0.0,0.0,0.11107801666448913,0.000776246190071106,0.0038721300661563873,0.03180018492217251,-0.004733695916718939,0.02851921964771552,0.12769730903013166,0.0016033419776467295,-0.016024939830548608,0.3689107412900197,0.04357093125494586,0.002225771419429061,0.04871383830939174,-0.05197041605011047,0.004422686086189456,0.011649230536996166,0.1537610369080153,-0.2192177667489263,0.0003425625999699648,analytic,0.31423439583617835,-0.23300359413131883,-0.034825466317942144,0.36875946299748896,-0.0018081104995395217,0.06194982485583863,0.48395582687505495,0.43968831948475623,0.06561554247337345,0.5229380908421353,1,0.001909494400024414,0.0349869541823864,0.051954466849565506,0.07330382615327835,-0.004733695916718939,0.02851921964771552,0.143557776110173,0.18157671695132307,0.08736156299672346,-0.192026651930694,1,0.007449388998793438,1.0,-0.004733695916718939,0.02851921964771552,0.143557776110173,0.18157671695132307,0.08736156299672346,-0.192026651930694,0.18157671695132307,0.08736156299672346,-0.192026651930694
2.481582640000852,1788408582.5340858,control,takeoff,1,1,0.012199206001241691,3.869208335876465,3869.0,0,30.0,2.4752945239888504,3.869208335876465,1,1,0,1.0854933711003192,0.03550194576382637,0.0528339259326458,0.07817228138446808,0.011642037890851498,0.04611418396234512,0.36290520429611206,1.2910312414169312,3.7384591102600098,30.084657669067383,0.10599194467067719,0.24695730209350586,0.04896361753344536,-0.00837408029632119,0.00644435826014554,0.06044346216694543,0.034725699573755264,0.04896179586648941,0.046552420092966285,0.048616798040566116,0.0,0.0,0.10963093388308955,0.000776246190071106,0.0038721300661563873,0.031619861291501794,-0.000945327100030229,0.03049249633734983,0.1214468604311173,-0.00010104960050907327,-0.016930614357186773,0.37120332075735557,0.045511654414226686,-0.0024832869844120574,0.04850370156139402,-0.053880280067831424,0.009144032870011906,0.011767242296868183,0.1666343837148429,-0.23635519704361402,-0.00041423077310361,analytic,0.3329412783496059,-0.2644602380473789,-0.03638125209838888,0.3710338906422583,-0.0018081104995395217,0.06194982485583863,0.48395582687505495,0.43968831948475623,0.06561554247337345,0.5229380908421353,1,0.01303720474243164,0.035021986812353134,0.05223117396235466,0.07604715973138809,-0.000945327100030229,0.03049249633734983,0.1380344010795693,0.18995857299877505,0.10029933100733142,-0.2981778314749334,1,0.005852862988831475,1.0,-0.000945327100030229,0.03049249633734983,0.1380344010795693,0.18995857299877505,0.10029933100733142,-0.2981778314749334,0.18995857299877505,0.10029933100733142,-0.2981778314749334
2.492693581007188,1788408582.545236,control,takeoff,1,1,0.00198838600772433,3.869208335876465,3869.0,0,30.0,2.4864054649951868,3.869208335876465,1,1,0,1.0854933711003192,0.03565777465701103,0.053313229233026505,0.08051304519176483,0.01110433042049408,0.042912330478429794,0.29889926314353943,0.8449504375457764,2.4791665077209473,18.49699592590332,0.10711580514907837,-0.06155136227607727,0.03662954643368721,-0.006202461536645783,-0.00020850919119405574,0.06021366041835563,0.034725699573755264,0.04896179586648941,0.04674082365032279,0.048616798040566116,0.0,0.0,0.10818972104521307,0.0009320750832557678,0.004351433366537094,0.03377222154144204,-0.000945327100030229,0.03049249633734983,0.12070654133897452,-0.0002175773307626751,-0.017307877947959315,0.3705169383373815,0.046595491447054,-0.002850458630242769,0.048483883494536174,-0.05275360388039162,0.0028771931231588617,0.011669674455617807,0.16664215201328342,-0.23670619623649203,-0.0004755239679877102,analytic,0.3298448290262443,-0.24599331251530013,-0.037085414369040476,0.3704029907671256,0.00919427813772369,0.051930441804978016,0.4062969431169796,1.0903608830193192,-1.0294547390106465,-8.035091754513704,1,0.0028519630432128906,0.035021986812353134,0.05223117396235466,0.07604715973138809,-0.000945327100030229,0.03049249633734983,0.1380344010795693,0.18995857299877505,0.10029933100733142,-0.2981778314749334,1,0.016963803995167837,1.0,-0.000945327100030229,0.03049249633734983,0.1380344010795693,0.18995857299877505,0.10029933100733142,-0.2981778314749334,0.18995857299877505,0.10029933100733142,-0.2981778314749334
2.5038079580117483,1788408582.5567594,control,takeoff,1,1,0.002582091008662246,3.869208335876465,3869.0,0,30.0,2.497519841999747,3.869208335876465,1,1,0,1.0854933711003192,0.035653285682201385,0.05356428772211075,0.08149828761816025,0.008798089809715748,0.03910466283559799,0.25785741209983826,0.6320987343788147,1.9109164476394653,14.017035484313965,0.11123650521039963,-0.1113848090171814,-0.008900521323084831,-0.0048556873606812635,-0.0034870779232329904,0.05822298460554802,0.034725699573755264,0.04896179586648941,0.04693758934349519,0.048616798040566116,0.0,0.0,0.1067533536132512,0.0009275861084461212,0.004602491855621338,0.034560698274665055,0.0026687856020949064,0.03213082075221002,0.11277346602192945,-0.0018422248270580379,-0.01825216869624365,0.3729627833714654,0.048603431554398266,-0.007294495838287327,0.048261984234906824,-0.053378520497079876,0.0040228299497073305,0.009871495569902073,0.13209171484275578,-0.22299489757057211,-0.0009646987810480669,analytic,0.29803990568610156,-0.23509264834195104,-0.03336946038576808,0.3728782798358423,0.01191359961031662,0.04781390805950682,0.36900477087357286,0.258590720969062,-0.3914570012643078,-3.546255859822929,1,0.003859281539916992,0.03510492295026779,0.052607934921979904,0.07883002609014511,0.0026687856020949064,0.03213082075221002,0.13085523637338903,0.17595080162238463,0.0731579812899664,-0.3818665077783903,1,0.003964606003137305,1.0,0.0026687856020949064,0.03213082075221002,0.13085523637338903,0.17595080162238463,0.0731579812899664,-0.3818665077783903,0.17595080162238463,0.0731579812899664,-0.3818665077783903
2.5149434940103674,1788408582.5678346,control,takeoff,1,1,0.0055032820091582835,3.869208335876465,3869.0,0,30.0,2.508655377998366,3.869208335876465,1,1,0,1.0854933711003192,0.035785142332315445,0.053831227123737335,0.08251247555017471,0.010246489197015762,0.037778258323669434,0.23096071183681488,0.5409179925918579,1.4964622259140015,10.559243202209473,0.10554139316082001,-0.21048422157764435,0.013789406046271324,-0.004180627643169574,-0.008471983375267427,0.05910497385882222,0.034725699573755264,0.04896179586648941,0.04714320657005318,0.048616798040566116,0.0,0.0,0.1053195587294035,0.0010594427585601807,0.004869431257247925,0.035369268980121535,0.0026687856020949064,0.03213082075221002,0.11200489535509185,-0.001942809688152906,-0.01847121185824467,0.3728914699306352,0.049185081225616566,-0.007592710278004238,0.04824305214051435,-0.053251678905116964,-0.000634415197339355,0.010874530655672718,0.13185833708090144,-0.2229327800115444,-0.001002393627379471,analytic,0.2974669723699426,-0.22116616831725852,-0.036043245408558924,0.37282389703942087,0.013319785629516278,0.04450801474621504,0.33550611764482996,0.17108463320395664,-0.402213887205226,-4.075637733710312,1,0.006715297698974609,0.03510492295026779,0.052607934921979904,0.07883002609014511,0.0026687856020949064,0.03213082075221002,0.13085523637338903,0.17595080162238463,0.0731579812899664,-0.3818665077783903,1,0.015100142001756467,1.0,0.0026687856020949064,0.03213082075221002,0.13085523637338903,0.17595080162238463,0.0731579812899664,-0.3818665077783903,0.17595080162238463,0.0731579812899664,-0.3818665077783903
2.5260273630119627,1788408582.579369,control,takeoff,1,1,0.006703191000269726,3.869208335876465,3869.0,0,30.0,2.5197392469999613,3.869208335876465,1,1,0,1.0854933711003192,0.03587610274553299,0.05404741317033768,0.08339089155197144,0.010035468265414238,0.03459165245294571,0.20252104103565216,0.4284697473049164,1.1327695846557617,7.872638702392578,0.09603419899940491,-0.20129412412643433,0.005255145952105522,-0.0036039947033243394,-0.010101354243039887,0.05882547662947868,0.034725699573755264,0.04896179586648941,0.04735644089043574,0.048616798040566116,0.0,0.0,0.1038976915762117,0.0011504031717777252,0.005085617303848267,0.0360344506615357,0.005675202112685792,0.03318728733134693,0.10133211703274612,-0.003367285728736655,-0.019128139976601278,0.3763526724538333,0.05029100168184463,-0.011377246888339576,0.048044154449226446,-0.05375171023761917,0.001526587093817756,0.010743886740795426,0.0932711567664037,-0.16544889326484746,-0.0010625581868372856,analytic,0.2613396688284977,-0.16982504902169013,-0.03267609033317158,0.3763082366558252,0.013579003716070964,0.04168714724415296,0.30232186222212887,0.026194122854185174,-0.2850501324443824,-3.3532863193306404,1,0.008353710174560547,0.03506860509514809,0.053202830255031586,0.08102711290121078,0.005675202112685792,0.03318728733134693,0.12096043189837943,0.12760735926770939,0.04324563952327684,-0.4981245572474963,1,0.0016068180120782927,1.0,0.005675202112685792,0.03318728733134693,0.12096043189837943,0.12760735926770939,0.04324563952327684,-0.4981245572474963,0.12760735926770939,0.04324563952327684,-0.4981245572474963
2.537145417998545,1788408582.5901287,control,takeoff,1,1,0.007092267987900414,3.869208335876465,3869.0,0,30.0,2.5308573019865435,3.869208335876465,1,1,0,1.0854933711003192,0.035974644124507904,0.054268352687358856,0.08426128327846527,0.009870662353932858,0.0318039134144783,0.17828930914402008,0.33969464898109436,0.854097306728363,5.8450846672058105,0.07507935166358948,-0.18787193298339844,-0.003539034631103277,-0.0036930685345067326,-0.011538309785815827,0.058416521392419096,0.034725699573755264,0.04896179586648941,0.04757906715738424,0.048616798040566116,0.0,0.0,0.10247672623009024,0.0012489445507526398,0.005306556820869446,0.03668221612108103,0.00749788376558946,0.033745860704785566,0.08855501385020782,-0.004265809603072266,-0.019564994524492983,0.38056040812557096,0.050766612453689165,-0.013658383507937613,0.04792283357267156,-0.054299204027858386,0.0023654940637574517,0.010436005330779236,0.06515418426778041,-0.11016541290214103,-0.0008911042295490187,analytic,0.2357973874228883,-0.11683859550606325,-0.029004028069456154,0.38052358353295623,0.01313102615748479,0.03908440445641808,0.26899577469141356,-0.04187270888704177,-0.2432798004494366,-3.115007738159458,1,0.008414745330810547,0.03513064980506897,0.05406617745757103,0.08365364372730255,0.00749788376558946,0.033745860704785566,0.10897652511066498,0.08270130105203562,0.024896069291251908,-0.6696582747676358,1,0.0002698749885894358,1.0,0.00749788376558946,0.033745860704785566,0.10897652511066498,0.08270130105203562,0.024896069291251908,-0.6696582747676358,0.08270130105203562,0.024896069291251908,-0.6696582747676358
2.5482255750102922,1788408582.601125,control,takeoff,1,1,0.00199249001161661,3.869208335876465,3869.0,0,30.0,2.541937458998291,3.869208335876465,1,1,0,1.0854933711003192,0.03602050989866257,0.054548364132642746,0.0852082297205925,0.008466731756925583,0.02892421931028366,0.15440385043621063,0.25430214405059814,0.6474776268005371,4.379125118255615,0.07247304916381836,-0.2048005908727646,-0.007736989296972752,-0.002689640636404943,-0.015923655366683574,0.05803587085996778,0.034725699573755264,0.04896179586648941,0.047809778383814866,0.048616798040566116,0.0,0.0,0.10106587288004949,0.0012948103249073029,0.005586568266153336,0.03739845133677763,0.00749788376558946,0.033745860704785566,0.08775191839062874,-0.004304613887436949,-0.01979478183114823,0.3805457783747942,0.05136531757588386,-0.013788897041096065,0.047907925989768556,-0.05387695490308518,-0.0018869478030756111,0.010171902576389827,0.0647208890809271,-0.11006556737805717,-0.000893664902262692,analytic,0.234409723746966,-0.10394506490767323,-0.028744688929815992,0.38053038613436396,0.011790925875348426,0.03571860021187542,0.2268516111756309,-0.0833042546465353,-0.2092274866406154,-2.619795082639,1,0.003324270248413086,0.03513064980506897,0.05406617745757103,0.08365364372730255,0.00749788376558946,0.033745860704785566,0.10897652511066498,0.08270130105203562,0.024896069291251908,-0.6696582747676358,1,0.011350032000336796,1.0,0.00749788376558946,0.033745860704785566,0.10897652511066498,0.08270130105203562,0.024896069291251908,-0.6696582747676358,0.08270130105203562,0.024896069291251908,-0.6696582747676358
2.5593732859997544,1788408582.6123104,control,takeoff,1,1,0.009271789997001179,3.869208335876465,3869.0,0,30.0,2.553085169987753,3.869208335876465,1,1,0,1.0854933711003192,0.03607909381389618,0.05474219471216202,0.08597267419099808,0.009730490855872631,0.032923243939876556,0.16210947930812836,0.2672317326068878,0.7198385000228882,3.8922524452209473,-0.0277833454310894,-0.3131468892097473,-0.026524538174271584,-0.004381859727745471,-0.0188830057135379,0.057643414017204804,0.034725699573755264,0.04896179586648941,0.04805094600071667,0.048616798040566116,0.0,0.0,0.09965172534961526,0.001353394240140915,0.005780398845672607,0.03792172819028141,0.00749788376558946,0.033745860704785566,0.08693140533540127,-0.0043529950627619945,-0.019960091889674434,0.3806236968950239,0.05178145244044058,-0.013933124293469466,0.047894698588076066,-0.05597241762980628,-0.0047155188077118056,0.009857912569649858,0.06437327980050675,-0.1099317362472417,-0.0008981828417223491,analytic,0.2406845164029645,-0.09525601560227341,-0.028568167669450913,0.3805697365599128,0.010671880836565516,0.032951186432688566,0.19217283365214077,-0.28232271172013923,-0.698187950899161,-8.749072798910362,1,0.010545969009399414,0.03513064980506897,0.05406617745757103,0.08365364372730255,0.00749788376558946,0.033745860704785566,0.10897652511066498,0.08270130105203562,0.024896069291251908,-0.6696582747676358,1,0.022497742989799008,1.0,0.00749788376558946,0.033745860704785566,0.10897652511066498,0.08270130105203562,0.024896069291251908,-0.6696582747676358,0.08270130105203562,0.024896069291251908,-0.6696582747676358
2.5705434219999006,1788408582.6238346,control,takeoff,1,1,0.009567435990902595,3.869208335876465,3869.0,0,30.0,2.564255305987899,3.869208335876465,1,1,0,1.0854933711003192,0.03617085516452789,0.05496534705162048,0.08663555234670639,0.009460655972361565,0.030415063723921776,0.14179681241512299,0.20885615050792694,0.5300522446632385,2.742737293243408,-0.004793539643287659,-0.3153333067893982,-0.02889525331556797,-0.0034191458885058854,-0.02243273653407566,0.057236995608274825,0.034725699573755264,0.04896179586648941,0.04830184270784903,0.048616798040566116,0.0,0.0,0.09824007286131492,0.0014451555907726288,0.006003551185131073,0.03833370963885736,0.00794007146639545,0.03389159617888127,0.0727006038137204,-0.0046255176202335815,-0.020213139352996738,0.3854478140770236,0.051754709613792076,-0.014494778717893925,0.04786598089936061,-0.054971039904514185,-0.007706056438773222,0.009554674290439422,0.03750418114798999,-0.018692870287505846,-0.0005443817950358284,analytic,0.2120349061967058,0.005104276888588286,-0.02250498835557089,0.38541000864825403,0.009878001863429436,0.031265711162064225,0.1682538569728703,-0.07251082843449735,-0.15394690162411004,-2.1846967522869907,1,0.011121749877929688,0.03559025004506111,0.05425596609711647,0.08499381691217422,0.00794007146639545,0.03389159617888127,0.09558030840399209,0.006613660608863999,4.3561692660018865e-05,-0.6869537235891044,1,0.00921511799970176,1.0,0.00794007146639545,0.03389159617888127,0.09558030840399209,0.006613660608863999,4.3561692660018865e-05,-0.6869537235891044,0.006613660608863999,4.3561692660018865e-05,-0.6869537235891044
2.581617586998618,1788408582.634572,control,takeoff,1,1,0.0005678489978890866,3.869208335876465,3869.0,0,30.0,2.575329470986617,3.869208335876465,1,1,0,1.0854933711003192,0.036240313202142715,0.05550802871584892,0.08787637203931808,0.007366515696048737,0.02902149222791195,0.11295324563980103,0.09757834672927856,0.30897057056427,1.2361156940460205,-0.0401446670293808,-0.27175164222717285,-0.030353937298059464,-0.005322308704593885,-0.02627237936153968,0.05666074884603244,0.034725699573755264,0.04896179586648941,0.04855985375551799,0.048616798040566116,0.0,0.0,0.096845825389196,0.0015146136283874512,0.006546232849359512,0.039316518283800096,0.007646683518540214,0.033176625946534824,0.05771945279989624,-0.0045501141325802325,-0.020318052814200942,0.3902800021244135,0.051391962952557456,-0.014136473996396616,0.04788968096718916,-0.05650378331272918,-0.011925413654636311,0.009042574825609393,-0.020247958193444063,0.015600297459515544,0.00028663223679621587,analytic,0.15953525134447993,0.05254736547703216,-0.018238128127784567,0.3901827582484382,0.008868691879016356,0.029904508076114913,0.13920346047591176,-0.045705949213037535,-0.04309482641421501,-1.213832087148245,1,0.0019190311431884766,0.03594963625073433,0.05428922548890114,0.0859806016087532,0.007646683518540214,0.033176625946534824,0.08143867229892285,-0.019818764833359263,-0.048342258507475054,-0.7096098552572234,1,0.007735905994195491,1.0,0.007646683518540214,0.033176625946534824,0.08143867229892285,-0.019818764833359263,-0.048342258507475054,-0.7096098552572234,-0.019818764833359263,-0.048342258507475054,-0.7096098552572234
2.592706398005248,1788408582.6456742,control,takeoff,1,1,0.001643063995288685,3.869208335876465,3869.0,0,30.0,2.5864182819932466,3.869208335876465,1,1,0,1.0854933711003192,0.036245547235012054,0.05568745359778404,0.08836566656827927,0.0059982286766171455,0.02681718021631241,0.10017982125282288,0.050609324127435684,0.20294907689094543,0.7326061725616455,-0.04464394599199295,-0.18288029730319977,-0.03481448069214821,-0.005933132291658155,-0.024554818930715417,0.05612601420043307,0.034725699573755264,0.04896179586648941,0.04882758752061339,0.048616798040566116,0.0,0.0,0.09545499808620658,0.0015198476612567902,0.006725657731294632,0.039538079047665875,0.0072843030617777815,0.032531422742931776,0.049924041398204805,-0.0043953020974983005,-0.020181621916040428,0.39294082539130193,0.050717376694974864,-0.013632470261764635,0.04792482302350746,-0.056461245756186856,-0.010731338720065695,0.008438604051578102,-0.03831110476134189,0.03556288238974173,0.0005229798265581484,analytic,0.14182553904329873,0.06907685685408393,-0.015532354190289808,0.392832908356252,0.008364917914202765,0.02954794472219049,0.12872202788058829,-0.05053769805581209,-0.03576979434629557,-1.051478465924315,1,0.003052949905395508,0.03600073605775833,0.05480029433965683,0.08678296208381653,0.0072843030617777815,0.032531422742931776,0.07449578654111,-0.03623804567625045,-0.06452032036031764,-0.6942885757814231,1,0.006487830993137322,1.0,0.0072843030617777815,0.032531422742931776,0.07449578654111,-0.03623804567625045,-0.06452032036031764,-0.6942885757814231,-0.03623804567625045,-0.06452032036031764,-0.6942885757814231
2.603863748998265,1788408582.6569276,control,takeoff,1,1,0.0012270869920030236,3.869208335876465,3869.0,0,30.0,2.5975756329862634,3.869208335876465,1,1,0,1.0854933711003192,0.03629652038216591,0.0559464730322361,0.08877374976873398,0.005675898399204016,0.025911811739206314,0.08716751635074615,0.0349397286772728,0.14677667617797852,0.3621259927749634,-0.04773472622036934,-0.1317165493965149,-0.010024894028902054,-0.00665635069468727,-0.023700751980399667,0.05715671332347509,0.034725699573755264,0.04896179586648941,0.049106583583859484,0.048616798040566116,0.0,0.0,0.0940608906066719,0.0015708208084106445,0.006984677165746689,0.039667166184874494,0.006695265031837555,0.03190151278411564,0.04250990864266477,-0.0041725066239725285,-0.020111587612836684,0.39551098295366993,0.05023879414437228,-0.012974837927378507,0.04796442727052711,-0.05669333797553497,-0.010518447166559221,0.00941821018817508,-0.03469138957148485,0.06147014123814486,0.0004507090782036033,analytic,0.14674322340868168,0.09436920000158158,-0.016176263192532594,0.3953850256995466,0.007720299114863966,0.028917749444009194,0.11819632344201493,-0.0554735880617559,-0.0542323514240532,-0.9058044734099177,1,0.002686023712158203,0.036039452999830246,0.05510791763663292,0.08731267601251602,0.006695265031837555,0.03190151278411564,0.06795129495224268,-0.05890380299401345,-0.0629909958816037,-0.6544491588866292,1,0.004871931989328004,1.0,0.006695265031837555,0.03190151278411564,0.06795129495224268,-0.05890380299401345,-0.0629909958816037,-0.6544491588866292,-0.05890380299401345,-0.0629909958816037,-0.6544491588866292
2.6149417190026725,1788408582.6678238,control,takeoff,1,1,0.005160051994607784,3.869208335876465,3869.0,0,30.0,2.608653602990671,3.869208335876465,1,1,0,1.0854933711003192,0.03631133586168289,0.05620716139674187,0.08916372805833817,0.004953451454639435,0.0279917661100626,0.08059811592102051,0.007825693115592003,0.17536517977714539,0.1066889613866806,-0.06695558875799179,-0.07338611781597137,-0.036201994866132736,-0.007665407926853822,-0.022559813390048193,0.056136616632134276,0.034725699573755264,0.04896179586648941,0.049393258748274105,0.048616798040566116,0.0,0.0,0.09268197789144589,0.0015856362879276276,0.007245365530252457,0.03977046931006406,0.005840219091588518,0.03136374857024689,0.035609028343345006,-0.0038023898476406102,-0.020083886942254683,0.397913722376179,0.04991104143841639,-0.011966960439625328,0.04801903245971661,-0.057402186396771235,-0.010414397741396646,0.008334649357160467,-0.021599334029304335,0.09132718674718317,0.0002588130144890102,analytic,0.16246746915238802,0.12378750411151243,-0.012625201694750043,0.39775976423341414,0.0071339701175184575,0.02833131619466818,0.10907605872258193,-0.08168611103707756,-0.08170063520374717,-1.2706159168862259,1,0.006404399871826172,0.03602837771177292,0.05519504100084305,0.08790642023086548,0.005840219091588518,0.03136374857024689,0.0619254537048768,-0.08550459402492072,-0.05377642138688592,-0.6025841247367081,1,0.0032124739955179393,1.0,0.005840219091588518,0.03136374857024689,0.0619254537048768,-0.08550459402492072,-0.05377642138688592,-0.6025841247367081,-0.08550459402492072,-0.05377642138688592,-0.6025841247367081
2.6260284210002283,1788408582.678901,control,takeoff,1,1,0.005205364999710582,3.869208335876465,3869.0,0,30.0,2.619740304988227,3.869208335876465,1,1,0,1.0854933711003192,0.036440733820199966,0.05643466114997864,0.0894446149468422,0.006301034241914749,0.02650442346930504,0.06955423206090927,0.03061191365122795,0.11341527849435806,-0.11421622335910797,-0.06171788275241852,-0.02606886625289917,-0.011622361838817596,-0.008137081138420337,-0.020746017202308654,0.057082073956773054,0.034725699573755264,0.04896179586648941,0.04968992826411757,0.048616798040566116,0.0,0.0,0.09130724179168662,0.0017150342464447021,0.007472865283489227,0.039754686682724624,0.003274511475132153,0.030389949302935197,0.02414246860149537,-0.0027470178120567747,-0.019834598167507277,0.4019699462015399,0.04891609679647504,-0.009201479525518957,0.04816634462265275,-0.056885922008830775,-0.011355303161467656,0.009144267013378282,-0.008217418751880066,0.15618219772473668,7.570509937109192e-05,analytic,0.1753032441495071,0.19133197042294586,-0.010964408981130887,0.40179064969615436,0.006548795044853398,0.02782144220090871,0.09932280823448067,-0.05287152961913205,-0.04606795337385963,-0.8812222122106989,1,0.006413698196411133,0.03599787503480911,0.05577242746949196,0.08879087120294571,0.003274511475132153,0.030389949302935197,0.051346010272327554,-0.14206116518294415,-0.04680300776937722,-0.5055560505768865,1,0.0012684489920502529,1.0,0.003274511475132153,0.030389949302935197,0.051346010272327554,-0.14206116518294415,-0.04680300776937722,-0.5055560505768865,-0.14206116518294415,-0.04680300776937722,-0.5055560505768865
2.6372005510056624,1788408582.690705,control,takeoff,1,1,0.0027120479935547337,3.869208335876465,3869.0,0,30.0,2.630912434993661,3.869208335876465,1,1,0,1.0854933711003192,0.03648313134908676,0.05669600889086723,0.08980727940797806,0.005659120157361031,0.025014830753207207,0.06093220412731171,0.015128356404602528,0.06900916248559952,-0.21710991859436035,-0.08943028002977371,0.0077384356409311295,-0.016016369685530663,-0.010874322424594563,-0.018789769755718243,0.056602666750894266,0.034725699573755264,0.04896179586648941,0.049998896328632796,0.048616798040566116,0.0,0.0,0.08992723934110225,0.0017574317753314972,0.007734213024377823,0.03980838307934526,0.003274511475132153,0.030389949302935197,0.023237163969720757,-0.0027809887216018133,-0.020049097129981736,0.4022982714662831,0.04940348309689252,-0.009303505082445087,0.0481568048507013,-0.0601204661888854,-0.009317300311763418,0.008622095902059203,-0.008526467609968563,0.15611509729914133,7.942523054976113e-05,analytic,0.18494450439227733,0.18517232570309378,-0.009465708762600415,0.40206099266385054,0.006110966712511956,0.027271574796689995,0.08780699390115207,-0.03192158819449728,-0.040090235241694125,-0.8396055159494069,1,0.004502058029174805,0.03599787503480911,0.05577242746949196,0.08879087120294571,0.003274511475132153,0.030389949302935197,0.051346010272327554,-0.14206116518294415,-0.04680300776937722,-0.5055560505768865,1,0.012440578997484408,1.0,0.003274511475132153,0.030389949302935197,0.051346010272327554,-0.14206116518294415,-0.04680300776937722,-0.5055560505768865,-0.14206116518294415,-0.04680300776937722,-0.5055560505768865
2.648202451004181,1788408582.7010908,control,takeoff,1,1,0.00869331500143744,3.869208335876465,3869.0,0,30.0,2.6419143349921796,3.869208335876465,1,1,0,1.0854933711003192,0.03652072325348854,0.056989636272192,0.09008876234292984,0.006001711823046207,0.03152840584516525,0.05978597700595856,0.025539683178067207,0.3106802999973297,-0.21864481270313263,-0.09090807288885117,0.07305455952882767,-0.046330880373716354,-0.011352353582761404,-0.01709460182073037,0.05572905994201813,0.034725699573755264,0.04896179586648941,0.05031310164071691,0.048616798040566116,0.0,0.0,0.08857348948139039,0.0017950236797332764,0.008027840405702591,0.03977566070221293,0.0016464946528800344,0.030069264652279756,0.01777638833037738,-0.0020778264101084876,-0.020143096151520615,0.4042599085511612,0.04947942728163222,-0.007536610651865321,0.04824358979515243,-0.06070001622695273,-0.00940895725849518,0.007662045058178328,0.010252862543801252,0.17970716466767211,-7.73679834784271e-05,analytic,0.2058320055789516,0.20890539569938496,-0.006394028701815463,0.4040024370823021,0.005783201206777335,0.026860039298837204,0.07833844107981264,-0.0642976554775149,-0.08073078830671877,-1.857443008874948,1,0.009790182113647461,0.03598131611943245,0.05603696405887604,0.0890795961022377,0.0016464946528800344,0.030069264652279756,0.046787715189196534,-0.16280168222518643,-0.03206846506553908,-0.4558295083130307,1,0.009124314005021006,1.0,0.0016464946528800344,0.030069264652279756,0.046787715189196534,-0.16280168222518643,-0.03206846506553908,-0.4558295083130307,-0.16280168222518643,-0.03206846506553908,-0.4558295083130307
2.6593672830058495,1788408582.7123044,control,takeoff,1,1,0.009297997006797232,3.869208335876465,3869.0,0,30.0,2.653079166993848,3.869208335876465,1,1,0,1.0854933711003192,0.03649464249610901,0.05731532350182533,0.09027879685163498,0.004301934968680143,0.03145948797464371,0.051467858254909515,-0.012118211016058922,0.24722449481487274,-0.3342040777206421,-0.11126676946878433,0.09891723096370697,-0.044277727603912354,-0.013358489256401694,-0.014985865739839507,0.0553262560844583,0.034725699573755264,0.04896179586648941,0.05064217185166272,0.048616798040566116,0.0,0.0,0.08720499244329001,0.0017689429223537445,0.008353527635335922,0.03963662499997226,0.0016464946528800344,0.030069264652279756,0.016849582880795147,-0.0020595306080179922,-0.020405779638480157,0.4046825831575146,0.050076773610232654,-0.007514714457763725,0.04824017407497541,-0.06331148945580112,-0.007335969811614742,0.007217860978710449,0.009895576113173172,0.1795181837374567,-7.445716667655574e-05,analytic,0.21357215940754537,0.20251674993033816,-0.005051918568581513,0.404378116666501,0.005565797007596766,0.027122068144987774,0.07017850261514273,-0.02081585404373502,0.02508854123920749,-0.7812916619211716,1,0.010559558868408203,0.03598131611943245,0.05603696405887604,0.0890795961022377,0.0016464946528800344,0.030069264652279756,0.046787715189196534,-0.16280168222518643,-0.03206846506553908,-0.4558295083130307,1,0.020289146006689407,1.0,0.0016464946528800344,0.030069264652279756,0.046787715189196534,-0.16280168222518643,-0.03206846506553908,-0.4558295083130307,-0.16280168222518643,-0.03206846506553908,-0.4558295083130307
2.6705422869999893,1788408582.7234988,control,takeoff,1,1,0.0009800069965422153,3.869208335876465,3869.0,0,30.0,2.664254170987988,3.869208335876465,1,1,0,1.0854933711003192,0.03656190261244774,0.05786478891968727,0.09081016480922699,0.004065009765326977,0.030092153698205948,0.04257313907146454,-0.010335362516343594,0.13025838136672974,-0.37836161255836487,-0.09448898583650589,0.18599602580070496,-0.022514618933200836,-0.014820061270469304,-0.008340272002858999,0.0556591020986741,0.034725699573755264,0.04896179586648941,0.05098196460444948,0.048616798040566116,0.0,0.0,0.08584059596930187,0.0018362030386924744,0.00890299305319786,0.03982820020477751,-0.0018163303551672978,0.029926064788137086,0.00805368450038823,-0.0005510486592871566,-0.020771901049890486,0.40771198610864634,0.05077828942963076,-0.0038160198583084767,0.048422860838981695,-0.06550623315242152,-0.0043909961856098585,0.007312263063365208,0.04823798959339137,0.1926431265589816,-0.00018431559153216437,analytic,0.2589622764768111,0.20650791539344737,-0.004276118626930446,0.4073603606161381,0.004965448934345753,0.028755647684678372,0.057235979154663906,-0.034282996638385986,0.08896739294698829,-0.6030728244370327,1,0.002161741256713867,0.03590445965528488,0.05647309124469757,0.08951082825660706,-0.0018163303551672978,0.029926064788137086,0.03893035191625965,-0.17304313461559764,-0.00013100697760987828,-0.37437463387322545,1,0.0077367589983623475,1.0,-0.0018163303551672978,0.029926064788137086,0.03893035191625965,-0.17304313461559764,-0.00013100697760987828,-0.37437463387322545,-0.17304313461559764,-0.00013100697760987828,-0.37437463387322545
2.6816357250063447,1788408582.7344923,control,takeoff,1,1,0.0021632129937643185,3.869208335876465,3869.0,0,30.0,2.6753476089943433,3.869208335876465,1,1,0,1.0854933711003192,0.03658971190452576,0.05815665051341057,0.09103021770715714,0.003818919649347663,0.030023526400327682,0.038544442504644394,-0.013285009190440178,0.10280768573284149,-0.38481709361076355,-0.12559166550636292,0.21290844678878784,0.003952987492084503,-0.017279727393303107,-0.005178454735920929,0.05668596307844801,0.034725699573755264,0.04896179586648941,0.051329709917923204,0.048616798040566116,0.0,0.0,0.08449144955243984,0.0018640123307704926,0.009194854646921158,0.03970050778923393,-0.0050027325978014864,0.030525367738223952,0.00025814486850415236,0.0008643883856949154,-0.021279200181078366,0.4105357498004742,0.05182738772787487,-0.0004148086601112668,0.04859528032238396,-0.06902802730260726,-0.004620333988276923,0.008166738981790805,0.09341005945845673,0.1670635146878447,-3.879940127558594e-05,analytic,0.3150354885009684,0.18124523899807965,-0.00719798669988483,0.41010279459086196,0.004626725662835516,0.029484388381699998,0.051900416641604,-0.03452595136184289,0.07428029892538326,-0.5438521274095902,1,0.0033445358276367188,0.03587501496076584,0.05731186643242836,0.090215764939785,-0.0050027325978014864,0.030525367738223952,0.03207710027365186,-0.14846151181537118,0.040416886363078754,-0.32971621079299057,1,0.006361323001328856,1.0,-0.0050027325978014864,0.030525367738223952,0.03207710027365186,-0.14846151181537118,0.040416886363078754,-0.32971621079299057,-0.14846151181537118,0.040416886363078754,-0.32971621079299057
2.6927504660125123,1788408582.745628,control,takeoff,1,1,0.0021063390013296157,3.869208335876465,3869.0,0,30.0,2.686462350000511,3.869208335876465,1,1,0,1.0854933711003192,0.03661561757326126,0.05839141458272934,0.09121577441692352,0.0035189257469028234,0.02822181209921837,0.03415758162736893,-0.015998808667063713,0.04998999089002609,-0.3863917887210846,-0.07109489291906357,0.21667800843715668,-0.021661264821887016,-0.01563318498558246,-0.002612605297954715,0.05525697267701805,0.034725699573755264,0.04896179586648941,0.05168866442629585,0.048616798040566116,0.0,0.0,0.08314499952288326,0.0018899179995059967,0.00942961871623993,0.039527109990627675,-0.006253400493063913,0.031136531782547702,-0.003913431433044141,0.001410867329246762,-0.02174943491331461,0.4121120571180619,0.052830366725877674,0.0008523085908085549,0.048661867748871934,-0.06840333963371578,-0.0033396612123056894,0.0066544419045935065,0.1153390499904819,0.14173801747799664,9.84418329401353e-05,analytic,0.33504030842942767,0.15214943121874558,-0.005854720514651758,0.41171905212326143,0.004311751425087289,0.029867278192947717,0.046848680099656134,-0.028191236082205993,0.03426990454687281,-0.4521471295471403,1,0.0033075809478759766,0.03585554286837578,0.057486727833747864,0.09030617028474808,-0.006253400493063913,0.031136531782547702,0.028860049264843052,-0.1250667895262675,0.061116404432387195,-0.321705100880945,1,0.005120395013364032,1.0,-0.006253400493063913,0.031136531782547702,0.028860049264843052,-0.1250667895262675,0.061116404432387195,-0.321705100880945,-0.1250667895262675,0.061116404432387195,-0.321705100880945
2.703826099008438,1788408582.756697,control,takeoff,1,1,0.01318197199725546,3.869208335876465,3869.0,0,30.0,2.6975379829964368,3.869208335876465,1,1,0,1.0854933711003192,0.03661561757326126,0.05839141458272934,0.09121577441692352,0.0035189257469028234,0.02822181209921837,0.03415758162736893,-0.015998808667063713,0.04998999089002609,-0.3863917887210846,-0.07109489291906357,0.21667800843715668,-0.021661264821887016,-0.01563318498558246,-0.002612605297954715,0.05525697267701805,0.034725699573755264,0.04896179586648941,0.0520569661026286,0.048616798040566116,0.0,0.0,0.0818085514327135,0.0018899179995059967,0.00942961871623993,0.03915880831429492,-0.007250009329892084,0.03186954741986257,-0.007839769597749097,0.001862989917279474,-0.022098768403088102,0.4136903568079681,0.05352328332887123,0.0018965576598555195,0.04871840501679536,-0.06909793151719115,-0.00438180475496355,0.006618792088457076,0.13679497649050965,0.1260173022717353,0.00025981192977697935,analytic,0.35885610731923956,0.13946900248170133,-0.00685909085398277,0.41329018171007553,0.004311751425087289,0.029867278192947717,0.046848680099656134,-0.028191236082205993,0.03426990454687281,-0.4521471295471403,1,0.014376401901245117,0.03584308177232742,0.05810340866446495,0.09085944294929504,-0.007250009329892084,0.03186954741986257,0.025895095449771643,-0.11073431520312596,0.08144618192387147,-0.3294393127856996,1,0.0037784989981446415,1.0,-0.007250009329892084,0.03186954741986257,0.025895095449771643,-0.11073431520312596,0.08144618192387147,-0.3294393127856996,-0.11073431520312596,0.08144618192387147,-0.3294393127856996
2.71490199600521,1788408582.767401,control,takeoff,1,1,0.004373748000944033,3.869208335876465,3869.0,0,30.0,2.7086138799932087,3.869208335876465,1,1,0,1.0854933711003192,0.03662971407175064,0.05908162146806717,0.09157460182905197,0.0048537421971559525,0.03921034187078476,0.03130394220352173,0.10961384326219559,0.6451181173324585,-0.2235282063484192,-0.008780941367149353,0.23815575242042542,-0.021647052839398384,-0.015402656921612521,0.0015300717243989317,0.05382257978621029,0.034725699573755264,0.04896179586648941,0.0524359806073387,0.048616798040566116,0.0,0.0,0.08047732675554879,0.0019040144979953766,0.010119825601577759,0.03913862122171327,-0.00799283938945224,0.03278837251110451,-0.011515448014053853,0.0021907484118059216,-0.023050014397536383,0.4150244495640374,0.055672431253583676,0.0025653292704421312,0.04875976373448575,-0.07102512880222,-0.0009325198729207118,0.005079390103279695,0.14924577915428447,0.08683428800518216,0.00038345950310288645,analytic,0.37707412854511,0.09014911646488116,-0.005753384779670977,0.4146198653341075,0.0034829239238829968,0.02924816402314224,0.035918476260994085,-0.09464416241812675,-0.06594184709890658,-1.251784650639274,1,0.005156517028808594,0.035884372889995575,0.05821995064616203,0.09101738780736923,-0.00799283938945224,0.03278837251110451,0.023190860136137074,-0.07428300595600391,0.09188250912417921,-0.2704235313634146,1,0.002456135000102222,1.0,-0.00799283938945224,0.03278837251110451,0.023190860136137074,-0.07428300595600391,0.09188250912417921,-0.2704235313634146,-0.07428300595600391,0.09188250912417921,-0.2704235313634146
2.7260117980040377,1788408582.7784886,control,takeoff,1,1,0.004437758994754404,3.869208335876465,3869.0,0,30.0,2.7197236819920363,3.869208335876465,1,1,0,1.0854933711003192,0.036763787269592285,0.05946687236428261,0.09179329872131348,0.0063285380601882935,0.038395389914512634,0.0290322657674551,0.11459189653396606,0.501229465007782,-0.22025877237319946,0.03153102099895477,0.2203717827796936,-0.017552141100168228,-0.013288979854005331,0.00316604391719257,0.05378625410377518,0.034725699573755264,0.04896179586648941,0.052827019580592174,0.048616798040566116,0.0,0.0,0.07914730648470024,0.002038087695837021,0.010505076497793198,0.0389662791407213,-0.00860405940552326,0.03467596447783861,-0.017029838342262835,0.002369625742337476,-0.024209673522799444,0.41707127625012724,0.058188847583147976,0.0028442710920679594,0.048782489722661714,-0.0714315284004477,0.0004337362256440076,0.004992045696220221,0.15101687007228595,0.024224180748494445,0.00043026229232465704,analytic,0.380137363898547,0.023589474740961472,-0.009786350533808729,0.416712790390114,0.0034801832426439626,0.030261147507180383,0.03247279749011535,-0.00024995108248762463,0.09238444616297266,-0.314247102661704,1,0.0052793025970458984,0.03591519594192505,0.058830659836530685,0.0911092534661293,-0.00860405940552326,0.03467596447783861,0.01866080450683416,-0.015577892792970574,0.09227946356191329,-0.21467334924936662,1,0.001077929002349265,1.0,-0.00860405940552326,0.03467596447783861,0.01866080450683416,-0.015577892792970574,0.09227946356191329,-0.21467334924936662,-0.015577892792970574,0.09227946356191329,-0.21467334924936662
2.737138683005469,1788408582.7898896,control,takeoff,1,1,0.007103707001078874,3.869208335876465,3869.0,0,30.0,2.7308505669934675,3.869208335876465,1,1,0,1.0854933711003192,0.03686511516571045,0.059695616364479065,0.09198292344808578,0.007413218263536692,0.03602222725749016,0.02762432023882866,0.11683360487222672,0.34593603014945984,-0.20886552333831787,0.08711878955364227,0.17747415602207184,-0.026770880445837975,-0.010622411603792329,0.0032102098199209344,0.053236913026965614,0.034725699573755264,0.04896179586648941,0.05322967543383695,0.048616798040566116,0.0,0.0,0.07782054086363857,0.002139415591955185,0.010733820497989655,0.038753248014248835,-0.00860405940552326,0.03467596447783861,-0.018025478088716053,0.0022980000511793057,-0.024402613391160094,0.4175545073039018,0.058573275902146865,0.0026477283143761074,0.048772061580680114,-0.06915317807331761,0.0006689519641360033,0.0044473856121281085,0.15063616737330554,0.02424332908161764,0.0003995297406695265,analytic,0.3732933532166231,0.022989065445847865,-0.008762236718098792,0.41727185515606063,0.003788441436849156,0.031726160909869905,0.03009373722645369,0.03574687099415574,0.16988889864121962,-0.27588548149291225,1,0.008056879043579102,0.03591519594192505,0.058830659836530685,0.0911092534661293,-0.00860405940552326,0.03467596447783861,0.01866080450683416,-0.015577892792970574,0.09227946356191329,-0.21467334924936662,1,0.012204814003780484,1.0,-0.00860405940552326,0.03467596447783861,0.01866080450683416,-0.015577892792970574,0.09227946356191329,-0.21467334924936662,-0.015577892792970574,0.09227946356191329,-0.21467334924936662
2.7481976929993834,1788408582.8009472,control,takeoff,1,1,0.007922256991150789,3.869208335876465,3869.0,0,30.0,2.741909576987382,3.869208335876465,1,1,0,1.0854933711003192,0.03686723858118057,0.05997205898165703,0.09209247678518295,0.0059720613062381744,0.03421885892748833,0.024239884689450264,0.06530987471342087,0.24151501059532166,-0.233216792345047,0.10413214564323425,0.13463976979255676,-0.008476815186440945,-0.008857805789629077,0.0028410195436600685,0.05390284434205624,0.034725699573755264,0.04896179586648941,0.05364090530522521,0.048616798040566116,0.0,0.0,0.07650712402988358,0.0021415390074253082,0.011010263115167618,0.038451571479957744,-0.00847319979955816,0.035605395605256815,-0.021036745860952118,0.00224179146918311,-0.025050008228345508,0.41878291714530924,0.059933997124168255,0.002431100269041382,0.04876267816560465,-0.06875061910821115,0.0005407175010694348,0.005124947837783293,0.15120645681037054,-0.00682890104263249,0.0003682599944888111,analytic,0.37289357371263576,-0.007728928668986146,-0.012339742911261557,0.4185446908037923,0.0044078429103767665,0.03317819303653516,0.028382626881233206,0.060507687675208484,0.14184516855320897,-0.16715383280696072,1,0.008877754211425781,0.03592488914728165,0.059105101972818375,0.09111018478870392,-0.00847319979955816,0.035605395605256815,0.01664865016433334,0.013085960596512585,0.09294311274183872,-0.20121543425012217,1,0.010519738993025385,1.0,-0.00847319979955816,0.035605395605256815,0.01664865016433334,0.013085960596512585,0.09294311274183872,-0.20121543425012217,0.013085960596512585,0.09294311274183872,-0.20121543425012217
2.75944915600121,1788408582.8120453,control,takeoff,1,1,0.010103694992722012,3.869208335876465,3869.0,0,30.0,2.753161039989209,3.869208335876465,1,1,0,1.0854933711003192,0.03691580519080162,0.06025990843772888,0.0922057181596756,0.005852372385561466,0.03374486789107323,0.021897809579968452,0.04959931969642639,0.18272313475608826,-0.2384008765220642,0.12426551431417465,0.09222513437271118,-0.017540642991662025,-0.007008034125717271,0.002137343708329456,0.053422200563133605,0.034725699573755264,0.04896179586648941,0.054070684716941056,0.048616798040566116,0.0,0.0,0.07517622750421958,0.002190105617046356,0.011298112571239471,0.03813503344273454,-0.00847319979955816,0.035605395605256815,-0.022062847953918358,0.00220970207355431,-0.025288150565138046,0.4193234905495406,0.06041839838315975,0.002324168631746052,0.04875739157457771,-0.06738536896313432,-6.216293250919572e-05,0.004665452325215773,0.150777345180851,-0.0067963271390669554,0.00035107318790683845,analytic,0.3687515498935805,-0.005811818577526662,-0.011535524660132718,0.4191362730250092,0.004992969945906088,0.034174213532403075,0.026931688186839536,0.0647409693370469,0.11020398728238855,-0.16053809142265874,1,0.010937929153442383,0.03592488914728165,0.059105101972818375,0.09111018478870392,-0.00847319979955816,0.035605395605256815,0.01664865016433334,0.013085960596512585,0.09294311274183872,-0.20121543425012217,1,0.021771201994852163,1.0,-0.00847319979955816,0.035605395605256815,0.01664865016433334,0.013085960596512585,0.09294311274183872,-0.20121543425012217,0.013085960596512585,0.09294311274183872,-0.20121543425012217
2.7704970449995017,1788408582.8234043,control,takeoff,1,1,0.00010237499373033643,3.869208335876465,3869.0,0,30.0,2.7642089289875003,3.869208335876465,1,1,0,1.0854933711003192,0.03715865686535835,0.06079011410474777,0.09247492253780365,0.008458170108497143,0.03178396821022034,0.018786044791340828,0.08983838558197021,0.10629921406507492,-0.20424948632717133,0.16449424624443054,0.07494178414344788,-0.03352517634630203,-0.002542450378342637,0.002855630115523367,0.05242346778093321,0.034725699573755264,0.04896179586648941,0.05450397341227709,0.048616798040566116,0.0,0.0,0.07387468800173846,0.0024329572916030884,0.011828318238258362,0.03797094912552656,-0.0074025867270691974,0.03734047769054727,-0.027021840521659006,0.0015494061996031057,-0.026489505290487658,0.4211717432220842,0.06291611336126611,0.0006154709182398213,0.048655572251432105,-0.06541803847147282,0.002351591496629244,0.003696568061583491,0.13096818959620266,-0.059279149715040655,8.076692476920286e-05,analytic,0.3432191443210705,-0.06520974650239975,-0.012978753042510938,0.4211016574025251,0.005892016963310877,0.034218276065917264,0.023605849428282744,0.04981265285958161,-0.01999055227209201,-0.1888941028295998,1,0.0013225078582763672,0.03594372048974037,0.05930827185511589,0.09160265326499939,-0.0074025867270691974,0.03734047769054727,0.012706455585223904,0.06170204252209697,0.07423227386393844,-0.17879886276143608,1,0.008855239997501485,1.0,-0.0074025867270691974,0.03734047769054727,0.012706455585223904,0.06170204252209697,0.07423227386393844,-0.17879886276143608,0.06170204252209697,0.07423227386393844,-0.17879886276143608
2.7816226670111064,1788408582.834503,control,takeoff,1,1,0.00215153100725729,3.869208335876465,3869.0,0,30.0,2.775334550999105,3.869208335876465,1,1,0,1.0854933711003192,0.03731490671634674,0.06112205982208252,0.09252457320690155,0.010209438391029835,0.03274146467447281,0.016122868284583092,0.11045919358730316,0.10613741725683212,-0.22208160161972046,0.15491749346256256,0.00951562449336052,-0.0588117316365242,-0.0014864933788184948,0.0005636814317241291,0.050976197725611495,0.034725699573755264,0.04896179586648941,0.05495171375529412,0.048616798040566116,0.0,0.0,0.07256927495998539,0.0025892071425914764,0.012160263955593109,0.03757285945160743,-0.005679038573466869,0.03842861755752135,-0.030973209688017072,0.0006592771696190336,-0.027251872216051527,0.42277318372451045,0.06437043864696959,-0.0015685074347372699,0.04851569288725798,-0.06580792936771673,0.002207283265648164,0.0023909587220087474,0.10315324228685988,-0.09692764867007311,-0.00016213254658942514,analytic,0.31693109088914595,-0.10209856272737261,-0.013193796185538951,0.422731730855061,0.0064307515689049875,0.033813396718623136,0.02206410496317604,0.0593620573015053,-0.044612821906558506,-0.16988164920464757,1,0.0033457279205322266,0.03647793084383011,0.06020914018154144,0.09198405593633652,-0.005679038573466869,0.03842861755752135,0.009788150507524487,0.09608920794240605,0.04653717337244312,-0.13001259297029283,1,0.0075229370122542605,1.0,-0.005679038573466869,0.03842861755752135,0.009788150507524487,0.09608920794240605,0.04653717337244312,-0.13001259297029283,0.09608920794240605,0.04653717337244312,-0.13001259297029283
2.7926904360065237,1788408582.8457215,control,takeoff,1,1,0.013219300002674572,3.869208335876465,3869.0,0,30.0,2.7864023199945223,3.869208335876465,1,1,0,1.0854933711003192,0.03731490671634674,0.06112205982208252,0.09252457320690155,0.010209438391029835,0.03274146467447281,0.016122868284583092,0.11045919358730316,0.10613741725683212,-0.22208160161972046,0.15491749346256256,0.00951562449336052,-0.0588117316365242,-0.0014864933788184948,0.0005636814317241291,0.050976197725611495,0.034725699573755264,0.04896179586648941,0.055408579401342896,0.048616798040566116,0.0,0.0,0.07127591137660572,0.0025892071425914764,0.012160263955593109,0.037115993805558654,-0.004466806199574641,0.038727820130546355,-0.033042900276220574,0.00011574298726136929,-0.027410300174624546,0.42374215082894356,0.0645336458651416,-0.0028588318452993093,0.04843205091541156,-0.0659689766401951,0.0034990806243394936,0.0024336766334101994,0.08572254209251755,-0.12451937831617621,-0.00024557818980198396,analytic,0.30028492278186664,-0.13348268097610178,-0.015135853036676885,0.42370019217565275,0.0064307515689049875,0.033813396718623136,0.02206410496317604,0.0593620573015053,-0.044612821906558506,-0.16988164920464757,1,0.014564275741577148,0.036478441208601,0.06059504672884941,0.09205682575702667,-0.004466806199574641,0.038727820130546355,0.00875506506988483,0.12122323738924688,0.029920257302506734,-0.10330854376398622,1,0.006084449996706098,1.0,-0.004466806199574641,0.038727820130546355,0.00875506506988483,0.12122323738924688,0.029920257302506734,-0.10330854376398622,0.12122323738924688,0.029920257302506734,-0.10330854376398622
2.8037980610097293,1788408582.8566236,control,takeoff,1,1,0.004318164006690495,3.869208335876465,3869.0,0,30.0,2.797509944997728,3.869208335876465,1,1,0,1.0854933711003192,0.037543319165706635,0.06166722998023033,0.09271148592233658,0.011556428857147694,0.03433595970273018,0.014834079891443253,0.12474983185529709,0.19960734248161316,-0.13892722129821777,0.1956724226474762,-0.038248639553785324,-0.05328819900751114,0.0024714290731614676,-0.0005692474243306118,0.05061918085693446,0.034725699573755264,0.04896179586648941,0.055878674054376715,0.048616798040566116,0.0,0.0,0.06998316627824538,0.0028176195919513702,0.012705434113740921,0.036832811867959864,-0.0030654955567483684,0.038890886015888915,-0.034851715397329355,-0.0006850013188577146,-0.027916626436493574,0.42454159474831704,0.06550788592220391,-0.004786606315286806,0.04830278949269682,-0.06298816286250744,0.004291490445278124,0.0021706411574756238,0.07153542601966734,-0.14589853528897628,-0.00034315055186937075,analytic,0.27749745650438606,-0.1571854725135625,-0.015683427722881414,0.4246102427852729,0.008459482070255542,0.032480537453126145,0.018059753359569698,0.1619352369665037,-0.10446987671328907,-0.3164730619522601,1,0.005478382110595703,0.03676344454288483,0.06119667738676071,0.09210098534822464,-0.0030654955567483684,0.038890886015888915,0.007995366066024167,0.14013106428260536,0.01630658853425346,-0.07596990038605439,1,0.004976351003278978,1.0,-0.0030654955567483684,0.038890886015888915,0.007995366066024167,0.14013106428260536,0.01630658853425346,-0.07596990038605439,0.14013106428260536,0.01630658853425346,-0.07596990038605439
2.814920939010335,1788408582.8674543,control,takeoff,1,1,0.005243652005447075,3.869208335876465,3869.0,0,30.0,2.8086328229983337,3.869208335876465,1,1,0,1.0854933711003192,0.03769558295607567,0.06197201833128929,0.09271586686372757,0.012246767990291119,0.03347716107964516,0.0119536267593503,0.11340874433517456,0.14275610446929932,-0.16792507469654083,0.14444585144519806,-0.05106554180383682,-0.0646066963672638,0.0018592465014680838,-0.001605044428079959,0.04950214763000996,0.034725699573755264,0.04896179586648941,0.05636113968913797,0.048616798040566116,0.0,0.0,0.06869394235698216,0.002969883382320404,0.013010222464799881,0.036354727174589596,-0.001578379718885772,0.03893703537228256,-0.036434832326481245,-0.0014681015713044763,-0.028190171949424137,0.4253495701936324,0.06593500559040237,-0.006639218730704538,0.04817840888829307,-0.0640260429519792,0.005073516299202403,0.0011517606801073519,0.059665775514363015,-0.15662559991145356,-0.0003970026118446197,analytic,0.2692401002095474,-0.17016508592827176,-0.01454410795637812,0.4254050926705331,0.009381597915739224,0.03222906170072792,0.01647633883298126,0.09088981221478136,-0.024787106765371852,-0.15607176656235733,1,0.006163597106933594,0.03690031170845032,0.06127409264445305,0.0920790508389473,-0.001578379718885772,0.03893703537228256,0.007471458152366142,0.14871158378628924,0.004614935639365522,-0.05239079136581299,1,0.0032658830023137853,1.0,-0.001578379718885772,0.03893703537228256,0.007471458152366142,0.14871158378628924,0.004614935639365522,-0.05239079136581299,0.14871158378628924,0.004614935639365522,-0.05239079136581299
2.8259787730057724,1788408582.8784873,control,takeoff,1,1,0.000359380996087566,3.869208335876465,3869.0,0,30.0,2.819690656993771,3.869208335876465,1,1,0,1.0854933711003192,0.03787723183631897,0.06223912164568901,0.09283497184515,0.01207131426781416,0.03012535534799099,0.011053869500756264,0.08853064477443695,0.07224662601947784,-0.14560331404209137,0.134532630443573,-0.056260060518980026,-0.05567793920636177,0.0033758428873844346,-0.0028350324970542935,0.049179984125970834,0.034725699573755264,0.04896179586648941,0.05685250910430905,0.048616798040566116,0.0,0.0,0.06741751112778063,0.0031515322625637054,0.0132773257791996,0.035982462740840944,0.0012365175644221825,0.038331679701547966,-0.038402406944633996,-0.00287233552888386,-0.028141851974065126,0.4262441084513141,0.06552663803132096,-0.009896366650141297,0.047967403371255844,-0.062102290006745345,0.00709542186870271,0.0009681398044426985,0.006280057535753459,-0.14307113325413962,-6.228545191754428e-05,analytic,0.21047351347600432,-0.16271139706438742,-0.012960232925939136,0.42634643283216483,0.010586607121190111,0.03233853377992431,0.014576488229290896,0.07542193831641314,0.006851894879450158,-0.11891229908763971,1,0.0012197494506835938,0.036986954510211945,0.061466284096241,0.09208611398935318,0.0012365175644221825,0.038331679701547966,0.006565323206285715,0.13411457804142998,-0.04571507889693911,-0.04652922680134396,1,0.0014909000019542873,1.0,0.0012365175644221825,0.038331679701547966,0.006565323206285715,0.13411457804142998,-0.04571507889693911,-0.04652922680134396,0.13411457804142998,-0.04571507889693911,-0.04652922680134396
2.8371540610096417,1788408582.8897147,control,takeoff,1,1,0.0070072550006443635,3.869208335876465,3869.0,0,30.0,2.8308659449976403,3.869208335876465,1,1,0,1.0854933711003192,0.03802218660712242,0.06248348951339722,0.09292164444923401,0.016019633039832115,0.03482646122574806,0.012647464871406555,0.24413028359413147,0.2641455829143524,-0.04653407633304596,0.055041324347257614,-0.12226986140012741,-0.03451831638813019,0.0021770053800881446,-0.004595868173689097,0.04940346852499469,0.034725699573755264,0.04896179586648941,0.05736106941329779,0.048616798040566116,0.0,0.0,0.0661328438704575,0.003296487033367157,0.013521693646907806,0.035560575035936216,0.0012365175644221825,0.038331679701547966,-0.03948349583161183,-0.0029823872148416427,-0.0283491906572272,0.42685076826565976,0.06590457495749165,-0.01016168727467171,0.047946136718132845,-0.06367318485496594,0.005609312744745674,0.0012663715814992481,0.006107592843396943,-0.14280862444310316,-6.220061738471984e-05,analytic,0.21532112483908564,-0.1580094969137511,-0.013780675632960107,0.4269266931103843,0.011582511345147282,0.03241397442193933,0.0130437555621221,0.21857176862332994,0.016557008349441092,-0.33638986744998955,1,0.007890701293945312,0.036986954510211945,0.061466284096241,0.09208611398935318,0.0012365175644221825,0.038331679701547966,0.006565323206285715,0.13411457804142998,-0.04571507889693911,-0.04652922680134396,1,0.012666188005823642,1.0,0.0012365175644221825,0.038331679701547966,0.006565323206285715,0.13411457804142998,-0.04571507889693911,-0.04652922680134396,0.13411457804142998,-0.04571507889693911,-0.04652922680134396
2.848157769010868,1788408582.9006639,control,takeoff,1,1,0.00665431100060232,3.869208335876465,3869.0,0,30.0,2.8418696529988665,3.869208335876465,1,1,0,1.0854933711003192,0.03813235089182854,0.06273707002401352,0.09303248673677444,0.014748042449355125,0.032309096306562424,0.012062201276421547,0.17299990355968475,0.16716063022613525,-0.04749307781457901,0.03185267746448517,-0.13740016520023346,-0.03263917192816734,0.0014842533600030103,-0.006852076412657009,0.04911288276647247,0.034725699573755264,0.04896179586648941,0.05787367097382511,0.048616798040566116,0.0,0.0,0.06487312826732222,0.0034066513180732727,0.013775274157524109,0.03515881576294933,0.00236242299407024,0.037497834936841,-0.04103220900548332,-0.003573623643789368,-0.028187429291540608,0.4276112129972307,0.06534551064265727,-0.011501026187971736,0.04786420281342979,-0.06380605427508182,0.004685662089634649,0.0010920553385147468,-0.033979324255963256,-0.11985950050396726,0.0003916502124481523,analytic,0.17602452443919492,-0.132338726682083,-0.011730453122742032,0.4276761689631366,0.012648687446955492,0.03256283762937849,0.012115731179840657,0.09351848024841233,0.01305737476295344,-0.081400652028537,1,0.007439136505126953,0.037013452500104904,0.06190289929509163,0.09206537157297134,0.00236242299407024,0.037497834936841,0.006089171154059218,0.11259054296482815,-0.08338447647071305,-0.047615205222659183,1,0.010216574999503791,1.0,0.00236242299407024,0.037497834936841,0.006089171154059218,0.11259054296482815,-0.08338447647071305,-0.047615205222659183,0.11259054296482815,-0.08338447647071305,-0.047615205222659183
2.859386556010577,1788408582.912874,control,takeoff,1,1,0.001633705003769137,3.869208335876465,3869.0,0,30.0,2.8530984399985755,3.869208335876465,1,1,0,1.0854933711003192,0.03826509416103363,0.06309308856725693,0.09309576451778412,0.013447647914290428,0.03027048334479332,0.010435929521918297,0.12224370986223221,0.10840059071779251,-0.05819941312074661,0.016581814736127853,-0.12657998502254486,-0.033110905438661575,0.0007721260983610025,-0.008192370783003753,0.04854796897270943,0.034725699573755264,0.04896179586648941,0.058408969748523054,0.048616798040566116,0.0,0.0,0.06359299267836059,0.003539394587278366,0.014131292700767517,0.034686794769261065,0.003277772755612773,0.036423298407481826,-0.042593020805293834,-0.004087624263381388,-0.02799412808606969,0.42840804793570353,0.06471834354446923,-0.01265193051871576,0.04779686300689203,-0.06389450703274682,0.00447945297020498,0.0006043489137875058,-0.05999654924612965,-0.0978025600630984,0.0007607052141447596,analytic,0.15069789410305623,-0.10975370752188682,-0.009100131063688207,0.4284595572896436,0.013732082584847354,0.0325737748270625,0.011669041883411776,0.06729988981694889,0.0006794124999235236,-0.027748085052856097,1,0.0035512447357177734,0.037559766322374344,0.062282636761665344,0.09207744151353836,0.003277772755612773,0.036423298407481826,0.005630956110643881,0.09153497615423897,-0.10745365293590076,-0.045821504341526535,1,0.009415619002538733,1.0,0.003277772755612773,0.036423298407481826,0.005630956110643881,0.09153497615423897,-0.10745365293590076,-0.045821504341526535,0.09153497615423897,-0.10745365293590076,-0.045821504341526535
2.870545164012583,1788408582.9230945,control,takeoff,1,1,0.010054101003333926,3.869208335876465,3869.0,0,30.0,2.8642570480005816,3.869208335876465,1,1,0,1.0854933711003192,0.038402482867240906,0.06330937892198563,0.0931583046913147,0.021101925522089005,0.04050058871507645,0.013057306408882141,0.6740749478340149,0.8569309711456299,0.15080031752586365,-0.035000283271074295,-0.3041459321975708,-0.1265277862548828,0.0001437371140997238,-0.010886484606454713,0.04721792939940008,0.034725699573755264,0.04896179586648941,0.0589532325077259,0.048616798040566116,0.0,0.0,0.06232620872011123,0.0036767832934856415,0.014347583055496216,0.0342050721835888,0.003277772755612773,0.036423298407481826,-0.043696669962277036,-0.004193212548312727,-0.028179469251033793,0.429048670503489,0.06503996943881796,-0.012898144853948485,0.047776741681649616,-0.06485725069197026,0.0019913332085997547,-0.0006236992374319367,-0.060058262815615215,-0.09759763533226629,0.0007763245576618988,analytic,0.15399995628675972,-0.10217006706406999,-0.006559600201799689,0.42908733651910924,0.014675044147087533,0.03259267660993949,0.011288254291778899,0.35481003430072944,0.007112211673820656,-0.14327970922545455,1,0.011114120483398438,0.037559766322374344,0.062282636761665344,0.09207744151353836,0.003277772755612773,0.036423298407481826,0.005630956110643881,0.09153497615423897,-0.10745365293590076,-0.045821504341526535,1,0.02057422700454481,1.0,0.003277772755612773,0.036423298407481826,0.005630956110643881,0.09153497615423897,-0.10745365293590076,-0.045821504341526535,0.09153497615423897,-0.10745365293590076,-0.045821504341526535
2.8816595210082596,1788408582.9341893,control,takeoff,1,1,0.0021218379988567904,3.869208335876465,3869.0,0,30.0,2.875371404996258,3.869208335876465,1,1,0,1.0854933711003192,0.03865601494908333,0.06382286548614502,0.09338438510894775,0.019035544246435165,0.036032602190971375,0.013242355547845364,0.4094308018684387,0.4702221751213074,0.11732147634029388,-0.07196187227964401,-0.2568304240703583,-0.08258859068155289,-0.00189439952299764,-0.014190694186514351,0.047000863165383384,0.034725699573755264,0.04896179586648941,0.059507622019969356,0.048616798040566116,0.0,0.0,0.0610697507959406,0.003930315375328064,0.014861069619655609,0.0338767630889784,0.004775139124178624,0.03404750505750184,-0.044803576484563346,-0.005060594556838956,-0.027517288469542486,0.4296209111243347,0.06332424975911378,-0.014817320092312012,0.047677280827386696,-0.06518220053913418,0.0006052375364685302,-0.000694901416187337,-0.0741709226177413,-0.07794389003715128,0.0011013020908899407,analytic,0.14121368612436017,-0.07843906392665276,-0.004766279984757147,0.4296153401234963,0.017077554364982178,0.03456523280477897,0.011425418758170611,0.16757164253718038,0.14590905252140773,0.016931090664381924,1,0.0029311180114746094,0.0378781333565712,0.0625942125916481,0.09269007295370102,0.004775139124178624,0.03404750505750184,0.005631036749949317,0.0705333401901256,-0.12146581774610299,0.025678001502216368,1,0.006630960007896647,1.0,0.004775139124178624,0.03404750505750184,0.005631036749949317,0.0705333401901256,-0.12146581774610299,0.025678001502216368,0.0705333401901256,-0.12146581774610299,0.025678001502216368
2.892693436006084,1788408582.9452503,control,takeoff,1,1,0.003199665996362455,3.869208335876465,3869.0,0,30.0,2.8864053199940827,3.869208335876465,1,1,0,1.0854933711003192,0.03885248675942421,0.06404455751180649,0.09349673241376877,0.01918075978755951,0.03328574821352959,0.01285391952842474,0.3304658830165863,0.3209206759929657,0.08604320883750916,-0.09861600399017334,-0.26523250341415405,-0.08161092549562454,-0.0039228645485206515,-0.01716403002404937,0.0462369113904732,0.034725699573755264,0.04896179586648941,0.06007021065853098,0.048616798040566116,0.0,0.0,0.059827621273196324,0.004126787185668945,0.015082761645317078,0.03342652175523779,0.005666291738977158,0.031877532713064115,-0.04374739716647441,-0.0056128900161568586,-0.02672756901653015,0.42948987625628376,0.06145277050667224,-0.016015572122621807,0.047631398407161046,-0.06535210651100448,-0.001187448155031435,-0.0013599594965442515,-0.04857808755010009,-0.04303289617317081,0.0007795438790323285,analytic,0.16767958261387342,-0.038214238014150775,-0.0013809363154602158,0.42943702425203056,0.017952679694256787,0.035240604862785845,0.011696942617676748,0.08802258199227356,0.0679308327191002,0.027310638130024698,1,0.004050016403198242,0.03805278241634369,0.06335752457380295,0.0931161418557167,0.005666291738977158,0.031877532713064115,0.007793653828502857,0.0334505507673107,-0.10004972475477246,0.13097348423022026,1,0.005002385994885117,1.0,0.005666291738977158,0.031877532713064115,0.007793653828502857,0.0334505507673107,-0.10004972475477246,0.13097348423022026,0.0334505507673107,-0.10004972475477246,0.13097348423022026
2.9038592069991864,1788408582.9564009,control,takeoff,1,1,0.014365436989464797,3.869208335876465,3869.0,0,30.0,2.897571090987185,3.869208335876465,1,1,0,1.0854933711003192,0.03885248675942421,0.06404455751180649,0.09349673241376877,0.01918075978755951,0.03328574821352959,0.01285391952842474,0.3304658830165863,0.3209206759929657,0.08604320883750916,-0.09861600399017334,-0.26523250341415405,-0.08161092549562454,-0.0039228645485206515,-0.01716403002404937,0.0462369113904732,0.034725699573755264,0.04896179586648941,0.06065199168878074,0.048616798040566116,0.0,0.0,0.058575957651987545,0.004126787185668945,0.015082761645317078,0.032844740724988025,0.005726765607033097,0.031052785428729187,-0.043371478302461,-0.005644106822758415,-0.0263767163397125,0.429655913122983,0.06061289440613303,-0.01604378313926601,0.04764318731727848,-0.06451421902891014,-0.0011590420576444225,-0.0013730517959963363,-0.02941758490527354,-0.01557492701787732,0.0004728782455173054,analytic,0.18465012608440287,-0.01084769306037897,0.0001301742491207655,0.4296046727949413,0.017952679694256787,0.035240604862785845,0.011696942617676748,0.08802258199227356,0.0679308327191002,0.027310638130024698,1,0.015200614929199219,0.03806877136230469,0.06346782296895981,0.09318897873163223,0.005726765607033097,0.031052785428729187,0.009296646832068737,0.006047386805595178,-0.08247472843350918,0.15029930035661795,1,0.003411825993680395,1.0,0.005726765607033097,0.031052785428729187,0.009296646832068737,0.006047386805595178,-0.08247472843350918,0.15029930035661795,0.006047386805595178,-0.08247472843350918,0.15029930035661795
2.914929200007464,1788408582.9675162,control,takeoff,1,1,0.005532477007363923,3.869208335876465,3869.0,0,30.0,2.9086410839954624,3.869208335876465,1,1,0,1.0854933711003192,0.03914959728717804,0.06452908366918564,0.09372525662183762,0.01993047073483467,0.03486483171582222,0.0161580927670002,0.3040974736213684,0.40017062425613403,0.2619262635707855,-0.20072028040885925,-0.25998926162719727,-0.08067622780799866,-0.0070903452111478514,-0.01832029178625922,0.04504448325185737,0.034725699573755264,0.04896179586648941,0.06124124565956894,0.048616798040566116,0.0,0.0,0.05734030301795784,0.004423897713422775,0.015567287802696228,0.032484010962268675,0.005482349113197129,0.030383055414456486,-0.04304830442235683,-0.005760843793708449,-0.026458565232799394,0.4297399894227845,0.06077774339305801,-0.016319796162134834,0.04762373894534032,-0.06786038666398769,-0.0020677955054245085,-0.0025227863391572344,-0.013191205658845424,0.01605695614791452,0.00021569516081430394,analytic,0.21123035073811344,0.02347552786728782,0.004271963057246026,0.42959875436010697,0.018957222154140037,0.03442503727741461,0.012354770980110634,0.09700246371336861,-0.09148534010517374,0.06687696242333685,1,0.006396293640136719,0.03806496039032936,0.06403962522745132,0.09322915226221085,0.005482349113197129,0.030383055414456486,0.010744436734075144,-0.024441649383593035,-0.06697300142725968,0.14477899020061805,1,0.002079447003779933,1.0,0.005482349113197129,0.030383055414456486,0.010744436734075144,-0.024441649383593035,-0.06697300142725968,0.14477899020061805,-0.024441649383593035,-0.06697300142725968,0.14477899020061805
2.926083088008454,1788408582.978639,control,takeoff,1,1,0.006613703997572884,3.869208335876465,3869.0,0,30.0,2.9197949719964527,3.869208335876465,1,1,0,1.0854933711003192,0.03926006704568863,0.06478187441825867,0.0938308984041214,0.018145732581615448,0.03292928636074066,0.015031622722744942,0.2077130824327469,0.28156644105911255,0.1870935708284378,-0.19834034144878387,-0.18335440754890442,-0.054850079119205475,-0.00899387805481999,-0.017080074167388923,0.045520918197194456,0.034725699573755264,0.04896179586648941,0.061847596396249885,0.048616798040566116,0.0,0.0,0.05610059341739491,0.004534367471933365,0.015820078551769257,0.031983302007871514,0.004492803508959361,0.02947669876293443,-0.04165192444870376,-0.005401791279013267,-0.026259824760477106,0.42951082686037856,0.06038922750596625,-0.015475153547542116,0.0476811653949034,-0.06936240233351254,-0.0016588882202041304,-0.002116731689214766,0.01396341864708019,0.04589221090686463,-0.00021649794748555774,analytic,0.24322177428581343,0.0521139637079019,0.005083441747378417,0.42930965743646016,0.019176257457675372,0.03400932385194132,0.012848896613024498,0.02182549710782007,-0.04142324099770359,0.0492365267059404,1,0.007483243942260742,0.038819339126348495,0.06436615437269211,0.0932469591498375,0.004492803508959361,0.02947669876293443,0.013281062241452129,-0.05221592137492155,-0.039714814904514346,0.12118289580206644,1,0.0008654580014990643,1.0,0.004492803508959361,0.02947669876293443,0.013281062241452129,-0.05221592137492155,-0.039714814904514346,0.12118289580206644,-0.05221592137492155,-0.039714814904514346,0.12118289580206644
2.9372089649987174,1788408582.9897516,control,takeoff,1,1,0.002391244997852482,3.869208335876465,3869.0,0,30.0,2.930920848986716,3.869208335876465,1,1,0,1.0854933711003192,0.03941014036536217,0.06500664353370667,0.0940287858247757,0.016465893015265465,0.029262961819767952,0.014595664106309414,0.14435097575187683,0.17763115465641022,0.1440121829509735,-0.17876611649990082,-0.15743812918663025,-0.047138456255197525,-0.01053661640327994,-0.01791046023127315,0.045278118917954975,0.034725699573755264,0.04896179586648941,0.06246513354821916,0.048616798040566116,0.0,0.0,0.05486930667075619,0.004684440791606903,0.016044847667217255,0.03156365227655654,0.004492803508959361,0.02947669876293443,-0.04279625980286848,-0.005517757661687798,-0.026447923280814654,0.4301340427381427,0.0607243798796839,-0.015741505975752836,0.047659767997888944,-0.0712404846985788,-0.0022266009054739307,-0.0023246588716867604,0.013840451527544595,0.045853353512671446,-0.00021828989077949025,analytic,0.2491207563522178,0.05378808044406339,0.005583810256039013,0.42988558410027716,0.01895358828840777,0.0333861939781116,0.013760023749144104,-0.014460443243671673,-0.040466914227905076,0.05916985401689235,1,0.0031974315643310547,0.038819339126348495,0.06436615437269211,0.0932469591498375,0.004492803508959361,0.02947669876293443,0.013281062241452129,-0.05221592137492155,-0.039714814904514346,0.12118289580206644,1,0.011991334991762415,1.0,0.004492803508959361,0.02947669876293443,0.013281062241452129,-0.05221592137492155,-0.039714814904514346,0.12118289580206644,-0.05221592137492155,-0.039714814904514346,0.12118289580206644
2.948222058999818,1788408583.000746,control,takeoff,1,1,0.0075547869928414,3.869208335876465,3869.0,0,30.0,2.9419339429878164,3.869208335876465,1,1,0,1.0854933711003192,0.03955872729420662,0.06524190306663513,0.09425893425941467,0.018244337290525436,0.031440332531929016,0.019532039761543274,0.17618326842784882,0.21642372012138367,0.2836998701095581,-0.17007049918174744,-0.14880484342575073,-0.06264965236186981,-0.011316140944969442,-0.01858798307611626,0.044554700706502644,0.034725699573755264,0.04896179586648941,0.06308898662372718,0.048616798040566116,0.0,0.0,0.05365572398257158,0.004833027720451355,0.01628010720014572,0.031169947635687492,0.004492803508959361,0.02947669876293443,-0.0439356846695626,-0.005632603306990187,-0.026643737064368428,0.43074321849758257,0.061078492032116266,-0.016005821517172943,0.04763801120091637,-0.07238430975631135,-0.002656306413459893,-0.003015667624382816,0.013718080160002253,0.04581655443188923,-0.00021999812771524306,analytic,0.2527974993906711,0.05506104987908593,0.007022005848645506,0.43046951079950546,0.01870811115767457,0.03280440208907557,0.01451482218912647,-0.041903288891082226,-0.09931268761350286,0.12884514736932956,1,0.008333683013916016,0.038819339126348495,0.06436615437269211,0.0932469591498375,0.004492803508959361,0.02947669876293443,0.013281062241452129,-0.05221592137492155,-0.039714814904514346,0.12118289580206644,1,0.023004428992862813,1.0,0.004492803508959361,0.02947669876293443,0.013281062241452129,-0.05221592137492155,-0.039714814904514346,0.12118289580206644,-0.05221592137492155,-0.039714814904514346,0.12118289580206644
2.9594340760086197,1788408583.0123603,control,takeoff,1,1,0.009411721010110341,3.869208335876465,3869.0,0,30.0,2.9531459599966183,3.869208335876465,1,1,0,1.0854933711003192,0.03963576257228851,0.06551565229892731,0.09460469335317612,0.016271185129880905,0.031107014045119286,0.023146778345108032,0.09802548587322235,0.1658884435892105,0.3055897355079651,-0.09515774250030518,-0.07939986884593964,-0.05887535586953163,-0.009428514529396742,-0.016769758170474283,0.04413324603168183,0.034725699573755264,0.04896179586648941,0.06373703600732186,0.048616798040566116,0.0,0.0,0.052425558593375304,0.004910062998533249,0.016553856432437897,0.030867657345854255,0.003361559135333597,0.02891325683458113,-0.04286833874165266,-0.005184167695252528,-0.026614956954296963,0.4305386776824693,0.0610903675504464,-0.014973952531221267,0.047700928581500254,-0.07051665064973892,-0.001886159384484893,-0.003517461006482755,0.02987268876395709,0.05542557737889045,-0.0004481817129438419,analytic,0.2636865180029155,0.06243233443506651,0.008388054537077432,0.43031700538751405,0.01839256364440281,0.03222447234334275,0.015532655230397478,-0.03431429082462539,-0.06306460078418877,0.11068450081242301,1,0.010752201080322266,0.03897475823760033,0.064882792532444,0.09375479817390442,0.003361559135333597,0.02891325683458113,0.015515098130413324,-0.060093734822973935,-0.023308884864964425,0.11247064360772052,1,0.009613376008928753,1.0,0.003361559135333597,0.02891325683458113,0.015515098130413324,-0.060093734822973935,-0.023308884864964425,0.11247064360772052,-0.060093734822973935,-0.023308884864964425,0.11247064360772052
2.9705398740043165,1788408583.0230868,control,takeoff,1,1,0.0058619909978006035,3.869208335876465,3869.0,0,30.0,2.964251757992315,3.869208335876465,1,1,0,1.0854933711003192,0.039711348712444305,0.06571338325738907,0.09489953517913818,0.01403882447630167,0.027558807283639908,0.02250349521636963,0.048240307718515396,0.0847412720322609,0.23577500879764557,-0.07384009659290314,-0.07929471135139465,-0.06339334696531296,-0.009238682636754807,-0.0179477858113516,0.042938845456907085,0.034725699573755264,0.04896179586648941,0.06439187796504423,0.048616798040566116,0.0,0.0,0.051212356404586226,0.004985649138689041,0.016751587390899658,0.03050765721409396,0.003361559135333597,0.02891325683458113,-0.04403047342048041,-0.005243692908418458,-0.026782566108182648,0.4311398091587912,0.061385731195771856,-0.01510870540901836,0.04768820799682103,-0.07064347707909924,-0.0029600460989354926,-0.004670141497014027,0.02972543862732413,0.055374480469158605,-0.00044999464244350475,analytic,0.264249758183568,0.06565375495416441,0.010685533631394753,0.43092149866618484,0.017640897275761836,0.03144277686137056,0.017813599068276426,-0.05081503564715294,-0.052845099154100954,0.15419905328547975,1,0.00668644905090332,0.03897475823760033,0.064882792532444,0.09375479817390442,0.003361559135333597,0.02891325683458113,0.015515098130413324,-0.060093734822973935,-0.023308884864964425,0.11247064360772052,1,0.02071917400462553,1.0,0.003361559135333597,0.02891325683458113,0.015515098130413324,-0.060093734822973935,-0.023308884864964425,0.11247064360772052,-0.060093734822973935,-0.023308884864964425,0.11247064360772052
2.9815669520030497,1788408583.0340548,control,takeoff,1,1,0.002050141993095167,3.869208335876465,3869.0,0,30.0,2.9752788359910483,3.869208335876465,1,1,0,1.0854933711003192,0.03987206146121025,0.06613520532846451,0.09535829722881317,0.012919014319777489,0.027782168239355087,0.02549699693918228,0.005582502577453852,0.05824541300535202,0.22306613624095917,-0.08440477401018143,0.02306395396590233,-0.04449184983968735,-0.010806267534797551,-0.014973542651580008,0.04274577916167952,0.034725699573755264,0.04896179586648941,0.0650548824881107,0.048616798040566116,0.0,0.0,0.050012981321690714,0.005146361887454987,0.017173409461975098,0.030303414740702472,0.0017673489061093455,0.028911256643929434,-0.04243567225662656,-0.004648800414897933,-0.027117286928997394,0.43070477934662693,0.06228661053780048,-0.01378594606871075,0.04775703345571467,-0.07309919253393866,-0.001315277258971793,-0.0049751582033123526,0.06520608705079178,0.0844896508974482,-0.0009007312349943871,analytic,0.3073367637206773,0.08997340592421814,0.013141420361196567,0.43042762374155497,0.016062078468468,0.030018998033373823,0.021257438501226085,-0.10425583461404393,-0.08815038463265115,0.19608927871197193,1,0.0027496814727783203,0.03898022323846817,0.0653415396809578,0.09421581774950027,0.0017673489061093455,0.028911256643929434,0.018270046413226514,-0.08708064308387137,0.007729041168027193,0.14467354489861547,1,0.0069234440015861765,1.0,0.0017673489061093455,0.028911256643929434,0.018270046413226514,-0.08708064308387137,0.007729041168027193,0.14467354489861547,-0.08708064308387137,0.007729041168027193,0.14467354489861547
2.9926845940062776,1788408583.0452151,control,takeoff,1,1,0.013167783996323124,3.869208335876465,3869.0,0,30.0,2.986396477994276,3.869208335876465,1,1,0,1.0854933711003192,0.03987206146121025,0.06613520532846451,0.09535829722881317,0.012919014319777489,0.027782168239355087,0.02549699693918228,0.005582502577453852,0.05824541300535202,0.22306613624095917,-0.08440477401018143,0.02306395396590233,-0.04449184983968735,-0.010806267534797551,-0.014973542651580008,0.04274577916167952,0.034725699573755264,0.04896179586648941,0.06573631751414678,0.048616798040566116,0.0,0.0,0.04880902937632136,0.005146361887454987,0.017173409461975098,0.029621979714666388,-0.0003702074597188448,0.02918441774124146,-0.040806246914732655,-0.003687695528234009,-0.02725977375503532,0.4304717352145989,0.06275593105479474,-0.011587705471185972,0.04788866107071918,-0.07356328769324197,-0.0035158401475416934,-0.00504930400853423,0.07092796785904666,0.11469465960938258,-0.0008235503545641536,analytic,0.3147096818644095,0.12674901484250564,0.015488817467715462,0.43017835175354174,0.016062078468468,0.030018998033373823,0.021257438501226085,-0.10425583461404393,-0.08815038463265115,0.19608927871197193,1,0.013910055160522461,0.038969773799180984,0.06529238075017929,0.09473729878664017,-0.0003702074597188448,0.02918441774124146,0.021075303191714072,-0.11243940156868945,0.01149724250751425,0.13893661674846314,1,0.005702324997400865,1.0,-0.0003702074597188448,0.02918441774124146,0.021075303191714072,-0.11243940156868945,0.01149724250751425,0.13893661674846314,-0.11243940156868945,0.01149724250751425,0.13893661674846314
3.003878937000991,1788408583.0564222,control,takeoff,1,1,0.0028175920015200973,3.869208335876465,3869.0,0,30.0,2.9975908209889894,3.869208335876465,1,1,0,1.0854933711003192,0.04004956781864166,0.06658542901277542,0.09602123498916626,0.010713559575378895,0.02701643854379654,0.030625253915786743,-0.05480243265628815,0.06442038714885712,0.3278637230396271,-0.020645136013627052,0.10910604894161224,-0.03169407695531845,-0.00946434240873926,-0.01067837475165107,0.04274540218367598,0.034725699573755264,0.04896179586648941,0.06643569602669161,0.048616798040566116,0.0,0.0,0.04760212126796873,0.005323868244886398,0.01762363314628601,0.02958553896247465,-0.0015584285948843373,0.029206104825163965,-0.04045904827768236,-0.0032862964573977596,-0.027627000351180674,0.43039677365825896,0.06366022543998538,-0.010702049994699724,0.04793459441532786,-0.07311424874628487,-0.00011684590048773708,-0.005184136655434173,0.06246594448113671,0.12386746394947218,-0.0006698961447937944,analytic,0.3052357810652222,0.1256497059809005,0.016793821035616562,0.43014072459959524,0.013633508789666769,0.02803963161550069,0.02435692392298934,-0.17679297752576065,-0.1461543076016319,0.2257623644252515,1,0.0036635398864746094,0.03892061114311218,0.06558127701282501,0.09501689672470093,-0.0015584285948843373,0.029206104825163965,0.022612540544178147,-0.11882211351657289,0.002168708392250808,0.15372373524643815,1,0.00428918500256259,1.0,-0.0015584285948843373,0.029206104825163965,0.022612540544178147,-0.11882211351657289,0.002168708392250808,0.15372373524643815,-0.11882211351657289,0.002168708392250808,0.15372373524643815
3.0149892390036257,1788408583.067583,control,takeoff,1,1,0.005299008000292815,3.869208335876465,3869.0,0,30.0,3.0087011229916243,3.869208335876465,1,1,0,1.0854933711003192,0.0401398129761219,0.06672995537519455,0.09628583490848541,0.010677077807486057,0.024986248463392258,0.030675694346427917,-0.044693395495414734,0.004153754562139511,0.2634682059288025,0.021309928968548775,0.11968427896499634,-0.03327034041285515,-0.007840111792090234,-0.009293149062500804,0.04239425397224074,0.034725699573755264,0.04896179586648941,0.06714302903597967,0.048616798040566116,0.0,0.0,0.04640958199560323,0.005414113402366638,0.01776815950870514,0.029142805872505742,-0.002655277854377765,0.02921980283948169,-0.03988825948019155,-0.0028599757794048387,-0.02776124593945622,0.43042548978730716,0.06401356696401422,-0.009730803782755178,0.04799305227722511,-0.07184441625453804,0.00028007423702185066,-0.005604973537618485,0.062457208595240975,0.11621362119203812,-0.0006090254118500987,analytic,0.3018058346663296,0.11685471421476076,0.017039278845005088,0.4302146590750722,0.012716626129838303,0.027300325273717056,0.025702567809667582,-0.10701482100537542,-0.08628883422107264,0.15705809039598442,1,0.006256580352783203,0.03946803882718086,0.06594239175319672,0.09514745324850082,-0.002655277854377765,0.02921980283948169,0.024370332499805122,-0.10968492594932562,0.0013698014317721438,0.17577919556267002,1,0.0029346349911065772,1.0,-0.002655277854377765,0.02921980283948169,0.024370332499805122,-0.10968492594932562,0.0013698014317721438,0.17577919556267002,-0.10968492594932562,0.0013698014317721438,0.17577919556267002
3.026105072000064,1788408583.0786648,control,takeoff,1,1,0.006554859995958395,3.869208335876465,3869.0,0,30.0,3.0198169559880625,3.869208335876465,1,1,0,1.0854933711003192,0.04016437754034996,0.0669798031449318,0.09665794670581818,0.009041499346494675,0.02507287636399269,0.0321122482419014,-0.06903529912233353,0.005085699260234833,0.24000541865825653,0.025520380586385727,0.12228528410196304,-0.03787193447351456,-0.0074188660394069956,-0.007993201994039443,0.0418311339930718,0.034725699573755264,0.04896179586648941,0.06786394398167309,0.048616798040566116,0.0,0.0,0.04522174102737226,0.005438677966594696,0.018018007278442383,0.02879400272414509,-0.0038082019527772475,0.02945574243701748,-0.03687060496618793,-0.0023585247615798923,-0.028074680831633184,0.42955433109493424,0.06492468847157985,-0.00862370825341431,0.04805612546042955,-0.07233134466780039,0.0004509892567736586,-0.006236201625394148,0.07653514121268694,0.04322898024108051,-0.0006614266290621031,analytic,0.3181284063945621,0.0436735749232784,0.013076478178540723,0.4293496405498882,0.011872552081309797,0.026645569069621233,0.027188347916939033,-0.08586299859427889,-0.06660473820973822,0.15114021747790737,1,0.007507801055908203,0.03983086347579956,0.06635994464159012,0.09623439610004425,-0.0038082019527772475,0.02945574243701748,0.02858131414487252,-0.03853581518276617,0.015068997105722046,0.22390921735686475,1,0.0016108919953694567,1.0,-0.0038082019527772475,0.02945574243701748,0.02858131414487252,-0.03853581518276617,0.015068997105722046,0.22390921735686475,-0.03853581518276617,0.015068997105722046,0.22390921735686475
3.0372731430106796,1788408583.089818,control,takeoff,1,1,0.0078034420002950355,3.869208335876465,3869.0,0,30.0,3.0309850269986782,3.869208335876465,1,1,0,1.0854933711003192,0.04020148143172264,0.06714587658643723,0.09715861082077026,0.007975902408361435,0.02338256873190403,0.03571151942014694,-0.07655813544988632,-0.029766077175736427,0.2640504240989685,0.019637156277894974,0.12296053767204285,-0.04575270786881447,-0.007452032137798594,-0.006743420444929319,0.041049688802804296,0.034725699573755264,0.04896179586648941,0.06860163679897407,0.048616798040566116,0.0,0.0,0.04403364855995974,0.005475781857967377,0.018184080719947815,0.02855697402179619,-0.003945836658894641,0.029637286006229994,-0.03561019903663125,-0.0023232838867674314,-0.02830103400397487,0.4292472039687435,0.06549944042721317,-0.008573100673133393,0.048054467285317586,-0.07293932845160159,0.0016245349247179033,-0.0070499593937061724,0.08020278668192693,0.017294182080814458,-0.0006890810216997796,analytic,0.32417482970880945,0.014363698425426908,0.012941654474290791,0.4290390006606529,0.011026126699476543,0.025999012227049013,0.028785208806400855,-0.08471330926612446,-0.06470974398749718,0.15981960523320796,1,0.008669376373291016,0.03988298028707504,0.06647679209709167,0.09649640321731567,-0.003945836658894641,0.029637286006229994,0.031046282107124276,-0.01376347061174213,0.018154356921254933,0.24649679622522463,1,0.00013878699974156916,1.0,-0.003945836658894641,0.029637286006229994,0.031046282107124276,-0.01376347061174213,0.018154356921254933,0.24649679622522463,-0.01376347061174213,0.018154356921254933,0.24649679622522463
3.0482053960004123,1788408583.1006749,control,takeoff,1,1,0.008655284997075796,3.869208335876465,3869.0,0,30.0,3.041917279988411,3.869208335876465,1,1,0,1.0854933711003192,0.04029145836830139,0.06730349361896515,0.09750255942344666,0.008165259845554829,0.021832117810845375,0.03539084643125534,-0.05749092996120453,-0.05456339567899704,0.20488034188747406,0.03123714029788971,0.09195054322481155,-0.02706179767847061,-0.006672471687738981,-0.007063606960389309,0.04153300153387928,0.034725699573755264,0.04896179586648941,0.06933681192399865,0.048616798040566116,0.0,0.0,0.042875818234230055,0.005565758794546127,0.01834169775247574,0.028165747499448,-0.003945836658894641,0.029637286006229994,-0.03679464675362709,-0.0023896745549273164,-0.02843895592519987,0.4298643194877517,0.06571739972264579,-0.008729659143808024,0.048042287591803144,-0.07237711348657691,0.0014722066976377785,-0.006551077169924212,0.08000369031106537,0.01726881221004728,-0.000699933572801784,analytic,0.3226938278125886,0.014747671795957214,0.01193597428586935,0.4296803008637423,0.010167541103335192,0.02527025031956394,0.03052135358359436,-0.08514408323059597,-0.07226974780972403,0.17216973598680296,1,0.009442329406738281,0.03988298028707504,0.06647679209709167,0.09649640321731567,-0.003945836658894641,0.029637286006229994,0.031046282107124276,-0.01376347061174213,0.018154356921254933,0.24649679622522463,1,0.01107103998947423,1.0,-0.003945836658894641,0.029637286006229994,0.031046282107124276,-0.01376347061174213,0.018154356921254933,0.24649679622522463,-0.01376347061174213,0.018154356921254933,0.24649679622522463
3.0596318830066593,1788408583.1124635,control,takeoff,1,1,0.00010873899736907333,3.869208335876465,3869.0,0,30.0,3.053343766994658,3.869208335876465,1,1,0,1.0854933711003192,0.04047873988747597,0.06770605593919754,0.09836076200008392,0.008413223549723625,0.021169941872358322,0.03870457783341408,-0.03664877265691757,-0.04830700904130936,0.2034079134464264,0.05747966840863228,0.11517607420682907,-0.01816941425204277,-0.004298600994740372,-0.0037490725955982456,0.04130110375133098,0.034725699573755264,0.04896179586648941,0.07011909440748097,0.048616798040566116,0.0,0.0,0.04167111612222522,0.005753040313720703,0.01874426007270813,0.02824166759260295,-0.003965158329353862,0.029853114878146868,-0.03541145052946561,-0.00252032594930204,-0.028858804637472157,0.429372833999977,0.06675031490847157,-0.009088306951480109,0.04800925652569785,-0.071030799360466,0.0051238802466453005,-0.006867022163613445,0.08450492882680802,0.0046139581267669,-0.0007697420744069358,analytic,0.32364505780999386,-0.00880849489224164,0.011924283745565862,0.4292562584568642,0.008885982087794269,0.023524367585592294,0.03372028856242702,-0.0581490316097232,-0.09374420466954698,0.16219388417398561,1,0.0012798309326171875,0.03990647941827774,0.06705537438392639,0.09717478603124619,-0.003965158329353862,0.029853114878146868,0.03367294833569906,-0.0019321670459217335,0.021582887191683955,0.2626666228574373,1,0.009936895003193058,1.0,-0.003965158329353862,0.029853114878146868,0.03367294833569906,-0.0019321670459217335,0.021582887191683955,0.2626666228574373,-0.0019321670459217335,0.021582887191683955,0.2626666228574373
3.0705521310010226,1788408583.12303,control,takeoff,1,1,0.011028986991732381,3.869208335876465,3869.0,0,30.0,3.0642640149890212,3.869208335876465,1,1,0,1.0854933711003192,0.04047873988747597,0.06770605593919754,0.09836076200008392,0.008413223549723625,0.021169941872358322,0.03870457783341408,-0.03664877265691757,-0.04830700904130936,0.2034079134464264,0.05747966840863228,0.11517607420682907,-0.01816941425204277,-0.004298600994740372,-0.0037490725955982456,0.04130110375133098,0.034725699573755264,0.04896179586648941,0.07088002518842701,0.048616798040566116,0.0,0.0,0.040525014202170556,0.005753040313720703,0.01874426007270813,0.027480736811656914,-0.0039458447661535586,0.03013588590027801,-0.03385520925599707,-0.0025279620035440734,-0.029006088274257345,0.4291953396404776,0.06711823695990161,-0.009125906441179119,0.04800337045686918,-0.07139786270264342,0.005160324151081532,-0.006863219321425792,0.09263889072731729,7.482732809058868e-05,-0.0008473451880504582,analytic,0.333302143079761,-0.013413924425774142,0.011594107381242919,0.42907818717031154,0.008885982087794269,0.023524367585592294,0.03372028856242702,-0.0581490316097232,-0.09374420466954698,0.16219388417398561,1,0.011846303939819336,0.03991592302918434,0.06733996421098709,0.0975244864821434,-0.0039458447661535586,0.03013588590027801,0.036422655686741565,0.0019313563200307046,0.028277102213119805,0.27497073510430514,1,0.008307786993100308,1.0,-0.0039458447661535586,0.03013588590027801,0.036422655686741565,0.0019313563200307046,0.028277102213119805,0.27497073510430514,0.0019313563200307046,0.028277102213119805,0.27497073510430514
3.0816501549998065,1788408583.1345193,control,takeoff,1,1,0.0008303179929498583,3.869208335876465,3869.0,0,30.0,3.075362038987805,3.869208335876465,1,1,0,1.0854933711003192,0.04062003642320633,0.06789905577898026,0.09890970587730408,0.008059369400143623,0.018750976771116257,0.03612608090043068,-0.03264676034450531,-0.061394207179546356,0.13847744464874268,0.036904286593198776,0.10819019377231598,-0.02108871564269066,-0.005262018277821465,-0.002045822830725809,0.04059611740947296,0.034725699573755264,0.04896179586648941,0.07166672391060065,0.048616798040566116,0.0,0.0,0.03936548842412342,0.005894336849451065,0.018937259912490845,0.027242981966703425,-0.003925442717321189,0.030419955315310207,-0.032403551190762964,-0.0026420818655489894,-0.02929922736845259,0.4288185644907196,0.06784406037541837,-0.009430661592115076,0.04797600979216596,-0.07308122007009049,0.007145395136334007,-0.00760198993992001,0.08906552417878438,0.0004177612865463433,-0.0008419085520509408,analytic,0.3351818022108944,-0.019030677294436457,0.013296518421510134,0.42866608265859624,0.008512768074727155,0.021821945039744432,0.035954440965561656,-0.017550205483142886,-0.08005558326501638,0.10505991839223719,1,0.002070188522338867,0.03994112089276314,0.06730719655752182,0.09744919091463089,-0.003925442717321189,0.030419955315310207,0.03909215946864289,0.0018547317120331363,0.025824492275647776,0.2426821619909681,1,0.007264378989930265,1.0,-0.003925442717321189,0.030419955315310207,0.03909215946864289,0.0018547317120331363,0.025824492275647776,0.2426821619909681,0.0018547317120331363,0.025824492275647776,0.2426821619909681
3.092722393004806,1788408583.1452155,control,takeoff,1,1,0.0005272139969747514,3.869208335876465,3869.0,0,30.0,3.0864342769928044,3.869208335876465,1,1,0,1.0854933711003192,0.04077349230647087,0.06827361136674881,0.09990183264017105,0.021171845495700836,0.046498171985149384,0.10565846413373947,2.3115925788879395,4.794124126434326,11.59985637664795,0.1997617781162262,-0.2379402369260788,-0.05589045211672783,-0.003966174613736088,-0.004715285264394517,0.040639168544999556,0.034725699573755264,0.04896179586648941,0.07246509027056341,0.048616798040566116,0.0,0.0,0.03821391475180382,0.006047792732715607,0.0193118155002594,0.027436742369607636,-0.0039127205803819055,0.03049335151270614,-0.03009849542436001,-0.0027619044564538976,-0.029633795768189843,0.42794778104624315,0.06874562569587382,-0.009764812872649437,0.04794446115917184,-0.07269906340124746,0.004807041114759061,-0.007459762870838056,0.05126237071187062,0.004451691710409997,-0.0005017685704629605,analytic,0.296603273732043,-0.008324488092756419,0.013276494576754103,0.42784135650113575,0.009828845052338154,0.023041967504269782,0.04816180913147806,0.160061555905911,0.2699448560172281,0.9749050170011571,1,0.0012860298156738281,0.03989183157682419,0.06774542480707169,0.09860678762197495,-0.0039127205803819055,0.03049335151270614,0.042617063090253204,0.0001609678362213583,-0.005953095364913887,0.14966179025620788,1,0.005782003005151637,1.0,-0.0039127205803819055,0.03049335151270614,0.042617063090253204,0.0001609678362213583,-0.005953095364913887,0.14966179025620788,0.0001609678362213583,-0.005953095364913887,0.14966179025620788
3.1038625000073807,1788408583.1563394,control,takeoff,1,1,0.004409272005432285,3.869208335876465,3869.0,0,30.0,3.0975743839953793,3.869208335876465,1,1,0,1.0854933711003192,0.04091755300760269,0.06845137476921082,0.10039900988340378,0.020920488983392715,0.04211336746811867,0.09827279299497604,1.8423244953155518,3.7140674591064453,9.075685501098633,0.20417281985282898,-0.25437283515930176,-0.10442396998405457,-0.0023489536297290753,-0.0070376437820133695,0.03848675945366118,0.034725699573755264,0.04896179586648941,0.07328200763732207,0.048616798040566116,0.0,0.0,0.03706058257688642,0.006191853433847427,0.019489578902721405,0.02711700224608171,-0.003896925195167005,0.030242597694342423,-0.03006207580342505,-0.002876094410888162,-0.029674923920392414,0.42810169719219937,0.06880377572297529,-0.010031005845231613,0.04792554751986945,-0.07117131175645358,0.002676387875514671,-0.009526479305130165,0.02943766589888564,0.0041023436410192885,-0.000295999652052608,analytic,0.2705852515444271,-0.0024066924967712255,0.017454367648189962,0.4280487825047948,0.011897486375610562,0.02682468423960581,0.059473002113373495,0.2859099936325421,0.522814905390544,1.5633368032667467,1,0.0051746368408203125,0.03996647894382477,0.06773409247398376,0.09873729199171066,-0.003896925195167005,0.030242597694342423,0.043885535553253356,0.0015795385214898178,-0.025075381836367726,0.12684724629999536,1,0.004228403005981818,1.0,-0.003896925195167005,0.030242597694342423,0.043885535553253356,0.0015795385214898178,-0.025075381836367726,0.12684724629999536,0.0015795385214898178,-0.025075381836367726,0.12684724629999536
3.1148800830123946,1788408583.1673508,control,takeoff,1,1,0.005411465012002736,3.869208335876465,3869.0,0,30.0,3.108591967000393,3.869208335876465,1,1,0,1.0854933711003192,0.041045814752578735,0.0685236006975174,0.10098659992218018,0.019305961206555367,0.03513765335083008,0.09038989245891571,1.441514492034912,2.8315041065216064,7.10262393951416,0.18740606307983398,-0.2230740189552307,-0.08738987892866135,-0.0011461591741901568,-0.008015114250545128,0.03829625623420113,0.034725699573755264,0.04896179586648941,0.07410346491397403,0.048616798040566116,0.0,0.0,0.035925164331153565,0.006320115178823471,0.019561804831027985,0.026883135008206147,-0.0038353647643329697,0.029753998017866948,-0.030082589225631423,-0.002999098657900952,-0.02952938603600097,0.4282361219236692,0.06843066290761989,-0.010297458901806188,0.04791104670762478,-0.06960682231817322,0.001956427591623277,-0.009679684614834597,0.0030657624546789534,0.0004915021201838225,-3.164474216999511e-05,analytic,0.23993866318374282,-0.004126087063404413,0.017727660371755855,0.428221478308269,0.014276387256393522,0.03099454183134618,0.07119725627426633,0.23828800133430833,0.41768324162269255,1.1743865050044056,1,0.00620269775390625,0.03996654227375984,0.06800339370965958,0.09910757094621658,-0.0038353647643329697,0.029753998017866948,0.045088048552576754,0.006156043083404736,-0.04885996764755728,0.12025129993236369,1,0.002735679008765146,1.0,-0.0038353647643329697,0.029753998017866948,0.045088048552576754,0.006156043083404736,-0.04885996764755728,0.12025129993236369,0.006156043083404736,-0.04885996764755728,0.12025129993236369
3.1260832060070243,1788408583.1789923,control,takeoff,1,1,0.016614588006632403,3.869208335876465,3869.0,0,30.0,3.119795089995023,3.869208335876465,1,1,0,1.0854933711003192,0.041045814752578735,0.0685236006975174,0.10098659992218018,0.019305961206555367,0.03513765335083008,0.09038989245891571,1.441514492034912,2.8315041065216064,7.10262393951416,0.18740606307983398,-0.2230740189552307,-0.08738987892866135,-0.0011461591741901568,-0.008015114250545128,0.03829625623420113,0.034725699573755264,0.04896179586648941,0.07495259794499165,0.048616798040566116,0.0,0.0,0.034775957475805835,0.006320115178823471,0.019561804831027985,0.026034001977188526,-0.0037333818869901302,0.029057827248864174,-0.02997217549532901,-0.003044138763866486,-0.029236221293427588,0.4286014487606396,0.06768740281632471,-0.010361110183522494,0.04791442107097968,-0.06886569402870771,0.002023514497333544,-0.009684564547556333,-0.013262853768789417,-0.0021963177846329243,0.00013773821603437698,analytic,0.2217991478216413,-0.007188645999178954,0.0177260636918549,0.4285874016834159,0.014276387256393522,0.03099454183134618,0.07119725627426633,0.23828800133430833,0.41768324162269255,1.1743865050044056,1,0.017844200134277344,0.03993203863501549,0.06827417016029358,0.09961430728435516,-0.0037333818869901302,0.029057827248864174,0.04644655579331374,0.009271170667531508,-0.06328825172752933,0.12350065824882568,1,0.0016489560075569898,1.0,-0.0037333818869901302,0.029057827248864174,0.04644655579331374,0.009271170667531508,-0.06328825172752933,0.12350065824882568,0.009271170667531508,-0.06328825172752933,0.12350065824882568
3.1371632369991858,1788408583.1901479,control,takeoff,1,1,0.008743237995076925,3.869208335876465,3869.0,0,30.0,3.1308751209871843,3.869208335876465,1,1,0,1.0854933711003192,0.04119311273097992,0.0686909407377243,0.10164210200309753,0.01699771173298359,0.029874365776777267,0.07922278344631195,1.1288760900497437,2.2097132205963135,5.564365863800049,0.15098710358142853,-0.1869032233953476,-0.07708501815795898,-0.001039686076835608,-0.008816777763494052,0.03761673327383648,0.034725699573755264,0.04896179586648941,0.07580617825118838,0.048616798040566116,0.0,0.0,0.033644665762364204,0.006467413157224655,0.019729144871234894,0.025835923751909157,-0.0036052216858238517,0.028390841414816036,-0.029751198709843482,-0.003211541074710443,-0.02908113676029048,0.4286342817475502,0.06730384362036647,-0.010731631491982866,0.04789343942760958,-0.06838868145607174,0.0015724259710451108,-0.010327769185329991,-0.023920622422011706,-0.0073661488644006946,0.00025729969924837963,analytic,0.21014484070249642,-0.011127951343609591,0.018810254410716477,0.42862523947692466,0.01711212607021096,0.034267148788788726,0.08277666113120498,0.14949661450163065,0.17252775832113,0.6104517861874962,1,0.01003122329711914,0.04045776650309563,0.0683981403708458,0.10035137087106705,-0.0036052216858238517,0.028390841414816036,0.04790620655018912,0.014240022351808183,-0.07410953711645697,0.1621834174305918,1,0.0009454769897274673,1.0,-0.0036052216858238517,0.028390841414816036,0.04790620655018912,0.014240022351808183,-0.07410953711645697,0.1621834174305918,0.014240022351808183,-0.07410953711645697,0.1621834174305918
3.1482172760006506,1788408583.2007933,control,takeoff,1,1,0.0031901780021144077,3.869208335876465,3869.0,0,30.0,3.141929159988649,3.869208335876465,1,1,0,1.0854933711003192,0.041570112109184265,0.06894761323928833,0.10282339155673981,0.061444420367479324,0.04131360352039337,0.16799889504909515,10.030693054199219,4.4925384521484375,22.98978614807129,0.4341406524181366,-0.4988495111465454,-0.1483193039894104,-0.0002938466170083055,-0.010720547025665841,0.03720328566082251,0.034725699573755264,0.04896179586648941,0.07667145537884698,0.048616798040566116,0.0,0.0,0.0325212686430041,0.006844412535429001,0.01998581737279892,0.026151936177892826,-0.0033763367963718415,0.027696835876043546,-0.0291777421210012,-0.003596746722740052,-0.028980512909297946,0.4283116645846026,0.06707793405074321,-0.011622825111225603,0.047836009264832446,-0.06743742057002655,0.000546484672590683,-0.010649987606715037,-0.01388862207783825,-0.015216501121690155,0.00016179615514348624,analytic,0.21778141730771822,-0.01578084626373786,0.01891758424152365,0.42832865010904475,0.019250624378018538,0.034208251061462885,0.08972519835704146,1.0560900785080165,-0.032198418722928404,3.414063677308234,1,0.004082441329956055,0.040433306246995926,0.0686584934592247,0.10089947283267975,-0.0033763367963718415,0.027696835876043546,0.04971954747459523,0.020807717222904754,-0.06309141261566488,0.1648491749459677,1,0.009764584989170544,1.0,-0.0033763367963718415,0.027696835876043546,0.04971954747459523,0.020807717222904754,-0.06309141261566488,0.1648491749459677,0.020807717222904754,-0.06309141261566488,0.1648491749459677
3.159423228004016,1788408583.2119613,control,takeoff,1,1,0.004350442002760246,3.869208335876465,3869.0,0,30.0,3.1531351119920146,3.869208335876465,1,1,0,1.0854933711003192,0.041616290807724,0.0691034346818924,0.10341396182775497,0.05008111894130707,0.03617408871650696,0.14623619616031647,7.7967939376831055,3.4910171031951904,17.95562744140625,0.32705745100975037,-0.4184351861476898,-0.13499827682971954,-0.0012952767802124029,-0.01168687419291341,0.03638862955765482,0.034725699573755264,0.04896179586648941,0.07756263610899122,0.048616798040566116,0.0,0.0,0.031387775957656947,0.006890591233968735,0.020141638815402985,0.02585132571876375,-0.0031217182043463544,0.02702350613668167,-0.028767792532292544,-0.0037455612954442707,-0.02881347167333677,0.42832341701477716,0.06667173114761805,-0.011949709322568246,0.04781892680174721,-0.06804723978707601,-0.0001107849980547296,-0.011425107453101963,-0.026638085621501037,-0.023088321845764675,0.00031904135828002094,analytic,0.20734518156667947,-0.021828299785295706,0.02013608280018904,0.42831268139337697,0.023868042658808312,0.03447722790559009,0.09864229622120987,0.4626909708003363,0.02695297449005192,0.8935427584411937,1,0.005270957946777344,0.04071783274412155,0.06854966282844543,0.10150588303804398,-0.0031217182043463544,0.02702350613668167,0.05139047637020559,0.02829095466950866,-0.07481441548467976,0.18565876617899577,1,0.009552262999932282,1.0,-0.0031217182043463544,0.02702350613668167,0.05139047637020559,0.02829095466950866,-0.07481441548467976,0.18565876617899577,0.02829095466950866,-0.07481441548467976,0.18565876617899577
3.1705373950098874,1788408583.2234156,control,takeoff,1,1,0.010284180010785349,3.869208335876465,3869.0,0,30.0,3.164249278997886,3.869208335876465,1,1,0,1.0854933711003192,0.04182612523436546,0.0692698210477829,0.10409552603960037,0.048404593020677567,0.03555215895175934,0.14407716691493988,6.170803070068359,2.7680957317352295,14.278693199157715,0.28909429907798767,-0.3318932056427002,-0.15427996218204498,-0.0005910823592544038,-0.011616139590870362,0.03522400574984126,0.034725699573755264,0.04896179586648941,0.07846049657852602,0.048616798040566116,0.0,0.0,0.03026888097362183,0.007100425660610199,0.020308025181293488,0.02563502946107435,-0.002811364499744617,0.02614857484246963,-0.028492275754474702,-0.004042415001808508,-0.028563023215457388,0.42834352841371903,0.06605413961387124,-0.012610931784472148,0.047782602471407906,-0.06674503874349001,0.000582947041289811,-0.012576154173555967,-0.043433766409587474,-0.0255185294695682,0.0005489664799049239,analytic,0.1870729843735771,-0.026594915971261658,0.022555341979553976,0.42835637766541695,0.028453535187896846,0.03479323304537971,0.10737937052167248,0.9114710040626582,0.06281321367897996,1.7366923694008591,1,0.01169443130493164,0.040929317474365234,0.06818203628063202,0.10201600939035416,-0.002811364499744617,0.02614857484246963,0.05292053771949441,0.03103537046016889,-0.08749312942119022,0.153006134928858,1,0.008154420007485896,1.0,-0.002811364499744617,0.02614857484246963,0.05292053771949441,0.03103537046016889,-0.08749312942119022,0.153006134928858,0.03103537046016889,-0.08749312942119022,0.153006134928858
3.181642510011443,1788408583.2341654,control,takeoff,1,1,0.007431048012222163,3.869208335876465,3869.0,0,30.0,3.1753543939994415,3.869208335876465,1,1,0,1.0854933711003192,0.04197380319237709,0.06938634067773819,0.10471091419458389,0.040804650634527206,0.030083641409873962,0.12393335998058319,4.829549312591553,2.137418031692505,11.1391019821167,0.21683445572853088,-0.26084914803504944,-0.12638543546199799,-0.001613486252982809,-0.011285287536706852,0.035013468034772455,0.034725699573755264,0.04896179586648941,0.07937157283715407,0.048616798040566116,0.0,0.0,0.029156182528894684,0.007248103618621826,0.02042454481124878,0.025339341357429823,-0.002158990906811621,0.023785139479837333,-0.02670819612460329,-0.004446951387945693,-0.027604043156284112,0.42787044246636896,0.06385253778539804,-0.013460373631222355,0.04775617524379629,-0.06557385554891237,0.0017765445642258936,-0.012795993134259128,-0.08374654118864995,-0.024021696695547785,0.001129629870224613,analytic,0.14360022994311325,-0.029252792117594385,0.023619150282174935,0.42785943743386456,0.035287255197500256,0.03480356093420114,0.11960175653166587,0.48143474823904225,0.0007275985184641501,0.8610656162869404,1,0.008249759674072266,0.040969569236040115,0.06895527243614197,0.10371027141809464,-0.002158990906811621,0.023785139479837333,0.055961874628852576,0.03021673617200976,-0.12196610887675456,0.15493908629472214,1,0.006568976008566096,1.0,-0.002158990906811621,0.023785139479837333,0.055961874628852576,0.03021673617200976,-0.12196610887675456,0.15493908629472214,0.03021673617200976,-0.12196610887675456,0.15493908629472214
3.1927013200038346,1788408583.2452729,control,takeoff,1,1,0.002826668001944199,3.869208335876465,3869.0,0,30.0,3.186413203991833,3.869208335876465,1,1,0,1.0854933711003192,0.04229603707790375,0.06960515677928925,0.10589789599180222,0.07012105733156204,0.0389578640460968,0.22973141074180603,10.504585266113281,4.056711196899414,32.779273986816406,-0.3355751633644104,-0.5834503769874573,-0.4502255916595459,-0.004130092788848839,-0.014805324197331804,0.03351070851960189,0.034725699573755264,0.04896179586648941,0.08029274487416826,0.048616798040566116,0.0,0.0,0.028053373801488143,0.007570337504148483,0.020643360912799835,0.02560515111763395,-0.0019826997338359634,0.0226663733632159,-0.026461109242106345,-0.004768326596118951,-0.027281238728383714,0.42768194681654415,0.06309393694930104,-0.014178497492528122,0.0477210621146402,-0.06737546700623326,-0.0010447583223162958,-0.014175671192093765,-0.07491285155357733,-0.011532663871634923,0.001064340643156502,analytic,0.1580693285975752,-0.008315837481965077,0.027400158242280974,0.42760356226298185,0.04381521644606301,0.03236908558188984,0.1318321741379988,4.319984323574206,-1.2349789180943693,6.202957765433465,1,0.0036580562591552734,0.04097362980246544,0.06907855719327927,0.1041552871465683,-0.0019826997338359634,0.0226663733632159,0.057464549833608644,0.017629117297562998,-0.11187661166212601,0.15026752047558334,1,0.005033898996771313,1.0,-0.0019826997338359634,0.0226663733632159,0.057464549833608644,0.017629117297562998,-0.11187661166212601,0.15026752047558334,0.017629117297562998,-0.11187661166212601,0.15026752047558334
3.2039997820102144,1788408583.2565224,control,takeoff,1,1,0.00010071400902234018,3.869208335876465,3869.0,0,30.0,3.197711665998213,3.869208335876465,1,1,0,1.0854933711003192,0.042515505105257034,0.06979947537183762,0.10650255531072617,0.05924002453684807,0.03394928202033043,0.19244493544101715,8.247832298278809,3.1736371517181396,25.689409255981445,-0.28832191228866577,-0.44712892174720764,-0.3688516914844513,-0.005508271022800236,-0.01343752486587055,0.032898592326243495,0.034725699573755264,0.04896179586648941,0.08124823927215186,0.048616798040566116,0.0,0.0,0.026932077113373434,0.00778980553150177,0.020837679505348206,0.02525431603857431,-0.0020205387939152024,0.021615407456968383,-0.02637405980691089,-0.004916298814940593,-0.02697037414825722,0.42782679860538875,0.062333182104497856,-0.0144839341285455,0.047712829077689325,-0.06799201448926998,0.0006247717913581617,-0.01482740990645785,-0.052180331854321055,0.009621030047243,0.0007573000841115203,analytic,0.1827261215261822,0.008087243766105421,0.029794100696435927,0.4277120398689015,0.049353407257382256,0.032405245923690915,0.14929129267941033,0.39662698276610253,0.0025896845654067467,1.2503645585274137,1,0.0009443759918212891,0.04094463214278221,0.06927651166915894,0.10476350039243698,-0.0020205387939152024,0.021615407456968383,0.05883793928588672,-0.0031532550066031228,-0.08758049218728964,0.11444912102316888,1,0.003731453005457297,1.0,-0.0020205387939152024,0.021615407456968383,0.05883793928588672,-0.0031532550066031228,-0.08758049218728964,0.11444912102316888,-0.0031532550066031228,-0.08758049218728964,0.11444912102316888
3.214975818002131,1788408583.2678933,control,takeoff,1,1,0.005514447999303229,3.869208335876465,3869.0,0,30.0,3.2086877019901294,3.869208335876465,1,1,0,1.0854933711003192,0.04267694428563118,0.06989821791648865,0.10708927363157272,0.05315682664513588,0.030685406178236008,0.17490696907043457,6.38104248046875,2.422360420227051,19.92526626586914,-0.23910489678382874,-0.34526872634887695,-0.315967857837677,-0.005737048660865845,-0.013092601670466582,0.032311679740356924,0.034725699573755264,0.04896179586648941,0.08219040240887684,0.048616798040566116,0.0,0.0,0.025848015845010678,0.007951244711875916,0.020936422049999237,0.02489887122269588,-0.0020205387939152024,0.021615407456968383,-0.02762698494212143,-0.005037796604987365,-0.027060315112391223,0.4284419951857974,0.06243931402299538,-0.01475519064467696,0.047694328637445806,-0.06833315651103479,0.001225107664092489,-0.015412476756690554,-0.052197922018185294,0.009629932913764565,0.0007717500996473679,analytic,0.184101051608317,0.00625711243806751,0.03101761032298697,0.42832135948097927,0.053833392087756254,0.03253279265072907,0.16409152664918808,0.7996603240265973,0.02276660768589048,2.6417857068846162,1,0.006712913513183594,0.04094463214278221,0.06927651166915894,0.10476350039243698,-0.0020205387939152024,0.021615407456968383,0.05883793928588672,-0.0031532550066031228,-0.08758049218728964,0.11444912102316888,1,0.01470748899737373,1.0,-0.0020205387939152024,0.021615407456968383,0.05883793928588672,-0.0031532550066031228,-0.08758049218728964,0.11444912102316888,-0.0031532550066031228,-0.08758049218728964,0.11444912102316888
3.2260901530098636,1788408583.2790287,control,takeoff,1,1,0.006465265003498644,3.869208335876465,3869.0,0,30.0,3.219802036997862,3.869208335876465,1,1,0,1.0854933711003192,0.04285633563995361,0.06995611637830734,0.10769401490688324,0.046071991324424744,0.02569296583533287,0.15188118815422058,4.964768409729004,1.8391889333724976,15.48499870300293,-0.2524125277996063,-0.2475053071975708,-0.24711862206459045,-0.008832477191430278,-0.011638356816057875,0.032587189927547146,0.034725699573755264,0.04896179586648941,0.08315846772472196,0.048616798040566116,0.0,0.0,0.024755554256617053,0.008130636066198349,0.020994320511817932,0.024535547182161277,-0.0022372110525793595,0.019972175800360988,-0.027144085320826294,-0.005075175764402901,-0.026379466999365837,0.42845280544215214,0.060852172030402725,-0.014767583348517061,0.04771708060153083,-0.06982337065023822,0.002732882796995912,-0.015194955337220522,-0.04112752216539327,0.017760066421626558,0.0006085245979082375,analytic,0.19990523871059213,0.010018539480046348,0.031026184387054397,0.4282447025983653,0.05608460825525955,0.03226059501204852,0.1733952799058576,0.22256417150792565,-0.026910539651347206,0.919805998808768,1,0.007733345031738281,0.04185624048113823,0.06921962648630142,0.10610663145780563,-0.0022372110525793595,0.019972175800360988,0.06059272360444007,-0.010567824575775856,-0.07214251205235357,0.06450792368074461,1,0.00033796300704125315,1.0,-0.0022372110525793595,0.019972175800360988,0.06059272360444007,-0.010567824575775856,-0.07214251205235357,0.06450792368074461,-0.010567824575775856,-0.07214251205235357,0.06450792368074461
3.2371756010106765,1788408583.2901804,control,takeoff,1,1,0.0031280590046662837,3.869208335876465,3869.0,0,30.0,3.230887484998675,3.869208335876465,1,1,0,1.0854933711003192,0.043154526501894,0.07011227309703827,0.10842002928256989,0.041028693318367004,0.02273869700729847,0.13166046142578125,3.9012691974639893,1.4300267696380615,12.105151176452637,-0.21803554892539978,-0.18976394832134247,-0.19871696829795837,-0.009982964924628962,-0.011049973946873346,0.032508583484880525,0.034725699573755264,0.04896179586648941,0.0841381150769052,0.048616798040566116,0.0,0.0,0.0236712033175385,0.008428826928138733,0.02115047723054886,0.02428191420566468,-0.0022372110525793595,0.019972175800360988,-0.028415710566128807,-0.005299214039664523,-0.026511757658250736,0.4290280739536997,0.061052842159348884,-0.015281873993517969,0.04768267186097015,-0.07117093922318768,0.0038404489916561316,-0.015265565741032154,-0.04117157797361464,0.017782357256271628,0.0006304023814829195,analytic,0.20429549996575241,0.006690820879313773,0.03123595323360754,0.428785744776825,0.05444502782365264,0.03051105126810772,0.17160770172781345,-0.11465893196743077,-0.12234887245753974,-0.12500869170654214,1,0.0045855045318603516,0.04185624048113823,0.06921962648630142,0.10610663145780563,-0.0022372110525793595,0.019972175800360988,0.06059272360444007,-0.010567824575775856,-0.07214251205235357,0.06450792368074461,1,0.011423411007854156,1.0,-0.0022372110525793595,0.019972175800360988,0.06059272360444007,-0.010567824575775856,-0.07214251205235357,0.06450792368074461,-0.010567824575775856,-0.07214251205235357,0.06450792368074461
3.2482215220079524,1788408583.3011417,control,takeoff,1,1,0.008029083008295856,3.869208335876465,3869.0,0,30.0,3.241933405995951,3.869208335876465,1,1,0,1.0854933711003192,0.04323131963610649,0.07020631432533264,0.10905717313289642,0.03527124598622322,0.021189145743846893,0.12564155459403992,2.9374585151672363,1.0946191549301147,9.492228507995605,-0.23437213897705078,-0.14322151243686676,-0.17429137229919434,-0.011857882885876114,-0.010785812830938407,0.03202517923904048,0.034725699573755264,0.04896179586648941,0.08512830668558223,0.048616798040566116,0.0,0.0,0.022595955087383046,0.008505620062351227,0.02124451845884323,0.023928866447314193,-0.0024955325584871805,0.018562870223958063,-0.02893565796029003,-0.005240830107017743,-0.02596245991225815,0.42938455910462986,0.05973542140317823,-0.015074391697351634,0.047715284695888656,-0.07172976876569948,0.003909034766624159,-0.015776095544212273,-0.04631739127506733,0.02550144201987147,0.000699507051099229,analytic,0.20109109229913877,0.014054214667133124,0.032932192475990864,0.42908915094414013,0.05247284692383029,0.028855985260414854,0.1680891558715702,-0.3143904160559649,-0.2638383176743653,-0.5609004203194294,1,0.009273767471313477,0.04191719368100166,0.06930916011333466,0.107704758644104,-0.0024955325584871805,0.018562870223958063,0.06134276082263393,-0.0169911840953996,-0.0736690120831804,0.03611967872385696,1,0.009495534002780914,1.0,-0.0024955325584871805,0.018562870223958063,0.06134276082263393,-0.0169911840953996,-0.0736690120831804,0.03611967872385696,-0.0169911840953996,-0.0736690120831804,0.03611967872385696
3.259391036001034,1788408583.3124282,control,takeoff,1,1,0.009837171994149685,3.869208335876465,3869.0,0,30.0,3.2531029199890327,3.869208335876465,1,1,0,1.0854933711003192,0.043453581631183624,0.07036622613668442,0.10965251922607422,0.032972902059555054,0.020373068749904633,0.11325230449438095,2.3007874488830566,0.8582331538200378,7.328680992126465,-0.19772228598594666,-0.1024053618311882,-0.1324550360441208,-0.012339068400897232,-0.010213071970588938,0.03234440615749588,0.034725699573755264,0.04896179586648941,0.08614385775458747,0.048616798040566116,0.0,0.0,0.021513990863808792,0.00872788205742836,0.021404430270195007,0.023508661471486753,-0.002667582771072514,0.0180444462068574,-0.029869306066090173,-0.005330320236021215,-0.025863364196756725,0.4299159537157506,0.059422401250825437,-0.015252294995559445,0.047709437214114664,-0.07189032715733054,0.004672841709395083,-0.015467472221764337,-0.024526804960697413,0.025005625416464887,0.00037478056024262715,analytic,0.22377763290077107,0.011614254518641908,0.032107524692686275,0.4296069253160444,0.04924721006647413,0.026957945962602425,0.16039935228287838,-0.3451088328280068,-0.20307001553380757,-0.8227271880025616,1,0.011213541030883789,0.0424715094268322,0.06975661218166351,0.10815510898828506,-0.002667582771072514,0.0180444462068574,0.061696110197256585,-0.017205021258536766,-0.051842401710076425,0.03533493746227254,1,0.008826915000099689,1.0,-0.002667582771072514,0.0180444462068574,0.061696110197256585,-0.017205021258536766,-0.051842401710076425,0.03533493746227254,-0.017205021258536766,-0.051842401710076425,0.03533493746227254
3.270568614010699,1788408583.3237839,control,takeoff,1,1,0.0068552190059563145,3.869208335876465,3869.0,0,30.0,3.2642804979986977,3.869208335876465,1,1,0,1.0854933711003192,0.04363463073968887,0.07051049172878265,0.11038793623447418,0.028939319774508476,0.018339138478040695,0.10100455582141876,1.7835736274719238,0.6578159928321838,5.689696788787842,-0.14275021851062775,-0.053656838834285736,-0.115701824426651,-0.01124185298066143,-0.008222966436102394,0.031632447657619286,0.034725699573755264,0.04896179586648941,0.08717454786413824,0.048616798040566116,0.0,0.0,0.02043659583378979,0.008908931165933609,0.021548695862293243,0.023213388370335944,-0.002667582771072514,0.0180444462068574,-0.031159919689774218,-0.005466358866453181,-0.025985863140093948,0.43051586598486724,0.05960800296626063,-0.015558905690032621,0.04768830048247645,-0.07097550763516614,0.006940679739961929,-0.016216365719579497,-0.02459384255519805,0.025015922633427688,0.00038336502555968256,analytic,0.22134167415528117,0.0047657718849205485,0.03360714278094307,0.43023575602490954,0.04347309830575813,0.02434050428043744,0.14470355297242887,-0.40838372518115734,-0.1851229468538072,-1.1101116947037355,1,0.008430242538452148,0.0424715094268322,0.06975661218166351,0.10815510898828506,-0.002667582771072514,0.0180444462068574,0.061696110197256585,-0.017205021258536766,-0.051842401710076425,0.03533493746227254,1,0.0200044930097647,1.0,-0.002667582771072514,0.0180444462068574,0.061696110197256585,-0.017205021258536766,-0.051842401710076425,0.03533493746227254,-0.017205021258536766,-0.051842401710076425,0.03533493746227254
3.281610563004506,1788408583.3345845,control,takeoff,1,1,0.001984589995117858,3.869208335876465,3869.0,0,30.0,3.2753224469925044,3.869208335876465,1,1,0,1.0854933711003192,0.04397670924663544,0.07063522934913635,0.11165177077054977,0.026552380993962288,0.015282513573765755,0.093672014772892,1.0941591262817383,0.3717555105686188,3.481980323791504,-0.13823194801807404,0.027989093214273453,-0.11794339120388031,-0.013087077342025657,-0.005710638637186626,0.030078938927389325,0.034725699573755264,0.04896179586648941,0.08820691000564387,0.048616798040566116,0.0,0.0,0.019377529186007623,0.009251009672880173,0.021673433482646942,0.0234448607649059,-0.0026132927210994125,0.01788166049006546,-0.03180519310949546,-0.005747693087500996,-0.026020223248528776,0.43065230045749797,0.059637558708977974,-0.01620780675624356,0.04764909911048432,-0.07284496797829182,0.010077759226096793,-0.017795645743157177,0.03503885586927893,-0.0055935707211486755,-0.0005689642383462797,analytic,0.28749499867400286,-0.03415631793331028,0.03427414740289075,0.430307571063381,0.034454299423091195,0.020097625452509857,0.11925022473642305,-0.552517018017715,-0.2690726649534811,-1.5759814073513003,1,0.003436565399169922,0.042844437062740326,0.07022880017757416,0.10973046720027924,-0.0026132927210994125,0.01788166049006546,0.062328297677543366,0.0093988721080763,0.007394932335533316,0.029605572645316137,1,0.006117955999798141,1.0,-0.0026132927210994125,0.01788166049006546,0.062328297677543366,0.0093988721080763,0.007394932335533316,0.029605572645316137,0.0093988721080763,0.007394932335533316,0.029605572645316137
3.2926695790083613,1788408583.3456385,control,takeoff,1,1,0.013043605998973362,3.869208335876465,3869.0,0,30.0,3.28638146299636,3.869208335876465,1,1,0,1.0854933711003192,0.04397670924663544,0.07063522934913635,0.11165177077054977,0.026552380993962288,0.015282513573765755,0.093672014772892,1.0941591262817383,0.3717555105686188,3.481980323791504,-0.13823194801807404,0.027989093214273453,-0.11794339120388031,-0.013087077342025657,-0.005710638637186626,0.030078938927389325,0.034725699573755264,0.04896179586648941,0.08925501940480099,0.048616798040566116,0.0,0.0,0.01832206087111532,0.009251009672880173,0.021673433482646942,0.022396751365748785,-0.0024050801956816475,0.018464156121233227,-0.0324825917471738,-0.0058418492065406835,-0.026296750572291895,0.43137553688059127,0.06016552568155164,-0.01642781137696677,0.047627260617853655,-0.07337308148938942,0.010293245861449874,-0.017781462849725094,0.06065743519213716,-0.0063604345362069225,-0.000998364994582527,analytic,0.31511631767222975,-0.035147327487895355,0.034125234277900235,0.431027738510843,0.034454299423091195,0.020097625452509857,0.11925022473642305,-0.552517018017715,-0.2690726649534811,-1.5759814073513003,1,0.014490604400634766,0.04294612258672714,0.07019231468439102,0.11090743541717529,-0.0024050801956816475,0.018464156121233227,0.06293270251524463,0.008611466570383211,0.03110277005536824,0.031231860570626154,1,0.004523109004367143,1.0,-0.0024050801956816475,0.018464156121233227,0.06293270251524463,0.008611466570383211,0.03110277005536824,0.031231860570626154,0.008611466570383211,0.03110277005536824,0.031231860570626154
3.303843637011596,1788408583.356903,control,takeoff,1,1,0.004295189006370492,3.869208335876465,3869.0,0,30.0,3.2975555209995946,3.869208335876465,1,1,0,1.0854933711003192,0.044409193098545074,0.07085540890693665,0.11291459947824478,0.02626483142375946,0.015458597801625729,0.08821436762809753,0.7347458004951477,0.287906676530838,2.2624258995056152,-0.05417042225599289,0.04980788379907608,-0.07407031953334808,-0.010974281173361376,-0.003732414211091782,0.02962846834066868,0.034725699573755264,0.04896179586648941,0.09032844205294022,0.048616798040566116,0.0,0.0,0.017260934352370708,0.00968349352478981,0.021893613040447235,0.022586157425304565,-0.0024050801956816475,0.018464156121233227,-0.03378000476068145,-0.006166761938763062,-0.02647648242700134,0.43175880909379416,0.06049090187886783,-0.017181423263376995,0.0475762602902118,-0.07158256915957936,0.012990804456620035,-0.01826111998994758,0.06048591709547339,-0.0062644742174235695,-0.001041240863272831,analytic,0.3099758383040423,-0.04319560512546094,0.03530308749977266,0.43146731320433546,0.027535691584165935,0.015985579333102184,0.09758206743484846,-0.5088404377155749,-0.3049081555498506,-1.6156089248570618,1,0.0056607723236083984,0.04294612258672714,0.07019231468439102,0.11090743541717529,-0.0024050801956816475,0.018464156121233227,0.06293270251524463,0.008611466570383211,0.03110277005536824,0.031231860570626154,1,0.01569716700760182,1.0,-0.0024050801956816475,0.018464156121233227,0.06293270251524463,0.008611466570383211,0.03110277005536824,0.031231860570626154,0.008611466570383211,0.03110277005536824,0.031231860570626154
3.314946995000355,1788408583.367918,control,takeoff,1,1,0.003967990996898152,3.869208335876465,3869.0,0,30.0,3.3086588789883535,3.869208335876465,1,1,0,1.0854933711003192,0.044596634805202484,0.0710211843252182,0.11356284469366074,0.024341516196727753,0.015311657451093197,0.0820867046713829,0.5536314845085144,0.2277151495218277,1.701090931892395,-0.03847320005297661,0.08339107781648636,-0.062269825488328934,-0.01070001997147184,-0.0012830569321990255,0.029432263720247716,0.034725699573755264,0.04896179586648941,0.0914094450554431,0.048616798040566116,0.0,0.0,0.016211819985180384,0.00987093523144722,0.02205938845872879,0.022153399638217636,-0.0023444584028538794,0.01893412058070322,-0.03442869632320686,-0.006335239466714059,-0.026827095945948225,0.43219458059714144,0.061219024563444586,-0.017589629899772807,0.047538686825246694,-0.07201679531758451,0.015831772505473185,-0.018498027662155678,0.04977032446550102,-0.0014943906582356701,-0.0008771750957957888,analytic,0.30087481511667546,-0.04724479722422403,0.0363588366309426,0.4318936955328988,0.025654752464729175,0.014895478296148904,0.09069829587146369,-0.16705976775389808,-0.09681973445064568,-0.6113973954639798,1,0.0054166316986083984,0.043483905494213104,0.07027065753936768,0.11208736896514893,-0.0023444584028538794,0.01893412058070322,0.06357535014348295,0.004462758889865508,0.01993207661098639,0.030657626084665816,1,0.0020669399964390323,1.0,-0.0023444584028538794,0.01893412058070322,0.06357535014348295,0.004462758889865508,0.01993207661098639,0.030657626084665816,0.004462758889865508,0.01993207661098639,0.030657626084665816
3.32614138200006,1788408583.37918,control,takeoff,1,1,0.005788908994873054,3.869208335876465,3869.0,0,30.0,3.3198532659880584,3.869208335876465,1,1,0,1.0854933711003192,0.044835761189460754,0.07104174792766571,0.11434660851955414,0.024544058367609978,0.012685392051935196,0.08228963613510132,0.4472002387046814,0.12648029625415802,1.3651760816574097,-0.032972753047943115,0.04924261197447777,-0.08521441370248795,-0.010800662438247528,-0.002124801254563689,0.027771920994201154,0.034725699573755264,0.04896179586648941,0.0925138369005476,0.048616798040566116,0.0,0.0,0.015159451179622408,0.01011006161570549,0.0220799520611763,0.02183277161900654,-0.0015508588898630541,0.01905124317874224,-0.03515058354526625,-0.006872816569014428,-0.02691021266809522,0.43260530312206413,0.061293461547757666,-0.018818189719720175,0.04746198811410434,-0.07222531273000796,0.016178125749704418,-0.020088965125163262,0.030672294971581603,-0.05169281870221641,-0.0005783512692432652,analytic,0.28384699102878613,-0.09874694603352267,0.036008324916817776,0.43230680960899737,0.024504925409008022,0.014262019810810324,0.0859400340410202,-0.12191218734344783,-0.06716341310168476,-0.5045020508222265,1,0.007246971130371094,0.04388313367962837,0.07076889276504517,0.11316077411174774,-0.0015508588898630541,0.01905124317874224,0.0641574119504251,0.05236099692213892,0.00374110883113604,0.03130879156006471,1,0.0005382529925554991,1.0,-0.0015508588898630541,0.01905124317874224,0.0641574119504251,0.05236099692213892,0.00374110883113604,0.03130879156006471,0.05236099692213892,0.00374110883113604,0.03130879156006471
3.337145634010085,1788408583.3900983,control,takeoff,1,1,0.005669546007993631,3.869208335876465,3869.0,0,30.0,3.3308575179980835,3.869208335876465,1,1,0,1.0854933711003192,0.045110974460840225,0.07114832103252411,0.1149178147315979,0.024532688781619072,0.01204479020088911,0.07599636912345886,0.35755786299705505,0.08978468179702759,0.9801517128944397,-0.00785924680531025,0.02346411906182766,-0.058985304087400436,-0.009761334072586628,-0.0030146365698162,0.028297322105793204,0.034725699573755264,0.04896179586648941,0.09361370830946729,0.048616798040566116,0.0,0.0,0.014130189079700511,0.010385274887084961,0.0221865251660347,0.02130410642213061,-0.0015508588898630541,0.01905124317874224,-0.036434237545494144,-0.00708037315863212,-0.02700489728778887,0.4333058528742677,0.061389429893275414,-0.019274595347809675,0.047432126855657175,-0.07129222636730584,0.015748492005080807,-0.019532633377277682,0.030528094717451038,-0.051541470956760614,-0.0005896002039129057,analytic,0.2812633388788772,-0.09741664172091674,0.03501247913637763,0.43304534046328885,0.023930205447357102,0.013753159729082906,0.08262677335188293,-0.051135982902679254,-0.04527606865145602,-0.2947989512407981,1,0.006926298141479492,0.04388313367962837,0.07076889276504517,0.11316077411174774,-0.0015508588898630541,0.01905124317874224,0.0641574119504251,0.05236099692213892,0.00374110883113604,0.03130879156006471,1,0.011542505002580583,1.0,-0.0015508588898630541,0.01905124317874224,0.0641574119504251,0.05236099692213892,0.00374110883113604,0.03130879156006471,0.05236099692213892,0.00374110883113604,0.03130879156006471
3.348195903003216,1788408583.40107,control,takeoff,1,1,0.001816315998439677,3.869208335876465,3869.0,0,30.0,3.3419077869912144,3.869208335876465,1,1,0,1.0854933711003192,0.04521380364894867,0.0712081715464592,0.11556016653776169,0.02100439742207527,0.010438023135066032,0.06940669566392899,0.2387557327747345,0.05029185116291046,0.695798397064209,-0.015585744753479958,0.004496508277952671,-0.05057074502110481,-0.010454214676013696,-0.0040821574597958,0.028055735596223937,0.034725699573755264,0.04896179586648941,0.09473240309595539,0.048616798040566116,0.0,0.0,0.013101843015030094,0.010488104075193405,0.022246375679969788,0.0208277634418063,-0.000888552931413077,0.019214816769645766,-0.037348516645545615,-0.007457069980067635,-0.02713831173146394,0.4338533778395345,0.06157718966898953,-0.020128329091413818,0.04737586760096736,-0.07219102295513961,0.015534883492998211,-0.019707774228062233,0.043284433927739466,-0.0676514697441159,-0.0008730156166970502,analytic,0.2974505076381203,-0.11265232934340991,0.03416157300669517,0.4335781839720888,0.023621610161554823,0.012985186971567052,0.079365116326612,-0.02068333533008907,-0.05147271782450627,-0.21860977496799155,1,0.002978086471557617,0.04395456984639168,0.07109272480010986,0.11424408107995987,-0.000888552931413077,0.019214816769645766,0.06453387646647532,0.06623059584501088,0.016357359090356023,0.03764645160502982,1,0.009633793000830337,1.0,-0.000888552931413077,0.019214816769645766,0.06453387646647532,0.06623059584501088,0.016357359090356023,0.03764645160502982,0.06623059584501088,0.016357359090356023,0.03764645160502982
3.3594447860086802,1788408583.4124029,control,takeoff,1,1,0.007648063998203725,3.869208335876465,3869.0,0,30.0,3.353156669996679,3.869208335876465,1,1,0,1.0854933711003192,0.045451924204826355,0.07124145328998566,0.11638610064983368,0.02552022412419319,0.00956873968243599,0.0857597291469574,0.3563121557235718,0.008412256836891174,1.1552622318267822,0.14318397641181946,-0.009051553905010223,-0.054465655237436295,-0.006200523923930484,-0.004430867329514011,0.027675926345013608,0.034725699573755264,0.04896179586648941,0.09588586415809894,0.048616798040566116,0.0,0.0,0.012060386701973944,0.01072622463107109,0.022279657423496246,0.02050023649173474,-0.00011658169313663526,0.01952890472696319,-0.03839105468643175,-0.007985093399313357,-0.027319982410172326,0.43437881807658824,0.06186181053982358,-0.02133250929898695,0.04729554539220725,-0.06825051150060148,0.016337275263370775,-0.020066979172443426,0.058084125092636996,-0.08074339213415627,-0.0012416431858157482,analytic,0.3011073066244877,-0.12790222519357852,0.03426376893019096,0.4342369581293353,0.023372107357726397,0.012322228823307853,0.07683553139341781,-0.045652428046450415,-0.1213038438719255,-0.462847280183053,1,0.00884556770324707,0.04451267793774605,0.07114480435848236,0.11441801488399506,-0.00011658169313663526,0.01952890472696319,0.0648069239776744,0.07719712382763211,0.03140879573173752,0.027304751119903888,1,0.008766672006458975,1.0,-0.00011658169313663526,0.01952890472696319,0.0648069239776744,0.07719712382763211,0.03140879573173752,0.027304751119903888,0.07719712382763211,0.03140879573173752,0.027304751119903888
3.3705433510040166,1788408583.4234803,control,takeoff,1,1,0.008241167000960559,3.869208335876465,3869.0,0,30.0,3.364255234992015,3.869208335876465,1,1,0,1.0854933711003192,0.04572959616780281,0.07129116356372833,0.11708185821771622,0.025730695575475693,0.008606423623859882,0.08192426711320877,0.2890780568122864,-0.011688487604260445,0.8508007526397705,0.13770517706871033,-0.04045483097434044,-0.03994404897093773,-0.004991624383780181,-0.006165117037586296,0.027875217837651595,0.034725699573755264,0.04896179586648941,0.09703842361827585,0.048616798040566116,0.0,0.0,0.011038159893677563,0.011003896594047546,0.022329367697238922,0.02004343459944037,0.0007951553998811838,0.019895929722416633,-0.03968609223095311,-0.008606207548175208,-0.02753780409581885,0.43505045688447913,0.062197639695604524,-0.022742725641340212,0.04720055032456034,-0.06740650042688065,0.01600683346883108,-0.019776325056764348,0.06186352922378859,-0.09629910701260813,-0.0014099141748351498,analytic,0.3030214623413389,-0.14245493024611586,0.032666674055891305,0.4349583306282286,0.023411068919574243,0.011537188367126154,0.07612640522728048,0.003728589821681808,-0.07512773399481439,-0.067862798100175,1,0.009473562240600586,0.044551949948072433,0.07135363668203354,0.11505173146724701,0.0007951553998811838,0.019895929722416633,0.0648113881760358,0.09117370930180005,0.03670249954535154,0.0004464198361393334,1,0.007291614994755946,1.0,0.0007951553998811838,0.019895929722416633,0.0648113881760358,0.09117370930180005,0.03670249954535154,0.0004464198361393334,0.09117370930180005,0.03670249954535154,0.0004464198361393334
3.381578618005733,1788408583.4350345,control,takeoff,1,1,0.003373736995854415,3.869208335876465,3869.0,0,30.0,3.3752905019937316,3.869208335876465,1,1,0,1.0854933711003192,0.04589718207716942,0.07138843089342117,0.11763638257980347,0.0226813443005085,0.008102119900286198,0.07247745990753174,0.19310982525348663,-0.015660496428608894,0.5624448657035828,0.10587074607610703,-0.03333496302366257,-0.042936407029628754,-0.00532933013688779,-0.006247260757674372,0.026997943720071416,0.034725699573755264,0.04896179586648941,0.09819871675675781,0.048616798040566116,0.0,0.0,0.01002699491738631,0.011171482503414154,0.022426635026931763,0.019437665823045652,0.002770973204193454,0.020287732144862125,-0.04126257045466658,-0.009624701318712858,-0.027802590678588604,0.4358874697482534,0.06257337752211332,-0.025050786245458274,0.04704740214367673,-0.06815070595231294,0.0182085873180024,-0.020562633661388288,0.03278384158530561,-0.10510679253214773,-0.0008230436010225858,analytic,0.27682098408053707,-0.15851487159707034,0.03383653817915676,0.43579083757820775,0.02391530075402634,0.010328155942587028,0.07729267553248227,0.03154403842391433,-0.07563537771640601,0.07296023933104279,1,0.0050427913665771484,0.04493243992328644,0.07122179865837097,0.11675777286291122,0.002770973204193454,0.020287732144862125,0.06452834864040367,0.09831939912020315,0.00919557942554934,-0.014318388122448806,1,0.0052610580023610964,1.0,0.002770973204193454,0.020287732144862125,0.06452834864040367,0.09831939912020315,0.00919557942554934,-0.014318388122448806,0.09831939912020315,0.00919557942554934,-0.014318388122448806
3.392699159012409,1788408583.4456341,control,takeoff,1,1,0.008703915009391494,3.869208335876465,3869.0,0,30.0,3.3864110430004075,3.869208335876465,1,1,0,1.0854933711003192,0.0460251122713089,0.07144777476787567,0.11819519102573395,0.02258984185755253,0.008543521165847778,0.07739703357219696,0.15130873024463654,0.0028075119480490685,0.6208800673484802,0.08792177587747574,-0.07205945253372192,0.01255229115486145,-0.005245860746909701,-0.007546571856411414,0.028354791208749383,0.034725699573755264,0.04896179586648941,0.09938242223003434,0.048616798040566116,0.0,0.0,0.009013293727719814,0.011299412697553635,0.02248597890138626,0.01881276879569961,0.002770973204193454,0.020287732144862125,-0.042567239052925226,-0.009724388673064204,-0.027862755096674793,0.4366379048855985,0.06259249279558643,-0.025241358349114645,0.04703498128259689,-0.06808060720686936,0.017139668086877738,-0.019164284607136983,0.032639298783899616,-0.10486585660376802,-0.0008256520993466542,analytic,0.27668984237455163,-0.15521372686185608,0.031104576289426093,0.43655412108697045,0.02424105127160714,0.009375171889096746,0.07804180062109264,0.056603558658183076,-0.16559386972783596,0.13017061710410302,1,0.009887456893920898,0.04493243992328644,0.07122179865837097,0.11675777286291122,0.002770973204193454,0.020287732144862125,0.06452834864040367,0.09831939912020315,0.00919557942554934,-0.014318388122448806,1,0.016381599009037018,1.0,0.002770973204193454,0.020287732144862125,0.06452834864040367,0.09831939912020315,0.00919557942554934,-0.014318388122448806,0.09831939912020315,0.00919557942554934,-0.014318388122448806
3.4037780690123327,1788408583.4566016,control,takeoff,1,1,0.004043914013891481,3.869208335876465,3869.0,0,30.0,3.3974899530003313,3.869208335876465,1,1,0,1.0854933711003192,0.04644128307700157,0.07165051251649857,0.11943529546260834,0.0232667475938797,0.010305170901119709,0.08051329851150513,0.09006540477275848,0.04832031577825546,0.5423980951309204,0.09357734769582748,-0.19396695494651794,-0.02136966586112976,-0.003047904463725329,-0.013380968060051871,0.02671619614669259,0.034725699573755264,0.04896179586648941,0.10057612988142756,0.048616798040566116,0.0,0.0,0.008008655513843084,0.011715583503246307,0.022688716650009155,0.01885916558118078,0.004408928430395297,0.019743347532969212,-0.04443981128960306,-0.010778310363354868,-0.027785170980682037,0.4372849030114546,0.062210701713932934,-0.02759298026473932,0.0468982212488769,-0.06561488240522592,0.013599790507642234,-0.02057627947963522,-0.017086002479936073,-0.08086222444563412,0.0004724874251508304,analytic,0.2195561481837543,-0.12177479492245798,0.03631777762851114,0.4373140451581856,0.024268416595805774,0.008347107948465203,0.07806277919739894,-0.0015239126137758274,-0.06172267168405437,-0.008357907930352541,1,0.005215644836425781,0.0455336719751358,0.07118308544158936,0.11790335178375244,0.004408928430395297,0.019743347532969212,0.06395666942683235,0.07529704601822873,-0.03820712567451503,-0.03675177731937744,1,0.0020149430056335405,1.0,0.004408928430395297,0.019743347532969212,0.06395666942683235,0.07529704601822873,-0.03820712567451503,-0.03675177731937744,0.07529704601822873,-0.03820712567451503,-0.03675177731937744
3.4149879190081265,1788408583.4674664,control,takeoff,1,1,0.0017596079997019842,3.869208335876465,3869.0,0,30.0,3.408699802996125,3.869208335876465,1,1,0,1.0854933711003192,0.046606097370386124,0.07173287123441696,0.11998116970062256,0.021064579486846924,0.009469008073210716,0.07252909243106842,0.0393008254468441,0.026220515370368958,0.31517428159713745,0.0710301324725151,-0.17443157732486725,-0.021933414041996002,-0.0033010400307422914,-0.014676876300666143,0.02639499759548925,0.034725699573755264,0.04896179586648941,0.10179862047877883,0.048616798040566116,0.0,0.0,0.006997495406771116,0.01188039779663086,0.02277107536792755,0.01818254922184373,0.005689478922705997,0.01836219023062953,-0.04709851810278168,-0.01148368832104782,-0.02724017815890651,0.43853271042284286,0.06072165854951156,-0.029058824865171206,0.04685037661589023,-0.06441528737864709,0.013779857169573737,-0.020842069802362924,-0.061598768632174866,-0.06402186302538912,0.0017937977885772059,analytic,0.17146510967603387,-0.10659366415093927,0.03879463705117846,0.43857323100384776,0.023964837363961773,0.008533771092969359,0.07775998593177029,-0.022576304724117358,0.013881595277417669,-0.02251785470211568,1,0.0026335716247558594,0.045935772359371185,0.07116104662418365,0.1189265102148056,0.005689478922705997,0.01836219023062953,0.062615230756837,0.059962541995915365,-0.07828959419387956,-0.07556305297245976,1,0.0005586470069829375,1.0,0.005689478922705997,0.01836219023062953,0.062615230756837,0.059962541995915365,-0.07828959419387956,-0.07556305297245976,0.059962541995915365,-0.07828959419387956,-0.07556305297245976
3.426079626005958,1788408583.4785755,control,takeoff,1,1,0.0009118460002355278,3.869208335876465,3869.0,0,30.0,3.4197915099939564,3.869208335876465,1,1,0,1.0854933711003192,0.04678703472018242,0.07184828817844391,0.12059015035629272,0.019878612831234932,0.009506047703325748,0.06821107864379883,0.011600302532315254,0.021596059203147888,0.17990219593048096,0.0599079467356205,-0.19069989025592804,-0.021069668233394623,-0.003113447949703561,-0.01773532654036579,0.026194193076490176,0.034725699573755264,0.04896179586648941,0.10302276568135954,0.048616798040566116,0.0,0.0,0.006002290545357532,0.012061335146427155,0.0228864923119545,0.017567384674933184,0.005689478922705997,0.01836219023062953,-0.048402769227779044,-0.011624887798974411,-0.027341366648291864,0.43927852449100513,0.060833076348167966,-0.0293398644711662,0.04683001715032417,-0.064378631869505,0.010997255232001367,-0.020943649289948296,-0.06159402864100168,-0.06382273279577917,0.0018110291535697958,analytic,0.171716243918424,-0.09812088599893695,0.039292580448360495,0.43934195143578064,0.02329265275691534,0.008852656317269655,0.07675555411779572,-0.05622612500395435,0.026673744527125058,-0.08401755728777273,1,0.0017876625061035156,0.045935772359371185,0.07116104662418365,0.1189265102148056,0.005689478922705997,0.01836219023062953,0.062615230756837,0.059962541995915365,-0.07828959419387956,-0.07556305297245976,1,0.01165035400481429,1.0,0.005689478922705997,0.01836219023062953,0.062615230756837,0.059962541995915365,-0.07828959419387956,-0.07556305297245976,0.059962541995915365,-0.07828959419387956,-0.07556305297245976
3.4371984860044904,1788408583.4901395,control,takeoff,1,1,0.0056847259984351695,3.869208335876465,3869.0,0,30.0,3.430910369992489,3.869208335876465,1,1,0,1.0854933711003192,0.046919647604227066,0.0718533918261528,0.12111032754182816,0.020048869773745537,0.007764397654682398,0.07083156704902649,0.014603117480874062,-0.03717371076345444,0.22584813833236694,-0.015627115964889526,-0.2023758590221405,-0.008833277970552444,-0.005151140833891931,-0.019327659917111974,0.026457424811480793,0.034725699573755264,0.04896179586648941,0.10426443141330449,0.048616798040566116,0.0,0.0,0.005009939091604564,0.012193948030471802,0.02289159595966339,0.016845896128523663,0.005689478922705997,0.01836219023062953,-0.04971095432429587,-0.011729883187005359,-0.027359856963081398,0.4400734593630396,0.06075406666028546,-0.029526431569007246,0.04682099980683139,-0.0663452164456548,0.009622442330484926,-0.020620062545775128,-0.061549088872765015,-0.06363441720507299,0.0018212133328120242,analytic,0.17800407867216134,-0.09383980046310039,0.03871754573729857,0.440086744616743,0.022638922677807875,0.00908058174857666,0.0756330404403601,-0.10217023831727683,0.03562203481136839,-0.17543554075801915,1,0.006953239440917969,0.045935772359371185,0.07116104662418365,0.1189265102148056,0.005689478922705997,0.01836219023062953,0.062615230756837,0.059962541995915365,-0.07828959419387956,-0.07556305297245976,1,0.02276921400334686,1.0,0.005689478922705997,0.01836219023062953,0.062615230756837,0.059962541995915365,-0.07828959419387956,-0.07556305297245976,0.059962541995915365,-0.07828959419387956,-0.07556305297245976
3.448230988011346,1788408583.5012853,control,takeoff,1,1,0.006212527005118318,3.869208335876465,3869.0,0,30.0,3.441942871999345,3.869208335876465,1,1,0,1.0854933711003192,0.04712525010108948,0.07189257442951202,0.12158988416194916,0.01995016634464264,0.006956868804991245,0.06578761339187622,0.00980491004884243,-0.04510017856955528,0.08472996205091476,0.005007336847484112,-0.22250914573669434,0.0003622272051870823,-0.004239185413862198,-0.022511937573205493,0.02686299726978835,0.034725699573755264,0.04896179586648941,0.10551083337875866,0.048616798040566116,0.0,0.0,0.004030529674952832,0.012399550527334213,0.022930778563022614,0.016079050783190496,0.006246708860494773,0.01651613726308671,-0.05258956560185973,-0.012140678339215444,-0.026572058013640588,0.44143857998825387,0.05874593771567496,-0.030281346334930435,0.04683611678753206,-0.06346233282225784,0.0072179924662862,-0.02015879444145495,-0.07883119968745647,-0.016635385870402163,0.0023919710180219074,analytic,0.1514327531097653,-0.040136637843549726,0.0416298709233413,0.4415007927348887,0.021874415157807126,0.009026315548710834,0.07397624129874919,-0.07271479316906025,-0.00516143451317596,-0.15758354725509505,1,0.007585287094116211,0.046048395335674286,0.0712912380695343,0.11985224485397339,0.006246708860494773,0.01651613726308671,0.061035256703722944,0.014049586413669077,-0.09462113590360614,-0.07604300047805286,1,0.007945883000502363,1.0,0.006246708860494773,0.01651613726308671,0.061035256703722944,0.014049586413669077,-0.09462113590360614,-0.07604300047805286,0.014049586413669077,-0.09462113590360614,-0.07604300047805286
3.4594244900072226,1788408583.5124166,control,takeoff,1,1,0.0032242230081465095,3.869208335876465,3869.0,0,30.0,3.453136373995221,3.869208335876465,1,1,0,1.0854933711003192,0.04732086509466171,0.07190725207328796,0.12211456894874573,0.0187325868755579,0.005773521494120359,0.06006645783782005,-0.009412841871380806,-0.05285174399614334,-0.013302035629749298,0.014721648767590523,-0.16884596645832062,-0.005285379011183977,-0.0034743306541758215,-0.021867066286844067,0.026467044558884496,0.034725699573755264,0.04896179586648941,0.10679006965887732,0.048616798040566116,0.0,0.0,0.0030421564238855892,0.012595165520906448,0.022945456206798553,0.015324499289868412,0.006246708860494773,0.01651613726308671,-0.053907654990758815,-0.012293352931981442,-0.026596804617415794,0.44225204474258334,0.058677645727089674,-0.030571942632598374,0.04682112843465489,-0.06263689691129654,0.008135054431479638,-0.020567845260286544,-0.07875032734397756,-0.016511467632181566,0.00241245276335182,analytic,0.14939139037249813,-0.04283834202018097,0.04251033976145215,0.4423364939696323,0.020973007625106434,0.008431971987292834,0.07107628241422803,-0.06388498369471021,-0.0421225997706994,-0.20552726633856533,1,0.004606723785400391,0.046048395335674286,0.0712912380695343,0.11985224485397339,0.006246708860494773,0.01651613726308671,0.061035256703722944,0.014049586413669077,-0.09462113590360614,-0.07604300047805286,1,0.019139384996378794,1.0,0.006246708860494773,0.01651613726308671,0.061035256703722944,0.014049586413669077,-0.09462113590360614,-0.07604300047805286,0.014049586413669077,-0.09462113590360614,-0.07604300047805286
3.4704669600032503,1788408583.5230536,control,takeoff,1,1,0.00698604500212241,3.869208335876465,3869.0,0,30.0,3.464178843991249,3.869208335876465,1,1,0,1.0854933711003192,0.047575920820236206,0.07194605469703674,0.12267295271158218,0.021880490705370903,0.005667692981660366,0.06314685940742493,0.07756083458662033,-0.045142050832509995,0.0726248249411583,-0.05642552673816681,-0.1083962619304657,-0.006238647736608982,-0.005995771894304882,-0.020880398885085274,0.026387983676138947,0.034725699573755264,0.04896179586648941,0.10806650437850253,0.048616798040566116,0.0,0.0,0.00207237850450056,0.012850221246480942,0.022984258830547333,0.014606448333079655,0.005514075840961909,0.014710570366665513,-0.05617031964467716,-0.012160487536418747,-0.02582596508573181,0.4433796017889447,0.05681095423990539,-0.030118604475463176,0.046904148821465645,-0.06327951609323347,0.00870875456720786,-0.020725492139980813,-0.06940849963414657,0.05271484458570968,0.0020944985638096814,analytic,0.15955903627255752,0.02466470984459302,0.047005008743658386,0.44339014607042804,0.020305636149101358,0.007852269278390323,0.06849153736074493,-0.09019942806992533,-0.07835044600137393,-0.34934445644328316,1,0.007844924926757812,0.046071674674749374,0.07132953405380249,0.12166967988014221,0.005514075840961909,0.014710570366665513,0.06007327076905133,-0.05414490222534983,-0.08763159159034685,-0.038772341261948166,1,0.004453154993825592,1.0,0.005514075840961909,0.014710570366665513,0.06007327076905133,-0.05414490222534983,-0.08763159159034685,-0.038772341261948166,-0.05414490222534983,-0.08763159159034685,-0.038772341261948166
3.4815263640048215,1788408583.5339644,control,takeoff,1,1,0.001994677004404366,3.869208335876465,3869.0,0,30.0,3.47523824799282,3.869208335876465,1,1,0,1.0854933711003192,0.04780887812376022,0.07216618955135345,0.1236974224448204,0.019471755251288414,0.008482005447149277,0.06330792605876923,0.0046265609562397,0.0319695770740509,0.05339391529560089,-0.12301646173000336,-0.15264149010181427,0.03489231318235397,-0.009570840756558759,-0.02388959977006984,0.028078333822537514,0.034725699573755264,0.04896179586648941,0.1093592938243571,0.048616798040566116,0.0,0.0,0.0011063490778285773,0.013083178550004959,0.023204393684864044,0.014338128620463297,0.003940026479957951,0.01303271898573397,-0.05835911556878183,-0.011631594131592076,-0.025247730778651774,0.4442789852259724,0.05545527525244181,-0.028814871855736703,0.047017444043131684,-0.0654720189939065,0.004486816587178098,-0.019029122743556774,-0.06814149953151458,0.08140691353054608,0.0019670560401449984,analytic,0.16731634120195404,0.06606192244169243,0.04586622489993031,0.44418810991427043,0.019707769093176095,0.006983916974187528,0.06461830182071351,-0.02877454805051215,-0.04366359234486624,-0.21607391598615638,1,0.002559661865234375,0.04680625721812248,0.07115263491868973,0.12232966721057892,0.003940026479957951,0.01303271898573397,0.05918740147179179,-0.07975642457161124,-0.08445823294730545,-0.05202822961957959,1,0.002910423994762823,1.0,0.003940026479957951,0.01303271898573397,0.05918740147179179,-0.07975642457161124,-0.08445823294730545,-0.05202822961957959,-0.07975642457161124,-0.08445823294730545,-0.05202822961957959
3.49269446200924,1788408583.5456297,control,takeoff,1,1,0.013162775008822791,3.869208335876465,3869.0,0,30.0,3.4864063459972385,3.869208335876465,1,1,0,1.0854933711003192,0.04780887812376022,0.07216618955135345,0.1236974224448204,0.019471755251288414,0.008482005447149277,0.06330792605876923,0.0046265609562397,0.0319695770740509,0.05339391529560089,-0.12301646173000336,-0.15264149010181427,0.03489231318235397,-0.009570840756558759,-0.02388959977006984,0.028078333822537514,0.034725699573755264,0.04896179586648941,0.1106794126518309,0.048616798040566116,0.0,0.0,0.00013614251345204627,0.013083178550004959,0.023204393684864044,0.013018009792989504,0.003940026479957951,0.01303271898573397,-0.059674984597821765,-0.01163635126053996,-0.02525954341929571,0.44534620517435747,0.055348469177671555,-0.028758110390137016,0.04702367423844337,-0.06536508463138134,0.004430987110302005,-0.019033855629221864,-0.06803120508908791,0.08123977845910135,0.0019599898330800117,analytic,0.1674739259215855,0.06604077771691884,0.045938522946853015,0.445254986248347,0.019707769093176095,0.006983916974187528,0.06461830182071351,-0.02877454805051215,-0.04366359234486624,-0.21607391598615638,1,0.014225006103515625,0.04680625721812248,0.07115263491868973,0.12232966721057892,0.003940026479957951,0.01303271898573397,0.05918740147179179,-0.07975642457161124,-0.08445823294730545,-0.05202822961957959,1,0.014078521999181248,1.0,0.003940026479957951,0.01303271898573397,0.05918740147179179,-0.07975642457161124,-0.08445823294730545,-0.05202822961957959,-0.07975642457161124,-0.08445823294730545,-0.05202822961957959
3.5037842320016352,1788408583.5568433,control,takeoff,1,1,0.004572546997223981,3.869208335876465,3869.0,0,30.0,3.497496115989634,3.869208335876465,1,1,0,1.0854933711003192,0.048191484063863754,0.07229018211364746,0.12497346103191376,0.024905819445848465,0.011341698467731476,0.08196508884429932,0.3620659112930298,0.23873579502105713,1.245612382888794,-0.13446131348609924,-0.06331884860992432,0.09572973847389221,-0.010867232305775581,-0.024665138502717066,0.029412489389546204,0.034725699573755264,0.04896179586648941,0.11200481447731622,0.048616798040566116,-0.0,-0.0,-0.0008219723481469414,0.01346578449010849,0.02332838624715805,0.012968646554597535,0.0023938002041917444,0.011664405610816372,-0.06208754158709865,-0.011231444544129771,-0.02474779196373045,0.4462254123189475,0.054139528181942044,-0.027746790243876922,0.047113324560582905,-0.06541854906153008,0.002696442872125054,-0.017746823216086477,-0.04255061645825462,0.08203258041084999,0.0011826789541798633,analytic,0.1935714888238875,0.0726065325462153,0.042929567502080476,0.4460929237115747,0.019209925744804384,0.007275088329921531,0.06204081952077617,-0.056932292395838247,0.03942062177994196,-0.297943711326885,1,0.005947113037109375,0.046953387558460236,0.07193838804960251,0.12355691939592361,0.0023938002041917444,0.011664405610816372,0.05808150173460944,-0.079338805921719,-0.0571464470842698,-0.048294294963653006,1,0.0007318179996218532,1.0,0.0023938002041917444,0.011664405610816372,0.05808150173460944,-0.079338805921719,-0.0571464470842698,-0.048294294963653006,-0.079338805921719,-0.0571464470842698,-0.048294294963653006
3.5148913340090076,1788408583.5680554,control,takeoff,1,1,0.005529554997337982,3.869208335876465,3869.0,0,30.0,3.508603217997006,3.869208335876465,1,1,0,1.0854933711003192,0.04834757372736931,0.07231107354164124,0.12552714347839355,0.02300627902150154,0.009485810995101929,0.07650323212146759,0.2521507740020752,0.15434850752353668,0.8886584043502808,-0.16477635502815247,0.01765994355082512,0.07192476838827133,-0.0137584950525774,-0.021208033352880386,0.02913384121714079,0.034725699573755264,0.04896179586648941,0.1133468118141606,0.048616798040566116,-0.0,-0.0,-0.0017763037691011058,0.013621874153614044,0.023349277675151825,0.012180331664232949,0.0014730695207384745,0.011384304088386652,-0.06370383601419281,-0.010937648802927231,-0.02464827568012843,0.4471584348923886,0.053835837114612387,-0.02702519198336935,0.04716064527216681,-0.06797049452300216,0.005451247643195165,-0.01812295336256909,-0.012361356384973099,0.09445341930902196,0.0003346342009305569,analytic,0.23152406579414486,0.07727164723142603,0.044031402168411164,0.4469280324199236,0.0196180393164267,0.00773019162961189,0.06335222094109039,0.040280317816024355,0.044918147362209934,0.12943374018330206,1,0.007027387619018555,0.04696839302778244,0.07202830165624619,0.12406215071678162,0.0014730695207384745,0.011384304088386652,0.05777380537936283,-0.0920730683453126,-0.028010152242967684,-0.030769635524656495,1,0.000491434009745717,1.0,0.0014730695207384745,0.011384304088386652,0.05777380537936283,-0.0920730683453126,-0.028010152242967684,-0.030769635524656495,-0.0920730683453126,-0.028010152242967684,-0.030769635524656495
3.526039172007586,1788408583.5793352,control,takeoff,1,1,0.016677392995916307,3.869208335876465,3869.0,0,30.0,3.5197510559955845,3.869208335876465,1,1,0,1.0854933711003192,0.04834757372736931,0.07231107354164124,0.12552714347839355,0.02300627902150154,0.009485810995101929,0.07650323212146759,0.2521507740020752,0.15434850752353668,0.8886584043502808,-0.16477635502815247,0.01765994355082512,0.07192476838827133,-0.0137584950525774,-0.021208033352880386,0.02913384121714079,0.034725699573755264,0.04896179586648941,0.11470834468322438,0.048616798040566116,-0.0,-0.0,-0.0027288211644456873,0.013621874153614044,0.023349277675151825,0.010818798795169171,0.00041967677768820497,0.011342437828524735,-0.06531372625660345,-0.010466513445801358,-0.024640313190547495,0.4483472141207953,0.05372502091007998,-0.0259072004769813,0.047223749201163054,-0.06785153693889745,0.004333977433267902,-0.018163656835982547,0.0121191160658519,0.10804761712247621,-0.00031449640126042207,analytic,0.2557751684325341,0.09464480522042203,0.044592753192920796,0.4481063616719385,0.0196180393164267,0.00773019162961189,0.06335222094109039,0.040280317816024355,0.044918147362209934,0.12943374018330206,1,0.018307209014892578,0.047459736466407776,0.07213720679283142,0.12459419667720795,0.00041967677768820497,0.011342437828524735,0.05747709213900491,-0.10533927430504791,-0.004186625986192481,-0.029671324035797714,1,0.010723629995482042,1.0,0.00041967677768820497,0.011342437828524735,0.05747709213900491,-0.10533927430504791,-0.004186625986192481,-0.029671324035797714,-0.10533927430504791,-0.004186625986192481,-0.029671324035797714
3.5371576610050397,1788408583.5901775,control,takeoff,1,1,0.008028426003875211,3.869208335876465,3869.0,0,30.0,3.5308695449930383,3.869208335876465,1,1,0,1.0854933711003192,0.0486430749297142,0.07236095517873764,0.1267322152853012,0.03289778530597687,0.014123035594820976,0.11565510183572769,1.4168875217437744,0.7564761638641357,5.181763648986816,-0.22990372776985168,0.11775580048561096,0.13632164895534515,-0.015576398032994177,-0.02073019145529822,0.030854212706838125,0.034725699573755264,0.04896179586648941,0.11608087258886002,0.048616798040566116,-0.0,-0.0,-0.0036735280425497503,0.013917375355958939,0.02339915931224823,0.01065134269644119,0.00041967677768820497,0.011342437828524735,-0.06662310842086981,-0.010691080609375242,-0.024688582814548686,0.44889329418531604,0.05374333293531283,-0.026378751423244983,0.04719791504085962,-0.06964303640736125,0.0053321103937347385,-0.016433195642516808,0.012035109596978604,0.10802155744350136,-0.0003180039633160481,analytic,0.2616367089473757,0.09156267568370037,0.04140379581683607,0.4486004423658398,0.022125998653276188,0.009225212890369063,0.07326849490301177,0.58046331666944,0.34451018959382246,2.2986056939815156,1,0.009310245513916016,0.047459736466407776,0.07213720679283142,0.12459419667720795,0.00041967677768820497,0.011342437828524735,0.05747709213900491,-0.10533927430504791,-0.004186625986192481,-0.029671324035797714,1,0.021842118992935866,1.0,0.00041967677768820497,0.011342437828524735,0.05747709213900491,-0.10533927430504791,-0.004186625986192481,-0.029671324035797714,-0.10533927430504791,-0.004186625986192481,-0.029671324035797714
3.548208323001745,1788408583.6016688,control,takeoff,1,1,0.01907908800058067,3.869208335876465,3869.0,0,30.0,3.5419202069897437,3.869208335876465,1,1,0,1.0854933711003192,0.0486430749297142,0.07236095517873764,0.1267322152853012,0.03289778530597687,0.014123035594820976,0.11565510183572769,1.4168875217437744,0.7564761638641357,5.181763648986816,-0.22990372776985168,0.11775580048561096,0.13632164895534515,-0.015576398032994177,-0.02073019145529822,0.030854212706838125,0.034725699573755264,0.04896179586648941,0.11745945057497999,0.048616798040566116,-0.0,-0.0,-0.00460722438402463,0.013917375355958939,0.02339915931224823,0.009272764710321221,-0.0018566401676771843,0.011755657152102948,-0.06863127391332638,-0.00966840356250514,-0.024885551983355653,0.45022897740206025,0.0541269926881351,-0.024059919801974188,0.04731336015986883,-0.07000970978686352,0.0030098889425343115,-0.016505235746670257,0.04361431764147303,0.11887485459667121,-0.0010510988581562812,analytic,0.2945200816393717,0.10990617186487843,0.041776210360939446,0.44991105854087404,0.022125998653276188,0.009225212890369063,0.07326849490301177,0.58046331666944,0.34451018959382246,2.2986056939815156,1,0.020801544189453125,0.04771162196993828,0.07218047231435776,0.12587229907512665,-0.0018566401676771843,0.011755657152102948,0.05676987139385197,-0.1142704911544973,0.026625395621946667,-0.03508444528085995,1,0.009164590999716893,1.0,-0.0018566401676771843,0.011755657152102948,0.05676987139385197,-0.1142704911544973,0.026625395621946667,-0.03508444528085995,-0.1142704911544973,0.026625395621946667,-0.03508444528085995
3.5593801150098443,1788408583.6128118,control,takeoff,1,1,0.010198959003901109,3.869208335876465,3869.0,0,30.0,3.553091998997843,3.869208335876465,1,1,0,1.0854933711003192,0.048885125666856766,0.07248939573764801,0.12796787917613983,0.03764374554157257,0.015592269599437714,0.20623569190502167,2.868194103240967,1.1477434635162354,25.615951538085938,-0.029466435313224792,0.6569737195968628,0.49197956919670105,-0.014844148557269022,-0.0160510188729424,0.0327441800382023,0.034725699573755264,0.04896179586648941,0.1188677500786551,0.048616798040566116,-0.0,-0.0,-0.005545837543444832,0.014159426093101501,0.0235275998711586,0.009100129097484727,-0.002928292830405673,0.012062102878874485,-0.07018329596400048,-0.009368830461069396,-0.025131120540226457,0.450862379354647,0.05462500888916816,-0.023389894769279045,0.047337969809199514,-0.0696957344488758,0.00704249302822924,-0.014724443992622748,0.04814392652295614,0.11301088071446708,-0.0011279692255240458,analytic,0.2987844172072749,0.09191272747305053,0.037962097483192035,0.4505498314470542,0.028208526562409537,0.011973261400150884,0.09854743592441964,3.0955996202869946,1.3986323123234559,12.881048553154473,1,0.011796951293945312,0.04765896126627922,0.0723099410533905,0.1264394074678421,-0.002928292830405673,0.012062102878874485,0.056532481909042906,-0.10716526627283211,0.03064457267714898,-0.023738948480902834,1,0.008017218002351001,1.0,-0.002928292830405673,0.012062102878874485,0.056532481909042906,-0.10716526627283211,0.03064457267714898,-0.023738948480902834,-0.10716526627283211,0.03064457267714898,-0.023738948480902834
3.5705346559989266,1788408583.6234725,control,takeoff,1,1,0.010177948992350139,3.869208335876465,3869.0,0,30.0,3.564246539986925,3.869208335876465,1,1,0,1.0854933711003192,0.04911888763308525,0.07251288741827011,0.12856340408325195,0.034409280866384506,0.012905365787446499,0.17592854797840118,2.2351372241973877,0.86883544921875,19.93600845336914,-0.01399347186088562,0.5702698826789856,0.39903587102890015,-0.014326548527901961,-0.01361417024022883,0.03300548741486058,0.034725699573755264,0.04896179586648941,0.12028852400098505,0.048616798040566116,-0.0,-0.0,-0.006477666986547385,0.014393188059329987,0.0235510915517807,0.0082748800822669,-0.004875922586435207,0.012765821856525871,-0.07140542057726613,-0.008667808726217969,-0.025477129963074965,0.45167385825566647,0.05536339639585523,-0.02183839968239775,0.04740661004844061,-0.06988339385079897,0.007921723931607047,-0.014555030236202996,0.05503729723371106,0.10181295498119941,-0.0012039622679594257,analytic,0.3068126234847606,0.07815457699870601,0.0369513063482088,0.45135433208898895,0.030770254184962355,0.013015210384489403,0.11724437534921292,0.23529320955181812,0.09570241525910413,1.7173031384466912,1,0.011570215225219727,0.04779138043522835,0.07225514948368073,0.1272498071193695,-0.004875922586435207,0.012765821856525871,0.056622269408124745,-0.09381512323259067,0.03553246582176633,0.012895390464317463,1,0.006810080987634137,1.0,-0.004875922586435207,0.012765821856525871,0.056622269408124745,-0.09381512323259067,0.03553246582176633,0.012895390464317463,-0.09381512323259067,0.03553246582176633,0.012895390464317463
3.5815866220073076,1788408583.6344976,control,takeoff,1,1,0.0021092740062158555,3.869208335876465,3869.0,0,30.0,3.575298505995306,3.869208335876465,1,1,0,1.0854933711003192,0.04950166866183281,0.07265572249889374,0.1297954022884369,0.032886285334825516,0.013296902179718018,0.14978115260601044,1.5169596672058105,0.6488941311836243,12.526267051696777,0.15099887549877167,0.5345977544784546,0.3169880211353302,-0.010375124011178469,-0.007959005355842281,0.03483678154329637,0.034725699573755264,0.04896179586648941,0.12171066100700204,0.048616798040566116,-0.0,-0.0,-0.007395670579290161,0.014775969088077545,0.023693926632404327,0.008084741281434854,-0.005579502360765774,0.013017141810748537,-0.07251484073914023,-0.008638058187199931,-0.02570912613163938,0.45215979351852165,0.05581814847522956,-0.021773196029787924,0.047400291503678874,-0.06632552394603056,0.013516800936363073,-0.012864990032445778,0.04418361304233234,0.08003421927805938,-0.0009636713681096998,analytic,0.2860999486853776,0.039335339709718996,0.032211882613593174,0.4519335206662196,0.034333432777442524,0.013743039515691998,0.16223441520951803,0.3789959211570665,0.07260636109840793,4.880239870858881,1,0.003311634063720703,0.048348311334848404,0.07225536555051804,0.12820690870285034,-0.005579502360765774,0.013017141810748537,0.0568119027819884,-0.07035797743304568,0.025131995422262673,0.018963337386362723,1,0.006038249004632235,1.0,-0.005579502360765774,0.013017141810748537,0.0568119027819884,-0.07035797743304568,0.025131995422262673,0.018963337386362723,-0.07035797743304568,0.025131995422262673,0.018963337386362723
3.592695570012438,1788408583.6462913,control,takeoff,1,1,0.0014928420132491738,3.869208335876465,3869.0,0,30.0,3.5864074540004367,3.869208335876465,1,1,0,1.0854933711003192,0.0496019683778286,0.07268653810024261,0.13043011724948883,0.0280385073274374,0.01116887852549553,0.13076938688755035,1.1299769878387451,0.4824215769767761,9.693192481994629,0.14166897535324097,0.41819050908088684,0.28464823961257935,-0.009179651369655685,-0.008491598906554387,0.03664330979773517,0.034725699573755264,0.04896179586648941,0.12315459367779806,0.048616798040566116,-0.0,-0.0,-0.008313134053686931,0.014876268804073334,0.023724742233753204,0.00727552357169077,-0.005579502360765774,0.013017141810748537,-0.07381968147767055,-0.008713075898807219,-0.02574408041646701,0.4529926841201817,0.05578471415409326,-0.021901809853130103,0.04739384127448256,-0.06507689985645956,0.013148354137417705,-0.011052505797158576,0.04404108447400211,0.07992898988518186,-0.0009662367631184605,analytic,0.2827218633240509,0.04018922625581304,0.028506585450256566,0.45280598007402395,0.03445557064020565,0.013592986620926426,0.16859835838216697,0.010529975875412767,-0.012936638370540949,0.5486600679304031,1,0.003506183624267578,0.048348311334848404,0.07225536555051804,0.12820690870285034,-0.005579502360765774,0.013017141810748537,0.0568119027819884,-0.07035797743304568,0.025131995422262673,0.018963337386362723,1,0.01714719700976275,1.0,-0.005579502360765774,0.013017141810748537,0.0568119027819884,-0.07035797743304568,0.025131995422262673,0.018963337386362723,-0.07035797743304568,0.025131995422262673,0.018963337386362723
3.6037987200106727,1788408583.6568465,control,takeoff,1,1,0.012595992011483759,3.869208335876465,3869.0,0,30.0,3.5975106039986713,3.869208335876465,1,1,0,1.0854933711003192,0.0496019683778286,0.07268653810024261,0.13043011724948883,0.0280385073274374,0.01116887852549553,0.13076938688755035,1.1299769878387451,0.4824215769767761,9.693192481994629,0.14166897535324097,0.41819050908088684,0.28464823961257935,-0.009179651369655685,-0.008491598906554387,0.03664330979773517,0.034725699573755264,0.04896179586648941,0.12461225120253834,0.048616798040566116,-0.0,-0.0,-0.009224836079104267,0.014876268804073334,0.023724742233753204,0.00581786604695049,-0.005781411139820655,0.013181226970287823,-0.07416169990350369,-0.008621897889747225,-0.02582984623427487,0.4537801270666955,0.05588580703525986,-0.021672748956739814,0.047404431957653245,-0.06517679696995352,0.012918675701621824,-0.011058413948728318,0.02150229926480112,0.0008955086977591261,-0.00046681570633141435,analytic,0.26174887058579643,-0.03832624172735474,0.02361903624614285,0.4535917970254322,0.03445557064020565,0.013592986620926426,0.16859835838216697,0.010529975875412767,-0.012936638370540949,0.5486600679304031,1,0.014061450958251953,0.048798177391290665,0.07222098857164383,0.1295684427022934,-0.005781411139820655,0.013181226970287823,0.057773019032973764,0.010003426073562636,0.004038120606942856,0.06416059306344725,1,0.0038945100095588714,1.0,-0.005781411139820655,0.013181226970287823,0.057773019032973764,0.010003426073562636,0.004038120606942856,0.06416059306344725,0.010003426073562636,0.004038120606942856,0.06416059306344725
3.6148814230109565,1788408583.6678185,control,takeoff,1,1,0.0023362470092251897,3.869208335876465,3869.0,0,30.0,3.608593306998955,3.869208335876465,1,1,0,1.0854933711003192,0.04999080300331116,0.07269065827131271,0.1317053884267807,0.0251957755535841,0.008482326753437519,0.11416149884462357,0.6808322668075562,0.284458726644516,6.088359832763672,0.14030064642429352,0.35487261414527893,0.2317291796207428,-0.007119192732982107,-0.004228994667389255,0.0388117922247525,0.034725699573755264,0.04896179586648941,0.12608164715123354,0.048616798040566116,-0.0,-0.0,-0.010129592514323745,0.015265103429555893,0.023728862404823303,0.005623741275547156,-0.005781411139820655,0.013181226970287823,-0.07546130081845084,-0.008913280801362508,-0.025844842692616922,0.4543339787064433,0.05582037085605931,-0.02228637625343582,0.04737157426970597,-0.06300498665194601,0.017833464652200835,-0.008991201512330372,0.02141750149313146,0.000978087539205765,-0.00047814226928790846,analytic,0.2555000762818981,-0.0531353654333852,0.019618863958946468,0.454178916131908,0.030965386231177974,0.011868900210392249,0.14943593558066354,-0.3026766609775324,-0.15160160815385104,-1.6923031922047231,1,0.0035588741302490234,0.048798177391290665,0.07222098857164383,0.1295684427022934,-0.005781411139820655,0.013181226970287823,0.057773019032973764,0.010003426073562636,0.004038120606942856,0.06416059306344725,1,0.014977213009842671,1.0,-0.005781411139820655,0.013181226970287823,0.057773019032973764,0.010003426073562636,0.004038120606942856,0.06416059306344725,0.010003426073562636,0.004038120606942856,0.06416059306344725
3.6259909229993355,1788408583.6789055,control,takeoff,1,1,0.0002258809981867671,3.869208335876465,3869.0,0,30.0,3.619702806987334,3.869208335876465,1,1,0,1.0854933711003192,0.05012397840619087,0.0727328434586525,0.1323252022266388,0.022171305492520332,0.007424042094498873,0.10070578753948212,0.49891144037246704,0.21155719459056854,4.667129039764404,0.1128237247467041,0.26972389221191406,0.18848098814487457,-0.007081633724890516,-0.005164463637198857,0.03902319924742956,0.034725699573755264,0.04896179586648941,0.127569044511655,0.048616798040566116,-0.0,-0.0,-0.011031255678647918,0.015398278832435608,0.023771047592163086,0.004756157714983805,-0.004970526340090247,0.013152350302743848,-0.07432329587718588,-0.00937829318590903,-0.02587541436243035,0.45433713201436243,0.05583870577459006,-0.023308009878006283,0.04731407327978067,-0.06299036293450716,0.01792587201957587,-0.008725036270401814,0.01581335379591568,-0.03662659077393664,-0.0003692200232051655,analytic,0.25055082269597867,-0.09109908486214088,0.016767990869887336,0.45419278152777387,0.028730751122394652,0.010638294533814097,0.13615094144284356,-0.16902741114335756,-0.09308279943904438,-1.0048746470259302,1,0.0014252662658691406,0.04891803488135338,0.0721760094165802,0.13103796541690826,-0.004970526340090247,0.013152350302743848,0.06021251847638316,0.045734969520214476,-0.003078598041576304,0.13811802357680875,1,0.002219051995780319,1.0,-0.004970526340090247,0.013152350302743848,0.06021251847638316,0.045734969520214476,-0.003078598041576304,0.13811802357680875,0.045734969520214476,-0.003078598041576304,0.13811802357680875
3.6371104060090147,1788408583.690071,control,takeoff,1,1,0.01134536400786601,3.869208335876465,3869.0,0,30.0,3.6308222899970133,3.869208335876465,1,1,0,1.0854933711003192,0.05012397840619087,0.0727328434586525,0.1323252022266388,0.022171305492520332,0.007424042094498873,0.10070578753948212,0.49891144037246704,0.21155719459056854,4.667129039764404,0.1128237247467041,0.26972389221191406,0.18848098814487457,-0.007081633724890516,-0.005164463637198857,0.03902319924742956,0.034725699573755264,0.04896179586648941,0.12907224942451542,0.048616798040566116,-0.0,-0.0,-0.011928434682656898,0.015398278832435608,0.023771047592163086,0.003252952802123371,-0.003983733372524003,0.01283820466984208,-0.07293550782847638,-0.00982313153428377,-0.02574581216835652,0.45453827509227185,0.055483887603548596,-0.024258762618271496,0.04726957766759825,-0.06263901808701333,0.01887842696811206,-0.008700349535418043,-0.002870786975219847,-0.042408970248388626,6.97627575222069e-05,analytic,0.23121066162678444,-0.10001330402148909,0.016503843177797687,0.45439722628947227,0.028730751122394652,0.010638294533814097,0.13615094144284356,-0.16902741114335756,-0.09308279943904438,-1.0048746470259302,1,0.012590885162353516,0.049469102174043655,0.0721307247877121,0.13199368119239807,-0.003983733372524003,0.01283820466984208,0.06290160725010047,0.050962070519433765,-0.020731057261995943,0.1262670220855713,1,0.0006521949981106445,1.0,-0.003983733372524003,0.01283820466984208,0.06290160725010047,0.050962070519433765,-0.020731057261995943,0.1262670220855713,0.050962070519433765,-0.020731057261995943,0.1262670220855713
3.6482222650083713,1788408583.7011442,control,takeoff,1,1,0.008924841007683426,3.869208335876465,3869.0,0,30.0,3.64193414899637,3.869208335876465,1,1,0,1.0854933711003192,0.05052655190229416,0.0727945864200592,0.13374581933021545,0.058590613305568695,0.012268179096281528,0.22520379722118378,9.068697929382324,1.4931204319000244,33.9807014465332,0.5563757419586182,0.08053606003522873,0.5549532771110535,-0.004475288688325785,-0.005749565866718969,0.04176324387686975,0.034725699573755264,0.04896179586648941,0.13058887050153456,0.048616798040566116,-0.0,-0.0,-0.012819707212749176,0.015800852328538895,0.023832790553569794,0.0031569488286808944,-0.003983733372524003,0.01283820466984208,-0.0742344430539914,-0.010125920916939935,-0.025803886671059727,0.4550463886393351,0.055517807177283024,-0.024899946266930578,0.04723312946568057,-0.06003483560420747,0.018994698293386344,-0.005953152794149115,-0.0029319278788178804,-0.04230418814702419,7.313261494168468e-05,analytic,0.22355231811090823,-0.10036322515237327,0.011153686534621015,0.45498518587874626,0.024139112631240838,0.008158169589723789,0.10959739081977551,-2.61923032027836,-1.417742792831285,-15.16389764937269,1,0.010026216506958008,0.049469102174043655,0.0721307247877121,0.13199368119239807,-0.003983733372524003,0.01283820466984208,0.06290160725010047,0.050962070519433765,-0.020731057261995943,0.1262670220855713,1,0.011764053997467272,1.0,-0.003983733372524003,0.01283820466984208,0.06290160725010047,0.050962070519433765,-0.020731057261995943,0.1262670220855713,0.050962070519433765,-0.020731057261995943,0.1262670220855713
3.6595223050098866,1788408583.712437,control,takeoff,1,1,0.00010514000314287841,3.869208335876465,3869.0,0,30.0,3.653234188997885,3.869208335876465,1,1,0,1.0854933711003192,0.050999097526073456,0.07280474901199341,0.13513816893100739,0.04846389591693878,0.008398045785725117,0.17224636673927307,5.666219711303711,0.8889926075935364,20.788774490356445,0.30499500036239624,0.06422647833824158,0.3923891484737396,-0.006202834910501797,-0.005801218127487926,0.04393825406531098,0.034725699573755264,0.04896179586648941,0.13214596907345583,0.048616798040566116,-0.0,-0.0,-0.013720648936885975,0.01627339795231819,0.023842953145503998,0.0029921998575515585,-0.0033833074694400492,0.012550435782093186,-0.07447619165251923,-0.010751828291511964,-0.025693818597517307,0.45521522447355045,0.05519168271033818,-0.026248181977309805,0.04716681148988584,-0.06140101756957619,0.020350685049793996,-0.0037259914170074196,-0.012601838589092616,-0.051438948170723336,0.000331355885019874,analytic,0.2182725039332135,-0.11369982137924634,0.006153075459120818,0.45511137609840197,0.0328481243724778,0.00815567843591165,0.13364845869348643,0.6408370973896665,0.012580947362014415,1.8415351431715843,1,0.0013425350189208984,0.0494566336274147,0.0722455307841301,0.13265375792980194,-0.0033833074694400492,0.012550435782093186,0.06397916763216649,0.06004259030840729,-0.02877688877489515,0.10775603820662373,1,0.00998651800910011,1.0,-0.0033833074694400492,0.012550435782093186,0.06397916763216649,0.06004259030840729,-0.02877688877489515,0.10775603820662373,0.06004259030840729,-0.02877688877489515,0.10775603820662373
3.6704599630029406,1788408583.7237284,control,takeoff,1,1,0.011042797996196896,3.869208335876465,3869.0,0,30.0,3.6641718469909392,3.869208335876465,1,1,0,1.0854933711003192,0.050999097526073456,0.07280474901199341,0.13513816893100739,0.04846389591693878,0.008398045785725117,0.17224636673927307,5.666219711303711,0.8889926075935364,20.788774490356445,0.30499500036239624,0.06422647833824158,0.3923891484737396,-0.006202834910501797,-0.005801218127487926,0.04393825406531098,0.034725699573755264,0.04896179586648941,0.1336673225596137,0.048616798040566116,-0.0,-0.0,-0.01458748841411946,0.01627339795231819,0.023842953145503998,0.0014708463713936915,-0.0033833074694400492,0.012550435782093186,-0.07575152418976944,-0.010753092893583437,-0.025705245972403097,0.4563559391430778,0.0550787242350573,-0.02618689761633845,0.04717316284188121,-0.06128832431390617,0.020289551046476402,-0.0037296998663611794,-0.012623624308052691,-0.05128615443386317,0.00033115131628849096,analytic,0.21824719743698567,-0.1134753323574132,0.006192087275012748,0.45625198940098577,0.0328481243724778,0.00815567843591165,0.13364845869348643,0.6408370973896665,0.012580947362014415,1.8415351431715843,1,0.012634038925170898,0.0494566336274147,0.0722455307841301,0.13265375792980194,-0.0033833074694400492,0.012550435782093186,0.06397916763216649,0.06004259030840729,-0.02877688877489515,0.10775603820662373,1,0.020924176002154127,1.0,-0.0033833074694400492,0.012550435782093186,0.06397916763216649,0.06004259030840729,-0.02877688877489515,0.10775603820662373,0.06004259030840729,-0.02877688877489515,0.10775603820662373
3.6815878600027645,1788408583.7345195,control,takeoff,1,1,0.010284541000146419,3.869208335876465,3869.0,0,30.0,3.675299743990763,3.869208335876465,1,1,0,1.0854933711003192,0.05115991458296776,0.07279790192842484,0.135790154337883,0.04159954935312271,0.006598011124879122,0.1492641419172287,4.4122467041015625,0.6795353293418884,16.226810455322266,0.2866779565811157,0.015459742397069931,0.3249281048774719,-0.00378039301072855,-0.007840464733900985,0.04457484018774835,0.034725699573755264,0.04896179586648941,0.1352294423671293,0.048616798040566116,-0.0,-0.0,-0.015464145406784027,0.016434215009212494,0.023836106061935425,0.0005607119707536912,-0.0019418021184270991,0.01179599362368007,-0.07544297134959105,-0.011524503054919767,-0.025371816718873355,0.45666699594203997,0.05423444749419769,-0.027817175174266986,0.04710686389919857,-0.058021487214166126,0.01989675183124317,-0.0030332734928052883,-0.0252768433223967,-0.06155339870972458,0.0007043474155090251,analytic,0.19611052880426766,-0.12271109518865826,0.004509454661570667,0.45665494819295305,0.037653425407179614,0.008214836835997072,0.1469242666801013,0.4226230520246166,0.005202942212453005,1.1675985435414282,1,0.012054920196533203,0.04987243190407753,0.07215967029333115,0.13407686352729797,-0.0019418021184270991,0.01179599362368007,0.06558344341459432,0.06951135636904117,-0.03805878859563154,0.06520695760294794,1,0.007618964998982847,1.0,-0.0019418021184270991,0.01179599362368007,0.06558344341459432,0.06951135636904117,-0.03805878859563154,0.06520695760294794,0.06951135636904117,-0.03805878859563154,0.06520695760294794
3.692721512998105,1788408583.7464588,control,takeoff,1,1,0.0019268269970780239,3.869208335876465,3869.0,0,30.0,3.6864333969861036,3.869208335876465,1,1,0,1.0854933711003192,0.05159638449549675,0.07286893576383591,0.1371534764766693,0.035599615424871445,0.005849078297615051,0.12204970419406891,2.736570119857788,0.42878857254981995,9.9195556640625,0.1726894974708557,-0.03409783914685249,0.2472931146621704,-0.004376475887751983,-0.00967356018742973,0.04689723772221821,0.034725699573755264,0.04896179586648941,0.1368067894886901,0.048616798040566116,-0.0,-0.0,-0.016335946947202716,0.016870684921741486,0.023907139897346497,0.00034668698797921116,-0.0005190187533878443,0.010832855418793095,-0.07560288059954295,-0.012495106141004228,-0.02500236840738684,0.4568284000025578,0.05330976168502081,-0.029885325849985503,0.04702234620761903,-0.05765083111189713,0.0201928775965057,-0.0006192135591840349,-0.04052083700259164,-0.06375476160457566,0.0012130623792728087,analytic,0.179922480360521,-0.12587964567132476,-0.00022748990258695027,0.45682798738728747,0.0423713910474353,0.0075999430196157835,0.1561815136116113,0.1959637848616006,-0.04511529916041603,0.2761402507368259,1,0.004168272018432617,0.05050256475806236,0.0721878781914711,0.13584794104099274,-0.0005190187533878443,0.010832855418793095,0.06671801095372634,0.07046733645959503,-0.0513274854605427,0.052784969640851186,1,0.006247209996217862,1.0,-0.0005190187533878443,0.010832855418793095,0.06671801095372634,0.07046733645959503,-0.0513274854605427,0.052784969640851186,0.07046733645959503,-0.0513274854605427,0.052784969640851186
3.703779346004012,1788408583.756772,control,takeoff,1,1,0.0012511050008470193,3.869208335876465,3869.0,0,30.0,3.6974912299920106,3.869208335876465,1,1,0,1.0854933711003192,0.0517650842666626,0.07282493263483047,0.13772985339164734,0.03131594508886337,0.0039394632913172245,0.10733005404472351,2.1172373294830322,0.31092560291290283,7.68817138671875,0.14575600624084473,-0.05334188789129257,0.20698320865631104,-0.003929919441778185,-0.011221546381264713,0.047447867571960435,0.034725699573755264,0.04896179586648941,0.13838764926442887,0.048616798040566116,-0.0,-0.0,-0.017196555372170005,0.017039384692907333,0.023863136768341064,-0.0006577958727815303,-0.0005190187533878443,0.010832855418793095,-0.07688653798255021,-0.012624641334976526,-0.024979973261116846,0.45773870576019354,0.053141824392363014,-0.03010569787304744,0.047015661846490885,-0.057026763464852054,0.018880255899166906,-3.261135239126476e-05,-0.04048058135810997,-0.06357351580900646,0.0012207878547546222,analytic,0.1783659061241134,-0.12184521732047669,-0.001288385291202938,0.45776544568903904,0.041597921940811154,0.006969132006125047,0.15018536091424065,-0.0650276527448953,-0.0530339986195003,-0.5041128754473446,1,0.0025870800018310547,0.05050256475806236,0.0721878781914711,0.13584794104099274,-0.0005190187533878443,0.010832855418793095,0.06671801095372634,0.07046733645959503,-0.0513274854605427,0.052784969640851186,1,0.017305043002124876,1.0,-0.0005190187533878443,0.010832855418793095,0.06671801095372634,0.07046733645959503,-0.0513274854605427,0.052784969640851186,0.07046733645959503,-0.0513274854605427,0.052784969640851186
3.7148809089994757,1788408583.7678237,control,takeoff,1,1,0.002814403997035697,3.869208335876465,3869.0,0,30.0,3.7085927929874742,3.869208335876465,1,1,0,1.0854933711003192,0.05197417736053467,0.07283829897642136,0.13840310275554657,0.02941311150789261,0.003430307609960437,0.09990375488996506,1.6541087627410889,0.23812273144721985,5.99567174911499,0.0784628763794899,-0.06345505267381668,0.17794951796531677,-0.005765952121559812,-0.012215202669056468,0.048045571342822814,0.034725699573755264,0.04896179586648941,0.1399890279588697,0.048616798040566116,-0.0,-0.0,-0.018055297895132147,0.017248477786779404,0.023876503109931946,-0.0015859252033231241,0.0009729919922179676,0.009669991370406378,-0.0781557182975577,-0.013456757066095679,-0.024476715460263455,0.45860956080401477,0.051862312934868815,-0.03180516212314479,0.04696610812990326,-0.05756711376394278,0.019600235610847852,0.0006271589889209924,-0.054482329519252456,-0.06884343887955123,0.001735737631263454,analytic,0.16625638181967628,-0.12935900003509698,-0.002737499047805036,0.45860902143900306,0.03985489071999486,0.006257291102359298,0.1413034848775543,-0.18174773950515025,-0.07422441640841008,-0.9261227641560658,1,0.004048347473144531,0.050917260348796844,0.07214359939098358,0.1372632384300232,0.0009729919922179676,0.009669991370406378,0.0667354491571976,0.07592847176507223,-0.060392277865944324,-0.02117017992215394,1,0.004049026989378035,1.0,0.0009729919922179676,0.009669991370406378,0.0667354491571976,0.07592847176507223,-0.060392277865944324,-0.02117017992215394,0.07592847176507223,-0.060392277865944324,-0.02117017992215394
3.7260382890090114,1788408583.7790256,control,takeoff,1,1,0.006672732008155435,3.869208335876465,3869.0,0,30.0,3.71975017299701,3.869208335876465,1,1,0,1.0854933711003192,0.05220078304409981,0.07281403243541718,0.13888059556484222,0.02976147085428238,0.0020769883412867785,0.09305263310670853,1.332865834236145,0.1532859355211258,4.608151912689209,0.03565236181020737,-0.0396040678024292,0.18733416497707367,-0.006771774751627835,-0.01179909593757409,0.049678725608195924,0.034725699573755264,0.04896179586648941,0.14161283713944608,0.048616798040566116,-0.0,-0.0,-0.018913038447228536,0.017475083470344543,0.023852236568927765,-0.002732241574603861,0.0009729919922179676,0.009669991370406378,-0.07944656359005418,-0.013630666213411802,-0.02446856739111159,0.45958618991671996,0.051716792350947796,-0.0321138047659461,0.04695478002546368,-0.05838938827267216,0.020360643851507244,0.0022650388571237813,-0.054398247238168884,-0.06861386582435072,0.0017498750848032245,analytic,0.16902198462093074,-0.13143275444680488,-0.0060908308171087715,0.45955771538547274,0.0379259789314835,0.0055522548442636975,0.13222847363068946,-0.26519954207887847,-0.09693304479219227,-1.2476925286907967,1,0.007976770401000977,0.050917260348796844,0.07214359939098358,0.1372632384300232,0.0009729919922179676,0.009669991370406378,0.0667354491571976,0.07592847176507223,-0.060392277865944324,-0.02117017992215394,1,0.015206406998913735,1.0,0.0009729919922179676,0.009669991370406378,0.0667354491571976,0.07592847176507223,-0.060392277865944324,-0.02117017992215394,0.07592847176507223,-0.060392277865944324,-0.02117017992215394
3.73714733000088,1788408583.7901638,control,takeoff,1,1,0.0026889839937211946,3.869208335876465,3869.0,0,30.0,3.7308592139888788,3.869208335876465,1,1,0,1.0854933711003192,0.05244635045528412,0.0727534070611,0.13961148262023926,0.02705157734453678,0.0008611110388301313,0.08409252762794495,1.0305119752883911,0.1065746620297432,3.5682148933410645,0.019143469631671906,-0.06283748149871826,0.16627860069274902,-0.007498407073071667,-0.014149674247233898,0.0509385646160323,0.034725699573755264,0.04896179586648941,0.14324390729164405,0.048616798040566116,-0.0,-0.0,-0.019761764530407115,0.017720650881528854,0.023791611194610596,-0.003632424671404788,0.002180515990292579,0.008390940738854744,-0.08229056732019838,-0.014362883783157887,-0.023856811626127305,0.4609959160710278,0.05016151465826886,-0.033537259353948856,0.04693342311467239,-0.05752700672784733,0.019459220230588443,0.003587898309069066,-0.061974599970141986,-0.04461996992062883,0.0020818564414618193,analytic,0.15915325206878433,-0.10480179675654115,-0.007077105287839313,0.4609837793445291,0.03451290596029988,0.004251994606162106,0.11685710111637695,-0.22532685285096257,-0.0858415714554942,-1.0147989866881413,1,0.003967761993408203,0.050998661667108536,0.07217074185609818,0.13803225755691528,0.002180515990292579,0.008390940738854744,0.06517435922689369,0.05189878283920119,-0.064421981828364,-0.09471606476183271,1,0.0025771079963305965,1.0,0.002180515990292579,0.008390940738854744,0.06517435922689369,0.05189878283920119,-0.064421981828364,-0.09471606476183271,0.05189878283920119,-0.064421981828364,-0.09471606476183271
3.7482229080051184,1788408583.8012593,control,takeoff,1,1,0.006294958002399653,3.869208335876465,3869.0,0,30.0,3.741934791993117,3.869208335876465,1,1,0,1.0854933711003192,0.05260530114173889,0.07261935621500015,0.1402466744184494,0.025887036696076393,-0.002891779877245426,0.08424080908298492,0.7933032512664795,-0.014984756708145142,2.8585329055786133,0.010195327922701836,-0.02187403105199337,0.13556280732154846,-0.007691250605146391,-0.01308591217770602,0.05102558538422893,0.034725699573755264,0.04896179586648941,0.1448842385352891,0.048616798040566116,-0.0,-0.0,-0.020602671087989567,0.017879601567983627,0.023657560348510742,-0.0046375641168396875,0.002651422995200039,0.0071865327902259565,-0.08571205868517051,-0.014698938723449993,-0.02322285503510739,0.4626553951562944,0.04858145901273437,-0.034078878838564836,0.046960214870449414,-0.0561408813775085,0.021061723040097128,0.0036325820528816046,-0.05683990019533633,-0.011433662124682897,0.001940079290598938,analytic,0.1605413153717975,-0.07660183197889738,-0.00538968216306915,0.4626370735221123,0.03175142821845213,0.0030836413286912836,0.10454066832832105,-0.3687982276807928,-0.15603479669836912,-1.6448724227432343,1,0.007575511932373047,0.051575712859630585,0.07213108986616135,0.1391073614358902,0.002651422995200039,0.0071865327902259565,0.06302948958186902,0.017345317592499663,-0.058660452559026,-0.10542985185389725,1,0.001548254003864713,1.0,0.002651422995200039,0.0071865327902259565,0.06302948958186902,0.017345317592499663,-0.058660452559026,-0.10542985185389725,0.017345317592499663,-0.058660452559026,-0.10542985185389725
3.7593805440119468,1788408583.8124144,control,takeoff,1,1,0.00974046700866893,3.869208335876465,3869.0,0,30.0,3.7530924279999454,3.869208335876465,1,1,0,1.0854933711003192,0.052909981459379196,0.0726187452673912,0.14084410667419434,0.02900512143969536,-0.0023300580214709044,0.0836588591337204,0.7195382714271545,0.0033061234280467033,2.270981788635254,-0.012135859578847885,0.0024001412093639374,0.15835678577423096,-0.008459777011177923,-0.012340261222987611,0.052852762709674664,0.034725699573755264,0.04896179586648941,0.1465510055728465,0.048616798040566116,-0.0,-0.0,-0.021444494275696255,0.018184281885623932,0.023656949400901794,-0.0057068988986521685,0.002651422995200039,0.0071865327902259565,-0.0869955831298879,-0.014932478780284943,-0.02323102528378473,0.46359550768890084,0.048476951340024485,-0.03451241715688025,0.046942763406892206,-0.056760276515968926,0.0222749250379149,0.005461031045067112,-0.05674982495910087,-0.011276933909968704,0.0019616561359190876,analytic,0.16278555576415923,-0.08010540675006561,-0.009111919508197713,0.4635531883486195,0.02959742861596027,0.0019299113277325228,0.0950095272015464,-0.29324318052289955,-0.1570675568159088,-1.2975592636111342,1,0.011385202407836914,0.051575712859630585,0.07213108986616135,0.1391073614358902,0.002651422995200039,0.0071865327902259565,0.06302948958186902,0.017345317592499663,-0.058660452559026,-0.10542985185389725,1,0.01270589001069311,1.0,0.002651422995200039,0.0071865327902259565,0.06302948958186902,0.017345317592499663,-0.058660452559026,-0.10542985185389725,0.017345317592499663,-0.058660452559026,-0.10542985185389725
3.770447785005672,1788408583.8234944,control,takeoff,1,1,0.003869460997520946,3.869208335876465,3869.0,0,30.0,3.7641596689936705,3.869208335876465,1,1,0,1.0854933711003192,0.05316833034157753,0.07256381213665009,0.14147748053073883,0.026195744052529335,-0.002500165021046996,0.07426147907972336,0.5430983901023865,0.0006750815082341433,1.7079650163650513,-0.03155346214771271,-0.017594708129763603,0.1458817571401596,-0.010368270780918055,-0.014009817083906874,0.05452643174978177,0.034725699573755264,0.04896179586648941,0.14821840207993064,0.048616798040566116,-0.0,-0.0,-0.02227422877621002,0.018442630767822266,0.023602016270160675,-0.006740921549191814,0.0029105951500185334,0.006570979532071661,-0.08914025458194226,-0.015248050432687189,-0.022921033761296766,0.4648212061867821,0.04765232266343278,-0.03506766692764254,0.04694482055540038,-0.05779508425407538,0.021184748607219098,0.007182011635088447,-0.05432493333163616,-0.0182478176735787,0.0019079958329229387,analytic,0.1685711092496286,-0.08383163678497166,-0.012938838476893547,0.4647527165685936,0.028087274832934793,-0.00011099232236802764,0.08670900650394744,-0.08743728072167549,-0.11816747895848123,-0.4805967223536684,1,0.005193948745727539,0.051832813769578934,0.07211540639400482,0.14017808437347412,0.0029105951500185334,0.006570979532071661,0.06215530693980807,0.023561104983501113,-0.05595938710493984,-0.07947114927827346,1,0.00029173899383749813,1.0,0.0029105951500185334,0.006570979532071661,0.06215530693980807,0.023561104983501113,-0.05595938710493984,-0.07947114927827346,0.023561104983501113,-0.05595938710493984,-0.07947114927827346
3.781579907008563,1788408583.8345242,control,takeoff,1,1,0.0023444700054824352,3.869208335876465,3869.0,0,30.0,3.7752917909965618,3.869208335876465,1,1,0,1.0854933711003192,0.05355646833777428,0.07247570157051086,0.14270265400409698,0.027847757562994957,-0.0042046112939715385,0.08229430764913559,0.399078905582428,-0.05256762355566025,1.3287556171417236,-0.046715639531612396,-0.0778871551156044,0.14399176836013794,-0.011450907489205957,-0.016345860652836088,0.05638124024913012,0.034725699573755264,0.04896179586648941,0.1499097430927192,0.048616798040566116,-0.0,-0.0,-0.023103534191465908,0.018830768764019012,0.023513905704021454,-0.0072070890886222205,0.003198700238302822,0.006013028986390307,-0.09091137156865325,-0.015674250097895415,-0.022611800773923493,0.46566071287987476,0.04686127590330657,-0.03588598009247617,0.04693426594943152,-0.058026024899568825,0.01969425903059312,0.009091934956971949,-0.060446995252936994,-0.02695276698887676,0.002172516279667999,analytic,0.16335316961855903,-0.08801421909251175,-0.017080391767546416,0.4655961848611228,0.02633661377312462,-0.0029261056657579644,0.07625035608076675,-0.08587550347278318,-0.1635305462481323,-0.5524289484775726,1,0.0034835338592529297,0.051957905292510986,0.07210396230220795,0.14071309566497803,0.003198700238302822,0.006013028986390307,0.06165937450830678,0.032011676476030856,-0.06199450507570366,-0.05510360350014131,1,0.009734047009260394,1.0,0.003198700238302822,0.006013028986390307,0.06165937450830678,0.032011676476030856,-0.06199450507570366,-0.05510360350014131,0.032011676476030856,-0.06199450507570366,-0.05510360350014131
3.7927150830073515,1788408583.84573,control,takeoff,1,1,0.013479646004270762,3.869208335876465,3869.0,0,30.0,3.78642696699535,3.869208335876465,1,1,0,1.0854933711003192,0.05355646833777428,0.07247570157051086,0.14270265400409698,0.027847757562994957,-0.0042046112939715385,0.08229430764913559,0.399078905582428,-0.05256762355566025,1.3287556171417236,-0.046715639531612396,-0.0778871551156044,0.14399176836013794,-0.011450907489205957,-0.016345860652836088,0.05638124024913012,0.034725699573755264,0.04896179586648941,0.15161573361141129,0.048616798040566116,-0.0,-0.0,-0.023927756111666018,0.018830768764019012,0.023513905704021454,-0.0089130796073143,0.003489372384423584,0.005512866265310185,-0.09235017044681837,-0.015810664771107697,-0.02239437893711612,0.46694188512894735,0.0462546220569755,-0.03605787223639074,0.04694812752117759,-0.05741991310482433,0.019863191038895736,0.009081121990745036,-0.04811971407137381,-0.02600527514495217,0.0017377054363673238,analytic,0.17419577324814897,-0.0877801212962073,-0.017231098411244393,0.46688170144310964,0.02633661377312462,-0.0029261056657579644,0.07625035608076675,-0.08587550347278318,-0.1635305462481323,-0.5524289484775726,1,0.014689445495605469,0.052524592727422714,0.07207183539867401,0.14115501940250397,0.003489372384423584,0.005512866265310185,0.06149324580215382,0.029067214612071637,-0.050016272108004384,-0.0166128706152938,1,0.009888005995890126,1.0,0.003489372384423584,0.005512866265310185,0.06149324580215382,0.029067214612071637,-0.050016272108004384,-0.0166128706152938,0.029067214612071637,-0.050016272108004384,-0.0166128706152938
3.803795299012563,1788408583.8575385,control,takeoff,1,1,0.004087376000825316,3.869208335876465,3869.0,0,30.0,3.797507183000562,3.869208335876465,1,1,0,1.0854933711003192,0.05406225472688675,0.07238490879535675,0.1439143866300583,0.05450214073061943,-0.012200656346976757,0.13967564702033997,5.083789825439453,-1.4406031370162964,11.823304176330566,-0.2003779411315918,-0.3259049654006958,0.18650048971176147,-0.011810206576308385,-0.01629489505262369,0.05852041025660893,0.034725699573755264,0.04896179586648941,0.1533273542690202,0.048616798040566116,-0.0,-0.0,-0.02474263743718225,0.019336555153131485,0.02342311292886734,-0.009412967638961905,0.003835484077343733,0.005080709236578703,-0.09364955866982085,-0.01635162915549733,-0.022139170290749823,0.4676314012983794,0.04558786232558825,-0.03713203739654884,0.0469232450450781,-0.057049170873046465,0.021019165415839702,0.011234046434605098,-0.03811406566498283,-0.029452292936773462,0.0014173762935529388,analytic,0.1833174438831704,-0.09480013078953753,-0.021940266702860686,0.4675740497062022,0.026871362570212134,-0.004761709803028504,0.07671882824226013,0.22213298279560476,-0.7383028706162447,0.2060389886857211,1,0.0060269832611083984,0.05281857028603554,0.0720846951007843,0.1422632783651352,0.003835484077343733,0.005080709236578703,0.061457301516878546,0.031464699356379404,-0.03928700261195568,-0.003267662297752202,1,0.009623960009776056,1.0,0.003835484077343733,0.005080709236578703,0.061457301516878546,0.031464699356379404,-0.03928700261195568,-0.003267662297752202,0.031464699356379404,-0.03928700261195568,-0.003267662297752202
3.814881056008744,1788408583.867953,control,takeoff,1,1,0.0007347000064328313,3.869208335876465,3869.0,0,30.0,3.8085929399967426,3.869208335876465,1,1,0,1.0854933711003192,0.05424655228853226,0.07231830805540085,0.14464494585990906,0.04616698995232582,-0.010687555186450481,0.12190932780504227,3.9510130882263184,-1.1314213275909424,9.211350440979004,-0.1883852630853653,-0.26078760623931885,0.1744547337293625,-0.0138573210781583,-0.016276181974185667,0.06033491390317211,0.034725699573755264,0.04896179586648941,0.15505382385300923,0.048616798040566116,-0.0,-0.0,-0.02555266289157992,0.019520852714776993,0.023356512188911438,-0.010408877993100168,0.004245048154120476,0.004564910934444808,-0.09472813090343837,-0.01668029619991188,-0.021864171955311148,0.46846677233720846,0.0448881191360464,-0.037738163252149404,0.046922068140066366,-0.05834071197930727,0.02165555901429095,0.013066660392729332,-0.016604303297398055,-0.011097336282846943,0.0006275456753638177,analytic,0.20921130897472756,-0.07868378637580072,-0.02498148920501509,0.46836368381374677,0.03195902554080712,-0.006472705077556297,0.08824688647437681,0.35407777304691535,-0.11907734454897405,0.8022994467154483,1,0.0020728111267089844,0.05299021303653717,0.0721333920955658,0.14336735010147095,0.004245048154120476,0.004564910934444808,0.061639765118914065,0.010337563427055673,-0.017565002511534193,0.011696696420638949,1,0.007772258002660237,1.0,0.004245048154120476,0.004564910934444808,0.061639765118914065,0.010337563427055673,-0.017565002511534193,0.011696696420638949,0.010337563427055673,-0.017565002511534193,0.011696696420638949
3.8260187090054387,1788408583.8790464,control,takeoff,1,1,0.0118723530031275,3.869208335876465,3869.0,0,30.0,3.8197305929934373,3.869208335876465,1,1,0,1.0854933711003192,0.05424655228853226,0.07231830805540085,0.14464494585990906,0.04616698995232582,-0.010687555186450481,0.12190932780504227,3.9510130882263184,-1.1314213275909424,9.211350440979004,-0.1883852630853653,-0.26078760623931885,0.1744547337293625,-0.0138573210781583,-0.016276181974185667,0.06033491390317211,0.034725699573755264,0.04896179586648941,0.15680243596043503,0.048616798040566116,-0.0,-0.0,-0.02636117861742052,0.019520852714776993,0.023356512188911438,-0.01215749010052597,0.004245048154120476,0.004564910934444808,-0.09599190759830492,-0.016686464982042015,-0.02187126646774811,0.4697057528429357,0.04478415746804876,-0.03765286715990449,0.046929818158804336,-0.05823777951282122,0.02156956777826194,0.013061403391463984,-0.016587924549646475,-0.011044878922545742,0.0006255054105611302,analytic,0.2092439387155876,-0.07849382246866754,-0.025025223264440805,0.46960239546586047,0.03195902554080712,-0.006472705077556297,0.08824688647437681,0.35407777304691535,-0.11907734454897405,0.8022994467154483,1,0.013166189193725586,0.05299021303653717,0.0721333920955658,0.14336735010147095,0.004245048154120476,0.004564910934444808,0.061639765118914065,0.010337563427055673,-0.017565002511534193,0.011696696420638949,1,0.018909910999354906,1.0,0.004245048154120476,0.004564910934444808,0.061639765118914065,0.010337563427055673,-0.017565002511534193,0.011696696420638949,0.010337563427055673,-0.017565002511534193,0.011696696420638949
3.837128398998175,1788408583.890218,control,takeoff,1,1,0.005734216989367269,3.869208335876465,3869.0,0,30.0,3.8308402829861734,3.869208335876465,1,1,0,1.0854933711003192,0.05477103218436241,0.07217704504728317,0.14602461457252502,0.07276584208011627,-0.019179198890924454,0.1824023425579071,7.272435188293457,-2.1576290130615234,16.87906837463379,0.05700249224901199,-0.07817935198545456,0.2817179560661316,-0.011740136690345787,-0.01668125983290321,0.06321024127894236,0.034725699573755264,0.04896179586648941,0.1585606623985383,0.048616798040566116,-0.0,-0.0,-0.027162370321647512,0.020045332610607147,0.023215249180793762,-0.01253604782601328,0.003968538231795094,0.004480281739023248,-0.09728157111702194,-0.016961497105386525,-0.021734238299656483,0.47033717262990216,0.04440598250386988,-0.03817160253595845,0.046921048997259115,-0.055660472102997266,0.0217418746019599,0.01592212413792097,0.0014550127775698842,0.01985425946681557,-5.5621991738564645e-05,analytic,0.22031470984459323,-0.04849708569600791,-0.029361448920363194,0.4703024981977027,0.04482859886404375,-0.010357271576868481,0.11791973098297975,4.536362227606538,-1.3696362621550562,10.459406132197243,1,0.007017850875854492,0.053789395838975906,0.07206190377473831,0.14414027333259583,0.003968538231795094,0.004480281739023248,0.061607447774313526,-0.021728360004764812,0.0005573815015795336,-0.007442122739516557,1,0.006473520988947712,1.0,0.003968538231795094,0.004480281739023248,0.061607447774313526,-0.021728360004764812,0.0005573815015795336,-0.007442122739516557,-0.021728360004764812,0.0005573815015795336,-0.007442122739516557
3.848223584005609,1788408583.9013023,control,takeoff,1,1,0.0017269910022150725,3.869208335876465,3869.0,0,30.0,3.8419354679936077,3.869208335876465,1,1,0,1.0854933711003192,0.054946623742580414,0.07207147032022476,0.1467181295156479,0.06055446341633797,-0.01675136387348175,0.1551709771156311,5.65509033203125,-1.6937241554260254,13.140081405639648,0.01783359982073307,-0.05953099951148033,0.23252111673355103,-0.01383108912814659,-0.016448546439413788,0.06374325944693922,0.034725699573755264,0.04896179586648941,0.1603305161714778,0.048616798040566116,-0.0,-0.0,-0.027957238879163408,0.02022092416882515,0.02310967445373535,-0.013612386655829922,0.003968538231795094,0.004480281739023248,-0.09853392981878335,-0.01709931856800137,-0.02166202983908837,0.47126950180349547,0.04415155347592203,-0.038380703651619066,0.04692154628666556,-0.0574788091293319,0.022172043067892232,0.01647240769412319,0.001452316111751045,0.019883993883522168,-5.582270109965967e-05,analytic,0.22609665469637388,-0.04988382412512217,-0.030496786851506877,0.4711800964954532,0.052160564667105086,-0.012778158291465317,0.1348833295297804,0.48891863933676805,-0.16143237301992663,1.131186334269864,1,0.0031058788299560547,0.053789395838975906,0.07206190377473831,0.14414027333259583,0.003968538231795094,0.004480281739023248,0.061607447774313526,-0.021728360004764812,0.0005573815015795336,-0.007442122739516557,1,0.01756870599638205,1.0,0.003968538231795094,0.004480281739023248,0.061607447774313526,-0.021728360004764812,0.0005573815015795336,-0.007442122739516557,-0.021728360004764812,0.0005573815015795336,-0.007442122739516557
3.8594201390078524,1788408583.9124496,control,takeoff,1,1,0.00011777199688367546,3.869208335876465,3869.0,0,30.0,3.853132022995851,3.869208335876465,1,1,0,1.0854933711003192,0.05552962049841881,0.0720101073384285,0.14820080995559692,0.06465213000774384,-0.013193254359066486,0.15430040657520294,4.260163307189941,-0.9789084196090698,9.042728424072266,-0.007209857925772667,-0.09458460658788681,0.27389228343963623,-0.013712141359082533,-0.01866848294847966,0.06661979597888006,0.034725699573755264,0.04896179586648941,0.16213060680452426,0.048616798040566116,-0.0,-0.0,-0.028754023525500796,0.020803920924663544,0.023048311471939087,-0.01392979684892734,0.003213812939107228,0.0047169696424432875,-0.09967220787285397,-0.01720281524912328,-0.021729673929306796,0.47182036609346856,0.04423275741377762,-0.038560951865077776,0.04691045215025672,-0.057338231541210566,0.020179203807032295,0.019385247438058903,0.017853051923349548,0.04053755960010792,-0.0006894464526390391,analytic,0.24285074392556721,-0.023698835579742172,-0.03553717891101357,0.4717596056145987,0.06351909576841169,-0.016070021118296557,0.15953934537066655,0.501761143930626,-0.12067460896996329,1.0034736387946996,1,0.0014386177062988281,0.05392356589436531,0.07210953533649445,0.14606373012065887,0.003213812939107228,0.0047169696424432875,0.06172948128694833,-0.04361085640285293,0.015416557040418626,0.01905243116402299,1,0.004539970002952032,1.0,0.003213812939107228,0.0047169696424432875,0.06172948128694833,-0.04361085640285293,0.015416557040418626,0.01905243116402299,-0.04361085640285293,0.015416557040418626,0.01905243116402299
3.870450130008976,1788408583.9234428,control,takeoff,1,1,0.011147762998007238,3.869208335876465,3869.0,0,30.0,3.8641620139969746,3.869208335876465,1,1,0,1.0854933711003192,0.05552962049841881,0.0720101073384285,0.14820080995559692,0.06465213000774384,-0.013193254359066486,0.15430040657520294,4.260163307189941,-0.9789084196090698,9.042728424072266,-0.007209857925772667,-0.09458460658788681,0.27389228343963623,-0.013712141359082533,-0.01866848294847966,0.06661979597888006,0.034725699573755264,0.04896179586648941,0.16391769701996828,0.048616798040566116,-0.0,-0.0,-0.0295337037046869,0.020803920924663544,0.023048311471939087,-0.015716887064371354,0.002643341180309882,0.004921988831699326,-0.10027338904642341,-0.016951576432696333,-0.021829095935790292,0.47284435247027606,0.04437161892817695,-0.03795834525791554,0.046931824874641946,-0.05748371937485043,0.01957807524036575,0.019371916046927527,0.02507245869029507,0.05257256049992069,-0.0009531044940276801,analytic,0.2510524720288479,-0.010119104449253732,-0.03503283367257306,0.47277717216941645,0.06351909576841169,-0.016070021118296557,0.15953934537066655,0.501761143930626,-0.12067460896996329,1.0034736387946996,1,0.012431859970092773,0.053965575993061066,0.07207921147346497,0.14633658528327942,0.002643341180309882,0.004921988831699326,0.06236633871809683,-0.057047175879745955,0.020501918925607945,0.06368574311486301,1,0.004149350002990104,1.0,0.002643341180309882,0.004921988831699326,0.06236633871809683,-0.057047175879745955,0.020501918925607945,0.06368574311486301,-0.057047175879745955,0.020501918925607945,0.06368574311486301
3.8815830950043164,1788408583.9344556,control,takeoff,1,1,0.008066883994615637,3.869208335876465,3869.0,0,30.0,3.875294978992315,3.869208335876465,1,1,0,1.0854933711003192,0.05579835921525955,0.07186052203178406,0.14890620112419128,0.055498745292425156,-0.012656979262828827,0.13335438072681427,3.27948260307312,-0.7755895853042603,6.939792633056641,0.019590802490711212,-0.03180020675063133,0.23465007543563843,-0.011926073889538927,-0.015533372525369843,0.06768526910480044,0.034725699573755264,0.04896179586648941,0.16573529843204665,0.048616798040566116,-0.0,-0.0,-0.030315377765496997,0.021072659641504288,0.022898726165294647,-0.016829097307855367,0.0018808916739207668,0.005170795571365489,-0.1004416884497896,-0.01681518070819766,-0.02183620959050607,0.4734129687768048,0.044346811670293966,-0.0376268109934092,0.046947469729892576,-0.05568007534445196,0.02241365218900848,0.0203590373724665,0.029217664109476446,0.06428881887256965,-0.0011009690661425047,analytic,0.2503787933700449,-0.00715743862254197,-0.03652173305386527,0.4733594459803285,0.06604546311641604,-0.01593662459812479,0.16214151530591125,0.1775409267677105,0.009374464817078713,0.1828679674297399,1,0.00921487808227539,0.053958989679813385,0.07213813811540604,0.14700782299041748,0.0018808916739207668,0.005170795571365489,0.06344399221456887,-0.0693135914899244,0.022618794515107326,0.09796849967928274,1,0.003341329997056164,1.0,0.0018808916739207668,0.005170795571365489,0.06344399221456887,-0.0693135914899244,0.022618794515107326,0.09796849967928274,-0.0693135914899244,0.022618794515107326,0.09796849967928274
3.8926596650126157,1788408583.9456193,control,takeoff,1,1,0.01914345400291495,3.869208335876465,3869.0,0,30.0,3.8863715490006143,3.869208335876465,1,1,0,1.0854933711003192,0.05579835921525955,0.07186052203178406,0.14890620112419128,0.055498745292425156,-0.012656979262828827,0.13335438072681427,3.27948260307312,-0.7755895853042603,6.939792633056641,0.019590802490711212,-0.03180020675063133,0.23465007543563843,-0.011926073889538927,-0.015533372525369843,0.06768526910480044,0.034725699573755264,0.04896179586648941,0.16755743796137756,0.048616798040566116,-0.0,-0.0,-0.031087822839240963,0.021072659641504288,0.022898726165294647,-0.01865123683718628,0.0004817706167676674,0.005586376783226835,-0.09857567542147044,-0.016189927774598146,-0.022030753719031022,0.47358835157439877,0.04480209669490188,-0.03631701250359116,0.046988989540449846,-0.056149987508828395,0.021108811024099748,0.02033434324381914,0.026870316408873357,0.06001894788384858,-0.0009772594949404379,analytic,0.24966603617077657,-0.0075793538788141495,-0.03673673858330599,0.4735224914415274,0.06604546311641604,-0.01593662459812479,0.16214151530591125,0.1775409267677105,0.009374464817078713,0.1828679674297399,1,0.020378589630126953,0.05476126819849014,0.07155680656433105,0.14845556020736694,0.0004817706167676674,0.005586376783226835,0.06654591800325291,-0.06466313165473922,0.016577051379452524,0.18080311186115755,1,0.0016233530041063204,1.0,0.0004817706167676674,0.005586376783226835,0.06654591800325291,-0.06466313165473922,0.016577051379452524,0.18080311186115755,-0.06466313165473922,0.016577051379452524,0.18080311186115755
3.903775716011296,1788408583.9566598,control,takeoff,1,1,0.0042980080033885315,3.869208335876465,3869.0,0,30.0,3.8974875999992946,3.869208335876465,1,1,0,1.0854933711003192,0.056543074548244476,0.07166062295436859,0.15138761699199677,0.08551359176635742,-0.027895579114556313,0.2575416564941406,10.800765991210938,-4.181151866912842,34.45975112915039,0.12469610571861267,0.012384157627820969,0.5368409752845764,-0.012655039817360785,-0.014857865943325275,0.07124920778413038,0.034725699573755264,0.04896179586648941,0.16939981402347218,0.048616798040566116,-0.0,-0.0,-0.0318577370879249,0.021817374974489212,0.02269882708787918,-0.018012197031475413,0.0004817706167676674,0.005586376783226835,-0.09981215877876179,-0.016752976197099412,-0.021888349956522016,0.4737419609151387,0.04443196714187892,-0.03747504518158915,0.04695100296471402,-0.05640569621815707,0.0229857511453055,0.023914097217681334,0.02682962651961359,0.06005344639975613,-0.0010069061576245151,analytic,0.2509177024903356,-0.013403958576165855,-0.04396445396521406,0.473661947372083,0.05724638151618811,-0.0120939139390809,0.13622152493035095,-0.22652735786301062,0.084612791615774,-0.48736270549362515,1,0.005437612533569336,0.05476126819849014,0.07155680656433105,0.14845556020736694,0.0004817706167676674,0.005586376783226835,0.06654591800325291,-0.06466313165473922,0.016577051379452524,0.18080311186115755,1,0.012739404002786614,1.0,0.0004817706167676674,0.005586376783226835,0.06654591800325291,-0.06466313165473922,0.016577051379452524,0.18080311186115755,-0.06466313165473922,0.016577051379452524,0.18080311186115755
3.91488140700676,1788408583.968517,control,takeoff,1,1,0.005196482001338154,3.869208335876465,3869.0,0,30.0,3.9085932909947587,3.869208335876465,1,1,0,1.0854933711003192,0.05689449980854988,0.07156284898519516,0.1522342711687088,0.0753217339515686,-0.02423921227455139,0.22268299758434296,8.440187454223633,-3.2730181217193604,26.882295608520508,0.13645078241825104,0.014994965866208076,0.47233545780181885,-0.01082114268219243,-0.014573587855050219,0.07342586812533926,0.034725699573755264,0.04896179586648941,0.17125417687283803,0.048616798040566116,-0.0,-0.0,-0.03262164767990115,0.022168800234794617,0.02260105311870575,-0.01901990570412923,0.0004817706167676674,0.005586376783226835,-0.10104355878432147,-0.01702112115939858,-0.02182251401382078,0.4746348022704807,0.044183513961872485,-0.03796110515224237,0.04693885537343461,-0.05426527727924413,0.023810831124101345,0.026069664256437898,0.026746506437759738,0.059982392646159975,-0.001016807270839731,analytic,0.24484162255136852,-0.01613566633904412,-0.04851232900638126,0.474605317382737,0.06086894151233685,-0.014175126015916566,0.15254954905744206,0.35624294581807303,-0.2046666230268961,1.6056996766395808,1,0.0071260929107666016,0.05476126819849014,0.07155680656433105,0.14845556020736694,0.0004817706167676674,0.005586376783226835,0.06654591800325291,-0.06466313165473922,0.016577051379452524,0.18080311186115755,1,0.023845094998250715,1.0,0.0004817706167676674,0.005586376783226835,0.06654591800325291,-0.06466313165473922,0.016577051379452524,0.18080311186115755,-0.06466313165473922,0.016577051379452524,0.18080311186115755
3.926044225008809,1788408583.9790254,control,takeoff,1,1,0.004408592008985579,3.869208335876465,3869.0,0,30.0,3.9197561089968076,3.869208335876465,1,1,0,1.0854933711003192,0.05725877732038498,0.0715365931391716,0.15306997299194336,0.0664171352982521,-0.019835343584418297,0.1922777146100998,6.6015777587890625,-2.543947458267212,20.991697311401367,0.11791234463453293,0.054355427622795105,0.3877881169319153,-0.010311040147597282,-0.012062462177423213,0.0739860558995906,0.034725699573755264,0.04896179586648941,0.17313183719736933,0.048616798040566116,-0.0,-0.0,-0.0333841633009879,0.022533077746629715,0.02257479727268219,-0.020061864205425967,-0.0002972420836310493,0.005199707747341885,-0.09804544982325158,-0.01694800949643483,-0.021636133203901543,0.4740618133474411,0.043851909482471765,-0.037835484595535755,0.04695697306526544,-0.053444438905728434,0.026205500861784446,0.026569757848120372,-0.01997045548335296,0.02875421754384666,0.000756680044132683,analytic,0.1951646591756544,-0.053472429241842846,-0.050714678180872205,0.47401571676509296,0.06549975868394102,-0.017107528859728403,0.17433305219229914,0.3915070243721767,-0.2479165704664563,1.8416608077350505,1,0.0058062076568603516,0.055707644671201706,0.07114836573600769,0.14971913397312164,-0.0002972420836310493,0.005199707747341885,0.07077770657684018,-0.028939514084099283,-0.031714881118741635,0.2114012271144358,1,0.009049326996318996,1.0,-0.0002972420836310493,0.005199707747341885,0.07077770657684018,-0.028939514084099283,-0.031714881118741635,0.2114012271144358,-0.028939514084099283,-0.031714881118741635,0.2114012271144358
3.937129748010193,1788408583.9902067,control,takeoff,1,1,0.015494115010369569,3.869208335876465,3869.0,0,30.0,3.9308416319981916,3.869208335876465,1,1,0,1.0854933711003192,0.05725877732038498,0.0715365931391716,0.15306997299194336,0.0664171352982521,-0.019835343584418297,0.1922777146100998,6.6015777587890625,-2.543947458267212,20.991697311401367,0.11791234463453293,0.054355427622795105,0.3877881169319153,-0.010311040147597282,-0.012062462177423213,0.0739860558995906,0.034725699573755264,0.04896179586648941,0.17501010183964216,0.048616798040566116,-0.0,-0.0,-0.03413611619093253,0.022533077746629715,0.02257479727268219,-0.021940128847698803,-3.953449264655257e-05,0.004102721346568312,-0.09547892130892369,-0.01706832734100539,-0.02114914279924853,0.47401537604740324,0.042819250234815906,-0.03804550530450841,0.046987116324365884,-0.05241138672567787,0.026401469198752595,0.026550025040222296,-0.05029615201558534,-0.018930396291676706,0.0019162227297084972,analytic,0.16078679593775694,-0.10104130325083734,-0.05296466370512323,0.4739753976259214,0.06549975868394102,-0.017107528859728403,0.17433305219229914,0.3915070243721767,-0.2479165704664563,1.8416608077350505,1,0.01698756217956543,0.05587827414274216,0.07112553715705872,0.1519296020269394,-3.953449264655257e-05,0.004102721346568312,0.07456525573040315,0.02304359624661045,-0.05853476965877963,0.18472977730384432,1,0.009159093999187462,1.0,-3.953449264655257e-05,0.004102721346568312,0.07456525573040315,0.02304359624661045,-0.05853476965877963,0.18472977730384432,0.02304359624661045,-0.05853476965877963,0.18472977730384432
3.948257215000922,1788408584.0011685,control,takeoff,1,1,0.0068723500007763505,3.869208335876465,3869.0,0,30.0,3.9419690989889205,3.869208335876465,1,1,0,1.0854933711003192,0.05788708105683327,0.07141821086406708,0.1547822803258896,0.15557606518268585,-0.03931562602519989,0.47581350803375244,41.64204025268555,-10.291437149047852,132.06594848632812,0.4453321695327759,-0.6959151029586792,0.6618983745574951,-0.009243933231206525,-0.010672722584462587,0.07643279026299434,0.034725699573755264,0.04896179586648941,0.17690906243413324,0.048616798040566116,-0.0,-0.0,-0.03488561983797846,0.023161381483078003,0.022456414997577667,-0.022126782108243648,-3.953449264655257e-05,0.004102721346568312,-0.09670034304255784,-0.01754404337879198,-0.021067011690528718,0.47453344510587764,0.04255276685320878,-0.038994508172198926,0.04695689383278185,-0.05102115425198892,0.028789147841799565,0.028974561186952585,-0.05027274783649266,-0.01886469868150721,0.0019631323952445075,analytic,0.1568807798698041,-0.10817520445830706,-0.05798467460043302,0.4745082104663464,0.06889067213984794,-0.021477384241660215,0.20326230334085774,3.167693198601712,-4.073144824187202,26.98277814462438,1,0.007995367050170898,0.05587827414274216,0.07112553715705872,0.1519296020269394,-3.953449264655257e-05,0.004102721346568312,0.07456525573040315,0.02304359624661045,-0.05853476965877963,0.18472977730384432,1,0.020286560989916325,1.0,-3.953449264655257e-05,0.004102721346568312,0.07456525573040315,0.02304359624661045,-0.05853476965877963,0.18472977730384432,0.02304359624661045,-0.05853476965877963,0.18472977730384432
3.959419467006228,1788408584.012388,control,takeoff,1,1,0.0066495430073700845,3.869208335876465,3869.0,0,30.0,3.9531313509942265,3.869208335876465,1,1,0,1.0854933711003192,0.05819186568260193,0.0713859423995018,0.15568390488624573,0.1298457235097885,-0.032022614032030106,0.3965805470943451,32.85903549194336,-8.104297637939453,104.25289154052734,0.31687164306640625,-0.559009850025177,0.5406832695007324,-0.011480444008116845,-0.010795089765645199,0.07706603477064247,0.034725699573755264,0.04896179586648941,0.17882759029116985,0.048616798040566116,-0.0,-0.0,-0.03563213718846511,0.023466166108846664,0.02242414653301239,-0.02314368540492412,0.0005850167566235059,0.0031714375446234605,-0.09362168852449293,-0.01805859028255808,-0.02062988297003978,0.47391915034738,0.04163659296673831,-0.04008420826466181,0.04694731177014425,-0.052303783814779195,0.02971863137250273,0.029646175478716813,-0.034134346297637924,-0.032663810674985604,0.0013701690203219634,analytic,0.17675308211198065,-0.125328837551704,-0.06038263603910349,0.4738516298583139,0.07979479125761905,-0.02440787575360185,0.2419533776798905,0.9632314069236929,-0.25886927972247525,3.4178329829721887,1,0.007894515991210938,0.05650359392166138,0.07111428678035736,0.15420882403850555,0.0005850167566235059,0.0031714375446234605,0.07886481033399534,0.034176231387089986,-0.04084266834167634,0.23118336256567915,1,0.007443226000759751,1.0,0.0005850167566235059,0.0031714375446234605,0.07886481033399534,0.034176231387089986,-0.04084266834167634,0.23118336256567915,0.034176231387089986,-0.04084266834167634,0.23118336256567915
3.9704750060045626,1788408584.0234306,control,takeoff,1,1,0.00019631699251476675,3.869208335876465,3869.0,0,30.0,3.964186889992561,3.869208335876465,1,1,0,1.0854933711003192,0.05893494561314583,0.07122879475355148,0.15762130916118622,0.21451127529144287,-0.04998479038476944,0.5734689235687256,55.17596435546875,-12.73205280303955,144.97198486328125,0.06845158338546753,0.07167404890060425,0.7055528163909912,-0.011649957402237078,-0.009948049242430444,0.07849702269024242,0.034725699573755264,0.04896179586648941,0.18074118570534814,0.048616798040566116,-0.0,-0.0,-0.036366256407099694,0.024209246039390564,0.022266998887062073,-0.02311987654416192,0.001400805099060191,0.002695641369968478,-0.08999595513236841,-0.018988463126947505,-0.020303712084701865,0.4726438449693993,0.04096805423031853,-0.04211949300613539,0.046890790497190346,-0.05174563349894627,0.03260647905567546,0.03110096488235431,-0.014223154852275176,-0.042923586319098164,0.0005999299697642206,analytic,0.194926178808766,-0.14495700228878047,-0.06418305913955333,0.47257406666686497,0.12319720043167152,-0.032082553243652986,0.379400643797849,34.342853990654476,-6.071898721674731,108.74180159215516,1,0.001378774642944336,0.056938473135232925,0.07107984274625778,0.15552428364753723,0.001400805099060191,0.002695641369968478,0.08369539599189552,0.04217360259878894,-0.01868402915087742,0.23342082603850575,1,0.006185873004142195,1.0,0.001400805099060191,0.002695641369968478,0.08369539599189552,0.04217360259878894,-0.01868402915087742,0.23342082603850575,0.04217360259878894,-0.01868402915087742,0.23342082603850575
3.9818147550104186,1788408584.0347536,control,takeoff,1,1,0.00011434000043664128,3.869208335876465,3869.0,0,30.0,3.975526638998417,3.869208335876465,1,1,0,1.0854933711003192,0.05926626920700073,0.07123548537492752,0.15845271944999695,0.17744332551956177,-0.039870016276836395,0.4734154939651489,43.488040924072266,-10.007530212402344,114.21574401855469,0.05565638095140457,0.045786768198013306,0.5721796751022339,-0.011603717402616566,-0.010598947959910161,0.07894404284647566,0.034725699573755264,0.04896179586648941,0.182717787288156,0.048616798040566116,-0.0,-0.0,-0.0371138083101929,0.024540569633245468,0.02227368950843811,-0.024265067838159043,0.001400805099060191,0.002695641369968478,-0.09122716263852582,-0.019242620029501938,-0.020314678561409207,0.47359463800676777,0.040883730349362796,-0.042570614792676445,0.04687590984281063,-0.051585457342321686,0.03241293036098776,0.031565409525345714,-0.014230420780508173,-0.042814317466961994,0.0006066709290179096,analytic,0.1947139742505862,-0.1444443073590124,-0.06523335651038627,0.47353905480318476,0.14383244798895575,-0.035673447717639355,0.43240497253727767,1.816837427484518,-0.31616153188250806,4.6667842489000515,1,0.0013439655303955078,0.056938473135232925,0.07107984274625778,0.15552428364753723,0.001400805099060191,0.002695641369968478,0.08369539599189552,0.04217360259878894,-0.01868402915087742,0.23342082603850575,1,0.017525622009998187,1.0,0.001400805099060191,0.002695641369968478,0.08369539599189552,0.04217360259878894,-0.01868402915087742,0.23342082603850575,0.04217360259878894,-0.01868402915087742,0.23342082603850575
3.992698588001076,1788408584.045648,control,takeoff,1,1,0.002989843997056596,3.869208335876465,3869.0,0,30.0,3.9864104719890747,3.869208335876465,1,1,0,1.0854933711003192,0.05969603732228279,0.07119541615247726,0.1595623642206192,0.15260577201843262,-0.03288906440138817,0.40623319149017334,34.17487335205078,-7.833012580871582,89.70758819580078,0.04265667125582695,0.09021805226802826,0.4803789556026459,-0.011687557042703637,-0.008426178587259588,0.07983216313134664,0.034725699573755264,0.04896179586648941,0.18462802555814747,0.048616798040566116,-0.0,-0.0,-0.03782612386028209,0.024970337748527527,0.022233620285987854,-0.025065661337528272,0.002166355392015385,0.002566089600078951,-0.0885313093713749,-0.019915378687558643,-0.020231959565328025,0.47301483785982035,0.04069275849900745,-0.044030519503504104,0.0468246662303475,-0.05146135909125514,0.03604977400951144,0.032454603376509794,-0.000928295847132561,-0.03977778063593156,4.093366880639819e-05,analytic,0.20799060022807392,-0.15292036473567308,-0.06714055909553288,0.47292945546909193,0.1599959239239156,-0.03834598230957968,0.46942381559851065,2.0029110070877394,-0.33116942002817545,4.5872217421148,1,0.004168510437011719,0.05781928822398186,0.0710517093539238,0.15750832855701447,0.002166355392015385,0.002566089600078951,0.08756846867293672,0.03840364328040775,-0.003043908380507937,0.18290496640977955,1,0.00379826599964872,1.0,0.002166355392015385,0.002566089600078951,0.08756846867293672,0.03840364328040775,-0.003043908380507937,0.18290496640977955,0.03840364328040775,-0.003043908380507937,0.18290496640977955
4.003782330008107,1788408584.0567613,control,takeoff,1,1,0.00209179800003767,3.869208335876465,3869.0,0,30.0,3.997494213996106,3.869208335876465,1,1,0,1.0854933711003192,0.059967417269945145,0.07105910032987595,0.16053123772144318,0.12664978206157684,-0.02860436588525772,0.34128499031066895,26.90326499938965,-6.194333076477051,70.67351531982422,0.010749850422143936,0.010418299585580826,0.4124312996864319,-0.013094739774553553,-0.01207631943386009,0.08154971359279241,0.034725699573755264,0.04896179586648941,0.1865864927033031,0.048616798040566116,-0.0,-0.0,-0.038546307561848764,0.02524171769618988,0.022097304463386536,-0.026055254981859927,0.002166355392015385,0.002566089600078951,-0.08972554590158544,-0.02012501023653672,-0.0201354309065119,0.4738816801150103,0.04039422564176473,-0.04438154894311076,0.04682365474746469,-0.05245496716022179,0.03274922122392882,0.03424495118696755,-0.0009563836486503226,-0.03966737826773868,4.250835407141342e-05,analytic,0.2111638316546871,-0.14308311799169462,-0.07090198229277356,0.4738271898444983,0.16620796298033177,-0.03867889486103297,0.47474980059727345,0.5224934377941847,-0.02800121214852993,0.44796759749435117,1,0.003392457962036133,0.05781928822398186,0.0710517093539238,0.15750832855701447,0.002166355392015385,0.002566089600078951,0.08756846867293672,0.03840364328040775,-0.003043908380507937,0.18290496640977955,1,0.014882008006679825,1.0,0.002166355392015385,0.002566089600078951,0.08756846867293672,0.03840364328040775,-0.003043908380507937,0.18290496640977955,0.03840364328040775,-0.003043908380507937,0.18290496640977955
4.0149719980108785,1788408584.068652,control,takeoff,1,1,0.003466784008196555,3.869208335876465,3869.0,0,30.0,4.008683881998877,3.869208335876465,1,1,0,1.0854933711003192,0.060319188982248306,0.07103727757930756,0.1613941788673401,0.10841555148363113,-0.02332368865609169,0.29043471813201904,21.154802322387695,-4.848948001861572,55.513092041015625,0.017613815143704414,0.0025739078409969807,0.3410993218421936,-0.012654671562472129,-0.012354766234412083,0.08210635876410056,0.034725699573755264,0.04896179586648941,0.18857707694185166,0.048616798040566116,-0.0,-0.0,-0.03926803551014072,0.025593489408493042,0.022075481712818146,-0.027182898074511574,0.0036091259793237913,0.0026280556830915345,-0.08742670837295616,-0.021045116727493797,-0.020152741737419537,0.47358732629304423,0.04036503227644907,-0.04634438347673242,0.04674576096914552,-0.05192714270563176,0.03444708492223707,0.034847061317569344,0.004352860640425045,-0.08610354183544268,-0.00020203976571325706,analytic,0.2135833369013897,-0.19489152878132163,-0.07474961965696637,0.47356046870247903,0.1641395972869955,-0.037370808686804965,0.4588984574680967,-0.2086123815953223,0.13193168549293577,-1.5987436130447392,1,0.005368232727050781,0.058821309357881546,0.07105635851621628,0.15981827676296234,0.0036091259793237913,0.0026280556830915345,0.09106815218979922,0.08469555427852606,0.004952466145273163,0.17552429490823754,1,0.0016749000060372055,1.0,0.0036091259793237913,0.0026280556830915345,0.09106815218979922,0.08469555427852606,0.004952466145273163,0.17552429490823754,0.08469555427852606,0.004952466145273163,0.17552429490823754
4.026007576001575,1788408584.0790813,control,takeoff,1,1,0.004939020000165328,3.869208335876465,3869.0,0,30.0,4.019719459989574,3.869208335876465,1,1,0,1.0854933711003192,0.0607057623565197,0.0709461197257042,0.16239102184772491,0.0948915034532547,-0.02058294042944908,0.2533872723579407,16.63840103149414,-3.8213119506835938,43.628543853759766,-0.026978302747011185,-0.038483016192913055,0.2993822395801544,-0.014617579855685608,-0.014258335564627694,0.08338824143221234,0.034725699573755264,0.04896179586648941,0.19055338353472248,0.048616798040566116,-0.0,-0.0,-0.03997457116708668,0.025980062782764435,0.021984323859214783,-0.028162361686997567,0.005399748121673954,0.002857099439403399,-0.08530417885656882,-0.0221488235269895,-0.020193265194851005,0.4732872261247806,0.04036732538135971,-0.048698077794344916,0.046650698266787985,-0.05376829178489925,0.03487840182394706,0.03624631576987522,0.012131934494978553,-0.09117930750324216,-0.0005917514329380124,analytic,0.22689052419650574,-0.20170479323206914,-0.07826912485576554,0.4732600258726247,0.15573102816774367,-0.03485962838329741,0.4281372478096798,-0.8873146423919905,0.2649924168295204,-3.2460780616181495,1,0.0063211917877197266,0.059549786150455475,0.07104544341564178,0.16140103340148926,0.005399748121673954,0.002857099439403399,0.09437017601019917,0.08708205044583671,0.0135269971785459,0.1564265757244365,1,0.0004520919901551679,1.0,0.005399748121673954,0.002857099439403399,0.09437017601019917,0.08708205044583671,0.0135269971785459,0.1564265757244365,0.08708205044583671,0.0135269971785459,0.1564265757244365
4.037121551999007,1788408584.0901697,control,takeoff,1,1,0.007609797990880907,3.869208335876465,3869.0,0,30.0,4.030833435987006,3.869208335876465,1,1,0,1.0854933711003192,0.06109270825982094,0.070917047560215,0.16343705356121063,0.08498061448335648,-0.01714760810136795,0.2272217571735382,13.078476905822754,-2.976548433303833,34.28969192504883,-0.006714171729981899,0.007226034998893738,0.2598036229610443,-0.013994407010396203,-0.012623953494577036,0.08423122058988307,0.034725699573755264,0.04896179586648941,0.19255685827210078,0.048616798040566116,-0.0,-0.0,-0.040680853267979794,0.026367008686065674,0.021955251693725586,-0.02911980471089015,0.005399748121673954,0.002857099439403399,-0.0864871320092585,-0.02244716182829532,-0.020177318934919676,0.4741341467189449,0.04023221446879436,-0.049236098403540755,0.046635654572975804,-0.05300225739834334,0.03706760423102638,0.03706614151348296,0.012082649294865891,-0.09096326381387926,-0.0005958658743024212,analytic,0.22477499553471983,-0.20827266129266825,-0.0799765214213697,0.47409877139079537,0.14415498766391666,-0.031784054773812284,0.39101357119650776,-1.356165381525157,0.36031201308747857,-4.349142095786102,1,0.008873701095581055,0.059549786150455475,0.07104544341564178,0.16140103340148926,0.005399748121673954,0.002857099439403399,0.09437017601019917,0.08708205044583671,0.0135269971785459,0.1564265757244365,1,0.011566067987587303,1.0,0.005399748121673954,0.002857099439403399,0.09437017601019917,0.08708205044583671,0.0135269971785459,0.1564265757244365,0.08708205044583671,0.0135269971785459,0.1564265757244365
4.048235624009976,1788408584.1013324,control,takeoff,1,1,0.00657211200450547,3.869208335876465,3869.0,0,30.0,4.041947507997975,3.869208335876465,1,1,0,1.0854933711003192,0.061443991959095,0.0708753690123558,0.1645229011774063,0.07378947734832764,-0.01440682727843523,0.199721097946167,10.277847290039062,-2.335947036743164,26.97730255126953,0.003510651644319296,-0.03358576074242592,0.1927473545074463,-0.013444746410175115,-0.015018497134545524,0.08335041525795486,0.034725699573755264,0.04896179586648941,0.19457346995766242,0.048616798040566116,-0.0,-0.0,-0.0413818498725651,0.026718292385339737,0.021913573145866394,-0.03005056878025611,0.005399748121673954,0.002857099439403399,-0.08766507045276326,-0.0227188218701718,-0.0201519098324952,0.4749673014979108,0.040081475013407836,-0.04971684787075778,0.04662382953981886,-0.05228011267518174,0.03515326607612898,0.03621605940995244,0.012034888707583055,-0.09075217523109257,-0.0005993115414418996,analytic,0.2229305545482331,-0.20250805565780702,-0.07838373983389235,0.4749914231530988,0.12657929902052262,-0.02738810649554006,0.34007955387676214,-1.4523381768340398,0.36325196909551805,-4.208848902247494,1,0.007934808731079102,0.059549786150455475,0.07104544341564178,0.16140103340148926,0.005399748121673954,0.002857099439403399,0.09437017601019917,0.08708205044583671,0.0135269971785459,0.1564265757244365,1,0.022680139998556115,1.0,0.005399748121673954,0.002857099439403399,0.09437017601019917,0.08708205044583671,0.0135269971785459,0.1564265757244365,0.08708205044583671,0.0135269971785459,0.1564265757244365
4.059554321007454,1788408584.1124258,control,takeoff,1,1,0.00011548600741662085,3.869208335876465,3869.0,0,30.0,4.053266204995452,3.869208335876465,1,1,0,1.0854933711003192,0.06211680546402931,0.0708198994398117,0.1665848195552826,0.06096786633133888,-0.010362571105360985,0.16985152661800385,6.318241119384766,-1.4129078388214111,16.659992218017578,-0.017711183056235313,-0.0704001933336258,0.1482098549604416,-0.014418764804370711,-0.0174173602844125,0.08458936808179177,0.034725699573755264,0.04896179586648941,0.19664063616467536,0.048616798040566116,-0.0,-0.0,-0.04209031410937566,0.027391105890274048,0.021858103573322296,-0.03005581660939277,0.006936808121930955,0.003015895473985431,-0.08639617378774608,-0.023924460333941237,-0.02018780226089885,0.4745269860785634,0.040075994937538065,-0.052293650240833295,0.04652091390683985,-0.0531073451014025,0.03532910418774731,0.037566811315026094,0.0020687825488076793,-0.07777019120680895,-0.00010836992747991235,analytic,0.2160962563953145,-0.1899305300429272,-0.08048545901562638,0.47458965354810084,0.09636887065337293,-0.01979805747798126,0.25626242832207985,-1.461143933535578,0.36939744715571254,-3.96988512622646,1,0.0013048648834228516,0.06052979454398155,0.07029063254594803,0.16384688019752502,0.006936808121930955,0.003015895473985431,0.09683344443292782,0.07263350263222984,0.003289703078431054,0.11646789094968119,1,0.00945013400632888,1.0,0.006936808121930955,0.003015895473985431,0.09683344443292782,0.07263350263222984,0.003289703078431054,0.11646789094968119,0.07263350263222984,0.003289703078431054,0.11646789094968119
4.070449880004162,1788408584.1235216,control,takeoff,1,1,0.011011045004124753,3.869208335876465,3869.0,0,30.0,4.064161763992161,3.869208335876465,1,1,0,1.0854933711003192,0.06211680546402931,0.0708198994398117,0.1665848195552826,0.06096786633133888,-0.010362571105360985,0.16985152661800385,6.318241119384766,-1.4129078388214111,16.659992218017578,-0.017711183056235313,-0.0704001933336258,0.1482098549604416,-0.014418764804370711,-0.0174173602844125,0.08458936808179177,0.034725699573755264,0.04896179586648941,0.19864326553857062,0.048616798040566116,-0.0,-0.0,-0.04276710878829974,0.027391105890274048,0.021858103573322296,-0.032058445983288025,0.006936808121930955,0.003015895473985431,-0.08754080258585181,-0.023933462078727024,-0.020193612988750272,0.47583024720961575,0.03997736442754012,-0.05217049725384911,0.04653099676858082,-0.05301173311565312,0.03520419568479048,0.03756023170198447,0.0020401776567865416,-0.07752815576136338,-0.00010661894081226939,analytic,0.21607856897446034,-0.18950545707522617,-0.0806148633775026,0.47589267378712796,0.09636887065337293,-0.01979805747798126,0.25626242832207985,-1.461143933535578,0.36939744715571254,-3.96988512622646,1,0.012400627136230469,0.06052979454398155,0.07029063254594803,0.16384688019752502,0.006936808121930955,0.003015895473985431,0.09683344443292782,0.07263350263222984,0.003289703078431054,0.11646789094968119,1,0.020345693003037013,1.0,0.006936808121930955,0.003015895473985431,0.09683344443292782,0.07263350263222984,0.003289703078431054,0.11646789094968119,0.07263350263222984,0.003289703078431054,0.11646789094968119
4.08155402301054,1788408584.134466,control,takeoff,1,1,0.00013987600686959922,3.869208335876465,3869.0,0,30.0,4.075265906998538,3.869208335876465,1,1,0,1.0854933711003192,0.06290101259946823,0.0707758441567421,0.16873599588871002,0.05215787887573242,-0.006980699487030506,0.14373180270195007,3.906489849090576,-0.8416033983230591,10.233636856079102,-0.0011620111763477325,-0.10982272028923035,0.1062680333852768,-0.014357643548495497,-0.021205927550709935,0.08558687075930567,0.034725699573755264,0.04896179586648941,0.20069703617953577,0.048616798040566116,-0.0,-0.0,-0.04345162742990682,0.028175313025712967,0.021814048290252686,-0.03196104029082575,0.007992686682747977,0.0027907114265588564,-0.08629243191800297,-0.025006675476809414,-0.02006502708850046,0.4753503578136142,0.03964269356932703,-0.054456505952734074,0.046457934614173614,-0.052461294901788275,0.03371158207714259,0.038648995086765975,-0.013504465467951938,-0.052217167906609366,0.0007367126310723897,analytic,0.20003255677940673,-0.15938796247266712,-0.08124592590545616,0.47550278726613976,0.07109148705394866,-0.013280272984372473,0.19162883901761033,-1.1351332801489469,0.29478951751763155,-2.863714923851646,1,0.0013380050659179688,0.06101169437170029,0.07010243088006973,0.16600067913532257,0.007992686682747977,0.0027907114265588564,0.09924313239750986,0.04442923184966099,-0.014388360901018178,0.1233652218866331,1,0.007406627002637833,1.0,0.007992686682747977,0.0027907114265588564,0.09924313239750986,0.04442923184966099,-0.014388360901018178,0.1233652218866331,0.04442923184966099,-0.014388360901018178,0.1233652218866331
4.092662540002493,1788408584.1462657,control,takeoff,1,1,0.0004423439968377352,3.869208335876465,3869.0,0,30.0,4.086374423990492,3.869208335876465,1,1,0,1.0854933711003192,0.06328856945037842,0.0706968829035759,0.16992168128490448,0.04886651039123535,-0.0070393141359090805,0.13683009147644043,3.0645530223846436,-0.6743626594543457,8.059755325317383,-0.0434332899749279,-0.0981987714767456,0.11348357796669006,-0.01669803509825179,-0.02174313184251673,0.08714100750195981,0.034725699573755264,0.04896179586648941,0.20276448917278844,0.048616798040566116,-0.0,-0.0,-0.044131130415727395,0.028562869876623154,0.021735087037086487,-0.03284280788788396,0.008331154375054993,0.002558879267683665,-0.08485152158241213,-0.025459833509720968,-0.019907128225037526,0.4752431274922472,0.039275502666963835,-0.05540234287272574,0.046440840622972136,-0.05433886281958707,0.03408308481075996,0.04025569883477072,-0.006933259741559355,-0.020141975673574126,0.0003848090822226564,analytic,0.21372195356377713,-0.1289123028061247,-0.08311151915399498,0.47535943809238673,0.06208866145147806,-0.010826637723914425,0.16914912594615028,-0.8293379771088895,0.22602824861040247,-2.070825381706467,1,0.002282381057739258,0.0618879497051239,0.07006368786096573,0.16807188093662262,0.008331154375054993,0.002558879267683665,0.10184045668440003,0.009191059814339573,-0.0090011944609799,0.1303493687602834,1,0.006190441999933682,1.0,0.008331154375054993,0.002558879267683665,0.10184045668440003,0.009191059814339573,-0.0090011944609799,0.1303493687602834,0.009191059814339573,-0.0090011944609799,0.1303493687602834
4.103817290000734,1788408584.1567125,control,takeoff,1,1,0.011597093995078467,3.869208335876465,3869.0,0,30.0,4.0975291739887325,3.869208335876465,1,1,0,1.0854933711003192,0.06328856945037842,0.0706968829035759,0.16992168128490448,0.04886651039123535,-0.0070393141359090805,0.13683009147644043,3.0645530223846436,-0.6743626594543457,8.059755325317383,-0.0434332899749279,-0.0981987714767456,0.11348357796669006,-0.01669803509825179,-0.02174313184251673,0.08714100750195981,0.034725699573755264,0.04896179586648941,0.20485344269521663,0.048616798040566116,-0.0,-0.0,-0.044808142073488204,0.028562869876623154,0.021735087037086487,-0.03493176141031215,0.008331154375054993,0.002558879267683665,-0.08600726861168939,-0.025470055811205847,-0.01991279827354941,0.4765880547305008,0.0391753310558146,-0.05526864959110026,0.0464516281577249,-0.05424217227327656,0.033947496592881723,0.04024834521662213,-0.006936804139453322,-0.0200525379094939,0.000384073325538492,analytic,0.2137344739113133,-0.12860562125771552,-0.08326940010778822,0.47670401261629647,0.06208866145147806,-0.010826637723914425,0.16914912594615028,-0.8293379771088895,0.22602824861040247,-2.070825381706467,1,0.012729167938232422,0.0618879497051239,0.07006368786096573,0.16807188093662262,0.008331154375054993,0.002558879267683665,0.10184045668440003,0.009191059814339573,-0.0090011944609799,0.1303493687602834,1,0.017345191998174414,1.0,0.008331154375054993,0.002558879267683665,0.10184045668440003,0.009191059814339573,-0.0090011944609799,0.1303493687602834,0.009191059814339573,-0.0090011944609799,0.1303493687602834
4.114865477007697,1788408584.1673467,control,takeoff,1,1,0.0026615910028340295,3.869208335876465,3869.0,0,30.0,4.108577360995696,3.869208335876465,1,1,0,1.0854933711003192,0.06399554014205933,0.07066355645656586,0.1723085194826126,0.05748700350522995,-0.0019033786375075579,0.170665442943573,2.7417383193969727,-0.1510469913482666,7.731000900268555,0.040603622794151306,-0.15989431738853455,0.10744311660528183,-0.01457403919914245,-0.024700974987828226,0.08858534400586834,0.034725699573755264,0.04896179586648941,0.20693511767175865,0.048616798040566116,-0.0,-0.0,-0.04547343185142555,0.029269840568304062,0.021701760590076447,-0.03462659818914604,0.007981041764113555,0.002625145509287376,-0.08463897091908126,-0.02585280108390349,-0.019923269291353046,0.4759715623357729,0.03921082173865946,-0.05614046719185936,0.04641551562879622,-0.05202082832292191,0.031925949736066724,0.04171332704636637,0.01046036772841476,0.014186775511082548,-0.0005883198750443019,analytic,0.2261323546418468,-0.0892352605020833,-0.08495483892899645,0.4761994337709957,0.04751045373903361,-0.00678547190616776,0.13331378085635576,-1.8680408302213376,0.5222051597391671,-4.578064009945262,1,0.003427267074584961,0.06259004026651382,0.07006347179412842,0.17012229561805725,0.007981041764113555,0.002625145509287376,0.10434796493187798,-0.027197295048722106,0.007688274702075301,0.12419952395366197,1,0.004370997005025856,1.0,0.007981041764113555,0.002625145509287376,0.10434796493187798,-0.027197295048722106,0.007688274702075301,0.12419952395366197,-0.027197295048722106,0.007688274702075301,0.12419952395366197
4.126087392010959,1788408584.1790056,control,takeoff,1,1,0.006621172011364251,3.869208335876465,3869.0,0,30.0,4.1197992759989575,3.869208335876465,1,1,0,1.0854933711003192,0.06432253122329712,0.07055667787790298,0.17337341606616974,0.055022675544023514,-0.004475204739719629,0.16594992578029633,2.1253139972686768,-0.19188383221626282,6.054535388946533,-0.04722840338945389,-0.1305026262998581,0.0858738124370575,-0.017459500621755372,-0.02479466525867076,0.08858392530791717,0.034725699573755264,0.04896179586648941,0.20906237908706654,0.048616798040566116,-0.0,-0.0,-0.046143829973183274,0.029596831649541855,0.021594882011413574,-0.0356889630208968,0.007981041764113555,0.002625145509287376,-0.08579041248676184,-0.026108334853207453,-0.01984882419412737,0.47685237875528985,0.038957410649041055,-0.05656328173055521,0.04641330258959668,-0.05463612909588405,0.032188003176951516,0.041758629064702,0.01042514927225864,0.014215565581371853,-0.0005907585714333488,analytic,0.23425093185123916,-0.09017313378098381,-0.08519538792418496,0.47701647525087776,0.043789097021903714,-0.005366584631077559,0.125048605498582,-0.5140970773059124,0.19601609213991408,-1.1418154232012103,1,0.00784754753112793,0.06259004026651382,0.07006347179412842,0.17012229561805725,0.007981041764113555,0.002625145509287376,0.10434796493187798,-0.027197295048722106,0.007688274702075301,0.12419952395366197,1,0.015592912008287385,1.0,0.007981041764113555,0.002625145509287376,0.10434796493187798,-0.027197295048722106,0.007688274702075301,0.12419952395366197,-0.027197295048722106,0.007688274702075301,0.12419952395366197
4.137206545012305,1788408584.189758,control,takeoff,1,1,0.005846128013217822,3.869208335876465,3869.0,0,30.0,4.130918429000303,3.869208335876465,1,1,0,1.0854933711003192,0.06467662006616592,0.07049646228551865,0.174586221575737,0.04996859282255173,-0.004592084791511297,0.1531410962343216,1.6153175830841064,-0.15547123551368713,4.628376483917236,0.03478279337286949,-0.07994966953992844,0.08423860371112823,-0.013163114007195793,-0.02332560715902669,0.08948650446914705,0.034725699573755264,0.04896179586648941,0.2111828731657535,0.048616798040566116,-0.0,-0.0,-0.04680276814972525,0.02995092049241066,0.021534666419029236,-0.03659665159001649,0.006939012993155057,0.003004344012664193,-0.084466402734403,-0.025914674340966202,-0.019980162441284016,0.47679664067099603,0.03925600262179587,-0.05617810454993633,0.04641150067716499,-0.050647895804172324,0.033379107914633284,0.04257620733964154,0.026087395659251375,0.04664478376247079,-0.0014682152674059066,analytic,0.2396026136655951,-0.06221821354440899,-0.08576749794437934,0.47703777778595036,0.04410653419371055,-0.004390985235350124,0.12879453739964902,0.026669631221242735,0.08196543572896588,0.314716206084832,1,0.006697416305541992,0.0628809928894043,0.07008495926856995,0.17219029366970062,0.006939012993155057,0.003004344012664193,0.10680714112871198,-0.06057976759833213,0.022011035473004734,0.12110423687658933,1,0.0025526170065859333,1.0,0.006939012993155057,0.003004344012664193,0.10680714112871198,-0.06057976759833213,0.022011035473004734,0.12110423687658933,-0.06057976759833213,0.022011035473004734,0.12110423687658933
4.1482860170071945,1788408584.200872,control,takeoff,1,1,0.004927638001390733,3.869208335876465,3869.0,0,30.0,4.141997900995193,3.869208335876465,1,1,0,1.0854933711003192,0.06493126600980759,0.07063551992177963,0.17568977177143097,0.0442226268351078,-0.001354045933112502,0.1409212052822113,1.1964055299758911,-0.07036323100328445,3.498861312866211,-0.024253781884908676,-0.07547483593225479,0.08299241214990616,-0.016307604818897634,-0.024002063326418653,0.09043212973330773,0.034725699573755264,0.04896179586648941,0.2133083225769867,0.048616798040566116,-0.0,-0.0,-0.04745408662695361,0.030205566436052322,0.021673724055290222,-0.037618550805555734,0.005532866309800976,0.003506352422616503,-0.08304595187859641,-0.025481814433284473,-0.020316504214459,0.47675799530829155,0.04000602178876453,-0.05531084667633852,0.046403982139894794,-0.05450076847572602,0.03179552233611541,0.04358389855659857,0.030950312589409647,0.05634779307826775,-0.0017150080901677048,analytic,0.2567856553428665,-0.04819979306232477,-0.08740300567679211,0.4769178839622843,0.045397224652035384,-0.0037996903548286336,0.1354819290907296,0.10765945732466953,0.049321264866574045,0.5578107095590246,1,0.005822658538818359,0.06380521506071091,0.07008147984743118,0.17501632869243622,0.005532866309800976,0.003506352422616503,0.10935295195386145,-0.06934775547182051,0.02529914409633307,0.13438550665241836,1,0.0013595320051535964,1.0,0.005532866309800976,0.003506352422616503,0.10935295195386145,-0.06934775547182051,0.02529914409633307,0.13438550665241836,-0.06934775547182051,0.02529914409633307,0.13438550665241836
4.159351177004282,1788408584.2119122,control,takeoff,1,1,0.0008440069941570982,3.869208335876465,3869.0,0,30.0,4.153063060992281,3.869208335876465,1,1,0,1.0854933711003192,0.06534627079963684,0.07056623697280884,0.1767040640115738,0.040875401347875595,-0.0020009828731417656,0.12617263197898865,0.9127858877182007,-0.06486013531684875,2.603724479675293,-0.021372728049755096,-0.03651121258735657,0.06635544449090958,-0.016455553482185612,-0.02220044785357425,0.09039969459575183,0.034725699573755264,0.04896179586648941,0.21544343856101927,0.048616798040566116,-0.0,-0.0,-0.048099315218804006,0.030620571225881577,0.021604441106319427,-0.03873937454944548,0.005532866309800976,0.003506352422616503,-0.08416404431304915,-0.025802058504801228,-0.02027066541071508,0.4776523808023152,0.03980400187981181,-0.05587028088987482,0.046392923122051115,-0.05447282331740636,0.03414529866788073,0.043540856590637986,0.03087293663012991,0.05629197455962721,-0.0017280453566822012,analytic,0.2569196881939307,-0.055490161584720935,-0.08745409312730694,0.47778713659759225,0.04573422212780821,-0.0031309104895698783,0.13953266255103222,0.022320177185464047,0.044294946294222974,0.2682901062024281,1,0.001764535903930664,0.06380521506071091,0.07008147984743118,0.17501632869243622,0.005532866309800976,0.003506352422616503,0.10935295195386145,-0.06934775547182051,0.02529914409633307,0.13438550665241836,1,0.0124246920022415,1.0,0.005532866309800976,0.003506352422616503,0.10935295195386145,-0.06934775547182051,0.02529914409633307,0.13438550665241836,-0.06934775547182051,0.02529914409633307,0.13438550665241836
4.170476815008442,1788408584.2230682,control,takeoff,1,1,0.0020504080021055415,3.869208335876465,3869.0,0,30.0,4.1641886989964405,3.869208335876465,1,1,0,1.0854933711003192,0.06566809862852097,0.07061825692653656,0.1778976321220398,0.03918202966451645,-0.0005530891939997673,0.12497691810131073,0.6961237192153931,-0.022727103903889656,2.0588977336883545,0.041830502450466156,-0.0014942437410354614,0.05892607197165489,-0.013535437979674,-0.020820171719164556,0.09066914712425318,0.034725699573755264,0.04896179586648941,0.2176026648766929,0.048616798040566116,-0.0,-0.0,-0.04874278216001661,0.0309423990547657,0.02165646106004715,-0.03970503275465309,0.004847322283116982,0.00375292516438778,-0.08378034065710609,-0.02574365548589721,-0.020426942278208324,0.47795098466971997,0.04011135771496949,-0.05572841989879621,0.04638141705220023,-0.05188699486583275,0.03545677893712297,0.04375191222005546,0.031161501131829125,0.05595648385673249,-0.0017397805947195594,analytic,0.2497379450353351,-0.05997233747933638,-0.08819222800229565,0.4781320314405243,0.04527362695777828,-0.0025311164065691754,0.14027706582021743,-0.046383581369441526,0.06040140988010037,0.07496407225826142,1,0.0029904842376708984,0.06383294612169266,0.07012517005205154,0.1761697679758072,0.004847322283116982,0.00375292516438778,0.11085492148447752,-0.06855440266838861,0.02465727417712387,0.1501969530615836,1,0.00047940100193955004,1.0,0.004847322283116982,0.00375292516438778,0.11085492148447752,-0.06855440266838861,0.02465727417712387,0.1501969530615836,-0.06855440266838861,0.02465727417712387,0.1501969530615836
4.1815764070051955,1788408584.2344553,control,takeoff,1,1,0.0008852680039126426,3.869208335876465,3869.0,0,30.0,4.175288290993194,3.869208335876465,1,1,0,1.0854933711003192,0.0662391260266304,0.07058550417423248,0.18028652667999268,0.041809339076280594,-0.0014427205314859748,0.15048280358314514,0.5259435176849365,-0.04519007354974747,2.091810703277588,0.029302630573511124,0.020731210708618164,0.05138132721185684,-0.014527544128144028,-0.01948956189538599,0.09144988903561978,0.034725699573755264,0.04896179586648941,0.21976920071808456,0.048616798040566116,-0.0,-0.0,-0.049379458659999535,0.03151342645287514,0.021623708307743073,-0.039482674038091886,0.004003095745040746,0.004007876893865847,-0.08329237002978093,-0.02580036698690049,-0.020523530533104427,0.47767805739791297,0.040330792601038196,-0.05588701675359445,0.04636278507767551,-0.05308933406103222,0.03693583867116235,0.04454366329597331,0.030538421715394337,0.06525516403413856,-0.0017098708150726474,analytic,0.25346228417104344,-0.05534144418866397,-0.0893498752971122,0.47781144474833664,0.043877486449615144,-0.0015987506531479052,0.13946027757173374,-0.12433157535397499,0.07429490010962038,-0.07608587069792255,1,0.0020012855529785156,0.06384449452161789,0.07017164677381516,0.17733056843280792,0.004003095745040746,0.004007876893865847,0.11245252795030977,-0.07674786709784502,0.023177429952553175,0.1452369514393055,1,0.010218171999440528,1.0,0.004003095745040746,0.004007876893865847,0.11245252795030977,-0.07674786709784502,0.023177429952553175,0.1452369514393055,-0.07674786709784502,0.023177429952553175,0.1452369514393055
4.192668618008611,1788408584.2456253,control,takeoff,1,1,0.003255634001106955,3.869208335876465,3869.0,0,30.0,4.186380501996609,3.869208335876465,1,1,0,1.0854933711003192,0.0665503516793251,0.0706256702542305,0.18146514892578125,0.04069133475422859,-0.00021929945796728134,0.14781901240348816,0.3947329521179199,-0.007676588371396065,1.611448049545288,0.01176567655056715,0.04970981180667877,0.08180733770132065,-0.015061631575785692,-0.01804066913453772,0.09317767805842118,0.034725699573755264,0.04896179586648941,0.22194656643998684,0.048616798040566116,-0.0,-0.0,-0.050010439205628934,0.03182465210556984,0.02166387438774109,-0.04048141751420559,0.003192222420859172,0.004235316659259601,-0.08312320210394258,-0.025676841271507548,-0.020662557193485222,0.47806594333188923,0.04060045304216454,-0.055597758132206035,0.046359429966688154,-0.05386339850721601,0.038107876592716,0.046261363317824614,0.03342704964661235,0.0790484700962498,-0.0018619206843848613,analytic,0.2597040066714505,-0.045499427391878004,-0.0921922880816757,0.4781558825439918,0.04315656258174517,-0.0012761365225161263,0.13995801643527414,-0.08389351226874872,0.03754242817094562,0.05792159660136415,1,0.0045778751373291016,0.0645218938589096,0.07012232393026352,0.17768928408622742,0.003192222420859172,0.004235316659259601,0.11372451637274489,-0.09009703602017148,0.02527108504374947,0.14133204693722978,1,0.009517932005110197,1.0,0.003192222420859172,0.004235316659259601,0.11372451637274489,-0.09009703602017148,0.02527108504374947,0.14133204693722978,-0.09009703602017148,0.02527108504374947,0.14133204693722978
4.2038790750084445,1788408584.2568395,control,takeoff,1,1,0.01446609100094065,3.869208335876465,3869.0,0,30.0,4.197590958996443,3.869208335876465,1,1,0,1.0854933711003192,0.0665503516793251,0.0706256702542305,0.18146514892578125,0.04069133475422859,-0.00021929945796728134,0.14781901240348816,0.3947329521179199,-0.007676588371396065,1.611448049545288,0.01176567655056715,0.04970981180667877,0.08180733770132065,-0.015061631575785692,-0.01804066913453772,0.09317767805842118,0.034725699573755264,0.04896179586648941,0.22415953764569344,0.048616798040566116,-0.0,-0.0,-0.05064279076962134,0.03182465210556984,0.02166387438774109,-0.042694388719912185,0.0022568333560082582,0.004554993375246485,-0.08300072477956646,-0.02526342465463368,-0.020813214977362493,0.4790163873780945,0.040873879173499834,-0.05464365638959959,0.04638317086336155,-0.05416031761018622,0.03716128381488938,0.04624580531887116,0.016129121182065217,0.028247112572633758,-0.000882969899843603,analytic,0.24129497569559932,-0.09277447567113763,-0.09481814703844417,0.4790960537169948,0.04315656258174517,-0.0012761365225161263,0.13995801643527414,-0.08389351226874872,0.03754242817094562,0.05792159660136415,1,0.015792131423950195,0.06547947227954865,0.07007388025522232,0.18053433299064636,0.0022568333560082582,0.004554993375246485,0.11495531845501805,-0.02951847091178322,0.012299580431806324,0.041817050653727365,1,0.008268118006526493,1.0,0.0022568333560082582,0.004554993375246485,0.11495531845501805,-0.02951847091178322,0.012299580431806324,0.041817050653727365,-0.02951847091178322,0.012299580431806324,0.041817050653727365
4.214980650998768,1788408584.2679236,control,takeoff,1,1,0.0022755399986635894,3.869208335876465,3869.0,0,30.0,4.208692534986767,3.869208335876465,1,1,0,1.0854933711003192,0.06723210960626602,0.0705624371767044,0.18394851684570312,0.03983910754323006,-0.0007270275964401662,0.14401152729988098,0.31297487020492554,-0.005353582091629505,1.218599796295166,-0.029157551005482674,0.08211604505777359,0.07244150340557098,-0.015293288594970287,-0.015987030925605286,0.09310792831243499,0.034725699573755264,0.04896179586648941,0.2263632250228065,0.048616798040566116,-0.0,-0.0,-0.05126369503105546,0.03250641003251076,0.021600641310214996,-0.04241470817710338,0.002066302936911333,0.004667265359634359,-0.08359470008576582,-0.025696466638869507,-0.020823099782561857,0.47909572932773115,0.040845810509422674,-0.05553432279269933,0.04634836159763232,-0.054388758720913984,0.04009397300475743,0.04617774253638758,0.01650662202514598,0.02028190717195153,-0.0009183936179889241,analytic,0.2422978526023739,-0.10975632845573043,-0.09529267472505111,0.4791378725279312,0.040605506802148195,-0.0007404910484944317,0.14279463849361201,-0.17128744374539775,0.03288750754792732,0.14941132304336827,1,0.003499269485473633,0.0657665953040123,0.07008648663759232,0.18195456266403198,0.002066302936911333,0.004667265359634359,0.11545263158731307,-0.021170046566324208,0.012474664931985515,0.055257014699444724,1,0.00646506498742383,1.0,0.002066302936911333,0.004667265359634359,0.11545263158731307,-0.021170046566324208,0.012474664931985515,0.055257014699444724,-0.021170046566324208,0.012474664931985515,0.055257014699444724
4.226036406005733,1788408584.2789838,control,takeoff,1,1,0.005181701999390498,3.869208335876465,3869.0,0,30.0,4.219748289993731,3.869208335876465,1,1,0,1.0854933711003192,0.06749513000249863,0.07053858041763306,0.1851389855146408,0.03831078112125397,-0.0011657042196020484,0.14435532689094543,0.2129620611667633,-0.015022932551801205,0.9832970499992371,0.045881904661655426,0.0337892509996891,0.045438118278980255,-0.012458292684441409,-0.017297094336461045,0.09261481070630188,0.034725699573755264,0.04896179586648941,0.22856982226580697,0.048616798040566116,-0.0,-0.0,-0.05187678946766416,0.03276943042874336,0.021576784551143646,-0.04343083675116616,0.002066302936911333,0.004667265359634359,-0.08467520553317608,-0.025901214251900406,-0.020811961804143898,0.4799285035530333,0.040731848591519036,-0.055861645284362806,0.04634137857299927,-0.05142785208922217,0.03917087567277032,0.04565291009976141,0.016464563343432777,0.020305886711291098,-0.0009214597641425443,analytic,0.2336497605443634,-0.10716650178726583,-0.09452306010184308,0.48007047730662084,0.03969994335512404,-0.0006217463783754336,0.14324920743878788,-0.11085451910536696,0.014536124824411004,0.05564604223293158,1,0.006390571594238281,0.0657665953040123,0.07008648663759232,0.18195456266403198,0.002066302936911333,0.004667265359634359,0.11545263158731307,-0.021170046566324208,0.012474664931985515,0.055257014699444724,1,0.017520819994388148,1.0,0.002066302936911333,0.004667265359634359,0.11545263158731307,-0.021170046566324208,0.012474664931985515,0.055257014699444724,-0.021170046566324208,0.012474664931985515,0.055257014699444724
4.237154896007269,1788408584.2911248,control,takeoff,1,1,0.007801223007845692,3.869208335876465,3869.0,0,30.0,4.230866779995267,3.869208335876465,1,1,0,1.0854933711003192,0.0678611695766449,0.07067335397005081,0.18635526299476624,0.039243463426828384,0.002232004189863801,0.1440432220697403,0.19226962327957153,0.06776197999715805,0.7793092727661133,-0.01915697008371353,0.060067810118198395,0.0636942982673645,-0.014856377735968698,-0.015874357829726547,0.09376017649530183,0.034725699573755264,0.04896179586648941,0.23080095292683056,0.048616798040566116,-0.0,-0.0,-0.05248808197150691,0.03313547000288963,0.0217115581035614,-0.044445689932064325,0.001705227447897652,0.004880620092171323,-0.08466427558536199,-0.026020655227029104,-0.021015989349863262,0.4803784675092754,0.041106324530591695,-0.05607541815011647,0.04631165711546045,-0.054176464399127114,0.0407711455585935,0.046841963673067935,0.014572051782238426,0.020055784467074962,-0.0008186830344290811,analytic,0.24031392389901537,-0.11238093776796627,-0.09701347132120945,0.48043270281260625,0.039081392802995565,-0.0005060722288114142,0.14362071668828794,-0.0726190744834205,0.013580376986311498,0.043615930448834585,1,0.010013818740844727,0.0664634257555008,0.07009006291627884,0.18405340611934662,0.001705227447897652,0.004880620092171323,0.1165438031770033,-0.019923640392403838,0.01034595429674276,0.04854234430025296,1,0.004421564997755922,1.0,0.001705227447897652,0.004880620092171323,0.1165438031770033,-0.019923640392403838,0.01034595429674276,0.04854234430025296,-0.019923640392403838,0.01034595429674276,0.04854234430025296
4.248233236998203,1788408584.3012123,control,takeoff,1,1,0.0039329829887719825,3.869208335876465,3869.0,0,30.0,4.241945120986202,3.869208335876465,1,1,0,1.0854933711003192,0.06819131225347519,0.07060907036066055,0.18762411177158356,0.035820845514535904,0.000923782296013087,0.13224545121192932,0.10793022066354752,0.036670852452516556,0.46528005599975586,0.040821611881256104,0.0476192906498909,0.04662875086069107,-0.01066321311594711,-0.01591091522410635,0.09343785341448496,0.034725699573755264,0.04896179586648941,0.2330359369041272,0.048616798040566116,-0.0,-0.0,-0.05309189991213122,0.033465612679719925,0.021647274494171143,-0.04541182513254363,0.0011276838569586262,0.005079854574654864,-0.08508422893941384,-0.026015480272747016,-0.021064442756042773,0.48095720384096996,0.04115788353396049,-0.05600202354946371,0.046311780271402724,-0.05005743397004003,0.040758318685564315,0.04643792450675149,0.01533877439101712,0.03426335614653779,-0.0008606303801036842,analytic,0.22964015856119363,-0.09841970158722949,-0.0957796055102264,0.4811145893540956,0.038566786348969595,-7.043945131562782e-06,0.1430577792701404,-0.03449491639306629,0.03345068603131649,-0.03773462035232784,1,0.005182981491088867,0.06675302237272263,0.07012011110782623,0.18684615194797516,0.0011276838569586262,0.005079854574654864,0.11719373732618796,-0.03381911338368895,0.01041552743704004,0.039144642279922426,1,0.0034451609972165897,1.0,0.0011276838569586262,0.005079854574654864,0.11719373732618796,-0.03381911338368895,0.01041552743704004,0.039144642279922426,-0.03381911338368895,0.01041552743704004,0.039144642279922426
4.259383914002683,1788408584.3124394,control,takeoff,1,1,0.008475900001940317,3.869208335876465,3869.0,0,30.0,4.253095797990682,3.869208335876465,1,1,0,1.0854933711003192,0.06855648756027222,0.07058116048574448,0.1889144480228424,0.03966032341122627,-0.00010196870425716043,0.14467743039131165,0.2020372748374939,-0.001571768894791603,0.7468307614326477,-0.06045013293623924,0.052521996200084686,0.05576178431510925,-0.013762652090729586,-0.015424698541743966,0.09404462231360342,0.034725699573755264,0.04896179586648941,0.23529744658758167,0.048616798040566116,-0.0,-0.0,-0.05369435122343341,0.03383078798651695,0.021619364619255066,-0.046382998564739264,0.0008768272989032887,0.005139065842103021,-0.08553798354390277,-0.026183566795938605,-0.021077239358031335,0.4815499032873999,0.04111750726264225,-0.056281669054067,0.046302557436650404,-0.05309069310637643,0.04145604244559904,0.04710388974950069,0.011535539534832065,0.02580497304497674,-0.0006504755897234965,analytic,0.2348619367882599,-0.10902397283903009,-0.09760772300490739,0.4816246310812734,0.038160799039193394,0.0003936297135657236,0.14235082599132992,-0.061156234640984054,0.060355808410022374,-0.10649249264214668,1,0.009771585464477539,0.06741819530725479,0.07008108496665955,0.18748629093170166,0.0008768272989032887,0.005139065842103021,0.117810276039085,-0.025085655805529832,0.00592112674481481,0.06165387128969504,1,0.0020028439903398976,1.0,0.0008768272989032887,0.005139065842103021,0.117810276039085,-0.025085655805529832,0.00592112674481481,0.06165387128969504,-0.025085655805529832,0.00592112674481481,0.06165387128969504
4.2705851740029175,1788408584.3235562,control,takeoff,1,1,0.0004937619960401207,3.869208335876465,3869.0,0,30.0,4.264297057990916,3.869208335876465,1,1,0,1.0854933711003192,0.06920995563268661,0.07071495056152344,0.19155684113502502,0.08695691078901291,0.01490924134850502,0.327944278717041,9.233170509338379,2.555864095687866,35.1982536315918,0.23844145238399506,0.5180701017379761,0.045849453657865524,-0.011330808841900943,-0.01386427110157532,0.09406598709730887,0.034725699573755264,0.04896179586648941,0.23758119350023552,0.048616798040566116,-0.0,-0.0,-0.05429417261045637,0.03448425605893135,0.021753154695034027,-0.04602435236521049,0.0008412251385134349,0.005140836996725637,-0.08586358942101915,-0.02666487769171427,-0.021185522225014068,0.4814990701763542,0.041300238570381766,-0.05729115173161618,0.046250612898944825,-0.050854466479777996,0.04408484830978394,0.0470848956272074,0.005593202220907253,0.005644912016310292,-0.00032106583358498683,analytic,0.2215659711819164,-0.1369972840420186,-0.09877824482933249,0.48160688915405186,0.037509936608442526,0.000589310286665877,0.13881791821418762,-0.2649668273690561,0.08722698183362423,-1.4592201296439065,1,0.0017740726470947266,0.06773221492767334,0.07008969783782959,0.18895380198955536,0.0008412251385134349,0.005140836996725637,0.11855309688691637,-0.0035602160389860854,0.00017711546226165163,0.07428208478315136,1,0.0014345950039569288,1.0,0.0008412251385134349,0.005140836996725637,0.11855309688691637,-0.0035602160389860854,0.00017711546226165163,0.07428208478315136,-0.0035602160389860854,0.00017711546226165163,0.07428208478315136
4.281558627000777,1788408584.334767,control,takeoff,1,1,0.0005563320009969175,3.869208335876465,3869.0,0,30.0,4.275270510988776,3.869208335876465,1,1,0,1.0854933711003192,0.06955468654632568,0.07069680839776993,0.19287773966789246,0.07589010894298553,0.01159454882144928,0.28658920526504517,7.183500289916992,1.983878493309021,27.399885177612305,0.1475336253643036,0.4132007658481598,0.036527834832668304,-0.01368645113988427,-0.013932792764699815,0.09405856642627572,0.034725699573755264,0.04896179586648941,0.2398300631117389,0.048616798040566116,-0.0,-0.0,-0.054876582945757375,0.03482898697257042,0.021735012531280518,-0.04695232344384645,0.0008412251385134349,0.005140836996725637,-0.08690368164543127,-0.02693057583357084,-0.021178910131278948,0.48227737233931367,0.04119427776469974,-0.057746263247376355,0.04623796302040916,-0.053085626047049854,0.044411467270508445,0.04713700916226904,0.0055707606707695815,0.005697318774673306,-0.00032232210949491037,analytic,0.22853078091279677,-0.1381679633774909,-0.09907454755536801,0.48233266334879327,0.043098575807379885,0.0023204639935454846,0.16000938662862757,0.5127182236025145,0.1588211408499927,1.9441677399833572,1,0.002084970474243164,0.06773221492767334,0.07008969783782959,0.18895380198955536,0.0008412251385134349,0.005140836996725637,0.11855309688691637,-0.0035602160389860854,0.00017711546226165163,0.07428208478315136,1,0.012408048001816496,1.0,0.0008412251385134349,0.005140836996725637,0.11855309688691637,-0.0035602160389860854,0.00017711546226165163,0.07428208478315136,-0.0035602160389860854,0.00017711546226165163,0.07428208478315136
4.292702224003733,1788408584.3458796,control,takeoff,1,1,0.00027140499150846153,3.869208335876465,3869.0,0,30.0,4.286414107991732,3.869208335876465,1,1,0,1.0854933711003192,0.07000737637281418,0.07069430500268936,0.19416524469852448,0.06863781809806824,0.0092318095266819,0.2518131136894226,5.619826793670654,1.5457357168197632,21.311046600341797,0.1260427087545395,0.3120681345462799,0.03693067654967308,-0.013235188661679572,-0.014982996929005198,0.09451306923693828,0.034725699573755264,0.04896179586648941,0.2421254443730174,0.048616798040566116,-0.0,-0.0,-0.05546274442512583,0.035281676799058914,0.02173250913619995,-0.047960199674492915,0.0009653298909573197,0.005090904551912608,-0.0870436892322182,-0.0273333585881881,-0.02116163765490236,0.4827763780030773,0.04107730505950189,-0.05851464699929437,0.04621319802742481,-0.052457560638218895,0.044144584401852864,0.04761053883656571,0.0006997328676834631,-0.008387156261741205,-4.102602446806512e-05,analytic,0.2214137935871766,-0.1514419122206596,-0.10092083682441638,0.4828728056459231,0.0520700140050841,0.0049259934730966765,0.1940772363394782,0.7853596960821398,0.22808804955230275,2.9822995494671525,1,0.0017740726470947266,0.06774532794952393,0.07013817131519318,0.190180242061615,0.0009653298909573197,0.005090904551912608,0.11946254536027973,0.011282250222172129,-0.004539313164821155,0.08267713394212901,1,0.010725995001848787,1.0,0.0009653298909573197,0.005090904551912608,0.11946254536027973,0.011282250222172129,-0.004539313164821155,0.08267713394212901,0.011282250222172129,-0.004539313164821155,0.08267713394212901
4.303884177003056,1788408584.3568697,control,takeoff,1,1,0.004249670993885957,3.869208335876465,3869.0,0,30.0,4.297596060991054,3.869208335876465,1,1,0,1.0854933711003192,0.07034686952829361,0.070747509598732,0.19548267126083374,0.0642167404294014,0.008843939751386642,0.23756496608257294,4.374667167663574,1.2259559631347656,16.658254623413086,0.09702546149492264,0.2609774172306061,0.038162533193826675,-0.01337868916299993,-0.014565800651077501,0.09482195253343761,0.034725699573755264,0.04896179586648941,0.24444044285210909,0.048616798040566116,-0.0,-0.0,-0.05604557618819,0.035621169954538345,0.021785713732242584,-0.048957771591275345,0.0009368902672675433,0.004945991994004841,-0.08605759636101132,-0.027582674936627697,-0.021143358862849123,0.48287617327518256,0.041007127601270725,-0.05901415450528851,0.04619684962941509,-0.05251528901649867,0.04505846692730128,0.0479264314204132,-0.0011357112136854244,0.009912034663371292,6.71574094812646e-05,analytic,0.2208970016551845,-0.1360981285586351,-0.10075876251502587,0.48296415081383937,0.05921147151057346,0.0069818697681594925,0.2209676855471019,0.9786468383410349,0.28173196222717517,3.6849975062349407,1,0.005466938018798828,0.06788447499275208,0.07015920430421829,0.1925644874572754,0.0009368902672675433,0.004945991994004841,0.12149478351653864,-0.009389609230435303,-0.00810421454244193,0.10662541199348839,1,0.00970580599096138,1.0,0.0009368902672675433,0.004945991994004841,0.12149478351653864,-0.009389609230435303,-0.00810421454244193,0.10662541199348839,-0.009389609230435303,-0.00810421454244193,0.10662541199348839
4.314970418010489,1788408584.3678465,control,takeoff,1,1,0.0055882890010252595,3.869208335876465,3869.0,0,30.0,4.308682301998488,3.869208335876465,1,1,0,1.0854933711003192,0.07064735889434814,0.07073650509119034,0.19685882329940796,0.05753376707434654,0.006849546916782856,0.21826466917991638,3.362725019454956,0.939877450466156,12.930925369262695,0.10453815013170242,0.19974282383918762,0.04299557954072952,-0.01207477148022076,-0.014998934141271219,0.09543562273962783,0.034725699573755264,0.04896179586648941,0.24674713588111236,0.048616798040566116,-0.0,-0.0,-0.056618131319116055,0.03592165932059288,0.021774709224700928,-0.0498883125817044,0.0009368902672675433,0.004945991994004841,-0.08708786941680133,-0.027815530423754384,-0.021142071599457003,0.4836515894692668,0.040916330645988125,-0.05939847177265898,0.046186507816260026,-0.0510802470137844,0.04504794145068174,0.04852240282884527,-0.0011492571084827392,0.00994196256843382,6.840176132506547e-05,analytic,0.2168691288925218,-0.1362846038354592,-0.10217776669828646,0.4837852931116173,0.06372829426857263,0.008307707477162554,0.23778155016219688,0.4630087191428242,0.1359084587389685,1.7235491265379026,1,0.006688356399536133,0.06788447499275208,0.07015920430421829,0.1925644874572754,0.0009368902672675433,0.004945991994004841,0.12149478351653864,-0.009389609230435303,-0.00810421454244193,0.10662541199348839,1,0.020792046998394653,1.0,0.0009368902672675433,0.004945991994004841,0.12149478351653864,-0.009389609230435303,-0.00810421454244193,0.10662541199348839,-0.009389609230435303,-0.00810421454244193,0.10662541199348839
4.326045681009418,1788408584.379057,control,takeoff,1,1,0.0015612800052622333,3.869208335876465,3869.0,0,30.0,4.319757564997417,3.869208335876465,1,1,0,1.0854933711003192,0.07105176895856857,0.07077725231647491,0.1982148438692093,0.051423098891973495,0.0060233320109546185,0.19270524382591248,2.608644723892212,0.7408776879310608,10.00369930267334,0.08019429445266724,0.15139885246753693,0.044603683054447174,-0.012344129682288724,-0.015618741903699466,0.09620832241170715,0.034725699573755264,0.04896179586648941,0.24906291120741555,0.048616798040566116,-0.0,-0.0,-0.05718486215050991,0.03632606938481331,0.021815456449985504,-0.050848067338206265,0.0009922869657000462,0.004743203553472648,-0.0848470360177111,-0.028151356591682806,-0.02108823204008,0.4832945727259374,0.040803250810866984,-0.060127834114031206,0.04616350827281228,-0.05117179815995295,0.045158339850441806,0.04932172257321038,-0.002511782365527641,-0.016850848126057194,0.00015133626651910324,analytic,0.21478131348941076,-0.16352578132665316,-0.10537188401914908,0.4834423235498857,0.06374553377120616,0.00849119246020509,0.23826821364097917,0.0011502062332592574,0.012241975635333484,0.03246980952374889,1,0.002910614013671875,0.06909411400556564,0.07016738504171371,0.19612179696559906,0.0009922869657000462,0.004743203553472648,0.12475792152951809,0.015495321307700921,-0.010809108917656875,0.19123928204349613,1,0.007155553001211956,1.0,0.0009922869657000462,0.004743203553472648,0.12475792152951809,0.015495321307700921,-0.010809108917656875,0.19123928204349613,0.015495321307700921,-0.010809108917656875,0.19123928204349613
4.337161961011589,1788408584.3909836,control,takeoff,1,1,0.006298411011812277,3.869208335876465,3869.0,0,30.0,4.330873844999587,3.869208335876465,1,1,0,1.0854933711003192,0.07138629257678986,0.07075663655996323,0.19963285326957703,0.05158839374780655,0.004174666944891214,0.19846025109291077,2.0920791625976562,0.5349531769752502,8.182735443115234,0.07483349740505219,0.07146929204463959,-0.028210990130901337,-0.011969021564583675,-0.017232882195811067,0.09418214043967182,0.034725699573755264,0.04896179586648941,0.25139860913553386,0.048616798040566116,-0.0,-0.0,-0.057748407900556485,0.03666059300303459,0.021794840693473816,-0.05176575586595683,0.0009922869657000462,0.004743203553472648,-0.08586607329087909,-0.028409932597131607,-0.02107964641879227,0.484059589141002,0.0406962245626759,-0.06056343731744268,0.04615224549920747,-0.05072175504950392,0.04396230051143511,0.04732185184040984,-0.0025282830216578527,-0.016803115159979558,0.00015343603989747908,analytic,0.21373157423857866,-0.16014078936577653,-0.10156701435729833,0.4842553611351134,0.06304913571756347,0.008435105509135957,0.23611071079768042,-0.10876983473544881,-0.00876017439551142,-0.3369785806829257,1,0.008434772491455078,0.06909411400556564,0.07016738504171371,0.19612179696559906,0.0009922869657000462,0.004743203553472648,0.12475792152951809,0.015495321307700921,-0.010809108917656875,0.19123928204349613,1,0.0182718330033822,1.0,0.0009922869657000462,0.004743203553472648,0.12475792152951809,0.015495321307700921,-0.010809108917656875,0.19123928204349613,0.015495321307700921,-0.010809108917656875,0.19123928204349613
4.348241607003729,1788408584.4008796,control,takeoff,1,1,0.008076571000856347,3.869208335876465,3869.0,0,30.0,4.3419534909917274,3.869208335876465,1,1,0,1.0854933711003192,0.07178730517625809,0.07075424492359161,0.20111455023288727,0.0498686321079731,0.0032884557731449604,0.19053655862808228,1.6367907524108887,0.4089617133140564,6.37630033493042,0.05063658952713013,0.0340968556702137,-0.03729242458939552,-0.012387550817633918,-0.018317564246425513,0.09350848209561133,0.034725699573755264,0.04896179586648941,0.25373784235788566,0.048616798040566116,-0.0,-0.0,-0.0583048288861065,0.03706160560250282,0.021792449057102203,-0.05262329212499839,0.002008910916430573,0.00446618131490621,-0.08217348009220624,-0.02917647174137529,-0.02095989229041891,0.48314746053630286,0.04045241321031331,-0.06224284270007518,0.0460991822049935,-0.05085489958076435,0.04453203914539239,0.0467060796117688,-0.007665761356903853,-0.06302021846941318,0.0004781470732046043,analytic,0.20717547336663472,-0.20797575028265855,-0.1028433892571625,0.4833724695987211,0.061114136619206304,0.00788318704138956,0.2295845380342672,-0.20741584140243474,-0.059161078405852066,-0.6995515481171284,1,0.009001731872558594,0.07040198892354965,0.07009577006101608,0.19907715916633606,0.002008910916430573,0.00446618131490621,0.12945909303457193,0.06116882297097853,-0.015243244183248471,0.23958428945960777,1,0.004943763997289352,1.0,0.002008910916430573,0.00446618131490621,0.12945909303457193,0.06116882297097853,-0.015243244183248471,0.23958428945960777,0.06116882297097853,-0.015243244183248471,0.23958428945960777
4.359428807001677,1788408584.4120169,control,takeoff,1,1,0.003453351993812248,3.869208335876465,3869.0,0,30.0,4.353140690989676,3.869208335876465,1,1,0,1.0854933711003192,0.07215847074985504,0.07088053971529007,0.2026045322418213,0.04460965096950531,0.004235029220581055,0.17135581374168396,1.2426302433013916,0.33919328451156616,4.857396125793457,0.027462173253297806,0.05528204143047333,-0.014186417683959007,-0.013435383414456494,-0.016097200492983257,0.09471193559889275,0.034725699573755264,0.04896179586648941,0.25611108084178835,0.048616798040566116,-0.0,-0.0,-0.058861315532780394,0.03743277117609978,0.02191874384880066,-0.05350654859996706,0.003694074609413139,0.004090833085079889,-0.0780948286117012,-0.03022256433919673,-0.020892286093159913,0.48211061756782064,0.040299568801097786,-0.0645254064032334,0.046016854264438065,-0.05168749661868828,0.04901289656318965,0.0479517717279147,-0.013220509158632272,-0.09439790790519244,0.0008549387525956919,analytic,0.20286687266280062,-0.25272097007099587,-0.10719273799577181,0.4822796742162188,0.05653322095659597,0.006361850647690696,0.21383288879002788,-0.2909719819991393,-0.09663270366993353,-1.000518005114261,1,0.004395484924316406,0.07094591856002808,0.07008108496665955,0.20229080319404602,0.003694074609413139,0.004090833085079889,0.13454885130327998,0.0898006867975514,-0.020393532549660823,0.27789466807458585,1,0.004152744993916713,1.0,0.003694074609413139,0.004090833085079889,0.13454885130327998,0.0898006867975514,-0.020393532549660823,0.27789466807458585,0.0898006867975514,-0.020393532549660823,0.27789466807458585
4.37048426399997,1788408584.423907,control,takeoff,1,1,0.00783227599458769,3.869208335876465,3869.0,0,30.0,4.364196147987968,3.869208335876465,1,1,0,1.0854933711003192,0.07252971827983856,0.07089018821716309,0.204020157456398,0.04673764854669571,0.0036752044688910246,0.17921976745128632,1.057442545890808,0.25469183921813965,4.1199822425842285,0.026708034798502922,-0.0569813996553421,-0.04015817493200302,-0.01325976516705203,-0.019510097215513823,0.09378935515976905,0.034725699573755264,0.04896179586648941,0.25846744386190496,0.048616798040566116,-0.0,-0.0,-0.05940598171699062,0.0378040187060833,0.021928392350673676,-0.054447286405506945,0.004251648004465278,0.003918727741328794,-0.07643560623192924,-0.03076157217234753,-0.0208284837281551,0.4819459629979176,0.04012960287735668,-0.06565244339547725,0.04598267573742097,-0.05127424490321565,0.04672134459801498,0.04709330958105304,-0.00935385977714499,-0.06348776432051456,0.0006154831014769711,analytic,0.20727322717601904,-0.21546205657367545,-0.10405191411091883,0.48221060553433487,0.05279239166174697,0.005180148511430023,0.20089321330121404,-0.5566260562899937,-0.17583432655479936,-1.9253913956802122,1,0.009565114974975586,0.07098548114299774,0.07011674344539642,0.20374062657356262,0.004251648004465278,0.003918727741328794,0.13720003669108552,0.055757339505205186,-0.017210534375106806,0.26511853878051234,1,0.002849002994480543,1.0,0.004251648004465278,0.003918727741328794,0.13720003669108552,0.055757339505205186,-0.017210534375106806,0.26511853878051234,0.055757339505205186,-0.017210534375106806,0.26511853878051234
4.381602598004974,1788408584.434551,control,takeoff,1,1,0.01061325399496127,3.869208335876465,3869.0,0,30.0,4.375314481992973,3.869208335876465,1,1,0,1.0854933711003192,0.07300349324941635,0.07097094506025314,0.20556335151195526,0.0493050217628479,0.004971106071025133,0.18218538165092468,0.9105205535888672,0.23634392023086548,3.370567798614502,0.051264937967061996,-0.01558842882514,0.0022954940795898438,-0.012096494602928267,-0.018300072740665658,0.09514309634387134,0.034725699573755264,0.04896179586648941,0.2608482282723822,0.048616798040566116,-0.0,-0.0,-0.05994846493980719,0.03827779367566109,0.022009149193763733,-0.055284876760426926,0.00450041044201684,0.003768146060343293,-0.0746309890664845,-0.03123879609241533,-0.02082766671811138,0.48168336422164465,0.040104297518138717,-0.0666718533437768,0.0459435236990692,-0.05002960155761859,0.04899143433336528,0.04842428555614203,-0.00572189319797084,-0.03625787207502666,0.000382362934575651,analytic,0.2086550957115577,-0.195536286393547,-0.105541267693046,0.481957794449598,0.04993136534431435,0.004357951249684348,0.19076926487193105,-0.35976657554528246,-0.10338915496114319,-1.2730600327607666,1,0.012256622314453125,0.07157601416110992,0.07008925825357437,0.20536690950393677,0.00450041044201684,0.003768146060343293,0.13999493565528892,0.024876243755161093,-0.015058168098553091,0.2794898964203958,1,0.001688360993284732,1.0,0.00450041044201684,0.003768146060343293,0.13999493565528892,0.024876243755161093,-0.015058168098553091,0.2794898964203958,0.024876243755161093,-0.015058168098553091,0.2794898964203958
4.392696127004456,1788408584.4455907,control,takeoff,1,1,0.0032703909964766353,3.869208335876465,3869.0,0,30.0,4.386408010992454,3.869208335876465,1,1,0,1.0854933711003192,0.07366981357336044,0.07107458263635635,0.20855335891246796,0.0558098666369915,0.008512206375598907,0.2116430103778839,1.2110142707824707,0.3834957480430603,4.466460704803467,0.09337597340345383,-0.18498298525810242,-0.020472567528486252,-0.012200391128890545,-0.022616611668971873,0.09418823445956939,0.034725699573755264,0.04896179586648941,0.26323463368135563,0.048616798040566116,-0.0,-0.0,-0.060484459911313855,0.03894411399960518,0.022112786769866943,-0.05468127476888768,0.00450041044201684,0.003768146060343293,-0.07561167576098399,-0.03174859309107605,-0.020911777906791114,0.48174701395417735,0.04022488610433384,-0.06772138103495594,0.04589333259536648,-0.050167728409474074,0.045719936265902615,0.04756349381934004,-0.0057264301644084125,-0.0363182689409562,0.00038871012445642315,analytic,0.2093685971611957,-0.18604245797314622,-0.10401045000104422,0.48212962175347285,0.046400893918192014,0.0038460904695059423,0.17647470993218628,-0.42600595121169554,-0.05688811769284124,-1.7272294784607325,1,0.004451751708984375,0.07157601416110992,0.07008925825357437,0.20536690950393677,0.00450041044201684,0.003768146060343293,0.13999493565528892,0.024876243755161093,-0.015058168098553091,0.2794898964203958,1,0.012781889992766082,1.0,0.00450041044201684,0.003768146060343293,0.13999493565528892,0.024876243755161093,-0.015058168098553091,0.2794898964203958,0.024876243755161093,-0.015058168098553091,0.2794898964203958
4.403819379003835,1788408584.4568012,control,takeoff,1,1,0.004426685991347767,3.869208335876465,3869.0,0,30.0,4.3975312629918335,3.869208335876465,1,1,0,1.0854933711003192,0.0740334689617157,0.07104147970676422,0.21027158200740814,0.0519612692296505,0.006144041195511818,0.20386913418769836,0.8914133310317993,0.2591710686683655,3.41683030128479,0.08164430409669876,-0.16799227893352509,-0.03769905865192413,-0.011830889327335324,-0.023624065978120844,0.09313980420667019,0.034725699573755264,0.04896179586648941,0.2656383145812752,0.048616798040566116,-0.0,-0.0,-0.06101659769516252,0.039307769387960434,0.02207968384027481,-0.05536673257386704,0.004631471223467014,0.0036361399881681003,-0.0736902147283543,-0.03209053936400001,-0.020833868225217735,0.48137433562982834,0.04006173143404466,-0.06847181993968184,0.045874380904490884,-0.04964282359735952,0.04545522906796205,0.04653436484366969,-0.0033201997354819833,-0.02643486494215333,0.00022787891419691027,analytic,0.21096382214212106,-0.17575605906363584,-0.10169054384659332,0.4817967043777794,0.04631826445674127,0.00416269721886066,0.17621494721189926,-0.008308913252636269,0.03183680456583375,-0.0261207790930626,1,0.00571751594543457,0.07237464934587479,0.07007712870836258,0.20667998492717743,0.004631471223467014,0.0036361399881681003,0.14289223739520074,0.013106078145015373,-0.013200607217517188,0.28973017399113643,1,0.0005496910016518086,1.0,0.004631471223467014,0.0036361399881681003,0.14289223739520074,0.013106078145015373,-0.013200607217517188,0.28973017399113643,0.013106078145015373,-0.013200607217517188,0.28973017399113643
4.414964359006262,1788408584.4674067,control,takeoff,1,1,0.005151539997314103,3.869208335876465,3869.0,0,30.0,4.408676242994261,3.869208335876465,1,1,0,1.0854933711003192,0.07444153726100922,0.0711066797375679,0.21182458102703094,0.04940130561590195,0.006166654638946056,0.19290290772914886,0.6639958024024963,0.20777088403701782,2.5229833126068115,0.025004487484693527,-0.17079254984855652,-0.01894693449139595,-0.013946077363465774,-0.02551278141743861,0.09374856104378713,0.034725699573755264,0.04896179586648941,0.26805753504115565,0.048616798040566116,-0.0,-0.0,-0.061544459042952755,0.03971583768725395,0.02214488387107849,-0.0562329540141247,0.004823457128382851,0.003517627302004867,-0.07200704395409985,-0.032493418176138274,-0.020835716808882118,0.48116582173038475,0.040044573000828844,-0.06933269652951009,0.04584114696416153,-0.05164118138237546,0.04438626548706639,0.04723264256971718,-0.0031730345745851624,-0.03147748897105486,0.0002205250192125174,analytic,0.21714366164898413,-0.17782804256871332,-0.1036131760783892,0.48159052534801516,0.04721285540904581,0.004733883567212686,0.18030128632791265,0.08584863773799957,0.054813397982892774,0.39214195665800483,1,0.005902528762817383,0.07273193448781967,0.07005300372838974,0.2075459212064743,0.004823457128382851,0.003517627302004867,0.14554558356319075,0.019198590491587533,-0.011851268616325688,0.26533461679905396,1,0.009980946997529827,1.0,0.004823457128382851,0.003517627302004867,0.14554558356319075,0.019198590491587533,-0.011851268616325688,0.26533461679905396,0.019198590491587533,-0.011851268616325688,0.26533461679905396
4.426087607003865,1788408584.4786174,control,takeoff,1,1,0.006004144001053646,3.869208335876465,3869.0,0,30.0,4.419799490991863,3.869208335876465,1,1,0,1.0854933711003192,0.0746767446398735,0.07119033485651016,0.2133440375328064,0.04406435787677765,0.006549222394824028,0.1836724430322647,0.4281071424484253,0.17360647022724152,1.8400890827178955,0.047179318964481354,-0.19837893545627594,-0.018317531794309616,-0.01253589941034881,-0.02871120166039343,0.09362726750901405,0.034725699573755264,0.04896179586648941,0.27048277679637767,0.048616798040566116,-0.0,-0.0,-0.06206598555472087,0.03995104506611824,0.022228538990020752,-0.05713873926357127,0.005111898828720301,0.0035367396967213357,-0.06939426908774154,-0.03281024226554446,-0.020913352664505388,0.48064900404106614,0.040219053345059735,-0.07006797176526998,0.045799524111538537,-0.05032118732812947,0.04196487846954889,0.04714955747765172,0.01337134858484831,-0.018705369741989896,-0.0009391990495451331,analytic,0.23061362032563112,-0.15879844523234843,-0.10343300420528846,0.48118441625728325,0.04791532412625163,0.005270827322464528,0.1844756160783294,0.06784331553688183,0.05185717701139379,0.4031501524210095,1,0.006758928298950195,0.07351933419704437,0.07084222137928009,0.21116983890533447,0.005111898828720301,0.0035367396967213357,0.14911902001174407,0.008896994630808936,0.008229331904388288,0.1703064068672276,1,0.009731308004120365,1.0,0.005111898828720301,0.0035367396967213357,0.14911902001174407,0.008896994630808936,0.008229331904388288,0.1703064068672276,0.008896994630808936,0.008229331904388288,0.1703064068672276
4.437212546006776,1788408584.4902337,control,takeoff,1,1,0.006834594998508692,3.869208335876465,3869.0,0,30.0,4.430924429994775,3.869208335876465,1,1,0,1.0854933711003192,0.07510854303836823,0.07118532061576843,0.21508890390396118,0.04361409693956375,0.005142267793416977,0.1807306557893753,0.33376556634902954,0.11163678765296936,1.415097951889038,0.007818276062607765,-0.14905807375907898,-0.039175793528556824,-0.0140448244420063,-0.02823005668943112,0.09235408094396154,0.034725699573755264,0.04896179586648941,0.27291903269827145,0.048616798040566116,-0.0,-0.0,-0.06258228978045645,0.04038284346461296,0.022223524749279022,-0.057830128794310265,0.005111898828720301,0.0035367396967213357,-0.0703473957979156,-0.03314479653427882,-0.020915885903370995,0.4812837876846862,0.04013920850341393,-0.0706663335457162,0.045781152076583134,-0.05180644202965669,0.04298902254118284,0.04591614961853811,0.013336871437768703,-0.01866605021336977,-0.0009448007642021985,analytic,0.23535045933263637,-0.16205140786433136,-0.10118944190165058,0.48178092400869765,0.0478782616210252,0.005682103279150143,0.1867922176013116,-0.0035891072663748165,0.039827678016030266,0.22433808261567875,1,0.008048772811889648,0.07351933419704437,0.07084222137928009,0.21116983890533447,0.005111898828720301,0.0035367396967213357,0.14911902001174407,0.008896994630808936,0.008229331904388288,0.1703064068672276,1,0.020856247007031925,1.0,0.005111898828720301,0.0035367396967213357,0.14911902001174407,0.008896994630808936,0.008229331904388288,0.1703064068672276,0.008896994630808936,0.008229331904388288,0.1703064068672276
4.448275221002405,1788408584.5007226,control,takeoff,1,1,0.00789806799730286,3.869208335876465,3869.0,0,30.0,4.441987104990403,3.869208335876465,1,1,0,1.0854933711003192,0.07542039453983307,0.07133959978818893,0.21666014194488525,0.041079409420490265,0.007175207603722811,0.17576292157173157,0.21671612560749054,0.12964947521686554,1.0335025787353516,0.04554116725921631,-0.15240758657455444,-0.022343330085277557,-0.01207878942953384,-0.029895150914447003,0.09282948961773956,0.034725699573755264,0.04896179586648941,0.27535212549438726,0.048616798040566116,-0.0,-0.0,-0.06309044681138624,0.040694694966077805,0.022377803921699524,-0.058691983549502,0.004580341911711371,0.004192628245094816,-0.06849384670690906,-0.03314989645264831,-0.021333396485145362,0.48101241046548066,0.041029273253554197,-0.07075340918814127,0.04571463799456149,-0.05066612512160534,0.041487343651301356,0.04641722760975972,0.04437065087059523,0.027455799196658116,-0.0031472726350673563,analytic,0.265358151563105,-0.11313433076005763,-0.10096071106013027,0.48158859854701835,0.04714884199062028,0.005949454828334936,0.18705675887808543,-0.07238117898849951,0.02652961276029086,0.026250746080666115,1,0.008460283279418945,0.07392347604036331,0.0710466057062149,0.21438099443912506,0.004580341911711371,0.004192628245094816,0.15191268098125568,-0.03983901325449112,0.03881586543397027,0.14107431610785606,1,0.007704268995439634,1.0,0.004580341911711371,0.004192628245094816,0.15191268098125568,-0.03983901325449112,0.03881586543397027,0.14107431610785606,-0.03983901325449112,0.03881586543397027,0.14107431610785606
4.459315403000801,1788408584.5119133,control,takeoff,1,1,0.010015894993557595,3.869208335876465,3869.0,0,30.0,4.4530272869887995,3.869208335876465,1,1,0,1.0854933711003192,0.07572190463542938,0.07135333120822906,0.21830299496650696,0.03970441222190857,0.0060517145320773125,0.17788459360599518,0.14217595756053925,0.07822894304990768,0.8749401569366455,0.010591091588139534,-0.1155749037861824,-0.03751152381300926,-0.013191893107136386,-0.029626184211896618,0.09196013852031737,0.034725699573755264,0.04896179586648941,0.27779059723708344,0.048616798040566116,-0.0,-0.0,-0.06359234382779272,0.04099620506167412,0.022391535341739655,-0.05948760227057648,0.0038387191190872106,0.004609474890773929,-0.06788843780308665,-0.03305233837294013,-0.021538146628761058,0.4811477832139034,0.04145239832558126,-0.07055048625731274,0.04569307014027491,-0.052253246442164156,0.04152527186976941,0.045584920564638434,0.04974140336085163,0.05966718559111896,-0.0035181363159041434,analytic,0.27719568725777877,-0.08153588218973606,-0.09789273927464329,0.48168534857570994,0.04605004095807669,0.006155160534658425,0.186094109450503,-0.1246303460342818,0.02333195237446753,-0.10918749411035102,1,0.010834455490112305,0.07392324507236481,0.071103036403656,0.21596452593803406,0.0038387191190872106,0.004609474890773929,0.15344859274031492,-0.07416227926243082,0.041684664567919576,0.15359117590595386,1,0.0062035269947955385,1.0,0.0038387191190872106,0.004609474890773929,0.15344859274031492,-0.07416227926243082,0.041684664567919576,0.15359117590595386,-0.07416227926243082,0.041684664567919576,0.15359117590595386
4.470441380006378,1788408584.523029,control,takeoff,1,1,0.010178444004850462,3.869208335876465,3869.0,0,30.0,4.464153263994376,3.869208335876465,1,1,0,1.0854933711003192,0.07608795166015625,0.07142277806997299,0.21992745995521545,0.03839879855513573,0.00610022246837616,0.17175406217575073,0.09007414430379868,0.06346245110034943,0.5888251066207886,0.0229506716132164,-0.13152484595775604,-0.03310752287507057,-0.012388795018840848,-0.031783284539234236,0.09181672519714958,0.034725699573755264,0.04896179586648941,0.2802583682566887,0.048616798040566116,-0.0,-0.0,-0.0640928586486057,0.041362252086400986,0.02246098220348358,-0.06033090830147325,0.0016542322227735243,0.005246113162183557,-0.06529780575165056,-0.032352828206275955,-0.021884010660425467,0.4806089507052146,0.04228497445833272,-0.06921507891052658,0.04569064065040898,-0.05227464065645303,0.03807418256475631,0.04546311007734141,0.04012360673947689,0.10023971830658271,-0.0027840906240843926,analytic,0.26971818121631785,-0.030499129280815232,-0.09549316810070296,0.48118359301331176,0.044397531463853224,0.006291739890515506,0.183825383893385,-0.14977800980334197,0.012379102311971195,-0.20562980117387444,1,0.010917186737060547,0.07474306225776672,0.07110441476106644,0.21943455934524536,0.0016542322227735243,0.005246113162183557,0.156969117049513,-0.11509229625330705,0.026854923909451888,0.18394290405086886,1,0.005013360001612455,1.0,0.0016542322227735243,0.005246113162183557,0.156969117049513,-0.11509229625330705,0.026854923909451888,0.18394290405086886,-0.11509229625330705,0.026854923909451888,0.18394290405086886
4.481565987007343,1788408584.5340688,control,takeoff,1,1,0.009303533006459475,3.869208335876465,3869.0,0,30.0,4.475277870995342,3.869208335876465,1,1,0,1.0854933711003192,0.07629413902759552,0.07145210355520248,0.22166059911251068,0.03417783975601196,0.0053721144795417786,0.16647671163082123,0.001252584159374237,0.03855592757463455,0.38253235816955566,0.032557304948568344,-0.06109819933772087,-0.01867690682411194,-0.011555717580496665,-0.029147701049822207,0.09225092448105728,0.034725699573755264,0.04896179586648941,0.2827361353877803,0.048616798040566116,-0.0,-0.0,-0.0645880098544386,0.041568439453840256,0.022490307688713074,-0.061075536275269626,0.0016542322227735243,0.005246113162183557,-0.06621965114303571,-0.032516481435693675,-0.021913301248809615,0.48125510433559726,0.042273288584604524,-0.06946287493969752,0.04568099416200665,-0.0514613351909597,0.0409780317036152,0.045847738043748545,0.040055071332681116,0.10011498683808814,-0.0027893160056019425,analytic,0.2675260784549225,-0.03957738923346841,-0.09643796125145769,0.48180341914772756,0.04227412683576255,0.006280371516181848,0.18038991686220585,-0.17811696582575134,-0.0009536102144146165,-0.28817633516145175,1,0.010035514831542969,0.07474306225776672,0.07110441476106644,0.21943455934524536,0.0016542322227735243,0.005246113162183557,0.156969117049513,-0.11509229625330705,0.026854923909451888,0.18394290405086886,1,0.01613796700257808,1.0,0.0016542322227735243,0.005246113162183557,0.156969117049513,-0.11509229625330705,0.026854923909451888,0.18394290405086886,-0.11509229625330705,0.026854923909451888,0.18394290405086886
4.492675330999191,1788408584.5451794,control,takeoff,1,1,0.002530504993046634,3.869208335876465,3869.0,0,30.0,4.4863872149871895,3.869208335876465,1,1,0,1.0854933711003192,0.07689754664897919,0.07156255841255188,0.22515317797660828,0.034988321363925934,0.005658373236656189,0.18714864552021027,0.04500805586576462,0.030873708426952362,0.9730523824691772,0.025586817413568497,-0.011997364461421967,-0.015244565904140472,-0.011833033309320094,-0.028967023147214215,0.09173015236997148,0.034725699573755264,0.04896179586648941,0.2852206928118988,0.048616798040566116,-0.0,-0.0,-0.06507719095922054,0.04217184707522392,0.02260076254606247,-0.06006751483529055,-0.000571473508832656,0.005437302488348185,-0.06314562729368234,-0.03197535091494783,-0.022089591725580324,0.47971302868416643,0.04282853875449477,-0.06858063555085372,0.04568010416298054,-0.05234334636965058,0.040276100329207865,0.045335534687841905,0.019711306716240592,0.09766111066259404,-0.001355179969644977,analytic,0.24993733520038114,-0.0392524665041462,-0.09505257580022078,0.4802333315675724,0.03785499246575413,0.006015387550181477,0.1728257822916941,-0.31472221094403763,-0.020481077784902987,-0.517303629710668,1,0.0032312870025634766,0.07566850632429123,0.07110078632831573,0.22259028255939484,-0.000571473508832656,0.005437302488348185,0.1609557448285892,-0.10827730771568769,0.003983820914372107,0.20053289084645645,1,0.0030571120005333796,1.0,-0.000571473508832656,0.005437302488348185,0.1609557448285892,-0.10827730771568769,0.003983820914372107,0.20053289084645645,-0.10827730771568769,0.003983820914372107,0.20053289084645645
4.503804828011198,1788408584.5564365,control,takeoff,1,1,0.00437727700045798,3.869208335876465,3869.0,0,30.0,4.497516711999197,3.869208335876465,1,1,0,1.0854933711003192,0.07719433307647705,0.07154209911823273,0.22685588896274567,0.034392569214105606,0.004085375461727381,0.18644772469997406,0.023155611008405685,-0.009231815114617348,0.7633224725723267,0.04506929591298103,0.0550629198551178,-0.02989807352423668,-0.010669131217326166,-0.025978834437340784,0.09087549217360615,0.034725699573755264,0.04896179586648941,0.28771987867542004,0.048616798040566116,-0.0,-0.0,-0.06556195795311819,0.042468633502721786,0.022580303251743317,-0.06086398971267437,-0.0016318886449453013,0.005380637832400148,-0.06211711594088681,-0.031728117273599914,-0.022056140229105747,0.4796984808642101,0.04278370578063038,-0.06806814925904939,0.045705070111346474,-0.051257366284860655,0.042760020909486156,0.04439947923436481,0.010443132703336484,0.09800688270448762,-0.0007125966851305771,analytic,0.23760744418394494,-0.04618213699285808,-0.09315718822004579,0.4801784080343856,0.03627689283530587,0.005841591345832031,0.1719661058514173,-0.17021188552440764,-0.01874544488100654,-0.09272364368963162,1,0.005217075347900391,0.0757935643196106,0.0710974782705307,0.2244814932346344,-0.0016318886449453013,0.005380637832400148,0.16289046211402616,-0.10604151361124796,-0.005666465594802802,0.19347172854366518,1,0.0018119880114682019,1.0,-0.0016318886449453013,0.005380637832400148,0.16289046211402616,-0.10604151361124796,-0.005666465594802802,0.19347172854366518,-0.10604151361124796,-0.005666465594802802,0.19347172854366518
4.514924695002264,1788408584.5674515,control,takeoff,1,1,0.015497143991524354,3.869208335876465,3869.0,0,30.0,4.508636578990263,3.869208335876465,1,1,0,1.0854933711003192,0.07719433307647705,0.07154209911823273,0.22685588896274567,0.034392569214105606,0.004085375461727381,0.18644772469997406,0.023155611008405685,-0.009231815114617348,0.7633224725723267,0.04506929591298103,0.0550629198551178,-0.02989807352423668,-0.010669131217326166,-0.025978834437340784,0.09087549217360615,0.034725699573755264,0.04896179586648941,0.2902269295476647,0.048616798040566116,-0.0,-0.0,-0.06604100605855141,0.042468633502721786,0.022580303251743317,-0.06337104058491905,-0.0027685344952522004,0.005245873121788124,-0.06120058747621468,-0.031223351651421687,-0.022002806854352252,0.48049265622991444,0.04264988854565865,-0.06690877684771415,0.04576355238407105,-0.05115399230269624,0.04159900065963172,0.044364348372295956,0.003048699112491101,0.10769851568565861,-0.0002044756169384976,analytic,0.230598309368838,-0.03294925226882275,-0.0925965817324532,0.480959165560702,0.03627689283530587,0.005841591345832031,0.1719661058514173,-0.17021188552440764,-0.01874544488100654,-0.09272364368963162,1,0.016232013702392578,0.07583555579185486,0.07109346985816956,0.22644206881523132,-0.0027685344952522004,0.005245873121788124,0.16470430212933063,-0.11366458503067213,-0.013476471061200292,0.18138400153041795,1,0.0007551169983344153,1.0,-0.0027685344952522004,0.005245873121788124,0.16470430212933063,-0.11366458503067213,-0.013476471061200292,0.18138400153041795,-0.11366458503067213,-0.013476471061200292,0.18138400153041795
4.526022343008663,1788408584.578593,control,takeoff,1,1,0.005628433005767874,3.869208335876465,3869.0,0,30.0,4.519734226996661,3.869208335876465,1,1,0,1.0854933711003192,0.07778480648994446,0.07168535888195038,0.23037675023078918,0.03685130178928375,0.006876230705529451,0.21277576684951782,0.21430324018001556,0.1165306493639946,2.1159822940826416,0.03277135640382767,0.08817273378372192,-0.019823620095849037,-0.009504906726640328,-0.02418573322545912,0.09064986413079686,0.034725699573755264,0.04896179586648941,0.29273887394356746,0.048616798040566116,-0.0,-0.0,-0.06651381568731417,0.043059106916189194,0.022723563015460968,-0.06236212371277827,-0.0039827991730615325,0.005049992857293748,-0.06039603042551167,-0.031125940080553357,-0.022029320827092722,0.47974337633141706,0.04278124372115541,-0.06681335037631334,0.0457588299490671,-0.050174345356294475,0.04331937405258361,0.044090594970443917,-0.0028366693895839606,0.11786912530048624,0.00018998373947907757,analytic,0.22245172079164205,-0.02794916056942441,-0.0916762947607377,0.48019749442434134,0.03380366937203025,0.004918783680147951,0.17788660598240816,-0.23122362896600987,-0.08671978026666592,0.5848909549251454,1,0.006727933883666992,0.07636601477861404,0.07108847051858902,0.22791360318660736,-0.0039827991730615325,0.005049992857293748,0.1663962362687631,-0.12142646778095738,-0.019588026449441485,0.16919341394328083,1,0.00022998701024334878,1.0,-0.0039827991730615325,0.005049992857293748,0.1663962362687631,-0.12142646778095738,-0.019588026449441485,0.16919341394328083,-0.12142646778095738,-0.019588026449441485,0.16919341394328083
4.537108237011125,1788408584.5897117,control,takeoff,1,1,0.006800743009080179,3.869208335876465,3869.0,0,30.0,4.530820120999124,3.869208335876465,1,1,0,1.0854933711003192,0.0780225619673729,0.07173185050487518,0.2320253849029541,0.034171879291534424,0.006418249569833279,0.202747642993927,0.1185784637928009,0.08418869972229004,1.4949342012405396,0.0330350436270237,0.047572799026966095,0.00018735602498054504,-0.009179751362353855,-0.025342088018169222,0.09147426034227639,0.034725699573755264,0.04896179586648941,0.2952579446919321,0.048616798040566116,-0.0,-0.0,-0.06698085692910681,0.04329686239361763,0.022770054638385773,-0.06323255978897802,-0.00517008555301646,0.004806095805777302,-0.059642263449823735,-0.030775511794098605,-0.02196151732675,0.4798572705964749,0.04266329334769882,-0.06606649859702639,0.045798530976371106,-0.04968838413267235,0.04143685234537589,0.044901225160749535,-0.007876911619319936,0.11773136400862026,0.0005216330938333999,analytic,0.21632082891864018,-0.022452550238396714,-0.09343071671872846,0.48033540114307904,0.033380525278375504,0.004869359357405189,0.18263288526751437,-0.0417500579767694,-0.004876514574859073,0.4682977697162576,1,0.0077114105224609375,0.07661569863557816,0.07108297199010849,0.22968147695064545,-0.00517008555301646,0.004806095805777302,0.16802826186279501,-0.11872863799547423,-0.024389705151640736,0.1632025594031661,1,0.01023009700293187,1.0,-0.00517008555301646,0.004806095805777302,0.16802826186279501,-0.11872863799547423,-0.024389705151640736,0.1632025594031661,-0.11872863799547423,-0.024389705151640736,0.1632025594031661
4.548151003007661,1788408584.6011288,control,takeoff,1,1,0.0007388679950963706,3.869208335876465,3869.0,0,30.0,4.541862886995659,3.869208335876465,1,1,0,1.0854933711003192,0.07827983796596527,0.07171669602394104,0.23394660651683807,0.03037324920296669,0.004955783486366272,0.18486769497394562,0.0500405915081501,0.05009450018405914,0.984971821308136,0.008579917252063751,0.08233290165662766,-0.006251724436879158,-0.01067875287237176,-0.02159543276145366,0.09089434574791012,0.034725699573755264,0.04896179586648941,0.2977768497214716,0.048616798040566116,-0.0,-0.0,-0.06744084707766804,0.04355413839221001,0.02275490015745163,-0.06383024320463354,-0.006280210465105584,0.004523789866844754,-0.05885284669121843,-0.030473861805646825,-0.02183000889933558,0.4798356528536718,0.04242015539469795,-0.06543350709765447,0.04584142097714625,-0.05106555805581996,0.04449565763202558,0.04426898884030957,-0.012062517613115076,0.11237541163040393,0.0007911329314511776,analytic,0.21622584440884043,-0.03705149321221126,-0.09240869124472265,0.4801918798991766,0.03341511865508835,0.005317252084036811,0.19080976402510486,0.0020409488876414303,0.02642488964836999,0.4824215844325215,1,0.0021789073944091797,0.0767253115773201,0.07107691466808319,0.23159341514110565,-0.006280210465105584,0.004523789866844754,0.1696843368582912,-0.11101249120893443,-0.028230593893260426,0.16560749954965223,1,0.008898271000362001,1.0,-0.006280210465105584,0.004523789866844754,0.1696843368582912,-0.11101249120893443,-0.028230593893260426,0.16560749954965223,-0.11101249120893443,-0.028230593893260426,0.16560749954965223
4.559356685000239,1788408584.6120281,control,takeoff,1,1,0.00933233299292624,3.869208335876465,3869.0,0,30.0,4.5530685689882375,3.869208335876465,1,1,0,1.0854933711003192,0.07852489501237869,0.07179958373308182,0.2356548011302948,0.04156887158751488,0.00980609655380249,0.2682783007621765,0.8290383815765381,0.38189899921417236,6.666297912597656,0.05383177846670151,0.03779904171824455,-0.03814207389950752,-0.01000213987821767,-0.021998535744216483,0.09042812465257749,0.034725699573755264,0.04896179586648941,0.30034265294154405,0.048616798040566116,-0.0,-0.0,-0.06790228343571329,0.04379919543862343,0.022837787866592407,-0.06468785181124925,-0.006280210465105584,0.004523789866844754,-0.05972388386799335,-0.03066272488586425,-0.02189918776601794,0.48051198807584355,0.042486112172081834,-0.06573845513183647,0.045824164639337826,-0.050460664556615714,0.04440762312022713,0.0438059698625128,-0.012053352632778595,0.11221746316223577,0.0007942288881931828,analytic,0.21464568294765501,-0.037193906545374786,-0.09175221046544646,0.4808964396958669,0.03345422857708279,0.0057100489575485835,0.19794024495815202,0.013773207578584818,0.1383299326413032,2.5111171032244703,1,0.0102386474609375,0.0767253115773201,0.07107691466808319,0.23159341514110565,-0.006280210465105584,0.004523789866844754,0.1696843368582912,-0.11101249120893443,-0.028230593893260426,0.16560749954965223,1,0.02010395299294032,1.0,-0.006280210465105584,0.004523789866844754,0.1696843368582912,-0.11101249120893443,-0.028230593893260426,0.16560749954965223,-0.11101249120893443,-0.028230593893260426,0.16560749954965223
4.5704583970073145,1788408584.6229982,control,takeoff,1,1,0.0007800300081726164,3.869208335876465,3869.0,0,30.0,4.564170280995313,3.869208335876465,1,1,0,1.0854933711003192,0.07904665172100067,0.07193204760551453,0.23936542868614197,0.03626827150583267,0.008929680101573467,0.24083061516284943,0.43444859981536865,0.2331388145685196,3.778934955596924,0.04051128774881363,0.05878673493862152,-0.0544285848736763,-0.009966580673704869,-0.020097982388508982,0.08869542936029559,0.034725699573755264,0.04896179586648941,0.3028942281791206,0.048616798040566116,-0.0,-0.0,-0.06835413385506049,0.04432095214724541,0.022970251739025116,-0.06352879949297863,-0.008151392565031973,0.003881200437495187,-0.057091216198693784,-0.030216096424544,-0.021715987485202003,0.4790537686450005,0.042276438196728224,-0.06499509629407199,0.04586934092339893,-0.050350922690948,0.04553195862667272,0.04201985547215223,-0.018201268180265268,0.09234649098013686,0.0011857212553448037,analytic,0.2074249410479861,-0.06041367227082517,-0.08929724253848108,0.4793878080079188,0.03510203861930338,0.006908113841549347,0.21971801122565277,0.10190368198055955,0.06570574231449419,1.1899426645952347,1,0.0017209053039550781,0.07719700038433075,0.07109997421503067,0.23534677922725677,-0.008151392565031973,0.003881200437495187,0.17317155215779798,-0.08644932950056643,-0.03304175816415368,0.17483665247692162,1,0.006898412000737153,1.0,-0.008151392565031973,0.003881200437495187,0.17317155215779798,-0.08644932950056643,-0.03304175816415368,0.17483665247692162,-0.08644932950056643,-0.03304175816415368,0.17483665247692162
4.581572117007454,1788408584.6340744,control,takeoff,1,1,0.0019733380031539127,3.869208335876465,3869.0,0,30.0,4.5752840009954525,3.869208335876465,1,1,0,1.0854933711003192,0.07919885218143463,0.07188910990953445,0.24102246761322021,0.0320531465113163,0.00628653634339571,0.22574560344219208,0.26340818405151367,0.13374336063861847,2.7219910621643066,0.02046692930161953,0.0923360139131546,-0.027815788984298706,-0.010579257239153619,-0.017820590515337995,0.08945998351083484,0.034725699573755264,0.04896179586648941,0.3054580188060917,0.048616798040566116,-0.0,-0.0,-0.06880118458433254,0.04447315260767937,0.022927314043045044,-0.06443555119287148,-0.009415570729051456,0.0031994117915247,-0.05562092766555368,-0.02976478408312258,-0.021383216326472054,0.47893150421373165,0.04163622343139477,-0.06404586087636012,0.04595045829136851,-0.05036213054189796,0.04684114773445017,0.04271176765771197,-0.02429279857905673,0.06906249465981854,0.0015593354152538855,analytic,0.20073513681346428,-0.08757527407916922,-0.091991442645255,0.47919377177802996,0.03573780086368382,0.0074226736810523546,0.22886749665776857,0.06347186814847774,0.05137152225713658,0.9134467139356619,1,0.0027806758880615234,0.07776457816362381,0.07104817777872086,0.23840302228927612,-0.009415570729051456,0.0031994117915247,0.17548887447937117,-0.05497109883115065,-0.034219975168877106,0.08929699947869676,1,0.005789721995824948,1.0,-0.009415570729051456,0.0031994117915247,0.17548887447937117,-0.05497109883115065,-0.034219975168877106,0.08929699947869676,-0.05497109883115065,-0.034219975168877106,0.08929699947869676
4.592715792008676,1788408584.6453776,control,takeoff,1,1,0.013117013004375622,3.869208335876465,3869.0,0,30.0,4.586427675996674,3.869208335876465,1,1,0,1.0854933711003192,0.07919885218143463,0.07188910990953445,0.24102246761322021,0.0320531465113163,0.00628653634339571,0.22574560344219208,0.26340818405151367,0.13374336063861847,2.7219910621643066,0.02046692930161953,0.0923360139131546,-0.027815788984298706,-0.010579257239153619,-0.017820590515337995,0.08945998351083484,0.034725699573755264,0.04896179586648941,0.30803812400496344,0.048616798040566116,-0.0,-0.0,-0.06924412755984476,0.04447315260767937,0.022927314043045044,-0.06701565639174323,-0.00981103231886895,0.002869345478199634,-0.0557048150189732,-0.029590032721206756,-0.021240756392535604,0.48010617283803114,0.04125428808440769,-0.06351579386945884,0.04599678012570426,-0.04999511180604117,0.04630352650694453,0.04268355013586868,-0.024691110282442315,0.0557330885432855,0.0015717251040888087,analytic,0.19896083420877075,-0.09950341701933907,-0.09282379192537475,0.4803661958946626,0.03573780086368382,0.0074226736810523546,0.22886749665776857,0.06347186814847774,0.05137152225713658,0.9134467139356619,1,0.0140838623046875,0.07830255478620529,0.07104518264532089,0.24050915241241455,-0.00981103231886895,0.002869345478199634,0.17624577159390076,-0.03954615898175719,-0.03300663133251316,0.07568971145297372,1,0.004251133999787271,1.0,-0.00981103231886895,0.002869345478199634,0.17624577159390076,-0.03954615898175719,-0.03300663133251316,0.07568971145297372,-0.03954615898175719,-0.03300663133251316,0.07568971145297372
4.603886267010239,1788408584.656482,control,takeoff,1,1,0.00864606600953266,3.869208335876465,3869.0,0,30.0,4.5975981509982375,3.869208335876465,1,1,0,1.0854933711003192,0.07941760122776031,0.07192621380090714,0.24290166795253754,0.028447415679693222,0.005504991859197617,0.20469243824481964,0.16449224948883057,0.09697337448596954,1.9076398611068726,-0.005526095628738403,0.04156644269824028,-0.03415711969137192,-0.01227000157567026,-0.020350235336933028,0.08856025476796973,0.034725699573755264,0.04896179586648941,0.3106337893774941,0.048616798040566116,-0.0,-0.0,-0.0696827967381158,0.04469190165400505,0.022964417934417725,-0.06773212142495655,-0.00981103231886895,0.002869345478199634,-0.056538991660703364,-0.029757351332366618,-0.021274676069149952,0.4807047954690223,0.04125726395685101,-0.06378597090732661,0.04598546048526337,-0.05166521865830129,0.04399930293012075,0.04186675285350901,-0.02466817337401333,0.05568075581716758,0.001576962784880623,analytic,0.20423605827080588,-0.09291618481573352,-0.0912271945071627,0.4809827599307484,0.03487633291077483,0.007409251233343326,0.23091405232022155,-0.05522833334491928,-0.0008605072468172165,0.1312037876199745,1,0.009589910507202148,0.07830255478620529,0.07104518264532089,0.24050915241241455,-0.00981103231886895,0.002869345478199634,0.17624577159390076,-0.03954615898175719,-0.03300663133251316,0.07568971145297372,1,0.015421609001350589,1.0,-0.00981103231886895,0.002869345478199634,0.17624577159390076,-0.03954615898175719,-0.03300663133251316,0.07568971145297372,-0.03954615898175719,-0.03300663133251316,0.07568971145297372
4.614874744002009,1788408584.6675286,control,takeoff,1,1,0.0039563149912282825,3.869208335876465,3869.0,0,30.0,4.608586627990007,3.869208335876465,1,1,0,1.0854933711003192,0.0797923356294632,0.07203041017055511,0.24666909873485565,0.05330903083086014,0.010528918355703354,0.5356987714767456,5.960810661315918,1.1520769596099854,74.80342864990234,-0.22737139463424683,0.4906405806541443,0.14112600684165955,-0.011595506313788343,-0.017946853281792855,0.08896490049693065,0.034725699573755264,0.04896179586648941,0.3131962090045702,0.048616798040566116,-0.0,-0.0,-0.07010910324231195,0.04506663605570793,0.023068614304065704,-0.06652711026971453,-0.01019626193525845,0.0023021871278823404,-0.05482030029869492,-0.029868112976419024,-0.021103303021663893,0.47954482994874115,0.04098961535725748,-0.06415334899692508,0.04598751369887878,-0.05074826489130335,0.046779378839449666,0.04221973461048209,-0.018630539413549363,0.028792406070807373,0.0011978600429989265,analytic,0.20672049847870233,-0.12857302716014576,-0.09372840804483888,0.47978991080751987,0.03075807777706427,0.00643623812378959,0.2189541185471091,-2.1375660673839443,-0.505330335513368,-6.158958688755838,1,0.004904747009277344,0.07868731766939163,0.07103949785232544,0.2441171109676361,-0.01019626193525845,0.0023021871278823404,0.17877656524760654,-0.013677090826747418,-0.026514404800758312,0.1432481613174171,1,0.0005438709922600538,1.0,-0.01019626193525845,0.0023021871278823404,0.17877656524760654,-0.013677090826747418,-0.026514404800758312,0.1432481613174171,-0.013677090826747418,-0.026514404800758312,0.1432481613174171
4.6260894120059675,1788408584.6785185,control,takeoff,1,1,0.003452548000495881,3.869208335876465,3869.0,0,30.0,4.619801295993966,3.869208335876465,1,1,0,1.0854933711003192,0.07999791949987411,0.07206897437572479,0.24863819777965546,0.04616687819361687,0.00908336415886879,0.4622705578804016,4.6463727951049805,0.8969132900238037,58.58563232421875,-0.2051311582326889,0.38386690616607666,0.09563100337982178,-0.012934360892924351,-0.01846417660806012,0.08796226561657394,0.034725699573755264,0.04896179586648941,0.31582052708274166,0.048616798040566116,-0.0,-0.0,-0.07053885149133202,0.04527221992611885,0.023107178509235382,-0.06718232930308621,-0.010333141335761423,0.0020778569830004244,-0.05417842090337299,-0.02996379598755974,-0.021036977672526554,0.4795982185130108,0.04083765992411189,-0.06433846014096475,0.04598972366654573,-0.0519603985428223,0.04640258830795052,0.04125570989636207,-0.015040369593799154,0.028642690718994477,0.0009698202223265848,analytic,0.21420740766352192,-0.12801279267348187,-0.09201709362138227,0.47982452116185376,0.03245015008044316,0.006677875215086013,0.2568138856680411,0.1448262515376563,0.02068197327918031,3.2404573641823826,1,0.0042111873626708984,0.07857707887887955,0.07105638831853867,0.24595122039318085,-0.010333141335761423,0.0020778569830004244,0.18023853463666556,-0.013687940050295088,-0.02243301448818809,0.14619693890587862,1,6.931800453457981e-05,1.0,-0.010333141335761423,0.0020778569830004244,0.18023853463666556,-0.013687940050295088,-0.02243301448818809,0.14619693890587862,-0.013687940050295088,-0.02243301448818809,0.14619693890587862
4.637093256009393,1788408584.6895838,control,takeoff,1,1,0.014456392003921792,3.869208335876465,3869.0,0,30.0,4.630805139997392,3.869208335876465,1,1,0,1.0854933711003192,0.07999791949987411,0.07206897437572479,0.24863819777965546,0.04616687819361687,0.00908336415886879,0.4622705578804016,4.6463727951049805,0.8969132900238037,58.58563232421875,-0.2051311582326889,0.38386690616607666,0.09563100337982178,-0.012934360892924351,-0.01846417660806012,0.08796226561657394,0.034725699573755264,0.04896179586648941,0.31840440235663936,0.048616798040566116,-0.0,-0.0,-0.07095528405500616,0.04527221992611885,0.023107178509235382,-0.0697662045769839,-0.010547276487647054,0.002004574821942169,-0.05382551207815081,-0.029870350087755376,-0.021009553287766346,0.48062087726392067,0.0407024295280977,-0.06400680228906463,0.04601191143511985,-0.051833758635738664,0.04606857311897071,0.04124182334937512,-0.0015760518517928441,0.03688383174751578,0.00010109976064287558,analytic,0.2279222059160711,-0.11956843564949045,-0.09199543252541631,0.4808454042556636,0.03245015008044316,0.006677875215086013,0.2568138856680411,0.1448262515376563,0.02068197327918031,3.2404573641823826,1,0.015276432037353516,0.0787903293967247,0.07182623445987701,0.24724715948104858,-0.010547276487647054,0.002004574821942169,0.18138749401652166,-0.021413515188567413,-0.007328216105826989,0.11489593798563245,1,0.010192572008236311,1.0,-0.010547276487647054,0.002004574821942169,0.18138749401652166,-0.021413515188567413,-0.007328216105826989,0.11489593798563245,-0.021413515188567413,-0.007328216105826989,0.11489593798563245
4.648160284006735,1788408584.7015853,control,takeoff,1,1,0.007782202999806032,3.869208335876465,3869.0,0,30.0,4.641872167994734,3.869208335876465,1,1,0,1.0854933711003192,0.08044559508562088,0.07216272503137589,0.25242775678634644,0.0868806391954422,0.005796148907393217,0.9405096173286438,18.078718185424805,-0.2736749053001404,215.07962036132812,-0.1812019944190979,0.5036301612854004,0.001357339322566986,-0.012511238501586633,-0.01931160553079477,0.08858293774714801,0.034725699573755264,0.04896179586648941,0.3210119016166455,0.048616798040566116,-0.0,-0.0,-0.07136887583093476,0.045719895511865616,0.023200929164886475,-0.06858414483029907,-0.010847205248330896,0.0022454977939369613,-0.05385466602049788,-0.03007399122741306,-0.021194017559571055,0.4800822076396831,0.04111270323963576,-0.0645160683064004,0.04596471954911107,-0.05176429684404274,0.04575715446451589,0.04189269543048206,0.02741083892316068,0.045810074391871125,-0.0017723949420355364,analytic,0.25740680697113955,-0.11113435034777097,-0.09358786931385848,0.4803389150667688,0.04372893661777282,0.008715773141753473,0.43158136110320877,9.0193938688221,1.6281527393586464,139.73730190059388,1,0.009437322616577148,0.07877719402313232,0.07196442037820816,0.24946752190589905,-0.010847205248330896,0.0022454977939369613,0.1821502957698982,-0.02999287606837951,0.024092297199475445,0.0762801753376416,1,0.009131047001574188,1.0,-0.010847205248330896,0.0022454977939369613,0.1821502957698982,-0.02999287606837951,0.024092297199475445,0.0762801753376416,-0.02999287606837951,0.024092297199475445,0.0762801753376416
4.6594280840072315,1788408584.7119713,control,takeoff,1,1,0.0038414750015363097,3.869208335876465,3869.0,0,30.0,4.65313996799523,3.869208335876465,1,1,0,1.0854933711003192,0.08067523688077927,0.07227814197540283,0.2543635964393616,0.07257222384214401,0.006178738083690405,0.7782679796218872,14.271832466125488,-0.21382904052734375,169.89637756347656,-0.16130584478378296,0.39263013005256653,-0.0001069952268153429,-0.013733170286561928,-0.020081800421743505,0.08850372759218822,0.034725699573755264,0.04896179586648941,0.3236756590044457,0.048616798040566116,-0.0,-0.0,-0.0717845802019648,0.045949537307024,0.02331634610891342,-0.06931206256508415,-0.01126422466391841,0.002750915148834611,-0.05390809309184358,-0.030061278313672373,-0.02151416558406319,0.48041108271518523,0.04175163278329762,-0.06447454515744773,0.045925187465396165,-0.05360800559069494,0.04493314124686465,0.041876516214658585,0.05338654295353171,0.05624224150423711,-0.003449857003149761,analytic,0.28966610195955306,-0.09953947370279373,-0.09365043817842723,0.4806505260583398,0.05406433382308669,0.008476416675743715,0.5621879432382731,0.690316381990171,-0.0159869704414318,8.72340573395909,1,0.004851341247558594,0.07864585518836975,0.07201343774795532,0.2513289153575897,-0.01126422466391841,0.002750915148834611,0.18289421086536142,-0.04170194155875964,0.05054173548977502,0.07439150954633802,1,0.008018542008358054,1.0,-0.01126422466391841,0.002750915148834611,0.18289421086536142,-0.04170194155875964,0.05054173548977502,0.07439150954633802,-0.04170194155875964,0.05054173548977502,0.07439150954633802
4.670637830000487,1788408584.723233,control,takeoff,1,1,0.00019433099078014493,3.869208335876465,3869.0,0,30.0,4.664349713988486,3.869208335876465,1,1,0,1.0854933711003192,0.08093136548995972,0.0722295343875885,0.25631630420684814,0.06149468570947647,0.00429074140265584,0.6488171219825745,11.268820762634277,-0.19639763236045837,134.18003845214844,-0.14681510627269745,0.34992510080337524,-0.008812079206109047,-0.0150445634754579,-0.017421943063012348,0.08781494266263358,0.034725699573755264,0.04896179586648941,0.32633455642118536,0.048616798040566116,-0.0,-0.0,-0.07219274572262405,0.04620566591620445,0.02326773852109909,-0.07001825221433722,-0.012051492507936294,0.003912298145243581,-0.05199720394901791,-0.029901413723378456,-0.022007089480185912,0.4800421856570692,0.04282514345053842,-0.06423707781583063,0.04586605261946507,-0.05607181815822346,0.04733613812671136,0.041220147479189395,0.0635608369008796,0.043866763972844926,-0.004092339780315236,analytic,0.30702360715461774,-0.11972598909416066,-0.09313156204109534,0.4801771397340874,0.06376966285824474,0.007551056284524551,0.6790926155501342,0.6510948384299607,-0.06207902609254657,7.842704606393503,1,0.0012068748474121094,0.07952722162008286,0.07207980006933212,0.25573471188545227,-0.012051492507936294,0.003912298145243581,0.1855892905579286,-0.031824418279461905,0.056854699659210015,0.15978918631343042,1,0.00666989799356088,1.0,-0.012051492507936294,0.003912298145243581,0.1855892905579286,-0.031824418279461905,0.056854699659210015,0.15978918631343042,-0.031824418279461905,0.056854699659210015,0.15978918631343042
4.681628137012012,1788408584.7340996,control,takeoff,1,1,0.010162795006181113,3.869208335876465,3869.0,0,30.0,4.675340021000011,3.869208335876465,1,1,0,1.0854933711003192,0.08108421415090561,0.07233341038227081,0.25837060809135437,0.09428411722183228,0.03407466039061546,1.0,18.687511444091797,8.628750801086426,247.82553100585938,0.2976645529270172,-0.3013390004634857,-0.3388926386833191,-0.013617129434229045,-0.01940838480433963,0.08671816757564801,0.034725699573755264,0.04896179586648941,0.32894988944283515,0.048616798040566116,-0.0,-0.0,-0.07258769502349932,0.046358514577150345,0.023371614515781403,-0.07057928135148078,-0.012051492507936294,0.003912298145243581,-0.05275723678337335,-0.030018343889343928,-0.022091641415414948,0.48054315759711574,0.042945014170661516,-0.06441973108120819,0.045850511079771145,-0.054770948640450456,0.045553823679157585,0.04013107053328058,0.06349326562199079,0.043820078668329404,-0.004099666380739965,analytic,0.3033093594354368,-0.1145984047077554,-0.09131282216075408,0.4807612839935801,0.07308280645129252,0.0066678409366240175,0.7912604233802281,13.773679627960032,-1.3062318993514104,165.89065058286104,1,0.011397361755371094,0.07952722162008286,0.07207980006933212,0.25573471188545227,-0.012051492507936294,0.003912298145243581,0.1855892905579286,-0.031824418279461905,0.056854699659210015,0.15978918631343042,1,0.017660205005086027,1.0,-0.012051492507936294,0.003912298145243581,0.1855892905579286,-0.031824418279461905,0.056854699659210015,0.15978918631343042,-0.031824418279461905,0.056854699659210015,0.15978918631343042
4.692695217003347,1788408584.7452307,control,takeoff,1,1,0.003348983998876065,3.869208335876465,3869.0,0,30.0,4.686407100991346,3.869208335876465,1,1,0,1.0854933711003192,0.08163351565599442,0.07245419919490814,0.2623005211353302,0.07693587243556976,0.02569660358130932,0.8368489146232605,11.678147315979004,5.3409600257873535,151.9276580810547,0.2257184088230133,-0.11585274338722229,-0.25250181555747986,-0.013014917674367393,-0.018541348818174562,0.08620845975388965,0.034725699573755264,0.04896179586648941,0.33159188377311144,0.048616798040566116,-0.0,-0.0,-0.07298017448106746,0.04690781608223915,0.02349240332841873,-0.06929136263778124,-0.012230659332488722,0.004795035727383189,-0.04921346049259248,-0.030352011882526984,-0.022586668154423006,0.4787045742773578,0.044111756752937326,-0.06540179002249422,0.045732003084326296,-0.05534619579372699,0.047428667890171805,0.03967054899176117,0.049545293749750516,0.015415400022236327,-0.0032481385809732203,analytic,0.2902695566971268,-0.14827199694005921,-0.09181720336627114,0.4789195547616438,0.08442864918593083,0.015375266938880496,0.9245013841755582,1.2282085149422386,1.002956024086789,14.512371052495517,1,0.00415492057800293,0.08025921881198883,0.07208377122879028,0.25931891798973083,-0.012230659332488722,0.004795035727383189,0.18988954912451034,-0.003687584368905254,0.0391132337150699,0.2221213126379004,1,0.004593388002831489,1.0,-0.012230659332488722,0.004795035727383189,0.18988954912451034,-0.003687584368905254,0.0391132337150699,0.2221213126379004,-0.003687584368905254,0.0391132337150699,0.2221213126379004
4.70377857600397,1788408584.7564464,control,takeoff,1,1,0.004314831996452995,3.869208335876465,3869.0,0,30.0,4.697490459991968,3.869208335876465,1,1,0,1.0854933711003192,0.0818638876080513,0.07242310792207718,0.2644416391849518,0.06617133319377899,0.01993340626358986,0.7124427556991577,9.126517295837402,4.157124042510986,119.0457992553711,0.1883995532989502,-0.06872677803039551,-0.22163420915603638,-0.012607124566323093,-0.017360147662938582,0.08521466926160727,0.034725699573755264,0.04896179586648941,0.33424610527359094,0.048616798040566116,-0.0,-0.0,-0.07336797270193983,0.047138188034296036,0.02346131205558777,-0.06980446608863916,-0.01213087699021458,0.005075592168592136,-0.04795739848178632,-0.03057211322292017,-0.022696963356373483,0.4784766971420251,0.04434211558622373,-0.06589924365307866,0.04569489370323452,-0.05522155265024796,0.049102391103850826,0.03867432961167627,0.03845630691193833,0.0038126653158040394,-0.0025404135159983227,analytic,0.2786531205245176,-0.16468860127736354,-0.09039195635392039,0.47867655967054135,0.08572627688433909,0.018951610833573336,0.9423865975145425,0.1301943604904925,0.35882388055893594,1.794469951405492,1,0.005403757095336914,0.0805310383439064,0.07209421694278717,0.26163193583488464,-0.01213087699021458,0.005075592168592136,0.19189424781868708,0.009978234227416255,0.02805564412090032,0.2004698694177142,1,0.0023125309962779284,1.0,-0.01213087699021458,0.005075592168592136,0.19189424781868708,0.009978234227416255,0.02805564412090032,0.2004698694177142,0.009978234227416255,0.02805564412090032,0.2004698694177142
4.714985697006341,1788408584.7675638,control,takeoff,1,1,0.015521952998824418,3.869208335876465,3869.0,0,30.0,4.70869758099434,3.869208335876465,1,1,0,1.0854933711003192,0.0818638876080513,0.07242310792207718,0.2644416391849518,0.06617133319377899,0.01993340626358986,0.7124427556991577,9.126517295837402,4.157124042510986,119.0457992553711,0.1883995532989502,-0.06872677803039551,-0.22163420915603638,-0.012607124566323093,-0.017360147662938582,0.08521466926160727,0.034725699573755264,0.04896179586648941,0.3369383508475017,0.048616798040566116,-0.0,-0.0,-0.07375475037318698,0.047138188034296036,0.02346131205558777,-0.0724967116625499,-0.011862030592867166,0.005350983708517675,-0.044879374348143375,-0.030695692100216925,-0.022828489346289053,0.4785908662720715,0.04459429666344276,-0.06615164813475555,0.04566701581926945,-0.05546658969573326,0.04935939044355554,0.03869145830559541,0.021631336200262176,0.004387269420523602,-0.00143446558697232,analytic,0.26287305286963136,-0.16454974168597972,-0.09026602773127514,0.4787915146165343,0.08572627688433909,0.018951610833573336,0.9423865975145425,0.1301943604904925,0.35882388055893594,1.794469951405492,1,0.016521215438842773,0.08071227371692657,0.07210094481706619,0.26592811942100525,-0.011862030592867166,0.005350983708517675,0.1957201040375832,0.009685231956980974,0.009576780752872969,0.1956514950282235,1,0.0018019650015048683,1.0,-0.011862030592867166,0.005350983708517675,0.1957201040375832,0.009685231956980974,0.009576780752872969,0.1956514950282235,0.009685231956980974,0.009576780752872969,0.1956514950282235
4.726097564009251,1788408584.7786272,control,takeoff,1,1,0.004456977010704577,3.869208335876465,3869.0,0,30.0,4.71980944799725,3.869208335876465,1,1,0,1.0854933711003192,0.08223990350961685,0.07254419475793839,0.2683965265750885,0.0991816520690918,0.009153669700026512,1.0,20.77149772644043,-0.08066320419311523,263.8472900390625,0.30248814821243286,-0.06001518294215202,0.08505111932754517,-0.01046855430475051,-0.01738711063582741,0.08572498149459312,0.034725699573755264,0.04896179586648941,0.33961593748541535,0.048616798040566116,-0.0,-0.0,-0.07413292846669253,0.04751420393586159,0.023582398891448975,-0.07121941091032685,-0.011862030592867166,0.005350983708517675,-0.04561170468988204,-0.030980353062584946,-0.022926863222551747,0.4782524128405406,0.04480430362071478,-0.06679772456099008,0.04562420383378177,-0.05350487650717531,0.050032844754918274,0.03917479893066912,0.021657776682798356,0.004344993613696261,-0.0014503011707388334,analytic,0.2573128318615666,-0.1669027645406246,-0.09141712377028938,0.4785133162215136,0.06554481213777785,0.022658845294479674,0.7080334457644393,-16.755993016079447,3.074444702178751,-194.5890208438268,1,0.005181074142456055,0.08071227371692657,0.07210094481706619,0.26592811942100525,-0.011862030592867166,0.005350983708517675,0.1957201040375832,0.009685231956980974,0.009576780752872969,0.1956514950282235,1,0.012913832004414871,1.0,-0.011862030592867166,0.005350983708517675,0.1957201040375832,0.009685231956980974,0.009576780752872969,0.1956514950282235,0.009685231956980974,0.009576780752872969,0.1956514950282235
4.737105632011662,1788408584.7897363,control,takeoff,1,1,0.007663057011086494,3.869208335876465,3869.0,0,30.0,4.730817515999661,3.869208335876465,1,1,0,1.0854933711003192,0.0824814960360527,0.07255643606185913,0.2705604135990143,0.08563953638076782,0.007641858886927366,0.9718204736709595,16.264385223388672,-0.10391780734062195,206.58407592773438,0.25600600242614746,-0.07494989037513733,0.04517297446727753,-0.009915063650398147,-0.01842996288940385,0.08485767987502786,0.034725699573755264,0.04896179586648941,0.34227648615073136,0.048616798040566116,-0.0,-0.0,-0.07450235825907561,0.04775579646229744,0.02359464019536972,-0.07171607255171708,-0.011946414621939279,0.005374009270783544,-0.04419155057490304,-0.03112619903056413,-0.02295390887605272,0.477958606626591,0.04487455032258985,-0.06714378774524818,0.04560400071854533,-0.05303302298917325,0.04933608843988198,0.038325764646266344,0.016412294239478063,0.02070341378792548,-0.0011047547621534605,analytic,0.25153890391724953,-0.14855212184147557,-0.08893028566094487,0.4782607182056338,0.06115244214616262,0.022700170798750224,0.6532915540734253,-0.5721763782008741,0.0053833072819426024,-7.1310061273118395,1,0.00861358642578125,0.08057914674282074,0.07215191423892975,0.26797449588775635,-0.011946414621939279,0.005374009270783544,0.19785672219045147,-0.008438402907209944,0.0023025562265865116,0.21366181528679465,1,0.0002573830133769661,1.0,-0.011946414621939279,0.005374009270783544,0.19785672219045147,-0.008438402907209944,0.0023025562265865116,0.21366181528679465,-0.008438402907209944,0.0023025562265865116,0.21366181528679465
4.748272185999667,1788408584.801288,control,takeoff,1,1,0.008802937998552807,3.869208335876465,3869.0,0,30.0,4.741984069987666,3.869208335876465,1,1,0,1.0854933711003192,0.08268630504608154,0.07259653508663177,0.2726249098777771,0.07262716442346573,0.0069192578084766865,0.8189414739608765,12.750030517578125,-0.09765457361936569,162.19522094726562,0.22377806901931763,-0.06739360839128494,0.029910800978541374,-0.008965158806598249,-0.01880280524158386,0.08455121759020527,0.034725699573755264,0.04896179586648941,0.3449833462311263,0.048616798040566116,-0.0,-0.0,-0.07487180302037218,0.04796060547232628,0.023634739220142365,-0.07235843635334921,-0.011946414621939279,0.005374009270783544,-0.04490910564845474,-0.031282507980974136,-0.02299160217821606,0.4784783044734889,0.04488947171020568,-0.06739896256928575,0.045591561249835655,-0.05210105510274671,0.04923275649068588,0.03801077146460312,0.016393111399883878,0.020659430351562705,-0.0011076705884799194,analytic,0.2490074317527792,-0.1485541543163198,-0.08849706979922335,0.47881534420269134,0.0623582455121567,0.02056614034725124,0.665493221609864,0.12114947255311734,-0.21441030179763337,1.2259259079853155,1,0.010212182998657227,0.08057914674282074,0.07215191423892975,0.26797449588775635,-0.011946414621939279,0.005374009270783544,0.19785672219045147,-0.008438402907209944,0.0023025562265865116,0.21366181528679465,1,0.011423937001382,1.0,-0.011946414621939279,0.005374009270783544,0.19785672219045147,-0.008438402907209944,0.0023025562265865116,0.21366181528679465,-0.008438402907209944,0.0023025562265865116,0.21366181528679465
4.7594241660117405,1788408584.8119924,control,takeoff,1,1,0.00940144300693646,3.869208335876465,3869.0,0,30.0,4.753136049999739,3.869208335876465,1,1,0,1.0854933711003192,0.08299487829208374,0.0726471021771431,0.2747057378292084,0.06391258537769318,0.006487653125077486,0.6943380236625671,10.035917282104492,-0.08625136315822601,127.40972900390625,0.17976656556129456,-0.07000669091939926,0.005253970623016357,-0.008906715693310053,-0.019666155053199623,0.08356703002537094,0.034725699573755264,0.04896179586648941,0.34769461846867744,0.048616798040566116,-0.0,-0.0,-0.07523543434152354,0.048269178718328476,0.023685306310653687,-0.07298888063946907,-0.012309251487189532,0.005174521109160377,-0.04095637463213675,-0.031353217895820386,-0.02294726554726293,0.4773570553726746,0.04489568783373685,-0.06769925564859844,0.04557768172678473,-0.0520703391637591,0.04865556524205468,0.03705067378542612,0.0013027451203257744,0.026445749251277823,-8.841895501361015e-05,analytic,0.23428087634295763,-0.14077651410952294,-0.08614904140823104,0.477717503501437,0.06482467293046114,0.017257364779180974,0.6978816384237242,0.23226193054117614,-0.3115853300462367,3.0499969958698023,1,0.010297536849975586,0.08151304721832275,0.07210022956132889,0.27210739254951477,-0.012309251487189532,0.005174521109160377,0.2025167542014989,-0.014521020011444027,-0.014705522358887712,0.23318550040342353,1,0.009297397002228536,1.0,-0.012309251487189532,0.005174521109160377,0.2025167542014989,-0.014521020011444027,-0.014705522358887712,0.23318550040342353,-0.014521020011444027,-0.014705522358887712,0.23318550040342353
4.770505394000793,1788408584.8234427,control,takeoff,1,1,0.010197046998655424,3.869208335876465,3869.0,0,30.0,4.7642172779887915,3.869208335876465,1,1,0,1.0854933711003192,0.08319910615682602,0.0727057084441185,0.276841938495636,0.05520544946193695,0.006359614431858063,0.5980984568595886,7.854982852935791,-0.07155611366033554,100.00732421875,0.1322316825389862,-0.0701996460556984,-0.0011334298178553581,-0.009481873416123698,-0.020379895581152125,0.08330610282703241,0.034725699573755264,0.04896179586648941,0.3503964509397134,0.048616798040566116,-0.0,-0.0,-0.07559148147461886,0.048473406583070755,0.02374391257762909,-0.0735545124440774,-0.012321996804597522,0.00492332257695321,-0.03962795746633574,-0.03150322629397057,-0.022885513185899136,0.4771248632753087,0.04477394547205604,-0.06803855094667415,0.04557076718969108,-0.05251470242911975,0.04826441918868856,0.03681990915401119,-0.010421837981655288,0.01590285351865016,0.0007108954121819425,analytic,0.2237817112490168,-0.14998640010147152,-0.0861601047836287,0.4774914898684397,0.06601392475543644,0.013911454872841535,0.715775787158291,0.11863960818431156,-0.33378753933496175,1.7851179624676214,1,0.011723756790161133,0.0816476047039032,0.07208658009767532,0.2741265594959259,-0.012321996804597522,0.00492332257695321,0.20453871722408984,-0.0012745317407988294,-0.025119853220712817,0.20219630225906285,1,0.008147186992573552,1.0,-0.012321996804597522,0.00492332257695321,0.20453871722408984,-0.0012745317407988294,-0.025119853220712817,0.20219630225906285,-0.0012745317407988294,-0.025119853220712817,0.20219630225906285
4.781585023010848,1788408584.8346803,control,takeoff,1,1,0.010595098006888293,3.869208335876465,3869.0,0,30.0,4.775296906998847,3.869208335876465,1,1,0,1.0854933711003192,0.08343341946601868,0.07270272076129913,0.27892476320266724,0.04853082075715065,0.005032015964388847,0.5172924995422363,6.159604072570801,-0.08198487013578415,78.50003051757812,0.1319960355758667,-0.07170678675174713,-0.0005822686944156885,-0.008075868436931779,-0.02121399825310255,0.08333083765370299,0.034725699573755264,0.04896179586648941,0.353105525850636,0.048616798040566116,-0.0,-0.0,-0.0759422179783794,0.04870771989226341,0.023740924894809723,-0.07418076264796875,-0.01246376174894612,0.004165010914093501,-0.03756507171497747,-0.031617706468756605,-0.02254894272548862,0.4766623101151875,0.044100973533493494,-0.06831264845150238,0.045604542354050745,-0.05042064587965816,0.047720142048124956,0.0368035842561831,-0.029038230713668147,0.03261330469682547,0.0019887035041932753,analytic,0.19972993204596712,-0.13129344213057198,-0.08505777543629672,0.47708745099676747,0.0649200896988292,0.01089428366055651,0.7061292191096638,-0.10192790103014704,-0.28115201360493947,-0.898905577583916,1,0.01222991943359375,0.08156561106443405,0.07210288941860199,0.2782314419746399,-0.01246376174894612,0.004165010914093501,0.20728576866990142,-0.013851624189305682,-0.04146176815669003,0.11979871590042172,1,0.007166224007960409,1.0,-0.01246376174894612,0.004165010914093501,0.20728576866990142,-0.013851624189305682,-0.04146176815669003,0.11979871590042172,-0.013851624189305682,-0.04146176815669003,0.11979871590042172
4.792678158002673,1788408584.845671,control,takeoff,1,1,0.0026284369960194454,3.869208335876465,3869.0,0,30.0,4.786390041990671,3.869208335876465,1,1,0,1.0854933711003192,0.08393044769763947,0.0727328285574913,0.2831301987171173,0.04224608838558197,0.0035822049248963594,0.4248191714286804,3.8598036766052246,-0.08848071098327637,48.68680953979492,0.09253557026386261,-0.04381636530160904,0.04562835395336151,-0.00944289714564807,-0.021901441164569692,0.08418875296706287,0.034725699573755264,0.04896179586648941,0.3558254455292334,0.048616798040566116,-0.0,-0.0,-0.07628811353390241,0.0492047481238842,0.023771032691001892,-0.07269524681211609,-0.01246376174894612,0.004165010914093501,-0.038240731857219185,-0.03199311664387344,-0.022578448391352757,0.47620779290455767,0.04416918181065397,-0.06916239465531847,0.045562409466354654,-0.05178179643095096,0.047872140484342546,0.037727518394619186,-0.029062780741068387,0.032610630554896075,0.002015228091864281,analytic,0.20410445392400112,-0.13199619210666402,-0.08700581819076418,0.4766250190922292,0.0566865961408087,0.00617895263497821,0.613156022763335,-0.6405279837310786,-0.33299159792931166,-7.30041853700311,1,0.003913402557373047,0.08156561106443405,0.07210288941860199,0.2782314419746399,-0.01246376174894612,0.004165010914093501,0.20728576866990142,-0.013851624189305682,-0.04146176815669003,0.11979871590042172,1,0.018259358999785036,1.0,-0.01246376174894612,0.004165010914093501,0.20728576866990142,-0.013851624189305682,-0.04146176815669003,0.11979871590042172,-0.013851624189305682,-0.04146176815669003,0.11979871590042172
4.803830351011129,1788408584.8568854,control,takeoff,1,1,0.004126438012463041,3.869208335876465,3869.0,0,30.0,4.797542234999128,3.869208335876465,1,1,0,1.0854933711003192,0.08407014608383179,0.07284947484731674,0.2852795720100403,0.03665650263428688,0.0052535152062773705,0.3838530480861664,2.973423957824707,-0.03657282143831253,38.110870361328125,0.03602838143706322,-0.06922630965709686,0.028980260714888573,-0.011291311120901586,-0.023574587955252375,0.08383850143386387,0.034725699573755264,0.04896179586648941,0.35856734812695845,0.048616798040566116,-0.0,-0.0,-0.0766305367044743,0.04934444651007652,0.02388767898082733,-0.07328777611691817,-0.01294838012847501,0.003185641822140015,-0.036723308123517845,-0.03188222224986178,-0.022231655362079647,0.475920238005244,0.04347832934829369,-0.06894185088456693,0.04561981573367299,-0.052930315190339354,0.04592723912711989,0.03741105203423242,-0.03957462410949766,0.04162448124077865,0.00273526357742215,analytic,0.19763559821047566,-0.11706800629114815,-0.08571600983476117,0.47633040795933623,0.052322127381768876,0.004786948092252734,0.5614991190543119,-0.44670348399013554,-0.1424716989158525,-5.287085355157892,1,0.005357503890991211,0.08249733597040176,0.07205132395029068,0.2827633321285248,-0.01294838012847501,0.003185641822140015,0.20947298669047687,-0.021762495649448977,-0.05112256956305202,0.11162119068047126,1,0.005095728003652766,1.0,-0.01294838012847501,0.003185641822140015,0.20947298669047687,-0.021762495649448977,-0.05112256956305202,0.11162119068047126,-0.021762495649448977,-0.05112256956305202,0.11162119068047126
4.814943397999741,1788408584.8680942,control,takeoff,1,1,0.015239485001075082,3.869208335876465,3869.0,0,30.0,4.80865528198774,3.869208335876465,1,1,0,1.0854933711003192,0.08407014608383179,0.07284947484731674,0.2852795720100403,0.03665650263428688,0.0052535152062773705,0.3838530480861664,2.973423957824707,-0.03657282143831253,38.110870361328125,0.03602838143706322,-0.06922630965709686,0.028980260714888573,-0.011291311120901586,-0.023574587955252375,0.08383850143386387,0.034725699573755264,0.04896179586648941,0.36130700388891107,0.048616798040566116,-0.0,-0.0,-0.07696645795083049,0.04934444651007652,0.02388767898082733,-0.07602743187887079,-0.013078237411469866,0.0026497625062533925,-0.03613846143262617,-0.031826115944342134,-0.021996627652424553,0.4769252925925977,0.04289922889932098,-0.06865991990365256,0.045671855831363975,-0.052360685217399464,0.045634572543957905,0.03737753820776192,-0.042649408169781126,0.032963493716993315,0.002935616022987398,analytic,0.19282524415029206,-0.12497762949476589,-0.08622618959972335,0.47733592883102566,0.052322127381768876,0.004786948092252734,0.5614991190543119,-0.44670348399013554,-0.1424716989158525,-5.287085355157892,1,0.01656627655029297,0.08262680470943451,0.07203749567270279,0.28503525257110596,-0.013078237411469866,0.0026497625062533925,0.21071579615943234,-0.01298572829948814,-0.0535879315886729,0.12428094689557165,1,0.0038813749997643754,1.0,-0.013078237411469866,0.0026497625062533925,0.21071579615943234,-0.01298572829948814,-0.0535879315886729,0.12428094689557165,-0.01298572829948814,-0.0535879315886729,0.12428094689557165
4.826004525006283,1788408584.8789978,control,takeoff,1,1,0.00612270699639339,3.869208335876465,3869.0,0,30.0,4.819716408994282,3.869208335876465,1,1,0,1.0854933711003192,0.08458191156387329,0.07285957038402557,0.2894706130027771,0.04051012545824051,0.005261039827018976,0.3712347745895386,2.2842040061950684,0.036756496876478195,25.78789520263672,0.04577269405126572,0.033363647758960724,-0.06369835138320923,-0.010655697782957468,-0.019947077406366885,0.0813370213977597,0.034725699573755264,0.04896179586648941,0.36404106858543234,0.048616798040566116,-0.0,-0.0,-0.07729555615263156,0.04985621199011803,0.023897774517536163,-0.07457045558265524,-0.013301694636647406,0.001579627939438821,-0.03423756762546468,-0.03211167836948,-0.02152813825873714,0.47558066120721,0.04200886544515233,-0.06940688713625534,0.04570172713755876,-0.05100278344644424,0.04995937290544211,0.03479084392697162,-0.040262643101605974,0.03075136317243346,0.0028014723049479264,analytic,0.1912531612911154,-0.14061310129815036,-0.08157114077341315,0.4759314455344695,0.040174713244360685,0.003687875968585071,0.4190914915923524,-1.3813997058441756,-0.12005351485664756,-16.21962625405097,1,0.0074770450592041016,0.08347204327583313,0.07201898097991943,0.2894556224346161,-0.013301694636647406,0.001579627939438821,0.21326214003658717,-0.010005628649468365,-0.04869436000816958,0.11522190480622152,1,0.002639544996782206,1.0,-0.013301694636647406,0.001579627939438821,0.21326214003658717,-0.010005628649468365,-0.04869436000816958,0.11522190480622152,-0.010005628649468365,-0.04869436000816958,0.11522190480622152
4.8371309470094275,1788408584.890196,control,takeoff,1,1,0.006257631001062691,3.869208335876465,3869.0,0,30.0,4.830842830997426,3.869208335876465,1,1,0,1.0854933711003192,0.08479799330234528,0.07291849702596664,0.29157721996307373,0.03629506751894951,0.005268828943371773,0.33488234877586365,1.751541018486023,0.029545310884714127,19.97639274597168,0.022690530866384506,-0.00010161660611629486,-0.0339839830994606,-0.011449816410725878,-0.0214259883776917,0.0822972697211108,0.034725699573755264,0.04896179586648941,0.36679842256313416,0.048616798040566116,-0.0,-0.0,-0.07762130922971808,0.05007229372859001,0.023956701159477234,-0.07522120260006043,-0.013301694636647406,0.001579627939438821,-0.03487728692910236,-0.03227608935567684,-0.021577876686966865,0.47607361504795775,0.04205385365616976,-0.0696827054670963,0.04568702374804329,-0.05176513789582504,0.04875913827568845,0.0357992969925795,-0.04021670502731171,0.030704222814693243,0.0028094374211033255,analytic,0.1939057152671544,-0.13729711957737187,-0.08366618700878398,0.47644441010172456,0.0369252041683555,0.0036605811010922743,0.375126852342367,-0.29227631059197234,-0.0024550302775884904,-3.954388880270436,1,0.007557392120361328,0.08347204327583313,0.07201898097991943,0.2894556224346161,-0.013301694636647406,0.001579627939438821,0.21326214003658717,-0.010005628649468365,-0.04869436000816958,0.11522190480622152,1,0.013765966999926604,1.0,-0.013301694636647406,0.001579627939438821,0.21326214003658717,-0.010005628649468365,-0.04869436000816958,0.11522190480622152,-0.010005628649468365,-0.04869436000816958,0.11522190480622152
4.848221290012589,1788408584.9012206,control,takeoff,1,1,0.006272866012295708,3.869208335876465,3869.0,0,30.0,4.841933174000587,3.869208335876465,1,1,0,1.0854933711003192,0.08501651883125305,0.07295748591423035,0.29376253485679626,0.03299548849463463,0.004921497777104378,0.30750131607055664,1.341448187828064,0.017343001440167427,15.485000610351562,-0.0023564770817756653,0.0358998067677021,-0.06600384414196014,-0.012537433565834711,-0.019465989873975468,0.08013082400527996,0.034725699573755264,0.04896179586648941,0.3695538655870228,0.048616798040566116,-0.0,-0.0,-0.07794072838649313,0.05029081925749779,0.023995690047740936,-0.07579133073022654,-0.013709817483054634,0.0006876798991057644,-0.03354662677004386,-0.03225848638517535,-0.021210780172894114,0.4758403285455379,0.041305042432049965,-0.06964713270099199,0.045740717553504055,-0.05223786525837635,0.05061666480296104,0.03360209831149334,-0.03559958091258141,0.04857898874583293,0.002485545506134686,analytic,0.2007420502441467,-0.12554050966870398,-0.07862845221405809,0.4761389758666484,0.03521837895603884,0.003910866797785411,0.3463740191513167,-0.15462749611906806,0.02267429043982054,-2.604823605005721,1,0.0075435638427734375,0.083657406270504,0.07200522720813751,0.2933405041694641,-0.013709817483054634,0.0006876798991057644,0.21522088259895883,-0.027140438132521653,-0.042219048803358715,0.08711421546376578,1,0.0006411280046449974,1.0,-0.013709817483054634,0.0006876798991057644,0.21522088259895883,-0.027140438132521653,-0.042219048803358715,0.08711421546376578,-0.027140438132521653,-0.042219048803358715,0.08711421546376578
4.859355767999659,1788408584.9136333,control,takeoff,1,1,0.009783278001123108,3.869208335876465,3869.0,0,30.0,4.853067651987658,3.869208335876465,1,1,0,1.0854933711003192,0.08525855839252472,0.07303734868764877,0.2958487272262573,0.03296087682247162,0.006103198975324631,0.302581787109375,1.0722198486328125,0.04592394828796387,12.254575729370117,0.014482026919722557,0.039052147418260574,-0.04010007530450821,-0.011942894101772754,-0.01907932290757477,0.0805945836255151,0.034725699573755264,0.04896179586648941,0.37232722783964417,0.048616798040566116,-0.0,-0.0,-0.07825611815569483,0.050532858818769455,0.024075552821159363,-0.07647850061338685,-0.013709817483054634,0.0006876798991057644,-0.03416756500872864,-0.032442229970652985,-0.021275751303268864,0.47634271276332113,0.04138001690271128,-0.06996282898582033,0.045722452095038904,-0.0516979204630863,0.051335865790017685,0.03405571638623186,-0.03555702036169393,0.048514106585442474,0.0024938714079477025,analytic,0.1994718089374407,-0.12803225494574338,-0.07973093009280564,0.47664954156984884,0.034019613691650935,0.004187626715574721,0.32536625272050956,-0.16256542220838846,0.03753161208650044,-2.8488783592033418,1,0.01258230209350586,0.083657406270504,0.07200522720813751,0.2933405041694641,-0.013709817483054634,0.0006876798991057644,0.21522088259895883,-0.027140438132521653,-0.042219048803358715,0.08711421546376578,1,0.011775605991715565,1.0,-0.013709817483054634,0.0006876798991057644,0.21522088259895883,-0.027140438132521653,-0.042219048803358715,0.08711421546376578,-0.027140438132521653,-0.042219048803358715,0.08711421546376578
4.870493383001303,1788408584.9234807,control,takeoff,1,1,0.0005608049978036433,3.869208335876465,3869.0,0,30.0,4.864205266989302,3.869208335876465,1,1,0,1.0854933711003192,0.08568936586380005,0.07308035343885422,0.30021798610687256,0.028860418125987053,0.004708677530288696,0.2716166377067566,0.6200854778289795,0.006297334097325802,7.3392133712768555,-0.020878607407212257,0.03175445646047592,-0.037004947662353516,-0.01354465794614629,-0.01912934398183775,0.07994958098224157,0.034725699573755264,0.04896179586648941,0.3751082341916673,0.048616798040566116,-0.0,-0.0,-0.0785662834678089,0.050963666290044785,0.024118557572364807,-0.07489024808479472,-0.013709817483054634,0.0006876798991057644,-0.034778972213119264,-0.03276763408031472,-0.021313088728522105,0.47581767540277825,0.0414730196262912,-0.07072156689579548,0.04568453247737203,-0.05340146549178225,0.05200832651452661,0.033477205782591654,-0.03558995497656309,0.04854206378500933,0.002523351834062968,analytic,0.2048140600247051,-0.13033779406080223,-0.07863508228128771,0.47609196123451475,0.032222695570593464,0.004868966423847949,0.29801035359366024,-0.0909468575352435,0.03159309345080207,-1.2492145141338415,1,0.0018470287322998047,0.083657406270504,0.07200522720813751,0.2933405041694641,-0.013709817483054634,0.0006876798991057644,0.21522088259895883,-0.027140438132521653,-0.042219048803358715,0.08711421546376578,1,0.022913220993359573,1.0,-0.013709817483054634,0.0006876798991057644,0.21522088259895883,-0.027140438132521653,-0.042219048803358715,0.08711421546376578,-0.027140438132521653,-0.042219048803358715,0.08711421546376578
4.881554627005244,1788408584.9344797,control,takeoff,1,1,0.001591537002241239,3.869208335876465,3869.0,0,30.0,4.875266510993242,3.869208335876465,1,1,0,1.0854933711003192,0.08587701618671417,0.0731109082698822,0.30240142345428467,0.02679399587213993,0.004370329901576042,0.26041117310523987,0.4552612900733948,-0.0016437196172773838,5.650088787078857,-0.011644750833511353,0.0350940003991127,-0.027587074786424637,-0.01329032504523269,-0.0186373060338816,0.08004513842892301,0.034725699573755264,0.04896179586648941,0.3778768573930251,0.048616798040566116,-0.0,-0.0,-0.07886906243615473,0.05115131661295891,0.024149112403392792,-0.07547543393874045,-0.014563836834864938,5.426092941209778e-05,-0.034439547988100006,-0.0325259098574406,-0.02105567091153347,0.4759378841509889,0.04094501712918404,-0.07017677600874406,0.04574416903473857,-0.05263714015608522,0.05195210495492769,0.033522043114902964,-0.023933288719012777,0.06992189095897429,0.0016837348287960826,analytic,0.21518166100818592,-0.10947692442051217,-0.07800647999304139,0.47620437378777764,0.031212506867923193,0.005011251167220793,0.2875309522099797,-0.09974430933790178,0.014048952853591075,-1.0347182170290445,1,0.002718210220336914,0.08446234464645386,0.07252652198076248,0.2973088324069977,-0.014563836834864938,5.426092941209778e-05,0.2161578758716099,-0.04640685003936314,-0.028215301164978713,0.03849056639493163,1,0.009496622005826794,1.0,-0.014563836834864938,5.426092941209778e-05,0.2161578758716099,-0.04640685003936314,-0.028215301164978713,0.03849056639493163,-0.04640685003936314,-0.028215301164978713,0.03849056639493163
4.892714743007673,1788408584.9456987,control,takeoff,1,1,0.012751653004670516,3.869208335876465,3869.0,0,30.0,4.8864266269956715,3.869208335876465,1,1,0,1.0854933711003192,0.08587701618671417,0.0731109082698822,0.30240142345428467,0.02679399587213993,0.004370329901576042,0.26041117310523987,0.4552612900733948,-0.0016437196172773838,5.650088787078857,-0.011644750833511353,0.0350940003991127,-0.027587074786424637,-0.01329032504523269,-0.0186373060338816,0.08004513842892301,0.034725699573755264,0.04896179586648941,0.3806768725711547,0.048616798040566116,-0.0,-0.0,-0.07916923590211158,0.05115131661295891,0.024149112403392792,-0.07827544911687001,-0.015392236681798163,0.0003263761934692019,-0.03491079906644884,-0.03215453092494922,-0.021183021270844246,0.4773384629075982,0.04112676788245349,-0.06921133529507804,0.04577103452551764,-0.05283749589404946,0.05099121140175865,0.03350499264093467,0.027313444011329936,0.0674816195274478,-0.0018950266051987038,analytic,0.2673365792295226,-0.11091635949550392,-0.0792183909313961,0.47759579534973856,0.031212506867923193,0.005011251167220793,0.2875309522099797,-0.09974430933790178,0.014048952853591075,-1.0347182170290445,1,0.013937234878540039,0.08463000506162643,0.07292326539754868,0.3018377721309662,-0.015392236681798163,0.0003263761934692019,0.21627975572738684,-0.0432150901298287,0.027101797920038986,0.0027234327749477054,1,0.008215851004933938,1.0,-0.015392236681798163,0.0003263761934692019,0.21627975572738684,-0.0432150901298287,0.027101797920038986,0.0027234327749477054,-0.0432150901298287,0.027101797920038986,0.0027234327749477054
4.903791533011827,1788408584.9567854,control,takeoff,1,1,0.009669485007179901,3.869208335876465,3869.0,0,30.0,4.897503416999825,3.869208335876465,1,1,0,1.0854933711003192,0.08604632318019867,0.07312124967575073,0.3045002520084381,0.023922111839056015,0.0036481665447354317,0.23915819823741913,0.32202452421188354,-0.011922678910195827,4.207890510559082,-0.01418003998696804,0.018078569322824478,-0.03365136682987213,-0.013606684172733011,-0.01932841030272891,0.0792657429485239,0.034725699573755264,0.04896179586648941,0.38346247304713205,0.048616798040566116,-0.0,-0.0,-0.07946189220105866,0.051320623606443405,0.024159453809261322,-0.07896222103869394,-0.015927369568510957,0.0007674352224659078,-0.0352375240249137,-0.03204182835062538,-0.021394362085172272,0.477737663121814,0.0415452944503722,-0.06893855755185499,0.04575335361112242,-0.05359905654303794,0.05002047926403112,0.03275562088016954,0.04513793275392434,0.07601216591745574,-0.003119374561808989,analytic,0.2879910250364732,-0.10028957309534593,-0.07772298937281434,0.47799856571311183,0.029628608034653385,0.004889095878658477,0.2756517081181542,-0.11633779090744759,-0.008972338460319355,-0.8725336405736914,1,0.011409282684326172,0.08464229851961136,0.07298969477415085,0.30411267280578613,-0.015927369568510957,0.0007674352224659078,0.21653198306273097,-0.05351328867129006,0.04410590289967937,0.025222733534418527,1,0.006942972002434544,1.0,-0.015927369568510957,0.0007674352224659078,0.21653198306273097,-0.05351328867129006,0.04410590289967937,0.025222733534418527,-0.05351328867129006,0.04410590289967937,0.025222733534418527
4.914906327001518,1788408584.9678795,control,takeoff,1,1,0.00456845699227415,3.869208335876465,3869.0,0,30.0,4.908618210989516,3.869208335876465,1,1,0,1.0854933711003192,0.08634013682603836,0.07320719212293625,0.30897289514541626,0.06848489493131638,0.021185601130127907,0.8210435509681702,13.750105857849121,5.086613178253174,172.97268676757812,-0.15383704006671906,0.07276123762130737,0.1870601773262024,-0.014474075796587493,-0.018985188942947755,0.07928104152689976,0.034725699573755264,0.04896179586648941,0.38626402240557467,0.048616798040566116,-0.0,-0.0,-0.0797502693306099,0.051614437252283096,0.02424539625644684,-0.07729112726015841,-0.016540670326862406,0.0012687455058320285,-0.0353360890462498,-0.03198705040373695,-0.0216898295855526,0.4769956365127369,0.042234583002610585,-0.0689574437869673,0.045704993437788305,-0.055154100250685664,0.05037871435352625,0.03281796344070745,0.05277599528978518,0.08301903231071736,-0.0036483305543954297,analytic,0.30083554366284204,-0.09489119661669479,-0.07761689587421876,0.47722132339080664,0.024746052579469286,0.004048517841137417,0.2438997897961448,-3.374442454178797,-0.5793954115164298,-21.893522343281425,1,0.0057713985443115234,0.08516713976860046,0.07302320003509521,0.3062402606010437,-0.016540670326862406,0.0012687455058320285,0.21700455687676634,-0.061330075835135237,0.05013102833660424,0.04725738140352969,1,0.006076236997614615,1.0,-0.016540670326862406,0.0012687455058320285,0.21700455687676634,-0.061330075835135237,0.05013102833660424,0.04725738140352969,-0.061330075835135237,0.05013102833660424,0.04725738140352969
4.92606364301173,1788408584.9790604,control,takeoff,1,1,0.0015036760014481843,3.869208335876465,3869.0,0,30.0,4.919775526999729,3.869208335876465,1,1,0,1.0854933711003192,0.08647419512271881,0.07329124957323074,0.31111934781074524,0.05669783800840378,0.01814604550600052,0.6874152421951294,10.832155227661133,4.025986194610596,136.474365234375,-0.12156994640827179,0.056536708027124405,0.149762362241745,-0.01436899681036734,-0.019102438279355264,0.07929075467086186,0.034725699573755264,0.04896179586648941,0.3890826190811177,0.048616798040566116,-0.0,-0.0,-0.08003442699125794,0.05174849554896355,0.024329453706741333,-0.07796327127037245,-0.016540670326862406,0.0012687455058320285,-0.03589950405494574,-0.03208847070251753,-0.02175833086255956,0.47747071015018827,0.042326100970535664,-0.06910622192015457,0.04569239046018592,-0.05513507285059461,0.050413708462783896,0.03283463480137902,0.052727348280880944,0.08292682173585514,-0.003652871011444855,analytic,0.30103616563429214,-0.09536846554969611,-0.07780852902234958,0.47770304171086136,0.03129205817131114,0.006987766544269559,0.34042251268117557,0.4662953658715828,0.20937318647003203,6.87565840742474,1,0.002913951873779297,0.08516713976860046,0.07302320003509521,0.3062402606010437,-0.016540670326862406,0.0012687455058320285,0.21700455687676634,-0.061330075835135237,0.05013102833660424,0.04725738140352969,1,0.01723355300782714,1.0,-0.016540670326862406,0.0012687455058320285,0.21700455687676634,-0.061330075835135237,0.05013102833660424,0.04725738140352969,-0.061330075835135237,0.05013102833660424,0.04725738140352969
4.9371542150038294,1788408584.9901843,control,takeoff,1,1,0.006919855004525743,3.869208335876465,3869.0,0,30.0,4.930866098991828,3.869208335876465,1,1,0,1.0854933711003192,0.08673051744699478,0.07326746731996536,0.313274621963501,0.0542137585580349,0.013695201836526394,0.624393105506897,8.579904556274414,3.0670201778411865,107.00218963623047,-0.05902225151658058,-0.007065001875162125,0.06908626854419708,-0.01323356182918155,-0.02063621910394246,0.07784329966967704,0.034725699573755264,0.04896179586648941,0.3918905297445531,0.048616798040566116,-0.0,-0.0,-0.08031159967426202,0.05200481787323952,0.024305671453475952,-0.0786159077810521,-0.017764254785193036,0.002143480218158841,-0.03590814933269176,-0.03173034200773645,-0.02214003078072499,0.4777429005792439,0.04313472126593475,-0.06835696278746568,0.045668715146925734,-0.05486350849501054,0.04814711736529201,0.03139964191029841,0.04328339222683805,0.08551233167219272,-0.0029660971803417225,analytic,0.2910281264312674,-0.08589980588270921,-0.07484178512876764,0.4780281456870461,0.03737660561852293,0.009629711242496472,0.4277183892008989,1.0510890319617041,0.4563887650556809,15.080125373565963,1,0.008249044418334961,0.08558806777000427,0.07304086536169052,0.30966073274612427,-0.017764254785193036,0.002143480218158841,0.2175460824152906,-0.059514563345768434,0.039849640376413024,0.007288005317664166,1,0.0036727679980685934,1.0,-0.017764254785193036,0.002143480218158841,0.2175460824152906,-0.059514563345768434,0.039849640376413024,0.007288005317664166,-0.059514563345768434,0.039849640376413024,0.007288005317664166
4.948217169003328,1788408585.0011342,control,takeoff,1,1,0.008689263995620422,3.869208335876465,3869.0,0,30.0,4.941929052991327,3.869208335876465,1,1,0,1.0854933711003192,0.08682385087013245,0.0732717216014862,0.31552034616470337,0.045380864292383194,0.011047773994505405,0.5478742718696594,6.673714637756348,2.396605968475342,83.95398712158203,-0.060149844735860825,0.014534885063767433,0.052418600767850876,-0.01383117250834226,-0.019700659895494636,0.07769823406138619,0.034725699573755264,0.04896179586648941,0.3946974725695641,0.048616798040566116,-0.0,-0.0,-0.0805828325349529,0.05209815129637718,0.024309925734996796,-0.07917712640486074,-0.01867357656404299,0.0026480977943936,-0.038097344527710075,-0.03139090431907741,-0.02237647063320295,0.4787376026830449,0.04357076929709091,-0.06753304906522616,0.04567471373930213,-0.05592950272661014,0.048253192079897145,0.031251885219320305,0.019882634112795308,0.07338637541910856,-0.0013460573954892489,analytic,0.27071653489570763,-0.09790875592089283,-0.07476975832773566,0.4789747398671051,0.0427518176601979,0.011693191519343255,0.501562248026438,0.5787517229430241,0.2221759358002713,7.950804580859813,1,0.009911298751831055,0.08561491221189499,0.07305168360471725,0.31489384174346924,-0.01867357656404299,0.0026480977943936,0.2158958465488452,-0.03882527786161229,0.018440718435272247,-0.0930061963856153,1,0.0023034479963826016,1.0,-0.01867357656404299,0.0026480977943936,0.2158958465488452,-0.03882527786161229,0.018440718435272247,-0.0930061963856153,-0.03882527786161229,0.018440718435272247,-0.0930061963856153
4.959367713003303,1788408585.0123074,control,takeoff,1,1,0.0049328680033795536,3.869208335876465,3869.0,0,30.0,4.9530795969913015,3.869208335876465,1,1,0,1.0854933711003192,0.08699986338615417,0.0733465775847435,0.3178104758262634,0.038673222064971924,0.009845525026321411,0.469116747379303,5.248709678649902,1.9011067152023315,66.10338592529297,-0.020349755883216858,0.00990788359194994,0.04689260572195053,-0.011774802772104048,-0.019823752000826315,0.07806833615086502,0.034725699573755264,0.04896179586648941,0.39753261714259824,0.048616798040566116,-0.0,-0.0,-0.08085090737115624,0.05227416381239891,0.02438478171825409,-0.07972214131633482,-0.01912371446406311,0.00276503750732055,-0.0393588847927151,-0.03131989015396984,-0.02249153538775828,0.47940033674117083,0.04375696263114575,-0.06730346421401655,0.045672154643955146,-0.05404934274814659,0.047943109982735904,0.0315762386067426,0.015844634349118335,0.08410063665835757,-0.001069035141695315,analytic,0.2616843628377071,-0.08643563996245456,-0.07502960489984839,0.4796913267924627,0.045805566978247836,0.012433753792465871,0.544187690381974,0.20546292015743137,0.04982664631141474,2.8679328088932143,1,0.006221771240234375,0.08560604602098465,0.07305237650871277,0.31710436940193176,-0.01912371446406311,0.00276503750732055,0.21516755285883404,-0.05001532222445596,0.01299330143632729,-0.08092152111234696,1,0.0011832710006274283,1.0,-0.01912371446406311,0.00276503750732055,0.21516755285883404,-0.05001532222445596,0.01299330143632729,-0.08092152111234696,-0.05001532222445596,0.01299330143632729,-0.08092152111234696
4.970448208012385,1788408585.0243156,control,takeoff,1,1,0.001004680001642555,3.869208335876465,3869.0,0,30.0,4.964160092000384,3.869208335876465,1,1,0,1.0854933711003192,0.08733078092336655,0.07333972305059433,0.32235392928123474,0.032523151487112045,0.006267184857279062,0.4091423749923706,3.2094461917877197,1.1359517574310303,40.893714904785156,0.035459842532873154,0.02745915949344635,0.013400324620306492,-0.009774529963031594,-0.018622548365898495,0.07724760479431951,0.034725699573755264,0.04896179586648941,0.4003557858348862,0.048616798040566116,-0.0,-0.0,-0.0811120218094439,0.05260508134961128,0.02437792718410492,-0.07800185655365144,-0.01912371446406311,0.00276503750732055,-0.03987882353553679,-0.031567683876718974,-0.02249265347762006,0.4787841311249531,0.04379215966188643,-0.06790332519878457,0.04564355728899632,-0.052130934581255,0.049761233341985886,0.03070699848163232,0.015867762586655183,0.08425302172205054,-0.0010801685134971613,analytic,0.2561737774488806,-0.0919912075929627,-0.07356024617209628,0.47910123711407016,0.047017678700792036,0.012322457300755886,0.5669708253594152,-0.016823180326347897,-0.041055317596021046,0.29130352577951896,1,0.0031855106353759766,0.08560604602098465,0.07305237650871277,0.31710436940193176,-0.01912371446406311,0.00276503750732055,0.21516755285883404,-0.05001532222445596,0.01299330143632729,-0.08092152111234696,1,0.012263766009709798,1.0,-0.01912371446406311,0.00276503750732055,0.21516755285883404,-0.05001532222445596,0.01299330143632729,-0.08092152111234696,-0.05001532222445596,0.01299330143632729,-0.08092152111234696
4.981697585011716,1788408585.0346193,control,takeoff,1,1,0.012254057000973262,3.869208335876465,3869.0,0,30.0,4.975409468999715,3.869208335876465,1,1,0,1.0854933711003192,0.08733078092336655,0.07333972305059433,0.32235392928123474,0.032523151487112045,0.006267184857279062,0.4091423749923706,3.2094461917877197,1.1359517574310303,40.893714904785156,0.035459842532873154,0.02745915949344635,0.013400324620306492,-0.009774529963031594,-0.018622548365898495,0.07724760479431951,0.034725699573755264,0.04896179586648941,0.40322782007760083,0.048616798040566116,-0.0,-0.0,-0.08137173543691073,0.05260508134961128,0.02437792718410492,-0.08087389079636609,-0.019718831469116977,0.0027860560956152053,-0.04068688546167121,-0.03129914604784881,-0.02250847805075443,0.4803352263456342,0.043708743484110454,-0.06713198775807389,0.04568288648798351,-0.05206256783144085,0.04898952466301497,0.030683743361353454,0.007828394298380878,0.09165953866542861,-0.0005268297357885218,analytic,0.24842551001638435,-0.08232908684282556,-0.0731151919215465,0.4806466698486496,0.047017678700792036,0.012322457300755886,0.5669708253594152,-0.016823180326347897,-0.041055317596021046,0.29130352577951896,1,0.013489246368408203,0.08538413792848587,0.07307601720094681,0.3192669749259949,-0.019718831469116977,0.0027860560956152053,0.2148771665940442,-0.05951170050539846,0.002101858829465961,-0.02903862647898903,1,0.00010325601033400744,1.0,-0.019718831469116977,0.0027860560956152053,0.2148771665940442,-0.05951170050539846,0.002101858829465961,-0.02903862647898903,-0.05951170050539846,0.002101858829465961,-0.02903862647898903
4.992691620005644,1788408585.0457704,control,takeoff,1,1,0.008373108998057432,3.869208335876465,3869.0,0,30.0,4.9864035039936425,3.869208335876465,1,1,0,1.0854933711003192,0.08753343671560287,0.07332456111907959,0.3245394229888916,0.02875387668609619,0.0048090992495417595,0.3568126857280731,2.51668119430542,0.8890808820724487,32.00865173339844,0.05006135627627373,0.01977051980793476,0.010838121175765991,-0.008167503034415215,-0.018785219759702043,0.07725779518961863,0.034725699573755264,0.04896179586648941,0.4060402356228195,0.048616798040566116,-0.0,-0.0,-0.08162031593602452,0.05280773714184761,0.02436276525259018,-0.08150081263392789,-0.020518152447874805,0.0027103640502766577,-0.0410435405220399,-0.031090324564210427,-0.02246922236271716,0.4807185819748321,0.04361202978193186,-0.06664410418853615,0.045710629824047694,-0.050369171668761786,0.048364130095556734,0.030641867060561295,0.0010593651578132855,0.11017603869627937,-7.07724446914131e-05,analytic,0.23738799521710352,-0.062033470651941855,-0.07224793148607507,0.48106918182363967,0.042785810386377285,0.010429621324580874,0.5206525241880446,-0.28560899478048896,-0.12774759049052656,-3.1260243596035906,1,0.009823322296142578,0.08514609932899475,0.07309620827436447,0.32144227623939514,-0.020518152447874805,0.0027103640502766577,0.21501648759742625,-0.07993209787577026,-0.007569204533853579,0.013932100338202068,1,0.009814902994548902,1.0,-0.020518152447874805,0.0027103640502766577,0.21501648759742625,-0.07993209787577026,-0.007569204533853579,0.013932100338202068,-0.07993209787577026,-0.007569204533853579,0.013932100338202068
5.003795232012635,1788408585.056848,control,takeoff,1,1,0.004383533014333807,3.869208335876465,3869.0,0,30.0,4.997507116000634,3.869208335876465,1,1,0,1.0854933711003192,0.08788566291332245,0.07338644564151764,0.32897862792015076,0.027426037937402725,0.0039443885907530785,0.3449660539627075,1.5980863571166992,0.5281637907028198,20.541213989257812,0.03198840469121933,0.03663547709584236,0.0018425378948450089,-0.008798835037884513,-0.018431695149220738,0.07616378283884365,0.034725699573755264,0.04896179586648941,0.40888616156611163,0.048616798040566116,-0.0,-0.0,-0.08186611842119951,0.053159963339567184,0.02442464977502823,-0.07990753364596087,-0.02277261671504774,0.002265976724949091,-0.04019739711865217,-0.030337672060379392,-0.022321665516570725,0.4796812017971354,0.04347105194936404,-0.06521629621696362,0.045782007946811434,-0.05093739525347017,0.04726034883507074,0.02951754092399804,-0.01358557332729662,0.15171448269372617,0.0008880980192663682,analytic,0.22576102229165165,-0.017114576481972715,-0.06765339685489796,0.47999443982853185,0.03508807648243588,0.007259519572116328,0.4338101682162237,-0.6339250304852962,-0.25719009728774506,-7.189900072155094,1,0.005733489990234375,0.08462266623973846,0.07312270253896713,0.3258228302001953,-0.02277261671504774,0.002265976724949091,0.21635353705582228,-0.12282728497238925,-0.027062467209702144,0.07976724689197001,1,0.00905120000243187,1.0,-0.02277261671504774,0.002265976724949091,0.21635353705582228,-0.12282728497238925,-0.027062467209702144,0.07976724689197001,-0.12282728497238925,-0.027062467209702144,0.07976724689197001
5.014917954002158,1788408585.0678408,control,takeoff,1,1,0.0053508900018641725,3.869208335876465,3869.0,0,30.0,5.008629837990156,3.869208335876465,1,1,0,1.0854933711003192,0.08800148963928223,0.07333599030971527,0.3312571942806244,0.024219073355197906,0.00216308468952775,0.3207908868789673,1.2153899669647217,0.3874938488006592,15.9574613571167,0.027654245495796204,0.028404325246810913,-0.0058336080983281136,-0.008687075350009682,-0.018480903354815385,0.07579260969668701,0.034725699573755264,0.04896179586648941,0.4117423942118419,0.048616798040566116,-0.0,-0.0,-0.08210704863928142,0.05327579006552696,0.02437419444322586,-0.0804851999312175,-0.02277261671504774,0.002265976724949091,-0.04067902872792739,-0.0304222474371437,-0.0222898285884752,0.4800854611410817,0.04336000870903769,-0.06533384185498235,0.045784169168424996,-0.05072834689073284,0.04732250195894353,0.02914372701361189,-0.013566521111234034,0.15156840469359137,0.0008884512910399523,analytic,0.22537456628942248,-0.01771229990058033,-0.06707563300846434,0.4804040550001828,0.031923327216438646,0.005985266676520717,0.3978009744738514,-0.31124368095500976,-0.1253189837040014,-3.541397142900188,1,0.00655817985534668,0.08462266623973846,0.07312270253896713,0.3258228302001953,-0.02277261671504774,0.002265976724949091,0.21635353705582228,-0.12282728497238925,-0.027062467209702144,0.07976724689197001,1,0.020173921991954558,1.0,-0.02277261671504774,0.002265976724949091,0.21635353705582228,-0.12282728497238925,-0.027062467209702144,0.07976724689197001,-0.12282728497238925,-0.027062467209702144,0.07976724689197001
5.026031101006083,1788408585.0789878,control,takeoff,1,1,0.00031496900191996247,3.869208335876465,3869.0,0,30.0,5.019742984994082,3.869208335876465,1,1,0,1.0854933711003192,0.0880761370062828,0.07342945039272308,0.3334640562534332,0.020302191376686096,0.002891006413847208,0.2840363681316376,0.9236741662025452,0.31903403997421265,12.3095703125,0.01929391920566559,0.04282299056649208,-0.005916704889386892,-0.008912907300144685,-0.016863202467123556,0.07567769813875533,0.034725699573755264,0.04896179586648941,0.41460146185256697,0.048616798040566116,-0.0,-0.0,-0.08234247843362788,0.05335043743252754,0.024467654526233673,-0.08113740559913374,-0.023794948145613493,0.00138225518815858,-0.039223271319565184,-0.030015337577748345,-0.021967775490658325,0.47984481023569425,0.04275005562033135,-0.06449560876031882,0.04585984555892852,-0.0503887116014962,0.048085523942270475,0.028961498487346124,-0.041426572557210925,0.04184384114459426,0.0026779895793392584,analytic,0.1936579601915344,-0.12905440238985535,-0.07204037759818366,0.4801151887938514,0.028155360455966047,0.004461088678158653,0.35806748497360547,-0.23393922161343572,-0.09463061571499203,-2.466906476772447,1,0.0015985965728759766,0.08632940798997879,0.07301884144544601,0.33027827739715576,-0.023794948145613493,0.00138225518815858,0.21828036676813908,-0.003256577817444285,-0.05041844009387374,0.10089099780015218,1,0.007046020997222513,1.0,-0.023794948145613493,0.00138225518815858,0.21828036676813908,-0.003256577817444285,-0.05041844009387374,0.10089099780015218,-0.003256577817444285,-0.05041844009387374,0.10089099780015218
5.037174545010203,1788408585.0902286,control,takeoff,1,1,0.007511158008128405,3.869208335876465,3869.0,0,30.0,5.030886428998201,3.869208335876465,1,1,0,1.0854933711003192,0.0882137194275856,0.07340339571237564,0.3358016312122345,0.023050863295793533,0.0010233299108222127,0.3429183065891266,0.8749741911888123,0.162793830037117,12.761789321899414,0.0359676219522953,0.14955250918865204,-0.017753858119249344,-0.008493585963763133,-0.01453598900539163,0.0753943091588317,0.034725699573755264,0.04896179586648941,0.41747352367918156,0.048616798040566116,-0.0,-0.0,-0.0825732376685926,0.05348801985383034,0.02444159984588623,-0.08167189246694706,-0.02276292969281739,0.0007768838569351376,-0.038614885206493615,-0.030580680539060923,-0.021681016602422006,0.47984749205124944,0.04209861131625337,-0.06563967279514739,0.04585381744306316,-0.04934474084506486,0.051543066413535565,0.028631864552482303,-0.05655324949295035,-0.05900225312269845,0.00372077399007117,analytic,0.17286841567197025,-0.23999994083239362,-0.07647478817594211,0.4800823944667249,0.025051667543449327,0.0032135629162841645,0.3257624167426447,-0.7678324641819352,-0.308629367295813,-7.992053609849686,1,0.008797168731689453,0.08705533295869827,0.0729985162615776,0.3328879475593567,-0.02276292969281739,0.0007768838569351376,0.2193508983774262,0.10320184527959406,-0.06053713312233479,0.10705316092869391,1,0.005806572007713839,1.0,-0.02276292969281739,0.0007768838569351376,0.2193508983774262,0.10320184527959406,-0.06053713312233479,0.10705316092869391,0.10320184527959406,-0.06053713312233479,0.10705316092869391
5.048219396005152,1788408585.101163,control,takeoff,1,1,0.008507243997883052,3.869208335876465,3869.0,0,30.0,5.04193127999315,3.869208335876465,1,1,0,1.0854933711003192,0.08839582651853561,0.07344382256269455,0.33805716037750244,0.022084148600697517,0.0016274928348138928,0.31946152448654175,0.6806380748748779,0.14232268929481506,9.740126609802246,0.020882844924926758,0.09741862863302231,-0.005002619698643684,-0.00889509080247862,-0.01564271697803011,0.07586385801384,0.034725699573755264,0.04896179586648941,0.42032520031303666,0.048616798040566116,-0.0,-0.0,-0.08279670599654128,0.05367012694478035,0.02448202669620514,-0.08226803993553422,-0.021077095164538807,0.00012186539528501335,-0.03795209064836785,-0.0314746203509361,-0.021421377737571246,0.479858889324846,0.04147142655112037,-0.06746473738026965,0.045819464477818206,-0.04905415096772967,0.05225320534384288,0.029147620596934237,-0.06520367000044158,-0.12276194541473583,0.004409425866776921,analytic,0.16178996498502426,-0.3058137366247978,-0.08059433178000797,0.4801287117689798,0.02295568018234527,0.002313372235958942,0.307903376340783,-0.20966892061886022,-0.09004921107707799,-1.7865020533208555,1,0.009734869003295898,0.08740492165088654,0.07298342138528824,0.33518338203430176,-0.021077095164538807,0.00012186539528501335,0.22046163171463895,0.168583452827892,-0.06550184616502545,0.11107333372129813,1,0.005518542995559983,1.0,-0.021077095164538807,0.00012186539528501335,0.22046163171463895,0.168583452827892,-0.06550184616502545,0.11107333372129813,0.168583452827892,-0.06550184616502545,0.11107333372129813
5.059338813007344,1788408585.1127467,control,takeoff,1,1,0.009224137000273913,3.869208335876465,3869.0,0,30.0,5.053050696995342,3.869208335876465,1,1,0,1.0854933711003192,0.0885552242398262,0.07341698557138443,0.3402928411960602,0.020759444683790207,0.0007813888951204717,0.2989387512207031,0.5188128352165222,0.09744475781917572,7.393984317779541,-0.00039715319871902466,0.08141124993562698,-0.01687486656010151,-0.009766416267878466,-0.015469711600310746,0.0751985437468092,0.034725699573755264,0.04896179586648941,0.4232010702473837,0.048616798040566116,-0.0,-0.0,-0.08301640405207783,0.05382952466607094,0.02445518970489502,-0.0829082290513235,-0.017513067024232182,-0.001166360928201579,-0.03596226789588702,-0.03319871922658689,-0.02082565841625634,0.47942497780884136,0.040102122025533066,-0.07104212601907933,0.045768734654749954,-0.04852823020063388,0.05595460710685628,0.028532623773491698,-0.06473197064951086,-0.12957621733386437,0.004610155466240134,analytic,0.16083681087768648,-0.32409413547968124,-0.07978468233734252,0.4797025756605541,0.021702734992041915,0.0016771806581689765,0.30038714027864766,-0.12154762289458142,-0.061716645376324424,-0.7291465209630539,1,0.011010408401489258,0.08764450997114182,0.07296117395162582,0.3399564325809479,-0.017513067024232182,-0.001166360928201579,0.22289221458478892,0.1682852266317621,-0.06295091675449302,0.1274873762380006,1,0.003640258000814356,1.0,-0.017513067024232182,-0.001166360928201579,0.22289221458478892,0.1682852266317621,-0.06295091675449302,0.1274873762380006,0.1682852266317621,-0.06295091675449302,0.1274873762380006
5.070459766007843,1788408585.124398,control,takeoff,1,1,0.009932929009664804,3.869208335876465,3869.0,0,30.0,5.064171649995842,3.869208335876465,1,1,0,1.0854933711003192,0.08875510841608047,0.07342598587274551,0.3426307737827301,0.020705094560980797,0.0008096133242361248,0.2870776057243347,0.4139361083507538,0.07853439450263977,5.672039031982422,-0.014394991099834442,0.07601682841777802,-0.027210945263504982,-0.010442874589818926,-0.014945371723507555,0.07452428613181825,0.034725699573755264,0.04896179586648941,0.42608218239744694,0.048616798040566116,-0.0,-0.0,-0.08323083464674191,0.05402940884232521,0.024464190006256104,-0.08345140861471684,-0.017513067024232182,-0.001166360928201579,-0.03639282255782594,-0.03334940928305069,-0.020836521229400905,0.47979457384098756,0.04007935923989713,-0.07130042439400149,0.045760021324357095,-0.04921243220685146,0.05671578019986188,0.027876104820016286,-0.06467137306473744,-0.12950748663730632,0.004622638458084023,analytic,0.16331273438851046,-0.3266680666250059,-0.07871405882381728,0.4800439504694799,0.020931765416225667,0.001235347027883312,0.2963885472648181,-0.0790225257379926,-0.04528688357668884,-0.4098461589960487,1,0.012905359268188477,0.08764450997114182,0.07296117395162582,0.3399564325809479,-0.017513067024232182,-0.001166360928201579,0.22289221458478892,0.1682852266317621,-0.06295091675449302,0.1274873762380006,1,0.014761211001314223,1.0,-0.017513067024232182,-0.001166360928201579,0.22289221458478892,0.1682852266317621,-0.06295091675449302,0.1274873762380006,0.1682852266317621,-0.06295091675449302,0.1274873762380006
5.081554768999922,1788408585.1345158,control,takeoff,1,1,0.0005058199894847348,3.869208335876465,3869.0,0,30.0,5.075266652987921,3.869208335876465,1,1,0,1.0854933711003192,0.08899957686662674,0.07341837137937546,0.3472036123275757,0.017438070848584175,0.0018340754322707653,0.27221205830574036,0.20503690838813782,0.10298234224319458,3.607954502105713,-0.042226746678352356,-0.008912330493330956,0.004960544407367706,-0.012068448188820554,-0.018109858644924218,0.07538375102635402,0.034725699573755264,0.04896179586648941,0.4289612861706895,0.048616798040566116,-0.0,-0.0,-0.08343948523668372,0.054273877292871475,0.024456575512886047,-0.08175767384311383,-0.01548671869819591,-0.002266798445547109,-0.033861556677147825,-0.03444656406270375,-0.020339104520914687,0.4781201857097826,0.03907483448344961,-0.07378119404844584,0.04573496617635577,-0.049710898736155265,0.056007648260701245,0.028838893153343013,-0.05172522476326322,-0.049418312398496915,0.0038262095704303667,analytic,0.18012469037259055,-0.24518357436383162,-0.07681884287308385,0.47844322948613976,0.01998854940663116,0.0005419758060976927,0.2867117295600634,-0.06094755405524817,-0.04092340120474436,-0.6597906083394073,1,0.00179290771484375,0.08768289536237717,0.07294531911611557,0.34442222118377686,-0.01548671869819591,-0.002266798445547109,0.22584277290932078,0.07649198718325621,-0.05198165814301805,0.1494696794522093,1,0.0016840149910422042,1.0,-0.01548671869819591,-0.002266798445547109,0.22584277290932078,0.07649198718325621,-0.05198165814301805,0.1494696794522093,0.07649198718325621,-0.05198165814301805,0.1494696794522093
5.092689444005373,1788408585.1456916,control,takeoff,1,1,0.003141947992844507,3.869208335876465,3869.0,0,30.0,5.0864013279933715,3.869208335876465,1,1,0,1.0854933711003192,0.08909519016742706,0.07340388745069504,0.3494064509868622,0.016194522380828857,0.0011273192940279841,0.26947078108787537,0.1348431557416916,0.06579814851284027,2.8220252990722656,-0.09447509050369263,-0.05279604718089104,-0.023226337507367134,-0.014632811534335325,-0.020070860642470368,0.07425092829069754,0.034725699573755264,0.04896179586648941,0.43185530428738356,0.048616798040566116,-0.0,-0.0,-0.08364358009516695,0.0543694905936718,0.024442091584205627,-0.08244885330052137,-0.01548671869819591,-0.002266798445547109,-0.03427202191378778,-0.03452024632496325,-0.020331742279263935,0.47854856651017064,0.03901726430747326,-0.07386769478987665,0.04573584885074587,-0.052238388007316436,0.054084568478592596,0.02780240965618225,-0.05167161859488309,-0.049402723404012,0.0038267331324508976,analytic,0.18810443142234046,-0.23975898190417858,-0.07488777076742872,0.47886283741942764,0.019451382642047033,0.00042047770425156477,0.2819701576529128,-0.06303622375251143,-0.01425773528525605,-0.556420849881079,1,0.004447221755981445,0.08768289536237717,0.07294531911611557,0.34442222118377686,-0.01548671869819591,-0.002266798445547109,0.22584277290932078,0.07649198718325621,-0.05198165814301805,0.1494696794522093,1,0.012818689996493049,1.0,-0.01548671869819591,-0.002266798445547109,0.22584277290932078,0.07649198718325621,-0.05198165814301805,0.1494696794522093,0.07649198718325621,-0.05198165814301805,0.1494696794522093
5.103883408999536,1788408585.1570134,control,takeoff,1,1,0.01433591298700776,3.869208335876465,3869.0,0,30.0,5.097595292987535,3.869208335876465,1,1,0,1.0854933711003192,0.08909519016742706,0.07340388745069504,0.3494064509868622,0.016194522380828857,0.0011273192940279841,0.26947078108787537,0.1348431557416916,0.06579814851284027,2.8220252990722656,-0.09447509050369263,-0.05279604718089104,-0.023226337507367134,-0.014632811534335325,-0.020070860642470368,0.07425092829069754,0.034725699573755264,0.04896179586648941,0.4347692810773038,0.048616798040566116,-0.0,-0.0,-0.0838434079639645,0.0543694905936718,0.024442091584205627,-0.0853628300904416,-0.015341728822940407,-0.0030822059741744436,-0.032364095142805416,-0.034587555708111506,-0.01996787185465026,0.4791653318656098,0.038200855297890655,-0.07388027315120413,0.045795710267994616,-0.05142648697423205,0.05408568038428732,0.027764891510817173,-0.035844947071174096,0.03660803265962153,0.0026550002977969315,analytic,0.20408717865516524,-0.15460560183604402,-0.0707332957722927,0.47948560050715466,0.019451382642047033,0.00042047770425156477,0.2819701576529128,-0.06303622375251143,-0.01425773528525605,-0.556420849881079,1,0.015769004821777344,0.08766809850931168,0.07293599843978882,0.3490537405014038,-0.015341728822940407,-0.0030822059741744436,0.22815289738604572,-0.014017500411067358,-0.036678824922863486,0.10149795004714214,1,8.066699956543744e-05,1.0,-0.015341728822940407,-0.0030822059741744436,0.22815289738604572,-0.014017500411067358,-0.036678824922863486,0.10149795004714214,-0.014017500411067358,-0.036678824922863486,0.10149795004714214
5.114884644004633,1788408585.1677501,control,takeoff,1,1,0.0018223509978270158,3.869208335876465,3869.0,0,30.0,5.108596527992631,3.869208335876465,1,1,0,1.0854933711003192,0.0893806666135788,0.07334838807582855,0.35392847657203674,0.014439987018704414,-0.000255212391493842,0.2477046549320221,0.05212278664112091,0.01744554191827774,1.575308084487915,-0.053058184683322906,-0.12559962272644043,-0.04049555957317352,-0.014377540312273375,-0.025079045864182962,0.07326050975954214,0.034725699573755264,0.04896179586648941,0.43763741698917336,0.048616798040566116,-0.0,-0.0,-0.08403456520010222,0.05465496703982353,0.024386592209339142,-0.08370894041713661,-0.015341728822940407,-0.0030822059741744436,-0.03274913206117047,-0.034803746406907546,-0.01992924686594529,0.4785294191865425,0.03815040072912429,-0.07442260318312607,0.04577879677515182,-0.051097703274562804,0.04962061996486386,0.026839030689250858,-0.035882141295867975,0.036605410845755,0.00267733172054281,analytic,0.203316894654254,-0.14152147130346507,-0.06883481995089473,0.4789872644210019,0.017436212886189184,0.0006587238155617068,0.26861871465427634,-0.10596221862797886,0.00905675766426188,-0.733148080669067,1,0.003031492233276367,0.08766809850931168,0.07293599843978882,0.3490537405014038,-0.015341728822940407,-0.0030822059741744436,0.22815289738604572,-0.014017500411067358,-0.036678824922863486,0.10149795004714214,1,0.01108190200466197,1.0,-0.015341728822940407,-0.0030822059741744436,0.22815289738604572,-0.014017500411067358,-0.036678824922863486,0.10149795004714214,-0.014017500411067358,-0.036678824922863486,0.10149795004714214
5.126033177002682,1788408585.1789446,control,takeoff,1,1,0.0066225600021425635,3.869208335876465,3869.0,0,30.0,5.119745060990681,3.869208335876465,1,1,0,1.0854933711003192,0.08946362137794495,0.07334285229444504,0.35627540946006775,0.014146245084702969,-0.000377291115000844,0.2715596556663513,0.03251200169324875,0.010138651356101036,2.0062668323516846,-0.0831330269575119,-0.14036241173744202,-0.019550295546650887,-0.015689601764982596,-0.02634802955682904,0.0736905441861903,0.034725699573755264,0.04896179586648941,0.44054821878700406,0.048616798040566116,-0.0,-0.0,-0.08422299257092389,0.05473792180418968,0.024381056427955627,-0.08427280932693632,-0.016402572827354033,-0.0035348410459722732,-0.03147761309260691,-0.03439011877870597,-0.019724195560708438,0.47831101815271454,0.03777875787731884,-0.07358005196655995,0.04583822780869625,-0.05201422184008683,0.04749343608832482,0.027273916164036745,-0.01722291028923051,0.0825268500591552,0.001270461109676123,analytic,0.22627052702215217,-0.0900124920550317,-0.06782809609737452,0.47875895266537666,0.016615899157532296,0.0006652113401102691,0.26319153782064686,-0.12829611281081735,0.0010146412918238985,-0.848804142814507,1,0.007832050323486328,0.08841921389102936,0.07293502986431122,0.3534753918647766,-0.016402572827354033,-0.0035348410459722732,0.22980423292910654,-0.06096928021597278,-0.01771107674306194,0.0794228196316208,1,0.00962783899740316,1.0,-0.016402572827354033,-0.0035348410459722732,0.22980423292910654,-0.06096928021597278,-0.01771107674306194,0.0794228196316208,-0.06096928021597278,-0.01771107674306194,0.0794228196316208
5.1372043670126,1788408585.190151,control,takeoff,1,1,0.0078012780140852556,3.869208335876465,3869.0,0,30.0,5.130916251000599,3.869208335876465,1,1,0,1.0854933711003192,0.08964484184980392,0.07333393394947052,0.3586260974407196,0.01491923164576292,-0.0004791085375472903,0.2639738619327545,0.041374754160642624,0.006087030284106731,1.454225778579712,-0.07582994550466537,-0.1507962942123413,-0.024792224168777466,-0.016146910637682185,-0.02829228367574799,0.07326086074122265,0.034725699573755264,0.04896179586648941,0.4434691248950662,0.048616798040566116,-0.0,-0.0,-0.08440646215114403,0.05491914227604866,0.02437213808298111,-0.08484302745434658,-0.01711776392285594,-0.0036115239908337633,-0.031147019467115483,-0.034205373312995065,-0.019685746876999307,0.47842462361419325,0.03770709132937402,-0.07317607507320777,0.045858702642143194,-0.0524036518907705,0.04513707139248313,0.02686216799625752,-0.007631871602954107,0.0935494342381645,0.0005598673394504254,analytic,0.23759621189665012,-0.0724335551019526,-0.06675374405524592,0.4788998970305767,0.01585113336640289,0.0005152687281439761,0.2603622734640815,-0.07600910444769628,-0.014902606505548933,-0.28119700499513345,1,0.008976936340332031,0.08852395415306091,0.07293690741062164,0.35554349422454834,-0.01711776392285594,-0.0036115239908337633,0.23050491507424328,-0.07151910955020477,-0.007668294486150531,0.07006821451368833,1,0.008153948001563549,1.0,-0.01711776392285594,-0.0036115239908337633,0.23050491507424328,-0.07151910955020477,-0.007668294486150531,0.07006821451368833,-0.07151910955020477,-0.007668294486150531,0.07006821451368833
5.148203799006296,1788408585.2010565,control,takeoff,1,1,0.0053642690036213025,3.869208335876465,3869.0,0,30.0,5.141915682994295,3.869208335876465,1,1,0,1.0854933711003192,0.0898248478770256,0.07331836223602295,0.3610052168369293,0.014630007557570934,-0.000616389443166554,0.24679359793663025,0.02877023071050644,0.002814581850543618,0.9061986207962036,-0.0765978991985321,-0.14982280135154724,-0.03385228291153908,-0.0171848634435277,-0.03025728482767168,0.07235663887497419,0.034725699573755264,0.04896179586648941,0.4463491044116841,0.048616798040566116,-0.0,-0.0,-0.08458188738461479,0.05509914830327034,0.02435656636953354,-0.08534388757475475,-0.017988390843064497,-0.003593879549352204,-0.03088027069238347,-0.03394930865358652,-0.019684719955814677,0.4785296774036661,0.03772120501932028,-0.07262899670240867,0.04587826057004297,-0.05348520327720266,0.042605541596165586,0.02598875669259893,0.0018166771866982149,0.10943907770016437,-0.00013227002289113355,analytic,0.25091932910764864,-0.049442300133857066,-0.06444159734994195,0.47901208244406596,0.015228494421314541,0.0002079599928910892,0.259418999190288,-0.046598808378206825,-0.02299923732680486,-0.07059541886888811,1,0.006520748138427734,0.08855794370174408,0.07293995469808578,0.3581089675426483,-0.017988390843064497,-0.003593879549352204,0.2311257705327317,-0.08706269202084219,0.0017644441481556705,0.06208554584883203,1,0.006382966006640345,1.0,-0.017988390843064497,-0.003593879549352204,0.2311257705327317,-0.08706269202084219,0.0017644441481556705,0.06208554584883203,-0.08706269202084219,0.0017644441481556705,0.06208554584883203
5.159368215012364,1788408585.2124069,control,takeoff,1,1,0.0059251960046822205,3.869208335876465,3869.0,0,30.0,5.153080099000363,3.869208335876465,1,1,0,1.0854933711003192,0.0899285152554512,0.07335753738880157,0.36337020993232727,0.013663586229085922,0.00024739938089624047,0.2421393245458603,0.00474834069609642,0.01857949234545231,0.636981189250946,-0.05062474310398102,-0.12175015360116959,-0.036391448229551315,-0.01660637866218652,-0.030365678860114046,0.07186566527307063,0.034725699573755264,0.04896179586648941,0.4492762066002537,0.048616798040566116,-0.0,-0.0,-0.08475464366264185,0.05520281568169594,0.024395741522312164,-0.08590599666792642,-0.020398887425295546,-0.003341974946659324,-0.03002618114809802,-0.03294173401811999,-0.019830359205305927,0.47845608827356145,0.03812821715819942,-0.07056297837284484,0.045927292655414224,-0.05336991566335257,0.04044163744829704,0.025454274549580692,0.017363367356667225,0.1554146770598257,-0.001228141073494336,analytic,0.26751397588802717,0.0023674385049586334,-0.061504949658958336,0.4789210615686085,0.014781856236474293,-4.397997570372152e-05,0.25739764292702483,-0.04221793264436014,-0.02381431992511412,-0.19106624885470305,1,0.0072917938232421875,0.08853411674499512,0.07294757664203644,0.3630478084087372,-0.020398887425295546,-0.003341974946659324,0.23232881332537714,-0.1326220400682269,0.015493525777117137,0.060371347315748,1,0.0047994340129662305,1.0,-0.020398887425295546,-0.003341974946659324,0.23232881332537714,-0.1326220400682269,0.015493525777117137,0.060371347315748,-0.1326220400682269,0.015493525777117137,0.060371347315748
5.1704704700096045,1788408585.22419,control,takeoff,1,1,0.009684288001153618,3.869208335876465,3869.0,0,30.0,5.164182353997603,3.869208335876465,1,1,0,1.0854933711003192,0.09001347422599792,0.07333672791719437,0.3657526969909668,0.013611827045679092,-0.00045874249190092087,0.2688930332660675,0.0021653641015291214,-0.007419361732900143,1.353822946548462,-0.027457864955067635,-0.05913251265883446,-0.03974718227982521,-0.01618245932054835,-0.02915867337279371,0.07150867999363208,0.034725699573755264,0.04896179586648941,0.45219081646858394,0.048616798040566116,-0.0,-0.0,-0.08492114291538398,0.05528777465224266,0.024374932050704956,-0.08643811947761715,-0.021951800653476756,-0.0031506567132141582,-0.029751167419337476,-0.032305198400940656,-0.01990383212938433,0.4785717341185499,0.03833364840300585,-0.06923219905270152,0.045963701388148925,-0.053204393399242,0.04032200573435153,0.025052094598589286,0.022297616642480186,0.17887698165715335,-0.0015473208911329802,analytic,0.27275571142369376,0.025821953266839594,-0.059703577570735286,0.47900252855000064,0.014423221342522346,-0.00022037157733044216,0.2555560172876804,-0.05657316071466501,-0.02782504044038365,-0.2905087737637698,1,0.012735605239868164,0.08850421011447906,0.07295141369104385,0.3653683066368103,-0.021951800653476756,-0.0031506567132141582,0.2329403613926755,-0.15529132281809668,0.019131823344513584,0.061154806729825525,1,0.0033344399998895824,1.0,-0.021951800653476756,-0.0031506567132141582,0.2329403613926755,-0.15529132281809668,0.019131823344513584,0.061154806729825525,-0.15529132281809668,0.019131823344513584,0.061154806729825525
5.181601910007885,1788408585.2344472,control,takeoff,1,1,0.005869909000466578,3.869208335876465,3869.0,0,30.0,5.175313793995883,3.869208335876465,1,1,0,1.0854933711003192,0.09013291448354721,0.07336888462305069,0.3680477738380432,0.012384600937366486,3.55396477971226e-05,0.2438439130783081,-0.0136299729347229,0.0002518724650144577,0.7694965600967407,-0.018195591866970062,-0.022690273821353912,-0.03222509101033211,-0.015879383861035816,-0.027193025430083024,0.07144299651781194,0.034725699573755264,0.04896179586648941,0.455116780721265,0.048616798040566116,-0.0,-0.0,-0.08508277863877524,0.055407214909791946,0.02440708875656128,-0.08706900688322178,-0.023622542396599003,-0.002941705433236629,-0.029495839600850116,-0.03164059050057708,-0.020025094969660786,0.4787385547188426,0.03863737155636152,-0.06784071318743184,0.04599632322101499,-0.05325189753927493,0.040901894791207816,0.024937140657618227,0.02491457441931893,0.19260959249226772,-0.0016940846321672055,analytic,0.27611906766967115,0.03750542501345358,-0.05886513406321206,0.47911678412663644,0.013930131645648668,-0.0002660343394567892,0.25499529334392357,-0.030862192230702277,-0.002858005250288539,-0.035095379705356734,1,0.007015705108642578,0.0889989584684372,0.07295474410057068,0.367522269487381,-0.023622542396599003,-0.002941705433236629,0.23352259955361543,-0.16707417431225802,0.020895127997757078,0.058223816094005655,1,0.0017933189956238493,1.0,-0.023622542396599003,-0.002941705433236629,0.23352259955361543,-0.16707417431225802,0.020895127997757078,0.058223816094005655,-0.16707417431225802,0.020895127997757078,0.058223816094005655
5.192703774009715,1788408585.245653,control,takeoff,1,1,0.0019804940093308687,3.869208335876465,3869.0,0,30.0,5.186415657997713,3.869208335876465,1,1,0,1.0854933711003192,0.09035255014896393,0.07331191003322601,0.3727160692214966,0.014421116560697556,-0.0016244512517005205,0.281785249710083,0.08254081755876541,-0.05133352056145668,1.900087833404541,0.0593438558280468,0.029883090406656265,0.023293741047382355,-0.014801456876960238,-0.025276278923661823,0.07285070888863603,0.034725699573755264,0.04896179586648941,0.45803853692158675,0.048616798040566116,-0.0,-0.0,-0.08523869786423198,0.055626850575208664,0.024350114166736603,-0.08532246770009017,-0.023622542396599003,-0.002941705433236629,-0.029811380882727723,-0.03180301186726028,-0.01998546191058801,0.47803526900669213,0.03859589464128639,-0.06827372247309717,0.0459824572036953,-0.05208359433902825,0.04327788266292214,0.026307309869727277,0.024964338960287297,0.19284611310822733,-0.0017083337963739896,analytic,0.27321681674424414,0.030340633560060747,-0.06187679590681926,0.47840778406460965,0.013082198319846795,-0.00031194276222627846,0.25324805267227624,-0.06998637594938371,-0.005260319802199209,-0.1389385649174256,1,0.003240823745727539,0.0889989584684372,0.07295474410057068,0.367522269487381,-0.023622542396599003,-0.002941705433236629,0.23352259955361543,-0.16707417431225802,0.020895127997757078,0.058223816094005655,1,0.012895182997453958,1.0,-0.023622542396599003,-0.002941705433236629,0.23352259955361543,-0.16707417431225802,0.020895127997757078,0.058223816094005655,-0.16707417431225802,0.020895127997757078,0.058223816094005655
5.2037777500081575,1788408585.2565868,control,takeoff,1,1,0.0025279499968746677,3.869208335876465,3869.0,0,30.0,5.197489633996156,3.869208335876465,1,1,0,1.0854933711003192,0.0904407799243927,0.07332565635442734,0.3751335144042969,0.01321651041507721,-0.0010378742590546608,0.2714487612247467,0.0431007444858551,-0.029900236055254936,1.323296070098877,0.07387702912092209,0.05921507999300957,-0.0033106729388237,-0.013385851684776818,-0.023437960129647595,0.07167153706516197,0.034725699573755264,0.04896179586648941,0.4609563855639035,0.048616798040566116,-0.0,-0.0,-0.08538896529518637,0.055715080350637436,0.024363860487937927,-0.08582287115960663,-0.02523216703658533,-0.002731597505837566,-0.029489905311013254,-0.03114167937082512,-0.020093529320667502,0.4781201153877174,0.038878654841433866,-0.06689787883039656,0.046016533627233895,-0.05105103559028118,0.043747836411024914,0.025056040206779158,0.025434278540142036,0.18949994614588495,-0.0017053307745998497,analytic,0.2705526382723993,0.02538160629260431,-0.05982505769807091,0.4784691644331103,0.012935384923023277,-0.0004655438515262216,0.25545333693548045,-0.013974673600909295,-0.014620771224925309,0.2099135940063197,1,0.0036690235137939453,0.08923105895519257,0.07295775413513184,0.37013858556747437,-0.02523216703658533,-0.002731597505837566,0.23414835759904135,-0.1609624639986073,0.021010792739903025,0.06257580454258192,1,0.0005588869971688837,1.0,-0.02523216703658533,-0.002731597505837566,0.23414835759904135,-0.1609624639986073,0.021010792739903025,0.06257580454258192,-0.1609624639986073,0.021010792739903025,0.06257580454258192
5.21498987400264,1788408585.2675295,control,takeoff,1,1,0.013740073991357349,3.869208335876465,3869.0,0,30.0,5.208701757990639,3.869208335876465,1,1,0,1.0854933711003192,0.0904407799243927,0.07332565635442734,0.3751335144042969,0.01321651041507721,-0.0010378742590546608,0.2714487612247467,0.0431007444858551,-0.029900236055254936,1.323296070098877,0.07387702912092209,0.05921507999300957,-0.0033106729388237,-0.013385851684776818,-0.023437960129647595,0.07167153706516197,0.034725699573755264,0.04896179586648941,0.4639140077951931,0.048616798040566116,-0.0,-0.0,-0.08553575509048461,0.055715080350637436,0.024363860487937927,-0.08878049339089622,-0.026680431004820416,-0.002533944920302524,-0.028956223419696864,-0.030485935346898658,-0.020185832924859756,0.4792361311393619,0.03904337593025104,-0.06539232801010995,0.04606418836454053,-0.05123850633071399,0.04224591474397288,0.025025377281609217,0.024554465637060333,0.17542633850112638,-0.0016091926555221695,analytic,0.27018230093358303,0.015618280695082552,-0.06055170813197857,0.4795677406276429,0.012935384923023277,-0.0004655438515262216,0.25545333693548045,-0.013974673600909295,-0.014620771224925309,0.2099135940063197,1,0.01461172103881836,0.08933329582214355,0.07296064496040344,0.37245073914527893,-0.026680431004820416,-0.002533944920302524,0.2349794496074015,-0.14482639682353757,0.01976525855350812,0.08310920083603167,1,0.010211328000877984,1.0,-0.026680431004820416,-0.002533944920302524,0.2349794496074015,-0.14482639682353757,0.01976525855350812,0.08310920083603167,-0.14482639682353757,0.01976525855350812,0.08310920083603167
5.226002461000462,1788408585.2786028,control,takeoff,1,1,0.003694138998980634,3.869208335876465,3869.0,0,30.0,5.219714344988461,3.869208335876465,1,1,0,1.0854933711003192,0.0905887559056282,0.07329636067152023,0.37993231415748596,0.012034133076667786,-0.0021494843531399965,0.2998160719871521,0.030645379796624184,-0.0768253356218338,2.901486396789551,0.007366150617599487,0.1667189598083496,-0.03550317510962486,-0.012859381551044267,-0.019518748113767068,0.07096431139495532,0.034725699573755264,0.04896179586648941,0.4668221827309826,0.048616798040566116,-0.0,-0.0,-0.08567469004355026,0.05586305633187294,0.024334564805030823,-0.08688986857349662,-0.029105887796570105,-0.0022207780408998426,-0.027287215130735232,-0.02950020116389933,-0.020308253196801188,0.4777729903984302,0.03951453522544699,-0.06355299542157175,0.04610591942767716,-0.05128605980298741,0.04432559847786148,0.024231614624346448,0.018953007934626866,0.150751929367911,-0.001207086979309172,analytic,0.26427794746254113,-0.015356590695269297,-0.0601317414966866,0.47801127278564626,0.012918286982403292,-0.0009643632461458778,0.2644527184430434,-0.0052865114299205625,-0.048147402069569856,0.8594769433266263,1,0.0046308040618896484,0.08938352018594742,0.072963185608387,0.3772008717060089,-0.029105887796570105,-0.0022207780408998426,0.23693010779647977,-0.11407881551009476,0.013927924560939081,0.09615484122151544,1,0.010041603993158787,1.0,-0.029105887796570105,-0.0022207780408998426,0.23693010779647977,-0.11407881551009476,0.013927924560939081,0.09615484122151544,-0.11407881551009476,0.013927924560939081,0.09615484122151544
5.237207662008586,1788408585.289759,control,takeoff,1,1,0.0036717440088978037,3.869208335876465,3869.0,0,30.0,5.230919545996585,3.869208335876465,1,1,0,1.0854933711003192,0.09070426970720291,0.0732676163315773,0.38237693905830383,0.011682240292429924,-0.002230935264378786,0.28334152698516846,0.018256304785609245,-0.06290923804044724,2.0281150341033936,0.008072295226156712,0.1546180695295334,-0.004015443846583366,-0.012762511246809003,-0.018307158498347225,0.07232001458674717,0.034725699573755264,0.04896179586648941,0.46978434681841996,0.048616798040566116,-0.0,-0.0,-0.08581072249427661,0.05597857013344765,0.02430582046508789,-0.08740740776011613,-0.030096598449797396,-0.002122295725795342,-0.02672887663747789,-0.02913513169414716,-0.02033458909920033,0.47778161314468753,0.039604155115437564,-0.06279510311504871,0.04613019005995815,-0.05124795873065785,0.04479796626439711,0.025551320915211506,0.014372738806273187,0.13905207012880205,-0.0009044349979893684,analytic,0.2597741719268819,-0.028628355472043093,-0.06338428306014857,0.47798948836326954,0.012712253497446566,-0.001228650627858107,0.2696547799856096,-0.018326484923610577,-0.02350811431193812,0.4627184870049531,1,0.004544496536254883,0.08938352018594742,0.072963185608387,0.3772008717060089,-0.030096598449797396,-0.002122295725795342,0.23776435773950197,-0.09907106532271356,0.009848231510448526,0.08342499430220668,1,0.008780358009971678,1.0,-0.030096598449797396,-0.002122295725795342,0.23776435773950197,-0.09907106532271356,0.009848231510448526,0.08342499430220668,-0.09907106532271356,0.009848231510448526,0.08342499430220668
5.248287569003878,1788408585.3007846,control,takeoff,1,1,0.008793849003268406,3.869208335876465,3869.0,0,30.0,5.241999452991877,3.869208335876465,1,1,0,1.0854933711003192,0.09076603502035141,0.07327593863010406,0.38475167751312256,0.011401562951505184,-0.0015077523421496153,0.305713027715683,0.005263097584247589,-0.02625727467238903,2.367095708847046,0.0017774528823792934,0.24180163443088531,-0.024012846872210503,-0.012892044611017239,-0.014766953907608644,0.07164950570156833,0.034725699573755264,0.04896179586648941,0.4727163697452508,0.048616798040566116,-0.0,-0.0,-0.08593994498778669,0.056040335446596146,0.024314142763614655,-0.08796469223212822,-0.030096598449797396,-0.002122295725795342,-0.026991108964334903,-0.029175648433256447,-0.020344369553841078,0.47809568122769003,0.03959459663832951,-0.06283917737589009,0.04612904826841558,-0.05143542533403049,0.04836590204632522,0.02483915390943273,0.014380661403428842,0.13892901783882816,-0.0009055700252449924,analytic,0.2605152591705645,-0.03971297050147366,-0.06199550073319916,0.4782203373475076,0.012511136305501522,-0.0014574845174263231,0.2746061863448666,-0.03347008858643277,-0.03808272421344788,0.8240171209085065,1,0.009561300277709961,0.08938352018594742,0.072963185608387,0.3772008717060089,-0.030096598449797396,-0.002122295725795342,0.23776435773950197,-0.09907106532271356,0.009848231510448526,0.08342499430220668,1,0.0198602650052635,1.0,-0.030096598449797396,-0.002122295725795342,0.23776435773950197,-0.09907106532271356,0.009848231510448526,0.08342499430220668,-0.09907106532271356,0.009848231510448526,0.08342499430220668
5.259450117009692,1788408585.3120239,control,takeoff,1,1,0.009552475006785244,3.869208335876465,3869.0,0,30.0,5.2531620009976905,3.869208335876465,1,1,0,1.0854933711003192,0.09084883332252502,0.0733259916305542,0.3872033357620239,0.010716577060520649,-0.0002417993382550776,0.2918080687522888,-0.00898757390677929,0.003386089578270912,1.6257610321044922,0.051311880350112915,0.19992123544216156,-0.015751175582408905,-0.010305295316441039,-0.014428583756834496,0.07182513614555075,0.034725699573755264,0.04896179586648941,0.47567314028251273,0.048616798040566116,-0.0,-0.0,-0.08606481318224586,0.05612313374876976,0.02436419576406479,-0.0884698045204888,-0.03160830547232909,-0.0020859689889297537,-0.027022427853284126,-0.02855080088894391,-0.020401851513154007,0.47830522452839525,0.039757597426197964,-0.06151896272288214,0.04617121053029643,-0.04903366033277422,0.04742319851225382,0.024922165781822048,-0.00022863039929618044,0.11766493011469711,1.409401293187518e-05,analytic,0.23846855308522177,-0.05803054126767913,-0.06344274346283732,0.4784734281134706,0.01221654711035686,-0.0015642123761438074,0.28064573873724097,-0.028379077138933766,-0.010281565601648621,0.5818167334469175,1,0.010420083999633789,0.0893096774816513,0.07295428216457367,0.38365235924720764,-0.03160830547232909,-0.0020859689889297537,0.2379865583980562,-0.06821881065772928,-0.0012648550323636056,-0.02042529312260417,1,0.0065533830056665465,1.0,-0.03160830547232909,-0.0020859689889297537,0.2379865583980562,-0.06821881065772928,-0.0012648550323636056,-0.02042529312260417,-0.06821881065772928,-0.0012648550323636056,-0.02042529312260417
5.27047336200485,1788408585.3235135,control,takeoff,1,1,0.0010340940061723813,3.869208335876465,3869.0,0,30.0,5.264185245992849,3.869208335876465,1,1,0,1.0854933711003192,0.09097398817539215,0.07334032654762268,0.39192745089530945,0.009287611581385136,8.86827110662125e-05,0.27371543645858765,-0.02901029959321022,0.0077107688412070274,0.7077653408050537,0.03296683728694916,0.18758544325828552,-0.007651165127754211,-0.010185246976149046,-0.011145293658570754,0.07197388312340389,0.034725699573755264,0.04896179586648941,0.4785957307400108,0.048616798040566116,-0.0,-0.0,-0.08618288470755961,0.05624828860163689,0.02437853068113327,-0.08666827984470138,-0.032472013732502164,-0.002270957724025282,-0.02808758427155844,-0.028248951640025142,-0.020332808888029703,0.47783902043933785,0.03968129195842943,-0.06094461841650629,0.04619866900902665,-0.048879372371577454,0.05012977183367533,0.02500336236571761,-0.012015662492633927,0.08854221255480045,0.0007337755773212246,analytic,0.22577980263687825,-0.09523019525963325,-0.06503747076493212,0.47792899455644977,0.011285370783321789,-0.0012143837197327017,0.28795186124073846,-0.05410621282492595,0.026268031695250642,0.2325141023113491,1,0.002384185791015625,0.08936041593551636,0.0729520246386528,0.388994425535202,-0.032472013732502164,-0.002270957724025282,0.23716123386523735,-0.03428628126833632,-0.011472037624216402,-0.03509356990069189,1,0.005257415003143251,1.0,-0.032472013732502164,-0.002270957724025282,0.23716123386523735,-0.03428628126833632,-0.011472037624216402,-0.03509356990069189,-0.03428628126833632,-0.011472037624216402,-0.03509356990069189
5.281648800009862,1788408585.3341203,control,takeoff,1,1,0.0021778280060971156,3.869208335876465,3869.0,0,30.0,5.27536068399786,3.869208335876465,1,1,0,1.0854933711003192,0.09099645167589188,0.07329832762479782,0.3943609893321991,0.007876042276620865,-0.0007628307794220746,0.2672837972640991,-0.05123119801282883,-0.010735923424363136,0.43852919340133667,0.017116133123636246,0.12790288031101227,-0.01955721154808998,-0.010643769485497027,-0.012268799183416466,0.07130869467259975,0.034725699573755264,0.04896179586648941,0.4815613113755868,0.048616798040566116,-0.0,-0.0,-0.08629727260753305,0.05627075210213661,0.02433653175830841,-0.08720032204338768,-0.032472013732502164,-0.002270957724025282,-0.028320037271893805,-0.028258659696859888,-0.02030480024808185,0.4781311214052654,0.03959751360248352,-0.060925222498871175,0.04620454668629912,-0.049265509037872496,0.048972605909490936,0.02436326531043613,-0.011985885997001351,0.08845760176500692,0.0007317212209012965,analytic,0.22718634211601885,-0.0921259860702958,-0.06382569658523539,0.4782374568017106,0.010647605543724941,-0.0009149819939552288,0.28715921460277694,-0.06329818493852384,0.02971561419865967,-0.07867016006125356,1,0.0029153823852539062,0.08936041593551636,0.0729520246386528,0.388994425535202,-0.032472013732502164,-0.002270957724025282,0.23716123386523735,-0.03428628126833632,-0.011472037624216402,-0.03509356990069189,1,0.01643285300815478,1.0,-0.032472013732502164,-0.002270957724025282,0.23716123386523735,-0.03428628126833632,-0.011472037624216402,-0.03509356990069189,-0.03428628126833632,-0.011472037624216402,-0.03509356990069189
5.29268223499821,1788408585.3451927,control,takeoff,1,1,0.01321126299444586,3.869208335876465,3869.0,0,30.0,5.286394118986209,3.869208335876465,1,1,0,1.0854933711003192,0.09099645167589188,0.07329832762479782,0.3943609893321991,0.007876042276620865,-0.0007628307794220746,0.2672837972640991,-0.05123119801282883,-0.010735923424363136,0.43852919340133667,0.017116133123636246,0.12790288031101227,-0.01955721154808998,-0.010643769485497027,-0.012268799183416466,0.07130869467259975,0.034725699573755264,0.04896179586648941,0.4844916991410223,0.048616798040566116,-0.0,-0.0,-0.08640495834042809,0.05627075210213661,0.02433653175830841,-0.0901307098088232,-0.03270036888147004,-0.002593919320661639,-0.02888534419226882,-0.028148725054605535,-0.020162735559553464,0.4796196390395987,0.039188922188514795,-0.06049647799605546,0.046246242890636856,-0.04886513762424063,0.048539302356246,0.024338198322607398,-0.018703113168566973,0.06023718451796755,0.001133725288097469,analytic,0.2188740684740576,-0.11911856759001106,-0.06523044383746099,0.4797257335630057,0.010647605543724941,-0.0009149819939552288,0.28715921460277694,-0.06329818493852384,0.02971561419865967,-0.07867016006125356,1,0.01398777961730957,0.08937511593103409,0.07294563949108124,0.3935365080833435,-0.03270036888147004,-0.002593919320661639,0.2368148531963514,-0.004602237787949354,-0.017344112857967612,-0.015131710521177023,1,0.002611455987789668,1.0,-0.03270036888147004,-0.002593919320661639,0.2368148531963514,-0.004602237787949354,-0.017344112857967612,-0.015131710521177023,-0.004602237787949354,-0.017344112857967612,-0.015131710521177023
5.303874586010352,1788408585.3564289,control,takeoff,1,1,0.003731410004547797,3.869208335876465,3869.0,0,30.0,5.29758646999835,3.869208335876465,1,1,0,1.0854933711003192,0.09115634113550186,0.07328687608242035,0.3992564082145691,0.01249372586607933,-0.0029844390228390694,0.3680104613304138,0.3489581048488617,-0.19296234846115112,9.055669784545898,0.02047615312039852,-0.017143845558166504,0.011373371817171574,-0.009792564888955722,-0.01454706460314754,0.07167800464787137,0.034725699573755264,0.04896179586648941,0.48746670176926943,0.048616798040566116,-0.0,-0.0,-0.08650886675963508,0.0564306415617466,0.02432508021593094,-0.08821029355470034,-0.03270036888147004,-0.002593919320661639,-0.029096676662809323,-0.028261395301069116,-0.020157459759626725,0.47880084576576293,0.03923422384692719,-0.06083274885128763,0.046230324028054874,-0.048015585324279436,0.04661738565302348,0.02472917399082835,-0.0187164496807818,0.060314785986531255,0.0011408576039157604,analytic,0.21661052038953368,-0.11352728511381469,-0.06612879262319138,0.47898119647566667,0.008358899536622673,-0.00039458428605781016,0.2689565587150036,-0.37292446017371733,0.08303613776458722,-2.9425619978402278,1,0.004597187042236328,0.08937511593103409,0.07294563949108124,0.3935365080833435,-0.03270036888147004,-0.002593919320661639,0.2368148531963514,-0.004602237787949354,-0.017344112857967612,-0.015131710521177023,1,0.013803806999931112,1.0,-0.03270036888147004,-0.002593919320661639,0.2368148531963514,-0.004602237787949354,-0.017344112857967612,-0.015131710521177023,-0.004602237787949354,-0.017344112857967612,-0.015131710521177023
5.314924819002044,1788408585.3674405,control,takeoff,1,1,0.001308549995883368,3.869208335876465,3869.0,0,30.0,5.308636702990043,3.869208335876465,1,1,0,1.0854933711003192,0.0911559984087944,0.07330996543169022,0.40163150429725647,0.009989836253225803,-0.0020409678108990192,0.33005985617637634,0.2415817528963089,-0.14020785689353943,6.674876689910889,0.020046038553118706,-0.0019772397354245186,0.0032717534340918064,-0.009542792255219482,-0.013768881084685694,0.07128223578292271,0.034725699573755264,0.04896179586648941,0.49040618993367224,0.048616798040566116,-0.0,-0.0,-0.08660619112891599,0.05643029883503914,0.024348169565200806,-0.08877468563641577,-0.03253979993177622,-0.002977034740642665,-0.029369492120842,-0.028326328103986848,-0.020005438412778034,0.4791221537957135,0.038884518780080014,-0.060913029573878424,0.04624849932950011,-0.04744078765681062,0.04746770908997777,0.024305924823921094,-0.021681147345056925,0.04578351981140942,0.0013233004866973325,analytic,0.21181585525202018,-0.13078911811215765,-0.06609537246461168,0.47929237458120344,0.00841168783684624,-0.000696219028026796,0.27920283061907364,0.003961889215011272,-0.022638414686937197,0.7690074122274041,1,0.0022847652435302734,0.08905574679374695,0.07290665060281754,0.3985285758972168,-0.03253979993177622,-0.002977034740642665,0.2367400555396565,0.009831775244213567,-0.019748971151521365,0.004118813033949496,1,0.0006687349959975109,1.0,-0.03253979993177622,-0.002977034740642665,0.2367400555396565,0.009831775244213567,-0.019748971151521365,0.004118813033949496,0.009831775244213567,-0.019748971151521365,0.004118813033949496
5.325978656008374,1788408585.3784978,control,takeoff,1,1,0.006336474005365744,3.869208335876465,3869.0,0,30.0,5.3196905399963725,3.869208335876465,1,1,0,1.0854933711003192,0.09117807447910309,0.07328137755393982,0.40407270193099976,0.008717004209756851,-0.0025718032848089933,0.3442341685295105,0.1514565646648407,-0.12960270047187805,5.805486679077148,-0.07553697377443314,-0.059627268463373184,0.02833510749042034,-0.012342426185135716,-0.01552734853383918,0.07208457193004517,0.034725699573755264,0.04896179586648941,0.49334876756057255,0.048616798040566116,-0.0,-0.0,-0.08669831367559157,0.056452374905347824,0.02431958168745041,-0.0892760656295728,-0.03235165877740088,-0.0031888182024753936,-0.029294424783300438,-0.028420588446676196,-0.019891636944918474,0.47929331498217,0.03862422988507186,-0.06107648835305201,0.04625806341569572,-0.04992235876020051,0.045846555153501015,0.025189681946972436,-0.02312668773706151,0.0361191404603583,0.0014153114338242676,analytic,0.2178968053272221,-0.13578503231849498,-0.06828601977982116,0.47944177344904054,0.008561049493570377,-0.001005635552592873,0.29005489698689724,0.024535628177052318,-0.050827829344518675,1.7826681304518854,1,0.007254600524902344,0.08980488032102585,0.07292112708091736,0.4011790156364441,-0.03235165877740088,-0.0031888182024753936,0.23700262486108978,0.018814115437531226,-0.021178346183269532,0.02625693214332459,1,9.473600948695093e-05,1.0,-0.03235165877740088,-0.0031888182024753936,0.23700262486108978,0.018814115437531226,-0.021178346183269532,0.02625693214332459,0.018814115437531226,-0.021178346183269532,0.02625693214332459
5.337220910005271,1788408585.3898308,control,takeoff,1,1,0.007263211999088526,3.869208335876465,3869.0,0,30.0,5.33093279399327,3.869208335876465,1,1,0,1.0854933711003192,0.0911431685090065,0.07330741733312607,0.4065568447113037,0.00630129175260663,-0.0015558996237814426,0.32323354482650757,0.07463707029819489,-0.08411519974470139,4.239903926849365,-0.06342208385467529,-0.03750910237431526,0.02035912312567234,-0.012495865679192334,-0.014999679158842536,0.07195811393292738,0.034725699573755264,0.04896179586648941,0.4963435677619171,0.048616798040566116,-0.0,-0.0,-0.08678663747464778,0.056417468935251236,0.024345621466636658,-0.08978672305061342,-0.03176046176363238,-0.003411053830769434,-0.02896319354870605,-0.028653694207912868,-0.019814033093951917,0.47937843488406073,0.038433080206405075,-0.06154189887079218,0.04625188593271444,-0.04988904377355409,0.04683221358340539,0.025064394616882063,-0.023608436910467455,0.0015371201848712905,0.001455820135292688,analytic,0.2167621849556723,-0.17352477812008416,-0.0698993900124075,0.47951588147429847,0.00861912840896496,-0.0013522465283949511,0.30283926437828346,0.0055933281400431575,-0.033380597957626726,1.231206908687564,1,0.008203983306884766,0.09015223383903503,0.07292518764734268,0.4034785032272339,-0.03176046176363238,-0.003411053830769434,0.23751368828962074,0.05374518306986693,-0.02020323893582326,0.04646031168463658,1,0.010490040003787726,1.0,-0.03176046176363238,-0.003411053830769434,0.23751368828962074,0.05374518306986693,-0.02020323893582326,0.04646031168463658,0.05374518306986693,-0.02020323893582326,0.04646031168463658
5.34821433199977,1788408585.4007587,control,takeoff,1,1,0.006817097993916832,3.869208335876465,3869.0,0,30.0,5.341926215987769,3.869208335876465,1,1,0,1.0854933711003192,0.0911959856748581,0.07329323887825012,0.40896788239479065,0.005967502947896719,-0.0014934248756617308,0.30087903141975403,0.05385464429855347,-0.06619628518819809,2.9998011589050293,-0.03527548536658287,-0.0414382629096508,0.011117549613118172,-0.011609983977564336,-0.015654853432992052,0.07167122869349449,0.034725699573755264,0.04896179586648941,0.49927397849122246,0.048616798040566116,-0.0,-0.0,-0.08686777039597725,0.05647028610110283,0.02433144301176071,-0.09030609609643181,-0.030912931556114024,-0.003604708710711159,-0.02859738805187434,-0.02906856776009269,-0.019718954154483336,0.47945593117993957,0.03818864078818088,-0.062383255143736674,0.04623485769778594,-0.0487521734583305,0.04702335607332622,0.024777068910963932,-0.02667182622326488,-0.03816165086147151,0.0016672527137147882,analytic,0.2096117554801632,-0.2139323337420557,-0.07133020272788862,0.47963664520415494,0.008317413261242499,-0.0016042293711786171,0.31282307176747115,-0.02646184996660406,-0.022100090864623743,0.8756272769943227,1,0.007730007171630859,0.09032457321882248,0.0729258731007576,0.4061490297317505,-0.030912931556114024,-0.003604708710711159,0.2380447384399641,0.09417002305759191,-0.021517208882413083,0.05900557226037043,1,0.008947039998020045,1.0,-0.030912931556114024,-0.003604708710711159,0.2380447384399641,0.09417002305759191,-0.021517208882413083,0.05900557226037043,0.09417002305759191,-0.021517208882413083,0.05900557226037043
5.359307712002192,1788408585.4117954,control,takeoff,1,1,0.00012045699986629188,3.869208335876465,3869.0,0,30.0,5.35301959599019,3.869208335876465,1,1,0,1.0854933711003192,0.09124676883220673,0.07336121052503586,0.4113388657569885,0.005344263277947903,-0.00043146376265212893,0.26732778549194336,0.03608515113592148,-0.041031915694475174,2.023082971572876,-0.0410352386534214,-0.04792133718729019,0.00865275040268898,-0.012751089420884097,-0.01697038813421526,0.07166576193056215,0.034725699573755264,0.04896179586648941,0.5022328166787109,0.048616798040566116,-0.0,-0.0,-0.08694439283703893,0.05652106925845146,0.024399414658546448,-0.09089395092172237,-0.02986448687240969,-0.0037772513532386576,-0.02823537771950327,-0.029572863000438446,-0.019694930335830224,0.4795652436199738,0.03808122223607398,-0.06341182843708312,0.04620245362511177,-0.049753370989904816,0.04672111758730585,0.024835535760788046,-0.023696647885901978,-0.0497649999565372,0.0015057567708432514,analytic,0.21559382012958966,-0.2249373073550836,-0.07219508719521592,0.47975816834815976,0.007274523040190893,-0.0015481749272548086,0.3104260078667695,-0.05854982165090733,0.003147002079634394,-0.13457568307658466,1,0.0009546279907226562,0.09040936827659607,0.07292494177818298,0.408468633890152,-0.02986448687240969,-0.0037772513532386576,0.23856285388908163,0.10484446837041714,-0.017254264252747162,0.05181154491174534,1,0.007676829001866281,1.0,-0.02986448687240969,-0.0037772513532386576,0.23856285388908163,0.10484446837041714,-0.017254264252747162,0.05181154491174534,0.10484446837041714,-0.017254264252747162,0.05181154491174534
5.370525996011565,1788408585.4235423,control,takeoff,1,1,0.009164063012576662,3.869208335876465,3869.0,0,30.0,5.364237879999564,3.869208335876465,1,1,0,1.0854933711003192,0.09128136187791824,0.0733758807182312,0.4137721061706543,0.0075980294495821,0.0010638826061040163,0.44757193326950073,0.2453395575284958,0.11080062389373779,18.93069076538086,0.09246836602687836,-0.12735362350940704,0.017566315829753876,-0.011448706322712103,-0.017895763646942637,0.07178780692212687,0.034725699573755264,0.04896179586648941,0.5052266696890445,0.048616798040566116,-0.0,-0.0,-0.08701651668811734,0.05655566230416298,0.02441408485174179,-0.09145456351839021,-0.028839244147965824,-0.003929038597916903,-0.027910225666908206,-0.030055093675084608,-0.01964021783948744,0.47967481121025973,0.03791203185973689,-0.06439130020991257,0.04617611501864802,-0.048254158375575354,0.04679191049463233,0.024955915790266542,-0.022069818583967653,-0.04922079078574905,0.001424094975600322,analytic,0.21300063488071716,-0.22490647853044574,-0.07245510901620952,0.47992859814867134,0.006348782770813757,-0.001489286732675805,0.30840159359046987,-0.44461652522725265,0.028282948594468425,-0.9722900374144761,1,0.010619401931762695,0.09044918417930603,0.07292325794696808,0.4106205999851227,-0.028839244147965824,-0.003929038597916903,0.23903498768884207,0.10252427244440691,-0.015178724467827533,0.047213379976053196,1,0.007238814010634087,1.0,-0.028839244147965824,-0.003929038597916903,0.23903498768884207,0.10252427244440691,-0.015178724467827533,0.047213379976053196,0.10252427244440691,-0.015178724467827533,0.047213379976053196
5.381564149007318,1788408585.4340167,control,takeoff,1,1,0.006904951995238662,3.869208335876465,3869.0,0,30.0,5.375276032995316,3.869208335876465,1,1,0,1.0854933711003192,0.09136409312486649,0.0733582079410553,0.416140079498291,0.007309622131288052,0.0005881014512851834,0.3932975232601166,0.19197958707809448,0.08155997097492218,14.336846351623535,0.04853714257478714,-0.10509267449378967,0.01748153753578663,-0.013162196108750916,-0.018108594182113476,0.07202085440077487,0.034725699573755264,0.04896179586648941,0.508174000738684,0.048616798040566116,-0.0,-0.0,-0.08708222028912364,0.05663839355111122,0.024396412074565887,-0.092033921240393,-0.027161747977058406,-0.004144431575360555,-0.028350351001944996,-0.030867965317649373,-0.019532461671523366,0.48006123423746844,0.037578833192469706,-0.06601210501608906,0.04613677895366318,-0.04959512393833635,0.04817434931182441,0.025256685574275933,-0.020512003515527844,-0.037149868696785396,0.001356968774178457,analytic,0.21913451816374604,-0.21729556524466548,-0.07265242160443783,0.48029666415672523,0.0060957702351056055,-0.0009621652997222656,0.32712625254345823,-0.018826488265875036,0.03922274224245604,1.393288957301215,1,0.007654666900634766,0.09054537117481232,0.07293283194303513,0.4148096442222595,-0.027161747977058406,-0.004144431575360555,0.2387287954558135,0.09115163432049185,-0.01088213302793322,-0.04457229773731854,1,0.005128871998749673,1.0,-0.027161747977058406,-0.004144431575360555,0.2387287954558135,0.09115163432049185,-0.01088213302793322,-0.04457229773731854,0.09115163432049185,-0.01088213302793322,-0.04457229773731854
5.392834747006418,1788408585.4453306,control,takeoff,1,1,0.00010848199599422514,3.869208335876465,3869.0,0,30.0,5.386546630994417,3.869208335876465,1,1,0,1.0854933711003192,0.09137462824583054,0.0733431875705719,0.4210568070411682,0.004415812436491251,-0.0008745815139263868,0.434065580368042,0.004504047334194183,-0.037893082946538925,14.14133358001709,0.04131945222616196,-0.27943021059036255,0.022258710116147995,-0.01362509724111402,-0.023069876488549818,0.07169731058533488,0.034725699573755264,0.04896179586648941,0.5111848617789814,0.048616798040566116,-0.0,-0.0,-0.08714392189262167,0.05664892867207527,0.02438139170408249,-0.09012805473781316,-0.026726572838323026,-0.004194229849213023,-0.0293086731421853,-0.031067807425673107,-0.01950123247162961,0.4795101131115819,0.03753782576645103,-0.0664986752728024,0.04612125461032876,-0.04996498973251602,0.043696662653868304,0.025012968217219426,-0.01403482033424748,0.008177309330710439,0.0009353340071038062,analytic,0.22810450243953986,-0.15900792699847477,-0.07004926943537065,0.4798503092968914,0.006422490372882453,0.0003013352474756806,0.3770772436814973,0.04545996564259069,0.18086472229468556,7.173057220949794,1,0.0009133815765380859,0.09027136117219925,0.07289065420627594,0.4171575903892517,-0.026726572838323026,-0.004194229849213023,0.23789627915403902,0.04351751387353123,-0.0049798273852460035,-0.08325163017743417,1,0.003649411999504082,1.0,-0.026726572838323026,-0.004194229849213023,0.23789627915403902,0.04351751387353123,-0.0049798273852460035,-0.08325163017743417,0.04351751387353123,-0.0049798273852460035,-0.08325163017743417
5.40378879000491,1788408585.4566538,control,takeoff,1,1,0.011062524994486012,3.869208335876465,3869.0,0,30.0,5.397500673992909,3.869208335876465,1,1,0,1.0854933711003192,0.09137462824583054,0.0733431875705719,0.4210568070411682,0.004415812436491251,-0.0008745815139263868,0.434065580368042,0.004504047334194183,-0.037893082946538925,14.14133358001709,0.04131945222616196,-0.27943021059036255,0.022258710116147995,-0.01362509724111402,-0.023069876488549818,0.07169731058533488,0.034725699573755264,0.04896179586648941,0.51411245745501,0.048616798040566116,-0.0,-0.0,-0.08719867588973676,0.05664892867207527,0.02438139170408249,-0.09305565041384178,-0.026693116531110096,-0.004237514799788872,-0.03025601988999413,-0.03107910224561527,-0.019484107157133366,0.4811314244759279,0.03737422592265416,-0.06629764532733814,0.04613964119438937,-0.049805312765134696,0.04349376615530358,0.025000795675023404,-0.011640391828983458,0.04542682633371824,0.0007734033375544017,analytic,0.2311877172425293,-0.12150040934651155,-0.06831639073639292,0.48147151409156536,0.006422490372882453,0.0003013352474756806,0.3770772436814973,0.04545996564259069,0.18086472229468556,7.173057220949794,1,0.012236595153808594,0.08998347818851471,0.07284668833017349,0.4195145070552826,-0.026693116531110096,-0.004237514799788872,0.23706059730288012,0.0033456307212936516,-0.0043284950575857755,-0.08356818511590644,1,0.0022350109938997775,1.0,-0.026693116531110096,-0.004237514799788872,0.23706059730288012,0.0033456307212936516,-0.0043284950575857755,-0.08356818511590644,0.0033456307212936516,-0.0043284950575857755,-0.08356818511590644
5.41486569600238,1788408585.4673305,control,takeoff,1,1,0.0051274209981784225,3.869208335876465,3869.0,0,30.0,5.408577579990379,3.869208335876465,1,1,0,1.0854933711003192,0.0914575532078743,0.07325845211744308,0.42601263523101807,0.005025024060159922,-0.003102827351540327,0.4046749770641327,0.0306546688079834,-0.10055697709321976,8.976602554321289,0.06956146657466888,-0.23562146723270416,0.016068942844867706,-0.01169747043185152,-0.02599603480622413,0.07133105516523296,0.034725699573755264,0.04896179586648941,0.5170740748340334,0.048616798040566116,-0.0,-0.0,-0.08724881688182333,0.056731853634119034,0.024296656250953674,-0.09106143960301538,-0.02736796767546254,-0.004245979440670918,-0.03106626818020214,-0.03083345256659627,-0.01941910466923679,0.4804896276727532,0.03731268126694883,-0.0658719959351969,0.046159578852518285,-0.047809207165267854,0.04016625656755493,0.02461768204065546,-0.0020154166786949305,0.08026237479915882,0.00013304447687634863,analytic,0.2359177144970654,-0.07717063090533044,-0.06628911962355505,0.4809288893997111,0.005936331464424246,0.0004050984461900068,0.4045757835744823,-0.04662903982970185,-0.0022672402111575513,2.192642900094813,1,0.0060482025146484375,0.0902194231748581,0.07289042323827744,0.4245677590370178,-0.02736796767546254,-0.004245979440670918,0.23635262664327833,-0.036760967630576034,0.001975483752419041,-0.013094560984745793,1,0.0003232199960621074,1.0,-0.02736796767546254,-0.004245979440670918,0.23635262664327833,-0.036760967630576034,0.001975483752419041,-0.013094560984745793,-0.036760967630576034,0.001975483752419041,-0.013094560984745793
5.426117290000548,1788408585.4788198,control,takeoff,1,1,0.006628388990066014,3.869208335876465,3869.0,0,30.0,5.419829173988546,3.869208335876465,1,1,0,1.0854933711003192,0.09142618626356125,0.07325467467308044,0.42845773696899414,0.003384479321539402,-0.0025587985292077065,0.3732813000679016,-0.008716098964214325,-0.06942275911569595,6.545200347900391,0.030673617497086525,-0.18848109245300293,0.0010430160909891129,-0.012914973897326936,-0.02600241428157772,0.07074790343843146,0.034725699573755264,0.04896179586648941,0.5200834968353332,0.048616798040566116,-0.0,-0.0,-0.08729436733699533,0.056700486689805984,0.024292878806591034,-0.09162575986633903,-0.02736796767546254,-0.004245979440670918,-0.03115919898831926,-0.030805695185294833,-0.019418666222289382,0.4807477093252154,0.0372943378449748,-0.065779440132247,0.04616423387987188,-0.04903475935574977,0.040044775344643804,0.024056735813076872,-0.0019907160236480185,0.08017715833783821,0.00013122863129471843,analytic,0.23984622762362978,-0.07712201607639399,-0.0651829709617136,0.4811576301134519,0.005581758776776244,-1.3967317455463674e-05,0.4093430846155064,-0.035924093968132884,-0.04245831220641701,0.48300666277528964,1,0.00766754150390625,0.0902194231748581,0.07289042323827744,0.4245677590370178,-0.02736796767546254,-0.004245979440670918,0.23635262664327833,-0.036760967630576034,0.001975483752419041,-0.013094560984745793,1,0.011574813994229771,1.0,-0.02736796767546254,-0.004245979440670918,0.23635262664327833,-0.036760967630576034,0.001975483752419041,-0.013094560984745793,-0.036760967630576034,0.001975483752419041,-0.013094560984745793
5.437209915005951,1788408585.4898157,control,takeoff,1,1,0.002930375005234964,3.869208335876465,3869.0,0,30.0,5.43092179899395,3.869208335876465,1,1,0,1.0854933711003192,0.09142521023750305,0.07319220155477524,0.43092676997184753,0.0026942426338791847,-0.0029009615536779165,0.33237338066101074,-0.016407476738095284,-0.06021511182188988,4.677004814147949,0.029239263385534286,-0.17900684475898743,-0.0023030531592667103,-0.01256559890572453,-0.028069895514360725,0.07054460561035743,0.034725699573755264,0.04896179586648941,0.5230513632732755,0.048616798040566116,-0.0,-0.0,-0.08733396524030174,0.05669951066374779,0.024230405688285828,-0.09212459330142797,-0.02736796767546254,-0.004245979440670918,-0.031239998678542158,-0.030800790597793188,-0.019374160059745182,0.48097251326848545,0.03718481193238674,-0.06573471877225599,0.04617310330523749,-0.048563926105350985,0.037935857539506804,0.02386563513582903,-0.0019647960863918307,0.08009813062817578,0.00012943114185842068,analytic,0.23871688287617637,-0.07108335976724499,-0.0649472498656212,0.4814300972827603,0.00488800687050237,-0.0009603624618597195,0.40047321035086436,-0.0474141501628179,-0.06468093432874936,-0.6062074158006375,1,0.004031658172607422,0.0902194231748581,0.07289042323827744,0.4245677590370178,-0.02736796767546254,-0.004245979440670918,0.23635262664327833,-0.036760967630576034,0.001975483752419041,-0.013094560984745793,1,0.022667438999633305,1.0,-0.02736796767546254,-0.004245979440670918,0.23635262664327833,-0.036760967630576034,0.001975483752419041,-0.013094560984745793,-0.036760967630576034,0.001975483752419041,-0.013094560984745793
5.448199763006414,1788408585.5008512,control,takeoff,1,1,0.008748637003009208,3.869208335876465,3869.0,0,30.0,5.441911646994413,3.869208335876465,1,1,0,1.0854933711003192,0.09144353121519089,0.07321915030479431,0.43337342143058777,0.0028338786214590073,-0.0013227706076577306,0.3565060496330261,-0.007954813539981842,0.010273374617099762,4.635313987731934,-0.03107825294137001,-0.14563046395778656,0.02120175212621689,-0.014053943737189992,-0.028127086563259702,0.07116792387822714,0.034725699573755264,0.04896179586648941,0.5259925568573608,0.048616798040566116,-0.0,-0.0,-0.0873679980707896,0.05671783164143562,0.0242573544383049,-0.09261913542677302,-0.028364322497611404,-0.004127761542952997,-0.0302284871315969,-0.030361493787549303,-0.019449966733803573,0.48081313432684925,0.037397011878677076,-0.0648556029401893,0.04619196647938996,-0.05024398640476449,0.03699144798266375,0.02450422139538865,0.006284067527216011,0.0953704781430332,-0.0004084149385355889,analytic,0.25270471320953747,-0.05339480934648722,-0.06565807785998551,0.48122369645136687,0.0042965492104740256,-0.001707049987295983,0.3916375991888642,-0.10949652318536042,-0.13823421939827957,-1.6357361952340177,1,0.009665489196777344,0.09003884345293045,0.0728728398680687,0.4301891028881073,-0.028364322497611404,-0.004127761542952997,0.2374335920747557,-0.05665903028890372,0.006684609336943081,0.08399824442871037,1,0.00920505600515753,1.0,-0.028364322497611404,-0.004127761542952997,0.2374335920747557,-0.05665903028890372,0.006684609336943081,0.08399824442871037,-0.05665903028890372,0.006684609336943081,0.08399824442871037
5.459456334006973,1788408585.5121262,control,takeoff,1,1,0.009912438006722368,3.869208335876465,3869.0,0,30.0,5.453168217994971,3.869208335876465,1,1,0,1.0854933711003192,0.0914156436920166,0.0732395127415657,0.4358803629875183,0.0017139981500804424,-0.0006543599301949143,0.3349260687828064,-0.028574902564287186,0.021475564688444138,3.2802464962005615,-0.02403196692466736,-0.1350613832473755,0.027153275907039642,-0.014027133999294807,-0.029055423415530104,0.07169509746057628,0.034725699573755264,0.04896179586648941,0.5290058632668382,0.048616798040566116,-0.0,-0.0,-0.08739749300266482,0.05668994411826134,0.024277716875076294,-0.09312550027931987,-0.028364322497611404,-0.004127761542952997,-0.030288687404596087,-0.030335781246331968,-0.019467697806603408,0.48103353569145935,0.03741913878078422,-0.06477455300100489,0.04619355827770414,-0.05020474213747893,0.035989781892578614,0.025039409236313974,0.0063070287945485165,0.0952893187649794,-0.0004093938822666257,analytic,0.2529438183217561,-0.05067824134248904,-0.06685586031534974,0.48146076714109515,0.0037166117823544853,-0.0020828402876734587,0.38000479055313674,-0.057517944537987704,-0.037270720265652584,-1.1537369541751301,1,0.010857820510864258,0.09003884345293045,0.0728728398680687,0.4301891028881073,-0.028364322497611404,-0.004127761542952997,0.2374335920747557,-0.05665903028890372,0.006684609336943081,0.08399824442871037,1,0.020461627005715854,1.0,-0.028364322497611404,-0.004127761542952997,0.2374335920747557,-0.05665903028890372,0.006684609336943081,0.08399824442871037,-0.05665903028890372,0.006684609336943081,0.08399824442871037
5.4705048330069985,1788408585.5231707,control,takeoff,1,1,0.009947444006684236,3.869208335876465,3869.0,0,30.0,5.464216716994997,3.869208335876465,1,1,0,1.0854933711003192,0.09134527295827866,0.07314949482679367,0.4383174180984497,-1.2641539797186852e-05,-0.0022936896421015263,0.31586551666259766,-0.0568142831325531,-0.015056958422064781,2.2493715286254883,0.0008035004138946533,-0.07691852748394012,0.017848599702119827,-0.013002446306033446,-0.027475184964625636,0.07147663318702636,0.034725699573755264,0.04896179586648941,0.5319640693517721,0.048616798040566116,-0.0,-0.0,-0.08742116413061055,0.05661957338452339,0.02418769896030426,-0.09364665125332239,-0.029852955114165188,-0.0040008130184472305,-0.02757670984683369,-0.029607574324091585,-0.01945977771855638,0.48029028428757736,0.03753085271132345,-0.06336711298274134,0.04623905549115593,-0.04934331486795003,0.03617389385824936,0.02475536185653004,0.009871932344673076,0.11731973409722968,-0.0006268359007302444,analytic,0.2547013344958976,-0.029508128327271448,-0.0654715958226944,0.48069295134103357,0.0030836989410728743,-0.0021542664450308053,0.36712305991085387,-0.062229045731002276,-0.007022738871247531,-1.266553232843002,1,0.011731624603271484,0.09032969921827316,0.0729193389415741,0.43521928787231445,-0.029852955114165188,-0.0040008130184472305,0.24019388819734444,-0.08117518321827898,0.006744293089802829,0.15491265970266713,1,0.006937507001566701,1.0,-0.029852955114165188,-0.0040008130184472305,0.24019388819734444,-0.08117518321827898,0.006744293089802829,0.15491265970266713,-0.08117518321827898,0.006744293089802829,0.15491265970266713
5.481553138000891,1788408585.5348926,control,takeoff,1,1,0.001901935989735648,3.869208335876465,3869.0,0,30.0,5.475265021988889,3.869208335876465,1,1,0,1.0854933711003192,0.0913604125380516,0.07315237820148468,0.44331860542297363,-0.0003897510177921504,-0.0032536759972572327,0.32703328132629395,-0.0644834041595459,-0.08612780272960663,2.7031025886535645,0.039813652634620667,-0.026288161054253578,-0.006303693167865276,-0.012438003874515028,-0.02663044519388103,0.07087298707184155,0.034725699573755264,0.04896179586648941,0.5349226983788262,0.048616798040566116,-0.0,-0.0,-0.08743960561682068,0.05663471296429634,0.02419058233499527,-0.09160409295585259,-0.03128705201085808,-0.0038713643028104663,-0.02451988479024364,-0.02896725201844695,-0.01952273070723648,0.47827182406996754,0.037883221499690464,-0.06230845451509707,0.04625675537898422,-0.049183713114685654,0.03596404283216841,0.02412246509315561,0.010568613639913805,0.11572387749178681,-0.0006598409251735391,analytic,0.25508115916714663,-0.03067754004218052,-0.06442216716014006,0.47865469958101775,0.0013063325644881297,-0.0018961740261446472,0.3299152621866315,-0.1567961022695321,0.02213451206998934,-3.2879127062873175,1,0.0036165714263916016,0.09034405648708344,0.07292681932449341,0.44038212299346924,-0.03128705201085808,-0.0038713643028104663,0.24328835986164865,-0.07710653283226883,0.006755217000205621,0.16669634990816107,1,0.005819534999318421,1.0,-0.03128705201085808,-0.0038713643028104663,0.24328835986164865,-0.07710653283226883,0.006755217000205621,0.16669634990816107,-0.07710653283226883,0.006755217000205621,0.16669634990816107
5.4926987619983265,1788408585.5452657,control,takeoff,1,1,0.013047559987171553,3.869208335876465,3869.0,0,30.0,5.486410645986325,3.869208335876465,1,1,0,1.0854933711003192,0.0913604125380516,0.07315237820148468,0.44331860542297363,-0.0003897510177921504,-0.0032536759972572327,0.32703328132629395,-0.0644834041595459,-0.08612780272960663,2.7031025886535645,0.039813652634620667,-0.026288161054253578,-0.006303693167865276,-0.012438003874515028,-0.02663044519388103,0.07087298707184155,0.034725699573755264,0.04896179586648941,0.5379077498439028,0.048616798040566116,-0.0,-0.0,-0.08745291106998418,0.05663471296429634,0.02419058233499527,-0.09458914442092914,-0.03128705201085808,-0.0038713643028104663,-0.024547048299538354,-0.02896086284384019,-0.019525291603554904,0.47959515636045286,0.037784341099219826,-0.0621244555585976,0.04626986335907093,-0.049088008801685616,0.035778949885044806,0.024113657477906475,0.010553794498316976,0.11538655312287657,-0.0006569624247276035,analytic,0.25504451337130896,-0.030657571358812773,-0.06453971071682772,0.47997725807687136,0.0013063325644881297,-0.0018961740261446472,0.3299152621866315,-0.1567961022695321,0.02213451206998934,-3.2879127062873175,1,0.013989686965942383,0.09034405648708344,0.07292681932449341,0.44038212299346924,-0.03128705201085808,-0.0038713643028104663,0.24328835986164865,-0.07710653283226883,0.006755217000205621,0.16669634990816107,1,0.016965158996754326,1.0,-0.03128705201085808,-0.0038713643028104663,0.24328835986164865,-0.07710653283226883,0.006755217000205621,0.16669634990816107,-0.07710653283226883,0.006755217000205621,0.16669634990816107
5.503868348008837,1788408585.5564234,control,takeoff,1,1,0.004415268005686812,3.869208335876465,3869.0,0,30.0,5.497580231996835,3.869208335876465,1,1,0,1.0854933711003192,0.09118539094924927,0.07313980162143707,0.44841140508651733,-0.0042577520944178104,-0.002105569001287222,0.33707737922668457,-0.15660592913627625,-0.022261647507548332,3.011638641357422,0.016759827733039856,0.027989041060209274,0.016242647543549538,-0.013487567825044186,-0.024706762354745032,0.07259349086097996,0.034725699573755264,0.04896179586648941,0.540899461789088,0.048616798040566116,-0.0,-0.0,-0.08746090624617184,0.056459691375494,0.024178005754947662,-0.09248805670257065,-0.03276263036065426,-0.003781553395959497,-0.021933450116802755,-0.028158325193074513,-0.019558888177816404,0.4777046428176966,0.038082362979883606,-0.06070242746139275,0.046305412214949646,-0.05040098402242917,0.036290295313551525,0.02580417163810199,0.007759562801396666,0.12258175050621242,-0.0004719458753776977,analytic,0.2568362910226813,-0.02517502629666512,-0.06742434262200035,0.4780086355610298,-0.0002463285931019694,-0.0021808891981467725,0.3079191729933318,-0.14028353493784182,-0.026991139252912983,-1.8322016101260323,1,0.005225419998168945,0.09033650159835815,0.07292971760034561,0.4453127086162567,-0.03276263036065426,-0.003781553395959497,0.24591828111551273,-0.0798782809764436,0.004216785448266385,0.13037782412027268,1,0.003789189999224618,1.0,-0.03276263036065426,-0.003781553395959497,0.24591828111551273,-0.0798782809764436,0.004216785448266385,0.13037782412027268,-0.0798782809764436,0.004216785448266385,0.13037782412027268
5.514871914012474,1788408585.5674083,control,takeoff,1,1,0.00494761900336016,3.869208335876465,3869.0,0,30.0,5.508583798000473,3.869208335876465,1,1,0,1.0854933711003192,0.09113798290491104,0.073094941675663,0.45096805691719055,-0.004321358632296324,-0.002550424076616764,0.3190150856971741,-0.12651260197162628,-0.026396725326776505,2.0606396198272705,0.04785194620490074,0.0558476522564888,-0.014125343412160873,-0.0116692265142044,-0.022991419781766227,0.0711665208133001,0.034725699573755264,0.04896179586648941,0.5438468254734936,0.048616798040566116,-0.0,-0.0,-0.08746355653992159,0.05641228333115578,0.024133145809173584,-0.09287876855630306,-0.03276263036065426,-0.003781553395959497,-0.021938861105874785,-0.02811560675649291,-0.019527809826465174,0.4778525708840565,0.03800968958502136,-0.06059203628933007,0.04631401753790363,-0.04859650041675945,0.03789841410815238,0.024319514779807278,0.007776206888500346,0.12251442809749119,-0.00047209466783088613,analytic,0.25152305704987443,-0.03024937049712699,-0.06477407916467472,0.47816638962836416,-0.0011484038741090409,-0.0022868837711226236,0.30523371588282244,-0.08707889434819525,-0.01023184030865142,-0.2592318412068571,1,0.005851030349731445,0.09033650159835815,0.07292971760034561,0.4453127086162567,-0.03276263036065426,-0.003781553395959497,0.24591828111551273,-0.0798782809764436,0.004216785448266385,0.13037782412027268,1,0.014792756002862006,1.0,-0.03276263036065426,-0.003781553395959497,0.24591828111551273,-0.0798782809764436,0.004216785448266385,0.13037782412027268,-0.0798782809764436,0.004216785448266385,0.13037782412027268
5.526084689001436,1788408585.5786145,control,takeoff,1,1,0.005239591002464294,3.869208335876465,3869.0,0,30.0,5.519796572989435,3.869208335876465,1,1,0,1.0854933711003192,0.09109262377023697,0.07311473041772842,0.4535050094127655,-0.004286798648536205,-0.0016783627215772867,0.30161812901496887,-0.10057790577411652,-0.005165589973330498,1.3302857875823975,0.04898462072014809,0.05633905902504921,0.013838430866599083,-0.011115091938158152,-0.022338318213727188,0.07253382007662862,0.034725699573755264,0.04896179586648941,0.5468502274512418,0.048616798040566116,-0.0,-0.0,-0.08746092144295474,0.056366924196481705,0.024152934551239014,-0.09334521803847629,-0.034272502760863716,-0.003754754128350293,-0.019998434193726655,-0.0273939908509669,-0.019557345367637192,0.4773525727474883,0.03818149272487711,-0.05915522323089469,0.046358386647155136,-0.04818680109156323,0.03714194870087115,0.025638404995056124,0.0029236349787466146,0.11836262585870788,-0.00017327658580543686,analytic,0.24576687034521522,-0.03223117625810411,-0.06766229286274744,0.47765115285691045,-0.0021439519301978327,-0.0023294021184659345,0.30625600483211035,-0.09105369052629678,-0.0038887650043707483,0.09349943586109752,1,0.006123542785644531,0.09031324833631516,0.07292992621660233,0.45033591985702515,-0.034272502760863716,-0.003754754128350293,0.24785332806504107,-0.07058445459718155,0.00040560731962241376,0.08941470325432191,1,0.0015974049892975017,1.0,-0.034272502760863716,-0.003754754128350293,0.24785332806504107,-0.07058445459718155,0.00040560731962241376,0.08941470325432191,-0.07058445459718155,0.00040560731962241376,0.08941470325432191
5.537200021004537,1788408585.589724,control,takeoff,1,1,0.002886089001549408,3.869208335876465,3869.0,0,30.0,5.530911904992536,3.869208335876465,1,1,0,1.0854933711003192,0.09103973954916,0.0730360895395279,0.4561006426811218,-0.004213550593703985,-0.0025086947716772556,0.279779851436615,-0.07937628030776978,-0.01644376665353775,0.7404335141181946,0.029693443328142166,0.06195592135190964,0.0015890439972281456,-0.011741220803353387,-0.02120691913444808,0.07188120201250477,0.034725699573755264,0.04896179586648941,0.5498274087667478,0.048616798040566116,-0.0,-0.0,-0.0874529932254461,0.05631403997540474,0.024074293673038483,-0.09372676608562602,-0.03498607119455721,-0.003762335910603532,-0.01897648198799698,-0.027024731912044866,-0.01949754481725619,0.47713590740146883,0.03810953465227474,-0.05840707417666941,0.04639112304832376,-0.04879189913305937,0.037506818306451264,0.024962823352428963,0.002876208980170405,0.12682354626437184,-0.00016830444218635397,analytic,0.24792694481541822,-0.02508448065052074,-0.0659303407160402,0.4773914394175204,-0.003097878462084324,-0.002292607633176835,0.30529104083922043,-0.0707188056701069,0.002727738424200839,-0.07153706161928297,1,0.0037441253662109375,0.09030190110206604,0.07292921841144562,0.4526797831058502,-0.03498607119455721,-0.003762335910603532,0.2488590939004792,-0.0792853815214965,-0.0008424202503598764,0.11175175949312101,1,0.0009815170051297173,1.0,-0.03498607119455721,-0.003762335910603532,0.2488590939004792,-0.0792853815214965,-0.0008424202503598764,0.11175175949312101,-0.0792853815214965,-0.0008424202503598764,0.11175175949312101
5.548245024998323,1788408585.6012821,control,takeoff,1,1,0.008629451986053027,3.869208335876465,3869.0,0,30.0,5.541956908986322,3.869208335876465,1,1,0,1.0854933711003192,0.09099315106868744,0.07309454679489136,0.4585770070552826,-0.005138642154633999,0.00021120673045516014,0.31778961420059204,-0.09860365092754364,0.09005174040794373,2.0346286296844482,0.09820276498794556,0.08862219005823135,-0.01828540861606598,-0.009768328082086188,-0.020183206097317934,0.07135465875333612,0.034725699573755264,0.04896179586648941,0.5527855156627652,0.048616798040566116,-0.0,-0.0,-0.0874398724765929,0.056267451494932175,0.024132750928401947,-0.09420850860748264,-0.03498607119455721,-0.003762335910603532,-0.0189496955406587,-0.026981345285850333,-0.0195439745688026,0.4773128680686271,0.03819678103502603,-0.05829943590226039,0.04639012915827012,-0.04694384379611105,0.03844107428593574,0.02438738361521551,0.00291119447535974,0.12674474527952453,-0.00017003756825732726,analytic,0.24260392304555028,-0.028164613402842348,-0.06512286518471336,0.477592492014145,-0.003847981315507576,-0.0022351811900540915,0.3041101035078214,-0.1422764617430724,0.010892414421177395,-0.22399539514476566,1,0.010030031204223633,0.09030190110206604,0.07292921841144562,0.4526797831058502,-0.03498607119455721,-0.003762335910603532,0.2488590939004792,-0.0792853815214965,-0.0008424202503598764,0.11175175949312101,1,0.012026520998915657,1.0,-0.03498607119455721,-0.003762335910603532,0.2488590939004792,-0.0792853815214965,-0.0008424202503598764,0.11175175949312101,-0.0792853815214965,-0.0008424202503598764,0.11175175949312101
5.559418585005915,1788408585.6123614,control,takeoff,1,1,0.009050836000824347,3.869208335876465,3869.0,0,30.0,5.553130468993913,3.869208335876465,1,1,0,1.0854933711003192,0.09090773016214371,0.07305899262428284,0.4611596465110779,-0.005689861718565226,-0.00048822950338944793,0.3019700348377228,-0.0890718474984169,0.0591127872467041,1.335288643836975,0.058548398315906525,0.0903627797961235,-0.007262842264026403,-0.010858692420441232,-0.019126098107733448,0.07174233353901714,0.034725699573755264,0.04896179586648941,0.5557776913760375,0.048616798040566116,-0.0,-0.0,-0.08742128136025533,0.05618203058838844,0.024097196757793427,-0.09461804486495962,-0.036218364860495185,-0.0038045813636435146,-0.016959225270855804,-0.026353498735190405,-0.019500884851864485,0.47676928708654515,0.038211254126394784,-0.057052277429276786,0.04643688381811652,-0.0480625643673971,0.03824213542637844,0.024751862169799556,0.0002664709293742759,0.10755093803042415,-1.523040731780493e-05,analytic,0.24316722401824964,-0.046895451685909924,-0.06669736335612214,0.4769927056114044,-0.004431962181236799,-0.0019387141824914523,0.30354436329087675,-0.05397279276037952,0.027400131234586577,-0.052286951982986184,1,0.010289430618286133,0.09065386652946472,0.07296605408191681,0.45569461584091187,-0.036218364860495185,-0.0038045813636435146,0.2508116120785648,-0.05569071678808744,-0.0021229049406558636,0.09395119122871307,1,0.00949469199986197,1.0,-0.036218364860495185,-0.0038045813636435146,0.2508116120785648,-0.05569071678808744,-0.0021229049406558636,0.09395119122871307,-0.05569071678808744,-0.0021229049406558636,0.09395119122871307
