control_time_s,ros_time_s,mode,flight_phase,state_valid,derivatives_valid,state_age_s,battery_voltage_v,battery_voltage_mv,battery_state,battery_level_percent,battery_age_s,preflight_voltage_v,preflight_voltage_sample_count,preflight_voltage_ready,preflight_voltage_failed,thrust_raw_scale,position_x,position_y,position_z,velocity_x,velocity_y,velocity_z,acceleration_x,acceleration_y,acceleration_z,body_rate_x,body_rate_y,body_rate_z,roll_rad,pitch_rad,yaw_rad,target_x,target_y,target_z,target_yaw_rad,target_jerk_x,target_jerk_y,target_jerk_z,position_error_x,position_error_y,position_error_z,velocity_error_x,velocity_error_y,velocity_error_z,desired_force_x,desired_force_y,desired_force_z,desired_roll_rad,desired_pitch_rad,desired_yaw_rad,attitude_error_x,attitude_error_y,attitude_error_z,computed_rate_x,computed_rate_y,computed_rate_z,omega_c_method,command_rate_x,command_rate_y,command_rate_z,command_thrust_newton,filtered_velocity_x,filtered_velocity_y,filtered_velocity_z,filtered_acceleration_x,filtered_acceleration_y,filtered_acceleration_z,filter_derivatives_valid,mocap_sample_age_s,ekf_position_x,ekf_position_y,ekf_position_z,ekf_velocity_x,ekf_velocity_y,ekf_velocity_z,ekf_acceleration_x,ekf_acceleration_y,ekf_acceleration_z,ekf_state_valid,ekf_state_age_s,ekf_kinematics_weight_effective,control_velocity_x,control_velocity_y,control_velocity_z,mixed_acceleration_x,mixed_acceleration_y,mixed_acceleration_z,control_acceleration_x,control_acceleration_y,control_acceleration_z
0.013369131003855728,1788412684.2166557,control,waiting_for_state,0,0,inf,nan,nan,-1,nan,inf,nan,0,0,0,1.0,,,,,,,,,,,,,,,,,,,,,,,,,,,,,,,,,,,,,,,,,,,,,,,,,,,,0,inf,,,,,,,,,,,,,,,,,,,,,
0.024359009010368027,1788412684.2268457,control,waiting_for_state,0,0,inf,nan,nan,-1,nan,inf,nan,0,0,0,1.0,,,,,,,,,,,,,,,,,,,,,,,,,,,,,,,,,,,,,,,,,,,,,,,,,,,,0,inf,,,,,,,,,,,,,,,,,,,,,
0.035587985010351986,1788412684.2380767,control,waiting_for_state,0,0,inf,nan,nan,-1,nan,inf,nan,0,0,0,1.0,,,,,,,,,,,,,,,,,,,,,,,,,,,,,,,,,,,,,,,,,,,,,,,,,,,,0,inf,,,,,,,,,,,,,,,,,,,,,
0.04667320700536948,1788412684.2491448,control,waiting_for_state,0,0,inf,nan,nan,-1,nan,inf,nan,0,0,0,1.0,,,,,,,,,,,,,,,,,,,,,,,,,,,,,,,,,,,,,,,,,,,,,,,,,,,,0,inf,,,,,,,,,,,,,,,,,,,,,
0.05783159800921567,1788412684.260305,control,waiting_for_state,0,0,inf,nan,nan,-1,nan,inf,nan,0,0,0,1.0,,,,,,,,,,,,,,,,,,,,,,,,,,,,,,,,,,,,,,,,,,,,,,,,,,,,0,inf,,,,,,,,,,,,,,,,,,,,,
0.06885250301274937,1788412684.2713835,control,waiting_for_state,0,0,inf,nan,nan,-1,nan,inf,nan,0,0,0,1.0,,,,,,,,,,,,,,,,,,,,,,,,,,,,,,,,,,,,,,,,,,,,,,,,,,,,0,inf,,,,,,,,,,,,,,,,,,,,,
0.08007811500283424,1788412684.2825572,control,waiting_for_state,0,0,inf,nan,nan,-1,nan,inf,nan,0,0,0,1.0,,,,,,,,,,,,,,,,,,,,,,,,,,,,,,,,,,,,,,,,,,,,,,,,,,,,0,inf,,,,,,,,,,,,,,,,,,,,,
0.09117428300669417,1788412684.293727,control,waiting_for_state,0,0,inf,nan,nan,-1,nan,inf,nan,0,0,0,1.0,,,,,,,,,,,,,,,,,,,,,,,,,,,,,,,,,,,,,,,,,,,,,,,,,,,,0,inf,,,,,,,,,,,,,,,,,,,,,
0.10240357200382277,1788412684.3051026,control,waiting_for_state,0,0,inf,nan,nan,-1,nan,inf,nan,0,0,0,1.0,,,,,,,,,,,,,,,,,,,,,,,,,,,,,,,,,,,,,,,,,,,,,,,,,,,,0,inf,,,,,,,,,,,,,,,,,,,,,
0.11358927200490143,1788412684.3163319,control,waiting_for_state,0,0,inf,nan,nan,-1,nan,inf,nan,0,0,0,1.0,,,,,,,,,,,,,,,,,,,,,,,,,,,,,,,,,,,,,,,,,,,,,,,,,,,,0,inf,,,,,,,,,,,,,,,,,,,,,
0.12454380400595255,1788412684.3272777,control,waiting_for_state,0,0,inf,nan,nan,-1,nan,inf,nan,0,0,0,1.0,,,,,,,,,,,,,,,,,,,,,,,,,,,,,,,,,,,,,,,,,,,,,,,,,,,,0,inf,,,,,,,,,,,,,,,,,,,,,
0.1357260530057829,1788412684.3384058,control,waiting_for_state,0,0,inf,nan,nan,-1,nan,inf,nan,0,0,0,1.0,,,,,,,,,,,,,,,,,,,,,,,,,,,,,,,,,,,,,,,,,,,,,,,,,,,,0,inf,,,,,,,,,,,,,,,,,,,,,
0.14683889300795272,1788412684.3495326,control,waiting_for_state,0,0,inf,nan,nan,-1,nan,inf,nan,0,0,0,1.0,,,,,,,,,,,,,,,,,,,,,,,,,,,,,,,,,,,,,,,,,,,,,,,,,,,,0,inf,,,,,,,,,,,,,,,,,,,,,
0.1579135370120639,1788412684.3605165,control,waiting_for_state,0,0,inf,nan,nan,-1,nan,inf,nan,0,0,0,1.0,,,,,,,,,,,,,,,,,,,,,,,,,,,,,,,,,,,,,,,,,,,,,,,,,,,,0,inf,,,,,,,,,,,,,,,,,,,,,
0.16894962200603914,1788412684.3714917,control,waiting_for_state,0,0,inf,nan,nan,-1,nan,inf,nan,0,0,0,1.0,,,,,,,,,,,,,,,,,,,,,,,,,,,,,,,,,,,,,,,,,,,,,,,,,,,,0,inf,,,,,,,,,,,,,,,,,,,,,
0.1800208280037623,1788412684.3825128,control,waiting_for_state,0,0,inf,nan,nan,-1,nan,inf,nan,0,0,0,1.0,,,,,,,,,,,,,,,,,,,,,,,,,,,,,,,,,,,,,,,,,,,,,,,,,,,,0,inf,,,,,,,,,,,,,,,,,,,,,
0.1910180720005883,1788412684.393491,control,waiting_for_state,0,0,inf,nan,nan,-1,nan,inf,nan,0,0,0,1.0,,,,,,,,,,,,,,,,,,,,,,,,,,,,,,,,,,,,,,,,,,,,,,,,,,,,0,inf,,,,,,,,,,,,,,,,,,,,,
0.2022332660126267,1788412684.4047043,control,waiting_for_state,0,0,inf,nan,nan,-1,nan,inf,nan,0,0,0,1.0,,,,,,,,,,,,,,,,,,,,,,,,,,,,,,,,,,,,,,,,,,,,,,,,,,,,0,inf,,,,,,,,,,,,,,,,,,,,,
0.2133398820005823,1788412684.415817,control,waiting_for_state,0,0,inf,nan,nan,-1,nan,inf,nan,0,0,0,1.0,,,,,,,,,,,,,,,,,,,,,,,,,,,,,,,,,,,,,,,,,,,,,,,,,,,,0,inf,,,,,,,,,,,,,,,,,,,,,
0.22436819301219657,1788412684.4268506,control,waiting_for_state,0,0,inf,nan,nan,-1,nan,inf,nan,0,0,0,1.0,,,,,,,,,,,,,,,,,,,,,,,,,,,,,,,,,,,,,,,,,,,,,,,,,,,,0,inf,,,,,,,,,,,,,,,,,,,,,
0.2355581500014523,1788412684.4380212,control,waiting_for_state,0,0,inf,nan,nan,-1,nan,inf,nan,0,0,0,1.0,,,,,,,,,,,,,,,,,,,,,,,,,,,,,,,,,,,,,,,,,,,,,,,,,,,,0,inf,,,,,,,,,,,,,,,,,,,,,
0.2466628380061593,1788412684.4491355,control,waiting_for_state,0,0,inf,nan,nan,-1,nan,inf,nan,0,0,0,1.0,,,,,,,,,,,,,,,,,,,,,,,,,,,,,,,,,,,,,,,,,,,,,,,,,,,,0,inf,,,,,,,,,,,,,,,,,,,,,
0.2578192250075517,1788412684.4602787,control,waiting_for_state,0,0,inf,nan,nan,-1,nan,inf,nan,0,0,0,1.0,,,,,,,,,,,,,,,,,,,,,,,,,,,,,,,,,,,,,,,,,,,,,,,,,,,,0,inf,,,,,,,,,,,,,,,,,,,,,
0.268788901012158,1788412684.471249,control,waiting_for_state,0,0,inf,nan,nan,-1,nan,inf,nan,0,0,0,1.0,,,,,,,,,,,,,,,,,,,,,,,,,,,,,,,,,,,,,,,,,,,,,,,,,,,,0,inf,,,,,,,,,,,,,,,,,,,,,
0.2800720510131214,1788412684.4825904,control,waiting_for_state,0,0,inf,nan,nan,-1,nan,inf,nan,0,0,0,1.0,,,,,,,,,,,,,,,,,,,,,,,,,,,,,,,,,,,,,,,,,,,,,,,,,,,,0,inf,,,,,,,,,,,,,,,,,,,,,
0.2912147370079765,1788412684.4938424,control,waiting_for_state,0,0,inf,nan,nan,-1,nan,inf,nan,0,0,0,1.0,,,,,,,,,,,,,,,,,,,,,,,,,,,,,,,,,,,,,,,,,,,,,,,,,,,,0,inf,,,,,,,,,,,,,,,,,,,,,
0.302363779002917,1788412684.5050502,control,waiting_for_state,0,0,inf,nan,nan,-1,nan,inf,nan,0,0,0,1.0,,,,,,,,,,,,,,,,,,,,,,,,,,,,,,,,,,,,,,,,,,,,,,,,,,,,0,inf,,,,,,,,,,,,,,,,,,,,,
0.3135488430125406,1788412684.5162787,control,waiting_for_state,0,0,inf,nan,nan,-1,nan,inf,nan,0,0,0,1.0,,,,,,,,,,,,,,,,,,,,,,,,,,,,,,,,,,,,,,,,,,,,,,,,,,,,0,inf,,,,,,,,,,,,,,,,,,,,,
0.32455931400181726,1788412684.5272872,control,waiting_for_state,0,0,inf,nan,nan,-1,nan,inf,nan,0,0,0,1.0,,,,,,,,,,,,,,,,,,,,,,,,,,,,,,,,,,,,,,,,,,,,,,,,,,,,0,inf,,,,,,,,,,,,,,,,,,,,,
0.3357441340049263,1788412684.538432,control,waiting_for_state,0,0,inf,nan,nan,-1,nan,inf,nan,0,0,0,1.0,,,,,,,,,,,,,,,,,,,,,,,,,,,,,,,,,,,,,,,,,,,,,,,,,,,,0,inf,,,,,,,,,,,,,,,,,,,,,
0.34686670001246966,1788412684.5496058,control,waiting_for_state,0,0,inf,nan,nan,-1,nan,inf,nan,0,0,0,1.0,,,,,,,,,,,,,,,,,,,,,,,,,,,,,,,,,,,,,,,,,,,,,,,,,,,,0,inf,,,,,,,,,,,,,,,,,,,,,
0.357927296005073,1788412684.5606391,control,waiting_for_state,0,0,inf,nan,nan,-1,nan,inf,nan,0,0,0,1.0,,,,,,,,,,,,,,,,,,,,,,,,,,,,,,,,,,,,,,,,,,,,,,,,,,,,0,inf,,,,,,,,,,,,,,,,,,,,,
0.36888544900284614,1788412684.5714757,control,waiting_for_state,0,0,inf,nan,nan,-1,nan,inf,nan,0,0,0,1.0,,,,,,,,,,,,,,,,,,,,,,,,,,,,,,,,,,,,,,,,,,,,,,,,,,,,0,inf,,,,,,,,,,,,,,,,,,,,,
0.3800283030141145,1788412684.5827322,control,waiting_for_state,0,0,inf,nan,nan,-1,nan,inf,nan,0,0,0,1.0,,,,,,,,,,,,,,,,,,,,,,,,,,,,,,,,,,,,,,,,,,,,,,,,,,,,0,inf,,,,,,,,,,,,,,,,,,,,,
0.3913081690116087,1788412684.594044,control,waiting_for_state,0,0,inf,nan,nan,-1,nan,inf,nan,0,0,0,1.0,,,,,,,,,,,,,,,,,,,,,,,,,,,,,,,,,,,,,,,,,,,,,,,,,,,,0,inf,,,,,,,,,,,,,,,,,,,,,
0.40244044600694906,1788412684.605167,control,waiting_for_state,0,0,inf,nan,nan,-1,nan,inf,nan,0,0,0,1.0,,,,,,,,,,,,,,,,,,,,,,,,,,,,,,,,,,,,,,,,,,,,,,,,,,,,0,inf,,,,,,,,,,,,,,,,,,,,,
0.4134637759998441,1788412684.6160746,control,waiting_for_state,0,0,inf,nan,nan,-1,nan,inf,nan,0,0,0,1.0,,,,,,,,,,,,,,,,,,,,,,,,,,,,,,,,,,,,,,,,,,,,,,,,,,,,0,inf,,,,,,,,,,,,,,,,,,,,,
0.4245602560113184,1788412684.627291,control,waiting_for_state,0,0,inf,nan,nan,-1,nan,inf,nan,0,0,0,1.0,,,,,,,,,,,,,,,,,,,,,,,,,,,,,,,,,,,,,,,,,,,,,,,,,,,,0,inf,,,,,,,,,,,,,,,,,,,,,
0.4357159710052656,1788412684.6383693,control,waiting_for_state,0,0,inf,nan,nan,-1,nan,inf,nan,0,0,0,1.0,,,,,,,,,,,,,,,,,,,,,,,,,,,,,,,,,,,,,,,,,,,,,,,,,,,,0,inf,,,,,,,,,,,,,,,,,,,,,
0.4468320690066321,1788412684.6494536,control,waiting_for_state,0,0,inf,nan,nan,-1,nan,inf,nan,0,0,0,1.0,,,,,,,,,,,,,,,,,,,,,,,,,,,,,,,,,,,,,,,,,,,,,,,,,,,,0,inf,,,,,,,,,,,,,,,,,,,,,
0.4577281100064283,1788412684.6602392,control,waiting_for_state,0,0,inf,nan,nan,-1,nan,inf,nan,0,0,0,1.0,,,,,,,,,,,,,,,,,,,,,,,,,,,,,,,,,,,,,,,,,,,,,,,,,,,,0,inf,,,,,,,,,,,,,,,,,,,,,
0.468826196010923,1788412684.6713493,control,waiting_for_state,0,0,inf,nan,nan,-1,nan,inf,nan,0,0,0,1.0,,,,,,,,,,,,,,,,,,,,,,,,,,,,,,,,,,,,,,,,,,,,,,,,,,,,0,inf,,,,,,,,,,,,,,,,,,,,,
0.4799656370014418,1788412684.6824772,control,waiting_for_state,0,0,inf,nan,nan,-1,nan,inf,nan,0,0,0,1.0,,,,,,,,,,,,,,,,,,,,,,,,,,,,,,,,,,,,,,,,,,,,,,,,,,,,0,inf,,,,,,,,,,,,,,,,,,,,,
0.49105797200172674,1788412684.6935775,control,waiting_for_state,0,0,inf,nan,nan,-1,nan,inf,nan,0,0,0,1.0,,,,,,,,,,,,,,,,,,,,,,,,,,,,,,,,,,,,,,,,,,,,,,,,,,,,0,inf,,,,,,,,,,,,,,,,,,,,,
0.5021484590106411,1788412684.7046607,control,waiting_for_state,0,0,inf,nan,nan,-1,nan,inf,nan,0,0,0,1.0,,,,,,,,,,,,,,,,,,,,,,,,,,,,,,,,,,,,,,,,,,,,,,,,,,,,0,inf,,,,,,,,,,,,,,,,,,,,,
0.513252201009891,1788412684.715753,control,waiting_for_state,0,0,inf,nan,nan,-1,nan,inf,nan,0,0,0,1.0,,,,,,,,,,,,,,,,,,,,,,,,,,,,,,,,,,,,,,,,,,,,,,,,,,,,0,inf,,,,,,,,,,,,,,,,,,,,,
0.5243850100087002,1788412684.726924,control,waiting_for_state,0,0,inf,nan,nan,-1,nan,inf,nan,0,0,0,1.0,,,,,,,,,,,,,,,,,,,,,,,,,,,,,,,,,,,,,,,,,,,,,,,,,,,,0,inf,,,,,,,,,,,,,,,,,,,,,
0.5354708160011796,1788412684.7379618,control,waiting_for_state,0,0,inf,nan,nan,-1,nan,inf,nan,0,0,0,1.0,,,,,,,,,,,,,,,,,,,,,,,,,,,,,,,,,,,,,,,,,,,,,,,,,,,,0,inf,,,,,,,,,,,,,,,,,,,,,
0.5465771030139877,1788412684.7490547,control,waiting_for_state,0,0,inf,nan,nan,-1,nan,inf,nan,0,0,0,1.0,,,,,,,,,,,,,,,,,,,,,,,,,,,,,,,,,,,,,,,,,,,,,,,,,,,,0,inf,,,,,,,,,,,,,,,,,,,,,
0.5576954910065979,1788412684.7601886,control,waiting_for_state,0,0,inf,nan,nan,-1,nan,inf,nan,0,0,0,1.0,,,,,,,,,,,,,,,,,,,,,,,,,,,,,,,,,,,,,,,,,,,,,,,,,,,,0,inf,,,,,,,,,,,,,,,,,,,,,
0.5688024730043253,1788412684.7712922,control,waiting_for_state,0,0,inf,nan,nan,-1,nan,inf,nan,0,0,0,1.0,,,,,,,,,,,,,,,,,,,,,,,,,,,,,,,,,,,,,,,,,,,,,,,,,,,,0,inf,,,,,,,,,,,,,,,,,,,,,
0.5798995070072124,1788412684.782361,control,waiting_for_state,0,0,inf,nan,nan,-1,nan,inf,nan,0,0,0,1.0,,,,,,,,,,,,,,,,,,,,,,,,,,,,,,,,,,,,,,,,,,,,,,,,,,,,0,inf,,,,,,,,,,,,,,,,,,,,,
0.5911662770085968,1788412684.7936509,control,waiting_for_state,0,0,inf,nan,nan,-1,nan,inf,nan,0,0,0,1.0,,,,,,,,,,,,,,,,,,,,,,,,,,,,,,,,,,,,,,,,,,,,,,,,,,,,0,inf,,,,,,,,,,,,,,,,,,,,,
0.6022446830029367,1788412684.8047378,control,waiting_for_state,0,0,inf,nan,nan,-1,nan,inf,nan,0,0,0,1.0,,,,,,,,,,,,,,,,,,,,,,,,,,,,,,,,,,,,,,,,,,,,,,,,,,,,0,inf,,,,,,,,,,,,,,,,,,,,,
0.613287398009561,1788412684.8157868,control,waiting_for_state,0,0,inf,nan,nan,-1,nan,inf,nan,0,0,0,1.0,,,,,,,,,,,,,,,,,,,,,,,,,,,,,,,,,,,,,,,,,,,,,,,,,,,,0,inf,,,,,,,,,,,,,,,,,,,,,
0.6243572189996485,1788412684.8268373,control,waiting_for_state,0,0,inf,nan,nan,-1,nan,inf,nan,0,0,0,1.0,,,,,,,,,,,,,,,,,,,,,,,,,,,,,,,,,,,,,,,,,,,,,,,,,,,,0,inf,,,,,,,,,,,,,,,,,,,,,
0.6355449780094204,1788412684.8380373,control,waiting_for_state,0,0,inf,nan,nan,-1,nan,inf,nan,0,0,0,1.0,,,,,,,,,,,,,,,,,,,,,,,,,,,,,,,,,,,,,,,,,,,,,,,,,,,,0,inf,,,,,,,,,,,,,,,,,,,,,
0.6465953460137825,1788412684.8490999,control,waiting_for_state,0,0,inf,nan,nan,-1,nan,inf,nan,0,0,0,1.0,,,,,,,,,,,,,,,,,,,,,,,,,,,,,,,,,,,,,,,,,,,,,,,,,,,,0,inf,,,,,,,,,,,,,,,,,,,,,
0.6576913370081456,1788412684.8601923,control,waiting_for_state,0,0,inf,nan,nan,-1,nan,inf,nan,0,0,0,1.0,,,,,,,,,,,,,,,,,,,,,,,,,,,,,,,,,,,,,,,,,,,,,,,,,,,,0,inf,,,,,,,,,,,,,,,,,,,,,
0.6689187940064585,1788412684.8714447,control,waiting_for_state,0,0,inf,nan,nan,-1,nan,inf,nan,0,0,0,1.0,,,,,,,,,,,,,,,,,,,,,,,,,,,,,,,,,,,,,,,,,,,,,,,,,,,,0,inf,,,,,,,,,,,,,,,,,,,,,
0.680019393999828,1788412684.8825262,control,waiting_for_state,0,0,inf,nan,nan,-1,nan,inf,nan,0,0,0,1.0,,,,,,,,,,,,,,,,,,,,,,,,,,,,,,,,,,,,,,,,,,,,,,,,,,,,0,inf,,,,,,,,,,,,,,,,,,,,,
0.6910704520123545,1788412684.8935902,control,waiting_for_state,0,0,inf,nan,nan,-1,nan,inf,nan,0,0,0,1.0,,,,,,,,,,,,,,,,,,,,,,,,,,,,,,,,,,,,,,,,,,,,,,,,,,,,0,inf,,,,,,,,,,,,,,,,,,,,,
0.7022031290107407,1788412684.9046986,control,waiting_for_state,0,0,inf,nan,nan,-1,nan,inf,nan,0,0,0,1.0,,,,,,,,,,,,,,,,,,,,,,,,,,,,,,,,,,,,,,,,,,,,,,,,,,,,0,inf,,,,,,,,,,,,,,,,,,,,,
0.7132841280108551,1788412684.9157915,control,waiting_for_state,0,0,inf,nan,nan,-1,nan,inf,nan,0,0,0,1.0,,,,,,,,,,,,,,,,,,,,,,,,,,,,,,,,,,,,,,,,,,,,,,,,,,,,0,inf,,,,,,,,,,,,,,,,,,,,,
0.7243845430057263,1788412684.9268844,control,waiting_for_state,0,0,inf,nan,nan,-1,nan,inf,nan,0,0,0,1.0,,,,,,,,,,,,,,,,,,,,,,,,,,,,,,,,,,,,,,,,,,,,,,,,,,,,0,inf,,,,,,,,,,,,,,,,,,,,,
0.7356108110107016,1788412684.9381359,control,waiting_for_state,0,0,inf,nan,nan,-1,nan,inf,nan,0,0,0,1.0,,,,,,,,,,,,,,,,,,,,,,,,,,,,,,,,,,,,,,,,,,,,,,,,,,,,0,inf,,,,,,,,,,,,,,,,,,,,,
0.7466156330046942,1788412684.9491484,control,waiting_for_state,0,0,inf,nan,nan,-1,nan,inf,nan,0,0,0,1.0,,,,,,,,,,,,,,,,,,,,,,,,,,,,,,,,,,,,,,,,,,,,,,,,,,,,0,inf,,,,,,,,,,,,,,,,,,,,,
0.7578599080006825,1788412684.960389,control,waiting_for_state,0,0,inf,nan,nan,-1,nan,inf,nan,0,0,0,1.0,,,,,,,,,,,,,,,,,,,,,,,,,,,,,,,,,,,,,,,,,,,,,,,,,,,,0,inf,,,,,,,,,,,,,,,,,,,,,
0.7688625220034737,1788412684.9713862,control,waiting_for_state,0,0,inf,nan,nan,-1,nan,inf,nan,0,0,0,1.0,,,,,,,,,,,,,,,,,,,,,,,,,,,,,,,,,,,,,,,,,,,,,,,,,,,,0,inf,,,,,,,,,,,,,,,,,,,,,
0.7799721780029358,1788412684.9824994,control,waiting_for_state,0,0,inf,nan,nan,-1,nan,inf,nan,0,0,0,1.0,,,,,,,,,,,,,,,,,,,,,,,,,,,,,,,,,,,,,,,,,,,,,,,,,,,,0,inf,,,,,,,,,,,,,,,,,,,,,
0.7911740660056239,1788412684.993696,control,waiting_for_state,0,0,inf,nan,nan,-1,nan,inf,nan,0,0,0,1.0,,,,,,,,,,,,,,,,,,,,,,,,,,,,,,,,,,,,,,,,,,,,,,,,,,,,0,inf,,,,,,,,,,,,,,,,,,,,,
0.8023143690079451,1788412685.0048716,control,waiting_for_state,0,0,inf,nan,nan,-1,nan,inf,nan,0,0,0,1.0,,,,,,,,,,,,,,,,,,,,,,,,,,,,,,,,,,,,,,,,,,,,,,,,,,,,0,inf,,,,,,,,,,,,,,,,,,,,,
0.8133134250092553,1788412685.0158553,control,waiting_for_state,0,0,inf,nan,nan,-1,nan,inf,nan,0,0,0,1.0,,,,,,,,,,,,,,,,,,,,,,,,,,,,,,,,,,,,,,,,,,,,,,,,,,,,0,inf,,,,,,,,,,,,,,,,,,,,,
0.8243834680033615,1788412685.0268986,control,waiting_for_state,0,0,inf,nan,nan,-1,nan,inf,nan,0,0,0,1.0,,,,,,,,,,,,,,,,,,,,,,,,,,,,,,,,,,,,,,,,,,,,,,,,,,,,0,inf,,,,,,,,,,,,,,,,,,,,,
0.8356061570084421,1788412685.038114,control,waiting_for_state,0,0,inf,nan,nan,-1,nan,inf,nan,0,0,0,1.0,,,,,,,,,,,,,,,,,,,,,,,,,,,,,,,,,,,,,,,,,,,,,,,,,,,,0,inf,,,,,,,,,,,,,,,,,,,,,
0.8466397590091219,1788412685.0491736,control,waiting_for_state,0,0,inf,nan,nan,-1,nan,inf,nan,0,0,0,1.0,,,,,,,,,,,,,,,,,,,,,,,,,,,,,,,,,,,,,,,,,,,,,,,,,,,,0,inf,,,,,,,,,,,,,,,,,,,,,
0.8577445050032111,1788412685.0602582,control,waiting_for_state,0,0,inf,nan,nan,-1,nan,inf,nan,0,0,0,1.0,,,,,,,,,,,,,,,,,,,,,,,,,,,,,,,,,,,,,,,,,,,,,,,,,,,,0,inf,,,,,,,,,,,,,,,,,,,,,
0.8688562220049789,1788412685.071379,control,waiting_for_state,0,0,inf,nan,nan,-1,nan,inf,nan,0,0,0,1.0,,,,,,,,,,,,,,,,,,,,,,,,,,,,,,,,,,,,,,,,,,,,,,,,,,,,0,inf,,,,,,,,,,,,,,,,,,,,,
0.8799469550140202,1788412685.0824876,control,waiting_for_state,0,0,inf,nan,nan,-1,nan,inf,nan,0,0,0,1.0,,,,,,,,,,,,,,,,,,,,,,,,,,,,,,,,,,,,,,,,,,,,,,,,,,,,0,inf,,,,,,,,,,,,,,,,,,,,,
0.8911932400078513,1788412685.0937147,control,waiting_for_state,0,0,inf,nan,nan,-1,nan,inf,nan,0,0,0,1.0,,,,,,,,,,,,,,,,,,,,,,,,,,,,,,,,,,,,,,,,,,,,,,,,,,,,0,inf,,,,,,,,,,,,,,,,,,,,,
0.9022963460010942,1788412685.1048348,control,waiting_for_state,0,0,inf,nan,nan,-1,nan,inf,nan,0,0,0,1.0,,,,,,,,,,,,,,,,,,,,,,,,,,,,,,,,,,,,,,,,,,,,,,,,,,,,0,inf,,,,,,,,,,,,,,,,,,,,,
0.9132919790135929,1788412685.1158624,control,waiting_for_state,0,0,inf,nan,nan,-1,nan,inf,nan,0,0,0,1.0,,,,,,,,,,,,,,,,,,,,,,,,,,,,,,,,,,,,,,,,,,,,,,,,,,,,0,inf,,,,,,,,,,,,,,,,,,,,,
0.9243604970106389,1788412685.1268332,control,waiting_for_state,0,0,inf,nan,nan,-1,nan,inf,nan,0,0,0,1.0,,,,,,,,,,,,,,,,,,,,,,,,,,,,,,,,,,,,,,,,,,,,,,,,,,,,0,inf,,,,,,,,,,,,,,,,,,,,,
0.9354664550046436,1788412685.1379476,control,waiting_for_state,0,0,inf,nan,nan,-1,nan,inf,nan,0,0,0,1.0,,,,,,,,,,,,,,,,,,,,,,,,,,,,,,,,,,,,,,,,,,,,,,,,,,,,0,inf,,,,,,,,,,,,,,,,,,,,,
0.9465681990113808,1788412685.149031,control,waiting_for_state,0,0,inf,nan,nan,-1,nan,inf,nan,0,0,0,1.0,,,,,,,,,,,,,,,,,,,,,,,,,,,,,,,,,,,,,,,,,,,,,,,,,,,,0,inf,,,,,,,,,,,,,,,,,,,,,
0.9576914790086448,1788412685.1601756,control,waiting_for_state,0,0,inf,nan,nan,-1,nan,inf,nan,0,0,0,1.0,,,,,,,,,,,,,,,,,,,,,,,,,,,,,,,,,,,,,,,,,,,,,,,,,,,,0,inf,,,,,,,,,,,,,,,,,,,,,
0.9688186870043864,1788412685.1713333,control,waiting_for_state,0,0,inf,nan,nan,-1,nan,inf,nan,0,0,0,1.0,,,,,,,,,,,,,,,,,,,,,,,,,,,,,,,,,,,,,,,,,,,,,,,,,,,,0,inf,,,,,,,,,,,,,,,,,,,,,
0.9799486650008475,1788412685.1824827,control,waiting_for_state,0,0,inf,nan,nan,-1,nan,inf,nan,0,0,0,1.0,,,,,,,,,,,,,,,,,,,,,,,,,,,,,,,,,,,,,,,,,,,,,,,,,,,,0,inf,,,,,,,,,,,,,,,,,,,,,
0.9910465870052576,1788412685.1935608,control,waiting_for_state,0,0,inf,nan,nan,-1,nan,inf,nan,0,0,0,1.0,,,,,,,,,,,,,,,,,,,,,,,,,,,,,,,,,,,,,,,,,,,,,,,,,,,,0,inf,,,,,,,,,,,,,,,,,,,,,
1.0022410480014514,1788412685.2047923,control,waiting_for_state,0,0,inf,nan,nan,-1,nan,inf,nan,0,0,0,1.0,,,,,,,,,,,,,,,,,,,,,,,,,,,,,,,,,,,,,,,,,,,,,,,,,,,,0,inf,,,,,,,,,,,,,,,,,,,,,
1.0133518170041498,1788412685.2171614,control,waiting_for_state,0,0,inf,nan,nan,-1,nan,inf,nan,0,0,0,1.0,,,,,,,,,,,,,,,,,,,,,,,,,,,,,,,,,,,,,,,,,,,,,,,,,,,,0,inf,,,,,,,,,,,,,,,,,,,,,
1.0244011160102673,1788412685.22701,control,waiting_for_state,0,0,inf,nan,nan,-1,nan,inf,nan,0,0,0,1.0,,,,,,,,,,,,,,,,,,,,,,,,,,,,,,,,,,,,,,,,,,,,,,,,,,,,0,inf,,,,,,,,,,,,,,,,,,,,,
1.035615916000097,1788412685.2381387,control,waiting_for_state,0,0,inf,nan,nan,-1,nan,inf,nan,0,0,0,1.0,,,,,,,,,,,,,,,,,,,,,,,,,,,,,,,,,,,,,,,,,,,,,,,,,,,,0,inf,,,,,,,,,,,,,,,,,,,,,
1.0467004340025596,1788412685.2492242,control,waiting_for_state,0,0,inf,nan,nan,-1,nan,inf,nan,0,0,0,1.0,,,,,,,,,,,,,,,,,,,,,,,,,,,,,,,,,,,,,,,,,,,,,,,,,,,,0,inf,,,,,,,,,,,,,,,,,,,,,
1.057706085004611,1788412685.260215,control,waiting_for_state,0,0,inf,nan,nan,-1,nan,inf,nan,0,0,0,1.0,,,,,,,,,,,,,,,,,,,,,,,,,,,,,,,,,,,,,,,,,,,,,,,,,,,,0,inf,,,,,,,,,,,,,,,,,,,,,
1.0688487139996141,1788412685.2713683,control,waiting_for_state,0,0,inf,nan,nan,-1,nan,inf,nan,0,0,0,1.0,,,,,,,,,,,,,,,,,,,,,,,,,,,,,,,,,,,,,,,,,,,,,,,,,,,,0,inf,,,,,,,,,,,,,,,,,,,,,
1.0800205210107379,1788412685.282523,control,waiting_for_state,0,0,inf,nan,nan,-1,nan,inf,nan,0,0,0,1.0,,,,,,,,,,,,,,,,,,,,,,,,,,,,,,,,,,,,,,,,,,,,,,,,,,,,0,inf,,,,,,,,,,,,,,,,,,,,,
1.0911924030078808,1788412685.2937467,control,waiting_for_state,0,0,inf,nan,nan,-1,nan,inf,nan,0,0,0,1.0,,,,,,,,,,,,,,,,,,,,,,,,,,,,,,,,,,,,,,,,,,,,,,,,,,,,0,inf,,,,,,,,,,,,,,,,,,,,,
1.102377247007098,1788412685.3049173,control,waiting_for_state,0,0,inf,nan,nan,-1,nan,inf,nan,0,0,0,1.0,,,,,,,,,,,,,,,,,,,,,,,,,,,,,,,,,,,,,,,,,,,,,,,,,,,,0,inf,,,,,,,,,,,,,,,,,,,,,
1.1133949410141213,1788412685.315926,control,waiting_for_state,0,0,inf,nan,nan,-1,nan,inf,nan,0,0,0,1.0,,,,,,,,,,,,,,,,,,,,,,,,,,,,,,,,,,,,,,,,,,,,,,,,,,,,0,inf,,,,,,,,,,,,,,,,,,,,,
1.1245130530005554,1788412685.3271532,control,waiting_for_state,0,0,inf,nan,nan,-1,nan,inf,nan,0,0,0,1.0,,,,,,,,,,,,,,,,,,,,,,,,,,,,,,,,,,,,,,,,,,,,,,,,,,,,0,inf,,,,,,,,,,,,,,,,,,,,,
1.135809118000907,1788412685.3384874,control,waiting_for_state,0,0,inf,nan,nan,-1,nan,inf,nan,0,0,0,1.0,,,,,,,,,,,,,,,,,,,,,,,,,,,,,,,,,,,,,,,,,,,,,,,,,,,,0,inf,,,,,,,,,,,,,,,,,,,,,
1.1468393940012902,1788412685.349698,control,waiting_for_state,0,0,inf,nan,nan,-1,nan,inf,nan,0,0,0,1.0,,,,,,,,,,,,,,,,,,,,,,,,,,,,,,,,,,,,,,,,,,,,,,,,,,,,0,inf,,,,,,,,,,,,,,,,,,,,,
1.1580599959997926,1788412685.3608437,control,waiting_for_state,0,0,inf,nan,nan,-1,nan,inf,nan,0,0,0,1.0,,,,,,,,,,,,,,,,,,,,,,,,,,,,,,,,,,,,,,,,,,,,,,,,,,,,0,inf,,,,,,,,,,,,,,,,,,,,,
1.1690309480036376,1788412685.371704,control,waiting_for_state,0,0,inf,nan,nan,-1,nan,inf,nan,0,0,0,1.0,,,,,,,,,,,,,,,,,,,,,,,,,,,,,,,,,,,,,,,,,,,,,,,,,,,,0,inf,,,,,,,,,,,,,,,,,,,,,
1.1802333450032165,1788412685.3832588,control,waiting_for_state,0,0,inf,nan,nan,-1,nan,inf,nan,0,0,0,1.0,,,,,,,,,,,,,,,,,,,,,,,,,,,,,,,,,,,,,,,,,,,,,,,,,,,,0,inf,,,,,,,,,,,,,,,,,,,,,
1.1912467160000233,1788412685.393992,control,waiting_for_state,0,0,inf,nan,nan,-1,nan,inf,nan,0,0,0,1.0,,,,,,,,,,,,,,,,,,,,,,,,,,,,,,,,,,,,,,,,,,,,,,,,,,,,0,inf,,,,,,,,,,,,,,,,,,,,,
1.2023055750032654,1788412685.4049482,control,waiting_for_state,0,0,inf,nan,nan,-1,nan,inf,nan,0,0,0,1.0,,,,,,,,,,,,,,,,,,,,,,,,,,,,,,,,,,,,,,,,,,,,,,,,,,,,0,inf,,,,,,,,,,,,,,,,,,,,,
1.2133839080051985,1788412685.4158986,control,waiting_for_state,0,0,inf,nan,nan,-1,nan,inf,nan,0,0,0,1.0,,,,,,,,,,,,,,,,,,,,,,,,,,,,,,,,,,,,,,,,,,,,,,,,,,,,0,inf,,,,,,,,,,,,,,,,,,,,,
1.2244955820060568,1788412685.4269922,control,waiting_for_state,0,0,inf,nan,nan,-1,nan,inf,nan,0,0,0,1.0,,,,,,,,,,,,,,,,,,,,,,,,,,,,,,,,,,,,,,,,,,,,,,,,,,,,0,inf,,,,,,,,,,,,,,,,,,,,,
1.2355878980015405,1788412685.438082,control,waiting_for_state,0,0,inf,nan,nan,-1,nan,inf,nan,0,0,0,1.0,,,,,,,,,,,,,,,,,,,,,,,,,,,,,,,,,,,,,,,,,,,,,,,,,,,,0,inf,,,,,,,,,,,,,,,,,,,,,
1.24668313600705,1788412685.449165,control,waiting_for_state,0,0,inf,nan,nan,-1,nan,inf,nan,0,0,0,1.0,,,,,,,,,,,,,,,,,,,,,,,,,,,,,,,,,,,,,,,,,,,,,,,,,,,,0,inf,,,,,,,,,,,,,,,,,,,,,
1.257726381008979,1788412685.4601948,control,waiting_for_state,0,0,inf,nan,nan,-1,nan,inf,nan,0,0,0,1.0,,,,,,,,,,,,,,,,,,,,,,,,,,,,,,,,,,,,,,,,,,,,,,,,,,,,0,inf,,,,,,,,,,,,,,,,,,,,,
1.268900963012129,1788412685.4713795,control,waiting_for_state,0,0,inf,nan,nan,-1,nan,inf,nan,0,0,0,1.0,,,,,,,,,,,,,,,,,,,,,,,,,,,,,,,,,,,,,,,,,,,,,,,,,,,,0,inf,,,,,,,,,,,,,,,,,,,,,
1.2800037220004015,1788412685.4824765,control,waiting_for_state,0,0,inf,nan,nan,-1,nan,inf,nan,0,0,0,1.0,,,,,,,,,,,,,,,,,,,,,,,,,,,,,,,,,,,,,,,,,,,,,,,,,,,,0,inf,,,,,,,,,,,,,,,,,,,,,
1.291139427004964,1788412685.4936254,control,waiting_for_state,0,0,inf,nan,nan,-1,nan,inf,nan,0,0,0,1.0,,,,,,,,,,,,,,,,,,,,,,,,,,,,,,,,,,,,,,,,,,,,,,,,,,,,0,inf,,,,,,,,,,,,,,,,,,,,,
1.302264987010858,1788412685.5047867,control,waiting_for_state,0,0,inf,nan,nan,-1,nan,inf,nan,0,0,0,1.0,,,,,,,,,,,,,,,,,,,,,,,,,,,,,,,,,,,,,,,,,,,,,,,,,,,,0,inf,,,,,,,,,,,,,,,,,,,,,
1.31329902500147,1788412685.5158205,control,waiting_for_state,0,0,inf,nan,nan,-1,nan,inf,nan,0,0,0,1.0,,,,,,,,,,,,,,,,,,,,,,,,,,,,,,,,,,,,,,,,,,,,,,,,,,,,0,inf,,,,,,,,,,,,,,,,,,,,,
1.3243580690032104,1788412685.5268373,control,waiting_for_state,0,0,inf,nan,nan,-1,nan,inf,nan,0,0,0,1.0,,,,,,,,,,,,,,,,,,,,,,,,,,,,,,,,,,,,,,,,,,,,,,,,,,,,0,inf,,,,,,,,,,,,,,,,,,,,,
1.335645477010985,1788412685.5381002,control,waiting_for_state,0,0,inf,nan,nan,-1,nan,inf,nan,0,0,0,1.0,,,,,,,,,,,,,,,,,,,,,,,,,,,,,,,,,,,,,,,,,,,,,,,,,,,,0,inf,,,,,,,,,,,,,,,,,,,,,
1.3467053970089182,1788412685.5492082,control,waiting_for_state,0,0,inf,nan,nan,-1,nan,inf,nan,0,0,0,1.0,,,,,,,,,,,,,,,,,,,,,,,,,,,,,,,,,,,,,,,,,,,,,,,,,,,,0,inf,,,,,,,,,,,,,,,,,,,,,
1.3578474930109223,1788412685.5604353,control,waiting_for_state,0,0,inf,nan,nan,-1,nan,inf,nan,0,0,0,1.0,,,,,,,,,,,,,,,,,,,,,,,,,,,,,,,,,,,,,,,,,,,,,,,,,,,,0,inf,,,,,,,,,,,,,,,,,,,,,
1.368913872007397,1788412685.5715547,control,waiting_for_state,0,0,inf,nan,nan,-1,nan,inf,nan,0,0,0,1.0,,,,,,,,,,,,,,,,,,,,,,,,,,,,,,,,,,,,,,,,,,,,,,,,,,,,0,inf,,,,,,,,,,,,,,,,,,,,,
1.3802221100049792,1788412685.5829735,control,waiting_for_state,0,0,inf,nan,nan,-1,nan,inf,nan,0,0,0,1.0,,,,,,,,,,,,,,,,,,,,,,,,,,,,,,,,,,,,,,,,,,,,,,,,,,,,0,inf,,,,,,,,,,,,,,,,,,,,,
1.3912331650062697,1788412685.5939028,control,waiting_for_state,0,0,inf,nan,nan,-1,nan,inf,nan,0,0,0,1.0,,,,,,,,,,,,,,,,,,,,,,,,,,,,,,,,,,,,,,,,,,,,,,,,,,,,0,inf,,,,,,,,,,,,,,,,,,,,,
1.4023461530014174,1788412685.604982,control,waiting_for_state,0,0,inf,nan,nan,-1,nan,inf,nan,0,0,0,1.0,,,,,,,,,,,,,,,,,,,,,,,,,,,,,,,,,,,,,,,,,,,,,,,,,,,,0,inf,,,,,,,,,,,,,,,,,,,,,
1.4135231920081424,1788412685.6162179,control,waiting_for_state,0,0,inf,nan,nan,-1,nan,inf,nan,0,0,0,1.0,,,,,,,,,,,,,,,,,,,,,,,,,,,,,,,,,,,,,,,,,,,,,,,,,,,,0,inf,,,,,,,,,,,,,,,,,,,,,
1.4244343180034775,1788412685.6270084,control,waiting_for_state,0,0,inf,nan,nan,-1,nan,inf,nan,0,0,0,1.0,,,,,,,,,,,,,,,,,,,,,,,,,,,,,,,,,,,,,,,,,,,,,,,,,,,,0,inf,,,,,,,,,,,,,,,,,,,,,
1.4355009380087722,1788412685.638039,control,waiting_for_state,0,0,inf,nan,nan,-1,nan,inf,nan,0,0,0,1.0,,,,,,,,,,,,,,,,,,,,,,,,,,,,,,,,,,,,,,,,,,,,,,,,,,,,0,inf,,,,,,,,,,,,,,,,,,,,,
1.4466778750065714,1788412685.6491582,control,waiting_for_state,0,0,inf,nan,nan,-1,nan,inf,nan,0,0,0,1.0,,,,,,,,,,,,,,,,,,,,,,,,,,,,,,,,,,,,,,,,,,,,,,,,,,,,0,inf,,,,,,,,,,,,,,,,,,,,,
1.4577433610102162,1788412685.6602225,control,waiting_for_state,0,0,inf,nan,nan,-1,nan,inf,nan,0,0,0,1.0,,,,,,,,,,,,,,,,,,,,,,,,,,,,,,,,,,,,,,,,,,,,,,,,,,,,0,inf,,,,,,,,,,,,,,,,,,,,,
1.4688397990103113,1788412685.6713188,control,waiting_for_state,0,0,inf,nan,nan,-1,nan,inf,nan,0,0,0,1.0,,,,,,,,,,,,,,,,,,,,,,,,,,,,,,,,,,,,,,,,,,,,,,,,,,,,0,inf,,,,,,,,,,,,,,,,,,,,,
1.4799961720127612,1788412685.6824615,control,waiting_for_state,0,0,inf,nan,nan,-1,nan,inf,nan,0,0,0,1.0,,,,,,,,,,,,,,,,,,,,,,,,,,,,,,,,,,,,,,,,,,,,,,,,,,,,0,inf,,,,,,,,,,,,,,,,,,,,,
1.4910710149997612,1788412685.6935713,control,waiting_for_state,0,0,inf,nan,nan,-1,nan,inf,nan,0,0,0,1.0,,,,,,,,,,,,,,,,,,,,,,,,,,,,,,,,,,,,,,,,,,,,,,,,,,,,0,inf,,,,,,,,,,,,,,,,,,,,,
1.5022677530068904,1788412685.7047617,control,waiting_for_state,0,0,inf,nan,nan,-1,nan,inf,nan,0,0,0,1.0,,,,,,,,,,,,,,,,,,,,,,,,,,,,,,,,,,,,,,,,,,,,,,,,,,,,0,inf,,,,,,,,,,,,,,,,,,,,,
1.5133767040097155,1788412685.71589,control,waiting_for_state,0,0,inf,nan,nan,-1,nan,inf,nan,0,0,0,1.0,,,,,,,,,,,,,,,,,,,,,,,,,,,,,,,,,,,,,,,,,,,,,,,,,,,,0,inf,,,,,,,,,,,,,,,,,,,,,
1.5243854400032433,1788412685.72692,control,waiting_for_state,0,0,inf,nan,nan,-1,nan,inf,nan,0,0,0,1.0,,,,,,,,,,,,,,,,,,,,,,,,,,,,,,,,,,,,,,,,,,,,,,,,,,,,0,inf,,,,,,,,,,,,,,,,,,,,,
1.535635952008306,1788412685.7381275,control,waiting_for_state,0,0,inf,nan,nan,-1,nan,inf,nan,0,0,0,1.0,,,,,,,,,,,,,,,,,,,,,,,,,,,,,,,,,,,,,,,,,,,,,,,,,,,,0,inf,,,,,,,,,,,,,,,,,,,,,
1.546748769003898,1788412685.7492294,control,waiting_for_state,0,0,inf,nan,nan,-1,nan,inf,nan,0,0,0,1.0,,,,,,,,,,,,,,,,,,,,,,,,,,,,,,,,,,,,,,,,,,,,,,,,,,,,0,inf,,,,,,,,,,,,,,,,,,,,,
1.5578781540098134,1788412685.7604299,control,waiting_for_state,0,0,inf,nan,nan,-1,nan,inf,nan,0,0,0,1.0,,,,,,,,,,,,,,,,,,,,,,,,,,,,,,,,,,,,,,,,,,,,,,,,,,,,0,inf,,,,,,,,,,,,,,,,,,,,,
1.5689289340079995,1788412685.7715545,control,waiting_for_state,0,0,inf,nan,nan,-1,nan,inf,nan,0,0,0,1.0,,,,,,,,,,,,,,,,,,,,,,,,,,,,,,,,,,,,,,,,,,,,,,,,,,,,0,inf,,,,,,,,,,,,,,,,,,,,,
1.58018526500382,1788412685.7829442,control,waiting_for_state,0,0,inf,nan,nan,-1,nan,inf,nan,0,0,0,1.0,,,,,,,,,,,,,,,,,,,,,,,,,,,,,,,,,,,,,,,,,,,,,,,,,,,,0,inf,,,,,,,,,,,,,,,,,,,,,
1.591201754999929,1788412685.7938864,control,waiting_for_state,0,0,inf,nan,nan,-1,nan,inf,nan,0,0,0,1.0,,,,,,,,,,,,,,,,,,,,,,,,,,,,,,,,,,,,,,,,,,,,,,,,,,,,0,inf,,,,,,,,,,,,,,,,,,,,,
1.6023263530078111,1788412685.8049276,control,waiting_for_state,0,0,inf,nan,nan,-1,nan,inf,nan,0,0,0,1.0,,,,,,,,,,,,,,,,,,,,,,,,,,,,,,,,,,,,,,,,,,,,,,,,,,,,0,inf,,,,,,,,,,,,,,,,,,,,,
1.6134705340082292,1788412685.816121,control,waiting_for_state,0,0,inf,nan,nan,-1,nan,inf,nan,0,0,0,1.0,,,,,,,,,,,,,,,,,,,,,,,,,,,,,,,,,,,,,,,,,,,,,,,,,,,,0,inf,,,,,,,,,,,,,,,,,,,,,
1.6244948300009128,1788412685.827079,control,waiting_for_state,0,0,inf,nan,nan,-1,nan,inf,nan,0,0,0,1.0,,,,,,,,,,,,,,,,,,,,,,,,,,,,,,,,,,,,,,,,,,,,,,,,,,,,0,inf,,,,,,,,,,,,,,,,,,,,,
1.6356020510138478,1788412685.838275,control,waiting_for_state,0,0,inf,nan,nan,-1,nan,inf,nan,0,0,0,1.0,,,,,,,,,,,,,,,,,,,,,,,,,,,,,,,,,,,,,,,,,,,,,,,,,,,,0,inf,,,,,,,,,,,,,,,,,,,,,
1.6467494500102475,1788412685.8492873,control,waiting_for_state,0,0,inf,nan,nan,-1,nan,inf,nan,0,0,0,1.0,,,,,,,,,,,,,,,,,,,,,,,,,,,,,,,,,,,,,,,,,,,,,,,,,,,,0,inf,,,,,,,,,,,,,,,,,,,,,
1.6577826070133597,1788412685.8603246,control,waiting_for_state,0,0,inf,nan,nan,-1,nan,inf,nan,0,0,0,1.0,,,,,,,,,,,,,,,,,,,,,,,,,,,,,,,,,,,,,,,,,,,,,,,,,,,,0,inf,,,,,,,,,,,,,,,,,,,,,
1.6688976970035583,1788412685.871423,control,waiting_for_state,0,0,inf,nan,nan,-1,nan,inf,nan,0,0,0,1.0,,,,,,,,,,,,,,,,,,,,,,,,,,,,,,,,,,,,,,,,,,,,,,,,,,,,0,inf,,,,,,,,,,,,,,,,,,,,,
1.6800616399996215,1788412685.8825994,control,waiting_for_state,0,0,inf,nan,nan,-1,nan,inf,nan,0,0,0,1.0,,,,,,,,,,,,,,,,,,,,,,,,,,,,,,,,,,,,,,,,,,,,,,,,,,,,0,inf,,,,,,,,,,,,,,,,,,,,,
1.691123513999628,1788412685.893657,control,waiting_for_state,0,0,inf,nan,nan,-1,nan,inf,nan,0,0,0,1.0,,,,,,,,,,,,,,,,,,,,,,,,,,,,,,,,,,,,,,,,,,,,,,,,,,,,0,inf,,,,,,,,,,,,,,,,,,,,,
1.7022155620070407,1788412685.9047413,control,waiting_for_state,0,0,inf,nan,nan,-1,nan,inf,nan,0,0,0,1.0,,,,,,,,,,,,,,,,,,,,,,,,,,,,,,,,,,,,,,,,,,,,,,,,,,,,0,inf,,,,,,,,,,,,,,,,,,,,,
1.7133929990086472,1788412685.9159186,control,waiting_for_state,0,0,inf,nan,nan,-1,nan,inf,nan,0,0,0,1.0,,,,,,,,,,,,,,,,,,,,,,,,,,,,,,,,,,,,,,,,,,,,,,,,,,,,0,inf,,,,,,,,,,,,,,,,,,,,,
1.72438518301351,1788412685.9269154,control,waiting_for_state,0,0,inf,nan,nan,-1,nan,inf,nan,0,0,0,1.0,,,,,,,,,,,,,,,,,,,,,,,,,,,,,,,,,,,,,,,,,,,,,,,,,,,,0,inf,,,,,,,,,,,,,,,,,,,,,
1.7356546650116798,1788412685.9382045,control,waiting_for_state,0,0,inf,nan,nan,-1,nan,inf,nan,0,0,0,1.0,,,,,,,,,,,,,,,,,,,,,,,,,,,,,,,,,,,,,,,,,,,,,,,,,,,,0,inf,,,,,,,,,,,,,,,,,,,,,
1.7468123610015027,1788412685.9493542,control,waiting_for_state,0,0,inf,nan,nan,-1,nan,inf,nan,0,0,0,1.0,,,,,,,,,,,,,,,,,,,,,,,,,,,,,,,,,,,,,,,,,,,,,,,,,,,,0,inf,,,,,,,,,,,,,,,,,,,,,
1.7577915970032336,1788412685.9603531,control,waiting_for_state,0,0,inf,nan,nan,-1,nan,inf,nan,0,0,0,1.0,,,,,,,,,,,,,,,,,,,,,,,,,,,,,,,,,,,,,,,,,,,,,,,,,,,,0,inf,,,,,,,,,,,,,,,,,,,,,
1.768930675010779,1788412685.9715722,control,waiting_for_state,0,0,inf,nan,nan,-1,nan,inf,nan,0,0,0,1.0,,,,,,,,,,,,,,,,,,,,,,,,,,,,,,,,,,,,,,,,,,,,,,,,,,,,0,inf,,,,,,,,,,,,,,,,,,,,,
1.7802194280084223,1788412685.9829497,control,waiting_for_state,0,0,inf,nan,nan,-1,nan,inf,nan,0,0,0,1.0,,,,,,,,,,,,,,,,,,,,,,,,,,,,,,,,,,,,,,,,,,,,,,,,,,,,0,inf,,,,,,,,,,,,,,,,,,,,,
1.7913288380077574,1788412685.9940672,control,waiting_for_state,0,0,inf,nan,nan,-1,nan,inf,nan,0,0,0,1.0,,,,,,,,,,,,,,,,,,,,,,,,,,,,,,,,,,,,,,,,,,,,,,,,,,,,0,inf,,,,,,,,,,,,,,,,,,,,,
1.8023281910136575,1788412686.005004,control,waiting_for_state,0,0,inf,nan,nan,-1,nan,inf,nan,0,0,0,1.0,,,,,,,,,,,,,,,,,,,,,,,,,,,,,,,,,,,,,,,,,,,,,,,,,,,,0,inf,,,,,,,,,,,,,,,,,,,,,
1.813499521013,1788412686.0162137,control,waiting_for_state,0,0,inf,nan,nan,-1,nan,inf,nan,0,0,0,1.0,,,,,,,,,,,,,,,,,,,,,,,,,,,,,,,,,,,,,,,,,,,,,,,,,,,,0,inf,,,,,,,,,,,,,,,,,,,,,
1.8245718020043569,1788412686.0274103,control,waiting_for_state,0,0,inf,nan,nan,-1,nan,inf,nan,0,0,0,1.0,,,,,,,,,,,,,,,,,,,,,,,,,,,,,,,,,,,,,,,,,,,,,,,,,,,,0,inf,,,,,,,,,,,,,,,,,,,,,
1.8358407610066934,1788412686.0387187,control,waiting_for_state,0,0,inf,nan,nan,-1,nan,inf,nan,0,0,0,1.0,,,,,,,,,,,,,,,,,,,,,,,,,,,,,,,,,,,,,,,,,,,,,,,,,,,,0,inf,,,,,,,,,,,,,,,,,,,,,
1.8468156710005132,1788412686.0496697,control,waiting_for_state,0,0,inf,nan,nan,-1,nan,inf,nan,0,0,0,1.0,,,,,,,,,,,,,,,,,,,,,,,,,,,,,,,,,,,,,,,,,,,,,,,,,,,,0,inf,,,,,,,,,,,,,,,,,,,,,
1.8578251140133943,1788412686.0603366,control,waiting_for_state,0,0,inf,nan,nan,-1,nan,inf,nan,0,0,0,1.0,,,,,,,,,,,,,,,,,,,,,,,,,,,,,,,,,,,,,,,,,,,,,,,,,,,,0,inf,,,,,,,,,,,,,,,,,,,,,
1.868860852002399,1788412686.071387,control,waiting_for_state,0,0,inf,nan,nan,-1,nan,inf,nan,0,0,0,1.0,,,,,,,,,,,,,,,,,,,,,,,,,,,,,,,,,,,,,,,,,,,,,,,,,,,,0,inf,,,,,,,,,,,,,,,,,,,,,
1.8800000560004264,1788412686.0825272,control,waiting_for_state,0,0,inf,nan,nan,-1,nan,inf,nan,0,0,0,1.0,,,,,,,,,,,,,,,,,,,,,,,,,,,,,,,,,,,,,,,,,,,,,,,,,,,,0,inf,,,,,,,,,,,,,,,,,,,,,
1.891091295008664,1788412686.093611,control,waiting_for_state,0,0,inf,nan,nan,-1,nan,inf,nan,0,0,0,1.0,,,,,,,,,,,,,,,,,,,,,,,,,,,,,,,,,,,,,,,,,,,,,,,,,,,,0,inf,,,,,,,,,,,,,,,,,,,,,
1.9022460200067144,1788412686.104757,control,waiting_for_state,0,0,inf,nan,nan,-1,nan,inf,nan,0,0,0,1.0,,,,,,,,,,,,,,,,,,,,,,,,,,,,,,,,,,,,,,,,,,,,,,,,,,,,0,inf,,,,,,,,,,,,,,,,,,,,,
1.91338351801096,1788412686.1158986,control,waiting_for_state,0,0,inf,nan,nan,-1,nan,inf,nan,0,0,0,1.0,,,,,,,,,,,,,,,,,,,,,,,,,,,,,,,,,,,,,,,,,,,,,,,,,,,,0,inf,,,,,,,,,,,,,,,,,,,,,
1.9243804370053113,1788412686.126899,control,waiting_for_state,0,0,inf,nan,nan,-1,nan,inf,nan,0,0,0,1.0,,,,,,,,,,,,,,,,,,,,,,,,,,,,,,,,,,,,,,,,,,,,,,,,,,,,0,inf,,,,,,,,,,,,,,,,,,,,,
1.9356083510065218,1788412686.138118,control,waiting_for_state,0,0,inf,nan,nan,-1,nan,inf,nan,0,0,0,1.0,,,,,,,,,,,,,,,,,,,,,,,,,,,,,,,,,,,,,,,,,,,,,,,,,,,,0,inf,,,,,,,,,,,,,,,,,,,,,
1.946742329004337,1788412686.1492846,control,waiting_for_state,0,0,inf,nan,nan,-1,nan,inf,nan,0,0,0,1.0,,,,,,,,,,,,,,,,,,,,,,,,,,,,,,,,,,,,,,,,,,,,,,,,,,,,0,inf,,,,,,,,,,,,,,,,,,,,,
1.9579473880003206,1788412686.160497,control,waiting_for_state,0,0,inf,nan,nan,-1,nan,inf,nan,0,0,0,1.0,,,,,,,,,,,,,,,,,,,,,,,,,,,,,,,,,,,,,,,,,,,,,,,,,,,,0,inf,,,,,,,,,,,,,,,,,,,,,
1.9689188210031716,1788412686.1714463,control,waiting_for_state,0,0,inf,nan,nan,-1,nan,inf,nan,0,0,0,1.0,,,,,,,,,,,,,,,,,,,,,,,,,,,,,,,,,,,,,,,,,,,,,,,,,,,,0,inf,,,,,,,,,,,,,,,,,,,,,
1.9800494150113082,1788412686.1827679,control,waiting_for_state,0,0,inf,nan,nan,-1,nan,inf,nan,0,0,0,1.0,,,,,,,,,,,,,,,,,,,,,,,,,,,,,,,,,,,,,,,,,,,,,,,,,,,,0,inf,,,,,,,,,,,,,,,,,,,,,
1.99122751300456,1788412686.193937,control,waiting_for_state,0,0,inf,nan,nan,-1,nan,inf,nan,0,0,0,1.0,,,,,,,,,,,,,,,,,,,,,,,,,,,,,,,,,,,,,,,,,,,,,,,,,,,,0,inf,,,,,,,,,,,,,,,,,,,,,
2.0024081830051728,1788412686.2051,control,waiting_for_state,0,0,inf,nan,nan,-1,nan,inf,nan,0,0,0,1.0,,,,,,,,,,,,,,,,,,,,,,,,,,,,,,,,,,,,,,,,,,,,,,,,,,,,0,inf,,,,,,,,,,,,,,,,,,,,,
2.01337533100741,1788412686.2190359,control,waiting_for_state,0,0,inf,nan,nan,-1,nan,inf,nan,0,0,0,1.0,,,,,,,,,,,,,,,,,,,,,,,,,,,,,,,,,,,,,,,,,,,,,,,,,,,,0,inf,,,,,,,,,,,,,,,,,,,,,
2.0245298570080195,1788412686.2272708,control,waiting_for_state,0,0,inf,nan,nan,-1,nan,inf,nan,0,0,0,1.0,,,,,,,,,,,,,,,,,,,,,,,,,,,,,,,,,,,,,,,,,,,,,,,,,,,,0,inf,,,,,,,,,,,,,,,,,,,,,
2.0356304730084958,1788412686.2381217,control,waiting_for_state,0,0,inf,nan,nan,-1,nan,inf,nan,0,0,0,1.0,,,,,,,,,,,,,,,,,,,,,,,,,,,,,,,,,,,,,,,,,,,,,,,,,,,,0,inf,,,,,,,,,,,,,,,,,,,,,
2.046721126011107,1788412686.2492514,control,waiting_for_state,0,0,inf,nan,nan,-1,nan,inf,nan,0,0,0,1.0,,,,,,,,,,,,,,,,,,,,,,,,,,,,,,,,,,,,,,,,,,,,,,,,,,,,0,inf,,,,,,,,,,,,,,,,,,,,,
2.057912768010283,1788412686.260467,control,waiting_for_state,0,0,inf,nan,nan,-1,nan,inf,nan,0,0,0,1.0,,,,,,,,,,,,,,,,,,,,,,,,,,,,,,,,,,,,,,,,,,,,,,,,,,,,0,inf,,,,,,,,,,,,,,,,,,,,,
2.0688230830128305,1788412686.271343,control,waiting_for_state,0,0,inf,nan,nan,-1,nan,inf,nan,0,0,0,1.0,,,,,,,,,,,,,,,,,,,,,,,,,,,,,,,,,,,,,,,,,,,,,,,,,,,,0,inf,,,,,,,,,,,,,,,,,,,,,
2.080037359002745,1788412686.282555,control,waiting_for_state,0,0,inf,nan,nan,-1,nan,inf,nan,0,0,0,1.0,,,,,,,,,,,,,,,,,,,,,,,,,,,,,,,,,,,,,,,,,,,,,,,,,,,,0,inf,,,,,,,,,,,,,,,,,,,,,
2.091038385013235,1788412686.2935371,control,waiting_for_state,0,0,inf,nan,nan,-1,nan,inf,nan,0,0,0,1.0,,,,,,,,,,,,,,,,,,,,,,,,,,,,,,,,,,,,,,,,,,,,,,,,,,,,0,inf,,,,,,,,,,,,,,,,,,,,,
2.1023026000038953,1788412686.3048294,control,waiting_for_state,0,0,inf,nan,nan,-1,nan,inf,nan,0,0,0,1.0,,,,,,,,,,,,,,,,,,,,,,,,,,,,,,,,,,,,,,,,,,,,,,,,,,,,0,inf,,,,,,,,,,,,,,,,,,,,,
2.1133881520072464,1788412686.3159099,control,waiting_for_state,0,0,inf,nan,nan,-1,nan,inf,nan,0,0,0,1.0,,,,,,,,,,,,,,,,,,,,,,,,,,,,,,,,,,,,,,,,,,,,,,,,,,,,0,inf,,,,,,,,,,,,,,,,,,,,,
2.1243885410076473,1788412686.3268926,control,waiting_for_state,0,0,inf,nan,nan,-1,nan,inf,nan,0,0,0,1.0,,,,,,,,,,,,,,,,,,,,,,,,,,,,,,,,,,,,,,,,,,,,,,,,,,,,0,inf,,,,,,,,,,,,,,,,,,,,,
2.1355576910136733,1788412686.3380122,control,waiting_for_state,0,0,inf,nan,nan,-1,nan,inf,nan,0,0,0,1.0,,,,,,,,,,,,,,,,,,,,,,,,,,,,,,,,,,,,,,,,,,,,,,,,,,,,0,inf,,,,,,,,,,,,,,,,,,,,,
2.146675108000636,1788412686.3491297,control,waiting_for_state,0,0,inf,nan,nan,-1,nan,inf,nan,0,0,0,1.0,,,,,,,,,,,,,,,,,,,,,,,,,,,,,,,,,,,,,,,,,,,,,,,,,,,,0,inf,,,,,,,,,,,,,,,,,,,,,
2.157859366008779,1788412686.3603597,control,waiting_for_state,0,0,inf,nan,nan,-1,nan,inf,nan,0,0,0,1.0,,,,,,,,,,,,,,,,,,,,,,,,,,,,,,,,,,,,,,,,,,,,,,,,,,,,0,inf,,,,,,,,,,,,,,,,,,,,,
2.1688867830089293,1788412686.3713524,control,waiting_for_state,0,0,inf,nan,nan,-1,nan,inf,nan,0,0,0,1.0,,,,,,,,,,,,,,,,,,,,,,,,,,,,,,,,,,,,,,,,,,,,,,,,,,,,0,inf,,,,,,,,,,,,,,,,,,,,,
2.1800696600112133,1788412686.3825414,control,waiting_for_state,0,0,inf,nan,nan,-1,nan,inf,nan,0,0,0,1.0,,,,,,,,,,,,,,,,,,,,,,,,,,,,,,,,,,,,,,,,,,,,,,,,,,,,0,inf,,,,,,,,,,,,,,,,,,,,,
2.1911741190124303,1788412686.393725,control,waiting_for_state,0,0,inf,nan,nan,-1,nan,inf,nan,0,0,0,1.0,,,,,,,,,,,,,,,,,,,,,,,,,,,,,,,,,,,,,,,,,,,,,,,,,,,,0,inf,,,,,,,,,,,,,,,,,,,,,
2.2023831630067434,1788412686.405086,control,waiting_for_state,0,0,inf,nan,nan,-1,nan,inf,nan,0,0,0,1.0,,,,,,,,,,,,,,,,,,,,,,,,,,,,,,,,,,,,,,,,,,,,,,,,,,,,0,inf,,,,,,,,,,,,,,,,,,,,,
2.2135184800135903,1788412686.416218,control,waiting_for_state,0,0,inf,nan,nan,-1,nan,inf,nan,0,0,0,1.0,,,,,,,,,,,,,,,,,,,,,,,,,,,,,,,,,,,,,,,,,,,,,,,,,,,,0,inf,,,,,,,,,,,,,,,,,,,,,
2.2245430430048145,1788412686.4272876,control,waiting_for_state,0,0,inf,nan,nan,-1,nan,inf,nan,0,0,0,1.0,,,,,,,,,,,,,,,,,,,,,,,,,,,,,,,,,,,,,,,,,,,,,,,,,,,,0,inf,,,,,,,,,,,,,,,,,,,,,
2.2357416990125785,1788412686.438485,control,waiting_for_state,0,0,inf,nan,nan,-1,nan,inf,nan,0,0,0,1.0,,,,,,,,,,,,,,,,,,,,,,,,,,,,,,,,,,,,,,,,,,,,,,,,,,,,0,inf,,,,,,,,,,,,,,,,,,,,,
2.246834216013667,1788412686.4495747,control,waiting_for_state,0,0,inf,nan,nan,-1,nan,inf,nan,0,0,0,1.0,,,,,,,,,,,,,,,,,,,,,,,,,,,,,,,,,,,,,,,,,,,,,,,,,,,,0,inf,,,,,,,,,,,,,,,,,,,,,
2.2578925720008556,1788412686.460499,control,waiting_for_state,0,0,inf,nan,nan,-1,nan,inf,nan,0,0,0,1.0,,,,,,,,,,,,,,,,,,,,,,,,,,,,,,,,,,,,,,,,,,,,,,,,,,,,0,inf,,,,,,,,,,,,,,,,,,,,,
2.268866041005822,1788412686.4713738,control,waiting_for_state,0,0,inf,nan,nan,-1,nan,inf,nan,0,0,0,1.0,,,,,,,,,,,,,,,,,,,,,,,,,,,,,,,,,,,,,,,,,,,,,,,,,,,,0,inf,,,,,,,,,,,,,,,,,,,,,
2.280008457004442,1788412686.482468,control,waiting_for_state,0,0,inf,nan,nan,-1,nan,inf,nan,0,0,0,1.0,,,,,,,,,,,,,,,,,,,,,,,,,,,,,,,,,,,,,,,,,,,,,,,,,,,,0,inf,,,,,,,,,,,,,,,,,,,,,
2.291121849004412,1788412686.4935985,control,waiting_for_state,0,0,inf,nan,nan,-1,nan,inf,nan,0,0,0,1.0,,,,,,,,,,,,,,,,,,,,,,,,,,,,,,,,,,,,,,,,,,,,,,,,,,,,0,inf,,,,,,,,,,,,,,,,,,,,,
2.3022612940112595,1788412686.5047467,control,waiting_for_state,0,0,inf,nan,nan,-1,nan,inf,nan,0,0,0,1.0,,,,,,,,,,,,,,,,,,,,,,,,,,,,,,,,,,,,,,,,,,,,,,,,,,,,0,inf,,,,,,,,,,,,,,,,,,,,,
2.3133477800001856,1788412686.5158143,control,waiting_for_state,0,0,inf,nan,nan,-1,nan,inf,nan,0,0,0,1.0,,,,,,,,,,,,,,,,,,,,,,,,,,,,,,,,,,,,,,,,,,,,,,,,,,,,0,inf,,,,,,,,,,,,,,,,,,,,,
2.3243418090132764,1788412686.5267959,control,waiting_for_state,0,0,inf,nan,nan,-1,nan,inf,nan,0,0,0,1.0,,,,,,,,,,,,,,,,,,,,,,,,,,,,,,,,,,,,,,,,,,,,,,,,,,,,0,inf,,,,,,,,,,,,,,,,,,,,,
2.3355573490116512,1788412686.5380206,control,waiting_for_state,0,0,inf,nan,nan,-1,nan,inf,nan,0,0,0,1.0,,,,,,,,,,,,,,,,,,,,,,,,,,,,,,,,,,,,,,,,,,,,,,,,,,,,0,inf,,,,,,,,,,,,,,,,,,,,,
2.3466809570090845,1788412686.5491338,control,waiting_for_state,0,0,inf,nan,nan,-1,nan,inf,nan,0,0,0,1.0,,,,,,,,,,,,,,,,,,,,,,,,,,,,,,,,,,,,,,,,,,,,,,,,,,,,0,inf,,,,,,,,,,,,,,,,,,,,,
2.3577819840138545,1788412686.5602398,control,waiting_for_state,0,0,inf,nan,nan,-1,nan,inf,nan,0,0,0,1.0,,,,,,,,,,,,,,,,,,,,,,,,,,,,,,,,,,,,,,,,,,,,,,,,,,,,0,inf,,,,,,,,,,,,,,,,,,,,,
2.3688191550027113,1788412686.5713305,control,waiting_for_state,0,0,inf,nan,nan,-1,nan,inf,nan,0,0,0,1.0,,,,,,,,,,,,,,,,,,,,,,,,,,,,,,,,,,,,,,,,,,,,,,,,,,,,0,inf,,,,,,,,,,,,,,,,,,,,,
2.3800220789999003,1788412686.5825138,control,waiting_for_state,0,0,inf,nan,nan,-1,nan,inf,nan,0,0,0,1.0,,,,,,,,,,,,,,,,,,,,,,,,,,,,,,,,,,,,,,,,,,,,,,,,,,,,0,inf,,,,,,,,,,,,,,,,,,,,,
2.3911992840003222,1788412686.5936828,control,waiting_for_state,0,0,inf,nan,nan,-1,nan,inf,nan,0,0,0,1.0,,,,,,,,,,,,,,,,,,,,,,,,,,,,,,,,,,,,,,,,,,,,,,,,,,,,0,inf,,,,,,,,,,,,,,,,,,,,,
2.402305111012538,1788412686.604823,control,waiting_for_state,0,0,inf,nan,nan,-1,nan,inf,nan,0,0,0,1.0,,,,,,,,,,,,,,,,,,,,,,,,,,,,,,,,,,,,,,,,,,,,,,,,,,,,0,inf,,,,,,,,,,,,,,,,,,,,,
2.4134516370104393,1788412686.6160836,control,waiting_for_state,0,0,inf,nan,nan,-1,nan,inf,nan,0,0,0,1.0,,,,,,,,,,,,,,,,,,,,,,,,,,,,,,,,,,,,,,,,,,,,,,,,,,,,0,inf,,,,,,,,,,,,,,,,,,,,,
2.424503955000546,1788412686.6272378,control,waiting_for_state,0,0,inf,nan,nan,-1,nan,inf,nan,0,0,0,1.0,,,,,,,,,,,,,,,,,,,,,,,,,,,,,,,,,,,,,,,,,,,,,,,,,,,,0,inf,,,,,,,,,,,,,,,,,,,,,
2.435762822002289,1788412686.638502,control,waiting_for_state,0,0,inf,nan,nan,-1,nan,inf,nan,0,0,0,1.0,,,,,,,,,,,,,,,,,,,,,,,,,,,,,,,,,,,,,,,,,,,,,,,,,,,,0,inf,,,,,,,,,,,,,,,,,,,,,
2.446853726010886,1788412686.6495702,control,waiting_for_state,0,0,inf,nan,nan,-1,nan,inf,nan,0,0,0,1.0,,,,,,,,,,,,,,,,,,,,,,,,,,,,,,,,,,,,,,,,,,,,,,,,,,,,0,inf,,,,,,,,,,,,,,,,,,,,,
2.4579256200086093,1788412686.6605563,control,waiting_for_state,0,0,inf,nan,nan,-1,nan,inf,nan,0,0,0,1.0,,,,,,,,,,,,,,,,,,,,,,,,,,,,,,,,,,,,,,,,,,,,,,,,,,,,0,inf,,,,,,,,,,,,,,,,,,,,,
2.4689404330129037,1788412686.6716673,control,waiting_for_state,0,0,inf,nan,nan,-1,nan,inf,nan,0,0,0,1.0,,,,,,,,,,,,,,,,,,,,,,,,,,,,,,,,,,,,,,,,,,,,,,,,,,,,0,inf,,,,,,,,,,,,,,,,,,,,,
2.4802426260139327,1788412686.6829724,control,waiting_for_state,0,0,inf,nan,nan,-1,nan,inf,nan,0,0,0,1.0,,,,,,,,,,,,,,,,,,,,,,,,,,,,,,,,,,,,,,,,,,,,,,,,,,,,0,inf,,,,,,,,,,,,,,,,,,,,,
2.491208812003606,1788412686.693761,control,waiting_for_state,0,0,inf,nan,nan,-1,nan,inf,nan,0,0,0,1.0,,,,,,,,,,,,,,,,,,,,,,,,,,,,,,,,,,,,,,,,,,,,,,,,,,,,0,inf,,,,,,,,,,,,,,,,,,,,,
2.5022744970046915,1788412686.7047567,control,waiting_for_state,0,0,inf,nan,nan,-1,nan,inf,nan,0,0,0,1.0,,,,,,,,,,,,,,,,,,,,,,,,,,,,,,,,,,,,,,,,,,,,,,,,,,,,0,inf,,,,,,,,,,,,,,,,,,,,,
2.5133662870066473,1788412686.7158413,control,waiting_for_state,0,0,inf,nan,nan,-1,nan,inf,nan,0,0,0,1.0,,,,,,,,,,,,,,,,,,,,,,,,,,,,,,,,,,,,,,,,,,,,,,,,,,,,0,inf,,,,,,,,,,,,,,,,,,,,,
2.5243508980056504,1788412686.7268183,control,waiting_for_state,0,0,inf,nan,nan,-1,nan,inf,nan,0,0,0,1.0,,,,,,,,,,,,,,,,,,,,,,,,,,,,,,,,,,,,,,,,,,,,,,,,,,,,0,inf,,,,,,,,,,,,,,,,,,,,,
2.5355589280079585,1788412686.7380147,control,waiting_for_state,0,0,inf,nan,nan,-1,nan,inf,nan,0,0,0,1.0,,,,,,,,,,,,,,,,,,,,,,,,,,,,,,,,,,,,,,,,,,,,,,,,,,,,0,inf,,,,,,,,,,,,,,,,,,,,,
2.5466690310131526,1788412686.7491462,control,waiting_for_state,0,0,inf,nan,nan,-1,nan,inf,nan,0,0,0,1.0,,,,,,,,,,,,,,,,,,,,,,,,,,,,,,,,,,,,,,,,,,,,,,,,,,,,0,inf,,,,,,,,,,,,,,,,,,,,,
2.557789948012214,1788412686.760249,control,waiting_for_state,0,0,inf,nan,nan,-1,nan,inf,nan,0,0,0,1.0,,,,,,,,,,,,,,,,,,,,,,,,,,,,,,,,,,,,,,,,,,,,,,,,,,,,0,inf,,,,,,,,,,,,,,,,,,,,,
2.568786039002589,1788412686.7712417,control,waiting_for_state,0,0,inf,nan,nan,-1,nan,inf,nan,0,0,0,1.0,,,,,,,,,,,,,,,,,,,,,,,,,,,,,,,,,,,,,,,,,,,,,,,,,,,,0,inf,,,,,,,,,,,,,,,,,,,,,
2.5800419230072293,1788412686.782538,control,waiting_for_state,0,0,inf,nan,nan,-1,nan,inf,nan,0,0,0,1.0,,,,,,,,,,,,,,,,,,,,,,,,,,,,,,,,,,,,,,,,,,,,,,,,,,,,0,inf,,,,,,,,,,,,,,,,,,,,,
2.5910336680099135,1788412686.7935257,control,waiting_for_state,0,0,inf,nan,nan,-1,nan,inf,nan,0,0,0,1.0,,,,,,,,,,,,,,,,,,,,,,,,,,,,,,,,,,,,,,,,,,,,,,,,,,,,0,inf,,,,,,,,,,,,,,,,,,,,,
2.602291879011318,1788412686.8047526,control,waiting_for_state,0,0,inf,nan,nan,-1,nan,inf,nan,0,0,0,1.0,,,,,,,,,,,,,,,,,,,,,,,,,,,,,,,,,,,,,,,,,,,,,,,,,,,,0,inf,,,,,,,,,,,,,,,,,,,,,
2.6133974100084743,1788412686.8159118,control,waiting_for_state,0,0,inf,nan,nan,-1,nan,inf,nan,0,0,0,1.0,,,,,,,,,,,,,,,,,,,,,,,,,,,,,,,,,,,,,,,,,,,,,,,,,,,,0,inf,,,,,,,,,,,,,,,,,,,,,
2.6244441050075693,1788412686.827073,control,waiting_for_state,0,0,inf,nan,nan,-1,nan,inf,nan,0,0,0,1.0,,,,,,,,,,,,,,,,,,,,,,,,,,,,,,,,,,,,,,,,,,,,,,,,,,,,0,inf,,,,,,,,,,,,,,,,,,,,,
2.635697062010877,1788412686.838307,control,waiting_for_state,0,0,inf,nan,nan,-1,nan,inf,nan,0,0,0,1.0,,,,,,,,,,,,,,,,,,,,,,,,,,,,,,,,,,,,,,,,,,,,,,,,,,,,0,inf,,,,,,,,,,,,,,,,,,,,,
2.646889450013987,1788412686.8496227,control,waiting_for_state,0,0,inf,nan,nan,-1,nan,inf,nan,0,0,0,1.0,,,,,,,,,,,,,,,,,,,,,,,,,,,,,,,,,,,,,,,,,,,,,,,,,,,,0,inf,,,,,,,,,,,,,,,,,,,,,
2.6579009870038135,1788412686.8605332,control,waiting_for_state,0,0,inf,nan,nan,-1,nan,inf,nan,0,0,0,1.0,,,,,,,,,,,,,,,,,,,,,,,,,,,,,,,,,,,,,,,,,,,,,,,,,,,,0,inf,,,,,,,,,,,,,,,,,,,,,
2.669081552012358,1788412686.8718157,control,waiting_for_state,0,0,inf,nan,nan,-1,nan,inf,nan,0,0,0,1.0,,,,,,,,,,,,,,,,,,,,,,,,,,,,,,,,,,,,,,,,,,,,,,,,,,,,0,inf,,,,,,,,,,,,,,,,,,,,,
2.6802299940027297,1788412686.8829672,control,waiting_for_state,0,0,inf,nan,nan,-1,nan,inf,nan,0,0,0,1.0,,,,,,,,,,,,,,,,,,,,,,,,,,,,,,,,,,,,,,,,,,,,,,,,,,,,0,inf,,,,,,,,,,,,,,,,,,,,,
2.6912964130024193,1788412686.8939855,control,waiting_for_state,0,0,inf,nan,nan,-1,nan,inf,nan,0,0,0,1.0,,,,,,,,,,,,,,,,,,,,,,,,,,,,,,,,,,,,,,,,,,,,,,,,,,,,0,inf,,,,,,,,,,,,,,,,,,,,,
2.702360644005239,1788412686.9050386,control,waiting_for_state,0,0,inf,nan,nan,-1,nan,inf,nan,0,0,0,1.0,,,,,,,,,,,,,,,,,,,,,,,,,,,,,,,,,,,,,,,,,,,,,,,,,,,,0,inf,,,,,,,,,,,,,,,,,,,,,
2.7133619140076917,1788412686.9158351,control,waiting_for_state,0,0,inf,nan,nan,-1,nan,inf,nan,0,0,0,1.0,,,,,,,,,,,,,,,,,,,,,,,,,,,,,,,,,,,,,,,,,,,,,,,,,,,,0,inf,,,,,,,,,,,,,,,,,,,,,
2.7243659740051953,1788412686.9268565,control,waiting_for_state,0,0,inf,nan,nan,-1,nan,inf,nan,0,0,0,1.0,,,,,,,,,,,,,,,,,,,,,,,,,,,,,,,,,,,,,,,,,,,,,,,,,,,,0,inf,,,,,,,,,,,,,,,,,,,,,
2.735566863004351,1788412686.938037,control,waiting_for_state,0,0,inf,nan,nan,-1,nan,inf,nan,0,0,0,1.0,,,,,,,,,,,,,,,,,,,,,,,,,,,,,,,,,,,,,,,,,,,,,,,,,,,,0,inf,,,,,,,,,,,,,,,,,,,,,
2.7466677040065406,1788412686.949123,control,waiting_for_state,0,0,inf,nan,nan,-1,nan,inf,nan,0,0,0,1.0,,,,,,,,,,,,,,,,,,,,,,,,,,,,,,,,,,,,,,,,,,,,,,,,,,,,0,inf,,,,,,,,,,,,,,,,,,,,,
2.7577812320087105,1788412686.9602675,control,waiting_for_state,0,0,inf,nan,nan,-1,nan,inf,nan,0,0,0,1.0,,,,,,,,,,,,,,,,,,,,,,,,,,,,,,,,,,,,,,,,,,,,,,,,,,,,0,inf,,,,,,,,,,,,,,,,,,,,,
2.7688993970077718,1788412686.9713643,control,waiting_for_state,0,0,inf,nan,nan,-1,nan,inf,nan,0,0,0,1.0,,,,,,,,,,,,,,,,,,,,,,,,,,,,,,,,,,,,,,,,,,,,,,,,,,,,0,inf,,,,,,,,,,,,,,,,,,,,,
2.7800119210005505,1788412686.9824746,control,waiting_for_state,0,0,inf,nan,nan,-1,nan,inf,nan,0,0,0,1.0,,,,,,,,,,,,,,,,,,,,,,,,,,,,,,,,,,,,,,,,,,,,,,,,,,,,0,inf,,,,,,,,,,,,,,,,,,,,,
2.79115804801404,1788412686.9936428,control,waiting_for_state,0,0,inf,nan,nan,-1,nan,inf,nan,0,0,0,1.0,,,,,,,,,,,,,,,,,,,,,,,,,,,,,,,,,,,,,,,,,,,,,,,,,,,,0,inf,,,,,,,,,,,,,,,,,,,,,
2.802268488012487,1788412687.004767,control,waiting_for_state,0,0,inf,nan,nan,-1,nan,inf,nan,0,0,0,1.0,,,,,,,,,,,,,,,,,,,,,,,,,,,,,,,,,,,,,,,,,,,,,,,,,,,,0,inf,,,,,,,,,,,,,,,,,,,,,
2.8134100650058826,1788412687.0159316,control,waiting_for_state,0,0,inf,nan,nan,-1,nan,inf,nan,0,0,0,1.0,,,,,,,,,,,,,,,,,,,,,,,,,,,,,,,,,,,,,,,,,,,,,,,,,,,,0,inf,,,,,,,,,,,,,,,,,,,,,
2.8244173929997487,1788412687.0268762,control,waiting_for_state,0,0,inf,nan,nan,-1,nan,inf,nan,0,0,0,1.0,,,,,,,,,,,,,,,,,,,,,,,,,,,,,,,,,,,,,,,,,,,,,,,,,,,,0,inf,,,,,,,,,,,,,,,,,,,,,
2.8355728260066826,1788412687.038041,control,waiting_for_state,0,0,inf,nan,nan,-1,nan,inf,nan,0,0,0,1.0,,,,,,,,,,,,,,,,,,,,,,,,,,,,,,,,,,,,,,,,,,,,,,,,,,,,0,inf,,,,,,,,,,,,,,,,,,,,,
2.846750376003911,1788412687.0492938,control,waiting_for_state,0,0,inf,nan,nan,-1,nan,inf,nan,0,0,0,1.0,,,,,,,,,,,,,,,,,,,,,,,,,,,,,,,,,,,,,,,,,,,,,,,,,,,,0,inf,,,,,,,,,,,,,,,,,,,,,
2.8578438730037306,1788412687.0604773,control,waiting_for_state,0,0,inf,nan,nan,-1,nan,inf,nan,0,0,0,1.0,,,,,,,,,,,,,,,,,,,,,,,,,,,,,,,,,,,,,,,,,,,,,,,,,,,,0,inf,,,,,,,,,,,,,,,,,,,,,
2.8689642130048014,1788412687.0716574,control,waiting_for_state,0,0,inf,nan,nan,-1,nan,inf,nan,0,0,0,1.0,,,,,,,,,,,,,,,,,,,,,,,,,,,,,,,,,,,,,,,,,,,,,,,,,,,,0,inf,,,,,,,,,,,,,,,,,,,,,
2.8801800420042127,1788412687.0829036,control,waiting_for_state,0,0,inf,nan,nan,-1,nan,inf,nan,0,0,0,1.0,,,,,,,,,,,,,,,,,,,,,,,,,,,,,,,,,,,,,,,,,,,,,,,,,,,,0,inf,,,,,,,,,,,,,,,,,,,,,
2.8912662640068447,1788412687.0939894,control,waiting_for_state,0,0,inf,nan,nan,-1,nan,inf,nan,0,0,0,1.0,,,,,,,,,,,,,,,,,,,,,,,,,,,,,,,,,,,,,,,,,,,,,,,,,,,,0,inf,,,,,,,,,,,,,,,,,,,,,
2.9023985850071767,1788412687.1050837,control,waiting_for_state,0,0,inf,nan,nan,-1,nan,inf,nan,0,0,0,1.0,,,,,,,,,,,,,,,,,,,,,,,,,,,,,,,,,,,,,,,,,,,,,,,,,,,,0,inf,,,,,,,,,,,,,,,,,,,,,
2.913474741013488,1788412687.1160934,control,waiting_for_state,0,0,inf,nan,nan,-1,nan,inf,nan,0,0,0,1.0,,,,,,,,,,,,,,,,,,,,,,,,,,,,,,,,,,,,,,,,,,,,,,,,,,,,0,inf,,,,,,,,,,,,,,,,,,,,,
2.9244425300130388,1788412687.1270213,control,waiting_for_state,0,0,inf,nan,nan,-1,nan,inf,nan,0,0,0,1.0,,,,,,,,,,,,,,,,,,,,,,,,,,,,,,,,,,,,,,,,,,,,,,,,,,,,0,inf,,,,,,,,,,,,,,,,,,,,,
2.9355651310033863,1788412687.1380153,control,waiting_for_state,0,0,inf,nan,nan,-1,nan,inf,nan,0,0,0,1.0,,,,,,,,,,,,,,,,,,,,,,,,,,,,,,,,,,,,,,,,,,,,,,,,,,,,0,inf,,,,,,,,,,,,,,,,,,,,,
2.9466947940090904,1788412687.1491818,control,waiting_for_state,0,0,inf,nan,nan,-1,nan,inf,nan,0,0,0,1.0,,,,,,,,,,,,,,,,,,,,,,,,,,,,,,,,,,,,,,,,,,,,,,,,,,,,0,inf,,,,,,,,,,,,,,,,,,,,,
2.9578238600079203,1788412687.1602888,control,waiting_for_state,0,0,inf,nan,nan,-1,nan,inf,nan,0,0,0,1.0,,,,,,,,,,,,,,,,,,,,,,,,,,,,,,,,,,,,,,,,,,,,,,,,,,,,0,inf,,,,,,,,,,,,,,,,,,,,,
2.968896610007505,1788412687.1713548,control,waiting_for_state,0,0,inf,nan,nan,-1,nan,inf,nan,0,0,0,1.0,,,,,,,,,,,,,,,,,,,,,,,,,,,,,,,,,,,,,,,,,,,,,,,,,,,,0,inf,,,,,,,,,,,,,,,,,,,,,
2.980022943011136,1788412687.1825097,control,waiting_for_state,0,0,inf,nan,nan,-1,nan,inf,nan,0,0,0,1.0,,,,,,,,,,,,,,,,,,,,,,,,,,,,,,,,,,,,,,,,,,,,,,,,,,,,0,inf,,,,,,,,,,,,,,,,,,,,,
2.9911132530105533,1788412687.1935742,control,waiting_for_state,0,0,inf,nan,nan,-1,nan,inf,nan,0,0,0,1.0,,,,,,,,,,,,,,,,,,,,,,,,,,,,,,,,,,,,,,,,,,,,,,,,,,,,0,inf,,,,,,,,,,,,,,,,,,,,,
3.0022202290128917,1788412687.2047014,control,waiting_for_state,0,0,inf,nan,nan,-1,nan,inf,nan,0,0,0,1.0,,,,,,,,,,,,,,,,,,,,,,,,,,,,,,,,,,,,,,,,,,,,,,,,,,,,0,inf,,,,,,,,,,,,,,,,,,,,,
3.0133391530107474,1788412687.2158012,control,waiting_for_state,0,0,inf,nan,nan,-1,nan,inf,nan,0,0,0,1.0,,,,,,,,,,,,,,,,,,,,,,,,,,,,,,,,,,,,,,,,,,,,,,,,,,,,0,inf,,,,,,,,,,,,,,,,,,,,,
3.024373471009312,1788412687.2279634,control,waiting_for_state,0,0,inf,nan,nan,-1,nan,inf,nan,0,0,0,1.0,,,,,,,,,,,,,,,,,,,,,,,,,,,,,,,,,,,,,,,,,,,,,,,,,,,,0,inf,,,,,,,,,,,,,,,,,,,,,
3.0355150300019886,1788412687.2380106,control,waiting_for_state,0,0,inf,nan,nan,-1,nan,inf,nan,0,0,0,1.0,,,,,,,,,,,,,,,,,,,,,,,,,,,,,,,,,,,,,,,,,,,,,,,,,,,,0,inf,,,,,,,,,,,,,,,,,,,,,
3.046762227008003,1788412687.2492158,control,waiting_for_state,0,0,inf,nan,nan,-1,nan,inf,nan,0,0,0,1.0,,,,,,,,,,,,,,,,,,,,,,,,,,,,,,,,,,,,,,,,,,,,,,,,,,,,0,inf,,,,,,,,,,,,,,,,,,,,,
3.0578637400030857,1788412687.2603526,control,waiting_for_state,0,0,inf,nan,nan,-1,nan,inf,nan,0,0,0,1.0,,,,,,,,,,,,,,,,,,,,,,,,,,,,,,,,,,,,,,,,,,,,,,,,,,,,0,inf,,,,,,,,,,,,,,,,,,,,,
3.068889358008164,1788412687.2714462,control,waiting_for_state,0,0,inf,nan,nan,-1,nan,inf,nan,0,0,0,1.0,,,,,,,,,,,,,,,,,,,,,,,,,,,,,,,,,,,,,,,,,,,,,,,,,,,,0,inf,,,,,,,,,,,,,,,,,,,,,
3.080036702012876,1788412687.282514,control,waiting_for_state,0,0,inf,nan,nan,-1,nan,inf,nan,0,0,0,1.0,,,,,,,,,,,,,,,,,,,,,,,,,,,,,,,,,,,,,,,,,,,,,,,,,,,,0,inf,,,,,,,,,,,,,,,,,,,,,
3.0911626370070735,1788412687.2937198,control,waiting_for_state,0,0,inf,nan,nan,-1,nan,inf,nan,0,0,0,1.0,,,,,,,,,,,,,,,,,,,,,,,,,,,,,,,,,,,,,,,,,,,,,,,,,,,,0,inf,,,,,,,,,,,,,,,,,,,,,
3.1022974610095844,1788412687.304835,control,waiting_for_state,0,0,inf,nan,nan,-1,nan,inf,nan,0,0,0,1.0,,,,,,,,,,,,,,,,,,,,,,,,,,,,,,,,,,,,,,,,,,,,,,,,,,,,0,inf,,,,,,,,,,,,,,,,,,,,,
3.113390607002657,1788412687.3158956,control,waiting_for_state,0,0,inf,nan,nan,-1,nan,inf,nan,0,0,0,1.0,,,,,,,,,,,,,,,,,,,,,,,,,,,,,,,,,,,,,,,,,,,,,,,,,,,,0,inf,,,,,,,,,,,,,,,,,,,,,
3.1243918090040097,1788412687.326901,control,waiting_for_state,0,0,inf,nan,nan,-1,nan,inf,nan,0,0,0,1.0,,,,,,,,,,,,,,,,,,,,,,,,,,,,,,,,,,,,,,,,,,,,,,,,,,,,0,inf,,,,,,,,,,,,,,,,,,,,,
3.13564070200664,1788412687.3382466,control,waiting_for_state,0,0,inf,nan,nan,-1,nan,inf,nan,0,0,0,1.0,,,,,,,,,,,,,,,,,,,,,,,,,,,,,,,,,,,,,,,,,,,,,,,,,,,,0,inf,,,,,,,,,,,,,,,,,,,,,
3.1467235180025455,1788412687.349245,control,waiting_for_state,0,0,inf,nan,nan,-1,nan,inf,nan,0,0,0,1.0,,,,,,,,,,,,,,,,,,,,,,,,,,,,,,,,,,,,,,,,,,,,,,,,,,,,0,inf,,,,,,,,,,,,,,,,,,,,,
3.1577925550082,1788412687.3602464,control,waiting_for_state,0,0,inf,nan,nan,-1,nan,inf,nan,0,0,0,1.0,,,,,,,,,,,,,,,,,,,,,,,,,,,,,,,,,,,,,,,,,,,,,,,,,,,,0,inf,,,,,,,,,,,,,,,,,,,,,
3.168848572007846,1788412687.3713422,control,waiting_for_state,0,0,inf,nan,nan,-1,nan,inf,nan,0,0,0,1.0,,,,,,,,,,,,,,,,,,,,,,,,,,,,,,,,,,,,,,,,,,,,,,,,,,,,0,inf,,,,,,,,,,,,,,,,,,,,,
3.180007311006193,1788412687.382487,control,waiting_for_state,0,0,inf,nan,nan,-1,nan,inf,nan,0,0,0,1.0,,,,,,,,,,,,,,,,,,,,,,,,,,,,,,,,,,,,,,,,,,,,,,,,,,,,0,inf,,,,,,,,,,,,,,,,,,,,,
3.191128706006566,1788412687.3935924,control,waiting_for_state,0,0,inf,nan,nan,-1,nan,inf,nan,0,0,0,1.0,,,,,,,,,,,,,,,,,,,,,,,,,,,,,,,,,,,,,,,,,,,,,,,,,,,,0,inf,,,,,,,,,,,,,,,,,,,,,
3.202228088004631,1788412687.404722,control,waiting_for_state,0,0,inf,nan,nan,-1,nan,inf,nan,0,0,0,1.0,,,,,,,,,,,,,,,,,,,,,,,,,,,,,,,,,,,,,,,,,,,,,,,,,,,,0,inf,,,,,,,,,,,,,,,,,,,,,
3.2133333750098245,1788412687.415791,control,waiting_for_state,0,0,inf,nan,nan,-1,nan,inf,nan,0,0,0,1.0,,,,,,,,,,,,,,,,,,,,,,,,,,,,,,,,,,,,,,,,,,,,,,,,,,,,0,inf,,,,,,,,,,,,,,,,,,,,,
3.2243689140013885,1788412687.4268277,control,waiting_for_state,0,0,inf,nan,nan,-1,nan,inf,nan,0,0,0,1.0,,,,,,,,,,,,,,,,,,,,,,,,,,,,,,,,,,,,,,,,,,,,,,,,,,,,0,inf,,,,,,,,,,,,,,,,,,,,,
3.235559479013318,1788412687.4380152,control,waiting_for_state,0,0,inf,nan,nan,-1,nan,inf,nan,0,0,0,1.0,,,,,,,,,,,,,,,,,,,,,,,,,,,,,,,,,,,,,,,,,,,,,,,,,,,,0,inf,,,,,,,,,,,,,,,,,,,,,
3.246702019008808,1788412687.449204,control,waiting_for_state,0,0,inf,nan,nan,-1,nan,inf,nan,0,0,0,1.0,,,,,,,,,,,,,,,,,,,,,,,,,,,,,,,,,,,,,,,,,,,,,,,,,,,,0,inf,,,,,,,,,,,,,,,,,,,,,
3.2577064050128683,1788412687.460216,control,waiting_for_state,0,0,inf,nan,nan,-1,nan,inf,nan,0,0,0,1.0,,,,,,,,,,,,,,,,,,,,,,,,,,,,,,,,,,,,,,,,,,,,,,,,,,,,0,inf,,,,,,,,,,,,,,,,,,,,,
3.2688585440046154,1788412687.4713254,control,waiting_for_state,0,0,inf,nan,nan,-1,nan,inf,nan,0,0,0,1.0,,,,,,,,,,,,,,,,,,,,,,,,,,,,,,,,,,,,,,,,,,,,,,,,,,,,0,inf,,,,,,,,,,,,,,,,,,,,,
3.2800830350024626,1788412687.4826295,control,waiting_for_state,0,0,inf,nan,nan,-1,nan,inf,nan,0,0,0,1.0,,,,,,,,,,,,,,,,,,,,,,,,,,,,,,,,,,,,,,,,,,,,,,,,,,,,0,inf,,,,,,,,,,,,,,,,,,,,,
3.2912349270045524,1788412687.493918,control,waiting_for_state,0,0,inf,nan,nan,-1,nan,inf,nan,0,0,0,1.0,,,,,,,,,,,,,,,,,,,,,,,,,,,,,,,,,,,,,,,,,,,,,,,,,,,,0,inf,,,,,,,,,,,,,,,,,,,,,
3.302394512007595,1788412687.5051386,control,waiting_for_state,0,0,inf,nan,nan,-1,nan,inf,nan,0,0,0,1.0,,,,,,,,,,,,,,,,,,,,,,,,,,,,,,,,,,,,,,,,,,,,,,,,,,,,0,inf,,,,,,,,,,,,,,,,,,,,,
3.3134825860033743,1788412687.516184,control,waiting_for_state,0,0,inf,nan,nan,-1,nan,inf,nan,0,0,0,1.0,,,,,,,,,,,,,,,,,,,,,,,,,,,,,,,,,,,,,,,,,,,,,,,,,,,,0,inf,,,,,,,,,,,,,,,,,,,,,
3.324627774010878,1788412687.5274444,control,waiting_for_state,0,0,inf,nan,nan,-1,nan,inf,nan,0,0,0,1.0,,,,,,,,,,,,,,,,,,,,,,,,,,,,,,,,,,,,,,,,,,,,,,,,,,,,0,inf,,,,,,,,,,,,,,,,,,,,,
3.335820581007283,1788412687.5386078,control,waiting_for_state,0,0,inf,nan,nan,-1,nan,inf,nan,0,0,0,1.0,,,,,,,,,,,,,,,,,,,,,,,,,,,,,,,,,,,,,,,,,,,,,,,,,,,,0,inf,,,,,,,,,,,,,,,,,,,,,
3.3469550640002126,1788412687.5498035,control,waiting_for_state,0,0,inf,nan,nan,-1,nan,inf,nan,0,0,0,1.0,,,,,,,,,,,,,,,,,,,,,,,,,,,,,,,,,,,,,,,,,,,,,,,,,,,,0,inf,,,,,,,,,,,,,,,,,,,,,
3.3579400370072108,1788412687.5606875,control,waiting_for_state,0,0,inf,nan,nan,-1,nan,inf,nan,0,0,0,1.0,,,,,,,,,,,,,,,,,,,,,,,,,,,,,,,,,,,,,,,,,,,,,,,,,,,,0,inf,,,,,,,,,,,,,,,,,,,,,
3.3688283620140282,1788412687.5713184,control,waiting_for_state,0,0,inf,nan,nan,-1,nan,inf,nan,0,0,0,1.0,,,,,,,,,,,,,,,,,,,,,,,,,,,,,,,,,,,,,,,,,,,,,,,,,,,,0,inf,,,,,,,,,,,,,,,,,,,,,
3.3800507280102465,1788412687.5825667,control,waiting_for_state,0,0,inf,nan,nan,-1,nan,inf,nan,0,0,0,1.0,,,,,,,,,,,,,,,,,,,,,,,,,,,,,,,,,,,,,,,,,,,,,,,,,,,,0,inf,,,,,,,,,,,,,,,,,,,,,
3.3910964030073956,1788412687.5936253,control,waiting_for_state,0,0,inf,nan,nan,-1,nan,inf,nan,0,0,0,1.0,,,,,,,,,,,,,,,,,,,,,,,,,,,,,,,,,,,,,,,,,,,,,,,,,,,,0,inf,,,,,,,,,,,,,,,,,,,,,
3.4023005880007986,1788412687.6048267,control,waiting_for_state,0,0,inf,nan,nan,-1,nan,inf,nan,0,0,0,1.0,,,,,,,,,,,,,,,,,,,,,,,,,,,,,,,,,,,,,,,,,,,,,,,,,,,,0,inf,,,,,,,,,,,,,,,,,,,,,
3.413391424008296,1788412687.6159182,control,waiting_for_state,0,0,inf,nan,nan,-1,nan,inf,nan,0,0,0,1.0,,,,,,,,,,,,,,,,,,,,,,,,,,,,,,,,,,,,,,,,,,,,,,,,,,,,0,inf,,,,,,,,,,,,,,,,,,,,,
3.424390801010304,1788412687.6269298,control,waiting_for_state,0,0,inf,nan,nan,-1,nan,inf,nan,0,0,0,1.0,,,,,,,,,,,,,,,,,,,,,,,,,,,,,,,,,,,,,,,,,,,,,,,,,,,,0,inf,,,,,,,,,,,,,,,,,,,,,
3.435616860006121,1788412687.6381364,control,waiting_for_state,0,0,inf,nan,nan,-1,nan,inf,nan,0,0,0,1.0,,,,,,,,,,,,,,,,,,,,,,,,,,,,,,,,,,,,,,,,,,,,,,,,,,,,0,inf,,,,,,,,,,,,,,,,,,,,,
3.446687630013912,1788412687.6491723,control,waiting_for_state,0,0,inf,nan,nan,-1,nan,inf,nan,0,0,0,1.0,,,,,,,,,,,,,,,,,,,,,,,,,,,,,,,,,,,,,,,,,,,,,,,,,,,,0,inf,,,,,,,,,,,,,,,,,,,,,
3.4578105630062055,1788412687.6603754,control,waiting_for_state,0,0,inf,nan,nan,-1,nan,inf,nan,0,0,0,1.0,,,,,,,,,,,,,,,,,,,,,,,,,,,,,,,,,,,,,,,,,,,,,,,,,,,,0,inf,,,,,,,,,,,,,,,,,,,,,
3.468836812011432,1788412687.6713746,control,waiting_for_state,0,0,inf,nan,nan,-1,nan,inf,nan,0,0,0,1.0,,,,,,,,,,,,,,,,,,,,,,,,,,,,,,,,,,,,,,,,,,,,,,,,,,,,0,inf,,,,,,,,,,,,,,,,,,,,,
3.4801093010028126,1788412687.682625,control,waiting_for_state,0,0,inf,nan,nan,-1,nan,inf,nan,0,0,0,1.0,,,,,,,,,,,,,,,,,,,,,,,,,,,,,,,,,,,,,,,,,,,,,,,,,,,,0,inf,,,,,,,,,,,,,,,,,,,,,
3.491069663010421,1788412687.69363,control,waiting_for_state,0,0,inf,nan,nan,-1,nan,inf,nan,0,0,0,1.0,,,,,,,,,,,,,,,,,,,,,,,,,,,,,,,,,,,,,,,,,,,,,,,,,,,,0,inf,,,,,,,,,,,,,,,,,,,,,
3.5024160540051525,1788412687.7051272,control,waiting_for_state,0,0,inf,nan,nan,-1,nan,inf,nan,0,0,0,1.0,,,,,,,,,,,,,,,,,,,,,,,,,,,,,,,,,,,,,,,,,,,,,,,,,,,,0,inf,,,,,,,,,,,,,,,,,,,,,
3.513592879011412,1788412687.7164283,control,waiting_for_state,0,0,inf,nan,nan,-1,nan,inf,nan,0,0,0,1.0,,,,,,,,,,,,,,,,,,,,,,,,,,,,,,,,,,,,,,,,,,,,,,,,,,,,0,inf,,,,,,,,,,,,,,,,,,,,,
3.5247461590042803,1788412687.7276728,control,waiting_for_state,0,0,inf,nan,nan,-1,nan,inf,nan,0,0,0,1.0,,,,,,,,,,,,,,,,,,,,,,,,,,,,,,,,,,,,,,,,,,,,,,,,,,,,0,inf,,,,,,,,,,,,,,,,,,,,,
3.5357420690124854,1788412687.7384267,control,waiting_for_state,0,0,inf,nan,nan,-1,nan,inf,nan,0,0,0,1.0,,,,,,,,,,,,,,,,,,,,,,,,,,,,,,,,,,,,,,,,,,,,,,,,,,,,0,inf,,,,,,,,,,,,,,,,,,,,,
3.54688053400605,1788412687.749606,control,waiting_for_state,0,0,inf,nan,nan,-1,nan,inf,nan,0,0,0,1.0,,,,,,,,,,,,,,,,,,,,,,,,,,,,,,,,,,,,,,,,,,,,,,,,,,,,0,inf,,,,,,,,,,,,,,,,,,,,,
3.5579475040140096,1788412687.7606788,control,waiting_for_state,0,0,inf,nan,nan,-1,nan,inf,nan,0,0,0,1.0,,,,,,,,,,,,,,,,,,,,,,,,,,,,,,,,,,,,,,,,,,,,,,,,,,,,0,inf,,,,,,,,,,,,,,,,,,,,,
3.56907189800404,1788412687.771811,control,waiting_for_state,0,0,inf,nan,nan,-1,nan,inf,nan,0,0,0,1.0,,,,,,,,,,,,,,,,,,,,,,,,,,,,,,,,,,,,,,,,,,,,,,,,,,,,0,inf,,,,,,,,,,,,,,,,,,,,,
3.5799906100000953,1788412687.7824473,control,waiting_for_state,0,0,inf,nan,nan,-1,nan,inf,nan,0,0,0,1.0,,,,,,,,,,,,,,,,,,,,,,,,,,,,,,,,,,,,,,,,,,,,,,,,,,,,0,inf,,,,,,,,,,,,,,,,,,,,,
3.5911696510011097,1788412687.7936265,control,waiting_for_state,0,0,inf,nan,nan,-1,nan,inf,nan,0,0,0,1.0,,,,,,,,,,,,,,,,,,,,,,,,,,,,,,,,,,,,,,,,,,,,,,,,,,,,0,inf,,,,,,,,,,,,,,,,,,,,,
3.602260045008734,1788412687.8047383,control,waiting_for_state,0,0,inf,nan,nan,-1,nan,inf,nan,0,0,0,1.0,,,,,,,,,,,,,,,,,,,,,,,,,,,,,,,,,,,,,,,,,,,,,,,,,,,,0,inf,,,,,,,,,,,,,,,,,,,,,
3.613253914008965,1788412687.8157485,control,waiting_for_state,0,0,inf,nan,nan,-1,nan,inf,nan,0,0,0,1.0,,,,,,,,,,,,,,,,,,,,,,,,,,,,,,,,,,,,,,,,,,,,,,,,,,,,0,inf,,,,,,,,,,,,,,,,,,,,,
3.6243627880030544,1788412687.8268383,control,waiting_for_state,0,0,inf,nan,nan,-1,nan,inf,nan,0,0,0,1.0,,,,,,,,,,,,,,,,,,,,,,,,,,,,,,,,,,,,,,,,,,,,,,,,,,,,0,inf,,,,,,,,,,,,,,,,,,,,,
3.635590322999633,1788412687.838091,control,waiting_for_state,0,0,inf,nan,nan,-1,nan,inf,nan,0,0,0,1.0,,,,,,,,,,,,,,,,,,,,,,,,,,,,,,,,,,,,,,,,,,,,,,,,,,,,0,inf,,,,,,,,,,,,,,,,,,,,,
3.646719356009271,1788412687.8492446,control,waiting_for_state,0,0,inf,nan,nan,-1,nan,inf,nan,0,0,0,1.0,,,,,,,,,,,,,,,,,,,,,,,,,,,,,,,,,,,,,,,,,,,,,,,,,,,,0,inf,,,,,,,,,,,,,,,,,,,,,
3.6577171140088467,1788412687.860246,control,waiting_for_state,0,0,inf,nan,nan,-1,nan,inf,nan,0,0,0,1.0,,,,,,,,,,,,,,,,,,,,,,,,,,,,,,,,,,,,,,,,,,,,,,,,,,,,0,inf,,,,,,,,,,,,,,,,,,,,,
3.668947124009719,1788412687.8714573,control,waiting_for_state,0,0,inf,nan,nan,-1,nan,inf,nan,0,0,0,1.0,,,,,,,,,,,,,,,,,,,,,,,,,,,,,,,,,,,,,,,,,,,,,,,,,,,,0,inf,,,,,,,,,,,,,,,,,,,,,
3.680070632006391,1788412687.882614,control,waiting_for_state,0,0,inf,nan,nan,-1,nan,inf,nan,0,0,0,1.0,,,,,,,,,,,,,,,,,,,,,,,,,,,,,,,,,,,,,,,,,,,,,,,,,,,,0,inf,,,,,,,,,,,,,,,,,,,,,
3.691058967000572,1788412687.8936388,control,waiting_for_state,0,0,inf,nan,nan,-1,nan,inf,nan,0,0,0,1.0,,,,,,,,,,,,,,,,,,,,,,,,,,,,,,,,,,,,,,,,,,,,,,,,,,,,0,inf,,,,,,,,,,,,,,,,,,,,,
3.7023360560124274,1788412687.904864,control,waiting_for_state,0,0,inf,nan,nan,-1,nan,inf,nan,0,0,0,1.0,,,,,,,,,,,,,,,,,,,,,,,,,,,,,,,,,,,,,,,,,,,,,,,,,,,,0,inf,,,,,,,,,,,,,,,,,,,,,
3.7135225790116237,1788412687.916077,control,waiting_for_state,0,0,inf,nan,nan,-1,nan,inf,nan,0,0,0,1.0,,,,,,,,,,,,,,,,,,,,,,,,,,,,,,,,,,,,,,,,,,,,,,,,,,,,0,inf,,,,,,,,,,,,,,,,,,,,,
3.724427300010575,1788412687.9270618,control,waiting_for_state,0,0,inf,nan,nan,-1,nan,inf,nan,0,0,0,1.0,,,,,,,,,,,,,,,,,,,,,,,,,,,,,,,,,,,,,,,,,,,,,,,,,,,,0,inf,,,,,,,,,,,,,,,,,,,,,
3.7358354150055675,1788412687.9390678,control,waiting_for_state,0,0,inf,nan,nan,-1,nan,inf,nan,0,0,0,1.0,,,,,,,,,,,,,,,,,,,,,,,,,,,,,,,,,,,,,,,,,,,,,,,,,,,,0,inf,,,,,,,,,,,,,,,,,,,,,
3.7468854550097603,1788412687.9496102,control,waiting_for_state,0,0,inf,nan,nan,-1,nan,inf,nan,0,0,0,1.0,,,,,,,,,,,,,,,,,,,,,,,,,,,,,,,,,,,,,,,,,,,,,,,,,,,,0,inf,,,,,,,,,,,,,,,,,,,,,
3.757923961005872,1788412687.9606209,control,waiting_for_state,0,0,inf,nan,nan,-1,nan,inf,nan,0,0,0,1.0,,,,,,,,,,,,,,,,,,,,,,,,,,,,,,,,,,,,,,,,,,,,,,,,,,,,0,inf,,,,,,,,,,,,,,,,,,,,,
3.7689014589996077,1788412687.9715006,control,waiting_for_state,0,0,inf,nan,nan,-1,nan,inf,nan,0,0,0,1.0,,,,,,,,,,,,,,,,,,,,,,,,,,,,,,,,,,,,,,,,,,,,,,,,,,,,0,inf,,,,,,,,,,,,,,,,,,,,,
3.779999881007825,1788412687.9826107,control,waiting_for_state,0,0,inf,nan,nan,-1,nan,inf,nan,0,0,0,1.0,,,,,,,,,,,,,,,,,,,,,,,,,,,,,,,,,,,,,,,,,,,,,,,,,,,,0,inf,,,,,,,,,,,,,,,,,,,,,
3.791133393009659,1788412687.9938116,control,waiting_for_state,0,0,inf,nan,nan,-1,nan,inf,nan,0,0,0,1.0,,,,,,,,,,,,,,,,,,,,,,,,,,,,,,,,,,,,,,,,,,,,,,,,,,,,0,inf,,,,,,,,,,,,,,,,,,,,,
3.8021945180080365,1788412688.0047128,control,waiting_for_state,0,0,inf,nan,nan,-1,nan,inf,nan,0,0,0,1.0,,,,,,,,,,,,,,,,,,,,,,,,,,,,,,,,,,,,,,,,,,,,,,,,,,,,0,inf,,,,,,,,,,,,,,,,,,,,,
3.8132768280047458,1788412688.0157306,control,waiting_for_state,0,0,inf,nan,nan,-1,nan,inf,nan,0,0,0,1.0,,,,,,,,,,,,,,,,,,,,,,,,,,,,,,,,,,,,,,,,,,,,,,,,,,,,0,inf,,,,,,,,,,,,,,,,,,,,,
3.8243594090017723,1788412688.0268445,control,waiting_for_state,0,0,inf,nan,nan,-1,nan,inf,nan,0,0,0,1.0,,,,,,,,,,,,,,,,,,,,,,,,,,,,,,,,,,,,,,,,,,,,,,,,,,,,0,inf,,,,,,,,,,,,,,,,,,,,,
3.8354625870124437,1788412688.0379434,control,waiting_for_state,0,0,inf,nan,nan,-1,nan,inf,nan,0,0,0,1.0,,,,,,,,,,,,,,,,,,,,,,,,,,,,,,,,,,,,,,,,,,,,,,,,,,,,0,inf,,,,,,,,,,,,,,,,,,,,,
3.84667372200056,1788412688.0491407,control,waiting_for_state,0,0,inf,nan,nan,-1,nan,inf,nan,0,0,0,1.0,,,,,,,,,,,,,,,,,,,,,,,,,,,,,,,,,,,,,,,,,,,,,,,,,,,,0,inf,,,,,,,,,,,,,,,,,,,,,
3.8577900960081024,1788412688.0602524,control,waiting_for_state,0,0,inf,nan,nan,-1,nan,inf,nan,0,0,0,1.0,,,,,,,,,,,,,,,,,,,,,,,,,,,,,,,,,,,,,,,,,,,,,,,,,,,,0,inf,,,,,,,,,,,,,,,,,,,,,
3.868830423001782,1788412688.0713089,control,waiting_for_state,0,0,inf,nan,nan,-1,nan,inf,nan,0,0,0,1.0,,,,,,,,,,,,,,,,,,,,,,,,,,,,,,,,,,,,,,,,,,,,,,,,,,,,0,inf,,,,,,,,,,,,,,,,,,,,,
3.8799021530139726,1788412688.0823615,control,waiting_for_state,0,0,inf,nan,nan,-1,nan,inf,nan,0,0,0,1.0,,,,,,,,,,,,,,,,,,,,,,,,,,,,,,,,,,,,,,,,,,,,,,,,,,,,0,inf,,,,,,,,,,,,,,,,,,,,,
3.8910110810102196,1788412688.093468,control,waiting_for_state,0,0,inf,nan,nan,-1,nan,inf,nan,0,0,0,1.0,,,,,,,,,,,,,,,,,,,,,,,,,,,,,,,,,,,,,,,,,,,,,,,,,,,,0,inf,,,,,,,,,,,,,,,,,,,,,
3.9021579030086286,1788412688.1046214,control,waiting_for_state,0,0,inf,nan,nan,-1,nan,inf,nan,0,0,0,1.0,,,,,,,,,,,,,,,,,,,,,,,,,,,,,,,,,,,,,,,,,,,,,,,,,,,,0,inf,,,,,,,,,,,,,,,,,,,,,
3.9133768290048465,1788412688.115895,control,waiting_for_state,0,0,inf,nan,nan,-1,nan,inf,nan,0,0,0,1.0,,,,,,,,,,,,,,,,,,,,,,,,,,,,,,,,,,,,,,,,,,,,,,,,,,,,0,inf,,,,,,,,,,,,,,,,,,,,,
3.924365367012797,1788412688.1268597,control,waiting_for_state,0,0,inf,nan,nan,-1,nan,inf,nan,0,0,0,1.0,,,,,,,,,,,,,,,,,,,,,,,,,,,,,,,,,,,,,,,,,,,,,,,,,,,,0,inf,,,,,,,,,,,,,,,,,,,,,
3.9355581520067062,1788412688.1380363,control,waiting_for_state,0,0,inf,nan,nan,-1,nan,inf,nan,0,0,0,1.0,,,,,,,,,,,,,,,,,,,,,,,,,,,,,,,,,,,,,,,,,,,,,,,,,,,,0,inf,,,,,,,,,,,,,,,,,,,,,
3.946700378000969,1788412688.1492248,control,waiting_for_state,0,0,inf,nan,nan,-1,nan,inf,nan,0,0,0,1.0,,,,,,,,,,,,,,,,,,,,,,,,,,,,,,,,,,,,,,,,,,,,,,,,,,,,0,inf,,,,,,,,,,,,,,,,,,,,,
3.9577135130093666,1788412688.1602225,control,waiting_for_state,0,0,inf,nan,nan,-1,nan,inf,nan,0,0,0,1.0,,,,,,,,,,,,,,,,,,,,,,,,,,,,,,,,,,,,,,,,,,,,,,,,,,,,0,inf,,,,,,,,,,,,,,,,,,,,,
3.9688512010034174,1788412688.171353,control,waiting_for_state,0,0,inf,nan,nan,-1,nan,inf,nan,0,0,0,1.0,,,,,,,,,,,,,,,,,,,,,,,,,,,,,,,,,,,,,,,,,,,,,,,,,,,,0,inf,,,,,,,,,,,,,,,,,,,,,
3.9800445880100597,1788412688.1825604,control,waiting_for_state,0,0,inf,nan,nan,-1,nan,inf,nan,0,0,0,1.0,,,,,,,,,,,,,,,,,,,,,,,,,,,,,,,,,,,,,,,,,,,,,,,,,,,,0,inf,,,,,,,,,,,,,,,,,,,,,
3.991087400005199,1788412688.193608,control,waiting_for_state,0,0,inf,nan,nan,-1,nan,inf,nan,0,0,0,1.0,,,,,,,,,,,,,,,,,,,,,,,,,,,,,,,,,,,,,,,,,,,,,,,,,,,,0,inf,,,,,,,,,,,,,,,,,,,,,
4.0021722670062445,1788412688.204697,control,waiting_for_state,0,0,inf,nan,nan,-1,nan,inf,nan,0,0,0,1.0,,,,,,,,,,,,,,,,,,,,,,,,,,,,,,,,,,,,,,,,,,,,,,,,,,,,0,inf,,,,,,,,,,,,,,,,,,,,,
4.013326972009963,1788412688.2158751,control,waiting_for_state,0,0,inf,nan,nan,-1,nan,inf,nan,0,0,0,1.0,,,,,,,,,,,,,,,,,,,,,,,,,,,,,,,,,,,,,,,,,,,,,,,,,,,,0,inf,,,,,,,,,,,,,,,,,,,,,
4.024411550009972,1788412688.228689,control,waiting_for_state,0,0,inf,nan,nan,-1,nan,inf,nan,0,0,0,1.0,,,,,,,,,,,,,,,,,,,,,,,,,,,,,,,,,,,,,,,,,,,,,,,,,,,,0,inf,,,,,,,,,,,,,,,,,,,,,
4.035500033001881,1788412688.2380035,control,waiting_for_state,0,0,inf,nan,nan,-1,nan,inf,nan,0,0,0,1.0,,,,,,,,,,,,,,,,,,,,,,,,,,,,,,,,,,,,,,,,,,,,,,,,,,,,0,inf,,,,,,,,,,,,,,,,,,,,,
4.046624277005321,1788412688.2491288,control,waiting_for_state,0,0,inf,nan,nan,-1,nan,inf,nan,0,0,0,1.0,,,,,,,,,,,,,,,,,,,,,,,,,,,,,,,,,,,,,,,,,,,,,,,,,,,,0,inf,,,,,,,,,,,,,,,,,,,,,
4.057740108008147,1788412688.2602315,control,waiting_for_state,0,0,inf,nan,nan,-1,nan,inf,nan,0,0,0,1.0,,,,,,,,,,,,,,,,,,,,,,,,,,,,,,,,,,,,,,,,,,,,,,,,,,,,0,inf,,,,,,,,,,,,,,,,,,,,,
4.068809799005976,1788412688.271316,control,waiting_for_state,0,0,inf,nan,nan,-1,nan,inf,nan,0,0,0,1.0,,,,,,,,,,,,,,,,,,,,,,,,,,,,,,,,,,,,,,,,,,,,,,,,,,,,0,inf,,,,,,,,,,,,,,,,,,,,,
4.08000451400585,1788412688.282489,control,waiting_for_state,0,0,inf,nan,nan,-1,nan,inf,nan,0,0,0,1.0,,,,,,,,,,,,,,,,,,,,,,,,,,,,,,,,,,,,,,,,,,,,,,,,,,,,0,inf,,,,,,,,,,,,,,,,,,,,,
4.091058285004692,1788412688.2935433,control,waiting_for_state,0,0,inf,nan,nan,-1,nan,inf,nan,0,0,0,1.0,,,,,,,,,,,,,,,,,,,,,,,,,,,,,,,,,,,,,,,,,,,,,,,,,,,,0,inf,,,,,,,,,,,,,,,,,,,,,
4.102245589005179,1788412688.3047266,control,waiting_for_state,0,0,inf,nan,nan,-1,nan,inf,nan,0,0,0,1.0,,,,,,,,,,,,,,,,,,,,,,,,,,,,,,,,,,,,,,,,,,,,,,,,,,,,0,inf,,,,,,,,,,,,,,,,,,,,,
4.113250165013596,1788412688.3157394,control,waiting_for_state,0,0,inf,nan,nan,-1,nan,inf,nan,0,0,0,1.0,,,,,,,,,,,,,,,,,,,,,,,,,,,,,,,,,,,,,,,,,,,,,,,,,,,,0,inf,,,,,,,,,,,,,,,,,,,,,
4.124383387010312,1788412688.326918,control,waiting_for_state,0,0,inf,nan,nan,-1,nan,inf,nan,0,0,0,1.0,,,,,,,,,,,,,,,,,,,,,,,,,,,,,,,,,,,,,,,,,,,,,,,,,,,,0,inf,,,,,,,,,,,,,,,,,,,,,
4.135492936009541,1788412688.3380244,control,waiting_for_state,0,0,inf,nan,nan,-1,nan,inf,nan,0,0,0,1.0,,,,,,,,,,,,,,,,,,,,,,,,,,,,,,,,,,,,,,,,,,,,,,,,,,,,0,inf,,,,,,,,,,,,,,,,,,,,,
4.146636107005179,1788412688.3491488,control,waiting_for_state,0,0,inf,nan,nan,-1,nan,inf,nan,0,0,0,1.0,,,,,,,,,,,,,,,,,,,,,,,,,,,,,,,,,,,,,,,,,,,,,,,,,,,,0,inf,,,,,,,,,,,,,,,,,,,,,
4.157698713010177,1788412688.3601892,control,waiting_for_state,0,0,inf,nan,nan,-1,nan,inf,nan,0,0,0,1.0,,,,,,,,,,,,,,,,,,,,,,,,,,,,,,,,,,,,,,,,,,,,,,,,,,,,0,inf,,,,,,,,,,,,,,,,,,,,,
4.168940013012616,1788412688.3714683,control,waiting_for_state,0,0,inf,nan,nan,-1,nan,inf,nan,0,0,0,1.0,,,,,,,,,,,,,,,,,,,,,,,,,,,,,,,,,,,,,,,,,,,,,,,,,,,,0,inf,,,,,,,,,,,,,,,,,,,,,
4.179974105005385,1788412688.3825173,control,waiting_for_state,0,0,inf,nan,nan,-1,nan,inf,nan,0,0,0,1.0,,,,,,,,,,,,,,,,,,,,,,,,,,,,,,,,,,,,,,,,,,,,,,,,,,,,0,inf,,,,,,,,,,,,,,,,,,,,,
4.191081249009585,1788412688.393618,control,waiting_for_state,0,0,inf,nan,nan,-1,nan,inf,nan,0,0,0,1.0,,,,,,,,,,,,,,,,,,,,,,,,,,,,,,,,,,,,,,,,,,,,,,,,,,,,0,inf,,,,,,,,,,,,,,,,,,,,,
4.20217575901188,1788412688.4047124,control,waiting_for_state,0,0,inf,nan,nan,-1,nan,inf,nan,0,0,0,1.0,,,,,,,,,,,,,,,,,,,,,,,,,,,,,,,,,,,,,,,,,,,,,,,,,,,,0,inf,,,,,,,,,,,,,,,,,,,,,
4.213250630011316,1788412688.415758,control,waiting_for_state,0,0,inf,nan,nan,-1,nan,inf,nan,0,0,0,1.0,,,,,,,,,,,,,,,,,,,,,,,,,,,,,,,,,,,,,,,,,,,,,,,,,,,,0,inf,,,,,,,,,,,,,,,,,,,,,
4.224359407002339,1788412688.4268606,control,waiting_for_state,0,0,inf,nan,nan,-1,nan,inf,nan,0,0,0,1.0,,,,,,,,,,,,,,,,,,,,,,,,,,,,,,,,,,,,,,,,,,,,,,,,,,,,0,inf,,,,,,,,,,,,,,,,,,,,,
4.2355264159996295,1788412688.4380426,control,waiting_for_state,0,0,inf,nan,nan,-1,nan,inf,nan,0,0,0,1.0,,,,,,,,,,,,,,,,,,,,,,,,,,,,,,,,,,,,,,,,,,,,,,,,,,,,0,inf,,,,,,,,,,,,,,,,,,,,,
4.24672633400769,1788412688.4492798,control,waiting_for_state,0,0,inf,nan,nan,-1,nan,inf,nan,0,0,0,1.0,,,,,,,,,,,,,,,,,,,,,,,,,,,,,,,,,,,,,,,,,,,,,,,,,,,,0,inf,,,,,,,,,,,,,,,,,,,,,
4.257798124002875,1788412688.4602602,control,waiting_for_state,0,0,inf,nan,nan,-1,nan,inf,nan,0,0,0,1.0,,,,,,,,,,,,,,,,,,,,,,,,,,,,,,,,,,,,,,,,,,,,,,,,,,,,0,inf,,,,,,,,,,,,,,,,,,,,,
4.268860891999793,1788412688.471363,control,waiting_for_state,0,0,inf,nan,nan,-1,nan,inf,nan,0,0,0,1.0,,,,,,,,,,,,,,,,,,,,,,,,,,,,,,,,,,,,,,,,,,,,,,,,,,,,0,inf,,,,,,,,,,,,,,,,,,,,,
4.28002712300804,1788412688.4825087,control,waiting_for_state,0,0,inf,nan,nan,-1,nan,inf,nan,0,0,0,1.0,,,,,,,,,,,,,,,,,,,,,,,,,,,,,,,,,,,,,,,,,,,,,,,,,,,,0,inf,,,,,,,,,,,,,,,,,,,,,
4.2911252260091715,1788412688.4936,control,waiting_for_state,0,0,inf,nan,nan,-1,nan,inf,nan,0,0,0,1.0,,,,,,,,,,,,,,,,,,,,,,,,,,,,,,,,,,,,,,,,,,,,,,,,,,,,0,inf,,,,,,,,,,,,,,,,,,,,,
4.302162522013532,1788412688.5046318,control,waiting_for_state,0,0,inf,nan,nan,-1,nan,inf,nan,0,0,0,1.0,,,,,,,,,,,,,,,,,,,,,,,,,,,,,,,,,,,,,,,,,,,,,,,,,,,,0,inf,,,,,,,,,,,,,,,,,,,,,
4.313348509007483,1788412688.5158186,control,waiting_for_state,0,0,inf,nan,nan,-1,nan,inf,nan,0,0,0,1.0,,,,,,,,,,,,,,,,,,,,,,,,,,,,,,,,,,,,,,,,,,,,,,,,,,,,0,inf,,,,,,,,,,,,,,,,,,,,,
4.324338788006571,1788412688.526815,control,waiting_for_state,0,0,inf,nan,nan,-1,nan,inf,nan,0,0,0,1.0,,,,,,,,,,,,,,,,,,,,,,,,,,,,,,,,,,,,,,,,,,,,,,,,,,,,0,inf,,,,,,,,,,,,,,,,,,,,,
4.335453223000513,1788412688.5379093,control,waiting_for_state,0,0,inf,nan,nan,-1,nan,inf,nan,0,0,0,1.0,,,,,,,,,,,,,,,,,,,,,,,,,,,,,,,,,,,,,,,,,,,,,,,,,,,,0,inf,,,,,,,,,,,,,,,,,,,,,
4.346602833000361,1788412688.549083,control,waiting_for_state,0,0,inf,nan,nan,-1,nan,inf,nan,0,0,0,1.0,,,,,,,,,,,,,,,,,,,,,,,,,,,,,,,,,,,,,,,,,,,,,,,,,,,,0,inf,,,,,,,,,,,,,,,,,,,,,
4.3577166510076495,1788412688.5601985,control,waiting_for_state,0,0,inf,nan,nan,-1,nan,inf,nan,0,0,0,1.0,,,,,,,,,,,,,,,,,,,,,,,,,,,,,,,,,,,,,,,,,,,,,,,,,,,,0,inf,,,,,,,,,,,,,,,,,,,,,
4.3688142200117,1788412688.5712707,control,waiting_for_state,0,0,inf,nan,nan,-1,nan,inf,nan,0,0,0,1.0,,,,,,,,,,,,,,,,,,,,,,,,,,,,,,,,,,,,,,,,,,,,,,,,,,,,0,inf,,,,,,,,,,,,,,,,,,,,,
4.379964323001332,1788412688.5824702,control,waiting_for_state,0,0,inf,nan,nan,-1,nan,inf,nan,0,0,0,1.0,,,,,,,,,,,,,,,,,,,,,,,,,,,,,,,,,,,,,,,,,,,,,,,,,,,,0,inf,,,,,,,,,,,,,,,,,,,,,
4.391171623006812,1788412688.593704,control,waiting_for_state,0,0,inf,nan,nan,-1,nan,inf,nan,0,0,0,1.0,,,,,,,,,,,,,,,,,,,,,,,,,,,,,,,,,,,,,,,,,,,,,,,,,,,,0,inf,,,,,,,,,,,,,,,,,,,,,
4.402164420011104,1788412688.6046984,control,waiting_for_state,0,0,inf,nan,nan,-1,nan,inf,nan,0,0,0,1.0,,,,,,,,,,,,,,,,,,,,,,,,,,,,,,,,,,,,,,,,,,,,,,,,,,,,0,inf,,,,,,,,,,,,,,,,,,,,,
4.41328091500327,1788412688.6158166,control,waiting_for_state,0,0,inf,nan,nan,-1,nan,inf,nan,0,0,0,1.0,,,,,,,,,,,,,,,,,,,,,,,,,,,,,,,,,,,,,,,,,,,,,,,,,,,,0,inf,,,,,,,,,,,,,,,,,,,,,
4.424377360002836,1788412688.626892,control,waiting_for_state,0,0,inf,nan,nan,-1,nan,inf,nan,0,0,0,1.0,,,,,,,,,,,,,,,,,,,,,,,,,,,,,,,,,,,,,,,,,,,,,,,,,,,,0,inf,,,,,,,,,,,,,,,,,,,,,
4.435469019008451,1788412688.6379495,control,waiting_for_state,0,0,inf,nan,nan,-1,nan,inf,nan,0,0,0,1.0,,,,,,,,,,,,,,,,,,,,,,,,,,,,,,,,,,,,,,,,,,,,,,,,,,,,0,inf,,,,,,,,,,,,,,,,,,,,,
4.446623141004238,1788412688.6490958,control,waiting_for_state,0,0,inf,nan,nan,-1,nan,inf,nan,0,0,0,1.0,,,,,,,,,,,,,,,,,,,,,,,,,,,,,,,,,,,,,,,,,,,,,,,,,,,,0,inf,,,,,,,,,,,,,,,,,,,,,
4.457806023012381,1788412688.6603158,control,waiting_for_state,0,0,inf,nan,nan,-1,nan,inf,nan,0,0,0,1.0,,,,,,,,,,,,,,,,,,,,,,,,,,,,,,,,,,,,,,,,,,,,,,,,,,,,0,inf,,,,,,,,,,,,,,,,,,,,,
4.468845069000963,1788412688.671339,control,waiting_for_state,0,0,inf,nan,nan,-1,nan,inf,nan,0,0,0,1.0,,,,,,,,,,,,,,,,,,,,,,,,,,,,,,,,,,,,,,,,,,,,,,,,,,,,0,inf,,,,,,,,,,,,,,,,,,,,,
4.479935780007509,1788412688.682409,control,waiting_for_state,0,0,inf,nan,nan,-1,nan,inf,nan,0,0,0,1.0,,,,,,,,,,,,,,,,,,,,,,,,,,,,,,,,,,,,,,,,,,,,,,,,,,,,0,inf,,,,,,,,,,,,,,,,,,,,,
4.491002723007114,1788412688.693465,control,waiting_for_state,0,0,inf,nan,nan,-1,nan,inf,nan,0,0,0,1.0,,,,,,,,,,,,,,,,,,,,,,,,,,,,,,,,,,,,,,,,,,,,,,,,,,,,0,inf,,,,,,,,,,,,,,,,,,,,,
4.502237335007521,1788412688.7047071,control,waiting_for_state,0,0,inf,nan,nan,-1,nan,inf,nan,0,0,0,1.0,,,,,,,,,,,,,,,,,,,,,,,,,,,,,,,,,,,,,,,,,,,,,,,,,,,,0,inf,,,,,,,,,,,,,,,,,,,,,
4.513343212005566,1788412688.7158246,control,waiting_for_state,0,0,inf,nan,nan,-1,nan,inf,nan,0,0,0,1.0,,,,,,,,,,,,,,,,,,,,,,,,,,,,,,,,,,,,,,,,,,,,,,,,,,,,0,inf,,,,,,,,,,,,,,,,,,,,,
4.52435145500931,1788412688.7268257,control,waiting_for_state,0,0,inf,nan,nan,-1,nan,inf,nan,0,0,0,1.0,,,,,,,,,,,,,,,,,,,,,,,,,,,,,,,,,,,,,,,,,,,,,,,,,,,,0,inf,,,,,,,,,,,,,,,,,,,,,
4.535490088004735,1788412688.7379572,control,waiting_for_state,0,0,inf,nan,nan,-1,nan,inf,nan,0,0,0,1.0,,,,,,,,,,,,,,,,,,,,,,,,,,,,,,,,,,,,,,,,,,,,,,,,,,,,0,inf,,,,,,,,,,,,,,,,,,,,,
4.54660398499982,1788412688.749075,control,waiting_for_state,0,0,inf,nan,nan,-1,nan,inf,nan,0,0,0,1.0,,,,,,,,,,,,,,,,,,,,,,,,,,,,,,,,,,,,,,,,,,,,,,,,,,,,0,inf,,,,,,,,,,,,,,,,,,,,,
4.557719442003872,1788412688.760184,control,waiting_for_state,0,0,inf,nan,nan,-1,nan,inf,nan,0,0,0,1.0,,,,,,,,,,,,,,,,,,,,,,,,,,,,,,,,,,,,,,,,,,,,,,,,,,,,0,inf,,,,,,,,,,,,,,,,,,,,,
4.568799511005636,1788412688.7712886,control,waiting_for_state,0,0,inf,nan,nan,-1,nan,inf,nan,0,0,0,1.0,,,,,,,,,,,,,,,,,,,,,,,,,,,,,,,,,,,,,,,,,,,,,,,,,,,,0,inf,,,,,,,,,,,,,,,,,,,,,
4.579950297003961,1788412688.7824428,control,waiting_for_state,0,0,inf,nan,nan,-1,nan,inf,nan,0,0,0,1.0,,,,,,,,,,,,,,,,,,,,,,,,,,,,,,,,,,,,,,,,,,,,,,,,,,,,0,inf,,,,,,,,,,,,,,,,,,,,,
4.591126847008127,1788412688.7935805,control,waiting_for_state,0,0,inf,nan,nan,-1,nan,inf,nan,0,0,0,1.0,,,,,,,,,,,,,,,,,,,,,,,,,,,,,,,,,,,,,,,,,,,,,,,,,,,,0,inf,,,,,,,,,,,,,,,,,,,,,
4.602255223013344,1788412688.8047411,control,waiting_for_state,0,0,inf,nan,nan,-1,nan,inf,nan,0,0,0,1.0,,,,,,,,,,,,,,,,,,,,,,,,,,,,,,,,,,,,,,,,,,,,,,,,,,,,0,inf,,,,,,,,,,,,,,,,,,,,,
4.613267399006872,1788412688.8157825,control,waiting_for_state,0,0,inf,nan,nan,-1,nan,inf,nan,0,0,0,1.0,,,,,,,,,,,,,,,,,,,,,,,,,,,,,,,,,,,,,,,,,,,,,,,,,,,,0,inf,,,,,,,,,,,,,,,,,,,,,
4.6243904390139505,1788412688.8269234,control,waiting_for_state,0,0,inf,nan,nan,-1,nan,inf,nan,0,0,0,1.0,,,,,,,,,,,,,,,,,,,,,,,,,,,,,,,,,,,,,,,,,,,,,,,,,,,,0,inf,,,,,,,,,,,,,,,,,,,,,
4.635503307014005,1788412688.8380291,control,waiting_for_state,0,0,inf,nan,nan,-1,nan,inf,nan,0,0,0,1.0,,,,,,,,,,,,,,,,,,,,,,,,,,,,,,,,,,,,,,,,,,,,,,,,,,,,0,inf,,,,,,,,,,,,,,,,,,,,,
4.646576158003882,1788412688.849055,control,waiting_for_state,0,0,inf,nan,nan,-1,nan,inf,nan,0,0,0,1.0,,,,,,,,,,,,,,,,,,,,,,,,,,,,,,,,,,,,,,,,,,,,,,,,,,,,0,inf,,,,,,,,,,,,,,,,,,,,,
4.657697487011319,1788412688.8601854,control,waiting_for_state,0,0,inf,nan,nan,-1,nan,inf,nan,0,0,0,1.0,,,,,,,,,,,,,,,,,,,,,,,,,,,,,,,,,,,,,,,,,,,,,,,,,,,,0,inf,,,,,,,,,,,,,,,,,,,,,
4.668810599003336,1788412688.8712802,control,waiting_for_state,0,0,inf,nan,nan,-1,nan,inf,nan,0,0,0,1.0,,,,,,,,,,,,,,,,,,,,,,,,,,,,,,,,,,,,,,,,,,,,,,,,,,,,0,inf,,,,,,,,,,,,,,,,,,,,,
4.67990404801094,1788412688.882383,control,waiting_for_state,0,0,inf,nan,nan,-1,nan,inf,nan,0,0,0,1.0,,,,,,,,,,,,,,,,,,,,,,,,,,,,,,,,,,,,,,,,,,,,,,,,,,,,0,inf,,,,,,,,,,,,,,,,,,,,,
4.691020602011122,1788412688.8934782,control,waiting_for_state,0,0,inf,nan,nan,-1,nan,inf,nan,0,0,0,1.0,,,,,,,,,,,,,,,,,,,,,,,,,,,,,,,,,,,,,,,,,,,,,,,,,,,,0,inf,,,,,,,,,,,,,,,,,,,,,
4.702231081013451,1788412688.9047189,control,waiting_for_state,0,0,inf,nan,nan,-1,nan,inf,nan,0,0,0,1.0,,,,,,,,,,,,,,,,,,,,,,,,,,,,,,,,,,,,,,,,,,,,,,,,,,,,0,inf,,,,,,,,,,,,,,,,,,,,,
4.7134456540079555,1788412688.915931,control,waiting_for_state,0,0,inf,nan,nan,-1,nan,inf,nan,0,0,0,1.0,,,,,,,,,,,,,,,,,,,,,,,,,,,,,,,,,,,,,,,,,,,,,,,,,,,,0,inf,,,,,,,,,,,,,,,,,,,,,
4.7244578120007645,1788412688.926962,control,waiting_for_state,0,0,inf,nan,nan,-1,nan,inf,nan,0,0,0,1.0,,,,,,,,,,,,,,,,,,,,,,,,,,,,,,,,,,,,,,,,,,,,,,,,,,,,0,inf,,,,,,,,,,,,,,,,,,,,,
4.735511138002039,1788412688.9380033,control,waiting_for_state,0,0,inf,nan,nan,-1,nan,inf,nan,0,0,0,1.0,,,,,,,,,,,,,,,,,,,,,,,,,,,,,,,,,,,,,,,,,,,,,,,,,,,,0,inf,,,,,,,,,,,,,,,,,,,,,
4.746674866008107,1788412688.9491556,control,waiting_for_state,0,0,inf,nan,nan,-1,nan,inf,nan,0,0,0,1.0,,,,,,,,,,,,,,,,,,,,,,,,,,,,,,,,,,,,,,,,,,,,,,,,,,,,0,inf,,,,,,,,,,,,,,,,,,,,,
4.757736364001175,1788412688.9602246,control,waiting_for_state,0,0,inf,nan,nan,-1,nan,inf,nan,0,0,0,1.0,,,,,,,,,,,,,,,,,,,,,,,,,,,,,,,,,,,,,,,,,,,,,,,,,,,,0,inf,,,,,,,,,,,,,,,,,,,,,
4.7688042930094525,1788412688.9712925,control,waiting_for_state,0,0,inf,nan,nan,-1,nan,inf,nan,0,0,0,1.0,,,,,,,,,,,,,,,,,,,,,,,,,,,,,,,,,,,,,,,,,,,,,,,,,,,,0,inf,,,,,,,,,,,,,,,,,,,,,
4.780011470007594,1788412688.982498,control,waiting_for_state,0,0,inf,nan,nan,-1,nan,inf,nan,0,0,0,1.0,,,,,,,,,,,,,,,,,,,,,,,,,,,,,,,,,,,,,,,,,,,,,,,,,,,,0,inf,,,,,,,,,,,,,,,,,,,,,
4.791093777006608,1788412688.9936352,control,waiting_for_state,0,0,inf,nan,nan,-1,nan,inf,nan,0,0,0,1.0,,,,,,,,,,,,,,,,,,,,,,,,,,,,,,,,,,,,,,,,,,,,,,,,,,,,0,inf,,,,,,,,,,,,,,,,,,,,,
4.802324613003293,1788412689.0048406,control,waiting_for_state,0,0,inf,nan,nan,-1,nan,inf,nan,0,0,0,1.0,,,,,,,,,,,,,,,,,,,,,,,,,,,,,,,,,,,,,,,,,,,,,,,,,,,,0,inf,,,,,,,,,,,,,,,,,,,,,
4.813286921009421,1788412689.0157692,control,waiting_for_state,0,0,inf,nan,nan,-1,nan,inf,nan,0,0,0,1.0,,,,,,,,,,,,,,,,,,,,,,,,,,,,,,,,,,,,,,,,,,,,,,,,,,,,0,inf,,,,,,,,,,,,,,,,,,,,,
4.824390352005139,1788412689.026936,control,waiting_for_state,0,0,inf,nan,nan,-1,nan,inf,nan,0,0,0,1.0,,,,,,,,,,,,,,,,,,,,,,,,,,,,,,,,,,,,,,,,,,,,,,,,,,,,0,inf,,,,,,,,,,,,,,,,,,,,,
4.8356219670095015,1788412689.03818,control,waiting_for_state,0,0,inf,nan,nan,-1,nan,inf,nan,0,0,0,1.0,,,,,,,,,,,,,,,,,,,,,,,,,,,,,,,,,,,,,,,,,,,,,,,,,,,,0,inf,,,,,,,,,,,,,,,,,,,,,
4.84672176100139,1788412689.049267,control,waiting_for_state,0,0,inf,nan,nan,-1,nan,inf,nan,0,0,0,1.0,,,,,,,,,,,,,,,,,,,,,,,,,,,,,,,,,,,,,,,,,,,,,,,,,,,,0,inf,,,,,,,,,,,,,,,,,,,,,
4.857795814008568,1788412689.0603294,control,waiting_for_state,0,0,inf,nan,nan,-1,nan,inf,nan,0,0,0,1.0,,,,,,,,,,,,,,,,,,,,,,,,,,,,,,,,,,,,,,,,,,,,,,,,,,,,0,inf,,,,,,,,,,,,,,,,,,,,,
4.868873146013357,1788412689.0714192,control,waiting_for_state,0,0,inf,nan,nan,-1,nan,inf,nan,0,0,0,1.0,,,,,,,,,,,,,,,,,,,,,,,,,,,,,,,,,,,,,,,,,,,,,,,,,,,,0,inf,,,,,,,,,,,,,,,,,,,,,
4.879999802011298,1788412689.082554,control,waiting_for_state,0,0,inf,nan,nan,-1,nan,inf,nan,0,0,0,1.0,,,,,,,,,,,,,,,,,,,,,,,,,,,,,,,,,,,,,,,,,,,,,,,,,,,,0,inf,,,,,,,,,,,,,,,,,,,,,
4.891104734007968,1788412689.0936275,control,waiting_for_state,0,0,inf,nan,nan,-1,nan,inf,nan,0,0,0,1.0,,,,,,,,,,,,,,,,,,,,,,,,,,,,,,,,,,,,,,,,,,,,,,,,,,,,0,inf,,,,,,,,,,,,,,,,,,,,,
4.9021949540037895,1788412689.1047246,control,waiting_for_state,0,0,inf,nan,nan,-1,nan,inf,nan,0,0,0,1.0,,,,,,,,,,,,,,,,,,,,,,,,,,,,,,,,,,,,,,,,,,,,,,,,,,,,0,inf,,,,,,,,,,,,,,,,,,,,,
4.913239800007432,1788412689.1156955,control,waiting_for_state,0,0,inf,nan,nan,-1,nan,inf,nan,0,0,0,1.0,,,,,,,,,,,,,,,,,,,,,,,,,,,,,,,,,,,,,,,,,,,,,,,,,,,,0,inf,,,,,,,,,,,,,,,,,,,,,
4.924410052000894,1788412689.1269343,control,waiting_for_state,0,0,inf,nan,nan,-1,nan,inf,nan,0,0,0,1.0,,,,,,,,,,,,,,,,,,,,,,,,,,,,,,,,,,,,,,,,,,,,,,,,,,,,0,inf,,,,,,,,,,,,,,,,,,,,,
4.935571790003451,1788412689.1380708,control,waiting_for_state,0,0,inf,nan,nan,-1,nan,inf,nan,0,0,0,1.0,,,,,,,,,,,,,,,,,,,,,,,,,,,,,,,,,,,,,,,,,,,,,,,,,,,,0,inf,,,,,,,,,,,,,,,,,,,,,
4.946618231013417,1788412689.1491098,control,waiting_for_state,0,0,inf,nan,nan,-1,nan,inf,nan,0,0,0,1.0,,,,,,,,,,,,,,,,,,,,,,,,,,,,,,,,,,,,,,,,,,,,,,,,,,,,0,inf,,,,,,,,,,,,,,,,,,,,,
4.957696577010211,1788412689.1601884,control,waiting_for_state,0,0,inf,nan,nan,-1,nan,inf,nan,0,0,0,1.0,,,,,,,,,,,,,,,,,,,,,,,,,,,,,,,,,,,,,,,,,,,,,,,,,,,,0,inf,,,,,,,,,,,,,,,,,,,,,
4.968835197010776,1788412689.1713178,control,waiting_for_state,0,0,inf,nan,nan,-1,nan,inf,nan,0,0,0,1.0,,,,,,,,,,,,,,,,,,,,,,,,,,,,,,,,,,,,,,,,,,,,,,,,,,,,0,inf,,,,,,,,,,,,,,,,,,,,,
4.980029415004537,1788412689.1825461,control,waiting_for_state,0,0,inf,nan,nan,-1,nan,inf,nan,0,0,0,1.0,,,,,,,,,,,,,,,,,,,,,,,,,,,,,,,,,,,,,,,,,,,,,,,,,,,,0,inf,,,,,,,,,,,,,,,,,,,,,
4.991060937012662,1788412689.1935508,control,waiting_for_state,0,0,inf,nan,nan,-1,nan,inf,nan,0,0,0,1.0,,,,,,,,,,,,,,,,,,,,,,,,,,,,,,,,,,,,,,,,,,,,,,,,,,,,0,inf,,,,,,,,,,,,,,,,,,,,,
5.002224591007689,1788412689.204712,control,waiting_for_state,0,0,inf,nan,nan,-1,nan,inf,nan,0,0,0,1.0,,,,,,,,,,,,,,,,,,,,,,,,,,,,,,,,,,,,,,,,,,,,,,,,,,,,0,inf,,,,,,,,,,,,,,,,,,,,,
5.013299877013196,1788412689.2158263,control,waiting_for_state,0,0,inf,nan,nan,-1,nan,inf,nan,0,0,0,1.0,,,,,,,,,,,,,,,,,,,,,,,,,,,,,,,,,,,,,,,,,,,,,,,,,,,,0,inf,,,,,,,,,,,,,,,,,,,,,
5.024374748012633,1788412689.2268856,control,waiting_for_state,0,0,inf,nan,nan,-1,nan,inf,nan,0,0,0,1.0,,,,,,,,,,,,,,,,,,,,,,,,,,,,,,,,,,,,,,,,,,,,,,,,,,,,0,inf,,,,,,,,,,,,,,,,,,,,,
5.035546129001887,1788412689.2394068,control,waiting_for_state,0,0,inf,nan,nan,-1,nan,inf,nan,0,0,0,1.0,,,,,,,,,,,,,,,,,,,,,,,,,,,,,,,,,,,,,,,,,,,,,,,,,,,,0,inf,,,,,,,,,,,,,,,,,,,,,
5.0466658050136175,1788412689.2492473,control,waiting_for_state,0,0,inf,nan,nan,-1,nan,inf,nan,0,0,0,1.0,,,,,,,,,,,,,,,,,,,,,,,,,,,,,,,,,,,,,,,,,,,,,,,,,,,,0,inf,,,,,,,,,,,,,,,,,,,,,
5.057760871000937,1788412689.2602866,control,waiting_for_state,0,0,inf,nan,nan,-1,nan,inf,nan,0,0,0,1.0,,,,,,,,,,,,,,,,,,,,,,,,,,,,,,,,,,,,,,,,,,,,,,,,,,,,0,inf,,,,,,,,,,,,,,,,,,,,,
5.0688711410039105,1788412689.271421,control,waiting_for_state,0,0,inf,nan,nan,-1,nan,inf,nan,0,0,0,1.0,,,,,,,,,,,,,,,,,,,,,,,,,,,,,,,,,,,,,,,,,,,,,,,,,,,,0,inf,,,,,,,,,,,,,,,,,,,,,
5.080056182006956,1788412689.2826152,control,waiting_for_state,0,0,inf,nan,nan,-1,nan,inf,nan,0,0,0,1.0,,,,,,,,,,,,,,,,,,,,,,,,,,,,,,,,,,,,,,,,,,,,,,,,,,,,0,inf,,,,,,,,,,,,,,,,,,,,,
5.091137012001127,1788412689.293726,control,waiting_for_state,0,0,inf,nan,nan,-1,nan,inf,nan,0,0,0,1.0,,,,,,,,,,,,,,,,,,,,,,,,,,,,,,,,,,,,,,,,,,,,,,,,,,,,0,inf,,,,,,,,,,,,,,,,,,,,,
5.102345235005487,1788412689.305019,control,waiting_for_state,0,0,inf,nan,nan,-1,nan,inf,nan,0,0,0,1.0,,,,,,,,,,,,,,,,,,,,,,,,,,,,,,,,,,,,,,,,,,,,,,,,,,,,0,inf,,,,,,,,,,,,,,,,,,,,,
5.113362305011833,1788412689.3160393,control,waiting_for_state,0,0,inf,nan,nan,-1,nan,inf,nan,0,0,0,1.0,,,,,,,,,,,,,,,,,,,,,,,,,,,,,,,,,,,,,,,,,,,,,,,,,,,,0,inf,,,,,,,,,,,,,,,,,,,,,
5.124478229001397,1788412689.3270519,control,waiting_for_state,0,0,inf,nan,nan,-1,nan,inf,nan,0,0,0,1.0,,,,,,,,,,,,,,,,,,,,,,,,,,,,,,,,,,,,,,,,,,,,,,,,,,,,0,inf,,,,,,,,,,,,,,,,,,,,,
5.135477401010576,1788412689.337952,control,waiting_for_state,0,0,inf,nan,nan,-1,nan,inf,nan,0,0,0,1.0,,,,,,,,,,,,,,,,,,,,,,,,,,,,,,,,,,,,,,,,,,,,,,,,,,,,0,inf,,,,,,,,,,,,,,,,,,,,,
5.146590007003397,1788412689.3490465,control,waiting_for_state,0,0,inf,nan,nan,-1,nan,inf,nan,0,0,0,1.0,,,,,,,,,,,,,,,,,,,,,,,,,,,,,,,,,,,,,,,,,,,,,,,,,,,,0,inf,,,,,,,,,,,,,,,,,,,,,
5.1576788290112745,1788412689.3601422,control,waiting_for_state,0,0,inf,nan,nan,-1,nan,inf,nan,0,0,0,1.0,,,,,,,,,,,,,,,,,,,,,,,,,,,,,,,,,,,,,,,,,,,,,,,,,,,,0,inf,,,,,,,,,,,,,,,,,,,,,
5.168809869006509,1788412689.3712509,control,waiting_for_state,0,0,inf,nan,nan,-1,nan,inf,nan,0,0,0,1.0,,,,,,,,,,,,,,,,,,,,,,,,,,,,,,,,,,,,,,,,,,,,,,,,,,,,0,inf,,,,,,,,,,,,,,,,,,,,,
5.179990758013446,1788412689.3824656,control,waiting_for_state,0,0,inf,nan,nan,-1,nan,inf,nan,0,0,0,1.0,,,,,,,,,,,,,,,,,,,,,,,,,,,,,,,,,,,,,,,,,,,,,,,,,,,,0,inf,,,,,,,,,,,,,,,,,,,,,
5.191118009999627,1788412689.3935833,control,waiting_for_state,0,0,inf,nan,nan,-1,nan,inf,nan,0,0,0,1.0,,,,,,,,,,,,,,,,,,,,,,,,,,,,,,,,,,,,,,,,,,,,,,,,,,,,0,inf,,,,,,,,,,,,,,,,,,,,,
5.202226800000062,1788412689.404686,control,waiting_for_state,0,0,inf,nan,nan,-1,nan,inf,nan,0,0,0,1.0,,,,,,,,,,,,,,,,,,,,,,,,,,,,,,,,,,,,,,,,,,,,,,,,,,,,0,inf,,,,,,,,,,,,,,,,,,,,,
5.213336766013526,1788412689.415798,control,waiting_for_state,0,0,inf,nan,nan,-1,nan,inf,nan,0,0,0,1.0,,,,,,,,,,,,,,,,,,,,,,,,,,,,,,,,,,,,,,,,,,,,,,,,,,,,0,inf,,,,,,,,,,,,,,,,,,,,,
5.224355883008684,1788412689.4268467,control,waiting_for_state,0,0,inf,nan,nan,-1,nan,inf,nan,0,0,0,1.0,,,,,,,,,,,,,,,,,,,,,,,,,,,,,,,,,,,,,,,,,,,,,,,,,,,,0,inf,,,,,,,,,,,,,,,,,,,,,
5.2354897880140925,1788412689.438005,control,waiting_for_state,0,0,inf,nan,nan,-1,nan,inf,nan,0,0,0,1.0,,,,,,,,,,,,,,,,,,,,,,,,,,,,,,,,,,,,,,,,,,,,,,,,,,,,0,inf,,,,,,,,,,,,,,,,,,,,,
5.246610865011462,1788412689.449078,control,waiting_for_state,0,0,inf,nan,nan,-1,nan,inf,nan,0,0,0,1.0,,,,,,,,,,,,,,,,,,,,,,,,,,,,,,,,,,,,,,,,,,,,,,,,,,,,0,inf,,,,,,,,,,,,,,,,,,,,,
5.257677963003516,1788412689.4601324,control,waiting_for_state,0,0,inf,nan,nan,-1,nan,inf,nan,0,0,0,1.0,,,,,,,,,,,,,,,,,,,,,,,,,,,,,,,,,,,,,,,,,,,,,,,,,,,,0,inf,,,,,,,,,,,,,,,,,,,,,
5.268829624008504,1788412689.4713175,control,waiting_for_state,0,0,inf,nan,nan,-1,nan,inf,nan,0,0,0,1.0,,,,,,,,,,,,,,,,,,,,,,,,,,,,,,,,,,,,,,,,,,,,,,,,,,,,0,inf,,,,,,,,,,,,,,,,,,,,,
5.2799139650014695,1788412689.4824197,control,waiting_for_state,0,0,inf,nan,nan,-1,nan,inf,nan,0,0,0,1.0,,,,,,,,,,,,,,,,,,,,,,,,,,,,,,,,,,,,,,,,,,,,,,,,,,,,0,inf,,,,,,,,,,,,,,,,,,,,,
5.291024101999938,1788412689.4935114,control,waiting_for_state,0,0,inf,nan,nan,-1,nan,inf,nan,0,0,0,1.0,,,,,,,,,,,,,,,,,,,,,,,,,,,,,,,,,,,,,,,,,,,,,,,,,,,,0,inf,,,,,,,,,,,,,,,,,,,,,
5.302157277008519,1788412689.5046017,control,waiting_for_state,0,0,inf,nan,nan,-1,nan,inf,nan,0,0,0,1.0,,,,,,,,,,,,,,,,,,,,,,,,,,,,,,,,,,,,,,,,,,,,,,,,,,,,0,inf,,,,,,,,,,,,,,,,,,,,,
5.3133637020073365,1788412689.515854,control,waiting_for_state,0,0,inf,nan,nan,-1,nan,inf,nan,0,0,0,1.0,,,,,,,,,,,,,,,,,,,,,,,,,,,,,,,,,,,,,,,,,,,,,,,,,,,,0,inf,,,,,,,,,,,,,,,,,,,,,
5.324379737008712,1788412689.5268981,control,waiting_for_state,0,0,inf,nan,nan,-1,nan,inf,nan,0,0,0,1.0,,,,,,,,,,,,,,,,,,,,,,,,,,,,,,,,,,,,,,,,,,,,,,,,,,,,0,inf,,,,,,,,,,,,,,,,,,,,,
5.335582556013833,1788412689.5380604,control,waiting_for_state,0,0,inf,nan,nan,-1,nan,inf,nan,0,0,0,1.0,,,,,,,,,,,,,,,,,,,,,,,,,,,,,,,,,,,,,,,,,,,,,,,,,,,,0,inf,,,,,,,,,,,,,,,,,,,,,
5.346726346004289,1788412689.5492585,control,waiting_for_state,0,0,inf,nan,nan,-1,nan,inf,nan,0,0,0,1.0,,,,,,,,,,,,,,,,,,,,,,,,,,,,,,,,,,,,,,,,,,,,,,,,,,,,0,inf,,,,,,,,,,,,,,,,,,,,,
5.357687983007054,1788412689.5601475,control,waiting_for_state,0,0,inf,nan,nan,-1,nan,inf,nan,0,0,0,1.0,,,,,,,,,,,,,,,,,,,,,,,,,,,,,,,,,,,,,,,,,,,,,,,,,,,,0,inf,,,,,,,,,,,,,,,,,,,,,
5.368819136012462,1788412689.571272,control,waiting_for_state,0,0,inf,nan,nan,-1,nan,inf,nan,0,0,0,1.0,,,,,,,,,,,,,,,,,,,,,,,,,,,,,,,,,,,,,,,,,,,,,,,,,,,,0,inf,,,,,,,,,,,,,,,,,,,,,
5.379935938006383,1788412689.5824025,control,waiting_for_state,0,0,inf,nan,nan,-1,nan,inf,nan,0,0,0,1.0,,,,,,,,,,,,,,,,,,,,,,,,,,,,,,,,,,,,,,,,,,,,,,,,,,,,0,inf,,,,,,,,,,,,,,,,,,,,,
5.391050879014074,1788412689.593515,control,waiting_for_state,0,0,inf,nan,nan,-1,nan,inf,nan,0,0,0,1.0,,,,,,,,,,,,,,,,,,,,,,,,,,,,,,,,,,,,,,,,,,,,,,,,,,,,0,inf,,,,,,,,,,,,,,,,,,,,,
5.402104247012176,1788412689.6045375,control,waiting_for_state,0,0,inf,nan,nan,-1,nan,inf,nan,0,0,0,1.0,,,,,,,,,,,,,,,,,,,,,,,,,,,,,,,,,,,,,,,,,,,,,,,,,,,,0,inf,,,,,,,,,,,,,,,,,,,,,
5.4132270560075995,1788412689.6156833,control,waiting_for_state,0,0,inf,nan,nan,-1,nan,inf,nan,0,0,0,1.0,,,,,,,,,,,,,,,,,,,,,,,,,,,,,,,,,,,,,,,,,,,,,,,,,,,,0,inf,,,,,,,,,,,,,,,,,,,,,
5.424331861009705,1788412689.6267734,control,waiting_for_state,0,0,inf,nan,nan,-1,nan,inf,nan,0,0,0,1.0,,,,,,,,,,,,,,,,,,,,,,,,,,,,,,,,,,,,,,,,,,,,,,,,,,,,0,inf,,,,,,,,,,,,,,,,,,,,,
5.435437172011007,1788412689.6378703,control,waiting_for_state,0,0,inf,nan,nan,-1,nan,inf,nan,0,0,0,1.0,,,,,,,,,,,,,,,,,,,,,,,,,,,,,,,,,,,,,,,,,,,,,,,,,,,,0,inf,,,,,,,,,,,,,,,,,,,,,
5.446555091009941,1788412689.648999,control,waiting_for_state,0,0,inf,nan,nan,-1,nan,inf,nan,0,0,0,1.0,,,,,,,,,,,,,,,,,,,,,,,,,,,,,,,,,,,,,,,,,,,,,,,,,,,,0,inf,,,,,,,,,,,,,,,,,,,,,
5.457689709000988,1788412689.660176,control,waiting_for_state,0,0,inf,nan,nan,-1,nan,inf,nan,0,0,0,1.0,,,,,,,,,,,,,,,,,,,,,,,,,,,,,,,,,,,,,,,,,,,,,,,,,,,,0,inf,,,,,,,,,,,,,,,,,,,,,
5.468804039002862,1788412689.6713016,control,waiting_for_state,0,0,inf,nan,nan,-1,nan,inf,nan,0,0,0,1.0,,,,,,,,,,,,,,,,,,,,,,,,,,,,,,,,,,,,,,,,,,,,,,,,,,,,0,inf,,,,,,,,,,,,,,,,,,,,,
5.480060646004858,1788412689.682539,control,waiting_for_state,0,0,inf,nan,nan,-1,nan,inf,nan,0,0,0,1.0,,,,,,,,,,,,,,,,,,,,,,,,,,,,,,,,,,,,,,,,,,,,,,,,,,,,0,inf,,,,,,,,,,,,,,,,,,,,,
5.491025683004409,1788412689.6935086,control,waiting_for_state,0,0,inf,nan,nan,-1,nan,inf,nan,0,0,0,1.0,,,,,,,,,,,,,,,,,,,,,,,,,,,,,,,,,,,,,,,,,,,,,,,,,,,,0,inf,,,,,,,,,,,,,,,,,,,,,
5.50225840001076,1788412689.7047842,control,waiting_for_state,0,0,inf,nan,nan,-1,nan,inf,nan,0,0,0,1.0,,,,,,,,,,,,,,,,,,,,,,,,,,,,,,,,,,,,,,,,,,,,,,,,,,,,0,inf,,,,,,,,,,,,,,,,,,,,,
5.513396366004599,1788412689.7159302,control,waiting_for_state,0,0,inf,nan,nan,-1,nan,inf,nan,0,0,0,1.0,,,,,,,,,,,,,,,,,,,,,,,,,,,,,,,,,,,,,,,,,,,,,,,,,,,,0,inf,,,,,,,,,,,,,,,,,,,,,
5.524386231001699,1788412689.7269068,control,waiting_for_state,0,0,inf,nan,nan,-1,nan,inf,nan,0,0,0,1.0,,,,,,,,,,,,,,,,,,,,,,,,,,,,,,,,,,,,,,,,,,,,,,,,,,,,0,inf,,,,,,,,,,,,,,,,,,,,,
5.535593771011918,1788412689.7381043,control,waiting_for_state,0,0,inf,nan,nan,-1,nan,inf,nan,0,0,0,1.0,,,,,,,,,,,,,,,,,,,,,,,,,,,,,,,,,,,,,,,,,,,,,,,,,,,,0,inf,,,,,,,,,,,,,,,,,,,,,
5.546710229013115,1788412689.749213,control,waiting_for_state,0,0,inf,nan,nan,-1,nan,inf,nan,0,0,0,1.0,,,,,,,,,,,,,,,,,,,,,,,,,,,,,,,,,,,,,,,,,,,,,,,,,,,,0,inf,,,,,,,,,,,,,,,,,,,,,
5.557844370006933,1788412689.7603712,control,waiting_for_state,0,0,inf,nan,nan,-1,nan,inf,nan,0,0,0,1.0,,,,,,,,,,,,,,,,,,,,,,,,,,,,,,,,,,,,,,,,,,,,,,,,,,,,0,inf,,,,,,,,,,,,,,,,,,,,,
5.568866860005073,1788412689.7714014,control,waiting_for_state,0,0,inf,nan,nan,-1,nan,inf,nan,0,0,0,1.0,,,,,,,,,,,,,,,,,,,,,,,,,,,,,,,,,,,,,,,,,,,,,,,,,,,,0,inf,,,,,,,,,,,,,,,,,,,,,
5.580020867011626,1788412689.7824893,control,waiting_for_state,0,0,inf,nan,nan,-1,nan,inf,nan,0,0,0,1.0,,,,,,,,,,,,,,,,,,,,,,,,,,,,,,,,,,,,,,,,,,,,,,,,,,,,0,inf,,,,,,,,,,,,,,,,,,,,,
5.591138811010751,1788412689.7936368,control,waiting_for_state,0,0,inf,nan,nan,-1,nan,inf,nan,0,0,0,1.0,,,,,,,,,,,,,,,,,,,,,,,,,,,,,,,,,,,,,,,,,,,,,,,,,,,,0,inf,,,,,,,,,,,,,,,,,,,,,
5.602239143001498,1788412689.8047245,control,waiting_for_state,0,0,inf,nan,nan,-1,nan,inf,nan,0,0,0,1.0,,,,,,,,,,,,,,,,,,,,,,,,,,,,,,,,,,,,,,,,,,,,,,,,,,,,0,inf,,,,,,,,,,,,,,,,,,,,,
5.613245093001751,1788412689.8157244,control,waiting_for_state,0,0,inf,nan,nan,-1,nan,inf,nan,0,0,0,1.0,,,,,,,,,,,,,,,,,,,,,,,,,,,,,,,,,,,,,,,,,,,,,,,,,,,,0,inf,,,,,,,,,,,,,,,,,,,,,
5.624328793011955,1788412689.826806,control,waiting_for_state,0,0,inf,nan,nan,-1,nan,inf,nan,0,0,0,1.0,,,,,,,,,,,,,,,,,,,,,,,,,,,,,,,,,,,,,,,,,,,,,,,,,,,,0,inf,,,,,,,,,,,,,,,,,,,,,
5.635498709001695,1788412689.837971,control,waiting_for_state,0,0,inf,nan,nan,-1,nan,inf,nan,0,0,0,1.0,,,,,,,,,,,,,,,,,,,,,,,,,,,,,,,,,,,,,,,,,,,,,,,,,,,,0,inf,,,,,,,,,,,,,,,,,,,,,
5.646548625009018,1788412689.8489826,control,waiting_for_state,0,0,inf,nan,nan,-1,nan,inf,nan,0,0,0,1.0,,,,,,,,,,,,,,,,,,,,,,,,,,,,,,,,,,,,,,,,,,,,,,,,,,,,0,inf,,,,,,,,,,,,,,,,,,,,,
5.657673840003554,1788412689.8601396,control,waiting_for_state,0,0,inf,nan,nan,-1,nan,inf,nan,0,0,0,1.0,,,,,,,,,,,,,,,,,,,,,,,,,,,,,,,,,,,,,,,,,,,,,,,,,,,,0,inf,,,,,,,,,,,,,,,,,,,,,
5.668823533007526,1788412689.8712978,control,waiting_for_state,0,0,inf,nan,nan,-1,nan,inf,nan,0,0,0,1.0,,,,,,,,,,,,,,,,,,,,,,,,,,,,,,,,,,,,,,,,,,,,,,,,,,,,0,inf,,,,,,,,,,,,,,,,,,,,,
5.68003084200609,1788412689.882552,control,waiting_for_state,0,0,inf,nan,nan,-1,nan,inf,nan,0,0,0,1.0,,,,,,,,,,,,,,,,,,,,,,,,,,,,,,,,,,,,,,,,,,,,,,,,,,,,0,inf,,,,,,,,,,,,,,,,,,,,,
5.691152441009763,1788412689.8936546,control,waiting_for_state,0,0,inf,nan,nan,-1,nan,inf,nan,0,0,0,1.0,,,,,,,,,,,,,,,,,,,,,,,,,,,,,,,,,,,,,,,,,,,,,,,,,,,,0,inf,,,,,,,,,,,,,,,,,,,,,
5.702228889000253,1788412689.904689,control,waiting_for_state,0,0,inf,nan,nan,-1,nan,inf,nan,0,0,0,1.0,,,,,,,,,,,,,,,,,,,,,,,,,,,,,,,,,,,,,,,,,,,,,,,,,,,,0,inf,,,,,,,,,,,,,,,,,,,,,
5.713279986011912,1788412689.9157546,control,waiting_for_state,0,0,inf,nan,nan,-1,nan,inf,nan,0,0,0,1.0,,,,,,,,,,,,,,,,,,,,,,,,,,,,,,,,,,,,,,,,,,,,,,,,,,,,0,inf,,,,,,,,,,,,,,,,,,,,,
5.724343057008809,1788412689.926808,control,waiting_for_state,0,0,inf,nan,nan,-1,nan,inf,nan,0,0,0,1.0,,,,,,,,,,,,,,,,,,,,,,,,,,,,,,,,,,,,,,,,,,,,,,,,,,,,0,inf,,,,,,,,,,,,,,,,,,,,,
5.735563596012071,1788412689.938036,control,waiting_for_state,0,0,inf,nan,nan,-1,nan,inf,nan,0,0,0,1.0,,,,,,,,,,,,,,,,,,,,,,,,,,,,,,,,,,,,,,,,,,,,,,,,,,,,0,inf,,,,,,,,,,,,,,,,,,,,,
5.746702600008575,1788412689.9492223,control,waiting_for_state,0,0,inf,nan,nan,-1,nan,inf,nan,0,0,0,1.0,,,,,,,,,,,,,,,,,,,,,,,,,,,,,,,,,,,,,,,,,,,,,,,,,,,,0,inf,,,,,,,,,,,,,,,,,,,,,
5.757839659010642,1788412689.9603615,control,waiting_for_state,0,0,inf,nan,nan,-1,nan,inf,nan,0,0,0,1.0,,,,,,,,,,,,,,,,,,,,,,,,,,,,,,,,,,,,,,,,,,,,,,,,,,,,0,inf,,,,,,,,,,,,,,,,,,,,,
5.768874405999668,1788412689.9713848,control,waiting_for_state,0,0,inf,nan,nan,-1,nan,inf,nan,0,0,0,1.0,,,,,,,,,,,,,,,,,,,,,,,,,,,,,,,,,,,,,,,,,,,,,,,,,,,,0,inf,,,,,,,,,,,,,,,,,,,,,
5.780033564005862,1788412689.9825408,control,waiting_for_state,0,0,inf,nan,nan,-1,nan,inf,nan,0,0,0,1.0,,,,,,,,,,,,,,,,,,,,,,,,,,,,,,,,,,,,,,,,,,,,,,,,,,,,0,inf,,,,,,,,,,,,,,,,,,,,,
5.791141639012494,1788412689.9936495,control,waiting_for_state,0,0,inf,nan,nan,-1,nan,inf,nan,0,0,0,1.0,,,,,,,,,,,,,,,,,,,,,,,,,,,,,,,,,,,,,,,,,,,,,,,,,,,,0,inf,,,,,,,,,,,,,,,,,,,,,
5.802260628013755,1788412690.0047655,control,waiting_for_state,0,0,inf,nan,nan,-1,nan,inf,nan,0,0,0,1.0,,,,,,,,,,,,,,,,,,,,,,,,,,,,,,,,,,,,,,,,,,,,,,,,,,,,0,inf,,,,,,,,,,,,,,,,,,,,,
5.813369871000759,1788412690.0158458,control,waiting_for_state,0,0,inf,nan,nan,-1,nan,inf,nan,0,0,0,1.0,,,,,,,,,,,,,,,,,,,,,,,,,,,,,,,,,,,,,,,,,,,,,,,,,,,,0,inf,,,,,,,,,,,,,,,,,,,,,
5.824369686000864,1788412690.026876,control,waiting_for_state,0,0,inf,nan,nan,-1,nan,inf,nan,0,0,0,1.0,,,,,,,,,,,,,,,,,,,,,,,,,,,,,,,,,,,,,,,,,,,,,,,,,,,,0,inf,,,,,,,,,,,,,,,,,,,,,
5.835475158004556,1788412690.0379717,control,waiting_for_state,0,0,inf,nan,nan,-1,nan,inf,nan,0,0,0,1.0,,,,,,,,,,,,,,,,,,,,,,,,,,,,,,,,,,,,,,,,,,,,,,,,,,,,0,inf,,,,,,,,,,,,,,,,,,,,,
5.846686575008789,1788412690.0491562,control,waiting_for_state,0,0,inf,nan,nan,-1,nan,inf,nan,0,0,0,1.0,,,,,,,,,,,,,,,,,,,,,,,,,,,,,,,,,,,,,,,,,,,,,,,,,,,,0,inf,,,,,,,,,,,,,,,,,,,,,
5.8578029130003415,1788412690.0602722,control,waiting_for_state,0,0,inf,nan,nan,-1,nan,inf,nan,0,0,0,1.0,,,,,,,,,,,,,,,,,,,,,,,,,,,,,,,,,,,,,,,,,,,,,,,,,,,,0,inf,,,,,,,,,,,,,,,,,,,,,
5.868839506001677,1788412690.0713174,control,waiting_for_state,0,0,inf,nan,nan,-1,nan,inf,nan,0,0,0,1.0,,,,,,,,,,,,,,,,,,,,,,,,,,,,,,,,,,,,,,,,,,,,,,,,,,,,0,inf,,,,,,,,,,,,,,,,,,,,,
5.880015619011829,1788412690.0824778,control,waiting_for_state,0,0,inf,nan,nan,-1,nan,inf,nan,0,0,0,1.0,,,,,,,,,,,,,,,,,,,,,,,,,,,,,,,,,,,,,,,,,,,,,,,,,,,,0,inf,,,,,,,,,,,,,,,,,,,,,
5.891132226010086,1788412690.0935986,control,waiting_for_state,0,0,inf,nan,nan,-1,nan,inf,nan,0,0,0,1.0,,,,,,,,,,,,,,,,,,,,,,,,,,,,,,,,,,,,,,,,,,,,,,,,,,,,0,inf,,,,,,,,,,,,,,,,,,,,,
5.90226353800972,1788412690.1047788,control,waiting_for_state,0,0,inf,nan,nan,-1,nan,inf,nan,0,0,0,1.0,,,,,,,,,,,,,,,,,,,,,,,,,,,,,,,,,,,,,,,,,,,,,,,,,,,,0,inf,,,,,,,,,,,,,,,,,,,,,
5.913255850013229,1788412690.115758,control,waiting_for_state,0,0,inf,nan,nan,-1,nan,inf,nan,0,0,0,1.0,,,,,,,,,,,,,,,,,,,,,,,,,,,,,,,,,,,,,,,,,,,,,,,,,,,,0,inf,,,,,,,,,,,,,,,,,,,,,
5.92435205601214,1788412690.126818,control,waiting_for_state,0,0,inf,nan,nan,-1,nan,inf,nan,0,0,0,1.0,,,,,,,,,,,,,,,,,,,,,,,,,,,,,,,,,,,,,,,,,,,,,,,,,,,,0,inf,,,,,,,,,,,,,,,,,,,,,
5.935458299005404,1788412690.1379254,control,waiting_for_state,0,0,inf,nan,nan,-1,nan,inf,nan,0,0,0,1.0,,,,,,,,,,,,,,,,,,,,,,,,,,,,,,,,,,,,,,,,,,,,,,,,,,,,0,inf,,,,,,,,,,,,,,,,,,,,,
5.9467163140070625,1788412690.1492429,control,waiting_for_state,0,0,inf,nan,nan,-1,nan,inf,nan,0,0,0,1.0,,,,,,,,,,,,,,,,,,,,,,,,,,,,,,,,,,,,,,,,,,,,,,,,,,,,0,inf,,,,,,,,,,,,,,,,,,,,,
5.957823510005255,1788412690.160356,control,waiting_for_state,0,0,inf,nan,nan,-1,nan,inf,nan,0,0,0,1.0,,,,,,,,,,,,,,,,,,,,,,,,,,,,,,,,,,,,,,,,,,,,,,,,,,,,0,inf,,,,,,,,,,,,,,,,,,,,,
5.968858638007077,1788412690.1713624,control,waiting_for_state,0,0,inf,nan,nan,-1,nan,inf,nan,0,0,0,1.0,,,,,,,,,,,,,,,,,,,,,,,,,,,,,,,,,,,,,,,,,,,,,,,,,,,,0,inf,,,,,,,,,,,,,,,,,,,,,
5.980065229014144,1788412690.182593,control,waiting_for_state,0,0,inf,nan,nan,-1,nan,inf,nan,0,0,0,1.0,,,,,,,,,,,,,,,,,,,,,,,,,,,,,,,,,,,,,,,,,,,,,,,,,,,,0,inf,,,,,,,,,,,,,,,,,,,,,
5.99116829400009,1788412690.193706,control,waiting_for_state,0,0,inf,nan,nan,-1,nan,inf,nan,0,0,0,1.0,,,,,,,,,,,,,,,,,,,,,,,,,,,,,,,,,,,,,,,,,,,,,,,,,,,,0,inf,,,,,,,,,,,,,,,,,,,,,
6.002296880003996,1788412690.2048628,control,waiting_for_state,0,0,inf,nan,nan,-1,nan,inf,nan,0,0,0,1.0,,,,,,,,,,,,,,,,,,,,,,,,,,,,,,,,,,,,,,,,,,,,,,,,,,,,0,inf,,,,,,,,,,,,,,,,,,,,,
6.013477530999808,1788412690.2161613,control,waiting_for_state,0,0,inf,nan,nan,-1,nan,inf,nan,0,0,0,1.0,,,,,,,,,,,,,,,,,,,,,,,,,,,,,,,,,,,,,,,,,,,,,,,,,,,,0,inf,,,,,,,,,,,,,,,,,,,,,
6.024377702007769,1788412690.2268443,control,waiting_for_state,0,0,inf,nan,nan,-1,nan,inf,nan,0,0,0,1.0,,,,,,,,,,,,,,,,,,,,,,,,,,,,,,,,,,,,,,,,,,,,,,,,,,,,0,inf,,,,,,,,,,,,,,,,,,,,,
6.035564329009503,1788412690.238019,control,waiting_for_state,0,0,inf,nan,nan,-1,nan,inf,nan,0,0,0,1.0,,,,,,,,,,,,,,,,,,,,,,,,,,,,,,,,,,,,,,,,,,,,,,,,,,,,0,inf,,,,,,,,,,,,,,,,,,,,,
6.046685808003531,1788412690.2502058,control,waiting_for_state,0,0,inf,nan,nan,-1,nan,inf,nan,0,0,0,1.0,,,,,,,,,,,,,,,,,,,,,,,,,,,,,,,,,,,,,,,,,,,,,,,,,,,,0,inf,,,,,,,,,,,,,,,,,,,,,
6.057777329013334,1788412690.2602842,control,waiting_for_state,0,0,inf,nan,nan,-1,nan,inf,nan,0,0,0,1.0,,,,,,,,,,,,,,,,,,,,,,,,,,,,,,,,,,,,,,,,,,,,,,,,,,,,0,inf,,,,,,,,,,,,,,,,,,,,,
6.06880703700881,1788412690.2713044,control,waiting_for_state,0,0,inf,nan,nan,-1,nan,inf,nan,0,0,0,1.0,,,,,,,,,,,,,,,,,,,,,,,,,,,,,,,,,,,,,,,,,,,,,,,,,,,,0,inf,,,,,,,,,,,,,,,,,,,,,
6.07991505600512,1788412690.2824092,control,waiting_for_state,0,0,inf,nan,nan,-1,nan,inf,nan,0,0,0,1.0,,,,,,,,,,,,,,,,,,,,,,,,,,,,,,,,,,,,,,,,,,,,,,,,,,,,0,inf,,,,,,,,,,,,,,,,,,,,,
6.091020707011921,1788412690.2935016,control,waiting_for_state,0,0,inf,nan,nan,-1,nan,inf,nan,0,0,0,1.0,,,,,,,,,,,,,,,,,,,,,,,,,,,,,,,,,,,,,,,,,,,,,,,,,,,,0,inf,,,,,,,,,,,,,,,,,,,,,
6.1022323180077365,1788412690.304714,control,waiting_for_state,0,0,inf,nan,nan,-1,nan,inf,nan,0,0,0,1.0,,,,,,,,,,,,,,,,,,,,,,,,,,,,,,,,,,,,,,,,,,,,,,,,,,,,0,inf,,,,,,,,,,,,,,,,,,,,,
6.113286440013326,1788412690.3157778,control,waiting_for_state,0,0,inf,nan,nan,-1,nan,inf,nan,0,0,0,1.0,,,,,,,,,,,,,,,,,,,,,,,,,,,,,,,,,,,,,,,,,,,,,,,,,,,,0,inf,,,,,,,,,,,,,,,,,,,,,
6.124374056002125,1788412690.3268967,control,waiting_for_state,0,0,inf,nan,nan,-1,nan,inf,nan,0,0,0,1.0,,,,,,,,,,,,,,,,,,,,,,,,,,,,,,,,,,,,,,,,,,,,,,,,,,,,0,inf,,,,,,,,,,,,,,,,,,,,,
6.135614061000524,1788412690.338121,control,waiting_for_state,0,0,inf,nan,nan,-1,nan,inf,nan,0,0,0,1.0,,,,,,,,,,,,,,,,,,,,,,,,,,,,,,,,,,,,,,,,,,,,,,,,,,,,0,inf,,,,,,,,,,,,,,,,,,,,,
6.146621727006277,1788412690.349123,control,waiting_for_state,0,0,inf,nan,nan,-1,nan,inf,nan,0,0,0,1.0,,,,,,,,,,,,,,,,,,,,,,,,,,,,,,,,,,,,,,,,,,,,,,,,,,,,0,inf,,,,,,,,,,,,,,,,,,,,,
6.157780136010842,1788412690.3603003,control,waiting_for_state,0,0,inf,nan,nan,-1,nan,inf,nan,0,0,0,1.0,,,,,,,,,,,,,,,,,,,,,,,,,,,,,,,,,,,,,,,,,,,,,,,,,,,,0,inf,,,,,,,,,,,,,,,,,,,,,
6.168876893003471,1788412690.3714383,control,waiting_for_state,0,0,inf,nan,nan,-1,nan,inf,nan,0,0,0,1.0,,,,,,,,,,,,,,,,,,,,,,,,,,,,,,,,,,,,,,,,,,,,,,,,,,,,0,inf,,,,,,,,,,,,,,,,,,,,,
6.180052898009308,1788412690.3826303,control,waiting_for_state,0,0,inf,nan,nan,-1,nan,inf,nan,0,0,0,1.0,,,,,,,,,,,,,,,,,,,,,,,,,,,,,,,,,,,,,,,,,,,,,,,,,,,,0,inf,,,,,,,,,,,,,,,,,,,,,
6.191202666013851,1788412690.3937986,control,waiting_for_state,0,0,inf,nan,nan,-1,nan,inf,nan,0,0,0,1.0,,,,,,,,,,,,,,,,,,,,,,,,,,,,,,,,,,,,,,,,,,,,,,,,,,,,0,inf,,,,,,,,,,,,,,,,,,,,,
6.20227712400083,1788412690.4047918,control,waiting_for_state,0,0,inf,nan,nan,-1,nan,inf,nan,0,0,0,1.0,,,,,,,,,,,,,,,,,,,,,,,,,,,,,,,,,,,,,,,,,,,,,,,,,,,,0,inf,,,,,,,,,,,,,,,,,,,,,
6.213432105010725,1788412690.41599,control,waiting_for_state,0,0,inf,nan,nan,-1,nan,inf,nan,0,0,0,1.0,,,,,,,,,,,,,,,,,,,,,,,,,,,,,,,,,,,,,,,,,,,,,,,,,,,,0,inf,,,,,,,,,,,,,,,,,,,,,
6.2245674160076305,1788412690.427396,control,waiting_for_state,0,0,inf,nan,nan,-1,nan,inf,nan,0,0,0,1.0,,,,,,,,,,,,,,,,,,,,,,,,,,,,,,,,,,,,,,,,,,,,,,,,,,,,0,inf,,,,,,,,,,,,,,,,,,,,,
6.235739857002045,1788412690.4384851,control,waiting_for_state,0,0,inf,nan,nan,-1,nan,inf,nan,0,0,0,1.0,,,,,,,,,,,,,,,,,,,,,,,,,,,,,,,,,,,,,,,,,,,,,,,,,,,,0,inf,,,,,,,,,,,,,,,,,,,,,
6.24673372801044,1788412690.4492059,control,waiting_for_state,0,0,inf,nan,nan,-1,nan,inf,nan,0,0,0,1.0,,,,,,,,,,,,,,,,,,,,,,,,,,,,,,,,,,,,,,,,,,,,,,,,,,,,0,inf,,,,,,,,,,,,,,,,,,,,,
6.257808219001163,1788412690.460265,control,waiting_for_state,0,0,inf,nan,nan,-1,nan,inf,nan,0,0,0,1.0,,,,,,,,,,,,,,,,,,,,,,,,,,,,,,,,,,,,,,,,,,,,,,,,,,,,0,inf,,,,,,,,,,,,,,,,,,,,,
6.2688421700004255,1788412690.4713433,control,waiting_for_state,0,0,inf,nan,nan,-1,nan,inf,nan,0,0,0,1.0,,,,,,,,,,,,,,,,,,,,,,,,,,,,,,,,,,,,,,,,,,,,,,,,,,,,0,inf,,,,,,,,,,,,,,,,,,,,,
6.280020505000721,1788412690.4824965,control,waiting_for_state,0,0,inf,nan,nan,-1,nan,inf,nan,0,0,0,1.0,,,,,,,,,,,,,,,,,,,,,,,,,,,,,,,,,,,,,,,,,,,,,,,,,,,,0,inf,,,,,,,,,,,,,,,,,,,,,
6.291140756002278,1788412690.493602,control,waiting_for_state,0,0,inf,nan,nan,-1,nan,inf,nan,0,0,0,1.0,,,,,,,,,,,,,,,,,,,,,,,,,,,,,,,,,,,,,,,,,,,,,,,,,,,,0,inf,,,,,,,,,,,,,,,,,,,,,
6.302226776009775,1788412690.5046897,control,waiting_for_state,0,0,inf,nan,nan,-1,nan,inf,nan,0,0,0,1.0,,,,,,,,,,,,,,,,,,,,,,,,,,,,,,,,,,,,,,,,,,,,,,,,,,,,0,inf,,,,,,,,,,,,,,,,,,,,,
6.313336617007735,1788412690.5157957,control,waiting_for_state,0,0,inf,nan,nan,-1,nan,inf,nan,0,0,0,1.0,,,,,,,,,,,,,,,,,,,,,,,,,,,,,,,,,,,,,,,,,,,,,,,,,,,,0,inf,,,,,,,,,,,,,,,,,,,,,
6.324348368012579,1788412690.5268152,control,waiting_for_state,0,0,inf,nan,nan,-1,nan,inf,nan,0,0,0,1.0,,,,,,,,,,,,,,,,,,,,,,,,,,,,,,,,,,,,,,,,,,,,,,,,,,,,0,inf,,,,,,,,,,,,,,,,,,,,,
6.335566130001098,1788412690.538034,control,waiting_for_state,0,0,inf,nan,nan,-1,nan,inf,nan,0,0,0,1.0,,,,,,,,,,,,,,,,,,,,,,,,,,,,,,,,,,,,,,,,,,,,,,,,,,,,0,inf,,,,,,,,,,,,,,,,,,,,,
6.346631057007471,1788412690.5491397,control,waiting_for_state,0,0,inf,nan,nan,-1,nan,inf,nan,0,0,0,1.0,,,,,,,,,,,,,,,,,,,,,,,,,,,,,,,,,,,,,,,,,,,,,,,,,,,,0,inf,,,,,,,,,,,,,,,,,,,,,
6.357694399004686,1788412690.560179,control,waiting_for_state,0,0,inf,nan,nan,-1,nan,inf,nan,0,0,0,1.0,,,,,,,,,,,,,,,,,,,,,,,,,,,,,,,,,,,,,,,,,,,,,,,,,,,,0,inf,,,,,,,,,,,,,,,,,,,,,
6.368874242005404,1788412690.5713377,control,waiting_for_state,0,0,inf,nan,nan,-1,nan,inf,nan,0,0,0,1.0,,,,,,,,,,,,,,,,,,,,,,,,,,,,,,,,,,,,,,,,,,,,,,,,,,,,0,inf,,,,,,,,,,,,,,,,,,,,,
6.380046539008617,1788412690.5825555,control,waiting_for_state,0,0,inf,nan,nan,-1,nan,inf,nan,0,0,0,1.0,,,,,,,,,,,,,,,,,,,,,,,,,,,,,,,,,,,,,,,,,,,,,,,,,,,,0,inf,,,,,,,,,,,,,,,,,,,,,
6.3911089560133405,1788412690.5937297,control,waiting_for_state,0,0,inf,nan,nan,-1,nan,inf,nan,0,0,0,1.0,,,,,,,,,,,,,,,,,,,,,,,,,,,,,,,,,,,,,,,,,,,,,,,,,,,,0,inf,,,,,,,,,,,,,,,,,,,,,
6.4023236600041855,1788412690.6049676,control,waiting_for_state,0,0,inf,nan,nan,-1,nan,inf,nan,0,0,0,1.0,,,,,,,,,,,,,,,,,,,,,,,,,,,,,,,,,,,,,,,,,,,,,,,,,,,,0,inf,,,,,,,,,,,,,,,,,,,,,
6.41342774000077,1788412690.6160269,control,waiting_for_state,0,0,inf,nan,nan,-1,nan,inf,nan,0,0,0,1.0,,,,,,,,,,,,,,,,,,,,,,,,,,,,,,,,,,,,,,,,,,,,,,,,,,,,0,inf,,,,,,,,,,,,,,,,,,,,,
6.424364611011697,1788412690.6268284,control,waiting_for_state,0,0,inf,nan,nan,-1,nan,inf,nan,0,0,0,1.0,,,,,,,,,,,,,,,,,,,,,,,,,,,,,,,,,,,,,,,,,,,,,,,,,,,,0,inf,,,,,,,,,,,,,,,,,,,,,
6.435572731003049,1788412690.6381145,control,waiting_for_state,0,0,inf,nan,nan,-1,nan,inf,nan,0,0,0,1.0,,,,,,,,,,,,,,,,,,,,,,,,,,,,,,,,,,,,,,,,,,,,,,,,,,,,0,inf,,,,,,,,,,,,,,,,,,,,,
6.446811013011029,1788412690.649279,control,waiting_for_state,0,0,inf,nan,nan,-1,nan,inf,nan,0,0,0,1.0,,,,,,,,,,,,,,,,,,,,,,,,,,,,,,,,,,,,,,,,,,,,,,,,,,,,0,inf,,,,,,,,,,,,,,,,,,,,,
6.457915527003934,1788412690.6604707,control,waiting_for_state,0,0,inf,nan,nan,-1,nan,inf,nan,0,0,0,1.0,,,,,,,,,,,,,,,,,,,,,,,,,,,,,,,,,,,,,,,,,,,,,,,,,,,,0,inf,,,,,,,,,,,,,,,,,,,,,
6.468825803007348,1788412690.671331,control,waiting_for_state,0,0,inf,nan,nan,-1,nan,inf,nan,0,0,0,1.0,,,,,,,,,,,,,,,,,,,,,,,,,,,,,,,,,,,,,,,,,,,,,,,,,,,,0,inf,,,,,,,,,,,,,,,,,,,,,
6.479949716012925,1788412690.6824312,control,waiting_for_state,0,0,inf,nan,nan,-1,nan,inf,nan,0,0,0,1.0,,,,,,,,,,,,,,,,,,,,,,,,,,,,,,,,,,,,,,,,,,,,,,,,,,,,0,inf,,,,,,,,,,,,,,,,,,,,,
6.491083607004839,1788412690.6936083,control,waiting_for_state,0,0,inf,nan,nan,-1,nan,inf,nan,0,0,0,1.0,,,,,,,,,,,,,,,,,,,,,,,,,,,,,,,,,,,,,,,,,,,,,,,,,,,,0,inf,,,,,,,,,,,,,,,,,,,,,
6.502244989009341,1788412690.7047536,control,waiting_for_state,0,0,inf,nan,nan,-1,nan,inf,nan,0,0,0,1.0,,,,,,,,,,,,,,,,,,,,,,,,,,,,,,,,,,,,,,,,,,,,,,,,,,,,0,inf,,,,,,,,,,,,,,,,,,,,,
6.513325662002899,1788412690.7158055,control,waiting_for_state,0,0,inf,nan,nan,-1,nan,inf,nan,0,0,0,1.0,,,,,,,,,,,,,,,,,,,,,,,,,,,,,,,,,,,,,,,,,,,,,,,,,,,,0,inf,,,,,,,,,,,,,,,,,,,,,
6.524405299001955,1788412690.7269168,control,waiting_for_state,0,0,inf,nan,nan,-1,nan,inf,nan,0,0,0,1.0,,,,,,,,,,,,,,,,,,,,,,,,,,,,,,,,,,,,,,,,,,,,,,,,,,,,0,inf,,,,,,,,,,,,,,,,,,,,,
6.535497725009918,1788412690.7379754,control,waiting_for_state,0,0,inf,nan,nan,-1,nan,inf,nan,0,0,0,1.0,,,,,,,,,,,,,,,,,,,,,,,,,,,,,,,,,,,,,,,,,,,,,,,,,,,,0,inf,,,,,,,,,,,,,,,,,,,,,
6.546609403012553,1788412690.7490907,control,waiting_for_state,0,0,inf,nan,nan,-1,nan,inf,nan,0,0,0,1.0,,,,,,,,,,,,,,,,,,,,,,,,,,,,,,,,,,,,,,,,,,,,,,,,,,,,0,inf,,,,,,,,,,,,,,,,,,,,,
6.557741773009184,1788412690.760225,control,waiting_for_state,0,0,inf,nan,nan,-1,nan,inf,nan,0,0,0,1.0,,,,,,,,,,,,,,,,,,,,,,,,,,,,,,,,,,,,,,,,,,,,,,,,,,,,0,inf,,,,,,,,,,,,,,,,,,,,,
6.568840513005853,1788412690.7713196,control,waiting_for_state,0,0,inf,nan,nan,-1,nan,inf,nan,0,0,0,1.0,,,,,,,,,,,,,,,,,,,,,,,,,,,,,,,,,,,,,,,,,,,,,,,,,,,,0,inf,,,,,,,,,,,,,,,,,,,,,
6.579930812004022,1788412690.7824438,control,waiting_for_state,0,0,inf,nan,nan,-1,nan,inf,nan,0,0,0,1.0,,,,,,,,,,,,,,,,,,,,,,,,,,,,,,,,,,,,,,,,,,,,,,,,,,,,0,inf,,,,,,,,,,,,,,,,,,,,,
6.591082449012902,1788412690.7935917,control,waiting_for_state,0,0,inf,nan,nan,-1,nan,inf,nan,0,0,0,1.0,,,,,,,,,,,,,,,,,,,,,,,,,,,,,,,,,,,,,,,,,,,,,,,,,,,,0,inf,,,,,,,,,,,,,,,,,,,,,
6.60222249700746,1788412690.804761,control,waiting_for_state,0,0,inf,nan,nan,-1,nan,inf,nan,0,0,0,1.0,,,,,,,,,,,,,,,,,,,,,,,,,,,,,,,,,,,,,,,,,,,,,,,,,,,,0,inf,,,,,,,,,,,,,,,,,,,,,
6.613352758009569,1788412690.815957,control,waiting_for_state,0,0,inf,nan,nan,-1,nan,inf,nan,0,0,0,1.0,,,,,,,,,,,,,,,,,,,,,,,,,,,,,,,,,,,,,,,,,,,,,,,,,,,,0,inf,,,,,,,,,,,,,,,,,,,,,
6.6244032550021075,1788412690.8269546,control,waiting_for_state,0,0,inf,nan,nan,-1,nan,inf,nan,0,0,0,1.0,,,,,,,,,,,,,,,,,,,,,,,,,,,,,,,,,,,,,,,,,,,,,,,,,,,,0,inf,,,,,,,,,,,,,,,,,,,,,
6.635546735007665,1788412690.8381104,control,waiting_for_state,0,0,inf,nan,nan,-1,nan,inf,nan,0,0,0,1.0,,,,,,,,,,,,,,,,,,,,,,,,,,,,,,,,,,,,,,,,,,,,,,,,,,,,0,inf,,,,,,,,,,,,,,,,,,,,,
6.646726115010097,1788412690.8492854,control,waiting_for_state,0,0,inf,nan,nan,-1,nan,inf,nan,0,0,0,1.0,,,,,,,,,,,,,,,,,,,,,,,,,,,,,,,,,,,,,,,,,,,,,,,,,,,,0,inf,,,,,,,,,,,,,,,,,,,,,
6.657872190000489,1788412690.8605115,control,waiting_for_state,0,0,inf,nan,nan,-1,nan,inf,nan,0,0,0,1.0,,,,,,,,,,,,,,,,,,,,,,,,,,,,,,,,,,,,,,,,,,,,,,,,,,,,0,inf,,,,,,,,,,,,,,,,,,,,,
6.66893984300259,1788412690.8715866,control,waiting_for_state,0,0,inf,nan,nan,-1,nan,inf,nan,0,0,0,1.0,,,,,,,,,,,,,,,,,,,,,,,,,,,,,,,,,,,,,,,,,,,,,,,,,,,,0,inf,,,,,,,,,,,,,,,,,,,,,
6.680096889002016,1788412690.882782,control,waiting_for_state,0,0,inf,nan,nan,-1,nan,inf,nan,0,0,0,1.0,,,,,,,,,,,,,,,,,,,,,,,,,,,,,,,,,,,,,,,,,,,,,,,,,,,,0,inf,,,,,,,,,,,,,,,,,,,,,
6.691117803013185,1788412690.8936875,control,waiting_for_state,0,0,inf,nan,nan,-1,nan,inf,nan,0,0,0,1.0,,,,,,,,,,,,,,,,,,,,,,,,,,,,,,,,,,,,,,,,,,,,,,,,,,,,0,inf,,,,,,,,,,,,,,,,,,,,,
6.70214901601139,1788412690.9046304,control,waiting_for_state,0,0,inf,nan,nan,-1,nan,inf,nan,0,0,0,1.0,,,,,,,,,,,,,,,,,,,,,,,,,,,,,,,,,,,,,,,,,,,,,,,,,,,,0,inf,,,,,,,,,,,,,,,,,,,,,
6.71328876100597,1788412690.9157991,control,waiting_for_state,0,0,inf,nan,nan,-1,nan,inf,nan,0,0,0,1.0,,,,,,,,,,,,,,,,,,,,,,,,,,,,,,,,,,,,,,,,,,,,,,,,,,,,0,inf,,,,,,,,,,,,,,,,,,,,,
6.724372634009342,1788412690.9268916,control,waiting_for_state,0,0,inf,nan,nan,-1,nan,inf,nan,0,0,0,1.0,,,,,,,,,,,,,,,,,,,,,,,,,,,,,,,,,,,,,,,,,,,,,,,,,,,,0,inf,,,,,,,,,,,,,,,,,,,,,
6.735564314003568,1788412690.9380436,control,waiting_for_state,0,0,inf,nan,nan,-1,nan,inf,nan,0,0,0,1.0,,,,,,,,,,,,,,,,,,,,,,,,,,,,,,,,,,,,,,,,,,,,,,,,,,,,0,inf,,,,,,,,,,,,,,,,,,,,,
6.746672008011956,1788412690.9491546,control,waiting_for_state,0,0,inf,nan,nan,-1,nan,inf,nan,0,0,0,1.0,,,,,,,,,,,,,,,,,,,,,,,,,,,,,,,,,,,,,,,,,,,,,,,,,,,,0,inf,,,,,,,,,,,,,,,,,,,,,
6.757731714009424,1788412690.9602196,control,waiting_for_state,0,0,inf,nan,nan,-1,nan,inf,nan,0,0,0,1.0,,,,,,,,,,,,,,,,,,,,,,,,,,,,,,,,,,,,,,,,,,,,,,,,,,,,0,inf,,,,,,,,,,,,,,,,,,,,,
6.768846842009225,1788412690.971331,control,waiting_for_state,0,0,inf,nan,nan,-1,nan,inf,nan,0,0,0,1.0,,,,,,,,,,,,,,,,,,,,,,,,,,,,,,,,,,,,,,,,,,,,,,,,,,,,0,inf,,,,,,,,,,,,,,,,,,,,,
6.779960823012516,1788412690.9824636,control,waiting_for_state,0,0,inf,nan,nan,-1,nan,inf,nan,0,0,0,1.0,,,,,,,,,,,,,,,,,,,,,,,,,,,,,,,,,,,,,,,,,,,,,,,,,,,,0,inf,,,,,,,,,,,,,,,,,,,,,
6.791036096008611,1788412690.9935458,control,waiting_for_state,0,0,inf,nan,nan,-1,nan,inf,nan,0,0,0,1.0,,,,,,,,,,,,,,,,,,,,,,,,,,,,,,,,,,,,,,,,,,,,,,,,,,,,0,inf,,,,,,,,,,,,,,,,,,,,,
6.802204624007572,1788412691.0047402,control,waiting_for_state,0,0,inf,nan,nan,-1,nan,inf,nan,0,0,0,1.0,,,,,,,,,,,,,,,,,,,,,,,,,,,,,,,,,,,,,,,,,,,,,,,,,,,,0,inf,,,,,,,,,,,,,,,,,,,,,
6.813294313004008,1788412691.0158007,control,waiting_for_state,0,0,inf,nan,nan,-1,nan,inf,nan,0,0,0,1.0,,,,,,,,,,,,,,,,,,,,,,,,,,,,,,,,,,,,,,,,,,,,,,,,,,,,0,inf,,,,,,,,,,,,,,,,,,,,,
6.824359633013955,1788412691.0268204,control,waiting_for_state,0,0,inf,nan,nan,-1,nan,inf,nan,0,0,0,1.0,,,,,,,,,,,,,,,,,,,,,,,,,,,,,,,,,,,,,,,,,,,,,,,,,,,,0,inf,,,,,,,,,,,,,,,,,,,,,
6.835448637008085,1788412691.0379136,control,waiting_for_state,0,0,inf,nan,nan,-1,nan,inf,nan,0,0,0,1.0,,,,,,,,,,,,,,,,,,,,,,,,,,,,,,,,,,,,,,,,,,,,,,,,,,,,0,inf,,,,,,,,,,,,,,,,,,,,,
6.846615123009542,1788412691.049085,control,waiting_for_state,0,0,inf,nan,nan,-1,nan,inf,nan,0,0,0,1.0,,,,,,,,,,,,,,,,,,,,,,,,,,,,,,,,,,,,,,,,,,,,,,,,,,,,0,inf,,,,,,,,,,,,,,,,,,,,,
6.85771602501336,1788412691.0601695,control,waiting_for_state,0,0,inf,nan,nan,-1,nan,inf,nan,0,0,0,1.0,,,,,,,,,,,,,,,,,,,,,,,,,,,,,,,,,,,,,,,,,,,,,,,,,,,,0,inf,,,,,,,,,,,,,,,,,,,,,
6.868807975013624,1788412691.0713034,control,waiting_for_state,0,0,inf,nan,nan,-1,nan,inf,nan,0,0,0,1.0,,,,,,,,,,,,,,,,,,,,,,,,,,,,,,,,,,,,,,,,,,,,,,,,,,,,0,inf,,,,,,,,,,,,,,,,,,,,,
6.8799664540129015,1788412691.0824702,control,waiting_for_state,0,0,inf,nan,nan,-1,nan,inf,nan,0,0,0,1.0,,,,,,,,,,,,,,,,,,,,,,,,,,,,,,,,,,,,,,,,,,,,,,,,,,,,0,inf,,,,,,,,,,,,,,,,,,,,,
6.8910589380102465,1788412691.0935314,control,waiting_for_state,0,0,inf,nan,nan,-1,nan,inf,nan,0,0,0,1.0,,,,,,,,,,,,,,,,,,,,,,,,,,,,,,,,,,,,,,,,,,,,,,,,,,,,0,inf,,,,,,,,,,,,,,,,,,,,,
6.902178868011106,1788412691.1046703,control,waiting_for_state,0,0,inf,nan,nan,-1,nan,inf,nan,0,0,0,1.0,,,,,,,,,,,,,,,,,,,,,,,,,,,,,,,,,,,,,,,,,,,,,,,,,,,,0,inf,,,,,,,,,,,,,,,,,,,,,
6.913360468010069,1788412691.1159046,control,waiting_for_state,0,0,inf,nan,nan,-1,nan,inf,nan,0,0,0,1.0,,,,,,,,,,,,,,,,,,,,,,,,,,,,,,,,,,,,,,,,,,,,,,,,,,,,0,inf,,,,,,,,,,,,,,,,,,,,,
6.924372710011085,1788412691.1268656,control,waiting_for_state,0,0,inf,nan,nan,-1,nan,inf,nan,0,0,0,1.0,,,,,,,,,,,,,,,,,,,,,,,,,,,,,,,,,,,,,,,,,,,,,,,,,,,,0,inf,,,,,,,,,,,,,,,,,,,,,
6.935567247011932,1788412691.1380324,control,waiting_for_state,0,0,inf,nan,nan,-1,nan,inf,nan,0,0,0,1.0,,,,,,,,,,,,,,,,,,,,,,,,,,,,,,,,,,,,,,,,,,,,,,,,,,,,0,inf,,,,,,,,,,,,,,,,,,,,,
6.946696426006383,1788412691.1491945,control,waiting_for_state,0,0,inf,nan,nan,-1,nan,inf,nan,0,0,0,1.0,,,,,,,,,,,,,,,,,,,,,,,,,,,,,,,,,,,,,,,,,,,,,,,,,,,,0,inf,,,,,,,,,,,,,,,,,,,,,
6.957787283012294,1788412691.1602561,control,waiting_for_state,0,0,inf,nan,nan,-1,nan,inf,nan,0,0,0,1.0,,,,,,,,,,,,,,,,,,,,,,,,,,,,,,,,,,,,,,,,,,,,,,,,,,,,0,inf,,,,,,,,,,,,,,,,,,,,,
6.968903187007527,1788412691.1713696,control,waiting_for_state,0,0,inf,nan,nan,-1,nan,inf,nan,0,0,0,1.0,,,,,,,,,,,,,,,,,,,,,,,,,,,,,,,,,,,,,,,,,,,,,,,,,,,,0,inf,,,,,,,,,,,,,,,,,,,,,
6.980031991013675,1788412691.1825302,control,waiting_for_state,0,0,inf,nan,nan,-1,nan,inf,nan,0,0,0,1.0,,,,,,,,,,,,,,,,,,,,,,,,,,,,,,,,,,,,,,,,,,,,,,,,,,,,0,inf,,,,,,,,,,,,,,,,,,,,,
6.99113483200199,1788412691.1935992,control,waiting_for_state,0,0,inf,nan,nan,-1,nan,inf,nan,0,0,0,1.0,,,,,,,,,,,,,,,,,,,,,,,,,,,,,,,,,,,,,,,,,,,,,,,,,,,,0,inf,,,,,,,,,,,,,,,,,,,,,
7.002230983009213,1788412691.204691,control,waiting_for_state,0,0,inf,nan,nan,-1,nan,inf,nan,0,0,0,1.0,,,,,,,,,,,,,,,,,,,,,,,,,,,,,,,,,,,,,,,,,,,,,,,,,,,,0,inf,,,,,,,,,,,,,,,,,,,,,
7.013339049008209,1788412691.215803,control,waiting_for_state,0,0,inf,nan,nan,-1,nan,inf,nan,0,0,0,1.0,,,,,,,,,,,,,,,,,,,,,,,,,,,,,,,,,,,,,,,,,,,,,,,,,,,,0,inf,,,,,,,,,,,,,,,,,,,,,
7.024338647010154,1788412691.226868,control,waiting_for_state,0,0,inf,nan,nan,-1,nan,inf,nan,0,0,0,1.0,,,,,,,,,,,,,,,,,,,,,,,,,,,,,,,,,,,,,,,,,,,,,,,,,,,,0,inf,,,,,,,,,,,,,,,,,,,,,
7.03545695100911,1788412691.2379339,control,waiting_for_state,0,0,inf,nan,nan,-1,nan,inf,nan,0,0,0,1.0,,,,,,,,,,,,,,,,,,,,,,,,,,,,,,,,,,,,,,,,,,,,,,,,,,,,0,inf,,,,,,,,,,,,,,,,,,,,,
7.0465595300047426,1788412691.2489994,control,waiting_for_state,0,0,inf,nan,nan,-1,nan,inf,nan,0,0,0,1.0,,,,,,,,,,,,,,,,,,,,,,,,,,,,,,,,,,,,,,,,,,,,,,,,,,,,0,inf,,,,,,,,,,,,,,,,,,,,,
7.057680324011017,1788412691.2613454,control,waiting_for_state,0,0,inf,nan,nan,-1,nan,inf,nan,0,0,0,1.0,,,,,,,,,,,,,,,,,,,,,,,,,,,,,,,,,,,,,,,,,,,,,,,,,,,,0,inf,,,,,,,,,,,,,,,,,,,,,
7.06885125800909,1788412691.2713523,control,waiting_for_state,0,0,inf,nan,nan,-1,nan,inf,nan,0,0,0,1.0,,,,,,,,,,,,,,,,,,,,,,,,,,,,,,,,,,,,,,,,,,,,,,,,,,,,0,inf,,,,,,,,,,,,,,,,,,,,,
7.07995382900117,1788412691.2824278,control,waiting_for_state,0,0,inf,nan,nan,-1,nan,inf,nan,0,0,0,1.0,,,,,,,,,,,,,,,,,,,,,,,,,,,,,,,,,,,,,,,,,,,,,,,,,,,,0,inf,,,,,,,,,,,,,,,,,,,,,
7.09105882201402,1788412691.29355,control,waiting_for_state,0,0,inf,nan,nan,-1,nan,inf,nan,0,0,0,1.0,,,,,,,,,,,,,,,,,,,,,,,,,,,,,,,,,,,,,,,,,,,,,,,,,,,,0,inf,,,,,,,,,,,,,,,,,,,,,
7.102149317011936,1788412691.3046584,control,waiting_for_state,0,0,inf,nan,nan,-1,nan,inf,nan,0,0,0,1.0,,,,,,,,,,,,,,,,,,,,,,,,,,,,,,,,,,,,,,,,,,,,,,,,,,,,0,inf,,,,,,,,,,,,,,,,,,,,,
7.113285279003321,1788412691.3157678,control,waiting_for_state,0,0,inf,nan,nan,-1,nan,inf,nan,0,0,0,1.0,,,,,,,,,,,,,,,,,,,,,,,,,,,,,,,,,,,,,,,,,,,,,,,,,,,,0,inf,,,,,,,,,,,,,,,,,,,,,
7.124364066999988,1788412691.3268657,control,waiting_for_state,0,0,inf,nan,nan,-1,nan,inf,nan,0,0,0,1.0,,,,,,,,,,,,,,,,,,,,,,,,,,,,,,,,,,,,,,,,,,,,,,,,,,,,0,inf,,,,,,,,,,,,,,,,,,,,,
7.135515304005821,1788412691.3380451,control,waiting_for_state,0,0,inf,nan,nan,-1,nan,inf,nan,0,0,0,1.0,,,,,,,,,,,,,,,,,,,,,,,,,,,,,,,,,,,,,,,,,,,,,,,,,,,,0,inf,,,,,,,,,,,,,,,,,,,,,
7.1465932030114345,1788412691.349025,control,waiting_for_state,0,0,inf,nan,nan,-1,nan,inf,nan,0,0,0,1.0,,,,,,,,,,,,,,,,,,,,,,,,,,,,,,,,,,,,,,,,,,,,,,,,,,,,0,inf,,,,,,,,,,,,,,,,,,,,,
7.157656314011547,1788412691.3600826,control,waiting_for_state,0,0,inf,nan,nan,-1,nan,inf,nan,0,0,0,1.0,,,,,,,,,,,,,,,,,,,,,,,,,,,,,,,,,,,,,,,,,,,,,,,,,,,,0,inf,,,,,,,,,,,,,,,,,,,,,
7.168836600001669,1788412691.371334,control,waiting_for_state,0,0,inf,nan,nan,-1,nan,inf,nan,0,0,0,1.0,,,,,,,,,,,,,,,,,,,,,,,,,,,,,,,,,,,,,,,,,,,,,,,,,,,,0,inf,,,,,,,,,,,,,,,,,,,,,
7.1799029470130336,1788412691.3823788,control,waiting_for_state,0,0,inf,nan,nan,-1,nan,inf,nan,0,0,0,1.0,,,,,,,,,,,,,,,,,,,,,,,,,,,,,,,,,,,,,,,,,,,,,,,,,,,,0,inf,,,,,,,,,,,,,,,,,,,,,
7.191059206001228,1788412691.393523,control,waiting_for_state,0,0,inf,nan,nan,-1,nan,inf,nan,0,0,0,1.0,,,,,,,,,,,,,,,,,,,,,,,,,,,,,,,,,,,,,,,,,,,,,,,,,,,,0,inf,,,,,,,,,,,,,,,,,,,,,
7.202228089008713,1788412691.4046915,control,waiting_for_state,0,0,inf,nan,nan,-1,nan,inf,nan,0,0,0,1.0,,,,,,,,,,,,,,,,,,,,,,,,,,,,,,,,,,,,,,,,,,,,,,,,,,,,0,inf,,,,,,,,,,,,,,,,,,,,,
7.2133487009996315,1788412691.4158077,control,waiting_for_state,0,0,inf,nan,nan,-1,nan,inf,nan,0,0,0,1.0,,,,,,,,,,,,,,,,,,,,,,,,,,,,,,,,,,,,,,,,,,,,,,,,,,,,0,inf,,,,,,,,,,,,,,,,,,,,,
7.22434251201048,1788412691.4267974,control,waiting_for_state,0,0,inf,nan,nan,-1,nan,inf,nan,0,0,0,1.0,,,,,,,,,,,,,,,,,,,,,,,,,,,,,,,,,,,,,,,,,,,,,,,,,,,,0,inf,,,,,,,,,,,,,,,,,,,,,
7.235512078012107,1788412691.438012,control,waiting_for_state,0,0,inf,nan,nan,-1,nan,inf,nan,0,0,0,1.0,,,,,,,,,,,,,,,,,,,,,,,,,,,,,,,,,,,,,,,,,,,,,,,,,,,,0,inf,,,,,,,,,,,,,,,,,,,,,
7.246592502007843,1788412691.449109,control,waiting_for_state,0,0,inf,nan,nan,-1,nan,inf,nan,0,0,0,1.0,,,,,,,,,,,,,,,,,,,,,,,,,,,,,,,,,,,,,,,,,,,,,,,,,,,,0,inf,,,,,,,,,,,,,,,,,,,,,
7.257714701001532,1788412691.4602158,control,waiting_for_state,0,0,inf,nan,nan,-1,nan,inf,nan,0,0,0,1.0,,,,,,,,,,,,,,,,,,,,,,,,,,,,,,,,,,,,,,,,,,,,,,,,,,,,0,inf,,,,,,,,,,,,,,,,,,,,,
7.268802277001669,1788412691.4712985,control,waiting_for_state,0,0,inf,nan,nan,-1,nan,inf,nan,0,0,0,1.0,,,,,,,,,,,,,,,,,,,,,,,,,,,,,,,,,,,,,,,,,,,,,,,,,,,,0,inf,,,,,,,,,,,,,,,,,,,,,
7.2799631810048595,1788412691.4824445,control,waiting_for_state,0,0,inf,nan,nan,-1,nan,inf,nan,0,0,0,1.0,,,,,,,,,,,,,,,,,,,,,,,,,,,,,,,,,,,,,,,,,,,,,,,,,,,,0,inf,,,,,,,,,,,,,,,,,,,,,
7.291066300007515,1788412691.4935825,control,waiting_for_state,0,0,inf,nan,nan,-1,nan,inf,nan,0,0,0,1.0,,,,,,,,,,,,,,,,,,,,,,,,,,,,,,,,,,,,,,,,,,,,,,,,,,,,0,inf,,,,,,,,,,,,,,,,,,,,,
7.302133427001536,1788412691.5046134,control,waiting_for_state,0,0,inf,nan,nan,-1,nan,inf,nan,0,0,0,1.0,,,,,,,,,,,,,,,,,,,,,,,,,,,,,,,,,,,,,,,,,,,,,,,,,,,,0,inf,,,,,,,,,,,,,,,,,,,,,
7.313246154008084,1788412691.5157392,control,waiting_for_state,0,0,inf,nan,nan,-1,nan,inf,nan,0,0,0,1.0,,,,,,,,,,,,,,,,,,,,,,,,,,,,,,,,,,,,,,,,,,,,,,,,,,,,0,inf,,,,,,,,,,,,,,,,,,,,,
7.324377828001161,1788412691.5268898,control,waiting_for_state,0,0,inf,nan,nan,-1,nan,inf,nan,0,0,0,1.0,,,,,,,,,,,,,,,,,,,,,,,,,,,,,,,,,,,,,,,,,,,,,,,,,,,,0,inf,,,,,,,,,,,,,,,,,,,,,
7.335514335005428,1788412691.5380113,control,waiting_for_state,0,0,inf,nan,nan,-1,nan,inf,nan,0,0,0,1.0,,,,,,,,,,,,,,,,,,,,,,,,,,,,,,,,,,,,,,,,,,,,,,,,,,,,0,inf,,,,,,,,,,,,,,,,,,,,,
7.346742031004396,1788412691.549291,control,waiting_for_state,0,0,inf,nan,nan,-1,nan,inf,nan,0,0,0,1.0,,,,,,,,,,,,,,,,,,,,,,,,,,,,,,,,,,,,,,,,,,,,,,,,,,,,0,inf,,,,,,,,,,,,,,,,,,,,,
7.357888846003334,1788412691.560509,control,waiting_for_state,0,0,inf,nan,nan,-1,nan,inf,nan,0,0,0,1.0,,,,,,,,,,,,,,,,,,,,,,,,,,,,,,,,,,,,,,,,,,,,,,,,,,,,0,inf,,,,,,,,,,,,,,,,,,,,,
7.368866121003521,1788412691.57137,control,waiting_for_state,0,0,inf,nan,nan,-1,nan,inf,nan,0,0,0,1.0,,,,,,,,,,,,,,,,,,,,,,,,,,,,,,,,,,,,,,,,,,,,,,,,,,,,0,inf,,,,,,,,,,,,,,,,,,,,,
7.380011788001866,1788412691.58246,control,waiting_for_state,0,0,inf,nan,nan,-1,nan,inf,nan,0,0,0,1.0,,,,,,,,,,,,,,,,,,,,,,,,,,,,,,,,,,,,,,,,,,,,,,,,,,,,0,inf,,,,,,,,,,,,,,,,,,,,,
7.3911536280065775,1788412691.5936494,control,waiting_for_state,0,0,inf,nan,nan,-1,nan,inf,nan,0,0,0,1.0,,,,,,,,,,,,,,,,,,,,,,,,,,,,,,,,,,,,,,,,,,,,,,,,,,,,0,inf,,,,,,,,,,,,,,,,,,,,,
7.402230617008172,1788412691.6046932,control,waiting_for_state,0,0,inf,nan,nan,-1,nan,inf,nan,0,0,0,1.0,,,,,,,,,,,,,,,,,,,,,,,,,,,,,,,,,,,,,,,,,,,,,,,,,,,,0,inf,,,,,,,,,,,,,,,,,,,,,
7.413357284007361,1788412691.615842,control,waiting_for_state,0,0,inf,nan,nan,-1,nan,inf,nan,0,0,0,1.0,,,,,,,,,,,,,,,,,,,,,,,,,,,,,,,,,,,,,,,,,,,,,,,,,,,,0,inf,,,,,,,,,,,,,,,,,,,,,
7.4243490700027905,1788412691.6268146,control,waiting_for_state,0,0,inf,nan,nan,-1,nan,inf,nan,0,0,0,1.0,,,,,,,,,,,,,,,,,,,,,,,,,,,,,,,,,,,,,,,,,,,,,,,,,,,,0,inf,,,,,,,,,,,,,,,,,,,,,
7.435571650014026,1788412691.6380298,control,waiting_for_state,0,0,inf,nan,nan,-1,nan,inf,nan,0,0,0,1.0,,,,,,,,,,,,,,,,,,,,,,,,,,,,,,,,,,,,,,,,,,,,,,,,,,,,0,inf,,,,,,,,,,,,,,,,,,,,,
7.446669478013064,1788412691.649125,control,waiting_for_state,0,0,inf,nan,nan,-1,nan,inf,nan,0,0,0,1.0,,,,,,,,,,,,,,,,,,,,,,,,,,,,,,,,,,,,,,,,,,,,,,,,,,,,0,inf,,,,,,,,,,,,,,,,,,,,,
7.4576780700008385,1788412691.6601377,control,waiting_for_state,0,0,inf,nan,nan,-1,nan,inf,nan,0,0,0,1.0,,,,,,,,,,,,,,,,,,,,,,,,,,,,,,,,,,,,,,,,,,,,,,,,,,,,0,inf,,,,,,,,,,,,,,,,,,,,,
7.468849458004115,1788412691.671364,control,waiting_for_state,0,0,inf,nan,nan,-1,nan,inf,nan,0,0,0,1.0,,,,,,,,,,,,,,,,,,,,,,,,,,,,,,,,,,,,,,,,,,,,,,,,,,,,0,inf,,,,,,,,,,,,,,,,,,,,,
7.479924167011632,1788412691.6824217,control,waiting_for_state,0,0,inf,nan,nan,-1,nan,inf,nan,0,0,0,1.0,,,,,,,,,,,,,,,,,,,,,,,,,,,,,,,,,,,,,,,,,,,,,,,,,,,,0,inf,,,,,,,,,,,,,,,,,,,,,
7.491170324006816,1788412691.693645,control,waiting_for_state,0,0,inf,nan,nan,-1,nan,inf,nan,0,0,0,1.0,,,,,,,,,,,,,,,,,,,,,,,,,,,,,,,,,,,,,,,,,,,,,,,,,,,,0,inf,,,,,,,,,,,,,,,,,,,,,
7.502226045005955,1788412691.7046864,control,waiting_for_state,0,0,inf,nan,nan,-1,nan,inf,nan,0,0,0,1.0,,,,,,,,,,,,,,,,,,,,,,,,,,,,,,,,,,,,,,,,,,,,,,,,,,,,0,inf,,,,,,,,,,,,,,,,,,,,,
7.513339649012778,1788412691.7158082,control,waiting_for_state,0,0,inf,nan,nan,-1,nan,inf,nan,0,0,0,1.0,,,,,,,,,,,,,,,,,,,,,,,,,,,,,,,,,,,,,,,,,,,,,,,,,,,,0,inf,,,,,,,,,,,,,,,,,,,,,
7.524415746011073,1788412691.727005,control,waiting_for_state,0,0,inf,nan,nan,-1,nan,inf,nan,0,0,0,1.0,,,,,,,,,,,,,,,,,,,,,,,,,,,,,,,,,,,,,,,,,,,,,,,,,,,,0,inf,,,,,,,,,,,,,,,,,,,,,
7.5355357010121224,1788412691.7380602,control,waiting_for_state,0,0,inf,nan,nan,-1,nan,inf,nan,0,0,0,1.0,,,,,,,,,,,,,,,,,,,,,,,,,,,,,,,,,,,,,,,,,,,,,,,,,,,,0,inf,,,,,,,,,,,,,,,,,,,,,
7.546609570010332,1788412691.7491472,control,waiting_for_state,0,0,inf,nan,nan,-1,nan,inf,nan,0,0,0,1.0,,,,,,,,,,,,,,,,,,,,,,,,,,,,,,,,,,,,,,,,,,,,,,,,,,,,0,inf,,,,,,,,,,,,,,,,,,,,,
7.557696426010807,1788412691.7601843,control,waiting_for_state,0,0,inf,nan,nan,-1,nan,inf,nan,0,0,0,1.0,,,,,,,,,,,,,,,,,,,,,,,,,,,,,,,,,,,,,,,,,,,,,,,,,,,,0,inf,,,,,,,,,,,,,,,,,,,,,
7.5688507790036965,1788412691.771365,control,waiting_for_state,0,0,inf,nan,nan,-1,nan,inf,nan,0,0,0,1.0,,,,,,,,,,,,,,,,,,,,,,,,,,,,,,,,,,,,,,,,,,,,,,,,,,,,0,inf,,,,,,,,,,,,,,,,,,,,,
7.5800525920058135,1788412691.7825708,control,waiting_for_state,0,0,inf,nan,nan,-1,nan,inf,nan,0,0,0,1.0,,,,,,,,,,,,,,,,,,,,,,,,,,,,,,,,,,,,,,,,,,,,,,,,,,,,0,inf,,,,,,,,,,,,,,,,,,,,,
7.591047731009894,1788412691.7935677,control,waiting_for_state,0,0,inf,nan,nan,-1,nan,inf,nan,0,0,0,1.0,,,,,,,,,,,,,,,,,,,,,,,,,,,,,,,,,,,,,,,,,,,,,,,,,,,,0,inf,,,,,,,,,,,,,,,,,,,,,
7.602138538000872,1788412691.8046236,control,waiting_for_state,0,0,inf,nan,nan,-1,nan,inf,nan,0,0,0,1.0,,,,,,,,,,,,,,,,,,,,,,,,,,,,,,,,,,,,,,,,,,,,,,,,,,,,0,inf,,,,,,,,,,,,,,,,,,,,,
7.613309571010177,1788412691.8158429,control,waiting_for_state,0,0,inf,nan,nan,-1,nan,inf,nan,0,0,0,1.0,,,,,,,,,,,,,,,,,,,,,,,,,,,,,,,,,,,,,,,,,,,,,,,,,,,,0,inf,,,,,,,,,,,,,,,,,,,,,
7.624380751003628,1788412691.826908,control,waiting_for_state,0,0,inf,nan,nan,-1,nan,inf,nan,0,0,0,1.0,,,,,,,,,,,,,,,,,,,,,,,,,,,,,,,,,,,,,,,,,,,,,,,,,,,,0,inf,,,,,,,,,,,,,,,,,,,,,
7.63553302201035,1788412691.8380625,control,waiting_for_state,0,0,inf,nan,nan,-1,nan,inf,nan,0,0,0,1.0,,,,,,,,,,,,,,,,,,,,,,,,,,,,,,,,,,,,,,,,,,,,,,,,,,,,0,inf,,,,,,,,,,,,,,,,,,,,,
7.646628916001646,1788412691.849128,control,waiting_for_state,0,0,inf,nan,nan,-1,nan,inf,nan,0,0,0,1.0,,,,,,,,,,,,,,,,,,,,,,,,,,,,,,,,,,,,,,,,,,,,,,,,,,,,0,inf,,,,,,,,,,,,,,,,,,,,,
7.6577304680104135,1788412691.8602238,control,waiting_for_state,0,0,inf,nan,nan,-1,nan,inf,nan,0,0,0,1.0,,,,,,,,,,,,,,,,,,,,,,,,,,,,,,,,,,,,,,,,,,,,,,,,,,,,0,inf,,,,,,,,,,,,,,,,,,,,,
7.668817129000672,1788412691.8713317,control,waiting_for_state,0,0,inf,nan,nan,-1,nan,inf,nan,0,0,0,1.0,,,,,,,,,,,,,,,,,,,,,,,,,,,,,,,,,,,,,,,,,,,,,,,,,,,,0,inf,,,,,,,,,,,,,,,,,,,,,
7.680027312002494,1788412691.8825161,control,waiting_for_state,0,0,inf,nan,nan,-1,nan,inf,nan,0,0,0,1.0,,,,,,,,,,,,,,,,,,,,,,,,,,,,,,,,,,,,,,,,,,,,,,,,,,,,0,inf,,,,,,,,,,,,,,,,,,,,,
7.691028010012815,1788412691.893515,control,waiting_for_state,0,0,inf,nan,nan,-1,nan,inf,nan,0,0,0,1.0,,,,,,,,,,,,,,,,,,,,,,,,,,,,,,,,,,,,,,,,,,,,,,,,,,,,0,inf,,,,,,,,,,,,,,,,,,,,,
7.7022403750015656,1788412691.904763,control,waiting_for_state,0,0,inf,nan,nan,-1,nan,inf,nan,0,0,0,1.0,,,,,,,,,,,,,,,,,,,,,,,,,,,,,,,,,,,,,,,,,,,,,,,,,,,,0,inf,,,,,,,,,,,,,,,,,,,,,
7.713360030000331,1788412691.9158905,control,waiting_for_state,0,0,inf,nan,nan,-1,nan,inf,nan,0,0,0,1.0,,,,,,,,,,,,,,,,,,,,,,,,,,,,,,,,,,,,,,,,,,,,,,,,,,,,0,inf,,,,,,,,,,,,,,,,,,,,,
7.724365203001071,1788412691.9268584,control,waiting_for_state,0,0,inf,nan,nan,-1,nan,inf,nan,0,0,0,1.0,,,,,,,,,,,,,,,,,,,,,,,,,,,,,,,,,,,,,,,,,,,,,,,,,,,,0,inf,,,,,,,,,,,,,,,,,,,,,
7.73550872800115,1788412691.937992,control,waiting_for_state,0,0,inf,nan,nan,-1,nan,inf,nan,0,0,0,1.0,,,,,,,,,,,,,,,,,,,,,,,,,,,,,,,,,,,,,,,,,,,,,,,,,,,,0,inf,,,,,,,,,,,,,,,,,,,,,
7.746674158013775,1788412691.9491596,control,waiting_for_state,0,0,inf,nan,nan,-1,nan,inf,nan,0,0,0,1.0,,,,,,,,,,,,,,,,,,,,,,,,,,,,,,,,,,,,,,,,,,,,,,,,,,,,0,inf,,,,,,,,,,,,,,,,,,,,,
7.757776747006574,1788412691.9602575,control,waiting_for_state,0,0,inf,nan,nan,-1,nan,inf,nan,0,0,0,1.0,,,,,,,,,,,,,,,,,,,,,,,,,,,,,,,,,,,,,,,,,,,,,,,,,,,,0,inf,,,,,,,,,,,,,,,,,,,,,
7.768840438002371,1788412691.9713247,control,waiting_for_state,0,0,inf,nan,nan,-1,nan,inf,nan,0,0,0,1.0,,,,,,,,,,,,,,,,,,,,,,,,,,,,,,,,,,,,,,,,,,,,,,,,,,,,0,inf,,,,,,,,,,,,,,,,,,,,,
7.7800148200039985,1788412691.982511,control,waiting_for_state,0,0,inf,nan,nan,-1,nan,inf,nan,0,0,0,1.0,,,,,,,,,,,,,,,,,,,,,,,,,,,,,,,,,,,,,,,,,,,,,,,,,,,,0,inf,,,,,,,,,,,,,,,,,,,,,
7.791062766002142,1788412691.9935544,control,waiting_for_state,0,0,inf,nan,nan,-1,nan,inf,nan,0,0,0,1.0,,,,,,,,,,,,,,,,,,,,,,,,,,,,,,,,,,,,,,,,,,,,,,,,,,,,0,inf,,,,,,,,,,,,,,,,,,,,,
7.802142662010738,1788412692.0046391,control,waiting_for_state,0,0,inf,nan,nan,-1,nan,inf,nan,0,0,0,1.0,,,,,,,,,,,,,,,,,,,,,,,,,,,,,,,,,,,,,,,,,,,,,,,,,,,,0,inf,,,,,,,,,,,,,,,,,,,,,
7.813324360002298,1788412692.0158234,control,waiting_for_state,0,0,inf,nan,nan,-1,nan,inf,nan,0,0,0,1.0,,,,,,,,,,,,,,,,,,,,,,,,,,,,,,,,,,,,,,,,,,,,,,,,,,,,0,inf,,,,,,,,,,,,,,,,,,,,,
7.824361835009768,1788412692.026847,control,waiting_for_state,0,0,inf,nan,nan,-1,nan,inf,nan,0,0,0,1.0,,,,,,,,,,,,,,,,,,,,,,,,,,,,,,,,,,,,,,,,,,,,,,,,,,,,0,inf,,,,,,,,,,,,,,,,,,,,,
7.835515087004751,1788412692.0380282,control,waiting_for_state,0,0,inf,nan,nan,-1,nan,inf,nan,0,0,0,1.0,,,,,,,,,,,,,,,,,,,,,,,,,,,,,,,,,,,,,,,,,,,,,,,,,,,,0,inf,,,,,,,,,,,,,,,,,,,,,
7.846723721013404,1788412692.049222,control,waiting_for_state,0,0,inf,nan,nan,-1,nan,inf,nan,0,0,0,1.0,,,,,,,,,,,,,,,,,,,,,,,,,,,,,,,,,,,,,,,,,,,,,,,,,,,,0,inf,,,,,,,,,,,,,,,,,,,,,
7.857755711011123,1788412692.0602763,control,waiting_for_state,0,0,inf,nan,nan,-1,nan,inf,nan,0,0,0,1.0,,,,,,,,,,,,,,,,,,,,,,,,,,,,,,,,,,,,,,,,,,,,,,,,,,,,0,inf,,,,,,,,,,,,,,,,,,,,,
7.868859362002695,1788412692.0713868,control,waiting_for_state,0,0,inf,nan,nan,-1,nan,inf,nan,0,0,0,1.0,,,,,,,,,,,,,,,,,,,,,,,,,,,,,,,,,,,,,,,,,,,,,,,,,,,,0,inf,,,,,,,,,,,,,,,,,,,,,
7.87993555101275,1788412692.082458,control,waiting_for_state,0,0,inf,nan,nan,-1,nan,inf,nan,0,0,0,1.0,,,,,,,,,,,,,,,,,,,,,,,,,,,,,,,,,,,,,,,,,,,,,,,,,,,,0,inf,,,,,,,,,,,,,,,,,,,,,
7.8910312940133736,1788412692.0935204,control,waiting_for_state,0,0,inf,nan,nan,-1,nan,inf,nan,0,0,0,1.0,,,,,,,,,,,,,,,,,,,,,,,,,,,,,,,,,,,,,,,,,,,,,,,,,,,,0,inf,,,,,,,,,,,,,,,,,,,,,
7.902169461012818,1788412692.1046548,control,waiting_for_state,0,0,inf,nan,nan,-1,nan,inf,nan,0,0,0,1.0,,,,,,,,,,,,,,,,,,,,,,,,,,,,,,,,,,,,,,,,,,,,,,,,,,,,0,inf,,,,,,,,,,,,,,,,,,,,,
7.913360665013897,1788412692.115897,control,waiting_for_state,0,0,inf,nan,nan,-1,nan,inf,nan,0,0,0,1.0,,,,,,,,,,,,,,,,,,,,,,,,,,,,,,,,,,,,,,,,,,,,,,,,,,,,0,inf,,,,,,,,,,,,,,,,,,,,,
7.924378498006263,1788412692.1268966,control,waiting_for_state,0,0,inf,nan,nan,-1,nan,inf,nan,0,0,0,1.0,,,,,,,,,,,,,,,,,,,,,,,,,,,,,,,,,,,,,,,,,,,,,,,,,,,,0,inf,,,,,,,,,,,,,,,,,,,,,
7.935479073013994,1788412692.1379707,control,waiting_for_state,0,0,inf,nan,nan,-1,nan,inf,nan,0,0,0,1.0,,,,,,,,,,,,,,,,,,,,,,,,,,,,,,,,,,,,,,,,,,,,,,,,,,,,0,inf,,,,,,,,,,,,,,,,,,,,,
7.94661983801052,1788412692.1491144,control,waiting_for_state,0,0,inf,nan,nan,-1,nan,inf,nan,0,0,0,1.0,,,,,,,,,,,,,,,,,,,,,,,,,,,,,,,,,,,,,,,,,,,,,,,,,,,,0,inf,,,,,,,,,,,,,,,,,,,,,
7.957705468012136,1788412692.1602178,control,waiting_for_state,0,0,inf,nan,nan,-1,nan,inf,nan,0,0,0,1.0,,,,,,,,,,,,,,,,,,,,,,,,,,,,,,,,,,,,,,,,,,,,,,,,,,,,0,inf,,,,,,,,,,,,,,,,,,,,,
7.968813912011683,1788412692.1713107,control,waiting_for_state,0,0,inf,nan,nan,-1,nan,inf,nan,0,0,0,1.0,,,,,,,,,,,,,,,,,,,,,,,,,,,,,,,,,,,,,,,,,,,,,,,,,,,,0,inf,,,,,,,,,,,,,,,,,,,,,
7.980019598006038,1788412692.1825154,control,waiting_for_state,0,0,inf,nan,nan,-1,nan,inf,nan,0,0,0,1.0,,,,,,,,,,,,,,,,,,,,,,,,,,,,,,,,,,,,,,,,,,,,,,,,,,,,0,inf,,,,,,,,,,,,,,,,,,,,,
7.991116666002199,1788412692.1936002,control,waiting_for_state,0,0,inf,nan,nan,-1,nan,inf,nan,0,0,0,1.0,,,,,,,,,,,,,,,,,,,,,,,,,,,,,,,,,,,,,,,,,,,,,,,,,,,,0,inf,,,,,,,,,,,,,,,,,,,,,
8.002243640003144,1788412692.2047284,control,waiting_for_state,0,0,inf,nan,nan,-1,nan,inf,nan,0,0,0,1.0,,,,,,,,,,,,,,,,,,,,,,,,,,,,,,,,,,,,,,,,,,,,,,,,,,,,0,inf,,,,,,,,,,,,,,,,,,,,,
8.013342295002076,1788412692.21583,control,waiting_for_state,0,0,inf,nan,nan,-1,nan,inf,nan,0,0,0,1.0,,,,,,,,,,,,,,,,,,,,,,,,,,,,,,,,,,,,,,,,,,,,,,,,,,,,0,inf,,,,,,,,,,,,,,,,,,,,,
8.024358423004742,1788412692.226839,control,waiting_for_state,0,0,inf,nan,nan,-1,nan,inf,nan,0,0,0,1.0,,,,,,,,,,,,,,,,,,,,,,,,,,,,,,,,,,,,,,,,,,,,,,,,,,,,0,inf,,,,,,,,,,,,,,,,,,,,,
8.035513242008165,1788412692.2380142,control,waiting_for_state,0,0,inf,nan,nan,-1,nan,inf,nan,0,0,0,1.0,,,,,,,,,,,,,,,,,,,,,,,,,,,,,,,,,,,,,,,,,,,,,,,,,,,,0,inf,,,,,,,,,,,,,,,,,,,,,
8.04667460800556,1788412692.2491589,control,waiting_for_state,0,0,inf,nan,nan,-1,nan,inf,nan,0,0,0,1.0,,,,,,,,,,,,,,,,,,,,,,,,,,,,,,,,,,,,,,,,,,,,,,,,,,,,0,inf,,,,,,,,,,,,,,,,,,,,,
8.057731077002245,1788412692.2614956,control,waiting_for_state,0,0,inf,nan,nan,-1,nan,inf,nan,0,0,0,1.0,,,,,,,,,,,,,,,,,,,,,,,,,,,,,,,,,,,,,,,,,,,,,,,,,,,,0,inf,,,,,,,,,,,,,,,,,,,,,
8.068818523999653,1788412692.271341,control,waiting_for_state,0,0,inf,nan,nan,-1,nan,inf,nan,0,0,0,1.0,,,,,,,,,,,,,,,,,,,,,,,,,,,,,,,,,,,,,,,,,,,,,,,,,,,,0,inf,,,,,,,,,,,,,,,,,,,,,
8.079957865003962,1788412692.282467,control,waiting_for_state,0,0,inf,nan,nan,-1,nan,inf,nan,0,0,0,1.0,,,,,,,,,,,,,,,,,,,,,,,,,,,,,,,,,,,,,,,,,,,,,,,,,,,,0,inf,,,,,,,,,,,,,,,,,,,,,
8.091035020013805,1788412692.2935398,control,waiting_for_state,0,0,inf,nan,nan,-1,nan,inf,nan,0,0,0,1.0,,,,,,,,,,,,,,,,,,,,,,,,,,,,,,,,,,,,,,,,,,,,,,,,,,,,0,inf,,,,,,,,,,,,,,,,,,,,,
8.102201729008812,1788412692.3046958,control,waiting_for_state,0,0,inf,nan,nan,-1,nan,inf,nan,0,0,0,1.0,,,,,,,,,,,,,,,,,,,,,,,,,,,,,,,,,,,,,,,,,,,,,,,,,,,,0,inf,,,,,,,,,,,,,,,,,,,,,
8.113288337000995,1788412692.3157756,control,waiting_for_state,0,0,inf,nan,nan,-1,nan,inf,nan,0,0,0,1.0,,,,,,,,,,,,,,,,,,,,,,,,,,,,,,,,,,,,,,,,,,,,,,,,,,,,0,inf,,,,,,,,,,,,,,,,,,,,,
8.124376070001745,1788412692.3268862,control,waiting_for_state,0,0,inf,nan,nan,-1,nan,inf,nan,0,0,0,1.0,,,,,,,,,,,,,,,,,,,,,,,,,,,,,,,,,,,,,,,,,,,,,,,,,,,,0,inf,,,,,,,,,,,,,,,,,,,,,
8.135621021006955,1788412692.3381603,control,waiting_for_state,0,0,inf,nan,nan,-1,nan,inf,nan,0,0,0,1.0,,,,,,,,,,,,,,,,,,,,,,,,,,,,,,,,,,,,,,,,,,,,,,,,,,,,0,inf,,,,,,,,,,,,,,,,,,,,,
8.146611650008708,1788412692.3491497,control,waiting_for_state,0,0,inf,nan,nan,-1,nan,inf,nan,0,0,0,1.0,,,,,,,,,,,,,,,,,,,,,,,,,,,,,,,,,,,,,,,,,,,,,,,,,,,,0,inf,,,,,,,,,,,,,,,,,,,,,
8.15772681501403,1788412692.360265,control,waiting_for_state,0,0,inf,nan,nan,-1,nan,inf,nan,0,0,0,1.0,,,,,,,,,,,,,,,,,,,,,,,,,,,,,,,,,,,,,,,,,,,,,,,,,,,,0,inf,,,,,,,,,,,,,,,,,,,,,
8.16890088900982,1788412692.3714387,control,waiting_for_state,0,0,inf,nan,nan,-1,nan,inf,nan,0,0,0,1.0,,,,,,,,,,,,,,,,,,,,,,,,,,,,,,,,,,,,,,,,,,,,,,,,,,,,0,inf,,,,,,,,,,,,,,,,,,,,,
8.180081126003643,1788412692.3826873,control,waiting_for_state,0,0,inf,nan,nan,-1,nan,inf,nan,0,0,0,1.0,,,,,,,,,,,,,,,,,,,,,,,,,,,,,,,,,,,,,,,,,,,,,,,,,,,,0,inf,,,,,,,,,,,,,,,,,,,,,
8.191090626001824,1788412692.393677,control,waiting_for_state,0,0,inf,nan,nan,-1,nan,inf,nan,0,0,0,1.0,,,,,,,,,,,,,,,,,,,,,,,,,,,,,,,,,,,,,,,,,,,,,,,,,,,,0,inf,,,,,,,,,,,,,,,,,,,,,
8.202232734009158,1788412692.4048128,control,waiting_for_state,0,0,inf,nan,nan,-1,nan,inf,nan,0,0,0,1.0,,,,,,,,,,,,,,,,,,,,,,,,,,,,,,,,,,,,,,,,,,,,,,,,,,,,0,inf,,,,,,,,,,,,,,,,,,,,,
8.213507035005023,1788412692.4162314,control,waiting_for_state,0,0,inf,nan,nan,-1,nan,inf,nan,0,0,0,1.0,,,,,,,,,,,,,,,,,,,,,,,,,,,,,,,,,,,,,,,,,,,,,,,,,,,,0,inf,,,,,,,,,,,,,,,,,,,,,
8.22452578600496,1788412692.4273481,control,waiting_for_state,0,0,inf,nan,nan,-1,nan,inf,nan,0,0,0,1.0,,,,,,,,,,,,,,,,,,,,,,,,,,,,,,,,,,,,,,,,,,,,,,,,,,,,0,inf,,,,,,,,,,,,,,,,,,,,,
8.235747664002702,1788412692.4383793,control,waiting_for_state,0,0,inf,nan,nan,-1,nan,inf,nan,0,0,0,1.0,,,,,,,,,,,,,,,,,,,,,,,,,,,,,,,,,,,,,,,,,,,,,,,,,,,,0,inf,,,,,,,,,,,,,,,,,,,,,
8.246830898002372,1788412692.4495556,control,waiting_for_state,0,0,inf,nan,nan,-1,nan,inf,nan,0,0,0,1.0,,,,,,,,,,,,,,,,,,,,,,,,,,,,,,,,,,,,,,,,,,,,,,,,,,,,0,inf,,,,,,,,,,,,,,,,,,,,,
8.257913348003058,1788412692.4605205,control,waiting_for_state,0,0,inf,nan,nan,-1,nan,inf,nan,0,0,0,1.0,,,,,,,,,,,,,,,,,,,,,,,,,,,,,,,,,,,,,,,,,,,,,,,,,,,,0,inf,,,,,,,,,,,,,,,,,,,,,
8.268875829002354,1788412692.471397,control,waiting_for_state,0,0,inf,nan,nan,-1,nan,inf,nan,0,0,0,1.0,,,,,,,,,,,,,,,,,,,,,,,,,,,,,,,,,,,,,,,,,,,,,,,,,,,,0,inf,,,,,,,,,,,,,,,,,,,,,
8.279941095010145,1788412692.482475,control,waiting_for_state,0,0,inf,nan,nan,-1,nan,inf,nan,0,0,0,1.0,,,,,,,,,,,,,,,,,,,,,,,,,,,,,,,,,,,,,,,,,,,,,,,,,,,,0,inf,,,,,,,,,,,,,,,,,,,,,
8.291062440010137,1788412692.493559,control,waiting_for_state,0,0,inf,nan,nan,-1,nan,inf,nan,0,0,0,1.0,,,,,,,,,,,,,,,,,,,,,,,,,,,,,,,,,,,,,,,,,,,,,,,,,,,,0,inf,,,,,,,,,,,,,,,,,,,,,
8.302184202009812,1788412692.5047033,control,waiting_for_state,0,0,inf,nan,nan,-1,nan,inf,nan,0,0,0,1.0,,,,,,,,,,,,,,,,,,,,,,,,,,,,,,,,,,,,,,,,,,,,,,,,,,,,0,inf,,,,,,,,,,,,,,,,,,,,,
8.313303006012575,1788412692.5158255,control,waiting_for_state,0,0,inf,nan,nan,-1,nan,inf,nan,0,0,0,1.0,,,,,,,,,,,,,,,,,,,,,,,,,,,,,,,,,,,,,,,,,,,,,,,,,,,,0,inf,,,,,,,,,,,,,,,,,,,,,
8.324398079013918,1788412692.526898,control,waiting_for_state,0,0,inf,nan,nan,-1,nan,inf,nan,0,0,0,1.0,,,,,,,,,,,,,,,,,,,,,,,,,,,,,,,,,,,,,,,,,,,,,,,,,,,,0,inf,,,,,,,,,,,,,,,,,,,,,
8.335596554010408,1788412692.5380926,control,waiting_for_state,0,0,inf,nan,nan,-1,nan,inf,nan,0,0,0,1.0,,,,,,,,,,,,,,,,,,,,,,,,,,,,,,,,,,,,,,,,,,,,,,,,,,,,0,inf,,,,,,,,,,,,,,,,,,,,,
8.346756555009051,1788412692.549292,control,waiting_for_state,0,0,inf,nan,nan,-1,nan,inf,nan,0,0,0,1.0,,,,,,,,,,,,,,,,,,,,,,,,,,,,,,,,,,,,,,,,,,,,,,,,,,,,0,inf,,,,,,,,,,,,,,,,,,,,,
8.357820118006202,1788412692.5603154,control,waiting_for_state,0,0,inf,nan,nan,-1,nan,inf,nan,0,0,0,1.0,,,,,,,,,,,,,,,,,,,,,,,,,,,,,,,,,,,,,,,,,,,,,,,,,,,,0,inf,,,,,,,,,,,,,,,,,,,,,
8.368851123013883,1788412692.5714023,control,waiting_for_state,0,0,inf,nan,nan,-1,nan,inf,nan,0,0,0,1.0,,,,,,,,,,,,,,,,,,,,,,,,,,,,,,,,,,,,,,,,,,,,,,,,,,,,0,inf,,,,,,,,,,,,,,,,,,,,,
8.379985825013136,1788412692.582526,control,waiting_for_state,0,0,inf,nan,nan,-1,nan,inf,nan,0,0,0,1.0,,,,,,,,,,,,,,,,,,,,,,,,,,,,,,,,,,,,,,,,,,,,,,,,,,,,0,inf,,,,,,,,,,,,,,,,,,,,,
8.39110038500803,1788412692.593652,control,waiting_for_state,0,0,inf,nan,nan,-1,nan,inf,nan,0,0,0,1.0,,,,,,,,,,,,,,,,,,,,,,,,,,,,,,,,,,,,,,,,,,,,,,,,,,,,0,inf,,,,,,,,,,,,,,,,,,,,,
8.402410017006332,1788412692.6050975,control,waiting_for_state,0,0,inf,nan,nan,-1,nan,inf,nan,0,0,0,1.0,,,,,,,,,,,,,,,,,,,,,,,,,,,,,,,,,,,,,,,,,,,,,,,,,,,,0,inf,,,,,,,,,,,,,,,,,,,,,
8.413505487013026,1788412692.6162217,control,waiting_for_state,0,0,inf,nan,nan,-1,nan,inf,nan,0,0,0,1.0,,,,,,,,,,,,,,,,,,,,,,,,,,,,,,,,,,,,,,,,,,,,,,,,,,,,0,inf,,,,,,,,,,,,,,,,,,,,,
8.424655123002594,1788412692.6275375,control,waiting_for_state,0,0,inf,nan,nan,-1,nan,inf,nan,0,0,0,1.0,,,,,,,,,,,,,,,,,,,,,,,,,,,,,,,,,,,,,,,,,,,,,,,,,,,,0,inf,,,,,,,,,,,,,,,,,,,,,
8.435603536010603,1788412692.6381636,control,waiting_for_state,0,0,inf,nan,nan,-1,nan,inf,nan,0,0,0,1.0,,,,,,,,,,,,,,,,,,,,,,,,,,,,,,,,,,,,,,,,,,,,,,,,,,,,0,inf,,,,,,,,,,,,,,,,,,,,,
8.446736394005711,1788412692.6492717,control,waiting_for_state,0,0,inf,nan,nan,-1,nan,inf,nan,0,0,0,1.0,,,,,,,,,,,,,,,,,,,,,,,,,,,,,,,,,,,,,,,,,,,,,,,,,,,,0,inf,,,,,,,,,,,,,,,,,,,,,
8.45781388701289,1788412692.6603746,control,waiting_for_state,0,0,inf,nan,nan,-1,nan,inf,nan,0,0,0,1.0,,,,,,,,,,,,,,,,,,,,,,,,,,,,,,,,,,,,,,,,,,,,,,,,,,,,0,inf,,,,,,,,,,,,,,,,,,,,,
8.468965716005187,1788412692.67159,control,waiting_for_state,0,0,inf,nan,nan,-1,nan,inf,nan,0,0,0,1.0,,,,,,,,,,,,,,,,,,,,,,,,,,,,,,,,,,,,,,,,,,,,,,,,,,,,0,inf,,,,,,,,,,,,,,,,,,,,,
8.480185943000834,1788412692.682947,control,waiting_for_state,0,0,inf,nan,nan,-1,nan,inf,nan,0,0,0,1.0,,,,,,,,,,,,,,,,,,,,,,,,,,,,,,,,,,,,,,,,,,,,,,,,,,,,0,inf,,,,,,,,,,,,,,,,,,,,,
8.49110917300277,1788412692.6936243,control,waiting_for_state,0,0,inf,nan,nan,-1,nan,inf,nan,0,0,0,1.0,,,,,,,,,,,,,,,,,,,,,,,,,,,,,,,,,,,,,,,,,,,,,,,,,,,,0,inf,,,,,,,,,,,,,,,,,,,,,
8.502189249004005,1788412692.7046964,control,waiting_for_state,0,0,inf,nan,nan,-1,nan,inf,nan,0,0,0,1.0,,,,,,,,,,,,,,,,,,,,,,,,,,,,,,,,,,,,,,,,,,,,,,,,,,,,0,inf,,,,,,,,,,,,,,,,,,,,,
8.513358571013669,1788412692.7158928,control,waiting_for_state,0,0,inf,nan,nan,-1,nan,inf,nan,0,0,0,1.0,,,,,,,,,,,,,,,,,,,,,,,,,,,,,,,,,,,,,,,,,,,,,,,,,,,,0,inf,,,,,,,,,,,,,,,,,,,,,
8.524369815000682,1788412692.726879,control,waiting_for_state,0,0,inf,nan,nan,-1,nan,inf,nan,0,0,0,1.0,,,,,,,,,,,,,,,,,,,,,,,,,,,,,,,,,,,,,,,,,,,,,,,,,,,,0,inf,,,,,,,,,,,,,,,,,,,,,
8.535599344002549,1788412692.738128,control,waiting_for_state,0,0,inf,nan,nan,-1,nan,inf,nan,0,0,0,1.0,,,,,,,,,,,,,,,,,,,,,,,,,,,,,,,,,,,,,,,,,,,,,,,,,,,,0,inf,,,,,,,,,,,,,,,,,,,,,
8.546640586006106,1788412692.749167,control,waiting_for_state,0,0,inf,nan,nan,-1,nan,inf,nan,0,0,0,1.0,,,,,,,,,,,,,,,,,,,,,,,,,,,,,,,,,,,,,,,,,,,,,,,,,,,,0,inf,,,,,,,,,,,,,,,,,,,,,
8.557697529002326,1788412692.7601876,control,waiting_for_state,0,0,inf,nan,nan,-1,nan,inf,nan,0,0,0,1.0,,,,,,,,,,,,,,,,,,,,,,,,,,,,,,,,,,,,,,,,,,,,,,,,,,,,0,inf,,,,,,,,,,,,,,,,,,,,,
8.568941945006372,1788412692.771433,control,waiting_for_state,0,0,inf,nan,nan,-1,nan,inf,nan,0,0,0,1.0,,,,,,,,,,,,,,,,,,,,,,,,,,,,,,,,,,,,,,,,,,,,,,,,,,,,0,inf,,,,,,,,,,,,,,,,,,,,,
8.579967954006861,1788412692.782489,control,waiting_for_state,0,0,inf,nan,nan,-1,nan,inf,nan,0,0,0,1.0,,,,,,,,,,,,,,,,,,,,,,,,,,,,,,,,,,,,,,,,,,,,,,,,,,,,0,inf,,,,,,,,,,,,,,,,,,,,,
8.591190199003904,1788412692.7937448,control,waiting_for_state,0,0,inf,nan,nan,-1,nan,inf,nan,0,0,0,1.0,,,,,,,,,,,,,,,,,,,,,,,,,,,,,,,,,,,,,,,,,,,,,,,,,,,,0,inf,,,,,,,,,,,,,,,,,,,,,
8.60233222100942,1788412692.80486,control,waiting_for_state,0,0,inf,nan,nan,-1,nan,inf,nan,0,0,0,1.0,,,,,,,,,,,,,,,,,,,,,,,,,,,,,,,,,,,,,,,,,,,,,,,,,,,,0,inf,,,,,,,,,,,,,,,,,,,,,
8.613447497002198,1788412692.8159814,control,waiting_for_state,0,0,inf,nan,nan,-1,nan,inf,nan,0,0,0,1.0,,,,,,,,,,,,,,,,,,,,,,,,,,,,,,,,,,,,,,,,,,,,,,,,,,,,0,inf,,,,,,,,,,,,,,,,,,,,,
8.624420446009026,1788412692.8270469,control,waiting_for_state,0,0,inf,nan,nan,-1,nan,inf,nan,0,0,0,1.0,,,,,,,,,,,,,,,,,,,,,,,,,,,,,,,,,,,,,,,,,,,,,,,,,,,,0,inf,,,,,,,,,,,,,,,,,,,,,
8.635606988013024,1788412692.838189,control,waiting_for_state,0,0,inf,nan,nan,-1,nan,inf,nan,0,0,0,1.0,,,,,,,,,,,,,,,,,,,,,,,,,,,,,,,,,,,,,,,,,,,,,,,,,,,,0,inf,,,,,,,,,,,,,,,,,,,,,
8.646731324013672,1788412692.849262,control,waiting_for_state,0,0,inf,nan,nan,-1,nan,inf,nan,0,0,0,1.0,,,,,,,,,,,,,,,,,,,,,,,,,,,,,,,,,,,,,,,,,,,,,,,,,,,,0,inf,,,,,,,,,,,,,,,,,,,,,
8.657785193005111,1788412692.8603463,control,waiting_for_state,0,0,inf,nan,nan,-1,nan,inf,nan,0,0,0,1.0,,,,,,,,,,,,,,,,,,,,,,,,,,,,,,,,,,,,,,,,,,,,,,,,,,,,0,inf,,,,,,,,,,,,,,,,,,,,,
8.669038193009328,1788412692.8716242,control,waiting_for_state,0,0,inf,nan,nan,-1,nan,inf,nan,0,0,0,1.0,,,,,,,,,,,,,,,,,,,,,,,,,,,,,,,,,,,,,,,,,,,,,,,,,,,,0,inf,,,,,,,,,,,,,,,,,,,,,
8.680076783013646,1788412692.8827925,control,waiting_for_state,0,0,inf,nan,nan,-1,nan,inf,nan,0,0,0,1.0,,,,,,,,,,,,,,,,,,,,,,,,,,,,,,,,,,,,,,,,,,,,,,,,,,,,0,inf,,,,,,,,,,,,,,,,,,,,,
8.691430698003387,1788412692.8942893,control,waiting_for_state,0,0,inf,nan,nan,-1,nan,inf,nan,0,0,0,1.0,,,,,,,,,,,,,,,,,,,,,,,,,,,,,,,,,,,,,,,,,,,,,,,,,,,,0,inf,,,,,,,,,,,,,,,,,,,,,
8.702525978005724,1788412692.9052951,control,waiting_for_state,0,0,inf,nan,nan,-1,nan,inf,nan,0,0,0,1.0,,,,,,,,,,,,,,,,,,,,,,,,,,,,,,,,,,,,,,,,,,,,,,,,,,,,0,inf,,,,,,,,,,,,,,,,,,,,,
8.713419129009708,1788412692.9159355,control,waiting_for_state,0,0,inf,nan,nan,-1,nan,inf,nan,0,0,0,1.0,,,,,,,,,,,,,,,,,,,,,,,,,,,,,,,,,,,,,,,,,,,,,,,,,,,,0,inf,,,,,,,,,,,,,,,,,,,,,
8.724391128009302,1788412692.9269123,control,waiting_for_state,0,0,inf,nan,nan,-1,nan,inf,nan,0,0,0,1.0,,,,,,,,,,,,,,,,,,,,,,,,,,,,,,,,,,,,,,,,,,,,,,,,,,,,0,inf,,,,,,,,,,,,,,,,,,,,,
8.735583937013871,1788412692.9381156,control,waiting_for_state,0,0,inf,nan,nan,-1,nan,inf,nan,0,0,0,1.0,,,,,,,,,,,,,,,,,,,,,,,,,,,,,,,,,,,,,,,,,,,,,,,,,,,,0,inf,,,,,,,,,,,,,,,,,,,,,
8.746659776006709,1788412692.949195,control,waiting_for_state,0,0,inf,nan,nan,-1,nan,inf,nan,0,0,0,1.0,,,,,,,,,,,,,,,,,,,,,,,,,,,,,,,,,,,,,,,,,,,,,,,,,,,,0,inf,,,,,,,,,,,,,,,,,,,,,
8.757728821001365,1788412692.9602737,control,waiting_for_state,0,0,inf,nan,nan,-1,nan,inf,nan,0,0,0,1.0,,,,,,,,,,,,,,,,,,,,,,,,,,,,,,,,,,,,,,,,,,,,,,,,,,,,0,inf,,,,,,,,,,,,,,,,,,,,,
8.768865756006562,1788412692.9713993,control,waiting_for_state,0,0,inf,nan,nan,-1,nan,inf,nan,0,0,0,1.0,,,,,,,,,,,,,,,,,,,,,,,,,,,,,,,,,,,,,,,,,,,,,,,,,,,,0,inf,,,,,,,,,,,,,,,,,,,,,
8.77994150800805,1788412692.9824743,control,waiting_for_state,0,0,inf,nan,nan,-1,nan,inf,nan,0,0,0,1.0,,,,,,,,,,,,,,,,,,,,,,,,,,,,,,,,,,,,,,,,,,,,,,,,,,,,0,inf,,,,,,,,,,,,,,,,,,,,,
8.791054864006583,1788412692.9935923,control,waiting_for_state,0,0,inf,nan,nan,-1,nan,inf,nan,0,0,0,1.0,,,,,,,,,,,,,,,,,,,,,,,,,,,,,,,,,,,,,,,,,,,,,,,,,,,,0,inf,,,,,,,,,,,,,,,,,,,,,
8.802253025001846,1788412693.004774,control,waiting_for_state,0,0,inf,nan,nan,-1,nan,inf,nan,0,0,0,1.0,,,,,,,,,,,,,,,,,,,,,,,,,,,,,,,,,,,,,,,,,,,,,,,,,,,,0,inf,,,,,,,,,,,,,,,,,,,,,
8.81329458601249,1788412693.0158072,control,waiting_for_state,0,0,inf,nan,nan,-1,nan,inf,nan,0,0,0,1.0,,,,,,,,,,,,,,,,,,,,,,,,,,,,,,,,,,,,,,,,,,,,,,,,,,,,0,inf,,,,,,,,,,,,,,,,,,,,,
8.824395975010702,1788412693.0269048,control,waiting_for_state,0,0,inf,nan,nan,-1,nan,inf,nan,0,0,0,1.0,,,,,,,,,,,,,,,,,,,,,,,,,,,,,,,,,,,,,,,,,,,,,,,,,,,,0,inf,,,,,,,,,,,,,,,,,,,,,
8.835562738007866,1788412693.0380309,control,waiting_for_state,0,0,inf,nan,nan,-1,nan,inf,nan,0,0,0,1.0,,,,,,,,,,,,,,,,,,,,,,,,,,,,,,,,,,,,,,,,,,,,,,,,,,,,0,inf,,,,,,,,,,,,,,,,,,,,,
8.846697157001472,1788412693.0491896,control,waiting_for_state,0,0,inf,nan,nan,-1,nan,inf,nan,0,0,0,1.0,,,,,,,,,,,,,,,,,,,,,,,,,,,,,,,,,,,,,,,,,,,,,,,,,,,,0,inf,,,,,,,,,,,,,,,,,,,,,
8.85773529400467,1788412693.0602312,control,waiting_for_state,0,0,inf,nan,nan,-1,nan,inf,nan,0,0,0,1.0,,,,,,,,,,,,,,,,,,,,,,,,,,,,,,,,,,,,,,,,,,,,,,,,,,,,0,inf,,,,,,,,,,,,,,,,,,,,,
8.868858079003985,1788412693.0713813,control,waiting_for_state,0,0,inf,nan,nan,-1,nan,inf,nan,0,0,0,1.0,,,,,,,,,,,,,,,,,,,,,,,,,,,,,,,,,,,,,,,,,,,,,,,,,,,,0,inf,,,,,,,,,,,,,,,,,,,,,
8.88006667100126,1788412693.0826116,control,waiting_for_state,0,0,inf,nan,nan,-1,nan,inf,nan,0,0,0,1.0,,,,,,,,,,,,,,,,,,,,,,,,,,,,,,,,,,,,,,,,,,,,,,,,,,,,0,inf,,,,,,,,,,,,,,,,,,,,,
8.891028879006626,1788412693.0935543,control,waiting_for_state,0,0,inf,nan,nan,-1,nan,inf,nan,0,0,0,1.0,,,,,,,,,,,,,,,,,,,,,,,,,,,,,,,,,,,,,,,,,,,,,,,,,,,,0,inf,,,,,,,,,,,,,,,,,,,,,
8.902123051011586,1788412693.1046076,control,waiting_for_state,0,0,inf,nan,nan,-1,nan,inf,nan,0,0,0,1.0,,,,,,,,,,,,,,,,,,,,,,,,,,,,,,,,,,,,,,,,,,,,,,,,,,,,0,inf,,,,,,,,,,,,,,,,,,,,,
8.913254342012806,1788412693.11575,control,waiting_for_state,0,0,inf,nan,nan,-1,nan,inf,nan,0,0,0,1.0,,,,,,,,,,,,,,,,,,,,,,,,,,,,,,,,,,,,,,,,,,,,,,,,,,,,0,inf,,,,,,,,,,,,,,,,,,,,,
8.924356663002982,1788412693.1268485,control,waiting_for_state,0,0,inf,nan,nan,-1,nan,inf,nan,0,0,0,1.0,,,,,,,,,,,,,,,,,,,,,,,,,,,,,,,,,,,,,,,,,,,,,,,,,,,,0,inf,,,,,,,,,,,,,,,,,,,,,
8.935498283011839,1788412693.137983,control,waiting_for_state,0,0,inf,nan,nan,-1,nan,inf,nan,0,0,0,1.0,,,,,,,,,,,,,,,,,,,,,,,,,,,,,,,,,,,,,,,,,,,,,,,,,,,,0,inf,,,,,,,,,,,,,,,,,,,,,
8.946624025003985,1788412693.1491454,control,waiting_for_state,0,0,inf,nan,nan,-1,nan,inf,nan,0,0,0,1.0,,,,,,,,,,,,,,,,,,,,,,,,,,,,,,,,,,,,,,,,,,,,,,,,,,,,0,inf,,,,,,,,,,,,,,,,,,,,,
8.957699193008011,1788412693.1601973,control,waiting_for_state,0,0,inf,nan,nan,-1,nan,inf,nan,0,0,0,1.0,,,,,,,,,,,,,,,,,,,,,,,,,,,,,,,,,,,,,,,,,,,,,,,,,,,,0,inf,,,,,,,,,,,,,,,,,,,,,
8.968824798008427,1788412693.171351,control,waiting_for_state,0,0,inf,nan,nan,-1,nan,inf,nan,0,0,0,1.0,,,,,,,,,,,,,,,,,,,,,,,,,,,,,,,,,,,,,,,,,,,,,,,,,,,,0,inf,,,,,,,,,,,,,,,,,,,,,
8.979970452011912,1788412693.182484,control,waiting_for_state,0,0,inf,nan,nan,-1,nan,inf,nan,0,0,0,1.0,,,,,,,,,,,,,,,,,,,,,,,,,,,,,,,,,,,,,,,,,,,,,,,,,,,,0,inf,,,,,,,,,,,,,,,,,,,,,
8.991107578010997,1788412693.1936297,control,waiting_for_state,0,0,inf,nan,nan,-1,nan,inf,nan,0,0,0,1.0,,,,,,,,,,,,,,,,,,,,,,,,,,,,,,,,,,,,,,,,,,,,,,,,,,,,0,inf,,,,,,,,,,,,,,,,,,,,,
9.002244464005344,1788412693.2047517,control,waiting_for_state,0,0,inf,nan,nan,-1,nan,inf,nan,0,0,0,1.0,,,,,,,,,,,,,,,,,,,,,,,,,,,,,,,,,,,,,,,,,,,,,,,,,,,,0,inf,,,,,,,,,,,,,,,,,,,,,
9.013250960008008,1788412693.2157524,control,waiting_for_state,0,0,inf,nan,nan,-1,nan,inf,nan,0,0,0,1.0,,,,,,,,,,,,,,,,,,,,,,,,,,,,,,,,,,,,,,,,,,,,,,,,,,,,0,inf,,,,,,,,,,,,,,,,,,,,,
9.02436911201221,1788412693.2268798,control,waiting_for_state,0,0,inf,nan,nan,-1,nan,inf,nan,0,0,0,1.0,,,,,,,,,,,,,,,,,,,,,,,,,,,,,,,,,,,,,,,,,,,,,,,,,,,,0,inf,,,,,,,,,,,,,,,,,,,,,
9.035514939008863,1788412693.2380219,control,waiting_for_state,0,0,inf,nan,nan,-1,nan,inf,nan,0,0,0,1.0,,,,,,,,,,,,,,,,,,,,,,,,,,,,,,,,,,,,,,,,,,,,,,,,,,,,0,inf,,,,,,,,,,,,,,,,,,,,,
9.046602091009845,1788412693.2491384,control,waiting_for_state,0,0,inf,nan,nan,-1,nan,inf,nan,0,0,0,1.0,,,,,,,,,,,,,,,,,,,,,,,,,,,,,,,,,,,,,,,,,,,,,,,,,,,,0,inf,,,,,,,,,,,,,,,,,,,,,
9.057721326011233,1788412693.261512,control,waiting_for_state,0,0,inf,nan,nan,-1,nan,inf,nan,0,0,0,1.0,,,,,,,,,,,,,,,,,,,,,,,,,,,,,,,,,,,,,,,,,,,,,,,,,,,,0,inf,,,,,,,,,,,,,,,,,,,,,
9.06893360101094,1788412693.271425,control,waiting_for_state,0,0,inf,nan,nan,-1,nan,inf,nan,0,0,0,1.0,,,,,,,,,,,,,,,,,,,,,,,,,,,,,,,,,,,,,,,,,,,,,,,,,,,,0,inf,,,,,,,,,,,,,,,,,,,,,
9.08000426601211,1788412693.2825031,control,waiting_for_state,0,0,inf,nan,nan,-1,nan,inf,nan,0,0,0,1.0,,,,,,,,,,,,,,,,,,,,,,,,,,,,,,,,,,,,,,,,,,,,,,,,,,,,0,inf,,,,,,,,,,,,,,,,,,,,,
9.091103569007828,1788412693.2935948,control,waiting_for_state,0,0,inf,nan,nan,-1,nan,inf,nan,0,0,0,1.0,,,,,,,,,,,,,,,,,,,,,,,,,,,,,,,,,,,,,,,,,,,,,,,,,,,,0,inf,,,,,,,,,,,,,,,,,,,,,
9.102269270006218,1788412693.3047824,control,waiting_for_state,0,0,inf,nan,nan,-1,nan,inf,nan,0,0,0,1.0,,,,,,,,,,,,,,,,,,,,,,,,,,,,,,,,,,,,,,,,,,,,,,,,,,,,0,inf,,,,,,,,,,,,,,,,,,,,,
9.113442586007295,1788412693.3160279,control,waiting_for_state,0,0,inf,nan,nan,-1,nan,inf,nan,0,0,0,1.0,,,,,,,,,,,,,,,,,,,,,,,,,,,,,,,,,,,,,,,,,,,,,,,,,,,,0,inf,,,,,,,,,,,,,,,,,,,,,
9.124479132005945,1788412693.3272543,control,waiting_for_state,0,0,inf,nan,nan,-1,nan,inf,nan,0,0,0,1.0,,,,,,,,,,,,,,,,,,,,,,,,,,,,,,,,,,,,,,,,,,,,,,,,,,,,0,inf,,,,,,,,,,,,,,,,,,,,,
9.135771706001833,1788412693.338567,control,waiting_for_state,0,0,inf,nan,nan,-1,nan,inf,nan,0,0,0,1.0,,,,,,,,,,,,,,,,,,,,,,,,,,,,,,,,,,,,,,,,,,,,,,,,,,,,0,inf,,,,,,,,,,,,,,,,,,,,,
9.146856919003767,1788412693.349632,control,waiting_for_state,0,0,inf,nan,nan,-1,nan,inf,nan,0,0,0,1.0,,,,,,,,,,,,,,,,,,,,,,,,,,,,,,,,,,,,,,,,,,,,,,,,,,,,0,inf,,,,,,,,,,,,,,,,,,,,,
9.1579452240112,1788412693.360679,control,waiting_for_state,0,0,inf,nan,nan,-1,nan,inf,nan,0,0,0,1.0,,,,,,,,,,,,,,,,,,,,,,,,,,,,,,,,,,,,,,,,,,,,,,,,,,,,0,inf,,,,,,,,,,,,,,,,,,,,,
9.168981792012346,1788412693.3715599,control,waiting_for_state,0,0,inf,nan,nan,-1,nan,inf,nan,0,0,0,1.0,,,,,,,,,,,,,,,,,,,,,,,,,,,,,,,,,,,,,,,,,,,,,,,,,,,,0,inf,,,,,,,,,,,,,,,,,,,,,
9.180028763003065,1788412693.3824918,control,waiting_for_state,0,0,inf,nan,nan,-1,nan,inf,nan,0,0,0,1.0,,,,,,,,,,,,,,,,,,,,,,,,,,,,,,,,,,,,,,,,,,,,,,,,,,,,0,inf,,,,,,,,,,,,,,,,,,,,,
9.191128373000538,1788412693.3935838,control,waiting_for_state,0,0,inf,nan,nan,-1,nan,inf,nan,0,0,0,1.0,,,,,,,,,,,,,,,,,,,,,,,,,,,,,,,,,,,,,,,,,,,,,,,,,,,,0,inf,,,,,,,,,,,,,,,,,,,,,
9.202239317004569,1788412693.4047306,control,waiting_for_state,0,0,inf,nan,nan,-1,nan,inf,nan,0,0,0,1.0,,,,,,,,,,,,,,,,,,,,,,,,,,,,,,,,,,,,,,,,,,,,,,,,,,,,0,inf,,,,,,,,,,,,,,,,,,,,,
9.213277724004001,1788412693.4157543,control,waiting_for_state,0,0,inf,nan,nan,-1,nan,inf,nan,0,0,0,1.0,,,,,,,,,,,,,,,,,,,,,,,,,,,,,,,,,,,,,,,,,,,,,,,,,,,,0,inf,,,,,,,,,,,,,,,,,,,,,
9.224345837006695,1788412693.4268043,control,waiting_for_state,0,0,inf,nan,nan,-1,nan,inf,nan,0,0,0,1.0,,,,,,,,,,,,,,,,,,,,,,,,,,,,,,,,,,,,,,,,,,,,,,,,,,,,0,inf,,,,,,,,,,,,,,,,,,,,,
9.235557963009342,1788412693.438014,control,waiting_for_state,0,0,inf,nan,nan,-1,nan,inf,nan,0,0,0,1.0,,,,,,,,,,,,,,,,,,,,,,,,,,,,,,,,,,,,,,,,,,,,,,,,,,,,0,inf,,,,,,,,,,,,,,,,,,,,,
9.246663810001337,1788412693.4491227,control,waiting_for_state,0,0,inf,nan,nan,-1,nan,inf,nan,0,0,0,1.0,,,,,,,,,,,,,,,,,,,,,,,,,,,,,,,,,,,,,,,,,,,,,,,,,,,,0,inf,,,,,,,,,,,,,,,,,,,,,
9.257672872001422,1788412693.460124,control,waiting_for_state,0,0,inf,nan,nan,-1,nan,inf,nan,0,0,0,1.0,,,,,,,,,,,,,,,,,,,,,,,,,,,,,,,,,,,,,,,,,,,,,,,,,,,,0,inf,,,,,,,,,,,,,,,,,,,,,
9.268790213012835,1788412693.4712515,control,waiting_for_state,0,0,inf,nan,nan,-1,nan,inf,nan,0,0,0,1.0,,,,,,,,,,,,,,,,,,,,,,,,,,,,,,,,,,,,,,,,,,,,,,,,,,,,0,inf,,,,,,,,,,,,,,,,,,,,,
9.280051166002522,1788412693.4825773,control,waiting_for_state,0,0,inf,nan,nan,-1,nan,inf,nan,0,0,0,1.0,,,,,,,,,,,,,,,,,,,,,,,,,,,,,,,,,,,,,,,,,,,,,,,,,,,,0,inf,,,,,,,,,,,,,,,,,,,,,
9.291024648002349,1788412693.4935105,control,waiting_for_state,0,0,inf,nan,nan,-1,nan,inf,nan,0,0,0,1.0,,,,,,,,,,,,,,,,,,,,,,,,,,,,,,,,,,,,,,,,,,,,,,,,,,,,0,inf,,,,,,,,,,,,,,,,,,,,,
9.30227101901255,1788412693.5047305,control,waiting_for_state,0,0,inf,nan,nan,-1,nan,inf,nan,0,0,0,1.0,,,,,,,,,,,,,,,,,,,,,,,,,,,,,,,,,,,,,,,,,,,,,,,,,,,,0,inf,,,,,,,,,,,,,,,,,,,,,
9.313469953005551,1788412693.516,control,waiting_for_state,0,0,inf,nan,nan,-1,nan,inf,nan,0,0,0,1.0,,,,,,,,,,,,,,,,,,,,,,,,,,,,,,,,,,,,,,,,,,,,,,,,,,,,0,inf,,,,,,,,,,,,,,,,,,,,,
9.324569745003828,1788412693.5272367,control,waiting_for_state,0,0,inf,nan,nan,-1,nan,inf,nan,0,0,0,1.0,,,,,,,,,,,,,,,,,,,,,,,,,,,,,,,,,,,,,,,,,,,,,,,,,,,,0,inf,,,,,,,,,,,,,,,,,,,,,
9.335745550008141,1788412693.53848,control,waiting_for_state,0,0,inf,nan,nan,-1,nan,inf,nan,0,0,0,1.0,,,,,,,,,,,,,,,,,,,,,,,,,,,,,,,,,,,,,,,,,,,,,,,,,,,,0,inf,,,,,,,,,,,,,,,,,,,,,
9.346847541004536,1788412693.5495362,control,waiting_for_state,0,0,inf,nan,nan,-1,nan,inf,nan,0,0,0,1.0,,,,,,,,,,,,,,,,,,,,,,,,,,,,,,,,,,,,,,,,,,,,,,,,,,,,0,inf,,,,,,,,,,,,,,,,,,,,,
9.357921500006341,1788412693.5606036,control,waiting_for_state,0,0,inf,nan,nan,-1,nan,inf,nan,0,0,0,1.0,,,,,,,,,,,,,,,,,,,,,,,,,,,,,,,,,,,,,,,,,,,,,,,,,,,,0,inf,,,,,,,,,,,,,,,,,,,,,
9.36903065899969,1788412693.5716918,control,waiting_for_state,0,0,inf,nan,nan,-1,nan,inf,nan,0,0,0,1.0,,,,,,,,,,,,,,,,,,,,,,,,,,,,,,,,,,,,,,,,,,,,,,,,,,,,0,inf,,,,,,,,,,,,,,,,,,,,,
9.380147991003469,1788412693.5828686,control,waiting_for_state,0,0,inf,nan,nan,-1,nan,inf,nan,0,0,0,1.0,,,,,,,,,,,,,,,,,,,,,,,,,,,,,,,,,,,,,,,,,,,,,,,,,,,,0,inf,,,,,,,,,,,,,,,,,,,,,
9.391354434003006,1788412693.5941725,control,waiting_for_state,0,0,inf,nan,nan,-1,nan,inf,nan,0,0,0,1.0,,,,,,,,,,,,,,,,,,,,,,,,,,,,,,,,,,,,,,,,,,,,,,,,,,,,0,inf,,,,,,,,,,,,,,,,,,,,,
9.402327963005519,1788412693.6048305,control,waiting_for_state,0,0,inf,nan,nan,-1,nan,inf,nan,0,0,0,1.0,,,,,,,,,,,,,,,,,,,,,,,,,,,,,,,,,,,,,,,,,,,,,,,,,,,,0,inf,,,,,,,,,,,,,,,,,,,,,
9.413384168001357,1788412693.6159008,control,waiting_for_state,0,0,inf,nan,nan,-1,nan,inf,nan,0,0,0,1.0,,,,,,,,,,,,,,,,,,,,,,,,,,,,,,,,,,,,,,,,,,,,,,,,,,,,0,inf,,,,,,,,,,,,,,,,,,,,,
9.424456908003776,1788412693.6270046,control,waiting_for_state,0,0,inf,nan,nan,-1,nan,inf,nan,0,0,0,1.0,,,,,,,,,,,,,,,,,,,,,,,,,,,,,,,,,,,,,,,,,,,,,,,,,,,,0,inf,,,,,,,,,,,,,,,,,,,,,
9.435623239012784,1788412693.6381435,control,waiting_for_state,0,0,inf,nan,nan,-1,nan,inf,nan,0,0,0,1.0,,,,,,,,,,,,,,,,,,,,,,,,,,,,,,,,,,,,,,,,,,,,,,,,,,,,0,inf,,,,,,,,,,,,,,,,,,,,,
9.446717108003213,1788412693.6492393,control,waiting_for_state,0,0,inf,nan,nan,-1,nan,inf,nan,0,0,0,1.0,,,,,,,,,,,,,,,,,,,,,,,,,,,,,,,,,,,,,,,,,,,,,,,,,,,,0,inf,,,,,,,,,,,,,,,,,,,,,
9.457823357006419,1788412693.6603498,control,waiting_for_state,0,0,inf,nan,nan,-1,nan,inf,nan,0,0,0,1.0,,,,,,,,,,,,,,,,,,,,,,,,,,,,,,,,,,,,,,,,,,,,,,,,,,,,0,inf,,,,,,,,,,,,,,,,,,,,,
9.468858729000203,1788412693.6713662,control,waiting_for_state,0,0,inf,nan,nan,-1,nan,inf,nan,0,0,0,1.0,,,,,,,,,,,,,,,,,,,,,,,,,,,,,,,,,,,,,,,,,,,,,,,,,,,,0,inf,,,,,,,,,,,,,,,,,,,,,
9.479975196009036,1788412693.6824944,control,waiting_for_state,0,0,inf,nan,nan,-1,nan,inf,nan,0,0,0,1.0,,,,,,,,,,,,,,,,,,,,,,,,,,,,,,,,,,,,,,,,,,,,,,,,,,,,0,inf,,,,,,,,,,,,,,,,,,,,,
9.491159993005567,1788412693.6936607,control,waiting_for_state,0,0,inf,nan,nan,-1,nan,inf,nan,0,0,0,1.0,,,,,,,,,,,,,,,,,,,,,,,,,,,,,,,,,,,,,,,,,,,,,,,,,,,,0,inf,,,,,,,,,,,,,,,,,,,,,
9.502267881005537,1788412693.7048218,control,waiting_for_state,0,0,inf,nan,nan,-1,nan,inf,nan,0,0,0,1.0,,,,,,,,,,,,,,,,,,,,,,,,,,,,,,,,,,,,,,,,,,,,,,,,,,,,0,inf,,,,,,,,,,,,,,,,,,,,,
9.513313393006683,1788412693.7158568,control,waiting_for_state,0,0,inf,nan,nan,-1,nan,inf,nan,0,0,0,1.0,,,,,,,,,,,,,,,,,,,,,,,,,,,,,,,,,,,,,,,,,,,,,,,,,,,,0,inf,,,,,,,,,,,,,,,,,,,,,
9.524510618008208,1788412693.7269757,control,waiting_for_state,0,0,inf,nan,nan,-1,nan,inf,nan,0,0,0,1.0,,,,,,,,,,,,,,,,,,,,,,,,,,,,,,,,,,,,,,,,,,,,,,,,,,,,0,inf,,,,,,,,,,,,,,,,,,,,,
9.535590626008343,1788412693.7380755,control,waiting_for_state,0,0,inf,nan,nan,-1,nan,inf,nan,0,0,0,1.0,,,,,,,,,,,,,,,,,,,,,,,,,,,,,,,,,,,,,,,,,,,,,,,,,,,,0,inf,,,,,,,,,,,,,,,,,,,,,
9.546806913000182,1788412693.7493777,control,waiting_for_state,0,0,inf,nan,nan,-1,nan,inf,nan,0,0,0,1.0,,,,,,,,,,,,,,,,,,,,,,,,,,,,,,,,,,,,,,,,,,,,,,,,,,,,0,inf,,,,,,,,,,,,,,,,,,,,,
9.557942570012528,1788412693.7606747,control,waiting_for_state,0,0,inf,nan,nan,-1,nan,inf,nan,0,0,0,1.0,,,,,,,,,,,,,,,,,,,,,,,,,,,,,,,,,,,,,,,,,,,,,,,,,,,,0,inf,,,,,,,,,,,,,,,,,,,,,
9.568974230001913,1788412693.7716725,control,waiting_for_state,0,0,inf,nan,nan,-1,nan,inf,nan,0,0,0,1.0,,,,,,,,,,,,,,,,,,,,,,,,,,,,,,,,,,,,,,,,,,,,,,,,,,,,0,inf,,,,,,,,,,,,,,,,,,,,,
9.58021128900873,1788412693.7829092,control,waiting_for_state,0,0,inf,nan,nan,-1,nan,inf,nan,0,0,0,1.0,,,,,,,,,,,,,,,,,,,,,,,,,,,,,,,,,,,,,,,,,,,,,,,,,,,,0,inf,,,,,,,,,,,,,,,,,,,,,
9.591291187010938,1788412693.7940183,control,waiting_for_state,0,0,inf,nan,nan,-1,nan,inf,nan,0,0,0,1.0,,,,,,,,,,,,,,,,,,,,,,,,,,,,,,,,,,,,,,,,,,,,,,,,,,,,0,inf,,,,,,,,,,,,,,,,,,,,,
9.602407681013574,1788412693.8050945,control,waiting_for_state,0,0,inf,nan,nan,-1,nan,inf,nan,0,0,0,1.0,,,,,,,,,,,,,,,,,,,,,,,,,,,,,,,,,,,,,,,,,,,,,,,,,,,,0,inf,,,,,,,,,,,,,,,,,,,,,
9.613495014011278,1788412693.8161938,control,waiting_for_state,0,0,inf,nan,nan,-1,nan,inf,nan,0,0,0,1.0,,,,,,,,,,,,,,,,,,,,,,,,,,,,,,,,,,,,,,,,,,,,,,,,,,,,0,inf,,,,,,,,,,,,,,,,,,,,,
9.624562244003755,1788412693.827138,control,waiting_for_state,0,0,inf,nan,nan,-1,nan,inf,nan,0,0,0,1.0,,,,,,,,,,,,,,,,,,,,,,,,,,,,,,,,,,,,,,,,,,,,,,,,,,,,0,inf,,,,,,,,,,,,,,,,,,,,,
9.635574875006569,1788412693.838035,control,waiting_for_state,0,0,inf,nan,nan,-1,nan,inf,nan,0,0,0,1.0,,,,,,,,,,,,,,,,,,,,,,,,,,,,,,,,,,,,,,,,,,,,,,,,,,,,0,inf,,,,,,,,,,,,,,,,,,,,,
9.646670531001291,1788412693.849139,control,waiting_for_state,0,0,inf,nan,nan,-1,nan,inf,nan,0,0,0,1.0,,,,,,,,,,,,,,,,,,,,,,,,,,,,,,,,,,,,,,,,,,,,,,,,,,,,0,inf,,,,,,,,,,,,,,,,,,,,,
9.657803065012558,1788412693.860297,control,waiting_for_state,0,0,inf,nan,nan,-1,nan,inf,nan,0,0,0,1.0,,,,,,,,,,,,,,,,,,,,,,,,,,,,,,,,,,,,,,,,,,,,,,,,,,,,0,inf,,,,,,,,,,,,,,,,,,,,,
9.668916541006183,1788412693.8714206,control,waiting_for_state,0,0,inf,nan,nan,-1,nan,inf,nan,0,0,0,1.0,,,,,,,,,,,,,,,,,,,,,,,,,,,,,,,,,,,,,,,,,,,,,,,,,,,,0,inf,,,,,,,,,,,,,,,,,,,,,
9.680014379002387,1788412693.8824892,control,waiting_for_state,0,0,inf,nan,nan,-1,nan,inf,nan,0,0,0,1.0,,,,,,,,,,,,,,,,,,,,,,,,,,,,,,,,,,,,,,,,,,,,,,,,,,,,0,inf,,,,,,,,,,,,,,,,,,,,,
9.691120740011684,1788412693.8935866,control,waiting_for_state,0,0,inf,nan,nan,-1,nan,inf,nan,0,0,0,1.0,,,,,,,,,,,,,,,,,,,,,,,,,,,,,,,,,,,,,,,,,,,,,,,,,,,,0,inf,,,,,,,,,,,,,,,,,,,,,
9.702224128006492,1788412693.9046786,control,waiting_for_state,0,0,inf,nan,nan,-1,nan,inf,nan,0,0,0,1.0,,,,,,,,,,,,,,,,,,,,,,,,,,,,,,,,,,,,,,,,,,,,,,,,,,,,0,inf,,,,,,,,,,,,,,,,,,,,,
9.713330517013674,1788412693.9157817,control,waiting_for_state,0,0,inf,nan,nan,-1,nan,inf,nan,0,0,0,1.0,,,,,,,,,,,,,,,,,,,,,,,,,,,,,,,,,,,,,,,,,,,,,,,,,,,,0,inf,,,,,,,,,,,,,,,,,,,,,
9.724356849008473,1788412693.9268553,control,waiting_for_state,0,0,inf,nan,nan,-1,nan,inf,nan,0,0,0,1.0,,,,,,,,,,,,,,,,,,,,,,,,,,,,,,,,,,,,,,,,,,,,,,,,,,,,0,inf,,,,,,,,,,,,,,,,,,,,,
9.7356045320048,1788412693.9381344,control,waiting_for_state,0,0,inf,nan,nan,-1,nan,inf,nan,0,0,0,1.0,,,,,,,,,,,,,,,,,,,,,,,,,,,,,,,,,,,,,,,,,,,,,,,,,,,,0,inf,,,,,,,,,,,,,,,,,,,,,
9.746721257004538,1788412693.9492555,control,waiting_for_state,0,0,inf,nan,nan,-1,nan,inf,nan,0,0,0,1.0,,,,,,,,,,,,,,,,,,,,,,,,,,,,,,,,,,,,,,,,,,,,,,,,,,,,0,inf,,,,,,,,,,,,,,,,,,,,,
9.757824831001926,1788412693.9603574,control,waiting_for_state,0,0,inf,nan,nan,-1,nan,inf,nan,0,0,0,1.0,,,,,,,,,,,,,,,,,,,,,,,,,,,,,,,,,,,,,,,,,,,,,,,,,,,,0,inf,,,,,,,,,,,,,,,,,,,,,
9.76895278300799,1788412693.9714577,control,waiting_for_state,0,0,inf,nan,nan,-1,nan,inf,nan,0,0,0,1.0,,,,,,,,,,,,,,,,,,,,,,,,,,,,,,,,,,,,,,,,,,,,,,,,,,,,0,inf,,,,,,,,,,,,,,,,,,,,,
9.780058976000873,1788412693.982541,control,waiting_for_state,0,0,inf,nan,nan,-1,nan,inf,nan,0,0,0,1.0,,,,,,,,,,,,,,,,,,,,,,,,,,,,,,,,,,,,,,,,,,,,,,,,,,,,0,inf,,,,,,,,,,,,,,,,,,,,,
9.791147613010253,1788412693.9937837,control,waiting_for_state,0,0,inf,nan,nan,-1,nan,inf,nan,0,0,0,1.0,,,,,,,,,,,,,,,,,,,,,,,,,,,,,,,,,,,,,,,,,,,,,,,,,,,,0,inf,,,,,,,,,,,,,,,,,,,,,
9.802478797006188,1788412694.0052798,control,waiting_for_state,0,0,inf,nan,nan,-1,nan,inf,nan,0,0,0,1.0,,,,,,,,,,,,,,,,,,,,,,,,,,,,,,,,,,,,,,,,,,,,,,,,,,,,0,inf,,,,,,,,,,,,,,,,,,,,,
9.813585202005925,1788412694.0164928,control,waiting_for_state,0,0,inf,nan,nan,-1,nan,inf,nan,0,0,0,1.0,,,,,,,,,,,,,,,,,,,,,,,,,,,,,,,,,,,,,,,,,,,,,,,,,,,,0,inf,,,,,,,,,,,,,,,,,,,,,
9.824612784010242,1788412694.0273833,control,waiting_for_state,0,0,inf,nan,nan,-1,nan,inf,nan,0,0,0,1.0,,,,,,,,,,,,,,,,,,,,,,,,,,,,,,,,,,,,,,,,,,,,,,,,,,,,0,inf,,,,,,,,,,,,,,,,,,,,,
9.835831935008173,1788412694.0386622,control,waiting_for_state,0,0,inf,nan,nan,-1,nan,inf,nan,0,0,0,1.0,,,,,,,,,,,,,,,,,,,,,,,,,,,,,,,,,,,,,,,,,,,,,,,,,,,,0,inf,,,,,,,,,,,,,,,,,,,,,
9.846985520009184,1788412694.0498679,control,waiting_for_state,0,0,inf,nan,nan,-1,nan,inf,nan,0,0,0,1.0,,,,,,,,,,,,,,,,,,,,,,,,,,,,,,,,,,,,,,,,,,,,,,,,,,,,0,inf,,,,,,,,,,,,,,,,,,,,,
9.857799287012313,1788412694.060319,control,waiting_for_state,0,0,inf,nan,nan,-1,nan,inf,nan,0,0,0,1.0,,,,,,,,,,,,,,,,,,,,,,,,,,,,,,,,,,,,,,,,,,,,,,,,,,,,0,inf,,,,,,,,,,,,,,,,,,,,,
9.868948676012224,1788412694.0714579,control,waiting_for_state,0,0,inf,nan,nan,-1,nan,inf,nan,0,0,0,1.0,,,,,,,,,,,,,,,,,,,,,,,,,,,,,,,,,,,,,,,,,,,,,,,,,,,,0,inf,,,,,,,,,,,,,,,,,,,,,
9.880035369002144,1788412694.0825646,control,waiting_for_state,0,0,inf,nan,nan,-1,nan,inf,nan,0,0,0,1.0,,,,,,,,,,,,,,,,,,,,,,,,,,,,,,,,,,,,,,,,,,,,,,,,,,,,0,inf,,,,,,,,,,,,,,,,,,,,,
9.891105296002934,1788412694.0936255,control,waiting_for_state,0,0,inf,nan,nan,-1,nan,inf,nan,0,0,0,1.0,,,,,,,,,,,,,,,,,,,,,,,,,,,,,,,,,,,,,,,,,,,,,,,,,,,,0,inf,,,,,,,,,,,,,,,,,,,,,
9.902279079004074,1788412694.104795,control,waiting_for_state,0,0,inf,nan,nan,-1,nan,inf,nan,0,0,0,1.0,,,,,,,,,,,,,,,,,,,,,,,,,,,,,,,,,,,,,,,,,,,,,,,,,,,,0,inf,,,,,,,,,,,,,,,,,,,,,
9.913298159008264,1788412694.1158159,control,waiting_for_state,0,0,inf,nan,nan,-1,nan,inf,nan,0,0,0,1.0,,,,,,,,,,,,,,,,,,,,,,,,,,,,,,,,,,,,,,,,,,,,,,,,,,,,0,inf,,,,,,,,,,,,,,,,,,,,,
9.92437952500768,1788412694.126902,control,waiting_for_state,0,0,inf,nan,nan,-1,nan,inf,nan,0,0,0,1.0,,,,,,,,,,,,,,,,,,,,,,,,,,,,,,,,,,,,,,,,,,,,,,,,,,,,0,inf,,,,,,,,,,,,,,,,,,,,,
9.93561311501253,1788412694.1381328,control,waiting_for_state,0,0,inf,nan,nan,-1,nan,inf,nan,0,0,0,1.0,,,,,,,,,,,,,,,,,,,,,,,,,,,,,,,,,,,,,,,,,,,,,,,,,,,,0,inf,,,,,,,,,,,,,,,,,,,,,
9.946717002007063,1788412694.1492355,control,waiting_for_state,0,0,inf,nan,nan,-1,nan,inf,nan,0,0,0,1.0,,,,,,,,,,,,,,,,,,,,,,,,,,,,,,,,,,,,,,,,,,,,,,,,,,,,0,inf,,,,,,,,,,,,,,,,,,,,,
9.957839303009678,1788412694.1603587,control,waiting_for_state,0,0,inf,nan,nan,-1,nan,inf,nan,0,0,0,1.0,,,,,,,,,,,,,,,,,,,,,,,,,,,,,,,,,,,,,,,,,,,,,,,,,,,,0,inf,,,,,,,,,,,,,,,,,,,,,
9.96884695001063,1788412694.171389,control,waiting_for_state,0,0,inf,nan,nan,-1,nan,inf,nan,0,0,0,1.0,,,,,,,,,,,,,,,,,,,,,,,,,,,,,,,,,,,,,,,,,,,,,,,,,,,,0,inf,,,,,,,,,,,,,,,,,,,,,
9.979946411011042,1788412694.1824846,control,waiting_for_state,0,0,inf,nan,nan,-1,nan,inf,nan,0,0,0,1.0,,,,,,,,,,,,,,,,,,,,,,,,,,,,,,,,,,,,,,,,,,,,,,,,,,,,0,inf,,,,,,,,,,,,,,,,,,,,,
9.99112778500421,1788412694.193635,control,waiting_for_state,0,0,inf,nan,nan,-1,nan,inf,nan,0,0,0,1.0,,,,,,,,,,,,,,,,,,,,,,,,,,,,,,,,,,,,,,,,,,,,,,,,,,,,0,inf,,,,,,,,,,,,,,,,,,,,,
10.00229958401178,1788412694.2049468,control,waiting_for_state,0,0,inf,nan,nan,-1,nan,inf,nan,0,0,0,1.0,,,,,,,,,,,,,,,,,,,,,,,,,,,,,,,,,,,,,,,,,,,,,,,,,,,,0,inf,,,,,,,,,,,,,,,,,,,,,
10.013456381013384,1788412694.2161615,control,waiting_for_state,0,0,inf,nan,nan,-1,nan,inf,nan,0,0,0,1.0,,,,,,,,,,,,,,,,,,,,,,,,,,,,,,,,,,,,,,,,,,,,,,,,,,,,0,inf,,,,,,,,,,,,,,,,,,,,,
10.024511973009794,1788412694.2272985,control,waiting_for_state,0,0,inf,nan,nan,-1,nan,inf,nan,0,0,0,1.0,,,,,,,,,,,,,,,,,,,,,,,,,,,,,,,,,,,,,,,,,,,,,,,,,,,,0,inf,,,,,,,,,,,,,,,,,,,,,
10.035693462006748,1788412694.238434,control,waiting_for_state,0,0,inf,nan,nan,-1,nan,inf,nan,0,0,0,1.0,,,,,,,,,,,,,,,,,,,,,,,,,,,,,,,,,,,,,,,,,,,,,,,,,,,,0,inf,,,,,,,,,,,,,,,,,,,,,
10.046927143004723,1788412694.2497041,control,waiting_for_state,0,0,inf,nan,nan,-1,nan,inf,nan,0,0,0,1.0,,,,,,,,,,,,,,,,,,,,,,,,,,,,,,,,,,,,,,,,,,,,,,,,,,,,0,inf,,,,,,,,,,,,,,,,,,,,,
10.058044486009749,1788412694.264422,control,waiting_for_state,0,0,inf,nan,nan,-1,nan,inf,nan,0,0,0,1.0,,,,,,,,,,,,,,,,,,,,,,,,,,,,,,,,,,,,,,,,,,,,,,,,,,,,0,inf,,,,,,,,,,,,,,,,,,,,,
10.068977930000983,1788412694.2717497,control,waiting_for_state,0,0,inf,nan,nan,-1,nan,inf,nan,0,0,0,1.0,,,,,,,,,,,,,,,,,,,,,,,,,,,,,,,,,,,,,,,,,,,,,,,,,,,,0,inf,,,,,,,,,,,,,,,,,,,,,
10.080087819005712,1788412694.2827652,control,waiting_for_state,0,0,inf,nan,nan,-1,nan,inf,nan,0,0,0,1.0,,,,,,,,,,,,,,,,,,,,,,,,,,,,,,,,,,,,,,,,,,,,,,,,,,,,0,inf,,,,,,,,,,,,,,,,,,,,,
10.09110185901227,1788412694.2935839,control,waiting_for_state,0,0,inf,nan,nan,-1,nan,inf,nan,0,0,0,1.0,,,,,,,,,,,,,,,,,,,,,,,,,,,,,,,,,,,,,,,,,,,,,,,,,,,,0,inf,,,,,,,,,,,,,,,,,,,,,
10.10222135001095,1788412694.3047001,control,waiting_for_state,0,0,inf,nan,nan,-1,nan,inf,nan,0,0,0,1.0,,,,,,,,,,,,,,,,,,,,,,,,,,,,,,,,,,,,,,,,,,,,,,,,,,,,0,inf,,,,,,,,,,,,,,,,,,,,,
10.11335117300041,1788412694.3158758,control,waiting_for_state,0,0,inf,nan,nan,-1,nan,inf,nan,0,0,0,1.0,,,,,,,,,,,,,,,,,,,,,,,,,,,,,,,,,,,,,,,,,,,,,,,,,,,,0,inf,,,,,,,,,,,,,,,,,,,,,
10.124371292011347,1788412694.3268862,control,waiting_for_state,0,0,inf,nan,nan,-1,nan,inf,nan,0,0,0,1.0,,,,,,,,,,,,,,,,,,,,,,,,,,,,,,,,,,,,,,,,,,,,,,,,,,,,0,inf,,,,,,,,,,,,,,,,,,,,,
10.135587759999908,1788412694.3381133,control,waiting_for_state,0,0,inf,nan,nan,-1,nan,inf,nan,0,0,0,1.0,,,,,,,,,,,,,,,,,,,,,,,,,,,,,,,,,,,,,,,,,,,,,,,,,,,,0,inf,,,,,,,,,,,,,,,,,,,,,
10.146705483013648,1788412694.3491986,control,waiting_for_state,0,0,inf,nan,nan,-1,nan,inf,nan,0,0,0,1.0,,,,,,,,,,,,,,,,,,,,,,,,,,,,,,,,,,,,,,,,,,,,,,,,,,,,0,inf,,,,,,,,,,,,,,,,,,,,,
10.157768082004623,1788412694.3602624,control,waiting_for_state,0,0,inf,nan,nan,-1,nan,inf,nan,0,0,0,1.0,,,,,,,,,,,,,,,,,,,,,,,,,,,,,,,,,,,,,,,,,,,,,,,,,,,,0,inf,,,,,,,,,,,,,,,,,,,,,
10.168911028013099,1788412694.371367,control,waiting_for_state,0,0,inf,nan,nan,-1,nan,inf,nan,0,0,0,1.0,,,,,,,,,,,,,,,,,,,,,,,,,,,,,,,,,,,,,,,,,,,,,,,,,,,,0,inf,,,,,,,,,,,,,,,,,,,,,
10.180010320007568,1788412694.3824708,control,waiting_for_state,0,0,inf,nan,nan,-1,nan,inf,nan,0,0,0,1.0,,,,,,,,,,,,,,,,,,,,,,,,,,,,,,,,,,,,,,,,,,,,,,,,,,,,0,inf,,,,,,,,,,,,,,,,,,,,,
10.191014543001074,1788412694.3934846,control,waiting_for_state,0,0,inf,nan,nan,-1,nan,inf,nan,0,0,0,1.0,,,,,,,,,,,,,,,,,,,,,,,,,,,,,,,,,,,,,,,,,,,,,,,,,,,,0,inf,,,,,,,,,,,,,,,,,,,,,
10.202226728011738,1788412694.4047248,control,waiting_for_state,0,0,inf,nan,nan,-1,nan,inf,nan,0,0,0,1.0,,,,,,,,,,,,,,,,,,,,,,,,,,,,,,,,,,,,,,,,,,,,,,,,,,,,0,inf,,,,,,,,,,,,,,,,,,,,,
10.21339625401015,1788412694.4158654,control,waiting_for_state,0,0,inf,nan,nan,-1,nan,inf,nan,0,0,0,1.0,,,,,,,,,,,,,,,,,,,,,,,,,,,,,,,,,,,,,,,,,,,,,,,,,,,,0,inf,,,,,,,,,,,,,,,,,,,,,
10.224429444002453,1788412694.4269526,control,waiting_for_state,0,0,inf,nan,nan,-1,nan,inf,nan,0,0,0,1.0,,,,,,,,,,,,,,,,,,,,,,,,,,,,,,,,,,,,,,,,,,,,,,,,,,,,0,inf,,,,,,,,,,,,,,,,,,,,,
10.235631335002836,1788412694.4382732,control,waiting_for_state,0,0,inf,nan,nan,-1,nan,inf,nan,0,0,0,1.0,,,,,,,,,,,,,,,,,,,,,,,,,,,,,,,,,,,,,,,,,,,,,,,,,,,,0,inf,,,,,,,,,,,,,,,,,,,,,
10.24683193101373,1788412694.4496312,control,waiting_for_state,0,0,inf,nan,nan,-1,nan,inf,nan,0,0,0,1.0,,,,,,,,,,,,,,,,,,,,,,,,,,,,,,,,,,,,,,,,,,,,,,,,,,,,0,inf,,,,,,,,,,,,,,,,,,,,,
10.258038474014029,1788412694.460849,control,waiting_for_state,0,0,inf,nan,nan,-1,nan,inf,nan,0,0,0,1.0,,,,,,,,,,,,,,,,,,,,,,,,,,,,,,,,,,,,,,,,,,,,,,,,,,,,0,inf,,,,,,,,,,,,,,,,,,,,,
10.269148908002535,1788412694.4719608,control,waiting_for_state,0,0,inf,nan,nan,-1,nan,inf,nan,0,0,0,1.0,,,,,,,,,,,,,,,,,,,,,,,,,,,,,,,,,,,,,,,,,,,,,,,,,,,,0,inf,,,,,,,,,,,,,,,,,,,,,
10.280154049003613,1788412694.4829514,control,waiting_for_state,0,0,inf,nan,nan,-1,nan,inf,nan,0,0,0,1.0,,,,,,,,,,,,,,,,,,,,,,,,,,,,,,,,,,,,,,,,,,,,,,,,,,,,0,inf,,,,,,,,,,,,,,,,,,,,,
10.291245963002439,1788412694.494093,control,waiting_for_state,0,0,inf,nan,nan,-1,nan,inf,nan,0,0,0,1.0,,,,,,,,,,,,,,,,,,,,,,,,,,,,,,,,,,,,,,,,,,,,,,,,,,,,0,inf,,,,,,,,,,,,,,,,,,,,,
10.302455519005889,1788412694.505197,control,waiting_for_state,0,0,inf,nan,nan,-1,nan,inf,nan,0,0,0,1.0,,,,,,,,,,,,,,,,,,,,,,,,,,,,,,,,,,,,,,,,,,,,,,,,,,,,0,inf,,,,,,,,,,,,,,,,,,,,,
10.313516703012283,1788412694.5162182,control,waiting_for_state,0,0,inf,nan,nan,-1,nan,inf,nan,0,0,0,1.0,,,,,,,,,,,,,,,,,,,,,,,,,,,,,,,,,,,,,,,,,,,,,,,,,,,,0,inf,,,,,,,,,,,,,,,,,,,,,
10.32440265500918,1788412694.5269074,control,waiting_for_state,0,0,inf,nan,nan,-1,nan,inf,nan,0,0,0,1.0,,,,,,,,,,,,,,,,,,,,,,,,,,,,,,,,,,,,,,,,,,,,,,,,,,,,0,inf,,,,,,,,,,,,,,,,,,,,,
10.335605406013201,1788412694.538111,control,waiting_for_state,0,0,inf,nan,nan,-1,nan,inf,nan,0,0,0,1.0,,,,,,,,,,,,,,,,,,,,,,,,,,,,,,,,,,,,,,,,,,,,,,,,,,,,0,inf,,,,,,,,,,,,,,,,,,,,,
10.346718694010633,1788412694.5492408,control,waiting_for_state,0,0,inf,nan,nan,-1,nan,inf,nan,0,0,0,1.0,,,,,,,,,,,,,,,,,,,,,,,,,,,,,,,,,,,,,,,,,,,,,,,,,,,,0,inf,,,,,,,,,,,,,,,,,,,,,
10.357763797001098,1788412694.560295,control,waiting_for_state,0,0,inf,nan,nan,-1,nan,inf,nan,0,0,0,1.0,,,,,,,,,,,,,,,,,,,,,,,,,,,,,,,,,,,,,,,,,,,,,,,,,,,,0,inf,,,,,,,,,,,,,,,,,,,,,
10.36885276400426,1788412694.5713606,control,waiting_for_state,0,0,inf,nan,nan,-1,nan,inf,nan,0,0,0,1.0,,,,,,,,,,,,,,,,,,,,,,,,,,,,,,,,,,,,,,,,,,,,,,,,,,,,0,inf,,,,,,,,,,,,,,,,,,,,,
10.380051363012171,1788412694.582568,control,waiting_for_state,0,0,inf,nan,nan,-1,nan,inf,nan,0,0,0,1.0,,,,,,,,,,,,,,,,,,,,,,,,,,,,,,,,,,,,,,,,,,,,,,,,,,,,0,inf,,,,,,,,,,,,,,,,,,,,,
10.39115984601085,1788412694.5936773,control,waiting_for_state,0,0,inf,nan,nan,-1,nan,inf,nan,0,0,0,1.0,,,,,,,,,,,,,,,,,,,,,,,,,,,,,,,,,,,,,,,,,,,,,,,,,,,,0,inf,,,,,,,,,,,,,,,,,,,,,
10.402270217004116,1788412694.604766,control,waiting_for_state,0,0,inf,nan,nan,-1,nan,inf,nan,0,0,0,1.0,,,,,,,,,,,,,,,,,,,,,,,,,,,,,,,,,,,,,,,,,,,,,,,,,,,,0,inf,,,,,,,,,,,,,,,,,,,,,
10.413388480010326,1788412694.6159184,control,waiting_for_state,0,0,inf,nan,nan,-1,nan,inf,nan,0,0,0,1.0,,,,,,,,,,,,,,,,,,,,,,,,,,,,,,,,,,,,,,,,,,,,,,,,,,,,0,inf,,,,,,,,,,,,,,,,,,,,,
10.424472124999738,1788412694.6270244,control,waiting_for_state,0,0,inf,nan,nan,-1,nan,inf,nan,0,0,0,1.0,,,,,,,,,,,,,,,,,,,,,,,,,,,,,,,,,,,,,,,,,,,,,,,,,,,,0,inf,,,,,,,,,,,,,,,,,,,,,
10.435668129008263,1788412694.6381986,control,waiting_for_state,0,0,inf,nan,nan,-1,nan,inf,nan,0,0,0,1.0,,,,,,,,,,,,,,,,,,,,,,,,,,,,,,,,,,,,,,,,,,,,,,,,,,,,0,inf,,,,,,,,,,,,,,,,,,,,,
10.446815686009359,1788412694.6493502,control,waiting_for_state,0,0,inf,nan,nan,-1,nan,inf,nan,0,0,0,1.0,,,,,,,,,,,,,,,,,,,,,,,,,,,,,,,,,,,,,,,,,,,,,,,,,,,,0,inf,,,,,,,,,,,,,,,,,,,,,
10.457765348008252,1788412694.660391,control,waiting_for_state,0,0,inf,nan,nan,-1,nan,inf,nan,0,0,0,1.0,,,,,,,,,,,,,,,,,,,,,,,,,,,,,,,,,,,,,,,,,,,,,,,,,,,,0,inf,,,,,,,,,,,,,,,,,,,,,
10.468998322001426,1788412694.6718278,control,waiting_for_state,0,0,inf,nan,nan,-1,nan,inf,nan,0,0,0,1.0,,,,,,,,,,,,,,,,,,,,,,,,,,,,,,,,,,,,,,,,,,,,,,,,,,,,0,inf,,,,,,,,,,,,,,,,,,,,,
10.480305014003534,1788412694.6831408,control,waiting_for_state,0,0,inf,nan,nan,-1,nan,inf,nan,0,0,0,1.0,,,,,,,,,,,,,,,,,,,,,,,,,,,,,,,,,,,,,,,,,,,,,,,,,,,,0,inf,,,,,,,,,,,,,,,,,,,,,
10.491258246009238,1788412694.694094,control,waiting_for_state,0,0,inf,nan,nan,-1,nan,inf,nan,0,0,0,1.0,,,,,,,,,,,,,,,,,,,,,,,,,,,,,,,,,,,,,,,,,,,,,,,,,,,,0,inf,,,,,,,,,,,,,,,,,,,,,
10.502413787005935,1788412694.7052715,control,waiting_for_state,0,0,inf,nan,nan,-1,nan,inf,nan,0,0,0,1.0,,,,,,,,,,,,,,,,,,,,,,,,,,,,,,,,,,,,,,,,,,,,,,,,,,,,0,inf,,,,,,,,,,,,,,,,,,,,,
10.513636173011037,1788412694.7164907,control,waiting_for_state,0,0,inf,nan,nan,-1,nan,inf,nan,0,0,0,1.0,,,,,,,,,,,,,,,,,,,,,,,,,,,,,,,,,,,,,,,,,,,,,,,,,,,,0,inf,,,,,,,,,,,,,,,,,,,,,
10.52454387700709,1788412694.7272832,control,waiting_for_state,0,0,inf,nan,nan,-1,nan,inf,nan,0,0,0,1.0,,,,,,,,,,,,,,,,,,,,,,,,,,,,,,,,,,,,,,,,,,,,,,,,,,,,0,inf,,,,,,,,,,,,,,,,,,,,,
10.535832940004184,1788412694.7387066,control,waiting_for_state,0,0,inf,nan,nan,-1,nan,inf,nan,0,0,0,1.0,,,,,,,,,,,,,,,,,,,,,,,,,,,,,,,,,,,,,,,,,,,,,,,,,,,,0,inf,,,,,,,,,,,,,,,,,,,,,
10.546762736004894,1788412694.7492707,control,waiting_for_state,0,0,inf,nan,nan,-1,nan,inf,nan,0,0,0,1.0,,,,,,,,,,,,,,,,,,,,,,,,,,,,,,,,,,,,,,,,,,,,,,,,,,,,0,inf,,,,,,,,,,,,,,,,,,,,,
10.557769348000875,1788412694.76028,control,waiting_for_state,0,0,inf,nan,nan,-1,nan,inf,nan,0,0,0,1.0,,,,,,,,,,,,,,,,,,,,,,,,,,,,,,,,,,,,,,,,,,,,,,,,,,,,0,inf,,,,,,,,,,,,,,,,,,,,,
10.568937569012633,1788412694.771445,control,waiting_for_state,0,0,inf,nan,nan,-1,nan,inf,nan,0,0,0,1.0,,,,,,,,,,,,,,,,,,,,,,,,,,,,,,,,,,,,,,,,,,,,,,,,,,,,0,inf,,,,,,,,,,,,,,,,,,,,,
10.580029724005726,1788412694.782552,control,waiting_for_state,0,0,inf,nan,nan,-1,nan,inf,nan,0,0,0,1.0,,,,,,,,,,,,,,,,,,,,,,,,,,,,,,,,,,,,,,,,,,,,,,,,,,,,0,inf,,,,,,,,,,,,,,,,,,,,,
10.591077661010786,1788412694.7935836,control,waiting_for_state,0,0,inf,nan,nan,-1,nan,inf,nan,0,0,0,1.0,,,,,,,,,,,,,,,,,,,,,,,,,,,,,,,,,,,,,,,,,,,,,,,,,,,,0,inf,,,,,,,,,,,,,,,,,,,,,
10.602271003008354,1788412694.804783,control,waiting_for_state,0,0,inf,nan,nan,-1,nan,inf,nan,0,0,0,1.0,,,,,,,,,,,,,,,,,,,,,,,,,,,,,,,,,,,,,,,,,,,,,,,,,,,,0,inf,,,,,,,,,,,,,,,,,,,,,
10.613351728010457,1788412694.8158672,control,waiting_for_state,0,0,inf,nan,nan,-1,nan,inf,nan,0,0,0,1.0,,,,,,,,,,,,,,,,,,,,,,,,,,,,,,,,,,,,,,,,,,,,,,,,,,,,0,inf,,,,,,,,,,,,,,,,,,,,,
10.624440225001308,1788412694.826959,control,waiting_for_state,0,0,inf,nan,nan,-1,nan,inf,nan,0,0,0,1.0,,,,,,,,,,,,,,,,,,,,,,,,,,,,,,,,,,,,,,,,,,,,,,,,,,,,0,inf,,,,,,,,,,,,,,,,,,,,,
10.635616280007525,1788412694.8381321,control,waiting_for_state,0,0,inf,nan,nan,-1,nan,inf,nan,0,0,0,1.0,,,,,,,,,,,,,,,,,,,,,,,,,,,,,,,,,,,,,,,,,,,,,,,,,,,,0,inf,,,,,,,,,,,,,,,,,,,,,
10.646720656004618,1788412694.849242,control,waiting_for_state,0,0,inf,nan,nan,-1,nan,inf,nan,0,0,0,1.0,,,,,,,,,,,,,,,,,,,,,,,,,,,,,,,,,,,,,,,,,,,,,,,,,,,,0,inf,,,,,,,,,,,,,,,,,,,,,
10.657794397004182,1788412694.860356,control,waiting_for_state,0,0,inf,nan,nan,-1,nan,inf,nan,0,0,0,1.0,,,,,,,,,,,,,,,,,,,,,,,,,,,,,,,,,,,,,,,,,,,,,,,,,,,,0,inf,,,,,,,,,,,,,,,,,,,,,
10.669030517005012,1788412694.871541,control,waiting_for_state,0,0,inf,nan,nan,-1,nan,inf,nan,0,0,0,1.0,,,,,,,,,,,,,,,,,,,,,,,,,,,,,,,,,,,,,,,,,,,,,,,,,,,,0,inf,,,,,,,,,,,,,,,,,,,,,
10.679977564010187,1788412694.8825119,control,waiting_for_state,0,0,inf,nan,nan,-1,nan,inf,nan,0,0,0,1.0,,,,,,,,,,,,,,,,,,,,,,,,,,,,,,,,,,,,,,,,,,,,,,,,,,,,0,inf,,,,,,,,,,,,,,,,,,,,,
10.691134723005234,1788412694.8937452,control,waiting_for_state,0,0,inf,nan,nan,-1,nan,inf,nan,0,0,0,1.0,,,,,,,,,,,,,,,,,,,,,,,,,,,,,,,,,,,,,,,,,,,,,,,,,,,,0,inf,,,,,,,,,,,,,,,,,,,,,
10.702449986012653,1788412694.9052377,control,waiting_for_state,0,0,inf,nan,nan,-1,nan,inf,nan,0,0,0,1.0,,,,,,,,,,,,,,,,,,,,,,,,,,,,,,,,,,,,,,,,,,,,,,,,,,,,0,inf,,,,,,,,,,,,,,,,,,,,,
10.713600196002517,1788412694.9165006,control,waiting_for_state,0,0,inf,nan,nan,-1,nan,inf,nan,0,0,0,1.0,,,,,,,,,,,,,,,,,,,,,,,,,,,,,,,,,,,,,,,,,,,,,,,,,,,,0,inf,,,,,,,,,,,,,,,,,,,,,
