control_time_s,ros_time_s,mode,flight_phase,state_valid,derivatives_valid,state_age_s,battery_voltage_v,battery_voltage_mv,battery_state,battery_level_percent,battery_age_s,preflight_voltage_v,preflight_voltage_sample_count,preflight_voltage_ready,preflight_voltage_failed,thrust_raw_scale,position_x,position_y,position_z,velocity_x,velocity_y,velocity_z,acceleration_x,acceleration_y,acceleration_z,body_rate_x,body_rate_y,body_rate_z,roll_rad,pitch_rad,yaw_rad,target_x,target_y,target_z,target_yaw_rad,target_jerk_x,target_jerk_y,target_jerk_z,position_error_x,position_error_y,position_error_z,velocity_error_x,velocity_error_y,velocity_error_z,desired_force_x,desired_force_y,desired_force_z,desired_roll_rad,desired_pitch_rad,desired_yaw_rad,attitude_error_x,attitude_error_y,attitude_error_z,computed_rate_x,computed_rate_y,computed_rate_z,omega_c_method,command_rate_x,command_rate_y,command_rate_z,command_thrust_newton,filtered_velocity_x,filtered_velocity_y,filtered_velocity_z,filtered_acceleration_x,filtered_acceleration_y,filtered_acceleration_z,filter_derivatives_valid,mocap_sample_age_s
0.013119686002028175,1788364203.4593968,control,preflight_voltage,1,1,0.005678531997546088,3.7953078746795654,3795.0,0,20.0,0.007137303000490647,nan,0,0,0,1.0,0.05252744257450104,0.06544504314661026,0.04421228542923927,0.00018959699082188308,-0.0007405172800645232,0.00016709964256733656,0.005871525965631008,-0.020355023443698883,0.01041819341480732,-0.002547001466155052,-0.014622588641941547,0.0013641361147165298,-0.017517165998859167,0.005075659352313947,-0.1950723266279381,0.05252744257450104,0.06544504314661026,0.04421228542923927,-0.1950723266279381,0.0,0.0,0.0,0.0,0.0,0.0,0.00018959699082188308,-0.0007405172800645232,0.00016709964256733656,0.0,0.0,0.0,-0.017517165998859167,0.005075659352313947,-0.1950723266279381,0.0,0.0,0.0,0.0,0.0,0.0,zero,0.0,0.0,0.0,0.0,0.00018959699082188308,-0.0007405172800645232,0.00016709964256733656,0.0,0.0,0.0,0,0.007177114486694336
0.024204715999076143,1788364203.4694989,control,preflight_voltage,1,1,0.000490466998599004,3.7953078746795654,3795.0,0,20.0,0.0070008929978939705,nan,1,0,0,1.0,0.05248303711414337,0.06544481962919235,0.044211335480213165,-0.0005392992170527577,-0.0007958387141115963,-0.00016803189646452665,-0.003589453175663948,-0.02292587235569954,-0.0076413340866565704,-0.0027912845835089684,-0.0007054870948195457,-0.013319130055606365,-0.017822537168865484,0.00569890528627516,-0.19582362610648082,0.05248303711414337,0.06544481962919235,0.044211335480213165,-0.19582362610648082,0.0,0.0,0.0,0.0,0.0,0.0,5.538731177469497e-05,-0.0006615094112712454,0.00020976779410479172,0.0,0.0,0.0,-0.017822537168865484,0.00569890528627516,-0.19582362610648082,0.0,0.0,0.0,0.0,0.0,0.0,zero,0.0,0.0,0.0,0.0,5.538731177469497e-05,-0.0006615094112712454,0.00020976779410479172,-0.012735186014209966,0.007022185091423673,0.003493074520376785,1,0.0008921623229980469
0.03527381800086005,1788364203.4805741,control,preflight_voltage,1,1,0.011559569000382908,3.7953078746795654,3795.0,0,20.0,0.0064390469997306354,nan,2,0,0,1.0,0.05248303711414337,0.06544481962919235,0.044211335480213165,-0.0005392992170527577,-0.0007958387141115963,-0.00016803189646452665,-0.003589453175663948,-0.02292587235569954,-0.0076413340866565704,-0.0027912845835089684,-0.0007054870948195457,-0.013319130055606365,-0.017822537168865484,0.00569890528627516,-0.19582362610648082,0.05248303711414337,0.06544481962919235,0.044211335480213165,-0.19582362610648082,0.0,0.0,0.0,0.0,0.0,0.0,5.538731177469497e-05,-0.0006615094112712454,0.00020976779410479172,0.0,0.0,0.0,-0.017822537168865484,0.00569890528627516,-0.19582362610648082,0.0,0.0,0.0,0.0,0.0,0.0,zero,0.0,0.0,0.0,0.0,5.538731177469497e-05,-0.0006615094112712454,0.00020976779410479172,-0.012735186014209966,0.007022185091423673,0.003493074520376785,1,0.01196742057800293
0.046515271002135705,1788364203.491821,control,preflight_voltage,1,1,0.0032462369999848306,3.7953078746795654,3795.0,0,20.0,0.006534015999932308,nan,3,0,0,1.0,0.05248633027076721,0.06548767536878586,0.044243667274713516,-0.0013483640505000949,0.002620880724862218,0.002115642884746194,-0.0692390501499176,0.18395371735095978,0.1303437501192093,-0.0919024720788002,0.016246872022747993,0.0019357828423380852,-0.018986155063787383,0.005492427123738675,-0.1955319187586152,0.05248633027076721,0.06548767536878586,0.044243667274713516,-0.1955319187586152,0.0,0.0,0.0,0.0,0.0,0.0,-0.00039728736267689895,-0.0005524869800092687,0.00013006769167730908,0.0,0.0,0.0,-0.018986155063787383,0.005492427123738675,-0.1955319187586152,0.0,0.0,0.0,0.0,0.0,0.0,zero,0.0,0.0,0.0,0.0,-0.00039728736267689895,-0.0005524869800092687,0.00013006769167730908,-0.05984362009686683,0.01634634280351661,-0.009630934645675443,1,0.0036115646362304688
0.057603099005063996,1788364203.502899,control,preflight_voltage,1,1,0.005738388004829176,3.7953078746795654,3795.0,0,20.0,0.006399609002983198,nan,4,0,0,1.0,0.052551403641700745,0.06543030589818954,0.04422178119421005,0.000447104568593204,0.0007515447214245796,0.0011793444864451885,-0.013292323797941208,0.10333206504583359,0.08232131600379944,-0.03352665528655052,0.01891869306564331,-0.010699668899178505,-0.017283359091710422,0.005735444511401836,-0.19605879921754396,0.052551403641700745,0.06543030589818954,0.04422178119421005,-0.19605879921754396,0.0,0.0,0.0,0.0,0.0,0.0,-0.0005402494157070534,-0.0003149312175049833,0.00023944840678597943,0.0,0.0,0.0,-0.017283359091710422,0.005735444511401836,-0.19605879921754396,0.0,0.0,0.0,0.0,0.0,0.0,zero,0.0,0.0,0.0,0.0,-0.0005402494157070534,-0.0003149312175049833,0.00023944840678597943,-0.016760105958369596,0.027849766187628203,0.012823209629179542,1,0.006159543991088867
0.068726419005543,1788364203.514068,control,preflight_voltage,1,1,0.016861708005308174,3.7953078746795654,3795.0,0,20.0,0.006008980002661701,nan,5,0,0,1.0,0.052551403641700745,0.06543030589818954,0.04422178119421005,0.000447104568593204,0.0007515447214245796,0.0011793444864451885,-0.013292323797941208,0.10333206504583359,0.08232131600379944,-0.03352665528655052,0.01891869306564331,-0.010699668899178505,-0.017283359091710422,0.005735444511401836,-0.19605879921754396,0.052551403641700745,0.06543030589818954,0.04422178119421005,-0.19605879921754396,0.0,0.0,0.0,0.0,0.0,0.0,-0.0005402494157070534,-0.0003149312175049833,0.00023944840678597943,0.0,0.0,0.0,-0.017283359091710422,0.005735444511401836,-0.19605879921754396,0.0,0.0,0.0,0.0,0.0,0.0,zero,0.0,0.0,0.0,0.0,-0.0005402494157070534,-0.0003149312175049833,0.00023944840678597943,-0.016760105958369596,0.027849766187628203,0.012823209629179542,1,0.017328500747680664
0.07975909100059653,1788364203.5250752,control,preflight_voltage,1,1,0.005757161998189986,3.7953078746795654,3795.0,0,20.0,0.005675120999512728,nan,6,0,0,1.0,0.05251765996217728,0.06544070690870285,0.04421532154083252,0.0006705988780595362,-0.0004364103660918772,-0.0010947774862870574,0.05077696591615677,-0.042693428695201874,-0.13782931864261627,-0.02472381293773651,-0.030218791216611862,-0.021623970940709114,-0.01783698881414165,0.005286924748389895,-0.19599330580805055,0.05251765996217728,0.06544070690870285,0.04421532154083252,-0.19599330580805055,0.0,0.0,0.0,0.0,0.0,0.0,-0.00025549435115130746,0.0011699710817551045,0.0013046410508320283,0.0,0.0,0.0,-0.01783698881414165,0.005286924748389895,-0.19599330580805055,0.0,0.0,0.0,0.0,0.0,0.0,zero,0.0,0.0,0.0,0.0,-0.00025549435115130746,0.0011699710817551045,0.0013046410508320283,0.058316521353349186,0.2966695947253487,0.2122623929041217,1,0.006081819534301758
0.09096544100611936,1788364203.5362654,control,preflight_voltage,1,1,0.0028526250025606714,3.7953078746795654,3795.0,0,20.0,0.005303249003191013,nan,7,0,0,1.0,0.05245047062635422,0.06542358547449112,0.04420594871044159,-0.00042405619751662016,-0.00059389544185251,-0.0010098154889419675,0.02497244067490101,-0.03640614077448845,-0.10904884338378906,-0.020038969814777374,-0.015932435169816017,-0.016779819503426552,-0.01785502671958022,0.005864050483846863,-0.19596726360760264,0.05245047062635422,0.06542358547449112,0.04420594871044159,-0.19596726360760264,0.0,0.0,0.0,0.0,0.0,0.0,-7.653371504738637e-05,0.0011136377578856048,0.0010359403976609115,0.0,0.0,0.0,-0.01785502671958022,0.005864050483846863,-0.19596726360760264,0.0,0.0,0.0,0.0,0.0,0.0,zero,0.0,0.0,0.0,0.0,-7.653371504738637e-05,0.0011136377578856048,0.0010359403976609115,0.01279276202561944,-0.004026912409699846,-0.019207707275640865,1,0.003282785415649414
0.10195248400123091,1788364203.5472794,control,preflight_voltage,1,1,0.013839667997672223,3.7953078746795654,3795.0,0,20.0,0.005028136998589616,nan,8,0,0,1.0,0.05245047062635422,0.06542358547449112,0.04420594871044159,-0.00042405619751662016,-0.00059389544185251,-0.0010098154889419675,0.02497244067490101,-0.03640614077448845,-0.10904884338378906,-0.020038969814777374,-0.015932435169816017,-0.016779819503426552,-0.01785502671958022,0.005864050483846863,-0.19596726360760264,0.05245047062635422,0.06542358547449112,0.04420594871044159,-0.19596726360760264,0.0,0.0,0.0,0.0,0.0,0.0,-7.653371504738637e-05,0.0011136377578856048,0.0010359403976609115,0.0,0.0,0.0,-0.01785502671958022,0.005864050483846863,-0.19596726360760264,0.0,0.0,0.0,0.0,0.0,0.0,zero,0.0,0.0,0.0,0.0,-7.653371504738637e-05,0.0011136377578856048,0.0010359403976609115,0.01279276202561944,-0.004026912409699846,-0.019207707275640865,1,0.014296770095825195
0.11314580800535623,1788364203.5584497,control,preflight_voltage,1,1,0.0012225180034874938,3.7953078746795654,3795.0,0,20.0,0.004799205002200324,nan,9,0,0,1.0,0.05249404534697533,0.06546168029308319,0.044238265603780746,-0.0006775950896553695,-0.002236143685877323,-0.006829380057752132,-0.14924143254756927,-0.7112678289413452,-1.66011643409729,0.03408125787973404,-0.07696429640054703,0.07355371117591858,-0.018131798870665884,0.006145553393515707,-0.1960752502788421,0.05249404534697533,0.06546168029308319,0.044238265603780746,-0.1960752502788421,0.0,0.0,0.0,0.0,0.0,0.0,0.00016204121931375848,-0.0004983483709478796,-0.0012559264821882846,0.0,0.0,0.0,-0.018131798870665884,0.006145553393515707,-0.1960752502788421,0.0,0.0,0.0,0.0,0.0,0.0,zero,0.0,0.0,0.0,0.0,0.00016204121931375848,-0.0004983483709478796,-0.0012559264821882846,0.0032841943786586325,-0.07786632359975044,-0.12749666332426143,1,0.0015866756439208984
0.12429281799995806,1788364203.570405,control,preflight_voltage_failed,1,1,0.0024920399955590256,3.7953078746795654,3795.0,0,20.0,0.004518220994214062,nan,10,0,1,1.0,0.05249261111021042,0.06544583290815353,0.044215597212314606,-0.0005710829864256084,-0.002109422581270337,-0.005921964067965746,-0.11723897606134415,-0.566451370716095,-1.3097410202026367,0.03795367479324341,-0.07669420540332794,0.06349100172519684,-0.017601898224516906,0.005402037944915693,-0.19583211546769544,0.05249261111021042,0.06544583290815353,0.044215597212314606,-0.19583211546769544,0.0,0.0,0.0,0.0,0.0,0.0,6.503543463917596e-05,-0.0011468900113945578,-0.002640272686692394,0.0,0.0,0.0,-0.017601898224516906,0.005402037944915693,-0.19583211546769544,0.0,0.0,0.0,0.0,0.0,0.0,zero,0.0,0.0,0.0,0.0,6.503543463917596e-05,-0.0011468900113945578,-0.002640272686692394,-0.009809575202732602,-0.0655828723555721,-0.13999008662478973,1,0.0036530494689941406
0.13527714500378352,1788364203.580576,control,preflight_voltage_failed,1,1,0.0035063579998677596,3.7953078746795654,3795.0,0,20.0,0.004445471000508405,nan,10,0,1,1.0,0.05247679352760315,0.0654483363032341,0.04417605325579643,-0.0007738436688669026,-0.0016373712569475174,-0.005530014634132385,-0.09785441309213638,-0.4437013864517212,-1.0399383306503296,0.017074566334486008,-0.0663820132613182,0.067208431661129,-0.018260654455715244,0.005165930361769785,-0.19500857031029573,0.05247679352760315,0.0654483363032341,0.04417605325579643,-0.19500857031029573,0.0,0.0,0.0,0.0,0.0,0.0,-9.115665495147472e-05,-0.0016234537502636732,-0.003882091049113638,0.0,0.0,0.0,-0.018260654455715244,0.005165930361769785,-0.19500857031029573,0.0,0.0,0.0,0.0,0.0,0.0,zero,0.0,0.0,0.0,0.0,-9.115665495147472e-05,-0.0016234537502636732,-0.003882091049113638,-0.015649819787831743,-0.047749771773098734,-0.12442521021420591,1,0.003843545913696289
0.14649116900545778,1788364203.59179,control,preflight_voltage_failed,1,1,0.01472038200154202,3.7953078746795654,3795.0,0,20.0,0.004318106999562588,nan,10,0,1,1.0,0.05247679352760315,0.0654483363032341,0.04417605325579643,-0.0007738436688669026,-0.0016373712569475174,-0.005530014634132385,-0.09785441309213638,-0.4437013864517212,-1.0399383306503296,0.017074566334486008,-0.0663820132613182,0.067208431661129,-0.018260654455715244,0.005165930361769785,-0.19500857031029573,0.05247679352760315,0.0654483363032341,0.04417605325579643,-0.19500857031029573,0.0,0.0,0.0,0.0,0.0,0.0,-9.115665495147472e-05,-0.0016234537502636732,-0.003882091049113638,0.0,0.0,0.0,-0.018260654455715244,0.005165930361769785,-0.19500857031029573,0.0,0.0,0.0,0.0,0.0,0.0,zero,0.0,0.0,0.0,0.0,-9.115665495147472e-05,-0.0016234537502636732,-0.003882091049113638,-0.015649819787831743,-0.047749771773098734,-0.12442521021420591,1,0.015057563781738281
0.1576009780037566,1788364203.6028981,control,preflight_voltage_failed,1,1,0.005672241997672245,3.7953078746795654,3795.0,0,20.0,0.003922552001313306,nan,10,0,1,1.0,0.05249712988734245,0.0654466301202774,0.04421587660908699,-0.0028919263277202845,0.002079690108075738,-0.006181002128869295,-0.7599634528160095,0.676170825958252,-1.2718448638916016,-0.30626553297042847,0.03306866064667702,0.06464841961860657,-0.017936420836933573,0.00608052972474564,-0.19570461821745594,0.05249712988734245,0.0654466301202774,0.04421587660908699,-0.19570461821745594,0.0,0.0,0.0,0.0,0.0,0.0,-0.0006383817834510161,-0.0019798441323754944,-0.0057957757364455915,0.0,0.0,0.0,-0.017936420836933573,0.00608052972474564,-0.19570461821745594,0.0,0.0,0.0,0.0,0.0,0.0,zero,0.0,0.0,0.0,0.0,-0.0006383817834510161,-0.0019798441323754944,-0.0057957757364455915,-0.36362791751453877,-0.23564556123861383,-1.2698988275740555,1,0.005953073501586914
0.16870903400558745,1788364203.6140234,control,preflight_voltage_failed,1,1,0.005720644003304187,3.7953078746795654,3795.0,0,20.0,0.003638772999693174,nan,10,0,1,1.0,0.052497588098049164,0.065480537712574,0.04422563314437866,-0.0023052089381963015,0.002280319109559059,-0.004767391365021467,-0.5973020792007446,0.5445848107337952,-0.9917712211608887,-0.23450538516044617,0.0159146711230278,0.05257876217365265,-0.01735826126400646,0.005501802187843545,-0.19564708809852788,0.052497588098049164,0.065480537712574,0.04422563314437866,-0.19564708809852788,0.0,0.0,0.0,0.0,0.0,0.0,-0.001025974665362893,-0.0015101152406752439,-0.0061749307992566334,0.0,0.0,0.0,-0.01735826126400646,0.005501802187843545,-0.19564708809852788,0.0,0.0,0.0,0.0,0.0,0.0,zero,0.0,0.0,0.0,0.0,-0.001025974665362893,-0.0015101152406752439,-0.0061749307992566334,-0.03523903442166157,0.04270664750555844,-0.03447188772827703,1,0.006079435348510742
0.17982906000543153,1788364203.625143,control,preflight_voltage_failed,1,1,0.01684067000314826,3.7953078746795654,3795.0,0,20.0,0.00385671500407625,nan,10,0,1,1.0,0.052497588098049164,0.065480537712574,0.04422563314437866,-0.0023052089381963015,0.002280319109559059,-0.004767391365021467,-0.5973020792007446,0.5445848107337952,-0.9917712211608887,-0.23450538516044617,0.0159146711230278,0.05257876217365265,-0.01735826126400646,0.005501802187843545,-0.19564708809852788,0.052497588098049164,0.065480537712574,0.04422563314437866,-0.19564708809852788,0.0,0.0,0.0,0.0,0.0,0.0,-0.001025974665362893,-0.0015101152406752439,-0.0061749307992566334,0.0,0.0,0.0,-0.01735826126400646,0.005501802187843545,-0.19564708809852788,0.0,0.0,0.0,0.0,0.0,0.0,zero,0.0,0.0,0.0,0.0,-0.001025974665362893,-0.0015101152406752439,-0.0061749307992566334,-0.03523903442166157,0.04270664750555844,-0.03447188772827703,1,0.017199039459228516
0.19094032900466118,1788364203.636235,control,preflight_voltage_failed,1,1,0.009077863003767561,3.7953078746795654,3795.0,0,20.0,0.0036527410047710873,nan,10,0,1,1.0,0.05251581594347954,0.0654788613319397,0.04423649236559868,-0.0007528382702730596,0.002690560882911086,-0.005604546517133713,-0.17405466735363007,0.5533299446105957,-1.0761356353759766,-0.15606975555419922,-0.11355621367692947,-0.16829979419708252,-0.01798913173118704,0.0051473245198680306,-0.19607444577955802,0.05251581594347954,0.0654788613319397,0.04423649236559868,-0.19607444577955802,0.0,0.0,0.0,0.0,0.0,0.0,-0.0022525021843047017,0.0015759878966091826,-0.005368998666972259,0.0,0.0,0.0,-0.01798913173118704,0.0051473245198680306,-0.19607444577955802,0.0,0.0,0.0,0.0,0.0,0.0,zero,0.0,0.0,0.0,0.0,-0.0022525021843047017,0.0015759878966091826,-0.005368998666972259,-0.6563594508155143,1.6534000216428264,0.43253782822472575,1,0.009355545043945312
0.2020501229999354,1788364203.6473556,control,preflight_voltage_failed,1,1,0.002838966996932868,3.7953078746795654,3795.0,0,20.0,0.0037418939973576926,nan,10,0,1,1.0,0.05247875303030014,0.06540723145008087,0.044183000922203064,-0.0010316837579011917,0.0013225406873971224,-0.005103392526507378,-0.1424744576215744,0.4268140196800232,-0.8551021218299866,-0.1344294250011444,-0.08590182662010193,-0.1313517987728119,-0.018813959139399462,0.005579120747460242,-0.19579855635387017,0.05247875303030014,0.06540723145008087,0.044183000922203064,-0.19579855635387017,0.0,0.0,0.0,0.0,0.0,0.0,-0.002014842974359796,0.002291877706623185,-0.005084836799988444,0.0,0.0,0.0,-0.018813959139399462,0.005579120747460242,-0.19579855635387017,0.0,0.0,0.0,0.0,0.0,0.0,zero,0.0,0.0,0.0,0.0,-0.002014842974359796,0.002291877706623185,-0.005084836799988444,0.013768733164478597,0.041474916000676425,0.016462854197517637,1,0.003215312957763672
0.21316969600593438,1788364203.658487,control,preflight_voltage_failed,1,1,0.0008798940034466796,3.7953078746795654,3795.0,0,20.0,0.003498098005366046,nan,10,0,1,1.0,0.05246840417385101,0.06547652930021286,0.04426040127873421,-0.0043779523111879826,0.0029544869903475046,-0.0016672785859555006,-0.7549426555633545,0.43618011474609375,-0.3070521950721741,-0.19430971145629883,-0.02741166390478611,-0.16409964859485626,-0.018398773137974136,0.005895763218401356,-0.19571224448080585,0.05246840417385101,0.06547652930021286,0.04426040127873421,-0.19571224448080585,0.0,0.0,0.0,0.0,0.0,0.0,-0.0013539045072013132,0.002785048546160648,-0.004656936028552392,0.0,0.0,0.0,-0.018398773137974136,0.005895763218401356,-0.19571224448080585,0.0,0.0,0.0,0.0,0.0,0.0,zero,0.0,0.0,0.0,0.0,-0.0013539045072013132,0.002785048546160648,-0.004656936028552392,0.285081540687624,0.2122537807314197,0.18646013683444163,1,0.0013060569763183594
0.2242724240059033,1788364203.669591,control,preflight_voltage_failed,1,1,0.002214123000157997,3.7953078746795654,3795.0,0,20.0,0.0032128279999597,nan,10,0,1,1.0,0.05250520259141922,0.06547681242227554,0.04420602321624756,-0.002744385041296482,0.002369421301409602,-0.0024539066944271326,-0.5703057646751404,0.33689287304878235,-0.26184478402137756,-0.14032982289791107,-0.03207958862185478,-0.13253048062324524,-0.017665116162497777,0.005401972069228358,-0.19576406456121292,0.05250520259141922,0.06547681242227554,0.04420602321624756,-0.19576406456121292,0.0,0.0,0.0,0.0,0.0,0.0,-0.0014128376620197842,0.0028885300705020853,-0.004195590514718918,0.0,0.0,0.0,-0.017665116162497777,0.005401972069228358,-0.19576406456121292,0.0,0.0,0.0,0.0,0.0,0.0,zero,0.0,0.0,0.0,0.0,-0.0014128376620197842,0.0028885300705020853,-0.004195590514718918,-0.006069876163046236,0.010658177724415883,0.04751671866153761,1,0.0027008056640625
0.23528255900600925,1788364203.6805954,control,preflight_voltage_failed,1,1,0.003358803005539812,3.7953078746795654,3795.0,0,20.0,0.0029943840054329485,nan,10,0,1,1.0,0.052469950169324875,0.06546444445848465,0.04419500008225441,-0.0029053997714072466,0.0016464784275740385,-0.002185102552175522,-0.45948702096939087,0.25495609641075134,-0.204062819480896,-0.12206802517175674,-0.04325203597545624,-0.09623188525438309,-0.018149484918728295,0.004537401687929114,-0.19526221816082495,0.052469950169324875,0.06546444445848465,0.04419500008225441,-0.19526221816082495,0.0,0.0,0.0,0.0,0.0,0.0,-0.0017019155749077822,0.0028643529640735655,-0.003656839761181584,0.0,0.0,0.0,-0.018149484918728295,0.004537401687929114,-0.19526221816082495,0.0,0.0,0.0,0.0,0.0,0.0,zero,0.0,0.0,0.0,0.0,-0.0017019155749077822,0.0028643529640735655,-0.003656839761181584,-0.029109782155425472,-0.002434604201516532,0.05425152310968625,1,0.0037746429443359375
0.24639084600494243,1788364203.6917043,control,preflight_voltage_failed,1,1,0.00016527499974472448,3.7953078746795654,3795.0,0,20.0,0.002828552002029028,nan,10,0,1,1.0,0.05246572569012642,0.06547892093658447,0.044242098927497864,-0.0023832207079976797,0.0015190247213467956,-0.0010913948062807322,-0.36030900478363037,0.20218782126903534,-0.14800095558166504,-0.1083993911743164,-0.014966368675231934,-0.08812784403562546,-0.018924453577604007,0.005930624365167725,-0.1960873554396686,0.05246572569012642,0.06547892093658447,0.044242098927497864,-0.1960873554396686,0.0,0.0,0.0,0.0,0.0,0.0,-0.0021013768728368695,0.0025639901878486133,-0.0029793740270505934,0.0,0.0,0.0,-0.018924453577604007,0.005930624365167725,-0.1960873554396686,0.0,0.0,0.0,0.0,0.0,0.0,zero,0.0,0.0,0.0,0.0,-0.0021013768728368695,0.0025639901878486133,-0.0029793740270505934,-0.027848712992190588,-0.02093999291543676,0.04722997919865284,1,0.0005395412445068359
0.25750434300425695,1788364203.702852,control,preflight_voltage_failed,1,1,0.011278771999059245,3.7953078746795654,3795.0,0,20.0,0.0027317610001773573,nan,10,0,1,1.0,0.05246572569012642,0.06547892093658447,0.044242098927497864,-0.0023832207079976797,0.0015190247213467956,-0.0010913948062807322,-0.36030900478363037,0.20218782126903534,-0.14800095558166504,-0.1083993911743164,-0.014966368675231934,-0.08812784403562546,-0.018924453577604007,0.005930624365167725,-0.1960873554396686,0.05246572569012642,0.06547892093658447,0.044242098927497864,-0.1960873554396686,0.0,0.0,0.0,0.0,0.0,0.0,-0.0021013768728368695,0.0025639901878486133,-0.0029793740270505934,0.0,0.0,0.0,-0.018924453577604007,0.005930624365167725,-0.1960873554396686,0.0,0.0,0.0,0.0,0.0,0.0,zero,0.0,0.0,0.0,0.0,-0.0021013768728368695,0.0025639901878486133,-0.0029793740270505934,-0.027848712992190588,-0.02093999291543676,0.04722997919865284,1,0.011687278747558594
0.26860936600132845,1788364203.7139232,control,preflight_voltage_failed,1,1,0.0025423650004086085,3.7953078746795654,3795.0,0,20.0,0.002438739000353962,nan,10,0,1,1.0,0.05250810831785202,0.06541896611452103,0.044199373573064804,-0.000765352975577116,0.0002702917263377458,-0.00156673532910645,-0.2005990743637085,0.11521608382463455,-0.10568272322416306,-0.05068954825401306,-0.01650572568178177,-0.06385845690965652,-0.017465981114893385,0.0050151738287997315,-0.19609323152094402,0.05250810831785202,0.06541896611452103,0.044199373573064804,-0.19609323152094402,0.0,0.0,0.0,0.0,0.0,0.0,-0.0023884825079916847,0.0017342298294688694,-0.0018506864130350955,0.0,0.0,0.0,-0.017465981114893385,0.0050151738287997315,-0.19609323152094402,0.0,0.0,0.0,0.0,0.0,0.0,zero,0.0,0.0,0.0,0.0,-0.0023884825079916847,0.0017342298294688694,-0.0018506864130350955,-0.007513018836269327,-0.05245382455908429,0.0621665921375028,1,0.0030629634857177734
0.2797161929993308,1788364203.7250276,control,preflight_voltage_failed,1,1,0.0035163919965270907,3.7953078746795654,3795.0,0,20.0,0.0026150559933739714,nan,10,0,1,1.0,0.052486736327409744,0.0654325783252716,0.04424840584397316,-0.0010279269190505147,0.00048096501268446445,-0.000299803854431957,-0.16558583080768585,0.09627006202936172,-0.05990677326917648,-0.03787896782159805,0.007146098650991917,-0.03851846233010292,-0.017325074330610077,0.006072665751554283,-0.19546527766024824,0.052486736327409744,0.0654325783252716,0.04424840584397316,-0.19546527766024824,0.0,0.0,0.0,0.0,0.0,0.0,-0.0022071465913989876,0.0012882229923143601,-0.0014829393486188811,0.0,0.0,0.0,-0.017325074330610077,0.006072665751554283,-0.19546527766024824,0.0,0.0,0.0,0.0,0.0,0.0,zero,0.0,0.0,0.0,0.0,-0.0022071465913989876,0.0012882229923143601,-0.0014829393486188811,0.017632910472212538,-0.043369227549137725,0.0357593309980337,1,0.00388336181640625
0.29083839600207284,1788364203.7362099,control,preflight_voltage_failed,1,1,0.0009873340022750199,3.800586462020874,3800.0,0,20.0,0.0025392109964741394,nan,10,0,1,1.0,0.05250713974237442,0.06546585261821747,0.04422103241086006,-0.0005240425234660506,0.0008712439448572695,-0.0006400441052392125,-0.12510184943675995,0.08272194862365723,-0.05289975181221962,-0.04001017287373543,-0.003850257955491543,-0.03531915694475174,-0.017990727618540852,0.005412942577166483,-0.19576178420331913,0.05250713974237442,0.06546585261821747,0.04422103241086006,-0.19576178420331913,0.0,0.0,0.0,0.0,0.0,0.0,-0.0017856448608513824,0.00090596912696163,-0.00112944513586842,0.0,0.0,0.0,-0.017990727618540852,0.005412942577166483,-0.19576178420331913,0.0,0.0,0.0,0.0,0.0,0.0,zero,0.0,0.0,0.0,0.0,-0.0017856448608513824,0.00090596912696163,-0.00112944513586842,0.030812646305820247,-0.027943546368942022,0.025841156415855236,1,0.0013861656188964844
0.30194709100032924,1788364203.7473087,control,preflight_voltage_failed,1,1,0.004910475996439345,3.7953078746795654,3795.0,0,20.0,0.0016927199976635166,nan,10,0,1,1.0,0.05250716954469681,0.06544481217861176,0.04423033073544502,-0.0004184044955763966,0.00011136423563584685,-0.0002532295184209943,-0.09714119881391525,0.04502738267183304,-0.03155336156487465,-0.004159070551395416,-0.0019482813077047467,-0.01665676385164261,-0.016987909040186867,0.005460891674032856,-0.19534582914330653,0.05250716954469681,0.06544481217861176,0.04423033073544502,-0.19534582914330653,0.0,0.0,0.0,0.0,0.0,0.0,-0.0014216661311632225,0.0006352912748997955,-0.0008488300213590745,0.0,0.0,0.0,-0.016987909040186867,0.005460891674032856,-0.19534582914330653,0.0,0.0,0.0,0.0,0.0,0.0,zero,0.0,0.0,0.0,0.0,-0.0014216661311632225,0.0006352912748997955,-0.0008488300213590745,0.050653221468727166,-0.037668973675780905,0.039051896122864256,1,0.00529932975769043
0.31305034500110196,1788364203.7583702,control,preflight_voltage_failed,1,1,0.016013729997212067,3.7953078746795654,3795.0,0,20.0,0.001260197997908108,nan,10,0,1,1.0,0.05250716954469681,0.06544481217861176,0.04423033073544502,-0.0004184044955763966,0.00011136423563584685,-0.0002532295184209943,-0.09714119881391525,0.04502738267183304,-0.03155336156487465,-0.004159070551395416,-0.0019482813077047467,-0.01665676385164261,-0.016987909040186867,0.005460891674032856,-0.19534582914330653,0.05250716954469681,0.06544481217861176,0.04423033073544502,-0.19534582914330653,0.0,0.0,0.0,0.0,0.0,0.0,-0.0014216661311632225,0.0006352912748997955,-0.0008488300213590745,0.0,0.0,0.0,-0.016987909040186867,0.005460891674032856,-0.19534582914330653,0.0,0.0,0.0,0.0,0.0,0.0,zero,0.0,0.0,0.0,0.0,-0.0014216661311632225,0.0006352912748997955,-0.0008488300213590745,0.050653221468727166,-0.037668973675780905,0.039051896122864256,1,0.016360759735107422
0.3241640250053024,1788364203.76963,control,preflight_voltage_failed,1,1,0.004078583006048575,3.7953078746795654,3795.0,0,20.0,0.00040059300226857886,nan,10,0,1,1.0,0.05248117819428444,0.06544775515794754,0.04418080672621727,-0.0009155975421890616,0.0006457975832745433,-0.0005470902542583644,-0.07718448340892792,0.05124690756201744,-0.01661483198404312,-0.02980499155819416,-0.002689047483727336,-0.029803406447172165,-0.018303066206645614,0.005725276354036892,-0.1958646000480862,0.05248117819428444,0.06544775515794754,0.04418080672621727,-0.1958646000480862,0.0,0.0,0.0,0.0,0.0,0.0,-0.0006204088409470931,0.0002172326093858767,-0.0004843591368069956,0.0,0.0,0.0,-0.018303066206645614,0.005725276354036892,-0.1958646000480862,0.0,0.0,0.0,0.0,0.0,0.0,zero,0.0,0.0,0.0,0.0,-0.0006204088409470931,0.0002172326093858767,-0.0004843591368069956,0.05055478509327206,-0.026963227082276837,0.02176573025556335,1,0.0045473575592041016
0.33528365500387736,1788364203.7806134,control,preflight_voltage_failed,1,1,0.006944391003344208,3.7953078746795654,3795.0,0,20.0,0.011520223000843544,nan,10,0,1,1.0,0.05251087620854378,0.06542826443910599,0.04419376701116562,-8.009723387658596e-06,4.117170465178788e-05,-0.00012151250848546624,-0.03960743546485901,0.02624797821044922,-0.002910108305513859,-0.006500966846942902,-0.0011148472549393773,-0.03091510571539402,-0.017593796245802342,0.005762550929121629,-0.19615524567423775,0.05251087620854378,0.06542826443910599,0.04419376701116562,-0.19615524567423775,0.0,0.0,0.0,0.0,0.0,0.0,-0.0004123812495469885,0.0001161290809684737,-0.0004009969219770178,0.0,0.0,0.0,-0.017593796245802342,0.005762550929121629,-0.19615524567423775,0.0,0.0,0.0,0.0,0.0,0.0,zero,0.0,0.0,0.0,0.0,-0.0004123812495469885,0.0001161290809684737,-0.0004009969219770178,0.02537312314527813,-0.012331596302641244,0.010167688470112688,1,0.0073320865631103516
0.34651217899954645,1788364203.7918334,control,preflight_voltage_failed,1,1,0.002649754998856224,3.7953078746795654,3795.0,0,20.0,0.010309949997463264,nan,10,0,1,1.0,0.052501581609249115,0.06551012396812439,0.044222984462976456,0.0002763922093436122,0.0038438830524683,0.0005505754961632192,0.0034120995551347733,0.21375660598278046,0.017532289028167725,-0.0324961319565773,0.0010590758174657822,-0.028357408940792084,-0.018462567222184215,0.005309769546899836,-0.19548880814479622,0.052501581609249115,0.06551012396812439,0.044222984462976456,-0.19548880814479622,0.0,0.0,0.0,0.0,0.0,0.0,-0.0001946333870488874,0.00010286831213799093,-0.0002178313553452403,0.0,0.0,0.0,-0.018462567222184215,0.005309769546899836,-0.19548880814479622,0.0,0.0,0.0,0.0,0.0,0.0,zero,0.0,0.0,0.0,0.0,-0.0001946333870488874,0.00010286831213799093,-0.0002178313553452403,0.02703352323444831,0.002023777714226882,0.024149447589881655,1,0.0030243396759033203
0.3576194800043595,1788364203.8029892,control,preflight_voltage_failed,1,1,0.0022745040041627362,3.7953078746795654,3795.0,0,20.0,0.00907551000273088,nan,10,0,1,1.0,0.05249902606010437,0.06540440768003464,0.04418672248721123,0.00017615797696635127,0.001215404481627047,-0.00019744009478017688,0.0009664148092269897,0.12476655840873718,0.0008671581745147705,-0.017729494720697403,0.00855895783752203,-0.02280913107097149,-0.017992681579332242,0.005747947140806646,-0.19550378922537295,0.05249902606010437,0.06540440768003464,0.04418672248721123,-0.19550378922537295,0.0,0.0,0.0,0.0,0.0,0.0,-9.1907244581057e-05,0.0005084244127968804,-7.932732103789816e-05,0.0,0.0,0.0,-0.017992681579332242,0.005747947140806646,-0.19550378922537295,0.0,0.0,0.0,0.0,0.0,0.0,zero,0.0,0.0,0.0,0.0,-9.1907244581057e-05,0.0005084244127968804,-7.932732103789816e-05,0.009036212202873012,0.035674375555093805,0.012183382096208681,1,0.002811908721923828
0.3686357910046354,1788364203.8139555,control,preflight_voltage_failed,1,1,0.013290815004438628,3.7953078746795654,3795.0,0,20.0,0.007904547004727647,nan,10,0,1,1.0,0.05249902606010437,0.06540440768003464,0.04418672248721123,0.00017615797696635127,0.001215404481627047,-0.00019744009478017688,0.0009664148092269897,0.12476655840873718,0.0008671581745147705,-0.017729494720697403,0.00855895783752203,-0.02280913107097149,-0.017992681579332242,0.005747947140806646,-0.19550378922537295,0.05249902606010437,0.06540440768003464,0.04418672248721123,-0.19550378922537295,0.0,0.0,0.0,0.0,0.0,0.0,-9.1907244581057e-05,0.0005084244127968804,-7.932732103789816e-05,0.0,0.0,0.0,-0.017992681579332242,0.005747947140806646,-0.19550378922537295,0.0,0.0,0.0,0.0,0.0,0.0,zero,0.0,0.0,0.0,0.0,-9.1907244581057e-05,0.0005084244127968804,-7.932732103789816e-05,0.009036212202873012,0.035674375555093805,0.012183382096208681,1,0.013778209686279297
0.37973138600500533,1788364203.825101,control,preflight_voltage_failed,1,1,0.0046421750012086704,3.7953078746795654,3795.0,0,20.0,0.006942865999008063,nan,10,0,1,1.0,0.052481647580862045,0.0654604434967041,0.04420185461640358,0.0007718612905591726,0.0015925794141367078,-0.0009343166602775455,0.04989685118198395,0.08335544914007187,-0.05623945593833923,0.007745853625237942,0.0062425388023257256,0.004672154784202576,-0.01776010404147433,0.005527798683420748,-0.19544698105844077,0.052481647580862045,0.0654604434967041,0.04420185461640358,-0.19544698105844077,0.0,0.0,0.0,0.0,0.0,0.0,6.920458314972191e-05,0.0016162068387929323,0.00012555227402146987,0.0,0.0,0.0,-0.01776010404147433,0.005527798683420748,-0.19544698105844077,0.0,0.0,0.0,0.0,0.0,0.0,zero,0.0,0.0,0.0,0.0,6.920458314972191e-05,0.0016162068387929323,0.00012555227402146987,0.017289168106571627,0.11868936722344187,0.0210945847553477,1,0.0050160884857177734
0.39106941600039136,1788364203.8364,control,preflight_voltage_failed,1,1,0.009222221000527497,3.7953078746795654,3795.0,0,20.0,0.00622680699598277,nan,10,0,1,1.0,0.052472107112407684,0.0654391497373581,0.0442332848906517,0.00032822301727719605,0.00062843895284459,0.00020550936460494995,0.02646641433238983,0.037451714277267456,-0.010432153940200806,0.010113803669810295,0.014050199650228024,0.01204274408519268,-0.017629386247181276,0.005831285347990322,-0.1951783872431831,0.052472107112407684,0.0654391497373581,0.0442332848906517,-0.1951783872431831,0.0,0.0,0.0,0.0,0.0,0.0,0.0001380624452638907,0.0019226352660838626,0.0001517169567263806,0.0,0.0,0.0,-0.017629386247181276,0.005831285347990322,-0.1951783872431831,0.0,0.0,0.0,0.0,0.0,0.0,zero,0.0,0.0,0.0,0.0,0.0001380624452638907,0.0019226352660838626,0.0001517169567263806,0.010436178597127506,0.04644265297029914,0.0039655500949605385,1,0.009717226028442383
0.402302905000397,1788364203.8477325,control,preflight_voltage_failed,1,1,0.00015260899817803875,3.7953078746795654,3795.0,0,20.0,0.005405354997492395,nan,10,0,1,1.0,0.052484575659036636,0.06542062014341354,0.04420410096645355,0.0003856486873701215,0.00031985557870939374,-0.00012365115981083363,0.02173995040357113,0.02691551297903061,-0.011594687588512897,0.005583546124398708,0.009957919828593731,0.0023694108240306377,-0.017887652385211845,0.005688328929627404,-0.19591199538178877,0.052484575659036636,0.06542062014341354,0.04420410096645355,-0.19591199538178877,0.0,0.0,0.0,0.0,0.0,0.0,0.00030925983083577105,0.0014697607911089467,9.052072236782502e-06,0.0,0.0,0.0,-0.017887652385211845,0.005688328929627404,-0.19591199538178877,0.0,0.0,0.0,0.0,0.0,0.0,zero,0.0,0.0,0.0,0.0,0.00030925983083577105,0.0014697607911089467,9.052072236782502e-06,0.008448984892909269,-0.02235039737707167,-0.007040840312921497,1,0.0007872581481933594
0.41310988000623183,1788364203.8586135,control,preflight_voltage_failed,1,1,0.010208195002633147,3.7953078746795654,3795.0,0,20.0,0.00398197600588901,nan,10,0,1,1.0,0.0525159016251564,0.06541284173727036,0.044180963188409805,0.01273575983941555,-0.0028298664838075638,-0.009277847595512867,4.91677188873291,-1.2279853820800781,-3.640812635421753,-0.07228012382984161,0.07054570317268372,0.14993472397327423,-0.018078976923069034,0.005852761421386853,-0.19554171436795206,0.0525159016251564,0.06541284173727036,0.044180963188409805,-0.19554171436795206,0.0,0.0,0.0,0.0,0.0,0.0,0.00047670444206047427,0.001029924068907222,-0.00013034818447172955,0.0,0.0,0.0,-0.018078976923069034,0.005852761421386853,-0.19554171436795206,0.0,0.0,0.0,0.0,0.0,0.0,zero,0.0,0.0,0.0,0.0,0.00047670444206047427,0.001029924068907222,-0.00013034818447172955,0.3333239689787459,-0.8755618999893606,-0.27749741543120027,1,0.011165857315063477
0.4242146420001518,1788364203.8696835,control,preflight_voltage_failed,1,1,0.0023238349967869,3.7953078746795654,3795.0,0,20.0,0.002570748998550698,nan,10,0,1,1.0,0.052547261118888855,0.06540898233652115,0.04422413930296898,0.012776409275829792,-0.004336613696068525,-0.0065366532653570175,3.2912509441375732,-0.9156578183174133,-2.3020217418670654,-0.035701729357242584,-0.007027179002761841,0.08446687459945679,-0.01720749505428371,0.0049115536513316006,-0.19573200546912642,0.052547261118888855,0.06540898233652115,0.04422413930296898,-0.19573200546912642,0.0,0.0,0.0,0.0,0.0,0.0,0.005354645476474113,-0.0008470143973023288,-0.003751145326864458,0.0,0.0,0.0,-0.01720749505428371,0.0049115536513316006,-0.19573200546912642,0.0,0.0,0.0,0.0,0.0,0.0,zero,0.0,0.0,0.0,0.0,0.005354645476474113,-0.0008470143973023288,-0.003751145326864458,0.5750108426089687,-0.21947062629271252,-0.4240677266766997,1,0.002845287322998047
0.43529168399982154,1788364203.8806636,control,preflight_voltage_failed,1,1,0.0014497129959636368,3.7953078746795654,3795.0,0,20.0,0.0012568949969136156,nan,10,0,1,1.0,0.052501704543828964,0.06547937542200089,0.04425009712576866,0.009463905356824398,-0.0022992475423961878,-0.004797862842679024,2.57794189453125,-0.6986620426177979,-1.812716007232666,-0.036511652171611786,0.006637992337346077,0.08003085106611252,-0.017681911351911085,0.005662094935696319,-0.19499551560695735,0.052501704543828964,0.06547937542200089,0.04425009712576866,-0.19499551560695735,0.0,0.0,0.0,0.0,0.0,0.0,0.007575673233478538,-0.0017146487141845056,-0.005014537459063474,0.0,0.0,0.0,-0.017681911351911085,0.005662094935696319,-0.19499551560695735,0.0,0.0,0.0,0.0,0.0,0.0,zero,0.0,0.0,0.0,0.0,0.007575673233478538,-0.0017146487141845056,-0.005014537459063474,0.18460022204570964,-0.07211323093365928,-0.10500655266429262,1,0.0017938613891601562
0.44645507700624876,1788364203.8918135,control,preflight_voltage_failed,1,1,0.001524808001704514,3.7953078746795654,3795.0,0,20.0,0.00044468300620792434,nan,10,0,1,1.0,0.052516378462314606,0.06545212119817734,0.04421344771981239,0.0078378114849329,-0.002334721852093935,-0.004504363983869553,2.0328006744384766,-0.5595743656158447,-1.4448386430740356,-0.024968262761831284,0.008526206947863102,0.056143369525671005,-0.017451065494017363,0.00583139417325857,-0.19543222874399607,0.052516378462314606,0.06545212119817734,0.04421344771981239,-0.19543222874399607,0.0,0.0,0.0,0.0,0.0,0.0,0.009096204794941465,-0.0023432967094195608,-0.005677323862121825,0.0,0.0,0.0,-0.017451065494017363,0.00583139417325857,-0.19543222874399607,0.0,0.0,0.0,0.0,0.0,0.0,zero,0.0,0.0,0.0,0.0,0.009096204794941465,-0.0023432967094195608,-0.005677323862121825,0.1381593035326401,-0.057120530339602106,-0.06022243152213456,1,0.0019381046295166016
0.45755045099940617,1788364203.9029179,control,preflight_voltage_failed,1,1,0.0022017529990989715,3.7953078746795654,3795.0,0,20.0,0.010623766997014172,nan,10,0,1,1.0,0.05248350650072098,0.06543964892625809,0.04417268931865692,0.005634195636957884,-0.0021091089583933353,-0.004392143338918686,1.583601951599121,-0.4432940185070038,-1.153699517250061,-0.024102363735437393,-0.01467219926416874,0.03877069056034088,-0.017665961797520578,0.004715199683933861,-0.19573020719174514,0.05248350650072098,0.06543964892625809,0.04417268931865692,-0.19573020719174514,0.0,0.0,0.0,0.0,0.0,0.0,0.009678900045792707,-0.0026626374825134557,-0.005851323960352309,0.0,0.0,0.0,-0.017665961797520578,0.004715199683933861,-0.19573020719174514,0.0,0.0,0.0,0.0,0.0,0.0,zero,0.0,0.0,0.0,0.0,0.009678900045792707,-0.0026626374825134557,-0.005851323960352309,0.056382241479834075,-0.030899768887139033,-0.016836443306538232,1,0.0027077198028564453
0.4687056239999947,1788364203.9140534,control,preflight_voltage_failed,1,1,0.0038388589964597486,3.7953078746795654,3795.0,0,20.0,0.009362848999444395,nan,10,0,1,1.0,0.052508942782878876,0.06542545557022095,0.044211581349372864,0.005038341507315636,-0.0019835748244076967,-0.0027018398977816105,1.2544430494308472,-0.3520146608352661,-0.8876743912696838,-0.016785532236099243,0.005637704394757748,0.031060412526130676,-0.01754644193130599,0.00554746117411213,-0.19574275892809162,0.052508942782878876,0.06542545557022095,0.044211581349372864,-0.19574275892809162,0.0,0.0,0.0,0.0,0.0,0.0,0.009505832215518806,-0.002766979872238836,-0.005695707498763154,0.0,0.0,0.0,-0.01754644193130599,0.00554746117411213,-0.19574275892809162,0.0,0.0,0.0,0.0,0.0,0.0,zero,0.0,0.0,0.0,0.0,0.009505832215518806,-0.002766979872238836,-0.005695707498763154,-0.0180643811663633,-0.010890993992502528,0.016242851565529525,1,0.004262685775756836
0.47978913700353587,1788364203.9251678,control,preflight_voltage_failed,1,1,0.003043871001864318,3.7953078746795654,3795.0,0,20.0,0.008198319999792147,nan,10,0,1,1.0,0.0525200180709362,0.06545326858758926,0.04420369863510132,0.004216558299958706,-0.0011200523003935814,-0.0022937736939638853,0.9897618293762207,-0.26711857318878174,-0.7032906413078308,-0.0044457875192165375,0.012082891538739204,0.028364455327391624,-0.017010078488704106,0.006002207032430081,-0.19554107257268014,0.0525200180709362,0.06545326858758926,0.04420369863510132,-0.19554107257268014,0.0,0.0,0.0,0.0,0.0,0.0,0.008525989279579939,-0.002624805891607752,-0.005091240548054791,0.0,0.0,0.0,-0.017010078488704106,0.006002207032430081,-0.19554107257268014,0.0,0.0,0.0,0.0,0.0,0.0,zero,0.0,0.0,0.0,0.0,0.008525989279579939,-0.002624805891607752,-0.005091240548054791,-0.08221655921699918,0.011929519588230497,0.050719550067495366,1,0.0034592151641845703
0.490947098005563,1788364203.9363117,control,preflight_voltage_failed,1,1,0.009194829006446525,3.7953078746795654,3795.0,0,20.0,0.006588525000552181,nan,10,0,1,1.0,0.052495077252388,0.06543093919754028,0.044255003333091736,0.0023724883794784546,-0.001792015740647912,0.00022359855938702822,0.7178155779838562,-0.24065759778022766,-0.46162211894989014,-0.005865549203008413,-0.03263600170612335,0.016043957322835922,-0.017068428937107284,0.004945282606466634,-0.19568875726280366,0.052495077252388,0.06543093919754028,0.044255003333091736,-0.19568875726280366,0.0,0.0,0.0,0.0,0.0,0.0,0.007617945031317233,-0.002474027590887847,-0.004509964413993519,0.0,0.0,0.0,-0.017068428937107284,0.004945282606466634,-0.19568875726280366,0.0,0.0,0.0,0.0,0.0,0.0,zero,0.0,0.0,0.0,0.0,0.007617945031317233,-0.002474027590887847,-0.004509964413993519,-0.18217801696475938,0.030250168842566746,0.11661957400735336,1,0.009618759155273438
0.5020885840058327,1788364203.947446,control,preflight_voltage_failed,1,1,0.006303704001766164,3.7953078746795654,3795.0,0,20.0,0.0056965370022226125,nan,10,0,1,1.0,0.052471645176410675,0.06545788794755936,0.0441877618432045,0.0015640867641195655,-0.0010495965834707022,-0.0007793033728376031,0.5627328753471375,-0.18194670975208282,-0.3835889399051666,-0.022969620302319527,-0.0155474953353405,0.012751504778862,-0.018351151920981412,0.005686213206040316,-0.19570773961698526,0.052471645176410675,0.06545788794755936,0.0441877618432045,-0.19570773961698526,0.0,0.0,0.0,0.0,0.0,0.0,0.005931337829233287,-0.0021395979526066203,-0.003257072556245285,0.0,0.0,0.0,-0.018351151920981412,0.005686213206040316,-0.19570773961698526,0.0,0.0,0.0,0.0,0.0,0.0,zero,0.0,0.0,0.0,0.0,0.005931337829233287,-0.0021395979526066203,-0.003257072556245285,-0.12017162984574552,0.023828283580979197,0.08926918868841371,1,0.006718158721923828
0.5131549479992827,1788364203.9585226,control,preflight_voltage_failed,1,1,0.0013026269953115843,3.7953078746795654,3795.0,0,20.0,0.004230746999382973,nan,10,0,1,1.0,0.052527859807014465,0.06542164832353592,0.04421403631567955,0.002255992963910103,-0.0014856205089017749,1.3843236956745386e-05,0.3754514157772064,-0.12622256577014923,-0.22997184097766876,0.0017559780972078443,-0.020985079929232597,0.014389513060450554,-0.01757341235528693,0.005191825136823987,-0.19546016367951874,0.052527859807014465,0.06542164832353592,0.04421403631567955,-0.19546016367951874,0.0,0.0,0.0,0.0,0.0,0.0,0.003400200790491409,-0.0016201430908699117,-0.0013070217595084945,0.0,0.0,0.0,-0.01757341235528693,0.005191825136823987,-0.19546016367951874,0.0,0.0,0.0,0.0,0.0,0.0,zero,0.0,0.0,0.0,0.0,0.003400200790491409,-0.0016201430908699117,-0.0013070217595084945,-0.12966163523842605,0.02722029047364033,0.10335873818526177,1,0.0016944408416748047
0.5243019059998915,1788364203.969777,control,preflight_voltage_failed,1,1,0.002517636996344663,3.7953078746795654,3795.0,0,20.0,0.002791829996567685,nan,10,0,1,1.0,0.05250540375709534,0.06542549282312393,0.04425767809152603,0.0013495616149157286,-0.0011105601442977786,0.0008957881364040077,0.2819857895374298,-0.09337476640939713,-0.16609853506088257,0.018115898594260216,-0.01620486192405224,0.007561929523944855,-0.016750090438652363,0.00521724568947792,-0.1956554654557152,0.05250540375709534,0.06542549282312393,0.04425767809152603,-0.1956554654557152,0.0,0.0,0.0,0.0,0.0,0.0,0.002589280378579974,-0.0014516168856231033,-0.0005765497058459277,0.0,0.0,0.0,-0.016750090438652363,0.00521724568947792,-0.1956554654557152,0.0,0.0,0.0,0.0,0.0,0.0,zero,0.0,0.0,0.0,0.0,0.002589280378579974,-0.0014516168856231033,-0.0005765497058459277,-0.08219542598747652,0.01708192693986249,0.07404112751486512,1,0.0030832290649414062
0.53535021400603,1788364203.9807124,control,preflight_voltage_failed,1,1,0.0001239340053871274,3.7953078746795654,3795.0,0,20.0,0.0015422600044985302,nan,10,0,1,1.0,0.052500929683446884,0.06543775647878647,0.04419504851102829,0.0010129600996151567,-0.0007056498434394598,-0.00021690683206543326,0.2205713540315628,-0.06866434216499329,-0.14946430921554565,0.0017476873472332954,-0.019175507128238678,0.012855504639446735,-0.017602809777927938,0.004808421979958361,-0.19519176530365145,0.052500929683446884,0.06543775647878647,0.04419504851102829,-0.19519176530365145,0.0,0.0,0.0,0.0,0.0,0.0,0.001969965431008713,-0.0012936618525104587,-2.2250023466306073e-05,0.0,0.0,0.0,-0.017602809777927938,0.004808421979958361,-0.19519176530365145,0.0,0.0,0.0,0.0,0.0,0.0,zero,0.0,0.0,0.0,0.0,0.001969965431008713,-0.0012936618525104587,-2.2250023466306073e-05,-0.046156493867193775,0.01177212102783499,0.041311016294174926,1,0.0006008148193359375
0.5464035650002188,1788364203.9917998,control,preflight_voltage_failed,1,1,0.004598412997438572,3.7953078746795654,3795.0,0,20.0,0.0007955469991429709,nan,10,0,1,1.0,0.05248476564884186,0.0654262974858284,0.044213395565748215,0.00032234383979812264,-0.0009104896453209221,0.0003804085426963866,0.15560601651668549,-0.061115991324186325,-0.1015373095870018,-0.012751799076795578,0.007717731408774853,0.013610033318400383,-0.01807097382302104,0.0055739819389296775,-0.19509527063718027,0.05248476564884186,0.0654262974858284,0.044213395565748215,-0.19509527063718027,0.0,0.0,0.0,0.0,0.0,0.0,0.001486522432493311,-0.0011585222106868932,0.0003611792893563363,0.0,0.0,0.0,-0.01807097382302104,0.0055739819389296775,-0.19509527063718027,0.0,0.0,0.0,0.0,0.0,0.0,zero,0.0,0.0,0.0,0.0,0.001486522432493311,-0.0011585222106868932,0.0003611792893563363,-0.072965343736781,0.020396428220912127,0.057870424630775824,1,0.005062580108642578
0.5576065550048952,1788364204.0029812,control,preflight_voltage_failed,1,1,0.0044183440040796995,3.7953078746795654,3795.0,0,20.0,0.010761864999949466,nan,10,0,1,1.0,0.05248164013028145,0.06547040492296219,0.04423964023590088,0.0002025601570494473,5.2214483730494976e-05,0.0007688007317483425,0.12236490100622177,-0.031855009496212006,-0.07435614615678787,-0.0052811149507761,0.0002542859874665737,0.013845891691744328,-0.01779201963656991,0.005242533912546053,-0.19492216405259036,0.05248164013028145,0.06547040492296219,0.04423964023590088,-0.19492216405259036,0.0,0.0,0.0,0.0,0.0,0.0,0.0010620254389719069,-0.0009938289499061947,0.0005452858127191906,0.0,0.0,0.0,-0.01779201963656991,0.005242533912546053,-0.19492216405259036,0.0,0.0,0.0,0.0,0.0,0.0,zero,0.0,0.0,0.0,0.0,0.0010620254389719069,-0.0009938289499061947,0.0005452858127191906,-0.0375666090919886,0.014574820180726382,0.016292831044770827,1,0.0049440860748291016
0.5687064790035947,1788364204.014059,control,preflight_voltage_failed,1,1,0.0016884740034583956,3.7953078746795654,3795.0,0,20.0,0.009755493003467564,nan,10,0,1,1.0,0.05248260498046875,0.06545381247997284,0.044222816824913025,0.00017585171735845506,-0.0001956074993358925,0.0003743571578525007,0.09750981628894806,-0.02902946248650551,-0.06512800604104996,-0.0028296103700995445,-0.0007252357318066061,0.0018141316249966621,-0.017697856301081137,0.005166143860824974,-0.19556836153476181,0.05248260498046875,0.06545381247997284,0.044222816824913025,-0.19556836153476181,0.0,0.0,0.0,0.0,0.0,0.0,0.0006659511085963903,-0.0007311607570580352,0.0006299508834586545,0.0,0.0,0.0,-0.017697856301081137,0.005166143860824974,-0.19556836153476181,0.0,0.0,0.0,0.0,0.0,0.0,zero,0.0,0.0,0.0,0.0,0.0006659511085963903,-0.0007311607570580352,0.0006299508834586545,-0.02833312551278889,0.018789934881991485,0.006056504781655663,1,0.0020427703857421875
0.5797652170003857,1788364204.0252209,control,preflight_voltage_failed,1,1,0.005341078998753801,3.7953078746795654,3795.0,0,20.0,0.008528332000423688,nan,10,0,1,1.0,0.052571214735507965,0.06542574614286423,0.044188547879457474,0.0025371680967509747,-0.0009155514417216182,-0.0006273317849263549,0.1418706178665161,-0.04269474372267723,-0.07919348776340485,0.013848868198692799,0.020487427711486816,-0.0016599155496805906,-0.017102810881286463,0.005942996557638835,-0.19569694198586896,0.052571214735507965,0.06542574614286423,0.044188547879457474,-0.19569694198586896,0.0,0.0,0.0,0.0,0.0,0.0,0.00042504138983037417,-0.0005296065859816406,0.0006485466733779406,0.0,0.0,0.0,-0.017102810881286463,0.005942996557638835,-0.19569694198586896,0.0,0.0,0.0,0.0,0.0,0.0,zero,0.0,0.0,0.0,0.0,0.00042504138983037417,-0.0005296065859816406,0.0006485466733779406,-0.032572000420965,0.027250965958429706,0.0025142284843537237,1,0.005808353424072266
0.5910125340014929,1788364204.0364058,control,preflight_voltage_failed,1,1,0.008169392996933311,3.7953078746795654,3795.0,0,20.0,0.007783385997754522,nan,10,0,1,1.0,0.05252780392765999,0.06541863828897476,0.0442015640437603,0.0009984219213947654,-0.0009013027301989496,-0.0001926398545037955,0.07694043219089508,-0.033817291259765625,-0.053027793765068054,-0.015475279651582241,0.0003486964851617813,0.0011664050398394465,-0.01821990479556859,0.005269735617161404,-0.1955800302769596,0.05252780392765999,0.06541863828897476,0.0442015640437603,-0.1955800302769596,0.0,0.0,0.0,0.0,0.0,0.0,0.00040498739163244066,-0.000432015150176107,0.0005606428964654634,0.0,0.0,0.0,-0.01821990479556859,0.005269735617161404,-0.1955800302769596,0.0,0.0,0.0,0.0,0.0,0.0,zero,0.0,0.0,0.0,0.0,0.00040498739163244066,-0.000432015150176107,0.0005606428964654634,-0.002382387267251609,0.011593727682685451,-0.010442847196485326,1,0.008575677871704102
0.60196391500358,1788364204.0473545,control,preflight_voltage_failed,1,1,0.0001717100021778606,3.7953078746795654,3795.0,0,20.0,0.006301724999502767,nan,10,0,1,1.0,0.052518002688884735,0.06542429327964783,0.04422932490706444,0.0014982683351263404,-0.0018931895028799772,0.00045639314339496195,0.11747588217258453,-0.12627287209033966,-0.007114894688129425,-0.01075194962322712,-0.05232115462422371,0.04142400249838829,-0.01798130511792919,0.004992034849844052,-0.19483575317502236,0.052518002688884735,0.06542429327964783,0.04422932490706444,-0.19483575317502236,0.0,0.0,0.0,0.0,0.0,0.0,0.0009089794171165968,-0.0005777744791110521,2.552917899797247e-05,0.0,0.0,0.0,-0.01798130511792919,0.004992034849844052,-0.19483575317502236,0.0,0.0,0.0,0.0,0.0,0.0,zero,0.0,0.0,0.0,0.0,0.0009089794171165968,-0.0005777744791110521,2.552917899797247e-05,0.08401822035078235,-0.025162872011522716,-0.08904066294638581,1,0.0006794929504394531
0.6131613050019951,1788364204.058549,control,preflight_voltage_failed,1,1,0.0012246039987076074,3.7953078746795654,3795.0,0,20.0,0.005252966002444737,nan,10,0,1,1.0,0.05250146612524986,0.06543850153684616,0.04425321891903877,0.0008742494974285364,-0.0012358560925349593,0.0008337963372468948,0.08174055814743042,-0.08812468498945236,0.0017108605243265629,-0.0028618155047297478,-0.03425935283303261,0.01998746767640114,-0.017692195337801968,0.005367348637601296,-0.19551305922714385,0.05250146612524986,0.06543850153684616,0.04425321891903877,-0.19551305922714385,0.0,0.0,0.0,0.0,0.0,0.0,0.0010593103217597362,-0.0007315234369742868,-3.766724660940181e-05,0.0,0.0,0.0,-0.017692195337801968,0.005367348637601296,-0.19551305922714385,0.0,0.0,0.0,0.0,0.0,0.0,zero,0.0,0.0,0.0,0.0,0.0010593103217597362,-0.0007315234369742868,-3.766724660940181e-05,0.01474242493963849,-0.015077621439363963,-0.006197451968920092,1,0.001676797866821289
0.6241897430008976,1788364204.0695572,control,preflight_voltage_failed,1,1,0.012253041997610126,3.7953078746795654,3795.0,0,20.0,0.0039161519962362945,nan,10,0,1,1.0,0.05250146612524986,0.06543850153684616,0.04425321891903877,0.0008742494974285364,-0.0012358560925349593,0.0008337963372468948,0.08174055814743042,-0.08812468498945236,0.0017108605243265629,-0.0028618155047297478,-0.03425935283303261,0.01998746767640114,-0.017692195337801968,0.005367348637601296,-0.19551305922714385,0.05250146612524986,0.06543850153684616,0.04425321891903877,-0.19551305922714385,0.0,0.0,0.0,0.0,0.0,0.0,0.0010593103217597362,-0.0007315234369742868,-3.766724660940181e-05,0.0,0.0,0.0,-0.017692195337801968,0.005367348637601296,-0.19551305922714385,0.0,0.0,0.0,0.0,0.0,0.0,zero,0.0,0.0,0.0,0.0,0.0010593103217597362,-0.0007315234369742868,-3.766724660940181e-05,0.01474242493963849,-0.015077621439363963,-0.006197451968920092,1,0.012685060501098633
0.6353343010050594,1788364204.0808346,control,preflight_voltage_failed,1,1,0.0037126009992789477,3.7953078746795654,3795.0,0,20.0,0.0014672140023321845,nan,10,0,1,1.0,0.05245976895093918,0.06541632115840912,0.04424392804503441,-0.0034169543068856,-0.0072285388596355915,0.004892552737146616,-0.5250658392906189,-0.9963598847389221,0.6759740114212036,0.09183771163225174,0.033712081611156464,0.01914970390498638,-0.017632318723297406,0.005746223480998389,-0.19545818395045064,0.05245976895093918,0.06541632115840912,0.04424392804503441,-0.19545818395045064,0.0,0.0,0.0,0.0,0.0,0.0,0.0010572024862120209,-0.001260080011565893,0.00041857163450670576,0.0,0.0,0.0,-0.017632318723297406,0.005746223480998389,-0.19545818395045064,0.0,0.0,0.0,0.0,0.0,0.0,zero,0.0,0.0,0.0,0.0,0.0010572024862120209,-0.001260080011565893,0.00041857163450670576,-0.00263614759855224,-0.18566318707986681,0.16034644069735937,1,0.004155397415161133
0.6464033310039667,1788364204.0917957,control,preflight_voltage_failed,1,1,0.0010290880018146709,3.7953078746795654,3795.0,0,20.0,0.0008815469991532154,nan,10,0,1,1.0,0.052476488053798676,0.06543703377246857,0.04422702267765999,-0.002486575162038207,-0.005476847290992737,0.003664302174001932,-0.4063083529472351,-0.7712104916572571,0.5226345062255859,0.06577731668949127,0.023923983797430992,0.012393103912472725,-0.01815415813240561,0.005536544498886145,-0.1956525690502984,0.052476488053798676,0.06543703377246857,0.04422702267765999,-0.1956525690502984,0.0,0.0,0.0,0.0,0.0,0.0,0.0002537119855080636,-0.002333391395785874,0.0012526517327126787,0.0,0.0,0.0,-0.01815415813240561,0.005536544498886145,-0.1956525690502984,0.0,0.0,0.0,0.0,0.0,0.0,zero,0.0,0.0,0.0,0.0,0.0002537119855080636,-0.002333391395785874,0.0012526517327126787,-0.05935021786563956,-0.07928066907488866,0.06160973341009995,1,0.0015783309936523438
0.6575390930011054,1788364204.1028903,control,preflight_voltage_failed,1,1,0.005055226996773854,3.7953078746795654,3795.0,0,20.0,0.012017308996291831,nan,10,0,1,1.0,0.052479811012744904,0.06543208658695221,0.04418133944272995,-0.0018971048993989825,-0.004518677480518818,0.0016645151190459728,-0.30869898200035095,-0.5903956294059753,0.36264780163764954,0.05785377323627472,0.02639342099428177,0.007728381082415581,-0.017965979964496594,0.005796653821291134,-0.19573610599258492,0.052479811012744904,0.06543208658695221,0.04418133944272995,-0.19573610599258492,0.0,0.0,0.0,0.0,0.0,0.0,-0.0004903344528576813,-0.0032919536145159306,0.0019666541224097507,0.0,0.0,0.0,-0.017965979964496594,0.005796653821291134,-0.19573610599258492,0.0,0.0,0.0,0.0,0.0,0.0,zero,0.0,0.0,0.0,0.0,-0.0004903344528576813,-0.0032919536145159306,0.0019666541224097507,-0.10318939763327703,-0.1329398984316487,0.09902268555090393,1,0.0054624080657958984
0.6687541979990783,1788364204.1141372,control,preflight_voltage_failed,1,1,0.005901330994674936,3.7953078746795654,3795.0,0,20.0,0.010875776999455411,nan,10,0,1,1.0,0.05248217657208443,0.06542789191007614,0.04420820251107216,-0.0014724974753335118,-0.003695067949593067,0.0018447451293468475,-0.23884843289852142,-0.45658406615257263,0.2935609519481659,0.05576156824827194,0.0017524901777505875,0.010211769491434097,-0.017468556848211456,0.0047869147117780815,-0.19550725945730685,0.05248217657208443,0.06542789191007614,0.04420820251107216,-0.19550725945730685,0.0,0.0,0.0,0.0,0.0,0.0,-0.0011081420097578702,-0.003991931942935831,0.00237769060488056,0.0,0.0,0.0,-0.017468556848211456,0.0047869147117780815,-0.19550725945730685,0.0,0.0,0.0,0.0,0.0,0.0,zero,0.0,0.0,0.0,0.0,-0.0011081420097578702,-0.003991931942935831,0.00237769060488056,-0.05899714737800396,-0.06684399396213517,0.039251672568945996,1,0.006237506866455078
0.6797438560024602,1788364204.1251378,control,preflight_voltage_failed,1,1,0.007917910996184219,3.7953078746795654,3795.0,0,20.0,0.009564255000441335,nan,10,0,1,1.0,0.05249243602156639,0.06543147563934326,0.04421588405966759,-0.0009477013372816145,-0.0028756093233823776,0.0016482259379699826,-0.1792985051870346,-0.34687262773513794,0.23043744266033173,0.031360507011413574,0.014968644827604294,-0.0006718374788761139,-0.018060830125798392,0.0053842014421844955,-0.1959118103449653,0.05249243602156639,0.06543147563934326,0.04421588405966759,-0.1959118103449653,0.0,0.0,0.0,0.0,0.0,0.0,-0.0015037434816187476,-0.0043589738839997635,0.0025391157842405126,0.0,0.0,0.0,-0.018060830125798392,0.0053842014421844955,-0.1959118103449653,0.0,0.0,0.0,0.0,0.0,0.0,zero,0.0,0.0,0.0,0.0,-0.0015037434816187476,-0.0043589738839997635,0.0025391157842405126,-0.04440951839605935,-0.041203476208340264,0.01812130384311126,1,0.008330106735229492
0.6908556500056875,1788364204.136246,control,preflight_voltage_failed,1,1,0.007835357006115373,3.7953078746795654,3795.0,0,20.0,0.008474733003822621,nan,10,0,1,1.0,0.05247674137353897,0.0654338151216507,0.04422629624605179,-0.0010384665802121162,-0.002258704509586096,0.001504541840404272,-0.14505986869335175,-0.2664802074432373,0.1817837655544281,0.02479938417673111,0.03172812610864639,0.009527179412543774,-0.01807378259025462,0.006500208067507455,-0.19536835101626915,0.05247674137353897,0.0654338151216507,0.04422629624605179,-0.19536835101626915,0.0,0.0,0.0,0.0,0.0,0.0,-0.001629405947696074,-0.0042867453836078415,0.0024632337842830027,0.0,0.0,0.0,-0.01807378259025462,0.006500208067507455,-0.19536835101626915,0.0,0.0,0.0,0.0,0.0,0.0,zero,0.0,0.0,0.0,0.0,-0.001629405947696074,-0.0042867453836078415,0.0024632337842830027,-0.011219911957552673,0.006449001364693465,-0.0067752081051980495,1,0.00823831558227539
0.70201699899917,1788364204.1473842,control,preflight_voltage_failed,1,1,0.0001250549976248294,3.7953078746795654,3795.0,0,20.0,0.007495340993045829,nan,10,0,1,1.0,0.0524875670671463,0.06541479378938675,0.04420695826411247,-0.0004484538221731782,-0.0021384023129940033,0.0008248310768976808,-0.08110474050045013,-0.1762009859085083,0.1087539866566658,0.030991006642580032,-0.004546767100691795,0.008605863898992538,-0.017495416417413524,0.0051947979548072724,-0.19540738802988614,0.0524875670671463,0.06541479378938675,0.04420695826411247,-0.19540738802988614,0.0,0.0,0.0,0.0,0.0,0.0,-0.0014611005185346609,-0.00345874646864024,0.0019574209601621933,0.0,0.0,0.0,-0.017495416417413524,0.0051947979548072724,-0.19540738802988614,0.0,0.0,0.0,0.0,0.0,0.0,zero,0.0,0.0,0.0,0.0,-0.0014611005185346609,-0.00345874646864024,0.0019574209601621933,0.014502554576430925,0.05599268873669828,-0.034801407534872285,1,0.0006222724914550781
0.7130619370000204,1788364204.1584415,control,preflight_voltage_failed,1,1,0.011169992998475209,3.7953078746795654,3795.0,0,20.0,0.006217513000592589,nan,10,0,1,1.0,0.0524875670671463,0.06541479378938675,0.04420695826411247,-0.0004484538221731782,-0.0021384023129940033,0.0008248310768976808,-0.08110474050045013,-0.1762009859085083,0.1087539866566658,0.030991006642580032,-0.004546767100691795,0.008605863898992538,-0.017495416417413524,0.0051947979548072724,-0.19540738802988614,0.0524875670671463,0.06541479378938675,0.04420695826411247,-0.19540738802988614,0.0,0.0,0.0,0.0,0.0,0.0,-0.0014611005185346609,-0.00345874646864024,0.0019574209601621933,0.0,0.0,0.0,-0.017495416417413524,0.0051947979548072724,-0.19540738802988614,0.0,0.0,0.0,0.0,0.0,0.0,zero,0.0,0.0,0.0,0.0,-0.0014611005185346609,-0.00345874646864024,0.0019574209601621933,0.014502554576430925,0.05599268873669828,-0.034801407534872285,1,0.011679649353027344
0.7241672040036065,1788364204.1695075,control,preflight_voltage_failed,1,1,0.009366513004351873,3.7953078746795654,3795.0,0,20.0,0.0054449210001621395,nan,10,0,1,1.0,0.052502889186143875,0.06548300385475159,0.04421858489513397,-0.00012359120592009276,-0.0006637983024120331,0.0008383164531551301,-0.05989763140678406,-0.11832781136035919,0.08721017092466354,0.03296549990773201,0.0038419298361986876,0.000539110042154789,-0.016965233258263455,0.005674903491049252,-0.19582915111918184,0.052502889186143875,0.06548300385475159,0.04421858489513397,-0.19582915111918184,0.0,0.0,0.0,0.0,0.0,0.0,-0.001174509009293953,-0.002836928762497455,0.001564413653040486,0.0,0.0,0.0,-0.016965233258263455,0.005674903491049252,-0.19582915111918184,0.0,0.0,0.0,0.0,0.0,0.0,zero,0.0,0.0,0.0,0.0,-0.001174509009293953,-0.002836928762497455,0.001564413653040486,0.02199707048227387,0.04772705215652575,-0.030164918206086546,1,0.009716987609863281
0.7352696800007834,1788364204.180601,control,preflight_voltage_failed,1,1,0.0004809829988516867,3.7953078746795654,3795.0,0,20.0,0.004618562998075504,nan,10,0,1,1.0,0.052484408020973206,0.06544452905654907,0.04420731961727142,-0.000214157480513677,-0.0007228135364130139,0.00024918437702581286,-0.035456202924251556,-0.0677533969283104,0.04311961680650711,0.01477796770632267,-0.010096951387822628,0.007115942891687155,-0.01743452443751213,0.005094865491515001,-0.19554493856230118,0.052484408020973206,0.06544452905654907,0.04420731961727142,-0.19554493856230118,0.0,0.0,0.0,0.0,0.0,0.0,-0.0006470001464126533,-0.0017650152672120947,0.0009648130462979078,0.0,0.0,0.0,-0.01743452443751213,0.005094865491515001,-0.19554493856230118,0.0,0.0,0.0,0.0,0.0,0.0,zero,0.0,0.0,0.0,0.0,-0.0006470001464126533,-0.0017650152672120947,0.0009648130462979078,0.02727868002633998,0.056389468523149425,-0.031504609711357136,1,0.0008568763732910156
0.7463835180024034,1788364204.1918876,control,preflight_voltage_failed,1,1,0.004188024999166373,3.7953078746795654,3795.0,0,20.0,0.0036151020030956715,nan,10,0,1,1.0,0.05249844118952751,0.0654444545507431,0.044175636023283005,0.00021011041826568544,-0.0005802760133519769,-0.0006618461338803172,-0.016832910478115082,-0.05032839626073837,0.009732916951179504,-0.02207883633673191,-0.016688141971826553,0.0015594298020005226,-0.018682483859889024,0.004775385211702526,-0.19569126313596547,0.05249844118952751,0.0654444545507431,0.044175636023283005,-0.19569126313596547,0.0,0.0,0.0,0.0,0.0,0.0,-0.00046533241480931607,-0.0013930811662551668,0.0007273244910861928,0.0,0.0,0.0,-0.018682483859889024,0.004775385211702526,-0.19569126313596547,0.0,0.0,0.0,0.0,0.0,0.0,zero,0.0,0.0,0.0,0.0,-0.00046533241480931607,-0.0013930811662551668,0.0007273244910861928,0.02468957596185612,0.05054775087097552,-0.03227591203028699,1,0.0047855377197265625
0.7575789100010297,1788364204.2029135,control,preflight_voltage_failed,1,1,0.015383416997792665,3.7953078746795654,3795.0,0,20.0,0.0027831170009449124,nan,10,0,1,1.0,0.05249844118952751,0.0654444545507431,0.044175636023283005,0.00021011041826568544,-0.0005802760133519769,-0.0006618461338803172,-0.016832910478115082,-0.05032839626073837,0.009732916951179504,-0.02207883633673191,-0.016688141971826553,0.0015594298020005226,-0.018682483859889024,0.004775385211702526,-0.19569126313596547,0.05249844118952751,0.0654444545507431,0.044175636023283005,-0.19569126313596547,0.0,0.0,0.0,0.0,0.0,0.0,-0.00046533241480931607,-0.0013930811662551668,0.0007273244910861928,0.0,0.0,0.0,-0.018682483859889024,0.004775385211702526,-0.19569126313596547,0.0,0.0,0.0,0.0,0.0,0.0,zero,0.0,0.0,0.0,0.0,-0.00046533241480931607,-0.0013930811662551668,0.0007273244910861928,0.02468957596185612,0.05054775087097552,-0.03227591203028699,1,0.015811443328857422
0.7686052499993821,1788364204.2139425,control,preflight_voltage_failed,1,1,0.006822531999205239,3.7953078746795654,3795.0,0,20.0,0.0018897970003308728,nan,10,0,1,1.0,0.052504535764455795,0.06545861065387726,0.044234104454517365,-0.0008504450088366866,0.0014889284502714872,0.0007486986578442156,-0.08386688679456711,0.0902346670627594,0.05261977016925812,-0.05265871062874794,-0.013801410794258118,-0.0026163174770772457,-0.01833517522204965,0.005701206281515745,-0.1955013234166685,0.052504535764455795,0.06545861065387726,0.044234104454517365,-0.1955013234166685,0.0,0.0,0.0,0.0,0.0,0.0,4.7203498124537605e-05,-0.0006917987867040899,-2.2552687401133204e-05,0.0,0.0,0.0,-0.01833517522204965,0.005701206281515745,-0.1955013234166685,0.0,0.0,0.0,0.0,0.0,0.0,zero,0.0,0.0,0.0,0.0,4.7203498124537605e-05,-0.0006917987867040899,-2.2552687401133204e-05,0.06387168441614703,0.08902162727435567,-0.09293312369255154,1,0.007105827331542969
0.7797291020033299,1788364204.2250826,control,preflight_voltage_failed,1,1,0.01794638400315307,3.7953078746795654,3795.0,0,20.0,0.013013649004278705,nan,10,0,1,1.0,0.052504535764455795,0.06545861065387726,0.044234104454517365,-0.0008504450088366866,0.0014889284502714872,0.0007486986578442156,-0.08386688679456711,0.0902346670627594,0.05261977016925812,-0.05265871062874794,-0.013801410794258118,-0.0026163174770772457,-0.01833517522204965,0.005701206281515745,-0.1955013234166685,0.052504535764455795,0.06545861065387726,0.044234104454517365,-0.1955013234166685,0.0,0.0,0.0,0.0,0.0,0.0,4.7203498124537605e-05,-0.0006917987867040899,-2.2552687401133204e-05,0.0,0.0,0.0,-0.01833517522204965,0.005701206281515745,-0.1955013234166685,0.0,0.0,0.0,0.0,0.0,0.0,zero,0.0,0.0,0.0,0.0,4.7203498124537605e-05,-0.0006917987867040899,-2.2552687401133204e-05,0.06387168441614703,0.08902162727435567,-0.09293312369255154,1,0.018245935440063477
0.7908340499998303,1788364204.2361858,control,preflight_voltage_failed,1,1,0.008743198995944113,3.7953078746795654,3795.0,0,20.0,0.0007255519958562218,nan,10,0,1,1.0,0.05251282826066017,0.06545072793960571,0.04420483857393265,-0.000598583894316107,0.0011134116211906075,0.000310368777718395,-0.06460991501808167,0.06848477572202682,0.037773456424474716,-0.04006126895546913,-0.005106580909341574,0.0007146752905100584,-0.01812404790104133,0.006308118785115523,-0.19522760223547098,0.05251282826066017,0.06545072793960571,0.04420483857393265,-0.19522760223547098,0.0,0.0,0.0,0.0,0.0,0.0,-0.00012081079172861804,0.00013373062308153817,0.00011181266677863746,0.0,0.0,0.0,-0.01812404790104133,0.006308118785115523,-0.19522760223547098,0.0,0.0,0.0,0.0,0.0,0.0,zero,0.0,0.0,0.0,0.0,-0.00012081079172861804,0.00013373062308153817,0.00011181266677863746,-0.008283704293922138,0.0407015470087515,0.006624691639896426,1,0.009066581726074219
0.8020867230006843,1788364204.2474828,control,preflight_voltage_failed,1,1,0.007913162000477314,3.7953078746795654,3795.0,0,20.0,0.0003547969972714782,nan,10,0,1,1.0,0.052494898438453674,0.06546570360660553,0.044204242527484894,-0.005745779722929001,0.010741524398326874,-0.007572792004793882,-1.2535423040390015,2.386946201324463,-1.8823628425598145,-0.0024566426873207092,-0.03654079884290695,-0.04315866902470589,-0.017726630096122818,0.0053973236057928,-0.1955150475488724,0.052494898438453674,0.06546570360660553,0.044204242527484894,-0.1955150475488724,0.0,0.0,0.0,0.0,0.0,0.0,-0.00045114533042583493,0.0012429814825200979,0.0003955554431440202,0.0,0.0,0.0,-0.017726630096122818,0.0053973236057928,-0.1955150475488724,0.0,0.0,0.0,0.0,0.0,0.0,zero,0.0,0.0,0.0,0.0,-0.00045114533042583493,0.0012429814825200979,0.0003955554431440202,-0.18275891234400277,0.6115176122618138,0.1545043365198225,1,0.008432865142822266
0.8130523150030058,1788364204.2583704,control,preflight_voltage_failed,1,1,0.006861166999442503,3.7953078746795654,3795.0,0,20.0,0.010488111001905054,nan,10,0,1,1.0,0.05249026417732239,0.06546173244714737,0.04421088472008705,-0.004673417657613754,0.008527413941919804,-0.00594816729426384,-0.985063910484314,1.8728673458099365,-1.478968858718872,0.004030444193631411,-0.02528834529221058,-0.03142457827925682,-0.01736379501862444,0.005638598120703104,-0.19533202682308473,0.05249026417732239,0.06546173244714737,0.04421088472008705,-0.19533202682308473,0.0,0.0,0.0,0.0,0.0,0.0,-0.0012739854737727548,0.002784111414754563,-0.0006433232683879589,0.0,0.0,0.0,-0.01736379501862444,0.005638598120703104,-0.19533202682308473,0.0,0.0,0.0,0.0,0.0,0.0,zero,0.0,0.0,0.0,0.0,-0.0012739854737727548,0.002784111414754563,-0.0006433232683879589,-0.0681672895889818,0.12767321968221268,-0.08606476792536741,1,0.007249593734741211
0.8242023290003999,1788364204.269523,control,preflight_voltage_failed,1,1,0.0015562889966531657,3.7953078746795654,3795.0,0,20.0,0.009466725998208858,nan,10,0,1,1.0,0.05249321460723877,0.06544648855924606,0.044262826442718506,-0.014710338786244392,-0.0009659784846007824,-0.0028359517455101013,-3.800841808319092,-0.9914455413818359,-0.5735683441162109,0.10788562148809433,-0.03804554045200348,-0.114884153008461,-0.01774327576231209,0.006054207702364366,-0.1962880519880476,0.05249321460723877,0.06544648855924606,0.044262826442718506,-0.1962880519880476,0.0,0.0,0.0,0.0,0.0,0.0,-0.003938850288625409,0.0076087354493710405,-0.004697974992117987,0.0,0.0,0.0,-0.01774327576231209,0.006054207702364366,-0.1962880519880476,0.0,0.0,0.0,0.0,0.0,0.0,zero,0.0,0.0,0.0,0.0,-0.003938850288625409,0.0076087354493710405,-0.004697974992117987,-1.7923656793285185,3.240255522499567,-2.7241600365018988,1,0.0018513202667236328
0.8353139860046213,1788364204.2806723,control,preflight_voltage_failed,1,1,0.012667946000874508,3.7953078746795654,3795.0,0,20.0,0.008548609002900776,nan,10,0,1,1.0,0.05249321460723877,0.06544648855924606,0.044262826442718506,-0.014710338786244392,-0.0009659784846007824,-0.0028359517455101013,-3.800841808319092,-0.9914455413818359,-0.5735683441162109,0.10788562148809433,-0.03804554045200348,-0.114884153008461,-0.01774327576231209,0.006054207702364366,-0.1962880519880476,0.05249321460723877,0.06544648855924606,0.044262826442718506,-0.1962880519880476,0.0,0.0,0.0,0.0,0.0,0.0,-0.003938850288625409,0.0076087354493710405,-0.004697974992117987,0.0,0.0,0.0,-0.01774327576231209,0.006054207702364366,-0.1962880519880476,0.0,0.0,0.0,0.0,0.0,0.0,zero,0.0,0.0,0.0,0.0,-0.003938850288625409,0.0076087354493710405,-0.004697974992117987,-1.7923656793285185,3.240255522499567,-2.7241600365018988,1,0.013000726699829102
0.84642837800493,1788364204.2918832,control,preflight_voltage_failed,1,1,0.008477688003040385,3.7953078746795654,3795.0,0,20.0,0.0196630010032095,nan,10,0,1,1.0,0.052508603781461716,0.0654386505484581,0.04427090287208557,-0.011565908789634705,-0.0008758499170653522,-0.0021625591907650232,-2.9993252754211426,-0.7919712662696838,-0.4499998092651367,0.09392143785953522,-0.03625725209712982,-0.07561389356851578,-0.017157045575519822,0.00563323641144701,-0.19504141928083804,0.052508603781461716,0.0654386505484581,0.04427090287208557,-0.19504141928083804,0.0,0.0,0.0,0.0,0.0,0.0,-0.006573038530901406,0.006558186739166461,-0.004959895774586944,0.0,0.0,0.0,-0.017157045575519822,0.00563323641144701,-0.19504141928083804,0.0,0.0,0.0,0.0,0.0,0.0,zero,0.0,0.0,0.0,0.0,-0.006573038530901406,0.006558186739166461,-0.004959895774586944,-0.17321334276065567,-0.06907974567155657,-0.017222829235140534,1,0.009003877639770508
0.8575981399990269,1788364204.3029184,control,preflight_voltage_failed,1,1,0.005712946993298829,3.7953078746795654,3795.0,0,20.0,0.006795686997065786,nan,10,0,1,1.0,0.05245489999651909,0.06546460837125778,0.044219065457582474,-0.011486340314149857,-0.0016592367319390178,0.00014730659313499928,-2.1653146743774414,-0.7297543883323669,0.15093299746513367,-0.06792373955249786,0.006118275225162506,-0.02160467579960823,-0.01865198075024752,0.005689090653122795,-0.19546687364692794,0.05245489999651909,0.06546460837125778,0.044219065457582474,-0.19546687364692794,0.0,0.0,0.0,0.0,0.0,0.0,-0.011134656030042878,0.002544034528967484,-0.004134583358266836,0.0,0.0,0.0,-0.01865198075024752,0.005689090653122795,-0.19546687364692794,0.0,0.0,0.0,0.0,0.0,0.0,zero,0.0,0.0,0.0,0.0,-0.011134656030042878,0.002544034528967484,-0.004134583358266836,-1.6630296369101147,-1.468153972934883,0.3038513911936139,1,0.006047487258911133
0.8687203750014305,1788364204.3140543,control,preflight_voltage_failed,1,1,0.016835181995702442,3.7953078746795654,3795.0,0,20.0,0.005436936997284647,nan,10,0,1,1.0,0.05245489999651909,0.06546460837125778,0.044219065457582474,-0.011486340314149857,-0.0016592367319390178,0.00014730659313499928,-2.1653146743774414,-0.7297543883323669,0.15093299746513367,-0.06792373955249786,0.006118275225162506,-0.02160467579960823,-0.01865198075024752,0.005689090653122795,-0.19546687364692794,0.05245489999651909,0.06546460837125778,0.044219065457582474,-0.19546687364692794,0.0,0.0,0.0,0.0,0.0,0.0,-0.011134656030042878,0.002544034528967484,-0.004134583358266836,0.0,0.0,0.0,-0.01865198075024752,0.005689090653122795,-0.19546687364692794,0.0,0.0,0.0,0.0,0.0,0.0,zero,0.0,0.0,0.0,0.0,-0.011134656030042878,0.002544034528967484,-0.004134583358266836,-1.6630296369101147,-1.468153972934883,0.3038513911936139,1,0.017183303833007812
0.8798409320006613,1788364204.3252158,control,preflight_voltage_failed,1,1,0.010327363001124468,3.7953078746795654,3795.0,0,20.0,0.004243237999617122,nan,10,0,1,1.0,0.05251329764723778,0.06541753560304642,0.04424930736422539,-0.008526701480150223,-0.0018613084685057402,0.000460861629107967,-1.6986823081970215,-0.5860955119132996,0.12430287152528763,-0.03802088648080826,0.004703332204371691,-0.016150662675499916,-0.01721273269116742,0.0056740198164446885,-0.19536667070264302,0.05251329764723778,0.06541753560304642,0.04424930736422539,-0.19536667070264302,0.0,0.0,0.0,0.0,0.0,0.0,-0.011556421712759992,0.00041002968067811014,-0.0026129097882166656,0.0,0.0,0.0,-0.01721273269116742,0.0056740198164446885,-0.19536667070264302,0.0,0.0,0.0,0.0,0.0,0.0,zero,0.0,0.0,0.0,0.0,-0.011556421712759992,0.00041002968067811014,-0.0026129097882166656,-0.023919163445240886,-0.12102362247761586,0.08629710837983329,1,0.010711908340454102
0.8909483210009057,1788364204.3362923,control,preflight_voltage_failed,1,1,0.005646844001603313,3.7953078746795654,3795.0,0,20.0,0.0030830499963485636,nan,10,0,1,1.0,0.05251646041870117,0.06545041501522064,0.044209808111190796,0.003488898742944002,-0.00415133498609066,0.003806202206760645,0.9105076789855957,-0.9741912484169006,0.8457919359207153,-0.05504307895898819,0.0889500230550766,0.04310104250907898,-0.017825636459356285,0.005269827495830256,-0.19590016190250695,0.05251646041870117,0.06545041501522064,0.044209808111190796,-0.19590016190250695,0.0,0.0,0.0,0.0,0.0,0.0,-0.010487122752028679,-0.002318468848430979,7.991890167545652e-05,0.0,0.0,0.0,-0.017825636459356285,0.005269827495830256,-0.19590016190250695,0.0,0.0,0.0,0.0,0.0,0.0,zero,0.0,0.0,0.0,0.0,-0.010487122752028679,-0.002318468848430979,7.991890167545652e-05,0.47402196837259375,-1.1941408539256284,1.1797762850895606,1,0.006043910980224609
0.9019324239998241,1788364204.3472397,control,preflight_voltage_failed,1,1,0.0025086189998546615,3.7953078746795654,3795.0,0,20.0,0.002019510997342877,nan,10,0,1,1.0,0.052500151097774506,0.06546073406934738,0.044255420565605164,0.0025586611591279507,-0.0031739899422973394,0.003695079358294606,0.7151473760604858,-0.7654228210449219,0.6750497221946716,-0.03498224914073944,0.07417543232440948,0.046726878732442856,-0.017185924038577785,0.005496397665210246,-0.19504479724705856,0.052500151097774506,0.06546073406934738,0.044255420565605164,-0.19504479724705856,0.0,0.0,0.0,0.0,0.0,0.0,-0.0073883814449480605,-0.0030659751816386016,0.001313256358285084,0.0,0.0,0.0,-0.017185924038577785,0.005496397665210246,-0.19504479724705856,0.0,0.0,0.0,0.0,0.0,0.0,zero,0.0,0.0,0.0,0.0,-0.0073883814449480605,-0.0030659751816386016,0.001313256358285084,0.22083192692640327,-0.053271069635512106,0.08789384466243458,1,0.0029592514038085938
0.913176428002771,1788364204.3584802,control,preflight_voltage_failed,1,1,0.010898453001573216,3.7953078746795654,3795.0,0,20.0,0.0009496400016359985,nan,10,0,1,1.0,0.05249369889497757,0.06543200463056564,0.04421069473028183,0.0015730025479570031,-0.004649423528462648,-0.0003291333559900522,0.49971944093704224,-0.7207115888595581,0.2444537878036499,-0.10754838585853577,0.06458243727684021,-0.008387967944145203,-0.01827256805757361,0.005556707593797777,-0.19566909895681578,0.05249369889497757,0.06543200463056564,0.04421069473028183,-0.19566909895681578,0.0,0.0,0.0,0.0,0.0,0.0,-0.004641316340117333,-0.0037064984344203932,0.002372903118533658,0.0,0.0,0.0,-0.01827256805757361,0.005556707593797777,-0.19566909895681578,0.0,0.0,0.0,0.0,0.0,0.0,zero,0.0,0.0,0.0,0.0,-0.004641316340117333,-0.0037064984344203932,0.002372903118533658,1.0083159322177246,-0.2351053855986418,0.388945536457306,1,0.011475324630737305
0.9241856880034902,1788364204.3694875,control,preflight_voltage_failed,1,1,0.010004919000493828,3.7953078746795654,3795.0,0,20.0,0.011958900002355222,nan,10,0,1,1.0,0.052457135170698166,0.06544896215200424,0.04420521855354309,0.0006532834959216416,-0.0034388971980661154,-0.0003539357567206025,0.38455450534820557,-0.5565354228019714,0.19515256583690643,-0.08695714175701141,0.05045951157808304,-0.003211229806765914,-0.018326888665429704,0.005487690672928243,-0.1954563613798725,0.052457135170698166,0.06544896215200424,0.04420521855354309,-0.1954563613798725,0.0,0.0,0.0,0.0,0.0,0.0,-0.002078177508152353,-0.004064172471419455,0.0025276576014918017,0.0,0.0,0.0,-0.018326888665429704,0.005487690672928243,-0.1954563613798725,0.0,0.0,0.0,0.0,0.0,0.0,zero,0.0,0.0,0.0,0.0,-0.002078177508152353,-0.004064172471419455,0.0025276576014918017,0.21209745014433767,-0.029597207253956898,0.012805795310223,1,0.010397911071777344
0.935266013002547,1788364204.3805697,control,preflight_voltage_failed,1,1,0.0016198849989450537,3.7953078746795654,3795.0,0,20.0,0.010790011001517996,nan,10,0,1,1.0,0.052494410425424576,0.06545897573232651,0.04424283280968666,0.0004100303049199283,-0.0020719976164400578,0.00014137063408270478,0.21717151999473572,-0.322584867477417,0.12707747519016266,-0.04747946560382843,0.017759980633854866,-0.02531045489013195,-0.01760321625965809,0.0054186218917460305,-0.196279111350152,0.052494410425424576,0.06545897573232651,0.04424283280968666,-0.196279111350152,0.0,0.0,0.0,0.0,0.0,0.0,0.001328572425133652,-0.00399709731634003,0.0011747921405380465,0.0,0.0,0.0,-0.01760321625965809,0.0054186218917460305,-0.196279111350152,0.0,0.0,0.0,0.0,0.0,0.0,zero,0.0,0.0,0.0,0.0,0.001328572425133652,-0.00399709731634003,0.0011747921405380465,0.3347744356529833,0.012341714520932254,-0.13862530048377483,1,0.002048492431640625
0.9465055559994653,1788364204.3919165,control,preflight_voltage_failed,1,1,0.002409928994893562,3.7953078746795654,3795.0,0,20.0,0.009380978997796774,nan,10,0,1,1.0,0.05251169577240944,0.06546057015657425,0.04416893050074577,0.0006571593112312257,-0.0016272382345050573,-0.0012940977467224002,0.17844286561012268,-0.24959911406040192,0.07432883232831955,-0.050325747579336166,0.0065525975078344345,-0.0009644553065299988,-0.018246065242855658,0.005034797047168867,-0.1952593167773888,0.05251169577240944,0.06546057015657425,0.04416893050074577,-0.1952593167773888,0.0,0.0,0.0,0.0,0.0,0.0,0.001997783492309543,-0.0036659992753698785,0.0006354745553488066,0.0,0.0,0.0,-0.018246065242855658,0.005034797047168867,-0.1952593167773888,0.0,0.0,0.0,0.0,0.0,0.0,zero,0.0,0.0,0.0,0.0,0.001997783492309543,-0.0036659992753698785,0.0006354745553488066,0.06371296461014887,0.03152254767071325,-0.05134631494335648,1,0.0028917789459228516
0.9576260750036454,1788364204.4029682,control,preflight_voltage_failed,1,1,0.001313875000050757,3.7953078746795654,3795.0,0,20.0,0.007896262002759613,nan,10,0,1,1.0,0.05246460810303688,0.0654498040676117,0.04422128573060036,-0.0002473929198458791,-0.0014785561943426728,-0.00017567106988281012,0.12790268659591675,-0.19723813235759735,0.07782622426748276,-0.02760273776948452,0.010869313031435013,-0.006066461093723774,-0.017476834190943622,0.005371714650004885,-0.1955878900446226,0.05246460810303688,0.0654498040676117,0.04422128573060036,-0.1955878900446226,0.0,0.0,0.0,0.0,0.0,0.0,0.0019766671111290453,-0.0031059762195368504,0.00011639533308328539,0.0,0.0,0.0,-0.017476834190943622,0.005371714650004885,-0.1955878900446226,0.0,0.0,0.0,0.0,0.0,0.0,zero,0.0,0.0,0.0,0.0,0.0019766671111290453,-0.0031059762195368504,0.00011639533308328539,-0.0017335105701653058,0.04597406527778699,-0.04261285638192211,1,0.0017621517181396484
0.9687332260000403,1788364204.4140923,control,preflight_voltage_failed,1,1,0.0035096469946438447,3.7953078746795654,3795.0,0,20.0,0.0063168849956127815,nan,10,0,1,1.0,0.052479278296232224,0.06544438004493713,0.04421452805399895,0.00013189372839406133,-0.0013047851389274001,-0.0002924596192315221,0.11084908992052078,-0.15388387441635132,0.05963540077209473,-0.029224444180727005,0.014591135084629059,-0.007033017463982105,-0.017795086026075387,0.005632210280465711,-0.19568945387333103,0.052479278296232224,0.06544438004493713,0.04421452805399895,-0.19568945387333103,0.0,0.0,0.0,0.0,0.0,0.0,0.0017379616871006957,-0.0025893540014000336,-0.00025372059009720957,0.0,0.0,0.0,-0.017795086026075387,0.005632210280465711,-0.19568945387333103,0.0,0.0,0.0,0.0,0.0,0.0,zero,0.0,0.0,0.0,0.0,0.0017379616871006957,-0.0025893540014000336,-0.00025372059009720957,-0.026832554734912844,0.0580728066898969,-0.041604231690286035,1,0.00399017333984375
0.9797419780006749,1788364204.4251282,control,preflight_voltage_failed,1,1,0.007842605999030638,3.7953078746795654,3795.0,0,20.0,0.00484555999719305,nan,10,0,1,1.0,0.052488453686237335,0.06543387472629547,0.04425190016627312,0.00037887392682023346,-0.0013568091671913862,0.0008794455789029598,0.09603746235370636,-0.1246570274233818,0.0826224535703659,-0.04919227957725525,-0.0013519162312150002,-0.011990806087851524,-0.018662610353695618,0.0051912059059689535,-0.19589507571256107,0.052488453686237335,0.06543387472629547,0.04425190016627312,-0.19589507571256107,0.0,0.0,0.0,0.0,0.0,0.0,0.0014630709304774541,-0.0021609005219025987,-0.000477173483713104,0.0,0.0,0.0,-0.018662610353695618,0.0051912059059689535,-0.19589507571256107,0.0,0.0,0.0,0.0,0.0,0.0,zero,0.0,0.0,0.0,0.0,0.0014630709304774541,-0.0021609005219025987,-0.000477173483713104,-0.04094809106324852,0.06382299758035334,-0.03328583888570232,1,0.00831294059753418
0.990966876001039,1788364204.4363189,control,preflight_voltage_failed,1,1,0.0019492930005071685,3.7953078746795654,3795.0,0,20.0,0.004186860998743214,nan,10,0,1,1.0,0.052522651851177216,0.06547088176012039,0.04421031475067139,0.0007014214643277228,-0.0006544088246300817,0.00021919133723713458,0.08058683574199677,-0.09154443442821503,0.05840767174959183,-0.030707690864801407,0.005219162441790104,-0.004686771892011166,-0.01791804418540334,0.00573976804159562,-0.19548383211234152,0.052522651851177216,0.06547088176012039,0.04421031475067139,-0.19548383211234152,0.0,0.0,0.0,0.0,0.0,0.0,0.0009775457237985816,-0.0016486592746432136,-0.00022568591531611017,0.0,0.0,0.0,-0.01791804418540334,0.00573976804159562,-0.19548383211234152,0.0,0.0,0.0,0.0,0.0,0.0,zero,0.0,0.0,0.0,0.0,0.0009775457237985816,-0.0016486592746432136,-0.00022568591531611017,-0.028278394707612706,0.02983441431312006,0.014647364596853178,1,0.002334117889404297
1.0020785910019185,1788364204.4474385,control,preflight_voltage_failed,1,1,0.006318171996099409,3.7953078746795654,3795.0,0,20.0,0.002797827997710556,nan,10,0,1,1.0,0.05249452590942383,0.06546517461538315,0.04424740746617317,-0.0002787875710055232,-0.0006939595332369208,0.0012830524938181043,0.03519749641418457,-0.07441665232181549,0.07849621772766113,0.000944504514336586,0.016603171825408936,0.0019589560106396675,-0.01706269400076119,0.006159209172206799,-0.19529998442092128,0.05249452590942383,0.06546517461538315,0.04424740746617317,-0.19529998442092128,0.0,0.0,0.0,0.0,0.0,0.0,0.0006144021861377825,-0.0012531094614151438,2.7349856576189507e-06,0.0,0.0,0.0,-0.01706269400076119,0.006159209172206799,-0.19529998442092128,0.0,0.0,0.0,0.0,0.0,0.0,zero,0.0,0.0,0.0,0.0,0.0006144021861377825,-0.0012531094614151438,2.7349856576189507e-06,-0.05422143720710692,0.05906006065365227,0.034105823880877004,1,0.006756305694580078
1.013324283005204,1788364204.4586737,control,preflight_voltage_failed,1,1,0.00013706200115848333,3.7953078746795654,3795.0,0,20.0,0.0014474180061370134,nan,10,0,1,1.0,0.05248573422431946,0.06544849276542664,0.04423211142420769,-0.00034129718551412225,-0.0008248101221397519,0.0005506175803020597,0.021725080907344818,-0.05123477056622505,0.03638004884123802,-0.008616814389824867,0.002108628861606121,0.004227167926728725,-0.01756218677894777,0.005735140855685664,-0.19518838962183302,0.05248573422431946,0.06544849276542664,0.04423211142420769,-0.19518838962183302,0.0,0.0,0.0,0.0,0.0,0.0,5.570547643835385e-05,-0.000710457744333701,0.0003742941813675442,0.0,0.0,0.0,-0.01756218677894777,0.005735140855685664,-0.19518838962183302,0.0,0.0,0.0,0.0,0.0,0.0,zero,0.0,0.0,0.0,0.0,5.570547643835385e-05,-0.000710457744333701,0.0003742941813675442,-0.028421140326049366,0.025004477941986583,0.017116546538488906,1,0.0005643367767333984
1.0242346190061653,1788364204.4695845,control,preflight_voltage_failed,1,1,0.0023112520066206343,3.7953078746795654,3795.0,0,20.0,7.81820053816773e-05,nan,10,0,1,1.0,0.05249705910682678,0.06540834158658981,0.044230151921510696,-1.3672863133251667e-05,-0.001579398987814784,0.0003956171276513487,0.024883387610316277,-0.058269571512937546,0.02555418573319912,0.0003247414715588093,-0.004412245936691761,-0.01164914295077324,-0.017250659691636486,0.005457445327354658,-0.1958399740333677,0.05249705910682678,0.06540834158658981,0.044230151921510696,-0.1958399740333677,0.0,0.0,0.0,0.0,0.0,0.0,-0.00014272253445581507,-0.0005913778974253249,0.00047160585715371036,0.0,0.0,0.0,-0.017250659691636486,0.005457445327354658,-0.1958399740333677,0.0,0.0,0.0,0.0,0.0,0.0,zero,0.0,0.0,0.0,0.0,-0.00014272253445581507,-0.0005913778974253249,0.00047160585715371036,-0.02272216336697216,0.013635936393119722,0.011143244266588945,1,0.002742290496826172
1.035318403999554,1788364204.480677,control,preflight_voltage_failed,1,1,0.0016124159956234507,3.7953078746795654,3795.0,0,20.0,0.011161966998770367,nan,10,0,1,1.0,0.052468232810497284,0.0654255598783493,0.044231705367565155,-0.0004991356981918216,-0.000971912988461554,0.00034280261024832726,0.011684992350637913,-0.03632737323641777,0.019548891112208366,-0.010302193462848663,0.0016795247793197632,-0.008750739507377148,-0.017874149130309103,0.0057655794085511485,-0.19581179389550948,0.052468232810497284,0.0654255598783493,0.044231705367565155,-0.19581179389550948,0.0,0.0,0.0,0.0,0.0,0.0,-0.0002525452468359868,-0.0006605594154348537,0.0005085127281574485,0.0,0.0,0.0,-0.017874149130309103,0.0057655794085511485,-0.19581179389550948,0.0,0.0,0.0,0.0,0.0,0.0,zero,0.0,0.0,0.0,0.0,-0.0002525452468359868,-0.0006605594154348537,0.0005085127281574485,-0.009300768118301573,-0.00585890880978554,0.003125603454316178,1,0.002026796340942383
1.046523053002602,1788364204.4920876,control,preflight_voltage_failed,1,1,0.004357309000624809,3.7953078746795654,3795.0,0,20.0,0.009978011999919545,nan,10,0,1,1.0,0.052472636103630066,0.06548300385475159,0.044232916086912155,-0.0002939754631370306,0.0005966121680103242,0.0003032042586710304,0.014255721122026443,0.008459474891424179,0.014691864140331745,0.0034338664263486862,-0.01059970073401928,-0.006035305559635162,-0.017385795481084845,0.0052670963630233195,-0.1957626408547103,0.052472636103630066,0.06548300385475159,0.044232916086912155,-0.1957626408547103,0.0,0.0,0.0,0.0,0.0,0.0,-0.00032572860319888,-0.0007092751821599697,0.0005131378907776243,0.0,0.0,0.0,-0.017385795481084845,0.0052670963630233195,-0.1957626408547103,0.0,0.0,0.0,0.0,0.0,0.0,zero,0.0,0.0,0.0,0.0,-0.00032572860319888,-0.0007092751821599697,0.0005131378907776243,-0.008751589334729673,-0.005825646782181126,0.000553097396317889,1,0.005075216293334961
1.0576297370062093,1788364204.5029736,control,preflight_voltage_failed,1,1,0.005594091002421919,3.7953078746795654,3795.0,0,20.0,0.008816094006760977,nan,10,0,1,1.0,0.05248568207025528,0.0654454380273819,0.04417169466614723,2.500027767382562e-05,-0.00027189977117814124,-0.0009783984860405326,0.017766030505299568,-0.010553482919931412,-0.013805997557938099,-0.009405135177075863,0.004134906455874443,-0.004263900686055422,-0.0179950365209495,0.005900021837640309,-0.1957455503328205,0.05248568207025528,0.0654454380273819,0.04417169466614723,-0.1957455503328205,0.0,0.0,0.0,0.0,0.0,0.0,-0.0003561222694294633,-0.0006329808450378368,0.0004391035583137472,0.0,0.0,0.0,-0.0179950365209495,0.005900021837640309,-0.1957455503328205,0.0,0.0,0.0,0.0,0.0,0.0,zero,0.0,0.0,0.0,0.0,-0.0003561222694294633,-0.0006329808450378368,0.0004391035583137472,-0.003030842724747398,0.0076080369788809245,-0.0073826703309614475,1,0.005933046340942383
1.068777835003857,1788364204.5141912,control,preflight_voltage_failed,1,1,0.006841134003479965,3.7953078746795654,3795.0,0,20.0,0.007592346999444999,nan,10,0,1,1.0,0.05252024903893471,0.06542299687862396,0.04420182481408119,0.000726544763892889,-0.0006762141129001975,-0.00016686232993379235,0.028552304953336716,-0.0167069211602211,0.005542900413274765,-0.006232317071408033,-0.0034020685125142336,-0.0038567178416997194,-0.017931928493456387,0.005571403812600264,-0.19576145052815766,0.05252024903893471,0.06542299687862396,0.04420182481408119,-0.19576145052815766,0.0,0.0,0.0,0.0,0.0,0.0,-0.00030554876866876416,-0.0005242695150221512,0.0002729030954862396,0.0,0.0,0.0,-0.017931928493456387,0.005571403812600264,-0.19576145052815766,0.0,0.0,0.0,0.0,0.0,0.0,zero,0.0,0.0,0.0,0.0,-0.00030554876866876416,-0.0005242695150221512,0.0002729030954862396,0.005169387252878183,0.011111964866454898,-0.016988235756671702,1,0.007367372512817383
1.079869953005982,1788364204.5252833,control,preflight_voltage_failed,1,1,0.005559727003856096,3.7953078746795654,3795.0,0,20.0,0.006370683004206512,nan,10,0,1,1.0,0.052498072385787964,0.06542105227708817,0.04417979717254639,0.00022105089738033712,-0.0005725547671318054,-0.0004912546137347817,0.014631803147494793,-0.011681940406560898,-0.0008343374356627464,0.011981381103396416,-0.014475691132247448,-0.003686065785586834,-0.016887376827229704,0.004847171428203851,-0.19578583739078217,0.052498072385787964,0.06542105227708817,0.04417979717254639,-0.19578583739078217,0.0,0.0,0.0,0.0,0.0,0.0,-0.00012879563334808103,-0.00047887474583858556,4.368213575712992e-05,0.0,0.0,0.0,-0.016887376827229704,0.004847171428203851,-0.19578583739078217,0.0,0.0,0.0,0.0,0.0,0.0,zero,0.0,0.0,0.0,0.0,-0.00012879563334808103,-0.00047887474583858556,4.368213575712992e-05,0.01435374126291085,0.0036864113916185407,-0.0186145402287681,1,0.006145477294921875
1.0908747470020899,1788364204.5362349,control,preflight_voltage_failed,1,1,0.000564852001843974,3.7953078746795654,3795.0,0,20.0,0.004834025996387936,nan,10,0,1,1.0,0.05247654393315315,0.06545712053775787,0.04418231546878815,-9.334803326055408e-05,-5.375914042815566e-06,-0.00036139829899184406,0.007759637665003538,-0.002227282151579857,0.0009622671059332788,2.0298175513744354e-05,-0.0036934921517968178,-0.00257744244299829,-0.01764939614990968,0.005476024054147076,-0.1957670982599154,0.05247654393315315,0.06545712053775787,0.04418231546878815,-0.1957670982599154,0.0,0.0,0.0,0.0,0.0,0.0,6.601275233254728e-05,-0.00045472672184949687,-0.00017842000154580682,0.0,0.0,0.0,-0.01764939614990968,0.005476024054147076,-0.1957670982599154,0.0,0.0,0.0,0.0,0.0,0.0,zero,0.0,0.0,0.0,0.0,6.601275233254728e-05,-0.00045472672184949687,-0.00017842000154580682,0.012223037208200725,0.0015151411202957558,-0.013935553537850897,1,0.0011591911315917969
1.102224879003188,1788364204.5476031,control,preflight_voltage_failed,1,1,0.00013924299855716527,3.7953078746795654,3795.0,0,20.0,0.004002934001618996,nan,10,0,1,1.0,0.0524834506213665,0.06544507294893265,0.04422216862440109,0.0014115431113168597,-0.0005881018005311489,0.0014429533621296287,0.14140115678310394,-0.0391087643802166,0.10541418939828873,0.02038593403995037,0.013557621277868748,-0.004099781159311533,-0.0174676152112582,0.005348319808822249,-0.1956498343516118,0.0524834506213665,0.06544507294893265,0.04422216862440109,-0.1956498343516118,0.0,0.0,0.0,0.0,0.0,0.0,0.0005019271442268482,-0.0004230726741244357,-0.0003138981115702314,0.0,0.0,0.0,-0.0174676152112582,0.005348319808822249,-0.1956498343516118,0.0,0.0,0.0,0.0,0.0,0.0,zero,0.0,0.0,0.0,0.0,0.0005019271442268482,-0.0004230726741244357,-0.0003138981115702314,0.02882790831417853,0.0010143295813176008,0.005648494769498415,1,0.0008256435394287109
1.113202688000456,1788364204.5585563,control,preflight_voltage_failed,1,1,0.0011302549974061549,3.7953078746795654,3795.0,0,20.0,0.002351094997720793,nan,10,0,1,1.0,0.05253228172659874,0.06546798348426819,0.04423950985074043,0.002094211522489786,-1.7734477296471596e-05,0.001497051678597927,0.12661150097846985,-0.020015686750411987,0.08540041744709015,0.018574543297290802,0.023000266402959824,-0.005609668791294098,-0.017353687564813376,0.005961216604397557,-0.1957784160058935,0.05253228172659874,0.06546798348426819,0.04423950985074043,-0.1957784160058935,0.0,0.0,0.0,0.0,0.0,0.0,0.0008432494262587858,-0.0004227865165432788,-2.8887461931537383e-05,0.0,0.0,0.0,-0.017353687564813376,0.005961216604397557,-0.1957784160058935,0.0,0.0,0.0,0.0,0.0,0.0,zero,0.0,0.0,0.0,0.0,0.0008432494262587858,-0.0004227865165432788,-2.8887461931537383e-05,0.03372698689696996,2.827601213929574e-05,0.02816268070351669,1,0.0016586780548095703
1.124312492000172,1788364204.5696604,control,preflight_voltage_failed,1,1,0.0024855529991327785,3.7953078746795654,3795.0,0,20.0,0.001153054996393621,nan,10,0,1,1.0,0.0525122731924057,0.06543313711881638,0.04420062527060509,0.00126441300380975,-0.000729898689314723,0.00039898912655189633,0.08424593508243561,-0.03063972294330597,0.045767173171043396,0.0007654651999473572,0.02877035364508629,-0.004868468269705772,-0.01804007172219124,0.0064657087888037035,-0.19580587363794524,0.0525122731924057,0.06543313711881638,0.04420062527060509,-0.19580587363794524,0.0,0.0,0.0,0.0,0.0,0.0,0.0011514708050432867,-0.00041084582376100945,0.0002995446891529217,0.0,0.0,0.0,-0.01804007172219124,0.0064657087888037035,-0.19580587363794524,0.0,0.0,0.0,0.0,0.0,0.0,zero,0.0,0.0,0.0,0.0,0.0011514708050432867,-0.00041084582376100945,0.0002995446891529217,0.031657707951840225,0.0012264397957548136,0.033733575399700046,1,0.003026723861694336
1.135293815001205,1788364204.5806646,control,preflight_voltage_failed,1,1,0.0031153559975791723,3.7953078746795654,3795.0,0,20.0,0.012134377997426782,nan,10,0,1,1.0,0.05245256423950195,0.06543175876140594,0.04418424889445305,-0.00015867885667830706,-0.000610932765994221,-1.7620041035115719e-06,0.039506204426288605,-0.022180218249559402,0.02875959686934948,-0.008139447309076786,5.660206079483032e-05,-0.006270822137594223,-0.0184872137819591,0.005292191626218497,-0.19590570747816835,0.05245256423950195,0.06543175876140594,0.04418424889445305,-0.19590570747816835,0.0,0.0,0.0,0.0,0.0,0.0,0.001309571343168984,-0.0004213864067556045,0.0005152449683457937,0.0,0.0,0.0,-0.0184872137819591,0.005292191626218497,-0.19590570747816835,0.0,0.0,0.0,0.0,0.0,0.0,zero,0.0,0.0,0.0,0.0,0.001309571343168984,-0.0004213864067556045,0.0005152449683457937,0.015489155364448386,-0.0010326639590900219,0.021132218626081004,1,0.0038237571716308594
1.146531030004553,1788364204.5922427,control,preflight_voltage_failed,1,1,0.014352571000927128,3.7953078746795654,3795.0,0,20.0,0.010770058004709426,nan,10,0,1,1.0,0.05245256423950195,0.06543175876140594,0.04418424889445305,-0.00015867885667830706,-0.000610932765994221,-1.7620041035115719e-06,0.039506204426288605,-0.022180218249559402,0.02875959686934948,-0.008139447309076786,5.660206079483032e-05,-0.006270822137594223,-0.0184872137819591,0.005292191626218497,-0.19590570747816835,0.05245256423950195,0.06543175876140594,0.04418424889445305,-0.19590570747816835,0.0,0.0,0.0,0.0,0.0,0.0,0.001309571343168984,-0.0004213864067556045,0.0005152449683457937,0.0,0.0,0.0,-0.0184872137819591,0.005292191626218497,-0.19590570747816835,0.0,0.0,0.0,0.0,0.0,0.0,zero,0.0,0.0,0.0,0.0,0.001309571343168984,-0.0004213864067556045,0.0005152449683457937,0.015489155364448386,-0.0010326639590900219,0.021132218626081004,1,0.015401840209960938
1.1575988000040525,1788364204.6029115,control,preflight_voltage_failed,1,1,0.004251170001225546,3.7953078746795654,3795.0,0,20.0,0.010150658003112767,nan,10,0,1,1.0,0.052485592663288116,0.06543194502592087,0.04424433410167694,-0.006026853807270527,-0.0006282707909122109,0.004734762944281101,-1.402578353881836,-0.04667532444000244,0.9772593379020691,0.12138766050338745,0.16104619204998016,-0.1635599285364151,-0.017694173343358193,0.00573650187865156,-0.1960462085985821,0.052485592663288116,0.06543194502592087,0.04424433410167694,-0.1960462085985821,0.0,0.0,0.0,0.0,0.0,0.0,0.0005020576605841991,-0.0006014296192895953,0.00033922090679735524,0.0,0.0,0.0,-0.017694173343358193,0.00573650187865156,-0.1960462085985821,0.0,0.0,0.0,0.0,0.0,0.0,zero,0.0,0.0,0.0,0.0,0.0005020576605841991,-0.0006014296192895953,0.00033922090679735524,-0.43328207765369187,-0.0962027395908096,-0.09318591072936264,1,0.004819154739379883
1.1687017360018217,1788364204.6140141,control,preflight_voltage_failed,1,1,0.0005070670013083145,3.7953078746795654,3795.0,0,20.0,0.008614489997853525,nan,10,0,1,1.0,0.052506495267152786,0.06543909758329391,0.044213730841875076,-0.004542360547930002,-0.0004071051662322134,0.0033791507594287395,-1.1022394895553589,-0.03438693284988403,0.7637053728103638,0.08722852170467377,0.12658599019050598,-0.12982457876205444,-0.01843372552875867,0.005569345359791806,-0.19596654207670347,0.052506495267152786,0.06543909758329391,0.044213730841875076,-0.19596654207670347,0.0,0.0,0.0,0.0,0.0,0.0,-0.0009768733932436456,-0.0006166312167750651,0.0011732826236650709,0.0,0.0,0.0,-0.01843372552875867,0.005569345359791806,-0.19596654207670347,0.0,0.0,0.0,0.0,0.0,0.0,zero,0.0,0.0,0.0,0.0,-0.0009768733932436456,-0.0006166312167750651,0.0011732826236650709,-0.09874853041046762,-0.0010150137883008727,0.0556904722496319,1,0.0009450912475585938
1.1798225420061499,1788364204.6251307,control,preflight_voltage_failed,1,1,0.007628033003129531,3.7953078746795654,3795.0,0,20.0,0.007023580001259688,nan,10,0,1,1.0,0.05253306403756142,0.06541455537080765,0.04423995316028595,-0.002335994504392147,-0.001524579944089055,0.003984290175139904,-0.7740098237991333,-0.082098588347435,0.6405255794525146,0.11314570158720016,0.12371847033500671,-0.09263284504413605,-0.017544772314436068,0.006032965047576701,-0.19574502399637525,0.05253306403756142,0.06541455537080765,0.04423995316028595,-0.19574502399637525,0.0,0.0,0.0,0.0,0.0,0.0,-0.0022205261596010477,-0.0006320054334504924,0.0018972285801125662,0.0,0.0,0.0,-0.017544772314436068,0.006032965047576701,-0.19574502399637525,0.0,0.0,0.0,0.0,0.0,0.0,zero,0.0,0.0,0.0,0.0,-0.0022205261596010477,-0.0006320054334504924,0.0018972285801125662,-0.30388917987439074,-0.0037567223127650236,0.17689772332720977,1,0.007969141006469727
1.1909508840035414,1788364204.6362863,control,preflight_voltage_failed,1,1,0.008987526001874357,3.7953078746795654,3795.0,0,20.0,0.0058439519998501055,nan,10,0,1,1.0,0.052535444498062134,0.06545741111040115,0.04423091188073158,-0.0018193050054833293,-0.00032867887057363987,0.0029994610231369734,-0.6084657311439514,-0.04081568866968155,0.4919455349445343,0.08813323080539703,0.08583284169435501,-0.07392752170562744,-0.01765929575728846,0.00540109650758066,-0.1957253018801147,0.052535444498062134,0.06545741111040115,0.04423091188073158,-0.1957253018801147,0.0,0.0,0.0,0.0,0.0,0.0,-0.0029779943589501195,-0.0006834210692967043,0.002526346245081889,0.0,0.0,0.0,-0.01765929575728846,0.00540109650758066,-0.1957253018801147,0.0,0.0,0.0,0.0,0.0,0.0,zero,0.0,0.0,0.0,0.0,-0.0029779943589501195,-0.0006834210692967043,0.002526346245081889,-0.07872759009794596,-0.005343893125816121,0.06538745480489382,1,0.009503364562988281
1.2020477460027905,1788364204.647385,control,preflight_voltage_failed,1,1,0.01012718900165055,3.7953078746795654,3795.0,0,20.0,0.004731606997665949,nan,10,0,1,1.0,0.05251491814851761,0.06545316427946091,0.044225502759218216,-0.0018638767069205642,-0.00034744638833217323,0.002291938289999962,-0.4876594841480255,-0.033025987446308136,0.37947818636894226,0.06832010298967361,0.06301216781139374,-0.04718346521258354,-0.01776598963245518,0.005127630657913159,-0.1951193604602361,0.05251491814851761,0.06545316427946091,0.044225502759218216,-0.1951193604602361,0.0,0.0,0.0,0.0,0.0,0.0,-0.0032333600499631077,-0.0007034186959101661,0.002943316831443798,0.0,0.0,0.0,-0.01776598963245518,0.005127630657913159,-0.1951193604602361,0.0,0.0,0.0,0.0,0.0,0.0,zero,0.0,0.0,0.0,0.0,-0.0032333600499631077,-0.0007034186959101661,0.002943316831443798,-0.025409976733690935,-0.0019898492431047053,0.04149035391583082,1,0.010552167892456055
1.2131848070057458,1788364204.6585014,control,preflight_voltage_failed,1,1,0.0011481750043458305,3.7953078746795654,3795.0,0,20.0,0.00368909900134895,nan,10,0,1,1.0,0.05246274918317795,0.0654352456331253,0.04417840391397476,-0.0022339054848998785,-0.0003581341588869691,0.0009456311818212271,-0.32151511311531067,-0.017061881721019745,0.22529102861881256,0.03513770177960396,0.036440715193748474,-0.04623839259147644,-0.018004525142107444,0.00529602195943319,-0.19607884528371658,0.05246274918317795,0.0654352456331253,0.04417840391397476,-0.19607884528371658,0.0,0.0,0.0,0.0,0.0,0.0,-0.0028515063695599236,-0.0006126267766927046,0.0028223470954629676,0.0,0.0,0.0,-0.018004525142107444,0.00529602195943319,-0.19607884528371658,0.0,0.0,0.0,0.0,0.0,0.0,zero,0.0,0.0,0.0,0.0,-0.0028515063695599236,-0.0006126267766927046,0.0028223470954629676,0.026848779871815102,0.005408746609081552,-0.018474993237948042,1,0.0015032291412353516
1.2242680920026032,1788364204.6696005,control,preflight_voltage_failed,1,1,0.012231460001203232,3.7953078746795654,3795.0,0,20.0,0.0024667820034665056,nan,10,0,1,1.0,0.05246274918317795,0.0654352456331253,0.04417840391397476,-0.0022339054848998785,-0.0003581341588869691,0.0009456311818212271,-0.32151511311531067,-0.017061881721019745,0.22529102861881256,0.03513770177960396,0.036440715193748474,-0.04623839259147644,-0.018004525142107444,0.00529602195943319,-0.19607884528371658,0.05246274918317795,0.0654352456331253,0.04417840391397476,-0.19607884528371658,0.0,0.0,0.0,0.0,0.0,0.0,-0.0028515063695599236,-0.0006126267766927046,0.0028223470954629676,0.0,0.0,0.0,-0.018004525142107444,0.00529602195943319,-0.19607884528371658,0.0,0.0,0.0,0.0,0.0,0.0,zero,0.0,0.0,0.0,0.0,-0.0028515063695599236,-0.0006126267766927046,0.0028223470954629676,0.026848779871815102,0.005408746609081552,-0.018474993237948042,1,0.01260232925415039
1.2352759019995574,1788364204.6805978,control,preflight_voltage_failed,1,1,0.003302166995126754,3.7953078746795654,3795.0,0,20.0,0.0012321559988777153,nan,10,0,1,1.0,0.05250157415866852,0.06543073803186417,0.04420984163880348,-0.0015665417304262519,-0.0002989445929415524,0.0016555528854951262,-0.21423693001270294,-0.009285246953368187,0.1729515790939331,0.01907363347709179,0.029254140332341194,-0.03924965113401413,-0.017910781880411817,0.0055904648343067615,-0.1956172428814613,0.05250157415866852,0.06543073803186417,0.04420984163880348,-0.1956172428814613,0.0,0.0,0.0,0.0,0.0,0.0,-0.0021737015536549237,-0.0004919051668192957,0.001790974839518511,0.0,0.0,0.0,-0.017910781880411817,0.0055904648343067615,-0.1956172428814613,0.0,0.0,0.0,0.0,0.0,0.0,zero,0.0,0.0,0.0,0.0,-0.0021737015536549237,-0.0004919051668192957,0.001790974839518511,0.0553339354852029,0.009969212019839753,-0.08176579550938318,1,0.0037822723388671875
1.246498018001148,1788364204.691819,control,preflight_voltage_failed,1,1,0.002857608997146599,3.7953078746795654,3795.0,0,20.0,0.0001952739985426888,nan,10,0,1,1.0,0.05251403525471687,0.065443255007267,0.044234585016965866,-0.0010407582158222795,-2.572764060460031e-05,0.0017463439144194126,-0.16242437064647675,-0.0027695512399077415,0.13990934193134308,0.017584003508090973,0.010984983295202255,-0.025323376059532166,-0.017772491105529666,0.004868636999521918,-0.19524794169799164,0.05251403525471687,0.065443255007267,0.044234585016965866,-0.19524794169799164,0.0,0.0,0.0,0.0,0.0,0.0,-0.0018477305992008453,-0.0004161784432796116,0.0015039795823807256,0.0,0.0,0.0,-0.017772491105529666,0.004868636999521918,-0.19524794169799164,0.0,0.0,0.0,0.0,0.0,0.0,zero,0.0,0.0,0.0,0.0,-0.0018477305992008453,-0.0004161784432796116,0.0015039795823807256,0.02779469969812073,0.006457021741195189,-0.024471342854117544,1,0.003275632858276367
1.2575998780012014,1788364204.7030666,control,preflight_voltage_failed,1,1,0.005324343001120724,3.7953078746795654,3795.0,0,20.0,0.01129713399859611,nan,10,0,1,1.0,0.05255172401666641,0.06542510539293289,0.04421120136976242,5.043577402830124e-05,-0.0004458250186871737,0.0008491995395161211,-0.10437297821044922,-0.01205846481025219,0.0909075066447258,0.04448523372411728,0.03653709962964058,-0.029523620381951332,-0.0164765000479684,0.006046040536776578,-0.19566359031031588,0.05255172401666641,0.06542510539293289,0.04421120136976242,-0.19566359031031588,0.0,0.0,0.0,0.0,0.0,0.0,-0.0015510857286363746,-0.0003476167618693678,0.0013346558676763272,0.0,0.0,0.0,-0.0164765000479684,0.006046040536776578,-0.19566359031031588,0.0,0.0,0.0,0.0,0.0,0.0,zero,0.0,0.0,0.0,0.0,-0.0015510857286363746,-0.0003476167618693678,0.0013346558676763272,0.03475180200508454,0.008031967560978442,-0.01983619065104927,1,0.0059871673583984375
1.2686088050031685,1788364204.7139208,control,preflight_voltage_failed,1,1,0.00040286000148626044,3.7953078746795654,3795.0,0,20.0,0.009885464001854416,nan,10,0,1,1.0,0.05253716930747032,0.06547298282384872,0.044232066720724106,-0.0001421941415173933,0.00024381084949709475,0.0009410494240000844,-0.08591431379318237,-0.0009974725544452667,0.0738779678940773,0.018648559227585793,0.026976939290761948,-0.028452567756175995,-0.017829426130059767,0.00585983918776719,-0.19604585199656263,0.05253716930747032,0.06547298282384872,0.044232066720724106,-0.19604585199656263,0.0,0.0,0.0,0.0,0.0,0.0,-0.0010251957948125747,-0.00026391712080706077,0.001194214171889414,0.0,0.0,0.0,-0.017829426130059767,0.00585983918776719,-0.19604585199656263,0.0,0.0,0.0,0.0,0.0,0.0,zero,0.0,0.0,0.0,0.0,-0.0010251957948125747,-0.00026391712080706077,0.001194214171889414,0.03297763736801272,0.005248658004757328,-0.008806852949882382,1,0.0008945465087890625
1.2798573010004475,1788364204.7252214,control,preflight_voltage_failed,1,1,0.006029641997884028,3.7953078746795654,3795.0,0,20.0,0.00870364900038112,nan,10,0,1,1.0,0.0525113120675087,0.06547574698925018,0.04424383491277695,-0.00104892672970891,0.00029501947574317455,0.0011784564703702927,-0.10152499377727509,0.0010540697257965803,0.06768860667943954,0.015519616194069386,0.011882733553647995,0.0033564604818820953,-0.01780864985743549,0.005604579086033901,-0.195319017506427,0.0525113120675087,0.06547574698925018,0.04424383491277695,-0.195319017506427,0.0,0.0,0.0,0.0,0.0,0.0,-0.0006169335135899916,-0.00018706293190526893,0.001083744266116711,0.0,0.0,0.0,-0.01780864985743549,0.005604579086033901,-0.195319017506427,0.0,0.0,0.0,0.0,0.0,0.0,zero,0.0,0.0,0.0,0.0,-0.0006169335135899916,-0.00018706293190526893,0.001083744266116711,0.07380931548193989,0.0138943893072216,-0.01997173998543413,1,0.006663799285888672
1.290943938001874,1788364204.736261,control,preflight_voltage_failed,1,1,0.006938393002201337,3.7953078746795654,3795.0,0,20.0,0.007237780999275856,nan,10,0,1,1.0,0.05250931158661842,0.06544239073991776,0.04421786218881607,-0.0008779233321547508,-0.0004106395645067096,0.0004392494447529316,-0.07790486514568329,-0.012836881913244724,0.03982037678360939,0.015200593508780003,0.005398781970143318,-0.011600465513765812,-0.017669024337818483,0.005379670640387001,-0.19605203990357953,0.05250931158661842,0.06544239073991776,0.04421786218881607,-0.19605203990357953,0.0,0.0,0.0,0.0,0.0,0.0,-0.00042696494090133184,-0.00010133842490914701,0.0010024642136884166,0.0,0.0,0.0,-0.017669024337818483,0.005379670640387001,-0.19605203990357953,0.0,0.0,0.0,0.0,0.0,0.0,zero,0.0,0.0,0.0,0.0,-0.00042696494090133184,-0.00010133842490914701,0.0010024642136884166,0.018415983550647996,0.008310327799932097,-0.007879472311288415,1,0.007387876510620117
1.3020397790023708,1788364204.7473552,control,preflight_voltage_failed,1,1,0.008519836999766994,3.7953078746795654,3795.0,0,20.0,0.00564195700280834,nan,10,0,1,1.0,0.052529897540807724,0.06545092165470123,0.044241394847631454,-0.0002682996273506433,-0.00014864385593682528,0.0008475676877424121,-0.0494704432785511,-0.00474552670493722,0.04046538099646568,0.004575512837618589,0.0016377388965338469,0.003096102736890316,-0.01802563559291658,0.005262996196041163,-0.19546285759938575,0.052529897540807724,0.06545092165470123,0.044241394847631454,-0.19546285759938575,0.0,0.0,0.0,0.0,0.0,0.0,-0.000367123169033127,-6.278324021609201e-05,0.0009205410461775754,0.0,0.0,0.0,-0.01802563559291658,0.005262996196041163,-0.19546285759938575,0.0,0.0,0.0,0.0,0.0,0.0,zero,0.0,0.0,0.0,0.0,-0.000367123169033127,-6.278324021609201e-05,0.0009205410461775754,0.006308615671691025,0.0040645494741572245,-0.008636471854003697,1,0.00899648666381836
1.313180987999658,1788364204.7584865,control,preflight_voltage_failed,1,1,0.009856958997261245,3.7953078746795654,3795.0,0,20.0,0.00424838499748148,nan,10,0,1,1.0,0.05250366032123566,0.06546276062726974,0.04422770068049431,-0.0007429072866216302,0.00011945413280045614,0.0004023319634143263,-0.04913223907351494,0.0016015390865504742,0.02340780571103096,0.025761935859918594,0.003883433062583208,-0.0030132601968944073,-0.016929393347976184,0.005386015579742846,-0.19573772228319353,0.05250366032123566,0.06546276062726974,0.04422770068049431,-0.19573772228319353,0.0,0.0,0.0,0.0,0.0,0.0,-0.0003597455982644168,-5.417921204620654e-05,0.0008349454901113251,0.0,0.0,0.0,-0.016929393347976184,0.005386015579742846,-0.19573772228319353,0.0,0.0,0.0,0.0,0.0,0.0,zero,0.0,0.0,0.0,0.0,-0.0003597455982644168,-5.417921204620654e-05,0.0008349454901113251,0.0007427337762345569,0.0008662068496246776,-0.008617295933726125,1,0.010194778442382812
1.3242174860060913,1788364204.7695355,control,preflight_voltage_failed,1,1,0.008278459004941396,3.7953078746795654,3795.0,0,20.0,0.002711027002078481,nan,10,0,1,1.0,0.052513252943754196,0.06544215232133865,0.04419803246855736,-0.0004406109801493585,-0.00023466988932341337,-0.00015354601782746613,-0.03446171060204506,-0.0043933498673141,0.009818702936172485,0.009406514465808868,0.0015738516813144088,-0.00036521628499031067,-0.0176278325362122,0.005292574359453956,-0.19560844105749972,0.052513252943754196,0.06544215232133865,0.04419803246855736,-0.19560844105749972,0.0,0.0,0.0,0.0,0.0,0.0,-0.0003969093189233865,-4.633217519949764e-05,0.0006966728507711516,0.0,0.0,0.0,-0.0176278325362122,0.005292574359453956,-0.19560844105749972,0.0,0.0,0.0,0.0,0.0,0.0,zero,0.0,0.0,0.0,0.0,-0.0003969093189233865,-4.633217519949764e-05,0.0006966728507711516,-0.0029772316871953383,0.0006286358399094378,-0.011077192380530353,1,0.008761167526245117
1.3353055760017014,1788364204.7806153,control,preflight_voltage_failed,1,1,0.001983094000024721,3.7953078746795654,3795.0,0,20.0,0.0011384070021449588,nan,10,0,1,1.0,0.05251672491431236,0.0654018223285675,0.044241294264793396,-0.00022434364655055106,-0.001058713416568935,0.0007297876290977001,-0.017997900024056435,-0.02156105637550354,0.022642621770501137,0.00854836031794548,0.015801699832081795,-0.009801633656024933,-0.017514062372598577,0.005991359813604476,-0.19610496799142688,0.05251672491431236,0.0654018223285675,0.044241294264793396,-0.19610496799142688,0.0,0.0,0.0,0.0,0.0,0.0,-0.00042399113715898846,-9.291850029039296e-05,0.0004875190773961547,0.0,0.0,0.0,-0.017514062372598577,0.005991359813604476,-0.19610496799142688,0.0,0.0,0.0,0.0,0.0,0.0,zero,0.0,0.0,0.0,0.0,-0.00042399113715898846,-9.291850029039296e-05,0.0004875190773961547,0.0001948104554060676,-0.0048097360495672654,-0.008563782327563663,1,0.0024216175079345703
1.3464016090001678,1788364204.7917445,control,preflight_voltage_failed,1,1,0.01307912699849112,3.7953078746795654,3795.0,0,20.0,0.012234440000611357,nan,10,0,1,1.0,0.05251672491431236,0.0654018223285675,0.044241294264793396,-0.00022434364655055106,-0.001058713416568935,0.0007297876290977001,-0.017997900024056435,-0.02156105637550354,0.022642621770501137,0.00854836031794548,0.015801699832081795,-0.009801633656024933,-0.017514062372598577,0.005991359813604476,-0.19610496799142688,0.05251672491431236,0.0654018223285675,0.044241294264793396,-0.19610496799142688,0.0,0.0,0.0,0.0,0.0,0.0,-0.00042399113715898846,-9.291850029039296e-05,0.0004875190773961547,0.0,0.0,0.0,-0.017514062372598577,0.005991359813604476,-0.19610496799142688,0.0,0.0,0.0,0.0,0.0,0.0,zero,0.0,0.0,0.0,0.0,-0.00042399113715898846,-9.291850029039296e-05,0.0004875190773961547,0.0001948104554060676,-0.0048097360495672654,-0.008563782327563663,1,0.013550758361816406
1.3575916699992376,1788364204.802899,control,preflight_voltage_failed,1,1,0.0020551459965645336,3.7953078746795654,3795.0,0,20.0,0.010879200999625027,nan,10,0,1,1.0,0.0525052472949028,0.06545521318912506,0.044195421040058136,0.0003401581780053675,-0.00010084023233503103,-0.0006311653414741158,0.012195752933621407,-0.0035757324658334255,-0.016161538660526276,-0.014287261292338371,-0.0017905579879879951,0.012339141219854355,-0.01844321158521243,0.005278005672278195,-0.19534099477521724,0.0525052472949028,0.06545521318912506,0.044195421040058136,-0.19534099477521724,0.0,0.0,0.0,0.0,0.0,0.0,-0.00043492708154496706,-0.0003269353482676132,0.0005109228717979886,0.0,0.0,0.0,-0.01844321158521243,0.005278005672278195,-0.19534099477521724,0.0,0.0,0.0,0.0,0.0,0.0,zero,0.0,0.0,0.0,0.0,-0.00043492708154496706,-0.0003269353482676132,0.0005109228717979886,-0.0011177866784709786,-0.010922830659054064,-0.0005242370581460666,1,0.002359628677368164
1.368706925000879,1788364204.8141727,control,preflight_voltage_failed,1,1,0.005422898000688292,3.7953078746795654,3795.0,0,20.0,0.009639338997658342,nan,10,0,1,1.0,0.052514705806970596,0.06547516584396362,0.044262658804655075,0.000517409760504961,0.00043675085180439055,0.001238713739439845,0.014353185892105103,0.011080515570938587,0.03556148335337639,-0.007433595601469278,0.0015502349706366658,0.006322773173451424,-0.018289851116416147,0.0053904894955904056,-0.19547992703718006,0.052514705806970596,0.06547516584396362,0.044262658804655075,-0.19547992703718006,0.0,0.0,0.0,0.0,0.0,0.0,-0.0003976070538540453,-0.0003491681350878613,0.000474224145826272,0.0,0.0,0.0,-0.018289851116416147,0.0053904894955904056,-0.19547992703718006,0.0,0.0,0.0,0.0,0.0,0.0,zero,0.0,0.0,0.0,0.0,-0.0003976070538540453,-0.0003491681350878613,0.000474224145826272,0.004838986689258805,-0.0028827459716617414,-0.004758427511378603,1,0.005921125411987305
1.3798301600036211,1788364204.8251338,control,preflight_voltage_failed,1,1,0.0012636800020118244,3.7953078746795654,3795.0,0,20.0,0.008572956001444254,nan,10,0,1,1.0,0.05252128839492798,0.06545314937829971,0.044224489480257034,0.000499882735311985,6.191132706589997e-05,0.0004925588727928698,0.01125368196517229,0.003969786688685417,0.018705952912569046,-0.0003008483909070492,0.0018447244074195623,0.0031342292204499245,-0.017858271177462564,0.005434115815153293,-0.19562808880613333,0.05252128839492798,0.06545314937829971,0.044224489480257034,-0.19562808880613333,0.0,0.0,0.0,0.0,0.0,0.0,-0.00012049161822304963,-0.00018867863053554572,0.0004934867557729795,0.0,0.0,0.0,-0.017858271177462564,0.005434115815153293,-0.19562808880613333,0.0,0.0,0.0,0.0,0.0,0.0,zero,0.0,0.0,0.0,0.0,-0.00012049161822304963,-0.00018867863053554572,0.0004934867557729795,0.018092624453298897,0.010478219403222121,0.0012576389581568912,1,0.001565694808959961
1.3909446969992132,1788364204.8362646,control,preflight_voltage_failed,1,1,0.004259831999661401,3.7953078746795654,3795.0,0,20.0,0.007661637995624915,nan,10,0,1,1.0,0.05252048373222351,0.06540694832801819,0.044265054166316986,0.0003799692203756422,-0.001095185405574739,0.0013991104206070304,0.006031871773302555,-0.025493329390883446,0.037426210939884186,-0.006878905463963747,0.0036977711133658886,0.00235231826081872,-0.018126236150859225,0.005523669621991998,-0.19563594608813728,0.05252048373222351,0.06540694832801819,0.044265054166316986,-0.19563594608813728,0.0,0.0,0.0,0.0,0.0,0.0,0.0001068188463895148,-8.600982811412028e-05,0.0005464200503099135,0.0,0.0,0.0,-0.018126236150859225,0.005523669621991998,-0.19563594608813728,0.0,0.0,0.0,0.0,0.0,0.0,zero,0.0,0.0,0.0,0.0,0.0001068188463895148,-8.600982811412028e-05,0.0005464200503099135,0.028160715706708927,0.012719286645539767,0.006557724746261831,1,0.004624605178833008
1.4020551800058456,1788364204.8473947,control,preflight_voltage_failed,1,1,0.010102991000167094,3.7953078746795654,3795.0,0,20.0,0.006469904001278337,nan,10,0,1,1.0,0.0525275282561779,0.06544974446296692,0.044207729399204254,0.0005758847109973431,0.0007757258135825396,-0.0010933717712759972,0.012387575581669807,0.05182002857327461,-0.0662655457854271,0.003203652799129486,0.0022010840475559235,-0.020550737157464027,-0.017903863490426414,0.005493587480618281,-0.19621667842893628,0.0525275282561779,0.06544974446296692,0.044207729399204254,-0.19621667842893628,0.0,0.0,0.0,0.0,0.0,0.0,0.000287204519436335,-2.287243933834482e-05,0.0005849004422753953,0.0,0.0,0.0,-0.017903863490426414,0.005493587480618281,-0.19621667842893628,0.0,0.0,0.0,0.0,0.0,0.0,zero,0.0,0.0,0.0,0.0,0.000287204519436335,-2.287243933834482e-05,0.0005849004422753953,0.03481146360554753,0.012184476041768203,0.0074260818046557545,1,0.01057291030883789
1.4131864280061563,1788364204.8585646,control,preflight_voltage_failed,1,1,0.021234239000477828,3.7953078746795654,3795.0,0,20.0,0.005898148003325332,nan,10,0,1,1.0,0.0525275282561779,0.06544974446296692,0.044207729399204254,0.0005758847109973431,0.0007757258135825396,-0.0010933717712759972,0.012387575581669807,0.05182002857327461,-0.0662655457854271,0.003203652799129486,0.0022010840475559235,-0.020550737157464027,-0.017903863490426414,0.005493587480618281,-0.19621667842893628,0.0525275282561779,0.06544974446296692,0.044207729399204254,-0.19621667842893628,0.0,0.0,0.0,0.0,0.0,0.0,0.000287204519436335,-2.287243933834482e-05,0.0005849004422753953,0.0,0.0,0.0,-0.017903863490426414,0.005493587480618281,-0.19621667842893628,0.0,0.0,0.0,0.0,0.0,0.0,zero,0.0,0.0,0.0,0.0,0.000287204519436335,-2.287243933834482e-05,0.0005849004422753953,0.03481146360554753,0.012184476041768203,0.0074260818046557545,1,0.021742820739746094
1.4242659590017865,1788364204.8695943,control,preflight_voltage_failed,1,1,0.03231376999610802,3.7953078746795654,3795.0,0,20.0,0.005143504997249693,nan,10,0,1,1.0,0.0525275282561779,0.06544974446296692,0.044207729399204254,0.0005758847109973431,0.0007757258135825396,-0.0010933717712759972,0.012387575581669807,0.05182002857327461,-0.0662655457854271,0.003203652799129486,0.0022010840475559235,-0.020550737157464027,-0.017903863490426414,0.005493587480618281,-0.19621667842893628,0.0525275282561779,0.06544974446296692,0.044207729399204254,-0.19621667842893628,0.0,0.0,0.0,0.0,0.0,0.0,0.000287204519436335,-2.287243933834482e-05,0.0005849004422753953,0.0,0.0,0.0,-0.017903863490426414,0.005493587480618281,-0.19621667842893628,0.0,0.0,0.0,0.0,0.0,0.0,zero,0.0,0.0,0.0,0.0,0.000287204519436335,-2.287243933834482e-05,0.0005849004422753953,0.03481146360554753,0.012184476041768203,0.0074260818046557545,1,0.03277254104614258
1.435277845004748,1788364204.8806071,control,preflight_voltage_failed,1,1,0.0034854600016842596,3.7953078746795654,3795.0,0,20.0,0.004892656004813034,nan,10,0,1,1.0,0.05250690132379532,0.0654655173420906,0.04423804581165314,-0.0010286823380738497,0.008921858854591846,-0.008763618767261505,-0.13502322137355804,2.3590762615203857,-4.42083215713501,-0.12964943051338196,-0.07642423361539841,-0.03547240421175957,-0.01801921825074115,0.0055510932999134266,-0.19537228613367866,0.05250690132379532,0.0654655173420906,0.04423804581165314,-0.19537228613367866,0.0,0.0,0.0,0.0,0.0,0.0,0.0010785520197910215,0.0012321043095302564,-0.0035661859230125144,0.0,0.0,0.0,-0.01801921825074115,0.0055510932999134266,-0.19537228613367866,0.0,0.0,0.0,0.0,0.0,0.0,zero,0.0,0.0,0.0,0.0,0.0010785520197910215,0.0012321043095302564,-0.0035661859230125144,0.038778787103796133,0.12430721115033648,-0.3204002732415463,1,0.003935098648071289
1.4464896450008382,1788364204.891872,control,preflight_voltage_failed,1,1,0.004544543000520207,3.7953078746795654,3795.0,0,20.0,0.0033878620015457273,nan,10,0,1,1.0,0.05247539281845093,0.06545234471559525,0.044211745262145996,-0.0014476594515144825,0.006876315921545029,-0.007532351650297642,-0.11632556468248367,1.846704363822937,-3.512253522872925,-0.08817309886217117,-0.041521281003952026,-0.026924345642328262,-0.017234768551240925,0.00654170511832903,-0.19531641788488835,0.05247539281845093,0.06545234471559525,0.044211745262145996,-0.19531641788488835,0.0,0.0,0.0,0.0,0.0,0.0,0.0007349851825207652,0.002570420740535904,-0.004997392971065566,0.0,0.0,0.0,-0.017234768551240925,0.00654170511832903,-0.19531641788488835,0.0,0.0,0.0,0.0,0.0,0.0,zero,0.0,0.0,0.0,0.0,0.0007349851825207652,0.002570420740535904,-0.004997392971065566,-0.03405467942408094,0.13265522769308077,-0.1418626360977693,1,0.005111217498779297
1.4575077280023834,1788364204.9028587,control,preflight_voltage_failed,1,1,0.003312831999210175,3.7953078746795654,3795.0,0,20.0,0.0018200019985670224,nan,10,0,1,1.0,0.05251599848270416,0.06545790284872055,0.04423118010163307,-0.0004910354618914425,0.005592364817857742,-0.005706595256924629,-0.07734451442956924,1.4562699794769287,-2.779808282852173,-0.0932769700884819,-0.05729936063289642,-0.02956857532262802,-0.018621536256981843,0.005067296199658887,-0.19577879634672263,0.05251599848270416,0.06545790284872055,0.04423118010163307,-0.19577879634672263,0.0,0.0,0.0,0.0,0.0,0.0,0.00019542337326007694,0.004123855907739369,-0.006160528474569363,0.0,0.0,0.0,-0.018621536256981843,0.005067296199658887,-0.19577879634672263,0.0,0.0,0.0,0.0,0.0,0.0,zero,0.0,0.0,0.0,0.0,0.00019542337326007694,0.004123855907739369,-0.006160528474569363,-0.044325569077666514,0.12761632982494048,-0.09555280270463783,1,0.003925323486328125
1.4687204750007368,1788364204.914346,control,preflight_voltage_failed,1,1,0.003698209999129176,3.7953078746795654,3795.0,0,20.0,0.0010532460000831634,nan,10,0,1,1.0,0.052526310086250305,0.06547542661428452,0.044241223484277725,-0.0002024018031079322,0.004797507077455521,-0.0043798028491437435,-0.056545354425907135,1.1503372192382812,-2.1993446350097656,-0.0552765354514122,-0.03962438926100731,-0.016299497336149216,-0.017571947626730505,0.005410996083488654,-0.19538666104859254,0.052526310086250305,0.06547542661428452,0.044241223484277725,-0.19538666104859254,0.0,0.0,0.0,0.0,0.0,0.0,-0.00022342066436288887,0.005184042021625337,-0.006698683464834078,0.0,0.0,0.0,-0.017571947626730505,0.005410996083488654,-0.19538666104859254,0.0,0.0,0.0,0.0,0.0,0.0,zero,0.0,0.0,0.0,0.0,-0.00022342066436288887,0.005184042021625337,-0.006698683464834078,-0.038668733296166845,0.09787904422566904,-0.04968382004110088,1,0.004580974578857422
1.4797874550058623,1788364204.925153,control,preflight_voltage_failed,1,1,0.004494742999668233,3.7953078746795654,3795.0,0,20.0,0.012120226005208679,nan,10,0,1,1.0,0.05249825492501259,0.06543579697608948,0.044198594987392426,-0.0006952146650291979,0.0030846961308270693,-0.004314156249165535,-0.05460403859615326,0.8877114057540894,-1.758227825164795,-0.0490398108959198,-0.04167455434799194,-0.012057279236614704,-0.017825124553944652,0.00488723224060166,-0.19532570437144578,0.05249825492501259,0.06543579697608948,0.044198594987392426,-0.19532570437144578,0.0,0.0,0.0,0.0,0.0,0.0,-0.0004691692044692374,0.005637087022236516,-0.006658384379751565,0.0,0.0,0.0,-0.017825124553944652,0.00488723224060166,-0.19532570437144578,0.0,0.0,0.0,0.0,0.0,0.0,zero,0.0,0.0,0.0,0.0,-0.0004691692044692374,0.005637087022236516,-0.006658384379751565,-0.02336069815656728,0.043066166358667196,0.0038308051074932297,1,0.004868268966674805
1.4908994740035268,1788364204.936327,control,preflight_voltage_failed,1,1,0.008775139998761006,3.7953078746795654,3795.0,0,20.0,0.010699717997340485,nan,10,0,1,1.0,0.052485689520835876,0.06548075377941132,0.04422202706336975,-0.0009347886079922318,0.0038223813753575087,-0.0027452767826616764,-0.050901997834444046,0.7323968410491943,-1.359309196472168,-0.029213428497314453,-0.02580230124294758,-0.023883074522018433,-0.01749502547172638,0.005128996232576593,-0.19580255813363368,0.052485689520835876,0.06548075377941132,0.04422202706336975,-0.19580255813363368,0.0,0.0,0.0,0.0,0.0,0.0,-0.0006432379179741818,0.005800429701801849,-0.006440374353699347,0.0,0.0,0.0,-0.01749502547172638,0.005128996232576593,-0.19580255813363368,0.0,0.0,0.0,0.0,0.0,0.0,zero,0.0,0.0,0.0,0.0,-0.0006432379179741818,0.005800429701801849,-0.006440374353699347,-0.02621815999312824,0.024602609052019664,0.032836582910580024,1,0.009402990341186523
1.5020869330037385,1788364204.9474308,control,preflight_voltage_failed,1,1,0.010213243003818206,3.7953078746795654,3795.0,0,20.0,0.009268760004488286,nan,10,0,1,1.0,0.052488796412944794,0.06546150892972946,0.04421878606081009,-0.0006848398479633033,0.002667723223567009,-0.0022619315423071384,-0.0356539823114872,0.5625072121620178,-1.0776478052139282,-0.034480396658182144,-0.01631367951631546,-0.011141187511384487,-0.018040946565637775,0.005349419662334996,-0.19541353774920622,0.052488796412944794,0.06546150892972946,0.04421878606081009,-0.19541353774920622,0.0,0.0,0.0,0.0,0.0,0.0,-0.0007617010802847756,0.005538881219831483,-0.005833330095313137,0.0,0.0,0.0,-0.018040946565637775,0.005349419662334996,-0.19541353774920622,0.0,0.0,0.0,0.0,0.0,0.0,zero,0.0,0.0,0.0,0.0,-0.0007617010802847756,0.005538881219831483,-0.005833330095313137,-0.012010696790639683,-0.026517775245285924,0.06154676596307174,1,0.010643720626831055
1.51325777600141,1788364204.958562,control,preflight_voltage_failed,1,1,8.73300014063716e-05,3.7953078746795654,3795.0,0,20.0,0.00821521099715028,nan,10,0,1,1.0,0.052479859441518784,0.06548600643873215,0.04416685178875923,-0.0006197289912961423,0.00268362695351243,-0.003291325643658638,-0.022261742502450943,0.3743394613265991,-0.7343470454216003,-0.05084272846579552,-0.03391057252883911,-0.016527272760868073,-0.018795562005063278,0.004759794299170803,-0.19568451049343186,0.052479859441518784,0.06548600643873215,0.04416685178875923,-0.19568451049343186,0.0,0.0,0.0,0.0,0.0,0.0,-0.0008142121223093538,0.0038859212770384253,-0.0035382070498977004,0.0,0.0,0.0,-0.018795562005063278,0.004759794299170803,-0.19568451049343186,0.0,0.0,0.0,0.0,0.0,0.0,zero,0.0,0.0,0.0,0.0,-0.0008142121223093538,0.0038859212770384253,-0.0035382070498977004,-0.0023206376035054908,-0.11906331104297284,0.1600218106770261,1,0.0005548000335693359
1.5242682040043292,1788364204.9695702,control,preflight_voltage_failed,1,1,0.0016715410019969568,3.7953078746795654,3795.0,0,20.0,0.006893179001053795,nan,10,0,1,1.0,0.05251491069793701,0.06547245383262634,0.044196732342243195,0.0002432532492093742,0.0018611523555591702,-0.0020030455198138952,0.00038611143827438354,0.2821301519870758,-0.560314953327179,-0.013813668861985207,0.006587132811546326,-0.0046647340059280396,-0.017519516673423854,0.006365973451413125,-0.19530775431375885,0.05251491069793701,0.06547245383262634,0.044196732342243195,-0.19530775431375885,0.0,0.0,0.0,0.0,0.0,0.0,-0.0007674218185889244,0.003257052826291249,-0.002846189749210955,0.0,0.0,0.0,-0.017519516673423854,0.006365973451413125,-0.19530775431375885,0.0,0.0,0.0,0.0,0.0,0.0,zero,0.0,0.0,0.0,0.0,-0.0007674218185889244,0.003257052826291249,-0.002846189749210955,0.004931965170280752,-0.06628632535290221,0.07294257469691444,1,0.0020759105682373047
1.5352665120008169,1788364204.9805787,control,preflight_voltage_failed,1,1,0.012669848998484667,3.7953078746795654,3795.0,0,20.0,0.005563307000556961,nan,10,0,1,1.0,0.05251491069793701,0.06547245383262634,0.044196732342243195,0.0002432532492093742,0.0018611523555591702,-0.0020030455198138952,0.00038611143827438354,0.2821301519870758,-0.560314953327179,-0.013813668861985207,0.006587132811546326,-0.0046647340059280396,-0.017519516673423854,0.006365973451413125,-0.19530775431375885,0.05251491069793701,0.06547245383262634,0.044196732342243195,-0.19530775431375885,0.0,0.0,0.0,0.0,0.0,0.0,-0.0007674218185889244,0.003257052826291249,-0.002846189749210955,0.0,0.0,0.0,-0.017519516673423854,0.006365973451413125,-0.19530775431375885,0.0,0.0,0.0,0.0,0.0,0.0,zero,0.0,0.0,0.0,0.0,-0.0007674218185889244,0.003257052826291249,-0.002846189749210955,0.004931965170280752,-0.06628632535290221,0.07294257469691444,1,0.01308441162109375
1.5463768420013366,1788364204.9916837,control,preflight_voltage_failed,1,1,0.003315315996587742,3.7953078746795654,3795.0,0,20.0,0.00457601499510929,nan,10,0,1,1.0,0.052534058690071106,0.06544899940490723,0.04419679939746857,0.00018895154062192887,-0.001025758101604879,-0.0031996737234294415,-0.014519269578158855,0.006389707326889038,-0.48043400049209595,-0.06683851033449173,0.030334366485476494,-0.02183378115296364,-0.018439701920521436,0.005934374140976707,-0.19569989695753198,0.052534058690071106,0.06544899940490723,0.04419679939746857,-0.19569989695753198,0.0,0.0,0.0,0.0,0.0,0.0,-0.00015399832807785712,0.0019932230893971573,-0.0019159064325229218,0.0,0.0,0.0,-0.018439701920521436,0.005934374140976707,-0.19569989695753198,0.0,0.0,0.0,0.0,0.0,0.0,zero,0.0,0.0,0.0,0.0,-0.00015399832807785712,0.0019932230893971573,-0.0019159064325229218,0.09203480876730301,-0.1895190072177234,0.13740270027862764,1,0.003822803497314453
1.5575986770054442,1788364205.0029113,control,preflight_voltage_failed,1,1,0.005508226000529248,3.7953078746795654,3795.0,0,20.0,0.003124666000076104,nan,10,0,1,1.0,0.05251966044306755,0.0654371827840805,0.04422794282436371,-0.00016849309031385928,-0.0010829463135451078,-0.0018683262169361115,-0.01955101639032364,0.0038421349599957466,-0.354790061712265,-0.05014371499419212,0.031170940026640892,-0.015072554349899292,-0.01828921869732659,0.006247255539172052,-0.1955977725797084,0.05251966044306755,0.0654371827840805,0.04422794282436371,-0.1955977725797084,0.0,0.0,0.0,0.0,0.0,0.0,4.7171845474285566e-05,0.0013704020547873096,-0.0017282840673061989,0.0,0.0,0.0,-0.01828921869732659,0.006247255539172052,-0.1955977725797084,0.0,0.0,0.0,0.0,0.0,0.0,zero,0.0,0.0,0.0,0.0,4.7171845474285566e-05,0.0013704020547873096,-0.0017282840673061989,0.0223301980524651,-0.06913409084709211,0.020826370531889103,1,0.006041526794433594
1.5687022990023252,1788364205.0140066,control,preflight_voltage_failed,1,1,0.016611847997410223,3.7953078746795654,3795.0,0,20.0,0.001942953997058794,nan,10,0,1,1.0,0.05251966044306755,0.0654371827840805,0.04422794282436371,-0.00016849309031385928,-0.0010829463135451078,-0.0018683262169361115,-0.01955101639032364,0.0038421349599957466,-0.354790061712265,-0.05014371499419212,0.031170940026640892,-0.015072554349899292,-0.01828921869732659,0.006247255539172052,-0.1955977725797084,0.05251966044306755,0.0654371827840805,0.04422794282436371,-0.1955977725797084,0.0,0.0,0.0,0.0,0.0,0.0,4.7171845474285566e-05,0.0013704020547873096,-0.0017282840673061989,0.0,0.0,0.0,-0.01828921869732659,0.006247255539172052,-0.1955977725797084,0.0,0.0,0.0,0.0,0.0,0.0,zero,0.0,0.0,0.0,0.0,4.7171845474285566e-05,0.0013704020547873096,-0.0017282840673061989,0.0223301980524651,-0.06913409084709211,0.020826370531889103,1,0.017136812210083008
1.5799458600013168,1788364205.0254326,control,preflight_voltage_failed,1,1,0.007476280996343121,3.7953078746795654,3795.0,0,20.0,0.0008168220010702498,nan,10,0,1,1.0,0.05254361778497696,0.06543581932783127,0.04419031739234924,0.002781064249575138,0.0019770602229982615,-0.008106562308967113,0.5205263495445251,0.5702593922615051,-1.4681880474090576,0.0877445638179779,0.11725833266973495,0.08392210304737091,-0.0176558620054367,0.005174175130713977,-0.19548691655281591,0.05254361778497696,0.06543581932783127,0.04419031739234924,-0.19548691655281591,0.0,0.0,0.0,0.0,0.0,0.0,8.503475331750888e-05,-0.0010995490410121878,-0.001951493258674742,0.0,0.0,0.0,-0.0176558620054367,0.005174175130713977,-0.19548691655281591,0.0,0.0,0.0,0.0,0.0,0.0,zero,0.0,0.0,0.0,0.0,8.503475331750888e-05,-0.0010995490410121878,-0.001951493258674742,0.017804951891167348,-1.1239304709506888,-0.10297664110616989,1,0.008086442947387695
1.590936517000955,1788364205.0362687,control,preflight_voltage_failed,1,1,0.009062493998499122,3.7953078746795654,3795.0,0,20.0,0.0002143320016330108,nan,10,0,1,1.0,0.05252290144562721,0.06544186174869537,0.044234052300453186,0.0017825734103098512,0.0017106493469327688,-0.005551543086767197,0.3951040804386139,0.450519859790802,-1.1200027465820312,0.0784379243850708,0.09081791341304779,0.0738489180803299,-0.017268174508579343,0.005039692338071464,-0.19517016611282653,0.05252290144562721,0.06544186174869537,0.044234052300453186,-0.19517016611282653,0.0,0.0,0.0,0.0,0.0,0.0,0.0003225987512673629,-0.0014725903440900368,-0.0025167712939650044,0.0,0.0,0.0,-0.017268174508579343,0.005039692338071464,-0.19517016611282653,0.0,0.0,0.0,0.0,0.0,0.0,zero,0.0,0.0,0.0,0.0,0.0003225987512673629,-0.0014725903440900368,-0.0025167712939650044,0.025363122406380504,-0.03982713001233606,-0.06035096279921825,1,0.009556055068969727
1.6021558630018262,1788364205.0475352,control,preflight_voltage_failed,1,1,0.020281839999370277,3.7953078746795654,3795.0,0,20.0,0.010732647999248002,nan,10,0,1,1.0,0.05252290144562721,0.06544186174869537,0.044234052300453186,0.0017825734103098512,0.0017106493469327688,-0.005551543086767197,0.3951040804386139,0.450519859790802,-1.1200027465820312,0.0784379243850708,0.09081791341304779,0.0738489180803299,-0.017268174508579343,0.005039692338071464,-0.19517016611282653,0.05252290144562721,0.06544186174869537,0.044234052300453186,-0.19517016611282653,0.0,0.0,0.0,0.0,0.0,0.0,0.0003225987512673629,-0.0014725903440900368,-0.0025167712939650044,0.0,0.0,0.0,-0.017268174508579343,0.005039692338071464,-0.19517016611282653,0.0,0.0,0.0,0.0,0.0,0.0,zero,0.0,0.0,0.0,0.0,0.0003225987512673629,-0.0014725903440900368,-0.0025167712939650044,0.025363122406380504,-0.03982713001233606,-0.06035096279921825,1,0.020822525024414062
1.613110227001016,1788364205.0584514,control,preflight_voltage_failed,1,1,0.008707312001206446,3.7953078746795654,3795.0,0,20.0,0.009921308999764733,nan,10,0,1,1.0,0.05254777520895004,0.06548385322093964,0.04425559937953949,0.014228085987269878,0.005042607896029949,0.010024797171354294,3.419576406478882,1.1193615198135376,2.876157760620117,-0.17970073223114014,0.22839561104774475,-0.19064964354038239,-0.01815292612073897,0.0056291045313030435,-0.19574008037031326,0.05254777520895004,0.06548385322093964,0.04425559937953949,-0.19574008037031326,0.0,0.0,0.0,0.0,0.0,0.0,0.002073117636061826,0.0017079184899819644,-0.006444035200633403,0.0,0.0,0.0,-0.01815292612073897,0.0056291045313030435,-0.19574008037031326,0.0,0.0,0.0,0.0,0.0,0.0,zero,0.0,0.0,0.0,0.0,0.002073117636061826,0.0017079184899819644,-0.006444035200633403,1.0367841858754026,1.8807241330271904,-2.317393368454032,1,0.009186029434204102
1.6241691950053792,1788364205.0695148,control,preflight_voltage_failed,1,1,0.004860480999923311,3.7953078746795654,3795.0,0,20.0,0.008845046999340411,nan,10,0,1,1.0,0.05248986557126045,0.06548132002353668,0.0442064106464386,0.010604418814182281,0.004000051412731409,0.007358958479017019,2.6869752407073975,0.8814818859100342,2.265109062194824,-0.13505712151527405,0.17638975381851196,-0.1527499556541443,-0.017505180253201566,0.005157980369362842,-0.19574881380502918,0.05248986557126045,0.06548132002353668,0.0442064106464386,-0.19574881380502918,0.0,0.0,0.0,0.0,0.0,0.0,0.004720190886850918,0.0029660419432867326,-0.0037056197984020505,0.0,0.0,0.0,-0.017505180253201566,0.005157980369362842,-0.19574881380502918,0.0,0.0,0.0,0.0,0.0,0.0,zero,0.0,0.0,0.0,0.0,0.004720190886850918,0.0029660419432867326,-0.0037056197984020505,0.17782417073607684,0.08451778193173813,0.18396032217375505,1,0.00536346435546875
1.6352694260058342,1788364205.080579,control,preflight_voltage_failed,1,1,0.0018687690026126802,3.7953078746795654,3795.0,0,20.0,0.007527597001171671,nan,10,0,1,1.0,0.052512336522340775,0.0655074268579483,0.04423457756638527,0.0052952547557652,0.024462459608912468,0.016728835180401802,0.46703577041625977,8.028579711914062,5.180697917938232,-0.009490884840488434,0.4543745815753937,-0.21935462951660156,-0.017326723371346844,0.005960658145029227,-0.19528907699370734,0.052512336522340775,0.0655074268579483,0.04423457756638527,-0.19528907699370734,0.0,0.0,0.0,0.0,0.0,0.0,0.010052227398785987,0.004496654720524442,0.0041225799520584775,0.0,0.0,0.0,-0.017326723371346844,0.005960658145029227,-0.19528907699370734,0.0,0.0,0.0,0.0,0.0,0.0,zero,0.0,0.0,0.0,0.0,0.010052227398785987,0.004496654720524442,0.0041225799520584775,4.485500464430986,1.2900897982719182,6.589419149866346,1,0.002287149429321289
1.646513200001209,1788364205.091832,control,preflight_voltage_failed,1,1,0.013112542997987475,3.7953078746795654,3795.0,0,20.0,0.006532211999001447,nan,10,0,1,1.0,0.052512336522340775,0.0655074268579483,0.04423457756638527,0.0052952547557652,0.024462459608912468,0.016728835180401802,0.46703577041625977,8.028579711914062,5.180697917938232,-0.009490884840488434,0.4543745815753937,-0.21935462951660156,-0.017326723371346844,0.005960658145029227,-0.19528907699370734,0.052512336522340775,0.0655074268579483,0.04423457756638527,-0.19528907699370734,0.0,0.0,0.0,0.0,0.0,0.0,0.010052227398785987,0.004496654720524442,0.0041225799520584775,0.0,0.0,0.0,-0.017326723371346844,0.005960658145029227,-0.19528907699370734,0.0,0.0,0.0,0.0,0.0,0.0,zero,0.0,0.0,0.0,0.0,0.010052227398785987,0.004496654720524442,0.0041225799520584775,4.485500464430986,1.2900897982719182,6.589419149866346,1,0.013540029525756836
1.6575983030052157,1788364205.102924,control,preflight_voltage_failed,1,1,0.004729504005808849,3.7953078746795654,3795.0,0,20.0,0.0053262639994500205,nan,10,0,1,1.0,0.05252786725759506,0.06545267254114151,0.044239893555641174,0.004815807566046715,0.016191238537430763,0.012239467352628708,0.32510271668434143,4.962645053863525,3.2409205436706543,-0.017508188262581825,0.25630295276641846,-0.1511770784854889,-0.017773769695617076,0.005412035015691878,-0.19526227572952715,0.05252786725759506,0.06545267254114151,0.044239893555641174,-0.19526227572952715,0.0,0.0,0.0,0.0,0.0,0.0,0.009420306209546842,0.012406282308110432,0.011774932258644264,0.0,0.0,0.0,-0.017773769695617076,0.005412035015691878,-0.19526227572952715,0.0,0.0,0.0,0.0,0.0,0.0,zero,0.0,0.0,0.0,0.0,0.009420306209546842,0.012406282308110432,0.011774932258644264,-0.08876237942449451,0.896288945515006,0.847980624988875,1,0.005159854888916016
1.6687110690036207,1788364205.114031,control,preflight_voltage_failed,1,1,0.004424257000209764,3.7953078746795654,3795.0,0,20.0,0.01643902999785496,nan,10,0,1,1.0,0.05250761657953262,0.06546317785978317,0.04421533644199371,0.0034954806324094534,0.01313827559351921,0.009358455426990986,0.23679529130458832,3.9162704944610596,2.5419235229492188,-0.021328739821910858,0.20332731306552887,-0.12698718905448914,-0.018190755052494262,0.005308646841452153,-0.19560325545763804,0.05250761657953262,0.06546317785978317,0.04421533644199371,-0.19560325545763804,0.0,0.0,0.0,0.0,0.0,0.0,0.008307734587892036,0.014855099897234183,0.013458299851687092,0.0,0.0,0.0,-0.018190755052494262,0.005308646841452153,-0.19560325545763804,0.0,0.0,0.0,0.0,0.0,0.0,zero,0.0,0.0,0.0,0.0,0.008307734587892036,0.014855099897234183,0.013458299851687092,-0.09810089982747303,0.2159242644074189,0.14843078180646457,1,0.004925727844238281
1.6797130680060945,1788364205.1250207,control,preflight_voltage_failed,1,1,0.0008443060069112107,3.7953078746795654,3795.0,0,20.0,0.0025632080069044605,nan,10,0,1,1.0,0.05253983661532402,0.06542738527059555,0.044217199087142944,0.0032350830733776093,0.01002327911555767,0.00751212565228343,0.18589074909687042,3.0906033515930176,2.008399724960327,-0.010631535202264786,0.16648700833320618,-0.10557694733142853,-0.017720020160409803,0.005584281337211663,-0.1959010892434423,0.05253983661532402,0.06542738527059555,0.044217199087142944,-0.1959010892434423,0.0,0.0,0.0,0.0,0.0,0.0,0.006574163616001953,0.015351922854483824,0.013050658414681504,0.0,0.0,0.0,-0.017720020160409803,0.005584281337211663,-0.1959010892434423,0.0,0.0,0.0,0.0,0.0,0.0,zero,0.0,0.0,0.0,0.0,0.006574163616001953,0.015351922854483824,0.013050658414681504,-0.11803005749111202,0.033826156043179026,-0.02775423852019815,1,0.0012278556823730469
1.6909449480008334,1788364205.1364558,control,preflight_voltage_failed,1,1,0.007758087995171081,3.7953078746795654,3795.0,0,20.0,0.0013934730013716035,nan,10,0,1,1.0,0.05249473452568054,0.0654682144522667,0.04422507807612419,0.00048424256965518,0.009923133999109268,0.00637722248211503,0.020397409796714783,2.467811346054077,1.5537813901901245,0.014856564812362194,0.1514061540365219,-0.06862145662307739,-0.017217263393055057,0.005980682473845415,-0.19556838260929096,0.05249473452568054,0.0654682144522667,0.04422507807612419,-0.19556838260929096,0.0,0.0,0.0,0.0,0.0,0.0,0.005122381926902755,0.01558917038952469,0.01257058168709955,0.0,0.0,0.0,-0.017217263393055057,0.005980682473845415,-0.19556838260929096,0.0,0.0,0.0,0.0,0.0,0.0,zero,0.0,0.0,0.0,0.0,0.005122381926902755,0.01558917038952469,0.01257058168709955,-0.3385529715175983,0.05532571362237525,-0.11195306009139891,1,0.008374691009521484
1.701942327003053,1788364205.1473076,control,preflight_voltage_failed,1,1,0.00827660399954766,3.7953078746795654,3795.0,0,20.0,0.00011863400141010061,nan,10,0,1,1.0,0.052494704723358154,0.06544419378042221,0.04421355202794075,0.000386825151508674,0.007479946594685316,0.004881742876023054,0.014458205550909042,1.9276081323623657,1.2144761085510254,0.010246900841593742,0.0985485315322876,-0.05608680844306946,-0.017303310977901887,0.004797169162122917,-0.1956102816070131,0.052494704723358154,0.06544419378042221,0.04421355202794075,-0.1956102816070131,0.0,0.0,0.0,0.0,0.0,0.0,0.0037344096176589402,0.014720906400834016,0.011323121867502091,0.0,0.0,0.0,-0.017303310977901887,0.004797169162122917,-0.1956102816070131,0.0,0.0,0.0,0.0,0.0,0.0,zero,0.0,0.0,0.0,0.0,0.0037344096176589402,0.014720906400834016,0.011323121867502091,-0.13249226902183864,-0.08288224859057439,-0.11907930793092468,1,0.008750677108764648
1.7130708480035537,1788364205.1584313,control,preflight_voltage_failed,1,1,0.0059190669999225065,3.7953078746795654,3795.0,0,20.0,0.011247155001910869,nan,10,0,1,1.0,0.052512187510728836,0.06547099351882935,0.044225070625543594,0.000568835879676044,0.006381560117006302,0.004076284822076559,0.014266887679696083,1.5257906913757324,0.959631085395813,-0.008014903403818607,0.0820598304271698,-0.04489155486226082,-0.018396109570282735,0.005014214562855914,-0.1956156334369137,0.052512187510728836,0.06547099351882935,0.044225070625543594,-0.1956156334369137,0.0,0.0,0.0,0.0,0.0,0.0,0.002330609614190939,0.012654956326571185,0.009248354556239825,0.0,0.0,0.0,-0.018396109570282735,0.005014214562855914,-0.1956156334369137,0.0,0.0,0.0,0.0,0.0,0.0,zero,0.0,0.0,0.0,0.0,0.002330609614190939,0.012654956326571185,0.009248354556239825,-0.10413434207749729,-0.15325285027556307,-0.15390691579174007,1,0.0063936710357666016
1.7242198810054106,1788364205.1695294,control,preflight_voltage_failed,1,1,8.040400280151516e-05,3.7953078746795654,3795.0,0,20.0,0.00960525700065773,nan,10,0,1,1.0,0.05249300226569176,0.06545034050941467,0.04424155876040459,-6.419935380108654e-05,0.003602210432291031,0.0029124536085873842,-0.004953715018928051,0.9159725308418274,0.5880676507949829,0.012286938726902008,0.061295781284570694,-0.02946106530725956,-0.017605086212113562,0.0053809592422416124,-0.19567081007303957,0.05249300226569176,0.06545034050941467,0.04424155876040459,-0.19567081007303957,0.0,0.0,0.0,0.0,0.0,0.0,0.000510871374908669,0.008881317832354161,0.005877245769147163,0.0,0.0,0.0,-0.017605086212113562,0.0053809592422416124,-0.19567081007303957,0.0,0.0,0.0,0.0,0.0,0.0,zero,0.0,0.0,0.0,0.0,0.000510871374908669,0.008881317832354161,0.005877245769147163,-0.07876757687635563,-0.1975467414999909,-0.16599292450430836,1,0.0005276203155517578
1.735310494004807,1788364205.1806302,control,preflight_voltage_failed,1,1,0.0031006460048956797,3.7953078746795654,3795.0,0,20.0,0.008173710004484747,nan,10,0,1,1.0,0.05249546840786934,0.06545230746269226,0.044246744364500046,9.943392797140405e-06,0.0029306625947356224,0.0024588657543063164,-0.0021199462935328484,0.7160848379135132,0.4591789245605469,0.0042261723428964615,0.06762377172708511,-0.022189075127243996,-0.017830262014461327,0.006129564217349018,-0.19562857503745354,0.05249546840786934,0.06545230746269226,0.044246744364500046,-0.19562857503745354,0.0,0.0,0.0,0.0,0.0,0.0,-1.0732536938427373e-05,0.0071886799872542045,0.004585380932072203,0.0,0.0,0.0,-0.017830262014461327,0.006129564217349018,-0.19562857503745354,0.0,0.0,0.0,0.0,0.0,0.0,zero,0.0,0.0,0.0,0.0,-1.0732536938427373e-05,0.0071886799872542045,0.004585380932072203,-0.06483420382515184,-0.2103911120274457,-0.1605759202703548,1,0.003583192825317383
1.74637994600198,1788364205.1917007,control,preflight_voltage_failed,1,1,0.00028712399944197387,3.7953078746795654,3795.0,0,20.0,0.007028102998447139,nan,10,0,1,1.0,0.052497319877147675,0.06547665596008301,0.04423536732792854,3.4644730476429686e-05,0.002695527859032154,0.0018030861392617226,-0.00133987283334136,0.5694782733917236,0.35788971185684204,0.0029366055969148874,0.047004055231809616,-0.00897158868610859,-0.017857447005918452,0.005648336337635683,-0.1950108361262668,0.052497319877147675,0.06547665596008301,0.04423536732792854,-0.1950108361262668,0.0,0.0,0.0,0.0,0.0,0.0,-0.00022938597108070313,0.005406522713030493,0.003479352287824631,0.0,0.0,0.0,-0.017857447005918452,0.005648336337635683,-0.1950108361262668,0.0,0.0,0.0,0.0,0.0,0.0,zero,0.0,0.0,0.0,0.0,-0.00022938597108070313,0.005406522713030493,0.003479352287824631,-0.015760151457041186,-0.128454733273283,-0.07972058164805844,1,0.0007798671722412109
1.7576015670056222,1788364205.2029407,control,preflight_voltage_failed,1,1,0.00323477200436173,3.7953078746795654,3795.0,0,20.0,0.0058925600023940206,nan,10,0,1,1.0,0.05246827006340027,0.06551848351955414,0.04424440115690231,-0.0006782216369174421,0.0031728707253932953,0.0016619993839412928,-0.018395211547613144,0.4671824872493744,0.2828832268714905,0.014331933110952377,0.06478458642959595,-0.013584842905402184,-0.017366109234824494,0.006762050398525654,-0.1952941841545323,0.05246827006340027,0.06551848351955414,0.04424440115690231,-0.1952941841545323,0.0,0.0,0.0,0.0,0.0,0.0,-0.00035220924060523574,0.0040756198390962265,0.0026559006126438012,0.0,0.0,0.0,-0.017366109234824494,0.006762050398525654,-0.1952941841545323,0.0,0.0,0.0,0.0,0.0,0.0,zero,0.0,0.0,0.0,0.0,-0.00035220924060523574,0.0040756198390962265,0.0026559006126438012,-0.01492346844321626,-0.16170947994652343,-0.10005233647212211,1,0.003789663314819336
1.768638887006091,1788364205.213959,control,preflight_voltage_failed,1,1,0.006605834001675248,3.7953078746795654,3795.0,0,20.0,0.004489057006139774,nan,10,0,1,1.0,0.0525088869035244,0.065414659678936,0.04424964264035225,0.0005039525567553937,-0.00013681920245289803,0.0014646510826423764,0.015743624418973923,0.2884688377380371,0.22122173011302948,-0.0001296941190958023,0.015830177813768387,-0.01746438257396221,-0.01781753535911148,0.005360665567336353,-0.19552556996801604,0.0525088869035244,0.065414659678936,0.04424964264035225,-0.19552556996801604,0.0,0.0,0.0,0.0,0.0,0.0,-0.00041421842596333573,0.003081640245978143,0.002053635645876698,0.0,0.0,0.0,-0.01781753535911148,0.005360665567336353,-0.19552556996801604,0.0,0.0,0.0,0.0,0.0,0.0,zero,0.0,0.0,0.0,0.0,-0.00041421842596333573,0.003081640245978143,0.002053635645876698,-0.0079883707286756,-0.12805002098819185,-0.07758714783374682,1,0.0070455074310302734
1.7797104090059293,1788364205.2250311,control,preflight_voltage_failed,1,1,0.005366677003621589,3.7953078746795654,3795.0,0,20.0,0.002665730004082434,nan,10,0,1,1.0,0.052475981414318085,0.06545676290988922,0.044222719967365265,-0.00013556602061726153,0.0005798579659312963,0.0007309434004127979,0.0021247128024697304,0.24250850081443787,0.16496513783931732,-0.016247939318418503,0.010594531893730164,-0.011695589870214462,-0.0188028735124044,0.005236820323694193,-0.19538426361485406,0.052475981414318085,0.06545676290988922,0.044222719967365265,-0.19538426361485406,0.0,0.0,0.0,0.0,0.0,0.0,-0.0003475456991406929,0.002158311688037632,0.0016218440006086497,0.0,0.0,0.0,-0.0188028735124044,0.005236820323694193,-0.19538426361485406,0.0,0.0,0.0,0.0,0.0,0.0,zero,0.0,0.0,0.0,0.0,-0.0003475456991406929,0.002158311688037632,0.0016218440006086497,0.005458524815114247,-0.07559330608194484,-0.035350967674149546,1,0.0059032440185546875
1.790941359999124,1788364205.2362723,control,preflight_voltage_failed,1,1,0.009002423998026643,3.7953078746795654,3795.0,0,20.0,0.001609971994184889,nan,10,0,1,1.0,0.052511781454086304,0.06542041897773743,0.04421715810894966,0.0008224414777942002,-0.00048115054960362613,0.0004401319311000407,0.026610461995005608,0.16641780734062195,0.12441026419401169,0.00923365168273449,0.01173511240631342,-0.0083478894084692,-0.01794768859419876,0.005362863881582438,-0.19534779703691005,0.052511781454086304,0.06542041897773743,0.04421715810894966,-0.19534779703691005,0.0,0.0,0.0,0.0,0.0,0.0,-0.0002500908981378665,0.001400256942347467,0.001282564831724891,0.0,0.0,0.0,-0.01794768859419876,0.005362863881582438,-0.19534779703691005,0.0,0.0,0.0,0.0,0.0,0.0,zero,0.0,0.0,0.0,0.0,-0.0002500908981378665,0.001400256942347467,0.001282564831724891,0.012670646672825756,-0.0985589600764799,-0.044111592534588503,1,0.009453058242797852
1.8021127720057848,1788364205.2476218,control,preflight_voltage_failed,1,1,0.00012185400555608794,3.7953078746795654,3795.0,0,20.0,0.0006115830037742853,nan,10,0,1,1.0,0.05252867564558983,0.0654645562171936,0.044245362281799316,0.0011906238505616784,0.0003086258075200021,0.0010630051838234067,0.03168420493602753,0.11670591682195663,0.09690995514392853,0.00775248184800148,0.026225067675113678,-0.003659631125628948,-0.017879785365372186,0.006286392942358842,-0.19549956448708788,0.05252867564558983,0.0654645562171936,0.044245362281799316,-0.19549956448708788,0.0,0.0,0.0,0.0,0.0,0.0,6.233608466277556e-05,0.00035661726002501177,0.0006984657686297972,0.0,0.0,0.0,-0.017879785365372186,0.006286392942358842,-0.19549956448708788,0.0,0.0,0.0,0.0,0.0,0.0,zero,0.0,0.0,0.0,0.0,6.233608466277556e-05,0.00035661726002501177,0.0006984657686297972,0.017376106613366974,-0.046627286856232214,-0.02852213968699237,1,0.0007419586181640625
1.813173958005791,1788364205.25851,control,preflight_voltage_failed,1,1,0.011183040005562361,3.7953078746795654,3795.0,0,20.0,0.011672769003780559,nan,10,0,1,1.0,0.05252867564558983,0.0654645562171936,0.044245362281799316,0.0011906238505616784,0.0003086258075200021,0.0010630051838234067,0.03168420493602753,0.11670591682195663,0.09690995514392853,0.00775248184800148,0.026225067675113678,-0.003659631125628948,-0.017879785365372186,0.006286392942358842,-0.19549956448708788,0.05252867564558983,0.0654645562171936,0.044245362281799316,-0.19549956448708788,0.0,0.0,0.0,0.0,0.0,0.0,6.233608466277556e-05,0.00035661726002501177,0.0006984657686297972,0.0,0.0,0.0,-0.017879785365372186,0.006286392942358842,-0.19549956448708788,0.0,0.0,0.0,0.0,0.0,0.0,zero,0.0,0.0,0.0,0.0,6.233608466277556e-05,0.00035661726002501177,0.0006984657686297972,0.017376106613366974,-0.046627286856232214,-0.02852213968699237,1,0.01163029670715332
1.8242774099999224,1788364205.2695956,control,preflight_voltage_failed,1,1,0.002376455995545257,3.7953078746795654,3795.0,0,20.0,0.022776220997911878,nan,10,0,1,1.0,0.052458666265010834,0.06545186042785645,0.04419870674610138,-0.0008974018855951726,4.3605461542028934e-05,-0.0005050894105806947,-0.02808072231709957,0.07149609923362732,0.02462156116962433,-0.006881325505673885,-0.00022381264716386795,-0.006650328636169434,-0.01823219953568576,0.005344711737478144,-0.195864447887415,0.052458666265010834,0.06545186042785645,0.04419870674610138,-0.195864447887415,0.0,0.0,0.0,0.0,0.0,0.0,0.0004334645788822687,4.708863704425278e-06,0.0005085921543247546,0.0,0.0,0.0,-0.01823219953568576,0.005344711737478144,-0.195864447887415,0.0,0.0,0.0,0.0,0.0,0.0,zero,0.0,0.0,0.0,0.0,0.0004334645788822687,4.708863704425278e-06,0.0005085921543247546,0.01947707985810289,-0.01754421097091579,-0.009483873875112354,1,0.0028030872344970703
1.835287234003772,1788364205.2806363,control,preflight_voltage_failed,1,1,0.013386279999394901,3.7953078746795654,3795.0,0,20.0,0.00861950199760031,nan,10,0,1,1.0,0.052458666265010834,0.06545186042785645,0.04419870674610138,-0.0008974018855951726,4.3605461542028934e-05,-0.0005050894105806947,-0.02808072231709957,0.07149609923362732,0.02462156116962433,-0.006881325505673885,-0.00022381264716386795,-0.006650328636169434,-0.01823219953568576,0.005344711737478144,-0.195864447887415,0.052458666265010834,0.06545186042785645,0.04419870674610138,-0.195864447887415,0.0,0.0,0.0,0.0,0.0,0.0,0.0004334645788822687,4.708863704425278e-06,0.0005085921543247546,0.0,0.0,0.0,-0.01823219953568576,0.005344711737478144,-0.195864447887415,0.0,0.0,0.0,0.0,0.0,0.0,zero,0.0,0.0,0.0,0.0,0.0004334645788822687,4.708863704425278e-06,0.0005085921543247546,0.01947707985810289,-0.01754421097091579,-0.009483873875112354,1,0.013843774795532227
1.8464821840025252,1788364205.2917905,control,preflight_voltage_failed,1,1,0.004293696001695935,3.7953078746795654,3795.0,0,20.0,0.007685101998504251,nan,10,0,1,1.0,0.052508026361465454,0.06545940041542053,0.044190648943185806,-0.0017363111255690455,0.00372371356934309,-0.0051169004291296005,-0.1711064577102661,0.4132688045501709,-0.4553550183773041,-0.047102831304073334,0.0037734918296337128,-0.08541803807020187,-0.017846153368679164,0.005747160621852717,-0.1961842838307123,0.052508026361465454,0.06545940041542053,0.044190648943185806,-0.1961842838307123,0.0,0.0,0.0,0.0,0.0,0.0,1.5896435644430305e-05,-0.0001255704197239199,6.55454758761167e-05,0.0,0.0,0.0,-0.017846153368679164,0.005747160621852717,-0.1961842838307123,0.0,0.0,0.0,0.0,0.0,0.0,zero,0.0,0.0,0.0,0.0,1.5896435644430305e-05,-0.0001255704197239199,6.55454758761167e-05,-0.08990816904795512,-0.025728162401402178,-0.09690864995492016,1,0.004753589630126953
1.8575963710027281,1788364205.3029122,control,preflight_voltage_failed,1,1,0.005717266001738608,3.7953078746795654,3795.0,0,20.0,0.006266595999477431,nan,10,0,1,1.0,0.0525411032140255,0.06544530391693115,0.04422378912568092,-0.0007120867958292365,0.0026904672849923372,-0.0034152620937675238,-0.11592304706573486,0.30946826934814453,-0.32945770025253296,-0.0465983971953392,0.003606884740293026,-0.0606512650847435,-0.018279641666741935,0.005782671039842956,-0.19580945595821966,0.0525411032140255,0.06544530391693115,0.04422378912568092,-0.19580945595821966,0.0,0.0,0.0,0.0,0.0,0.0,-0.00023985742628223234,0.00020418982257903784,-0.0005345880583486894,0.0,0.0,0.0,-0.018279641666741935,0.005782671039842956,-0.19580945595821966,0.0,0.0,0.0,0.0,0.0,0.0,zero,0.0,0.0,0.0,0.0,-0.00023985742628223234,0.00020418982257903784,-0.0005345880583486894,-0.026168112753261502,0.033740265492456394,-0.061404202745181886,1,0.006101846694946289
1.8687218470004154,1788364205.314068,control,preflight_voltage_failed,1,1,0.016842741999425925,3.7953078746795654,3795.0,0,20.0,0.004794871994818095,nan,10,0,1,1.0,0.0525411032140255,0.06544530391693115,0.04422378912568092,-0.0007120867958292365,0.0026904672849923372,-0.0034152620937675238,-0.11592304706573486,0.30946826934814453,-0.32945770025253296,-0.0465983971953392,0.003606884740293026,-0.0606512650847435,-0.018279641666741935,0.005782671039842956,-0.19580945595821966,0.0525411032140255,0.06544530391693115,0.04422378912568092,-0.19580945595821966,0.0,0.0,0.0,0.0,0.0,0.0,-0.00023985742628223234,0.00020418982257903784,-0.0005345880583486894,0.0,0.0,0.0,-0.018279641666741935,0.005782671039842956,-0.19580945595821966,0.0,0.0,0.0,0.0,0.0,0.0,zero,0.0,0.0,0.0,0.0,-0.00023985742628223234,0.00020418982257903784,-0.0005345880583486894,-0.026168112753261502,0.033740265492456394,-0.061404202745181886,1,0.0172576904296875
1.8797489150019828,1788364205.3250637,control,preflight_voltage_failed,1,1,0.006966389999433886,3.7953078746795654,3795.0,0,20.0,0.0030231749988161027,nan,10,0,1,1.0,0.05250129476189613,0.0654212087392807,0.04420717805624008,-0.007414711639285088,-0.0029791593551635742,-0.000905608874745667,-1.56533682346344,-0.932524561882019,0.24730056524276733,0.23521913588047028,-0.17152275145053864,0.034950822591781616,-0.016954116634199726,0.005424273240585223,-0.1952397165113464,0.05250129476189613,0.0654212087392807,0.04420717805624008,-0.1952397165113464,0.0,0.0,0.0,0.0,0.0,0.0,-0.0010390670792563945,0.002760220188982436,-0.0037847121517477927,0.0,0.0,0.0,-0.016954116634199726,0.005424273240585223,-0.1952397165113464,0.0,0.0,0.0,0.0,0.0,0.0,zero,0.0,0.0,0.0,0.0,-0.0010390670792563945,0.002760220188982436,-0.0037847121517477927,-0.42921999226324575,1.367463314155595,-1.7397048035749734,1,0.00739288330078125
1.8908350790006807,1788364205.336185,control,preflight_voltage_failed,1,1,0.003471424999588635,3.7953078746795654,3795.0,0,20.0,0.0021100500016473234,nan,10,0,1,1.0,0.05248849838972092,0.06545041501522064,0.04423058032989502,-0.0061088502407073975,-0.0019791603554040194,-0.0004006378003396094,-1.2341985702514648,-0.7321813106536865,0.2048284262418747,0.17749515175819397,-0.12552861869335175,0.01757376454770565,-0.017730363390668885,0.006255852195493043,-0.19600484923289924,0.05248849838972092,0.06545041501522064,0.04423058032989502,-0.19600484923289924,0.0,0.0,0.0,0.0,0.0,0.0,-0.0023974981295430075,0.0021085013501407645,-0.003745158303015879,0.0,0.0,0.0,-0.017730363390668885,0.006255852195493043,-0.19600484923289924,0.0,0.0,0.0,0.0,0.0,0.0,zero,0.0,0.0,0.0,0.0,-0.0023974981295430075,0.0021085013501407645,-0.003745158303015879,-0.09400393967994823,-0.04509918880449056,0.002737141211193683,1,0.00406336784362793
1.901979176000168,1788364205.3473911,control,preflight_voltage_failed,1,1,0.014615521999076009,3.7953078746795654,3795.0,0,20.0,0.00042953599768225104,nan,10,0,1,1.0,0.05248849838972092,0.06545041501522064,0.04423058032989502,-0.0061088502407073975,-0.0019791603554040194,-0.0004006378003396094,-1.2341985702514648,-0.7321813106536865,0.2048284262418747,0.17749515175819397,-0.12552861869335175,0.01757376454770565,-0.017730363390668885,0.006255852195493043,-0.19600484923289924,0.05248849838972092,0.06545041501522064,0.04423058032989502,-0.19600484923289924,0.0,0.0,0.0,0.0,0.0,0.0,-0.0023974981295430075,0.0021085013501407645,-0.003745158303015879,0.0,0.0,0.0,-0.017730363390668885,0.006255852195493043,-0.19600484923289924,0.0,0.0,0.0,0.0,0.0,0.0,zero,0.0,0.0,0.0,0.0,-0.0023974981295430075,0.0021085013501407645,-0.003745158303015879,-0.09400393967994823,-0.04509918880449056,0.002737141211193683,1,0.01526951789855957
1.9131262740047532,1788364205.3586922,control,preflight_voltage_failed,1,1,0.001037934998748824,3.7953078746795654,3795.0,0,20.0,8.309300028486177e-05,nan,10,0,1,1.0,0.05249178037047386,0.06544952094554901,0.04424646124243736,-0.0040929848328232765,-0.0020289975218474865,-0.007681422401219606,-0.6565971374511719,-0.571175754070282,-1.8069347143173218,0.05925128981471062,-0.0797254890203476,-0.169043630361557,-0.017393995668009962,0.0049293927323827815,-0.19525559192610406,0.05249178037047386,0.06544952094554901,0.04424646124243736,-0.19525559192610406,0.0,0.0,0.0,0.0,0.0,0.0,-0.006303159319648505,-0.0017833850061538409,-0.001981292823127748,0.0,0.0,0.0,-0.017393995668009962,0.0049293927323827815,-0.19525559192610406,0.0,0.0,0.0,0.0,0.0,0.0,zero,0.0,0.0,0.0,0.0,-0.006303159319648505,-0.0017833850061538409,-0.001981292823127748,-0.08578348209886931,-0.11011215883599054,-0.014582940153637732,1,0.0018270015716552734
1.924261412001215,1788364205.369578,control,preflight_voltage_failed,1,1,0.012173072995210532,3.7953078746795654,3795.0,0,20.0,0.010440136997203808,nan,10,0,1,1.0,0.05249178037047386,0.06544952094554901,0.04424646124243736,-0.0040929848328232765,-0.0020289975218474865,-0.007681422401219606,-0.6565971374511719,-0.571175754070282,-1.8069347143173218,0.05925128981471062,-0.0797254890203476,-0.169043630361557,-0.017393995668009962,0.0049293927323827815,-0.19525559192610406,0.05249178037047386,0.06544952094554901,0.04424646124243736,-0.19525559192610406,0.0,0.0,0.0,0.0,0.0,0.0,-0.006303159319648505,-0.0017833850061538409,-0.001981292823127748,0.0,0.0,0.0,-0.017393995668009962,0.0049293927323827815,-0.19525559192610406,0.0,0.0,0.0,0.0,0.0,0.0,zero,0.0,0.0,0.0,0.0,-0.006303159319648505,-0.0017833850061538409,-0.001981292823127748,-0.08578348209886931,-0.11011215883599054,-0.014582940153637732,1,0.012712717056274414
1.9353084520043922,1788364205.380655,control,preflight_voltage_failed,1,1,0.000482039999042172,3.7953078746795654,3795.0,0,20.0,0.008897773004719056,nan,10,0,1,1.0,0.05248216912150383,0.06548873335123062,0.04423235356807709,-0.012944946065545082,0.005181691609323025,-0.00609477236866951,-2.976494789123535,1.357190489768982,-1.1099522113800049,-0.033091045916080475,0.05918215587735176,-0.056007880717515945,-0.017798966315153143,0.006131370268484684,-0.19533266132371227,0.05248216912150383,0.06548873335123062,0.04423235356807709,-0.19533266132371227,0.0,0.0,0.0,0.0,0.0,0.0,-0.004304413972785398,-0.0026175778578120938,-0.008539630288637282,0.0,0.0,0.0,-0.017798966315153143,0.006131370268484684,-0.19533266132371227,0.0,0.0,0.0,0.0,0.0,0.0,zero,0.0,0.0,0.0,0.0,-0.004304413972785398,-0.0026175778578120938,-0.008539630288637282,1.2531752949470563,-0.5214760406062529,-4.114044203205443,1,0.0010268688201904297
1.9464447810023557,1788364205.3917887,control,preflight_voltage_failed,1,1,0.0014385449976543896,3.7953078746795654,3795.0,0,20.0,0.007850989000871778,nan,10,0,1,1.0,0.05247814208269119,0.06544385105371475,0.04423338547348976,-0.010435644537210464,0.003257219446823001,-0.004855398554354906,-2.3315415382385254,1.0476707220077515,-0.8634369969367981,-0.02368997223675251,0.03961717709898949,-0.05704616382718086,-0.01766195866217853,0.005729899136987534,-0.19594419386423864,0.05247814208269119,0.06544385105371475,0.04423338547348976,-0.19594419386423864,0.0,0.0,0.0,0.0,0.0,0.0,-0.004607295544666971,-0.0019921865118980478,-0.009842464441532276,0.0,0.0,0.0,-0.01766195866217853,0.005729899136987534,-0.19594419386423864,0.0,0.0,0.0,0.0,0.0,0.0,zero,0.0,0.0,0.0,0.0,-0.004607295544666971,-0.0019921865118980478,-0.009842464441532276,-0.0299716271521061,0.061885561830148324,-0.1289218727604418,1,0.002054929733276367
1.9575933880041703,1788364205.4029288,control,preflight_voltage_failed,1,1,0.0038520160014741123,3.7953078746795654,3795.0,0,20.0,0.00662238200311549,nan,10,0,1,1.0,0.05250807851552963,0.06544077396392822,0.04426797106862068,-0.007661467418074608,0.0025351555086672306,-0.0030905704479664564,-1.801565170288086,0.8215650320053101,-0.6502463221549988,-0.027754858136177063,0.032400187104940414,-0.04257582128047943,-0.018044758573456644,0.005763057384132426,-0.1958113795089799,0.05250807851552963,0.06544077396392822,0.04426797106862068,-0.1958113795089799,0.0,0.0,0.0,0.0,0.0,0.0,-0.005444792552712957,-0.0009914184640629447,-0.010012945468723645,0.0,0.0,0.0,-0.018044758573456644,0.005763057384132426,-0.1958113795089799,0.0,0.0,0.0,0.0,0.0,0.0,zero,0.0,0.0,0.0,0.0,-0.005444792552712957,-0.0009914184640629447,-0.010012945468723645,-0.09610454025431074,0.1148402349075802,-0.019563055847250908,1,0.004480600357055664
1.9686587000032887,1788364205.4140131,control,preflight_voltage_failed,1,1,0.0049831290016300045,3.7953078746795654,3795.0,0,20.0,0.005417009997472633,nan,10,0,1,1.0,0.05246901884675026,0.06548748910427094,0.0442318469285965,-0.006896169390529394,0.002945446642115712,-0.0031818083953112364,-1.4262243509292603,0.6653087139129639,-0.5219886898994446,-0.03458276391029358,0.03385145962238312,-0.03935859724879265,-0.018676813262533783,0.006161942465358095,-0.19608854378770643,0.05246901884675026,0.06548748910427094,0.0442318469285965,-0.19608854378770643,0.0,0.0,0.0,0.0,0.0,0.0,-0.006300317744326657,0.00011560194785260587,-0.00912779427332248,0.0,0.0,0.0,-0.018676813262533783,0.006161942465358095,-0.19608854378770643,0.0,0.0,0.0,0.0,0.0,0.0,zero,0.0,0.0,0.0,0.0,-0.006300317744326657,0.00011560194785260587,-0.00912779427332248,-0.08399655274546133,0.1086886737307828,0.08690527152331196,1,0.005379676818847656
1.9797282880026614,1788364205.4250734,control,preflight_voltage_failed,1,1,0.007897007999417838,3.7953078746795654,3795.0,0,20.0,0.00440926799637964,nan,10,0,1,1.0,0.052437152713537216,0.06543539464473724,0.044216323643922806,-0.006308356299996376,0.0010625498834997416,-0.0029309799429029226,-1.1263806819915771,0.4854837656021118,-0.411361426115036,-0.002126326784491539,0.010462960228323936,-0.021290373057127,-0.017645998618386633,0.0055003851820521555,-0.19566590499400124,0.052437152713537216,0.06543539464473724,0.044216323643922806,-0.19566590499400124,0.0,0.0,0.0,0.0,0.0,0.0,-0.006882688517570517,0.0010115401454179156,-0.007990006728443556,0.0,0.0,0.0,-0.017645998618386633,0.0055003851820521555,-0.19566590499400124,0.0,0.0,0.0,0.0,0.0,0.0,zero,0.0,0.0,0.0,0.0,-0.006882688517570517,0.0010115401454179156,-0.007990006728443556,-0.07231880813890973,0.11125761386194247,0.1412904681026721,1,0.008387088775634766
1.9908476420023362,1788364205.4362247,control,preflight_voltage_failed,1,1,0.005587626998021733,3.7953078746795654,3795.0,0,20.0,0.003319880001072306,nan,10,0,1,1.0,0.052520740777254105,0.06545138359069824,0.04424520209431648,-0.0038029984571039677,0.0010879356414079666,-0.0019151086453348398,-0.8638279438018799,0.38876473903656006,-0.3139742314815521,-0.005309931002557278,0.012946756556630135,-0.013422626070678234,-0.017887208147085387,0.005812224663418571,-0.19542880496857923,0.052520740777254105,0.06545138359069824,0.04424520209431648,-0.19542880496857923,0.0,0.0,0.0,0.0,0.0,0.0,-0.006879205196057612,0.0015295011991437544,-0.006217079503624406,0.0,0.0,0.0,-0.017887208147085387,0.005812224663418571,-0.19542880496857923,0.0,0.0,0.0,0.0,0.0,0.0,zero,0.0,0.0,0.0,0.0,-0.006879205196057612,0.0015295011991437544,-0.006217079503624406,0.0002591363844424283,0.03853292159429764,0.1318942133871561,1,0.006096363067626953
2.001955370003998,1788364205.4473164,control,preflight_voltage_failed,1,1,0.0002439480012981221,3.7953078746795654,3795.0,0,20.0,0.0023612310033058748,nan,10,0,1,1.0,0.05250551924109459,0.06539826840162277,0.0442371666431427,-0.0026299322489649057,-0.000671321467962116,-0.0014322084607556462,-0.5238281488418579,0.20521479845046997,-0.19135066866874695,0.001642668154090643,0.003927161917090416,0.001344894990324974,-0.01757022613004611,0.005623133443272182,-0.1950762735267713,0.05250551924109459,0.06539826840162277,0.0442371666431427,-0.1950762735267713,0.0,0.0,0.0,0.0,0.0,0.0,-0.006132854032638243,0.0018218541675054998,-0.0034960935634229086,0.0,0.0,0.0,-0.01757022613004611,0.005623133443272182,-0.1950762735267713,0.0,0.0,0.0,0.0,0.0,0.0,zero,0.0,0.0,0.0,0.0,-0.006132854032638243,0.0018218541675054998,-0.0034960935634229086,0.059337538656351344,0.004894084689601879,0.15311189195568622,1,0.0007081031799316406
2.013061916004517,1788364205.4584084,control,preflight_voltage_failed,1,1,0.0014643829999840818,3.7953078746795654,3795.0,0,20.0,0.00132683999981964,nan,10,0,1,1.0,0.05249563604593277,0.06547686457633972,0.044197067618370056,-0.0023032629396766424,0.0010480122873559594,-0.00195445423014462,-0.41247451305389404,0.19884610176086426,-0.16361279785633087,-0.026662740856409073,-0.016775056719779968,-0.002655285643413663,-0.01895832392832343,0.004632339334863544,-0.1952432232845408,0.05249563604593277,0.06547686457633972,0.044197067618370056,-0.1952432232845408,0.0,0.0,0.0,0.0,0.0,0.0,-0.005400599778083095,0.001605601531253434,-0.00256155372543076,0.0,0.0,0.0,-0.01895832392832343,0.004632339334863544,-0.1952432232845408,0.0,0.0,0.0,0.0,0.0,0.0,zero,0.0,0.0,0.0,0.0,-0.005400599778083095,0.001605601531253434,-0.00256155372543076,0.0738381283543136,-0.02180620981470333,0.09423594616299606,1,0.0018830299377441406
2.024180748005165,1788364205.4699006,control,preflight_voltage_failed,1,1,0.0005517720055649988,3.7953078746795654,3795.0,0,20.0,0.0003012100060004741,nan,10,0,1,1.0,0.052516400814056396,0.06543579697608948,0.044215571135282516,-0.0014932831982150674,0.00014752661809325218,-0.0012522772885859013,-0.31635329127311707,0.1439279466867447,-0.11907745897769928,0.0003886055201292038,-0.0011102240532636642,0.0019859755411744118,-0.017666157467020587,0.005368413346276086,-0.19501233898434178,0.052516400814056396,0.06543579697608948,0.044215571135282516,-0.19501233898434178,0.0,0.0,0.0,0.0,0.0,0.0,-0.004414956733312011,0.0012627451871676445,-0.0019344236233507198,0.0,0.0,0.0,-0.017666157467020587,0.005368413346276086,-0.19501233898434178,0.0,0.0,0.0,0.0,0.0,0.0,zero,0.0,0.0,0.0,0.0,-0.004414956733312011,0.0012627451871676445,-0.0019344236233507198,0.08290723899517762,-0.02883931765250287,0.05275096854794483,1,0.0014867782592773438
2.035293669003295,1788364205.4806757,control,preflight_voltage_failed,1,1,0.002284503003465943,3.7953078746795654,3795.0,0,20.0,0.011414131004130468,nan,10,0,1,1.0,0.05247631296515465,0.06544186919927597,0.044231630861759186,-0.002049141563475132,0.00024745718110352755,-0.0006594916339963675,-0.2649313509464264,0.11727248877286911,-0.082626111805439,0.015606241300702095,0.0016459557227790356,-0.020554134622216225,-0.016954244603940793,0.005469299101158545,-0.1960530278016682,0.05247631296515465,0.06544186919927597,0.044231630861759186,-0.1960530278016682,0.0,0.0,0.0,0.0,0.0,0.0,-0.0035273593208848806,0.0009582334958243685,-0.0014987536451735017,0.0,0.0,0.0,-0.016954244603940793,0.005469299101158545,-0.1960530278016682,0.0,0.0,0.0,0.0,0.0,0.0,zero,0.0,0.0,0.0,0.0,-0.0035273593208848806,0.0009582334958243685,-0.0014987536451735017,0.09460391790335342,-0.03245615483451585,0.04643556444776933,1,0.002879619598388672
2.0464059459991404,1788364205.4917843,control,preflight_voltage_failed,1,1,0.00368295799853513,3.7953078746795654,3795.0,0,20.0,0.010257807996822521,nan,10,0,1,1.0,0.05247525870800018,0.06544188410043716,0.04423960670828819,-0.001660953275859356,0.00019827162032015622,-0.0003638790803961456,-0.20397703349590302,0.09280839562416077,-0.06003307178616524,-0.0038930466398596764,0.012417083606123924,-0.017756693065166473,-0.017752573077765454,0.006008893586439285,-0.19612640089696595,0.05247525870800018,0.06544188410043716,0.04423960670828819,-0.19612640089696595,0.0,0.0,0.0,0.0,0.0,0.0,-0.0028032945233042498,0.0006874670865250799,-0.0011540385627507245,0.0,0.0,0.0,-0.017752573077765454,0.006008893586439285,-0.19612640089696595,0.0,0.0,0.0,0.0,0.0,0.0,zero,0.0,0.0,0.0,0.0,-0.0028032945233042498,0.0006874670865250799,-0.0011540385627507245,0.07431114507075537,-0.027788896779623255,0.0353782873902854,1,0.004244565963745117
2.057550967001589,1788364205.5029092,control,preflight_voltage_failed,1,1,0.004054192999319639,3.7953078746795654,3795.0,0,20.0,0.00923446100205183,nan,10,0,1,1.0,0.052487123757600784,0.06545411050319672,0.04423557221889496,-0.0011091942433267832,0.0003848726919386536,-0.0003657634078990668,-0.1529710739850998,0.07769986242055893,-0.04806132614612579,-0.010450332425534725,0.003836300689727068,-0.006705696694552898,-0.01814658801410122,0.005686730467748314,-0.19571527082540902,0.052487123757600784,0.06545411050319672,0.04423557221889496,-0.19571527082540902,0.0,0.0,0.0,0.0,0.0,0.0,-0.0022350622572105544,0.0004770228010568271,-0.0008579709237715646,0.0,0.0,0.0,-0.01814658801410122,0.005686730467748314,-0.19571527082540902,0.0,0.0,0.0,0.0,0.0,0.0,zero,0.0,0.0,0.0,0.0,-0.0022350622572105544,0.0004770228010568271,-0.0008579709237715646,0.052576357605299925,-0.019471604604280397,0.02739400592179406,1,0.004561662673950195
2.0686527140060207,1788364205.5140114,control,preflight_voltage_failed,1,1,0.007013141999777872,3.7953078746795654,3795.0,0,20.0,0.008136421005474404,nan,10,0,1,1.0,0.05250289663672447,0.06548363715410233,0.04423333331942558,-0.000505663629155606,0.0010224208235740662,-0.0003467904170975089,-0.1077718734741211,0.07758807390928268,-0.03798992931842804,0.0026614246889948845,-0.002481593983247876,0.004257970955222845,-0.01768889382704506,0.005464519537564758,-0.1953135759058942,0.05250289663672447,0.06548363715410233,0.04423333331942558,-0.1953135759058942,0.0,0.0,0.0,0.0,0.0,0.0,-0.001776223025419936,0.00035328429318804853,-0.0006289188374270824,0.0,0.0,0.0,-0.01768889382704506,0.005464519537564758,-0.1953135759058942,0.0,0.0,0.0,0.0,0.0,0.0,zero,0.0,0.0,0.0,0.0,-0.001776223025419936,0.00035328429318804853,-0.0006289188374270824,0.05551901757605347,-0.014972216665937269,0.027715038136481848,1,0.007399320602416992
2.079767087001528,1788364205.5251284,control,preflight_voltage_failed,1,1,0.005805456996313296,3.7953078746795654,3795.0,0,20.0,0.007088452999596484,nan,10,0,1,1.0,0.05251087248325348,0.06545180082321167,0.04423293098807335,-0.0002743019722402096,0.00029811589047312737,-0.00028400158043950796,-0.0824398472905159,0.05024407058954239,-0.029366733506321907,0.0017756483284756541,0.003250394482165575,-0.0032696647103875875,-0.017712873538765682,0.005777889546269175,-0.19572806330923384,0.05251087248325348,0.06545180082321167,0.04423293098807335,-0.19572806330923384,0.0,0.0,0.0,0.0,0.0,0.0,-0.0013169020018500702,0.00036374872156426174,-0.0004608935393138491,0.0,0.0,0.0,-0.017712873538765682,0.005777889546269175,-0.19572806330923384,0.0,0.0,0.0,0.0,0.0,0.0,zero,0.0,0.0,0.0,0.0,-0.0013169020018500702,0.00036374872156426174,-0.0004608935393138491,0.03749867655020209,0.0008543092844142118,0.01371747858878712,1,0.0062673091888427734
2.0908810500041,1788364205.536241,control,preflight_voltage_failed,1,1,0.006861433997983113,3.7953078746795654,3795.0,0,20.0,0.005933480002568103,nan,10,0,1,1.0,0.052482347935438156,0.06546415388584137,0.044192783534526825,-0.0007876167073845863,0.00048455101205036044,-0.001026890822686255,-0.07617649435997009,0.043908823281526566,-0.03829085826873779,0.0016416076105087996,0.014954387210309505,0.00013305735774338245,-0.017701000529552854,0.006400457316093669,-0.19560105751475307,0.052482347935438156,0.06546415388584137,0.044192783534526825,-0.19560105751475307,0.0,0.0,0.0,0.0,0.0,0.0,-0.0009445863604384557,0.0003932344956127464,-0.0003744741511714718,0.0,0.0,0.0,-0.017701000529552854,0.006400457316093669,-0.19560105751475307,0.0,0.0,0.0,0.0,0.0,0.0,zero,0.0,0.0,0.0,0.0,-0.0009445863604384557,0.0003932344956127464,-0.0003744741511714718,0.037079543726351666,0.002936538051398678,0.008606652863899458,1,0.007339000701904297
2.102020045000245,1788364205.5473807,control,preflight_voltage_failed,1,1,0.00013506099639926106,3.7953078746795654,3795.0,0,20.0,0.005004503997042775,nan,10,0,1,1.0,0.0525083988904953,0.06543136388063431,0.04421689733862877,0.00034143970697186887,-4.478338087210432e-05,-0.0007569149602204561,-0.013180162757635117,0.024703845381736755,-0.03527267649769783,0.00712178461253643,-0.009348990395665169,0.024539019912481308,-0.01758583669405159,0.005368194740334442,-0.1951646485691678,0.0525083988904953,0.06543136388063431,0.04421689733862877,-0.1951646485691678,0.0,0.0,0.0,0.0,0.0,0.0,-0.0005105394046984909,0.0003532192482048886,-0.0003997546221085663,0.0,0.0,0.0,-0.01758583669405159,0.005368194740334442,-0.1951646485691678,0.0,0.0,0.0,0.0,0.0,0.0,zero,0.0,0.0,0.0,0.0,-0.0005105394046984909,0.0003532192482048886,-0.0003997546221085663,0.03411059200792621,-0.004960512228498591,-0.0025835584120348165,1,0.0006325244903564453
2.113190474003204,1788364205.558545,control,preflight_voltage_failed,1,1,0.0007536819975939579,3.7953078746795654,3795.0,0,20.0,0.003762266998819541,nan,10,0,1,1.0,0.052464041858911514,0.06541266292333603,0.04419778287410736,-0.000570379663258791,-0.00039146014023572206,-0.0009690290316939354,-0.027884071692824364,0.013170373626053333,-0.032251883298158646,0.015707306563854218,-0.002193625085055828,0.01914069801568985,-0.017059636689735706,0.005645647483883735,-0.19519525746249822,0.052464041858911514,0.06541266292333603,0.04419778287410736,-0.19519525746249822,0.0,0.0,0.0,0.0,0.0,0.0,-0.0003486365043773355,0.0002554771705770239,-0.00044802233300895246,0.0,0.0,0.0,-0.017059636689735706,0.005645647483883735,-0.19519525746249822,0.0,0.0,0.0,0.0,0.0,0.0,zero,0.0,0.0,0.0,0.0,-0.0003486365043773355,0.0002554771705770239,-0.00044802233300895246,0.015397364860182379,-0.009295512485836868,-0.004590378271326966,1,0.0012819766998291016
2.124233323003864,1788364205.570011,control,preflight_voltage_failed,1,1,0.01179653099825373,3.7953078746795654,3795.0,0,20.0,0.002404696002486162,nan,10,0,1,1.0,0.052464041858911514,0.06541266292333603,0.04419778287410736,-0.000570379663258791,-0.00039146014023572206,-0.0009690290316939354,-0.027884071692824364,0.013170373626053333,-0.032251883298158646,0.015707306563854218,-0.002193625085055828,0.01914069801568985,-0.017059636689735706,0.005645647483883735,-0.19519525746249822,0.052464041858911514,0.06541266292333603,0.04419778287410736,-0.19519525746249822,0.0,0.0,0.0,0.0,0.0,0.0,-0.0003486365043773355,0.0002554771705770239,-0.00044802233300895246,0.0,0.0,0.0,-0.017059636689735706,0.005645647483883735,-0.19519525746249822,0.0,0.0,0.0,0.0,0.0,0.0,zero,0.0,0.0,0.0,0.0,-0.0003486365043773355,0.0002554771705770239,-0.00044802233300895246,0.015397364860182379,-0.009295512485836868,-0.004590378271326966,1,0.012747764587402344
2.1353196460040635,1788364205.5806875,control,preflight_voltage_failed,1,1,0.006914931000210345,3.7953078746795654,3795.0,0,20.0,0.0011288450041320175,nan,10,0,1,1.0,0.052490126341581345,0.06543619930744171,0.04423817992210388,-0.00012899015564471483,-1.782862818799913e-05,-0.0002683125785551965,-0.01676861010491848,0.015224706381559372,-0.017008770257234573,0.0012046238407492638,-3.345939330756664e-05,0.011568225920200348,-0.017966758329579117,0.005777587268865983,-0.19549601282635284,0.052490126341581345,0.06543619930744171,0.04423817992210388,-0.19549601282635284,0.0,0.0,0.0,0.0,0.0,0.0,-0.0002504038274235683,6.774366453685143e-05,-0.0005608941725108644,0.0,0.0,0.0,-0.017966758329579117,0.005777587268865983,-0.19549601282635284,0.0,0.0,0.0,0.0,0.0,0.0,zero,0.0,0.0,0.0,0.0,-0.0002504038274235683,6.774366453685143e-05,-0.0005608941725108644,0.006163039951503951,-0.011778250719015147,-0.007081489355903655,1,0.007485389709472656
2.1464302740059793,1788364205.5917675,control,preflight_voltage_failed,1,1,0.004622683001798578,3.7953078746795654,3795.0,0,20.0,0.012239473006047774,nan,10,0,1,1.0,0.05254729464650154,0.06540978699922562,0.04420885443687439,0.002478477545082569,-0.0014360874192789197,-0.0009962394833564758,0.10036792606115341,-0.05630671977996826,-0.0329974964261055,0.006306195165961981,-0.019580453634262085,0.026155561208724976,-0.017793806704738267,0.005454263896623223,-0.19526051070364533,0.05254729464650154,0.06540978699922562,0.04420885443687439,-0.19526051070364533,0.0,0.0,0.0,0.0,0.0,0.0,-0.0001338747482646989,-0.00014582910774418997,-0.0006704522073489234,0.0,0.0,0.0,-0.017793806704738267,0.005454263896623223,-0.19526051070364533,0.0,0.0,0.0,0.0,0.0,0.0,zero,0.0,0.0,0.0,0.0,-0.0001338747482646989,-0.00014582910774418997,-0.0006704522073489234,0.012940400783855246,-0.019063734308973238,-0.009454437943284507,1,0.005159139633178711
2.1575158720006584,1788364205.602904,control,preflight_voltage_failed,1,1,0.004627408001397271,3.7953078746795654,3795.0,0,20.0,0.010802043994772248,nan,10,0,1,1.0,0.05251218378543854,0.06550374627113342,0.044186778366565704,0.0013455036096274853,0.0005565343890339136,-0.001197682460770011,0.05973033607006073,-0.00887836143374443,-0.030054280534386635,0.004946507513523102,-0.009821162559092045,0.019409045577049255,-0.017799731798820127,0.005774658205355545,-0.1953497221189067,0.05251218378543854,0.06550374627113342,0.044186778366565704,-0.1953497221189067,0.0,0.0,0.0,0.0,0.0,0.0,0.00017901231982143804,-0.00025242984566595407,-0.0007424160407118136,0.0,0.0,0.0,-0.017799731798820127,0.005774658205355545,-0.1953497221189067,0.0,0.0,0.0,0.0,0.0,0.0,zero,0.0,0.0,0.0,0.0,0.00017901231982143804,-0.00025242984566595407,-0.0007424160407118136,0.028394640209917273,-0.009674064249171468,-0.0065307497972500695,1,0.00527644157409668
2.168654831999447,1788364205.6140313,control,preflight_voltage_failed,1,1,0.0008723569990252145,3.7953078746795654,3795.0,0,20.0,0.009833897995122243,nan,10,0,1,1.0,0.05245270952582359,0.06548711657524109,0.044202402234077454,0.00028163526440039277,0.00022300118871498853,-0.0007493607699871063,0.033567558974027634,-0.01155976764857769,-0.018052401021122932,-0.0041181123815476894,-0.014384492300450802,0.016658280044794083,-0.018403508926779496,0.005287797885028056,-0.19525625995671955,0.05245270952582359,0.06548711657524109,0.044202402234077454,-0.19525625995671955,0.0,0.0,0.0,0.0,0.0,0.0,0.0006482030239028652,-0.00022832970272163692,-0.0008563257525625055,0.0,0.0,0.0,-0.018403508926779496,0.005287797885028056,-0.19525625995671955,0.0,0.0,0.0,0.0,0.0,0.0,zero,0.0,0.0,0.0,0.0,0.0006482030239028652,-0.00022832970272163692,-0.0008563257525625055,0.03135291549526895,0.0016104533584832988,-0.007611833607695199,1,0.0014388561248779297
2.1797708760059322,1788364205.625139,control,preflight_voltage_failed,1,1,0.006176334005431272,3.7953078746795654,3795.0,0,20.0,0.008752970999921672,nan,10,0,1,1.0,0.05248475819826126,0.06544744968414307,0.044206295162439346,0.0013032580027356744,-0.0011557857505977154,-0.00046855086111463606,0.061216093599796295,-0.055622994899749756,-0.004996944218873978,0.021572155877947807,-0.026158683001995087,0.003275115042924881,-0.017665668859262563,0.004846885826950828,-0.1955472011557737,0.05248475819826126,0.06544744968414307,0.044206295162439346,-0.1955472011557737,0.0,0.0,0.0,0.0,0.0,0.0,0.0009812556492092665,-0.0002007552034574342,-0.0009312813587293195,0.0,0.0,0.0,-0.017665668859262563,0.004846885826950828,-0.1955472011557737,0.0,0.0,0.0,0.0,0.0,0.0,zero,0.0,0.0,0.0,0.0,0.0009812556492092665,-0.0002007552034574342,-0.0009312813587293195,0.05601363160243555,0.004637548921842999,-0.012606223135165516,1,0.006600618362426758
2.1908808260050137,1788364205.6362355,control,preflight_voltage_failed,1,1,0.00920432100247126,3.7953078746795654,3795.0,0,20.0,0.007823241001460701,nan,10,0,1,1.0,0.052484311163425446,0.06541218608617783,0.04424936696887016,0.0010315405670553446,-0.0017975394148379564,0.0006913535762578249,0.04224681481719017,-0.06038428843021393,0.024714574217796326,0.026805199682712555,-0.012173079885542393,-0.007084284443408251,-0.017281972367099146,0.005193618540445976,-0.19594535949317107,0.052484311163425446,0.06541218608617783,0.04424936696887016,-0.19594535949317107,0.0,0.0,0.0,0.0,0.0,0.0,0.0011826528488463714,-0.000261369372114412,-0.0009081898701404195,0.0,0.0,0.0,-0.017281972367099146,0.005193618540445976,-0.19594535949317107,0.0,0.0,0.0,0.0,0.0,0.0,zero,0.0,0.0,0.0,0.0,0.0011826528488463714,-0.000261369372114412,-0.0009081898701404195,0.02492611407910259,-0.00750196966728545,0.0028579398316379324,1,0.009617328643798828
2.2019845390022965,1788364205.6473203,control,preflight_voltage_failed,1,1,0.00012895600229967386,3.7953078746795654,3795.0,0,20.0,0.00671617600164609,nan,10,0,1,1.0,0.05248164385557175,0.06545431911945343,0.044226132333278656,0.0005621228483505547,-0.00040951636037789285,1.1597498087212443e-05,0.017599398270249367,-0.014340593479573727,0.0034392657689750195,0.010011427104473114,-0.0020657796412706375,0.0018993515986949205,-0.017817550162864567,0.005697925696967362,-0.1955554441582093,0.05248164385557175,0.06545431911945343,0.044226132333278656,-0.1955554441582093,0.0,0.0,0.0,0.0,0.0,0.0,0.001267769986030269,-0.0006759435492820067,-0.0004408417053107721,0.0,0.0,0.0,-0.017817550162864567,0.005697925696967362,-0.1955554441582093,0.0,0.0,0.0,0.0,0.0,0.0,zero,0.0,0.0,0.0,0.0,0.001267769986030269,-0.0006759435492820067,-0.0004408417053107721,-0.00039454865128799797,-0.020482869255220304,0.02703032695668732,1,0.0006070137023925781
2.213060558999132,1788364205.6584144,control,preflight_voltage_failed,1,1,0.011204975999135058,3.7953078746795654,3795.0,0,20.0,0.005666749995725695,nan,10,0,1,1.0,0.05248164385557175,0.06545431911945343,0.044226132333278656,0.0005621228483505547,-0.00040951636037789285,1.1597498087212443e-05,0.017599398270249367,-0.014340593479573727,0.0034392657689750195,0.010011427104473114,-0.0020657796412706375,0.0018993515986949205,-0.017817550162864567,0.005697925696967362,-0.1955554441582093,0.05248164385557175,0.06545431911945343,0.044226132333278656,-0.1955554441582093,0.0,0.0,0.0,0.0,0.0,0.0,0.001267769986030269,-0.0006759435492820067,-0.0004408417053107721,0.0,0.0,0.0,-0.017817550162864567,0.005697925696967362,-0.1955554441582093,0.0,0.0,0.0,0.0,0.0,0.0,zero,0.0,0.0,0.0,0.0,0.001267769986030269,-0.0006759435492820067,-0.0004408417053107721,-0.00039454865128799797,-0.020482869255220304,0.02703032695668732,1,0.011701107025146484
2.2242065360042034,1788364205.6695535,control,preflight_voltage_failed,1,1,0.0024865650048013777,3.7953078746795654,3795.0,0,20.0,0.004628025999409147,nan,10,0,1,1.0,0.052500370889902115,0.06547190994024277,0.044219568371772766,0.00035710938391275704,-0.0002846406714525074,-0.0004222829011268914,-0.0012200288474559784,-0.01509841438382864,-0.014155097305774689,0.016097409650683403,0.00513390963897109,0.00024222861975431442,-0.01765164993475137,0.005646368081392577,-0.19540903422475303,0.052500370889902115,0.06547190994024277,0.044219568371772766,-0.19540903422475303,0.0,0.0,0.0,0.0,0.0,0.0,0.0010288224958968318,-0.0006713921007710417,-4.552271619403408e-06,0.0,0.0,0.0,-0.01765164993475137,0.005646368081392577,-0.19540903422475303,0.0,0.0,0.0,0.0,0.0,0.0,zero,0.0,0.0,0.0,0.0,0.0010288224958968318,-0.0006713921007710417,-4.552271619403408e-06,-0.016966236825338966,0.004115158505244548,0.026867770775243764,1,0.002791881561279297
2.235331453004619,1788364205.6810992,control,preflight_voltage_failed,1,1,0.003554950002580881,3.7953078746795654,3795.0,0,20.0,0.003481603998807259,nan,10,0,1,1.0,0.0524844154715538,0.06544902175664902,0.04418941214680672,-3.412360092625022e-05,-0.0006864842725917697,-0.0009422790026292205,-0.008817913942039013,-0.020133301615715027,-0.021746903657913208,0.019875988364219666,0.01608647219836712,-0.012334926053881645,-0.01730628877926538,0.0062330032811516705,-0.19604445792022285,0.0524844154715538,0.06544902175664902,0.04418941214680672,-0.19604445792022285,0.0,0.0,0.0,0.0,0.0,0.0,0.0008758216138721257,-0.0005993822368081476,3.616517240418425e-05,0.0,0.0,0.0,-0.01730628877926538,0.0062330032811516705,-0.19604445792022285,0.0,0.0,0.0,0.0,0.0,0.0,zero,0.0,0.0,0.0,0.0,0.0008758216138721257,-0.0005993822368081476,3.616517240418425e-05,-0.01533373662468646,0.007216823025949741,0.00408069910725932,1,0.00435948371887207
2.2463986150032724,1788364205.6917522,control,preflight_voltage_failed,1,1,0.0044131280010333285,3.7953078746795654,3795.0,0,20.0,0.0023564080038340762,nan,10,0,1,1.0,0.05248340964317322,0.06541837006807327,0.04418959096074104,-4.718530908576213e-05,-0.0011552078649401665,-0.0007502878434024751,-0.007312576752156019,-0.02537386491894722,-0.013601629063487053,0.007420961745083332,0.014859532937407494,-0.002637237310409546,-0.017732901548089774,0.006340064020561929,-0.1956805465627233,0.05248340964317322,0.06541837006807327,0.04418959096074104,-0.1956805465627233,0.0,0.0,0.0,0.0,0.0,0.0,0.0006724912614423833,-0.0005764749465504786,-6.161315780262052e-05,0.0,0.0,0.0,-0.017732901548089774,0.006340064020561929,-0.1956805465627233,0.0,0.0,0.0,0.0,0.0,0.0,zero,0.0,0.0,0.0,0.0,0.0006724912614423833,-0.0005764749465504786,-6.161315780262052e-05,-0.020099677363126997,0.002264438820572757,-0.009665614930467172,1,0.004896402359008789
2.2575389520061435,1788364205.702882,control,preflight_voltage_failed,1,1,0.0021303490066202357,3.7953078746795654,3795.0,0,20.0,0.0017121290002251044,nan,10,0,1,1.0,0.052479155361652374,0.0654611736536026,0.04419298097491264,-0.00010078139894176275,-0.0002899710671044886,-0.000550002499949187,-0.006644162815064192,-0.007479392923414707,-0.007913795299828053,0.008990648202598095,-0.007335478439927101,0.001313871005550027,-0.01752534018688796,0.0050469195404985075,-0.19542664438988225,0.052479155361652374,0.0654611736536026,0.04419298097491264,-0.19542664438988225,0.0,0.0,0.0,0.0,0.0,0.0,0.0004054622594225385,-0.000626691973185064,-0.00027233054392291077,0.0,0.0,0.0,-0.01752534018688796,0.0050469195404985075,-0.19542664438988225,0.0,0.0,0.0,0.0,0.0,0.0,zero,0.0,0.0,0.0,0.0,0.0004054622594225385,-0.000626691973185064,-0.00027233054392291077,-0.019782757419197085,-0.003720312208452669,-0.015610929532347927,1,0.0025281906127929688
2.2686265960001037,1788364205.7139914,control,preflight_voltage_failed,1,1,0.006813722997321747,3.7953078746795654,3795.0,0,20.0,0.000634225994872395,nan,10,0,1,1.0,0.05250135809183121,0.06545206904411316,0.04423317685723305,0.0006127954693511128,-0.0005163258174434304,0.0008153685485012829,0.016970617696642876,-0.013052871450781822,0.036311302334070206,0.014701531268656254,-0.012058164924383163,0.015090771950781345,-0.017282667489759197,0.004856581429089299,-0.19497371493335944,0.05250135809183121,0.06545206904411316,0.04423317685723305,-0.19497371493335944,0.0,0.0,0.0,0.0,0.0,0.0,0.00020544389554469014,-0.0006562091417781218,-0.0004129307113237487,0.0,0.0,0.0,-0.017282667489759197,0.004856581429089299,-0.19497371493335944,0.0,0.0,0.0,0.0,0.0,0.0,zero,0.0,0.0,0.0,0.0,0.00020544389554469014,-0.0006562091417781218,-0.0004129307113237487,-0.031234886767426744,-0.004609403860848766,-0.021956135542276486,1,0.007233858108520508
2.2797657690025517,1788364205.7251258,control,preflight_voltage_failed,1,1,0.002712253997742664,3.7953078746795654,3795.0,0,20.0,0.011773398997320328,nan,10,0,1,1.0,0.05249418318271637,0.06545571237802505,0.044218022376298904,0.0003960987669415772,-0.00036525868927128613,0.00045346212573349476,0.010733349248766899,-0.008460236713290215,0.02430068887770176,0.006253269966691732,0.004842487163841724,0.000723707489669323,-0.017707244811921853,0.0059455931824827024,-0.1958578989768815,0.05249418318271637,0.06545571237802505,0.044218022376298904,-0.1958578989768815,0.0,0.0,0.0,0.0,0.0,0.0,0.00018010271178958194,-0.0005972550790066881,-0.0002281412644824672,0.0,0.0,0.0,-0.017707244811921853,0.0059455931824827024,-0.1958578989768815,0.0,0.0,0.0,0.0,0.0,0.0,zero,0.0,0.0,0.0,0.0,0.00018010271178958194,-0.0005972550790066881,-0.0002281412644824672,-0.0016624222408155869,0.0038674809387274083,0.012122483671862087,1,0.003124713897705078
2.290841102003469,1788364205.7361927,control,preflight_voltage_failed,1,1,0.003592214998207055,3.7953078746795654,3795.0,0,20.0,0.010592967002594378,nan,10,0,1,1.0,0.052490752190351486,0.06540931761264801,0.0442548505961895,0.0002494205837137997,-0.001204397063702345,0.0010868674144148827,0.005702767986804247,-0.023266900330781937,0.031894244253635406,0.003630705177783966,-0.005241796374320984,-0.0040659233927726746,-0.01777832427046189,0.005477838481021656,-0.19608587608563516,0.052490752190351486,0.06540931761264801,0.0442548505961895,-0.19608587608563516,0.0,0.0,0.0,0.0,0.0,0.0,0.00020183028420845583,-0.0005682654705682804,1.0322557342764795e-05,0.0,0.0,0.0,-0.01777832427046189,0.005477838481021656,-0.19608587608563516,0.0,0.0,0.0,0.0,0.0,0.0,zero,0.0,0.0,0.0,0.0,0.00020183028420845583,-0.0005682654705682804,1.0322557342764795e-05,0.0021359907162023305,0.002849905792374247,0.023442863277554384,1,0.004019498825073242
2.3019513160033966,1788364205.7472916,control,preflight_voltage_failed,1,1,0.0002022339976974763,3.7953078746795654,3795.0,0,20.0,0.009780485001101624,nan,10,0,1,1.0,0.0524912066757679,0.06548215448856354,0.04422159492969513,0.0002335289609618485,0.0011465988354757428,-0.0004866075178142637,0.005459391977638006,0.057469580322504044,-0.03823285549879074,4.440918564796448e-05,-0.012293102219700813,0.021443117409944534,-0.01821453592694183,0.004543858899532428,-0.19548202752759525,0.0524912066757679,0.06548215448856354,0.04422159492969513,-0.19548202752759525,0.0,0.0,0.0,0.0,0.0,0.0,0.0002460088302618695,-0.0004294202684085696,0.00026226452197963465,0.0,0.0,0.0,-0.01821453592694183,0.004543858899532428,-0.19548202752759525,0.0,0.0,0.0,0.0,0.0,0.0,zero,0.0,0.0,0.0,0.0,0.0002460088302618695,-0.0004294202684085696,0.00026226452197963465,0.0023453633385462623,0.011603664794283184,0.0053036803822066984,1,0.0005583763122558594
2.3130719420005335,1788364205.758434,control,preflight_voltage_failed,1,1,0.011322859994834289,3.7953078746795654,3795.0,0,20.0,0.008687598994583823,nan,10,0,1,1.0,0.0524912066757679,0.06548215448856354,0.04422159492969513,0.0002335289609618485,0.0011465988354757428,-0.0004866075178142637,0.005459391977638006,0.057469580322504044,-0.03823285549879074,4.440918564796448e-05,-0.012293102219700813,0.021443117409944534,-0.01821453592694183,0.004543858899532428,-0.19548202752759525,0.0524912066757679,0.06548215448856354,0.04422159492969513,-0.19548202752759525,0.0,0.0,0.0,0.0,0.0,0.0,0.0002460088302618695,-0.0004294202684085696,0.00026226452197963465,0.0,0.0,0.0,-0.01821453592694183,0.004543858899532428,-0.19548202752759525,0.0,0.0,0.0,0.0,0.0,0.0,zero,0.0,0.0,0.0,0.0,0.0002460088302618695,-0.0004294202684085696,0.00026226452197963465,0.0023453633385462623,0.011603664794283184,0.0053036803822066984,1,0.011700868606567383
2.3242150760052027,1788364205.7695587,control,preflight_voltage_failed,1,1,0.00026212100056000054,3.7953078746795654,3795.0,0,20.0,0.008129173002089374,nan,10,0,1,1.0,0.052502766251564026,0.06548670679330826,0.0441814586520195,0.00022806286870036274,0.0013117593480274081,-0.001583370380103588,3.6973971873521805e-05,0.05608324706554413,-0.06987868994474411,-0.03168558329343796,-0.018010029569268227,-0.011717507615685463,-0.018467285876290627,0.004674080478961294,-0.19564811597845816,0.052502766251564026,0.06548670679330826,0.0441814586520195,-0.19564811597845816,0.0,0.0,0.0,0.0,0.0,0.0,0.0002914034632649857,0.0005249622406662235,-0.00025079879384784135,0.0,0.0,0.0,-0.018467285876290627,0.004674080478961294,-0.19564811597845816,0.0,0.0,0.0,0.0,0.0,0.0,zero,0.0,0.0,0.0,0.0,0.0002914034632649857,0.0005249622406662235,-0.00025079879384784135,0.004235329416820955,0.09239501539944123,-0.050939779715524824,1,0.0007038116455078125
2.335570800001733,1788364205.7813203,control,preflight_voltage_failed,1,1,0.0001205020016641356,3.7953078746795654,3795.0,0,20.0,0.01948489699861966,nan,10,0,1,1.0,0.052516404539346695,0.06541042774915695,0.04423060268163681,0.0004221382550895214,-0.0002911690389737487,-0.00040300784166902304,0.003440384054556489,0.016695711761713028,-0.03515850752592087,-0.01338600181043148,8.099526166915894e-05,-0.014953937381505966,-0.017788309346159083,0.005492617695031114,-0.1959805077650554,0.052516404539346695,0.06541042774915695,0.04423060268163681,-0.1959805077650554,0.0,0.0,0.0,0.0,0.0,0.0,0.00030294423775753423,0.0007827811941746167,-0.0005095984106630774,0.0,0.0,0.0,-0.017788309346159083,0.005492617695031114,-0.1959805077650554,0.0,0.0,0.0,0.0,0.0,0.0,zero,0.0,0.0,0.0,0.0,0.00030294423775753423,0.0007827811941746167,-0.0005095984106630774,0.001014174120915885,0.022656478618367608,-0.022742656833510275,1,0.0010859966278076172
2.3464084639999783,1788364205.7917929,control,preflight_voltage_failed,1,1,0.004500464994634967,3.7953078746795654,3795.0,0,20.0,0.006146592000732198,nan,10,0,1,1.0,0.05250231549143791,0.06545109301805496,0.0442420095205307,-9.252922609448433e-05,0.0010088675189763308,2.5926448870450258e-05,-0.012964187189936638,0.0530560240149498,-0.015028362162411213,-0.014937426894903183,0.02035696618258953,0.0005081156268715858,-0.01792447423671238,0.006164310380807391,-0.19558403432229457,0.05250231549143791,0.06545109301805496,0.0442420095205307,-0.19558403432229457,0.0,0.0,0.0,0.0,0.0,0.0,0.0003066464975095386,0.0009304719178094842,-0.0006874024191375075,0.0,0.0,0.0,-0.01792447423671238,0.006164310380807391,-0.19558403432229457,0.0,0.0,0.0,0.0,0.0,0.0,zero,0.0,0.0,0.0,0.0,0.0003066464975095386,0.0009304719178094842,-0.0006874024191375075,0.0005653887816082627,0.022554516399221534,-0.027153251919182084,1,0.005010366439819336
2.3576410630048485,1788364205.8030226,control,preflight_voltage_failed,1,1,0.005741159999161027,3.7953078746795654,3795.0,0,20.0,0.0051872320036636665,nan,10,0,1,1.0,0.05244291573762894,0.06542882323265076,0.04419920593500137,-0.001265898928977549,0.0003602435172069818,-0.000838126870803535,-0.03391540050506592,0.02942996844649315,-0.029360204935073853,-0.013876638375222683,0.003221532329916954,-0.0014176861150190234,-0.018020959137985022,0.0055117057142327446,-0.19566323609457706,0.05244291573762894,0.06542882323265076,0.04419920593500137,-0.19566323609457706,0.0,0.0,0.0,0.0,0.0,0.0,0.00022661635536093926,0.0009505066474245893,-0.0007263648157186921,0.0,0.0,0.0,-0.018020959137985022,0.0055117057142327446,-0.19566323609457706,0.0,0.0,0.0,0.0,0.0,0.0,zero,0.0,0.0,0.0,0.0,0.00022661635536093926,0.0009505066474245893,-0.0007263648157186921,-0.008029056027326497,0.0020099922635815415,-0.0039089180240162846,1,0.006272554397583008
2.3686740930061205,1788364205.8140383,control,preflight_voltage_failed,1,1,0.0016378120053559542,3.7953078746795654,3795.0,0,20.0,0.004267807002179325,nan,10,0,1,1.0,0.05249245464801788,0.06546568125486374,0.044251274317502975,-0.0003577796742320061,0.0007754839607514441,1.7879356164485216e-05,-0.015126341953873634,0.02903374657034874,-0.012171155773103237,-0.0082016596570611,0.0011333473958075047,-0.006325989495962858,-0.01780376465228606,0.005395476031197258,-0.1960539171204329,0.05249245464801788,0.06546568125486374,0.044251274317502975,-0.1960539171204329,0.0,0.0,0.0,0.0,0.0,0.0,-9.347595490052479e-05,0.0008620575834636503,-0.0006471350341378566,0.0,0.0,0.0,-0.01780376465228606,0.005395476031197258,-0.1960539171204329,0.0,0.0,0.0,0.0,0.0,0.0,zero,0.0,0.0,0.0,0.0,-9.347595490052479e-05,0.0008620575834636503,-0.0006471350341378566,-0.021159074834106627,-0.005846752025462517,0.005237329432217377,1,0.002160310745239258
2.3797341610043077,1788364205.8250916,control,preflight_voltage_failed,1,1,0.012697880003543105,3.7953078746795654,3795.0,0,20.0,0.003008899999258574,nan,10,0,1,1.0,0.05249245464801788,0.06546568125486374,0.044251274317502975,-0.0003577796742320061,0.0007754839607514441,1.7879356164485216e-05,-0.015126341953873634,0.02903374657034874,-0.012171155773103237,-0.0082016596570611,0.0011333473958075047,-0.006325989495962858,-0.01780376465228606,0.005395476031197258,-0.1960539171204329,0.05249245464801788,0.06546568125486374,0.044251274317502975,-0.1960539171204329,0.0,0.0,0.0,0.0,0.0,0.0,-9.347595490052479e-05,0.0008620575834636503,-0.0006471350341378566,0.0,0.0,0.0,-0.01780376465228606,0.005395476031197258,-0.1960539171204329,0.0,0.0,0.0,0.0,0.0,0.0,zero,0.0,0.0,0.0,0.0,-9.347595490052479e-05,0.0008620575834636503,-0.0006471350341378566,-0.021159074834106627,-0.005846752025462517,0.005237329432217377,1,0.013213634490966797
2.3908456480057794,1788364205.836192,control,preflight_voltage_failed,1,1,0.006958715006476268,3.7953078746795654,3795.0,0,20.0,0.0018983560003107414,nan,10,0,1,1.0,0.052495650947093964,0.06544844806194305,0.044245582073926926,0.004993145819753408,0.001437552971765399,-0.009415222331881523,1.3862100839614868,0.29052990674972534,-2.501054525375366,-0.1340760588645935,-0.16048899292945862,0.10924150794744492,-0.018484079541093018,0.005142966003556327,-0.1954666213414199,0.052495650947093964,0.06544844806194305,0.044245582073926926,-0.1954666213414199,0.0,0.0,0.0,0.0,0.0,0.0,-0.0006637944241638186,0.0006072161993251474,-0.00023694614108336356,0.0,0.0,0.0,-0.018484079541093018,0.005142966003556327,-0.1954666213414199,0.0,0.0,0.0,0.0,0.0,0.0,zero,0.0,0.0,0.0,0.0,-0.0006637944241638186,0.0006072161993251474,-0.00023694614108336356,-0.352149530237551,-0.1577963298931749,0.252685026169127,1,0.007418155670166016
2.4019858890023897,1788364205.8473518,control,preflight_voltage_failed,1,1,0.009955597997759469,3.7953078746795654,3795.0,0,20.0,0.0010429480025777593,nan,10,0,1,1.0,0.05245358496904373,0.06545897573232651,0.044226933270692825,0.0029669178184121847,0.0014072151388972998,-0.0079877357929945,1.0594708919525146,0.23168283700942993,-1.9659727811813354,-0.11740542948246002,-0.1271139532327652,0.08914373070001602,-0.018898992834509586,0.0051965820722999325,-0.19539593363390528,0.05245358496904373,0.06545897573232651,0.044226933270692825,-0.19539593363390528,0.0,0.0,0.0,0.0,0.0,0.0,-0.00044294443770573366,0.0005890635465793409,-0.0007706539103453783,0.0,0.0,0.0,-0.018898992834509586,0.0051965820722999325,-0.19539593363390528,0.0,0.0,0.0,0.0,0.0,0.0,zero,0.0,0.0,0.0,0.0,-0.00044294443770573366,0.0005890635465793409,-0.0007706539103453783,0.026974722818901915,-0.002217173675665313,-0.06518732182430827,1,0.010390758514404297
2.4130651830055285,1788364205.8584144,control,preflight_voltage_failed,1,1,0.010488190004252829,3.7953078746795654,3795.0,0,20.0,0.012122242005716544,nan,10,0,1,1.0,0.052505068480968475,0.06541463732719421,0.044226303696632385,0.0033464543521404266,0.000287878152448684,-0.006402086466550827,0.8547490835189819,0.16419337689876556,-1.5428130626678467,-0.08812917023897171,-0.1008453443646431,0.06405679881572723,-0.018594339600952713,0.0052341322033802,-0.19578079129654152,0.052505068480968475,0.06541463732719421,0.044226303696632385,-0.19578079129654152,0.0,0.0,0.0,0.0,0.0,0.0,0.00031936433726797645,0.0006678266452410709,-0.002206459665097561,0.0,0.0,0.0,-0.018594339600952713,0.0052341322033802,-0.19578079129654152,0.0,0.0,0.0,0.0,0.0,0.0,zero,0.0,0.0,0.0,0.0,0.00031936433726797645,0.0006678266452410709,-0.002206459665097561,0.0720319623345799,0.007442470482321543,-0.13567193431513241,1,0.01087045669555664
2.4241736120020505,1788364205.8695083,control,preflight_voltage_failed,1,1,0.010640761996910442,3.7953078746795654,3795.0,0,20.0,0.010444503001053818,nan,10,0,1,1.0,0.05250883847475052,0.06548421829938889,0.04422720894217491,0.002746991580352187,0.0015190838603302836,-0.005104902200400829,0.6726959943771362,0.15415914356708527,-1.210223913192749,-0.042361944913864136,-0.07943903654813766,0.0575045645236969,-0.017073220114744065,0.0053069461911902345,-0.19544409665915796,0.05250883847475052,0.06548421829938889,0.04422720894217491,-0.19544409665915796,0.0,0.0,0.0,0.0,0.0,0.0,0.001174530681557353,0.0007428384215312202,-0.003654454426862656,0.0,0.0,0.0,-0.017073220114744065,0.0053069461911902345,-0.19544409665915796,0.0,0.0,0.0,0.0,0.0,0.0,zero,0.0,0.0,0.0,0.0,0.001174530681557353,0.0007428384215312202,-0.003654454426862656,0.07919690038680303,0.006946835799092036,-0.13409870216936157,1,0.01116633415222168
2.435305689003144,1788364205.8806696,control,preflight_voltage_failed,1,1,0.0018350180034758523,3.7953078746795654,3795.0,0,20.0,0.009864822000963613,nan,10,0,1,1.0,0.05248025432229042,0.06544999033212662,0.044243842363357544,0.00038946233689785004,0.0017165524186566472,-0.0021387352608144283,0.3479679226875305,0.14426293969154358,-0.6781212091445923,-0.014766514301300049,-0.07783742249011993,0.04595981165766716,-0.017169786620310303,0.005345818620594631,-0.19547238331021538,0.05248025432229042,0.06544999033212662,0.044243842363357544,-0.19547238331021538,0.0,0.0,0.0,0.0,0.0,0.0,0.0025905477021651406,0.0008834594966674859,-0.005425006550192096,0.0,0.0,0.0,-0.017169786620310303,0.005345818620594631,-0.19547238331021538,0.0,0.0,0.0,0.0,0.0,0.0,zero,0.0,0.0,0.0,0.0,0.0025905477021651406,0.0008834594966674859,-0.005425006550192096,0.12315300419428545,0.012890456651334628,-0.15089315178336865,1,0.0022161006927490234
2.446426127004088,1788364205.8922832,control,preflight_voltage_failed,1,1,0.002427990002615843,3.7953078746795654,3795.0,0,20.0,0.008813821004878264,nan,10,0,1,1.0,0.052460458129644394,0.06544608622789383,0.044202495366334915,-6.557695451192558e-05,0.0012988629750907421,-0.0024987098295241594,0.2697051763534546,0.10745275020599365,-0.5493550300598145,-0.02317694202065468,-0.07114570587873459,0.03914116695523262,-0.01776558181688532,0.004882182084709665,-0.19533969624718409,0.052460458129644394,0.06544608622789383,0.044202495366334915,-0.19533969624718409,0.0,0.0,0.0,0.0,0.0,0.0,0.0026097703056191463,0.000975497958921717,-0.005383994021829759,0.0,0.0,0.0,-0.01776558181688532,0.004882182084709665,-0.19533969624718409,0.0,0.0,0.0,0.0,0.0,0.0,zero,0.0,0.0,0.0,0.0,0.0026097703056191463,0.000975497958921717,-0.005383994021829759,0.0018310647383164478,0.008767198637054201,0.003906681771444975,1,0.0033316612243652344
2.4576145710016135,1788364205.9029994,control,preflight_voltage_failed,1,1,0.013616434000141453,3.7953078746795654,3795.0,0,20.0,0.007714599996688776,nan,10,0,1,1.0,0.052460458129644394,0.06544608622789383,0.044202495366334915,-6.557695451192558e-05,0.0012988629750907421,-0.0024987098295241594,0.2697051763534546,0.10745275020599365,-0.5493550300598145,-0.02317694202065468,-0.07114570587873459,0.03914116695523262,-0.01776558181688532,0.004882182084709665,-0.19533969624718409,0.052460458129644394,0.06544608622789383,0.044202495366334915,-0.19533969624718409,0.0,0.0,0.0,0.0,0.0,0.0,0.0026097703056191463,0.000975497958921717,-0.005383994021829759,0.0,0.0,0.0,-0.01776558181688532,0.004882182084709665,-0.19533969624718409,0.0,0.0,0.0,0.0,0.0,0.0,zero,0.0,0.0,0.0,0.0,0.0026097703056191463,0.000975497958921717,-0.005383994021829759,0.0018310647383164478,0.008767198637054201,0.003906681771444975,1,0.014047861099243164
2.4686609160053195,1788364205.9140356,control,preflight_voltage_failed,1,1,0.0060391700026229955,3.7953078746795654,3795.0,0,20.0,0.006274728002608754,nan,10,0,1,1.0,0.05250610038638115,0.06541411578655243,0.04423527047038078,0.0018338735681027174,-0.0010918269399553537,0.001326854107901454,0.2780822217464447,-0.06644218415021896,-0.12651327252388,-0.0008102748543024063,0.04268011823296547,-0.02396886982023716,-0.018066309032422297,0.006583158834587638,-0.1960755668296763,0.05250610038638115,0.06541411578655243,0.04423527047038078,-0.1960755668296763,0.0,0.0,0.0,0.0,0.0,0.0,0.0012273124565536767,0.0012272875254604842,-0.0036263535528048597,0.0,0.0,0.0,-0.018066309032422297,0.006583158834587638,-0.1960755668296763,0.0,0.0,0.0,0.0,0.0,0.0,zero,0.0,0.0,0.0,0.0,0.0012273124565536767,0.0012272875254604842,-0.0036263535528048597,-0.19928719425790792,0.0338339676150363,0.2575715920200929,1,0.006611347198486328
2.4798226400016574,1788364205.9251623,control,preflight_voltage_failed,1,1,0.005609282001387328,3.7953078746795654,3795.0,0,20.0,0.0051325289969099686,nan,10,0,1,1.0,0.05253427103161812,0.06543821841478348,0.04422658681869507,0.0019501716597005725,-0.0004601474211085588,0.0009125752258114517,0.22446008026599884,-0.04232164844870567,-0.10831470787525177,0.008360016159713268,0.020485006272792816,-0.00903401430696249,-0.017537239693865565,0.0057972757697415086,-0.19547008835716537,0.05253427103161812,0.06543821841478348,0.04422658681869507,-0.19547008835716537,0.0,0.0,0.0,0.0,0.0,0.0,0.000962249855319048,0.000967377909557548,-0.002470388965303315,0.0,0.0,0.0,-0.017537239693865565,0.0057972757697415086,-0.19547008835716537,0.0,0.0,0.0,0.0,0.0,0.0,zero,0.0,0.0,0.0,0.0,0.000962249855319048,0.000967377909557548,-0.002470388965303315,-0.022723620411012946,-0.022281858796528338,0.09909998759767151,1,0.006073474884033203
2.4908830810018117,1788364205.9362535,control,preflight_voltage_failed,1,1,0.001901238996651955,3.7953078746795654,3795.0,0,20.0,0.0035957829968538135,nan,10,0,1,1.0,0.05250220745801926,0.06546928733587265,0.04422341287136078,0.001125513343140483,5.30234829057008e-05,0.0006870371289551258,0.16838976740837097,-0.026901252567768097,-0.08970894664525986,-0.0014789500273764133,0.015833931043744087,-0.007692386396229267,-0.018139936515868253,0.00575579414643421,-0.19550368488684902,0.05250220745801926,0.06546928733587265,0.04422341287136078,-0.19550368488684902,0.0,0.0,0.0,0.0,0.0,0.0,0.0010702826914286085,0.0004480666052575508,-0.0010296078202984118,0.0,0.0,0.0,-0.018139936515868253,0.00575579414643421,-0.19550368488684902,0.0,0.0,0.0,0.0,0.0,0.0,zero,0.0,0.0,0.0,0.0,0.0010702826914286085,0.0004480666052575508,-0.0010296078202984118,0.0073221277975837685,-0.03519729624572904,0.0976516404824938,1,0.002410411834716797
2.502076404001855,1788364205.947455,control,preflight_voltage_failed,1,1,0.007679684997128788,3.7953078746795654,3795.0,0,20.0,0.002524005998566281,nan,10,0,1,1.0,0.052478767931461334,0.06545063853263855,0.044223602861166,2.965424209833145e-05,-0.0006503667682409286,0.0005566877080127597,0.09400168061256409,-0.04765129089355469,-0.07660951465368271,-0.0012838394613936543,0.024526409804821014,-0.02276471070945263,-0.018145323747854936,0.006066864702325204,-0.19595654203753232,0.052478767931461334,0.06545063853263855,0.044223602861166,-0.19595654203753232,0.0,0.0,0.0,0.0,0.0,0.0,0.0011469719391174798,4.3059860771765737e-05,8.450142659143065e-05,0.0,0.0,0.0,-0.018145323747854936,0.006066864702325204,-0.19595654203753232,0.0,0.0,0.0,0.0,0.0,0.0,zero,0.0,0.0,0.0,0.0,0.0011469719391174798,4.3059860771765737e-05,8.450142659143065e-05,0.014244000457817022,-0.07522457746983023,0.20693086842029287,1,0.008227825164794922
2.5131411460024538,1788364205.958499,control,preflight_voltage_failed,1,1,0.001159191997430753,3.7953078746795654,3795.0,0,20.0,0.00104284800181631,nan,10,0,1,1.0,0.05253917723894119,0.06545677036046982,0.04420951381325722,0.0012400639243423939,-0.0002923299907706678,6.368043250404298e-05,0.08462930470705032,-0.023235611617565155,-0.05921657383441925,0.007767200469970703,-0.0018450748175382614,-0.007084714248776436,-0.017720217157619806,0.005209994600431171,-0.19557274844789457,0.05253917723894119,0.06545677036046982,0.04420951381325722,-0.19557274844789457,0.0,0.0,0.0,0.0,0.0,0.0,0.000989830596945321,-0.0004460996095826245,0.0010426985844166224,0.0,0.0,0.0,-0.017720217157619806,0.005209994600431171,-0.19557274844789457,0.0,0.0,0.0,0.0,0.0,0.0,zero,0.0,0.0,0.0,0.0,0.000989830596945321,-0.0004460996095826245,0.0010426985844166224,-0.012679777057860482,-0.01963802091677252,0.02545572013053713,1,0.0015358924865722656
2.52427825700579,1788364205.969638,control,preflight_voltage_failed,1,1,0.012296303000766784,3.7953078746795654,3795.0,0,20.0,0.012179959005152341,nan,10,0,1,1.0,0.05253917723894119,0.06545677036046982,0.04420951381325722,0.0012400639243423939,-0.0002923299907706678,6.368043250404298e-05,0.08462930470705032,-0.023235611617565155,-0.05921657383441925,0.007767200469970703,-0.0018450748175382614,-0.007084714248776436,-0.017720217157619806,0.005209994600431171,-0.19557274844789457,0.05253917723894119,0.06545677036046982,0.04420951381325722,-0.19557274844789457,0.0,0.0,0.0,0.0,0.0,0.0,0.000989830596945321,-0.0004460996095826245,0.0010426985844166224,0.0,0.0,0.0,-0.017720217157619806,0.005209994600431171,-0.19557274844789457,0.0,0.0,0.0,0.0,0.0,0.0,zero,0.0,0.0,0.0,0.0,0.000989830596945321,-0.0004460996095826245,0.0010426985844166224,-0.012679777057860482,-0.01963802091677252,0.02545572013053713,1,0.012675046920776367
2.5353334820028977,1788364205.9806983,control,preflight_voltage_failed,1,1,0.0033908690020325594,3.7953078746795654,3795.0,0,20.0,0.0106086649975623,nan,10,0,1,1.0,0.05248688533902168,0.06545053422451019,0.04418167471885681,-0.0005556927644647658,-0.0008210068917833269,-0.0006538113229908049,0.005293995141983032,-0.03990890085697174,-0.058225683867931366,-0.02366807498037815,0.007882686331868172,0.010520219802856445,-0.018812421058574773,0.005202807666304133,-0.19502635408958138,0.05248688533902168,0.06545053422451019,0.04418167471885681,-0.19502635408958138,0.0,0.0,0.0,0.0,0.0,0.0,0.000807480794014873,-0.0004914978607420866,0.0006459115263642242,0.0,0.0,0.0,-0.018812421058574773,0.005202807666304133,-0.19502635408958138,0.0,0.0,0.0,0.0,0.0,0.0,zero,0.0,0.0,0.0,0.0,0.000807480794014873,-0.0004914978607420866,0.0006459115263642242,-0.014485356046422723,-0.0018075517085773634,-0.03305351782177702,1,0.003763437271118164
2.5464227270058473,1788364205.9922876,control,preflight_voltage_failed,1,1,0.004118670003663283,3.7953078746795654,3795.0,0,20.0,0.009854937001364306,nan,10,0,1,1.0,0.05251350253820419,0.0654425397515297,0.044264476746320724,7.713274681009352e-05,-0.0008134941454045475,0.0010998391080647707,0.016638336703181267,-0.03177987411618233,-0.012209668755531311,0.0007425956428050995,-0.0026728175580501556,-0.005764073692262173,-0.017812020773812956,0.004731516997919639,-0.19574135566700324,0.05251350253820419,0.0654425397515297,0.044264476746320724,-0.19574135566700324,0.0,0.0,0.0,0.0,0.0,0.0,0.0006276814161845486,-0.0005141601963422893,0.00043132763293486924,0.0,0.0,0.0,-0.017812020773812956,0.004731516997919639,-0.19574135566700324,0.0,0.0,0.0,0.0,0.0,0.0,zero,0.0,0.0,0.0,0.0,0.0006276814161845486,-0.0005141601963422893,0.00043132763293486924,-0.017618700783385302,-0.0022207024007025802,-0.02102726637259812,1,0.005147695541381836
2.557606828006101,1788364206.0029533,control,preflight_voltage_failed,1,1,0.005679427005816251,3.7953078746795654,3795.0,0,20.0,0.008807985002931673,nan,10,0,1,1.0,0.05253259837627411,0.06547660380601883,0.04426328092813492,0.0004597152874339372,5.919195245951414e-05,0.0008549471967853606,0.02128472737967968,-0.007234754040837288,-0.014871947467327118,0.011778551153838634,0.016671529039740562,0.003917285706847906,-0.017273366378122417,0.005641019238596882,-0.19534805772902053,0.05253259837627411,0.06547660380601883,0.04426328092813492,-0.19534805772902053,0.0,0.0,0.0,0.0,0.0,0.0,0.000445210283095752,-0.0005379435678804032,0.0003361198019533588,0.0,0.0,0.0,-0.017273366378122417,0.005641019238596882,-0.19534805772902053,0.0,0.0,0.0,0.0,0.0,0.0,zero,0.0,0.0,0.0,0.0,0.000445210283095752,-0.0005379435678804032,0.0003361198019533588,-0.01901464356270489,-0.002478377400640932,-0.009921256802908647,1,0.006217002868652344
2.5687120630027493,1788364206.0140646,control,preflight_voltage_failed,1,1,0.00521147099789232,3.7953078746795654,3795.0,0,20.0,0.00748154799657641,nan,10,0,1,1.0,0.0524776428937912,0.06543567031621933,0.04423309490084648,-0.0005659714224748313,-0.0006481436430476606,0.0001710696960799396,-0.0003995690494775772,-0.017806079238653183,-0.02351725846529007,0.009124526754021645,0.023258376866579056,-0.009706665761768818,-0.01729545966776863,0.006211779690261682,-0.1961137805219749,0.0524776428937912,0.06543567031621933,0.04423309490084648,-0.1961137805219749,0.0,0.0,0.0,0.0,0.0,0.0,0.0002918100265859568,-0.0005101615079770975,0.00036967642530289933,0.0,0.0,0.0,-0.01729545966776863,0.006211779690261682,-0.1961137805219749,0.0,0.0,0.0,0.0,0.0,0.0,zero,0.0,0.0,0.0,0.0,0.0002918100265859568,-0.0005101615079770975,0.00036967642530289933,-0.013033673847463996,0.002360506532577224,0.0028511431083048954,1,0.00555872917175293
2.579850771006022,1788364206.0251906,control,preflight_voltage_failed,1,1,0.006109499001468066,3.7953078746795654,3795.0,0,20.0,0.006346935006149579,nan,10,0,1,1.0,0.052453577518463135,0.06541801244020462,0.04425198212265968,-0.0009289608569815755,-0.0008679128950461745,0.000510578858666122,-0.007502158638089895,-0.018593456596136093,-0.01209590956568718,0.0006989128887653351,0.005506234243512154,-0.0039591072127223015,-0.017627845241588835,0.005553167757244612,-0.19590988593949504,0.052453577518463135,0.06541801244020462,0.04425198212265968,-0.19590988593949504,0.0,0.0,0.0,0.0,0.0,0.0,0.00010676436130531997,-0.0004977365280674498,0.00039611624517534656,0.0,0.0,0.0,-0.017627845241588835,0.005553167757244612,-0.19590988593949504,0.0,0.0,0.0,0.0,0.0,0.0,zero,0.0,0.0,0.0,0.0,0.00010676436130531997,-0.0004977365280674498,0.00039611624517534656,-0.01830513618087821,0.0012291071446923348,0.0026154868455255877,1,0.006575822830200195
2.5908752220057067,1788364206.0362427,control,preflight_voltage_failed,1,1,0.0012826420061173849,3.7953078746795654,3795.0,0,20.0,0.005130602003191598,nan,10,0,1,1.0,0.05250818654894829,0.06548935174942017,0.04426455870270729,-5.3678289987146854e-05,0.0002063956344500184,0.0005672542611137033,0.005049539264291525,-0.0013106092810630798,-0.008961147628724575,-0.005070054903626442,0.00350079289637506,0.002295958111062646,-0.018071293868488478,0.005489288390984522,-0.19547596932265002,0.05250818654894829,0.06548935174942017,0.04426455870270729,-0.19547596932265002,0.0,0.0,0.0,0.0,0.0,0.0,-0.00019554273806571975,-0.0005080230485236238,0.0004200774825659421,0.0,0.0,0.0,-0.018071293868488478,0.005489288390984522,-0.19547596932265002,0.0,0.0,0.0,0.0,0.0,0.0,zero,0.0,0.0,0.0,0.0,-0.00019554273806571975,-0.0005080230485236238,0.0004200774825659421,-0.01908641602999036,-0.0006494482244579122,0.0015128131174615693,1,0.001789093017578125
2.602010724003776,1788364206.0473793,control,preflight_voltage_failed,1,1,0.001042048003000673,3.7953078746795654,3795.0,0,20.0,0.004183684999588877,nan,10,0,1,1.0,0.052495427429676056,0.06544464826583862,0.044209979474544525,-0.0002651657268870622,-0.0006134753348305821,-0.0004967923741787672,0.0003561961930245161,-0.015328019857406616,-0.025701211765408516,-0.007145366631448269,0.0002366015687584877,-0.0059097036719322205,-0.018251061493345686,0.005334019198437891,-0.19591800336591833,0.052495427429676056,0.06544464826583862,0.044209979474544525,-0.19591800336591833,0.0,0.0,0.0,0.0,0.0,0.0,-0.0003678666566342736,-0.0004682384947417089,0.0004070693947028272,0.0,0.0,0.0,-0.018251061493345686,0.005334019198437891,-0.19591800336591833,0.0,0.0,0.0,0.0,0.0,0.0,zero,0.0,0.0,0.0,0.0,-0.0003678666566342736,-0.0004682384947417089,0.0004070693947028272,-0.015004440450639589,0.003464086547210996,-0.0011326290705323597,1,0.0014407634735107422
2.613097150999238,1788364206.0584426,control,preflight_voltage_failed,1,1,0.007755533995805308,3.7953078746795654,3795.0,0,20.0,0.002985758997965604,nan,10,0,1,1.0,0.05250399559736252,0.06549190729856491,0.044218242168426514,0.00018705808906815946,0.001711016520857811,-1.2475269613787532e-05,0.02135404944419861,0.09603557735681534,0.0020033475011587143,-0.008921707980334759,0.006867718417197466,0.013101131655275822,-0.01831780844686975,0.00548433653830238,-0.19553800159143447,0.05250399559736252,0.06549190729856491,0.044218242168426514,-0.19553800159143447,0.0,0.0,0.0,0.0,0.0,0.0,-0.0004913815888848541,-0.00041766845433421115,0.0003808947193393183,0.0,0.0,0.0,-0.01831780844686975,0.00548433653830238,-0.19553800159143447,0.0,0.0,0.0,0.0,0.0,0.0,zero,0.0,0.0,0.0,0.0,-0.0004913815888848541,-0.00041766845433421115,0.0003808947193393183,-0.028773072724151007,0.011780401153086893,-0.006097447685413318,1,0.008211374282836914
2.6243507040053373,1788364206.0696945,control,preflight_voltage_failed,1,1,0.00011681700561894104,3.7953078746795654,3795.0,0,20.0,0.002391803005593829,nan,10,0,1,1.0,0.05247678607702255,0.0654844120144844,0.044210340827703476,-0.0010344746988266706,0.005093359854072332,-0.0011660989839583635,-0.054876357316970825,0.35263124108314514,-0.08079393953084946,0.012073974125087261,-0.027527425438165665,0.008148915134370327,-0.017628330327276804,0.005053820177675298,-0.19565955907666968,0.05247678607702255,0.0654844120144844,0.044210340827703476,-0.19565955907666968,0.0,0.0,0.0,0.0,0.0,0.0,-0.00027272189197228853,0.0003402313109775958,8.100491746011046e-05,0.0,0.0,0.0,-0.017628330327276804,0.005053820177675298,-0.19565955907666968,0.0,0.0,0.0,0.0,0.0,0.0,zero,0.0,0.0,0.0,0.0,-0.00027272189197228853,0.0003402313109775958,8.100491746011046e-05,0.03200335386038874,0.11484853352801165,-0.044539128975001285,1,0.0006082057952880859
2.6353384610047215,1788364206.080753,control,preflight_voltage_failed,1,1,0.011104574005003087,3.7953078746795654,3795.0,0,20.0,0.0008401310042245314,nan,10,0,1,1.0,0.05247678607702255,0.0654844120144844,0.044210340827703476,-0.0010344746988266706,0.005093359854072332,-0.0011660989839583635,-0.054876357316970825,0.35263124108314514,-0.08079393953084946,0.012073974125087261,-0.027527425438165665,0.008148915134370327,-0.017628330327276804,0.005053820177675298,-0.19565955907666968,0.05247678607702255,0.0654844120144844,0.044210340827703476,-0.19565955907666968,0.0,0.0,0.0,0.0,0.0,0.0,-0.00027272189197228853,0.0003402313109775958,8.100491746011046e-05,0.0,0.0,0.0,-0.017628330327276804,0.005053820177675298,-0.19565955907666968,0.0,0.0,0.0,0.0,0.0,0.0,zero,0.0,0.0,0.0,0.0,-0.00027272189197228853,0.0003402313109775958,8.100491746011046e-05,0.03200335386038874,0.11484853352801165,-0.044539128975001285,1,0.01166677474975586
2.6464009590054047,1788364206.091766,control,preflight_voltage_failed,1,1,0.009265172004234046,3.7953078746795654,3795.0,0,20.0,0.011902629004907794,nan,10,0,1,1.0,0.052455171942710876,0.06542083621025085,0.04422469809651375,-0.001161995343863964,0.0030910384375602007,-0.00071074248990044,-0.04587409645318985,0.25112491846084595,-0.05758984014391899,0.009536410681903362,-0.012110384181141853,0.01316271536052227,-0.017634018248096548,0.0057018997934182945,-0.19524152457684174,0.052455171942710876,0.06542083621025085,0.04422469809651375,-0.19524152457684174,0.0,0.0,0.0,0.0,0.0,0.0,-0.0003489729112387961,0.0011979389243708376,-0.0001651185349244828,0.0,0.0,0.0,-0.017634018248096548,0.0057018997934182945,-0.19524152457684174,0.0,0.0,0.0,0.0,0.0,0.0,zero,0.0,0.0,0.0,0.0,-0.0003489729112387961,0.0011979389243708376,-0.0001651185349244828,-0.005899322212635155,0.06635837296747511,-0.019041864143849424,1,0.009754419326782227
2.657599841004412,1788364206.1034007,control,preflight_voltage_failed,1,1,0.004905139001493808,3.7953078746795654,3795.0,0,20.0,0.010805399004311766,nan,10,0,1,1.0,0.05245373025536537,0.06542374938726425,0.04418541491031647,-0.007377599831670523,-0.011771217919886112,-0.013766657561063766,-1.70159912109375,-3.5537209510803223,-3.3383805751800537,-0.034796394407749176,-0.10046529024839401,-0.047330379486083984,-0.017798157444575326,0.005381936676434445,-0.19578896158439874,0.05245373025536537,0.06542374938726425,0.04418541491031647,-0.19578896158439874,0.0,0.0,0.0,0.0,0.0,0.0,-0.0007631711063423516,0.003227181880059656,-0.0006800582272957836,0.0,0.0,0.0,-0.017798157444575326,0.005381936676434445,-0.19578896158439874,0.0,0.0,0.0,0.0,0.0,0.0,zero,0.0,0.0,0.0,0.0,-0.0007631711063423516,0.003227181880059656,-0.0006800582272957836,-0.25035015001548894,1.2172086527910098,-0.31207278979998765,1,0.005808115005493164
2.6687249400056317,1788364206.1141162,control,preflight_voltage_failed,1,1,0.005767487004050054,3.7953078746795654,3795.0,0,20.0,0.009914412003126927,nan,10,0,1,1.0,0.052477166056632996,0.06546303629875183,0.044236961752176285,-0.005450278986245394,-0.008659591898322105,-0.010019593872129917,-1.3241239786148071,-2.7829902172088623,-2.5984678268432617,-0.03590177372097969,-0.06940460205078125,-0.04071831330657005,-0.018217382944646417,0.005948091161851013,-0.1959472264241568,0.052477166056632996,0.06546303629875183,0.044236961752176285,-0.1959472264241568,0.0,0.0,0.0,0.0,0.0,0.0,-0.001560923039807561,0.002114889745227286,-0.002185484842266388,0.0,0.0,0.0,-0.018217382944646417,0.005948091161851013,-0.1959472264241568,0.0,0.0,0.0,0.0,0.0,0.0,zero,0.0,0.0,0.0,0.0,-0.001560923039807561,0.002114889745227286,-0.002185484842266388,-0.07689688427690257,-0.10721603544448668,-0.14511104435174924,1,0.0061492919921875
2.6797418650021427,1788364206.1251361,control,preflight_voltage_failed,1,1,0.016784412000561133,3.7953078746795654,3795.0,0,20.0,0.00870800999837229,nan,10,0,1,1.0,0.052477166056632996,0.06546303629875183,0.044236961752176285,-0.005450278986245394,-0.008659591898322105,-0.010019593872129917,-1.3241239786148071,-2.7829902172088623,-2.5984678268432617,-0.03590177372097969,-0.06940460205078125,-0.04071831330657005,-0.018217382944646417,0.005948091161851013,-0.1959472264241568,0.052477166056632996,0.06546303629875183,0.044236961752176285,-0.1959472264241568,0.0,0.0,0.0,0.0,0.0,0.0,-0.001560923039807561,0.002114889745227286,-0.002185484842266388,0.0,0.0,0.0,-0.018217382944646417,0.005948091161851013,-0.1959472264241568,0.0,0.0,0.0,0.0,0.0,0.0,zero,0.0,0.0,0.0,0.0,-0.001560923039807561,0.002114889745227286,-0.002185484842266388,-0.07689688427690257,-0.10721603544448668,-0.14511104435174924,1,0.01716923713684082
2.6908893050058396,1788364206.1362648,control,preflight_voltage_failed,1,1,0.006123288003436755,3.7953078746795654,3795.0,0,20.0,0.008041204004257452,nan,10,0,1,1.0,0.052472662180662155,0.06545115262269974,0.04420267418026924,-0.0043964022770524025,-0.012049897573888302,-0.00777455186471343,-0.8458921909332275,-3.2570228576660156,-1.4991562366485596,0.21116119623184204,0.0045946091413497925,-0.179879829287529,-0.01778461660637796,0.005917796553222654,-0.19601962917266358,0.052472662180662155,0.06545115262269974,0.04420267418026924,-0.19601962917266358,0.0,0.0,0.0,0.0,0.0,0.0,-0.006084585069273082,-0.009552022949324439,-0.011321695552131911,0.0,0.0,0.0,-0.01778461660637796,0.005917796553222654,-0.19601962917266358,0.0,0.0,0.0,0.0,0.0,0.0,zero,0.0,0.0,0.0,0.0,-0.006084585069273082,-0.009552022949324439,-0.011321695552131911,-3.1591955195490566,-8.149693699272163,-6.380588756584338,1,0.006557941436767578
2.7020489830028964,1788364206.1474092,control,preflight_voltage_failed,1,1,0.003396000996872317,3.7953078746795654,3795.0,0,20.0,0.0071020879986463115,nan,10,0,1,1.0,0.0525217205286026,0.06541180610656738,0.04419158026576042,-0.002809706376865506,-0.010207289829850197,-0.00637961458414793,-0.65383380651474,-2.5790481567382812,-1.1792101860046387,0.17959001660346985,-0.006453289650380611,-0.1426292359828949,-0.017044725284808417,0.005217010763048614,-0.1959190180360552,0.0525217205286026,0.06541180610656738,0.04419158026576042,-0.1959190180360552,0.0,0.0,0.0,0.0,0.0,0.0,-0.006484636511382878,-0.01215627196471426,-0.012247529132716078,0.0,0.0,0.0,-0.017044725284808417,0.005217010763048614,-0.1959190180360552,0.0,0.0,0.0,0.0,0.0,0.0,zero,0.0,0.0,0.0,0.0,-0.006484636511382878,-0.01215627196471426,-0.012247529132716078,-0.02884094542441235,-0.1877483638812215,-0.06674620551020975,1,0.0038313865661621094
2.7130628500017338,1788364206.1584213,control,preflight_voltage_failed,1,1,0.014409867995709646,3.7953078746795654,3795.0,0,20.0,0.005938237998634577,nan,10,0,1,1.0,0.0525217205286026,0.06541180610656738,0.04419158026576042,-0.002809706376865506,-0.010207289829850197,-0.00637961458414793,-0.65383380651474,-2.5790481567382812,-1.1792101860046387,0.17959001660346985,-0.006453289650380611,-0.1426292359828949,-0.017044725284808417,0.005217010763048614,-0.1959190180360552,0.0525217205286026,0.06541180610656738,0.04419158026576042,-0.1959190180360552,0.0,0.0,0.0,0.0,0.0,0.0,-0.006484636511382878,-0.01215627196471426,-0.012247529132716078,0.0,0.0,0.0,-0.017044725284808417,0.005217010763048614,-0.1959190180360552,0.0,0.0,0.0,0.0,0.0,0.0,zero,0.0,0.0,0.0,0.0,-0.006484636511382878,-0.01215627196471426,-0.012247529132716078,-0.02884094542441235,-0.1877483638812215,-0.06674620551020975,1,0.014843463897705078
2.724266871002328,1788364206.169635,control,preflight_voltage_failed,1,1,0.009801375003007706,3.7953078746795654,3795.0,0,20.0,0.0050347279975540005,nan,10,0,1,1.0,0.05250246450304985,0.06544238328933716,0.04422677308320999,-0.0022051502019166946,-0.0023626848123967648,-0.0006174263544380665,-0.3379027843475342,-0.12402689456939697,0.38432592153549194,0.031729429960250854,0.38204512000083923,-0.34068071842193604,-0.017546286542676988,0.006151765612464527,-0.19599288023163633,0.05250246450304985,0.06544238328933716,0.04422677308320999,-0.19599288023163633,0.0,0.0,0.0,0.0,0.0,0.0,-0.004848233486941836,-0.01296680711092949,-0.009533304023845054,0.0,0.0,0.0,-0.017546286542676988,0.006151765612464527,-0.19599288023163633,0.0,0.0,0.0,0.0,0.0,0.0,zero,0.0,0.0,0.0,0.0,-0.004848233486941836,-0.01296680711092949,-0.009533304023845054,1.073598062352312,-0.5267101406214539,1.7818032331833755,1,0.010222673416137695
2.7352893730057986,1788364206.1806543,control,preflight_voltage_failed,1,1,0.0021876710015931167,3.7953078746795654,3795.0,0,20.0,0.003414178005186841,nan,10,0,1,1.0,0.05248968303203583,0.06546708941459656,0.04426523670554161,-0.0015975611750036478,-0.0010087464470416307,0.0005739021580666304,-0.20252394676208496,-0.05163310468196869,0.2754301428794861,0.017501581460237503,0.2453801929950714,-0.22512121498584747,-0.017551698502719287,0.005901562869758694,-0.19578014048682424,0.05248968303203583,0.06546708941459656,0.04426523670554161,-0.19578014048682424,0.0,0.0,0.0,0.0,0.0,0.0,-0.0032586460607708424,-0.009723789637823553,-0.005527287856304556,0.0,0.0,0.0,-0.017551698502719287,0.005901562869758694,-0.19578014048682424,0.0,0.0,0.0,0.0,0.0,0.0,zero,0.0,0.0,0.0,0.0,-0.0032586460607708424,-0.009723789637823553,-0.005527287856304556,0.09842604942873749,0.24061588926518693,0.2629593147957987,1,0.0026988983154296875
2.74644256800093,1788364206.1917953,control,preflight_voltage_failed,1,1,0.004307846000301652,3.7953078746795654,3795.0,0,20.0,0.002376058000663761,nan,10,0,1,1.0,0.052493661642074585,0.06540877372026443,0.04417972266674042,-0.001190106850117445,-0.0020959912799298763,-0.001431056996807456,-0.15301290154457092,-0.06533864140510559,0.17602704465389252,0.007102586328983307,0.19182197749614716,-0.1720711886882782,-0.017861675331522397,0.005705244670457134,-0.1954135000392803,0.052493661642074585,0.06540877372026443,0.04417972266674042,-0.1954135000392803,0.0,0.0,0.0,0.0,0.0,0.0,-0.0026430861471555497,-0.007702444633943048,-0.003771010051279761,0.0,0.0,0.0,-0.017861675331522397,0.005705244670457134,-0.1954135000392803,0.0,0.0,0.0,0.0,0.0,0.0,zero,0.0,0.0,0.0,0.0,-0.0026430861471555497,-0.007702444633943048,-0.003771010051279761,0.06802206259659281,0.2233674632510279,0.19407637851003057,1,0.004790544509887695
2.7576426710002124,1788364206.203469,control,preflight_voltage_failed,1,1,0.005601236996881198,3.7953078746795654,3795.0,0,20.0,0.0012327549993642606,nan,10,0,1,1.0,0.052482377737760544,0.06543374061584473,0.04423562064766884,-0.0011801744112744927,-0.0011721209157258272,-1.494318712502718e-05,-0.12220954895019531,-0.03359612077474594,0.16944646835327148,0.011281920596957207,0.16542533040046692,-0.1513148844242096,-0.017588755503833115,0.0062852385633902,-0.19609958588128984,0.052482377737760544,0.06543374061584473,0.04423562064766884,-0.19609958588128984,0.0,0.0,0.0,0.0,0.0,0.0,-0.002115858663135437,-0.0057321467836226134,-0.0023625125234259707,0.0,0.0,0.0,-0.017588755503833115,0.0062852385633902,-0.19609958588128984,0.0,0.0,0.0,0.0,0.0,0.0,zero,0.0,0.0,0.0,0.0,-0.002115858663135437,-0.0057321467836226134,-0.0023625125234259707,0.0532843147185729,0.19912841027421993,0.14234998711036512,1,0.006569623947143555
2.768730421004875,1788364206.214128,control,preflight_voltage_failed,1,1,0.00663000599888619,3.7953078746795654,3795.0,0,20.0,6.137900345493108e-05,nan,10,0,1,1.0,0.052479054778814316,0.06541426479816437,0.044173676520586014,-0.0010105998953804374,-0.0013272196520119905,-0.001250858185812831,-0.0943760946393013,-0.029978923499584198,0.11083845794200897,0.009965927340090275,0.13063903152942657,-0.11285582929849625,-0.017539169036496043,0.006207388279804696,-0.19568834841157143,0.052479054778814316,0.06541426479816437,0.044173676520586014,-0.19568834841157143,0.0,0.0,0.0,0.0,0.0,0.0,-0.0016899185495634873,-0.004046122238940751,-0.001359418726644161,0.0,0.0,0.0,-0.017539169036496043,0.006207388279804696,-0.19568834841157143,0.0,0.0,0.0,0.0,0.0,0.0,zero,0.0,0.0,0.0,0.0,-0.0016899185495634873,-0.004046122238940751,-0.001359418726644161,0.04260116182075743,0.16863075858110727,0.10032621910094268,1,0.007230281829833984
2.7797375910013216,1788364206.2251055,control,preflight_voltage_failed,1,1,0.007665400997211691,3.7953078746795654,3795.0,0,20.0,0.011068548999901395,nan,10,0,1,1.0,0.05247483775019646,0.06548555195331573,0.044192831963300705,-0.0008926096488721669,0.0003604033263400197,-0.0006185353850014508,-0.07314696907997131,0.00968494638800621,0.10128560662269592,-0.019391201436519623,0.09861290454864502,-0.08142310380935669,-0.018908068118730033,0.005919876440916039,-0.1952388413287775,0.05247483775019646,0.06548555195331573,0.044192831963300705,-0.1952388413287775,0.0,0.0,0.0,0.0,0.0,0.0,-0.0013635350748542946,-0.0026745893053496555,-0.0007368138282497899,0.0,0.0,0.0,-0.018908068118730033,0.005919876440916039,-0.1952388413287775,0.0,0.0,0.0,0.0,0.0,0.0,zero,0.0,0.0,0.0,0.0,-0.0013635350748542946,-0.0026745893053496555,-0.0007368138282497899,0.03255687579686705,0.13681093201800004,0.0621050755269003,1,0.008182764053344727
2.790902038999775,1788364206.2362726,control,preflight_voltage_failed,1,1,0.002738539995334577,3.7953078746795654,3795.0,0,20.0,0.009799113999179099,nan,10,0,1,1.0,0.05247875675559044,0.06540192663669586,0.04424120858311653,-0.0006651019211858511,-0.0007569562876597047,0.00010985770495608449,-0.05567383021116257,-0.006218536291271448,0.09013307094573975,-0.0065835751593112946,0.07886131852865219,-0.06280504167079926,-0.018192585749935843,0.005921019466762865,-0.1950521460553456,0.05247875675559044,0.06540192663669586,0.04424120858311653,-0.1950521460553456,0.0,0.0,0.0,0.0,0.0,0.0,-0.0010796043638725324,-0.001403274341201805,-0.000458734231941635,0.0,0.0,0.0,-0.018192585749935843,0.005921019466762865,-0.1950521460553456,0.0,0.0,0.0,0.0,0.0,0.0,zero,0.0,0.0,0.0,0.0,-0.0010796043638725324,-0.001403274341201805,-0.000458734231941635,0.017742725220405972,0.0794440023746303,0.017377091226365906,1,0.003347158432006836
2.801962558005471,1788364206.2473633,control,preflight_voltage_failed,1,1,0.008809532002487686,3.7953078746795654,3795.0,0,20.0,0.007889617001637816,nan,10,0,1,1.0,0.0524870790541172,0.06546153128147125,0.04423580691218376,-0.00020658347057178617,0.0017256655264645815,-0.00012338158558122814,-0.026605691760778427,0.09212438017129898,0.06298410892486572,-0.00038788607344031334,0.028421036899089813,-0.07641850411891937,-0.018071413959468693,0.0050226425846703285,-0.1957052027199725,0.0524870790541172,0.06546153128147125,0.04423580691218376,-0.1957052027199725,0.0,0.0,0.0,0.0,0.0,0.0,-0.000852473953146405,-0.00041100288648432035,-0.00024212792750845943,0.0,0.0,0.0,-0.018071413959468693,0.0050226425846703285,-0.1957052027199725,0.0,0.0,0.0,0.0,0.0,0.0,zero,0.0,0.0,0.0,0.0,-0.000852473953146405,-0.00041100288648432035,-0.00024212792750845943,0.04442312847891067,0.19407265710456353,0.04236477916107652,1,0.009325027465820312
2.8131180060008774,1788364206.2584796,control,preflight_voltage_failed,1,1,0.0006026379996910691,3.7953078746795654,3795.0,0,20.0,0.00649564599734731,nan,10,0,1,1.0,0.052484359592199326,0.0654153972864151,0.04423144832253456,-0.0004236216191202402,0.0002574349055066705,-0.0001248336920980364,-0.02668612450361252,0.031884245574474335,0.04110763594508171,0.00016237236559391022,0.03452339023351669,-0.05188874155282974,-0.01766907153299691,0.00595514170938557,-0.19558902022224853,0.052484359592199326,0.0654153972864151,0.04423144832253456,-0.19558902022224853,0.0,0.0,0.0,0.0,0.0,0.0,-0.0004211001410926883,0.0008086655978639572,-3.3145376716047214e-05,0.0,0.0,0.0,-0.01766907153299691,0.00595514170938557,-0.19558902022224853,0.0,0.0,0.0,0.0,0.0,0.0,zero,0.0,0.0,0.0,0.0,-0.0004211001410926883,0.0008086655978639572,-3.3145376716047214e-05,0.02383172262215897,0.0577066213684006,0.008468286059948435,1,0.0011303424835205078
2.8244808240051498,1788364206.2699091,control,preflight_voltage_failed,1,1,0.0001581370015628636,3.7953078746795654,3795.0,0,20.0,0.005434327998955268,nan,10,0,1,1.0,0.05252032354474068,0.06543945521116257,0.044229090213775635,0.0002736069436650723,0.0006156798917800188,-0.0001400280452799052,-0.009474357590079308,0.031608689576387405,0.03262733295559883,0.010320776142179966,0.02480139210820198,-0.045678868889808655,-0.01707212193981801,0.005785493580989089,-0.19583082641979702,0.05252032354474068,0.06543945521116257,0.044229090213775635,-0.19583082641979702,0.0,0.0,0.0,0.0,0.0,0.0,-0.00025257126502900064,0.0009877434385605504,-2.1295398377835615e-05,0.0,0.0,0.0,-0.01707212193981801,0.005785493580989089,-0.19583082641979702,0.0,0.0,0.0,0.0,0.0,0.0,zero,0.0,0.0,0.0,0.0,-0.00025257126502900064,0.0009877434385605504,-2.1295398377835615e-05,0.014351057537091249,0.015249353437114683,0.0010090835761623037,1,0.0008165836334228516
2.8353008720005164,1788364206.2807102,control,preflight_voltage_failed,1,1,0.010978184996929485,3.7953078746795654,3795.0,0,20.0,0.00385044399445178,nan,10,0,1,1.0,0.05252032354474068,0.06543945521116257,0.044229090213775635,0.0002736069436650723,0.0006156798917800188,-0.0001400280452799052,-0.009474357590079308,0.031608689576387405,0.03262733295559883,0.010320776142179966,0.02480139210820198,-0.045678868889808655,-0.01707212193981801,0.005785493580989089,-0.19583082641979702,0.05252032354474068,0.06543945521116257,0.044229090213775635,-0.19583082641979702,0.0,0.0,0.0,0.0,0.0,0.0,-0.00025257126502900064,0.0009877434385605504,-2.1295398377835615e-05,0.0,0.0,0.0,-0.01707212193981801,0.005785493580989089,-0.19583082641979702,0.0,0.0,0.0,0.0,0.0,0.0,zero,0.0,0.0,0.0,0.0,-0.00025257126502900064,0.0009877434385605504,-2.1295398377835615e-05,0.014351057537091249,0.015249353437114683,0.0010090835761623037,1,0.011617660522460938
2.8464071880007396,1788364206.2917783,control,preflight_voltage_failed,1,1,0.00022220100072445348,3.7953078746795654,3795.0,0,20.0,0.003121319998172112,nan,10,0,1,1.0,0.05254839360713959,0.0654420405626297,0.04417068511247635,0.016725663095712662,1.1362135410308838e-05,-0.013438832946121693,3.8846778869628906,-0.10065273940563202,-3.041930675506592,0.0034932512789964676,0.08599423617124557,0.15060514211654663,-0.01778860861974046,0.005770393274350133,-0.19527649772694994,0.05254839360713959,0.0654420405626297,0.04417068511247635,-0.19527649772694994,0.0,0.0,0.0,0.0,0.0,0.0,7.169451046079895e-05,0.0006094354597934047,-0.00012689214713082042,0.0,0.0,0.0,-0.01778860861974046,0.005770393274350133,-0.19527649772694994,0.0,0.0,0.0,0.0,0.0,0.0,zero,0.0,0.0,0.0,0.0,7.169451046079895e-05,0.0006094354597934047,-0.00012689214713082042,0.18523256293347323,-0.21226812386316937,-0.06200135339900698,1,0.0008542537689208984
2.8576402730031987,1788364206.3030097,control,preflight_voltage_failed,1,1,0.001622158000827767,3.7953078746795654,3795.0,0,20.0,0.0014957640014472418,nan,10,0,1,1.0,0.0525238923728466,0.06544158607721329,0.04422781243920326,0.01288047805428505,-1.8600167095428333e-07,-0.009585140272974968,3.0292649269104004,-0.08075788617134094,-2.354893684387207,0.012472588568925858,0.07300938665866852,0.1253543198108673,-0.017313031329308903,0.005981023790450071,-0.19504152205910502,0.0525238923728466,0.06544158607721329,0.04422781243920326,-0.19504152205910502,0.0,0.0,0.0,0.0,0.0,0.0,0.0017769341725597202,0.0004427977278095217,-0.0014294200077422429,0.0,0.0,0.0,-0.017313031329308903,0.005981023790450071,-0.19504152205910502,0.0,0.0,0.0,0.0,0.0,0.0,zero,0.0,0.0,0.0,0.0,0.0017769341725597202,0.0004427977278095217,-0.0014294200077422429,0.17401327272882472,-0.017004751734974656,-0.13291805303571436,1,0.002286195755004883
2.868745484003739,1788364206.314584,control,preflight_voltage_failed,1,1,0.005042511002102401,3.7953078746795654,3795.0,0,20.0,0.0007821559993317351,nan,10,0,1,1.0,0.05250343680381775,0.0654551088809967,0.044196754693984985,0.009781152941286564,0.00034574931487441063,-0.008462534286081791,2.34413480758667,-0.05575767159461975,-1.855199933052063,0.011248460039496422,0.05489318072795868,0.07704482227563858,-0.017268714103708,0.005827944083047214,-0.19594753432437093,0.05250343680381775,0.0654551088809967,0.044196754693984985,-0.19594753432437093,0.0,0.0,0.0,0.0,0.0,0.0,0.0038931969389349973,0.00030688152066305396,-0.003066209538534471,0.0,0.0,0.0,-0.017268714103708,0.005827944083047214,-0.19594753432437093,0.0,0.0,0.0,0.0,0.0,0.0,zero,0.0,0.0,0.0,0.0,0.0038931969389349973,0.00030688152066305396,-0.003066209538534471,0.2706586182667752,-0.01738295140415485,-0.2093365719213284,1,0.006041526794433594
2.8797501330045634,1788364206.3251452,control,preflight_voltage_failed,1,1,0.007713753002462909,3.7953078746795654,3795.0,0,20.0,0.011786805000156164,nan,10,0,1,1.0,0.052549101412296295,0.06542335450649261,0.04423394054174423,0.008919170126318932,-0.00048432129551656544,-0.005878953728824854,1.8546525239944458,-0.06449687480926514,-1.4222503900527954,0.00026688072830438614,0.0577094703912735,0.05842006579041481,-0.01763399060301403,0.006401197075358664,-0.19609178133405158,0.052549101412296295,0.06542335450649261,0.04423394054174423,-0.19609178133405158,0.0,0.0,0.0,0.0,0.0,0.0,0.005838058753934036,0.00019887139306305459,-0.004575165629828624,0.0,0.0,0.0,-0.01763399060301403,0.006401197075358664,-0.19609178133405158,0.0,0.0,0.0,0.0,0.0,0.0,zero,0.0,0.0,0.0,0.0,0.005838058753934036,0.00019887139306305459,-0.004575165629828624,0.23297371594498567,-0.012938462050413772,-0.1807568563871432,1,0.008254766464233398
2.890980285999831,1788364206.3363366,control,preflight_voltage_failed,1,1,0.004216864996124059,3.7953078746795654,3795.0,0,20.0,0.01042103299550945,nan,10,0,1,1.0,0.052519895136356354,0.06546935439109802,0.04424764961004257,0.0067369770258665085,0.00023995866649784148,-0.004516178276389837,1.4539580345153809,-0.041718680411577225,-1.1192127466201782,0.003091878490522504,0.036502908915281296,0.05629850551486015,-0.017418640491741216,0.005705013364386045,-0.19537837496534802,0.052519895136356354,0.06546935439109802,0.04424764961004257,-0.19537837496534802,0.0,0.0,0.0,0.0,0.0,0.0,0.007398134888912198,7.225860741888129e-05,-0.005637476498451558,0.0,0.0,0.0,-0.017418640491741216,0.005705013364386045,-0.19537837496534802,0.0,0.0,0.0,0.0,0.0,0.0,zero,0.0,0.0,0.0,0.0,0.007398134888912198,7.225860741888129e-05,-0.005637476498451558,0.10640248423896198,-0.008635421455981571,-0.07245320463613907,1,0.004784107208251953
2.9020529690023977,1788364206.3474638,control,preflight_voltage_failed,1,1,0.009822084997722413,3.7953078746795654,3795.0,0,20.0,0.008433773000433575,nan,10,0,1,1.0,0.05249680206179619,0.0654437243938446,0.044224366545677185,0.0045531438663601875,-0.0007363590411841869,-0.004456262104213238,1.0840673446655273,-0.0687374547123909,-0.8931999802589417,-0.025123819708824158,0.04695047438144684,0.025218503549695015,-0.01818387392778882,0.006185200699496481,-0.19593424346301605,0.05249680206179619,0.0654437243938446,0.044224366545677185,-0.19593424346301605,0.0,0.0,0.0,0.0,0.0,0.0,0.008471605466636091,-3.0467168174176033e-05,-0.006351132408327275,0.0,0.0,0.0,-0.01818387392778882,0.006185200699496481,-0.19593424346301605,0.0,0.0,0.0,0.0,0.0,0.0,zero,0.0,0.0,0.0,0.0,0.008471605466636091,-3.0467168174176033e-05,-0.006351132408327275,0.19442360903487502,-0.01860536883466028,-0.12925511000152703,1,0.010390043258666992
2.91308806300367,1788364206.3584943,control,preflight_voltage_failed,1,1,0.010497255003429018,3.7953078746795654,3795.0,0,20.0,0.007477413004380651,nan,10,0,1,1.0,0.05249771475791931,0.06545659154653549,0.04422019049525261,0.00365993264131248,-0.0003435349790379405,-0.0036447038874030113,0.8502081632614136,-0.04749344661831856,-0.6990724802017212,-0.007741677574813366,0.03483301028609276,0.026324274018406868,-0.017534350040359276,0.006048061232407409,-0.19560950048761136,0.05249771475791931,0.06545659154653549,0.04422019049525261,-0.19560950048761136,0.0,0.0,0.0,0.0,0.0,0.0,0.0084603517090068,-0.00014177601560855967,-0.00639252285757155,0.0,0.0,0.0,-0.017534350040359276,0.006048061232407409,-0.19560950048761136,0.0,0.0,0.0,0.0,0.0,0.0,zero,0.0,0.0,0.0,0.0,0.0084603517090068,-0.00014177601560855967,-0.00639252285757155,-0.0010737660237849418,-0.010620422303269525,-0.003949228299712379,1,0.010939836502075195
2.9242915409995476,1788364206.3696353,control,preflight_voltage_failed,1,1,0.0023156449969974346,3.7953078746795654,3795.0,0,20.0,0.007002359998296015,nan,10,0,1,1.0,0.052497390657663345,0.06544138491153717,0.04421888664364815,0.0037968282122164965,-0.0018980078166350722,-0.0012934246333315969,0.5954416990280151,-0.11660576611757278,-0.3511796295642853,0.052542202174663544,0.012944864109158516,0.0453084260225296,-0.0168903413081783,0.005327033071192723,-0.19547208721245815,0.052497390657663345,0.06544138491153717,0.04421888664364815,-0.19547208721245815,0.0,0.0,0.0,0.0,0.0,0.0,0.0058250892158040754,-0.0003237364593329364,-0.004996898882418991,0.0,0.0,0.0,-0.0168903413081783,0.005327033071192723,-0.19547208721245815,0.0,0.0,0.0,0.0,0.0,0.0,zero,0.0,0.0,0.0,0.0,0.0058250892158040754,-0.0003237364593329364,-0.004996898882418991,-0.2752880820152286,-0.018967041618986182,0.148468755456472,1,0.002785205841064453
2.9352883440005826,1788364206.3807108,control,preflight_voltage_failed,1,1,0.0012256069967406802,3.7953078746795654,3795.0,0,20.0,0.0060462670007837005,nan,10,0,1,1.0,0.052501458674669266,0.06544186174869537,0.04422871395945549,0.0031051645055413246,-0.0015104705234989524,-0.0008711890550330281,0.46484237909317017,-0.08683504164218903,-0.27391669154167175,0.02996758744120598,0.03410051763057709,0.026403941214084625,-0.017619081315090428,0.00674336607956467,-0.1960880501182823,0.052501458674669266,0.06544186174869537,0.04422871395945549,-0.1960880501182823,0.0,0.0,0.0,0.0,0.0,0.0,0.0047345857979138525,-0.0005597025552864612,-0.0040233102385572265,0.0,0.0,0.0,-0.017619081315090428,0.00674336607956467,-0.1960880501182823,0.0,0.0,0.0,0.0,0.0,0.0,zero,0.0,0.0,0.0,0.0,0.0047345857979138525,-0.0005597025552864612,-0.0040233102385572265,-0.0907430383428357,-0.019635225476088734,0.08101431888312614,1,0.0018432140350341797
2.946420508000301,1788364206.391833,control,preflight_voltage_failed,1,1,0.012357770996459294,3.7953078746795654,3795.0,0,20.0,0.004671855997003149,nan,10,0,1,1.0,0.052501458674669266,0.06544186174869537,0.04422871395945549,0.0031051645055413246,-0.0015104705234989524,-0.0008711890550330281,0.46484237909317017,-0.08683504164218903,-0.27391669154167175,0.02996758744120598,0.03410051763057709,0.026403941214084625,-0.017619081315090428,0.00674336607956467,-0.1960880501182823,0.052501458674669266,0.06544186174869537,0.04422871395945549,-0.1960880501182823,0.0,0.0,0.0,0.0,0.0,0.0,0.0047345857979138525,-0.0005597025552864612,-0.0040233102385572265,0.0,0.0,0.0,-0.017619081315090428,0.00674336607956467,-0.1960880501182823,0.0,0.0,0.0,0.0,0.0,0.0,zero,0.0,0.0,0.0,0.0,0.0047345857979138525,-0.0005597025552864612,-0.0040233102385572265,-0.0907430383428357,-0.019635225476088734,0.08101431888312614,1,0.01296544075012207
2.957597710999835,1788364206.4029562,control,preflight_voltage_failed,1,1,0.004056967998621985,3.7953078746795654,3795.0,0,20.0,0.003282754994870629,nan,10,0,1,1.0,0.05254480242729187,0.06542954593896866,0.04421071335673332,0.0034272975753992796,-0.00173802743665874,-0.0012993717100471258,0.3286103308200836,-0.0806487500667572,-0.20130138099193573,-0.011807052418589592,0.036461230367422104,0.004930224269628525,-0.01814253000003137,0.0061275118140981175,-0.19577104374035353,0.05254480242729187,0.06542954593896866,0.04421071335673332,-0.19577104374035353,0.0,0.0,0.0,0.0,0.0,0.0,0.0031108288898597162,-0.0012622744870148875,-0.0016101195854713595,0.0,0.0,0.0,-0.01814253000003137,0.0061275118140981175,-0.19577104374035353,0.0,0.0,0.0,0.0,0.0,0.0,zero,0.0,0.0,0.0,0.0,0.0031108288898597162,-0.0012622744870148875,-0.0016101195854713595,-0.17781519527986578,-0.07723345078226761,0.2663181227684644,1,0.004462480545043945
2.9686552200000733,1788364206.414024,control,preflight_voltage_failed,1,1,0.004317328995966818,3.7953078746795654,3795.0,0,20.0,0.0015825890004634857,nan,10,0,1,1.0,0.05252160504460335,0.0654403492808342,0.04418778046965599,0.0023118662647902966,-0.001190178096294403,-0.0014645667979493737,0.24221335351467133,-0.054364416748285294,-0.16410306096076965,-0.010238297283649445,0.03086383268237114,0.005905464291572571,-0.018184653049769513,0.006220857193269655,-0.19566691994804453,0.05252160504460335,0.0654403492808342,0.04418778046965599,-0.19566691994804453,0.0,0.0,0.0,0.0,0.0,0.0,0.0027173081475085096,-0.001455161063485072,-0.0009878237431241328,0.0,0.0,0.0,-0.018184653049769513,0.006220857193269655,-0.19566691994804453,0.0,0.0,0.0,0.0,0.0,0.0,zero,0.0,0.0,0.0,0.0,0.0027173081475085096,-0.001455161063485072,-0.0009878237431241328,-0.03646808713492345,-0.01787505389384005,0.0576689779217928,1,0.004739522933959961
2.979740048001986,1788364206.4256516,control,preflight_voltage_failed,1,1,0.007663753996894229,3.7953078746795654,3795.0,0,20.0,0.00032596899836789817,nan,10,0,1,1.0,0.052508365362882614,0.06541541963815689,0.04422750696539879,0.0015018172562122345,-0.0016067982651293278,-0.00012843043077737093,0.1724987030029297,-0.054432034492492676,-0.09619532525539398,-0.004446324892342091,0.01656237244606018,0.008726653642952442,-0.01804110930366786,0.005914123375740867,-0.1955089103662514,0.052508365362882614,0.06541541963815689,0.04422750696539879,-0.1955089103662514,0.0,0.0,0.0,0.0,0.0,0.0,0.002442546172928154,-0.0015731375569144612,-0.0006094066063568459,0.0,0.0,0.0,-0.01804110930366786,0.005914123375740867,-0.1955089103662514,0.0,0.0,0.0,0.0,0.0,0.0,zero,0.0,0.0,0.0,0.0,0.002442546172928154,-0.0015731375569144612,-0.0006094066063568459,-0.03607899471010846,-0.015491493278343905,0.04968995399197229,1,0.008751392364501953
2.9908617270048126,1788364206.4362066,control,preflight_voltage_failed,1,1,0.007359715003985912,3.7953078746795654,3795.0,0,20.0,0.011447648001194466,nan,10,0,1,1.0,0.0524926483631134,0.0654652863740921,0.04423804581165314,0.0009282439714297652,-0.00041860115015879273,8.045328286243603e-05,0.1280284970998764,-0.022891102358698845,-0.07332522422075272,0.01142541877925396,-0.0015469128265976906,0.00885072909295559,-0.017178537343846778,0.005064930006883042,-0.19538638982040282,0.0524926483631134,0.0654652863740921,0.04423804581165314,-0.19538638982040282,0.0,0.0,0.0,0.0,0.0,0.0,0.0021435056185877825,-0.0015622958612617254,-0.00038698920696083374,0.0,0.0,0.0,-0.017178537343846778,0.005064930006883042,-0.19538638982040282,0.0,0.0,0.0,0.0,0.0,0.0,zero,0.0,0.0,0.0,0.0,0.0021435056185877825,-0.0015622958612617254,-0.00038698920696083374,-0.025994632095335576,0.0009424336789507506,0.019334028060688714,1,0.007802486419677734
3.0019722520009964,1788364206.4473228,control,preflight_voltage_failed,1,1,0.005531372997211292,3.7953078746795654,3795.0,0,20.0,0.009884207000141032,nan,10,0,1,1.0,0.05250472575426102,0.06546299904584885,0.04424344748258591,0.0009302813559770584,-0.0003704266855493188,0.0001483061641920358,0.10245446115732193,-0.017564237117767334,-0.05760572478175163,0.007572616916149855,0.018140586093068123,0.0015048785135149956,-0.017281580763963335,0.006305522966527907,-0.19576660850551583,0.05250472575426102,0.06546299904584885,0.04424344748258591,-0.19576660850551583,0.0,0.0,0.0,0.0,0.0,0.0,0.0017665678893794459,-0.0013631733427200868,-0.00018912353137418003,0.0,0.0,0.0,-0.017281580763963335,0.006305522966527907,-0.19576660850551583,0.0,0.0,0.0,0.0,0.0,0.0,zero,0.0,0.0,0.0,0.0,0.0017665678893794459,-0.0013631733427200868,-0.00018912353137418003,-0.029285753919967458,0.015470600648499934,0.015372951645379346,1,0.006047725677490234
3.0130615400048555,1788364206.4584079,control,preflight_voltage_failed,1,1,0.0004615150028257631,3.7953078746795654,3795.0,0,20.0,0.008319249005580787,nan,10,0,1,1.0,0.05248057842254639,0.06548948585987091,0.04424358531832695,5.924917059019208e-05,0.0003596603637561202,0.00010936782928183675,0.04625378176569939,0.005185835063457489,-0.03741602972149849,-0.012151237577199936,-0.0034370641224086285,0.014412840828299522,-0.018036467483570313,0.005640776494780278,-0.1951490479699433,0.05248057842254639,0.06548948585987091,0.04424358531832695,-0.1951490479699433,0.0,0.0,0.0,0.0,0.0,0.0,0.0011413545307866497,-0.0009515145496181634,-2.7656871762806576e-05,0.0,0.0,0.0,-0.018036467483570313,0.005640776494780278,-0.1951490479699433,0.0,0.0,0.0,0.0,0.0,0.0,zero,0.0,0.0,0.0,0.0,0.0011413545307866497,-0.0009515145496181634,-2.7656871762806576e-05,-0.03406597453035051,0.02359806195771183,0.0035492062196547723,1,0.0009377002716064453
3.0242503120025503,1788364206.469581,control,preflight_voltage_failed,1,1,0.01165028700052062,3.7953078746795654,3795.0,0,20.0,0.007322643003135454,nan,10,0,1,1.0,0.05248057842254639,0.06548948585987091,0.04424358531832695,5.924917059019208e-05,0.0003596603637561202,0.00010936782928183675,0.04625378176569939,0.005185835063457489,-0.03741602972149849,-0.012151237577199936,-0.0034370641224086285,0.014412840828299522,-0.018036467483570313,0.005640776494780278,-0.1951490479699433,0.05248057842254639,0.06548948585987091,0.04424358531832695,-0.1951490479699433,0.0,0.0,0.0,0.0,0.0,0.0,0.0011413545307866497,-0.0009515145496181634,-2.7656871762806576e-05,0.0,0.0,0.0,-0.018036467483570313,0.005640776494780278,-0.1951490479699433,0.0,0.0,0.0,0.0,0.0,0.0,zero,0.0,0.0,0.0,0.0,0.0011413545307866497,-0.0009515145496181634,-2.7656871762806576e-05,-0.03406597453035051,0.02359806195771183,0.0035492062196547723,1,0.012110710144042969
3.035282790006022,1788364206.4806216,control,preflight_voltage_failed,1,1,0.008100370003376156,3.7953078746795654,3795.0,0,20.0,0.006406684005924035,nan,10,0,1,1.0,0.05251883342862129,0.0654304176568985,0.044213853776454926,0.0005679090390913188,-0.0005159723805263638,-0.0003170425188727677,0.043924011290073395,-0.007765468675643206,-0.03573469817638397,-0.0042882561683654785,0.003400760469958186,0.004347857087850571,-0.01764032759061335,0.006083314861292984,-0.19568490696661775,0.05251883342862129,0.0654304176568985,0.044213853776454926,-0.19568490696661775,0.0,0.0,0.0,0.0,0.0,0.0,0.0007714458000752983,-0.0006338834596775863,-8.169154439910799e-05,0.0,0.0,0.0,-0.01764032759061335,0.006083314861292984,-0.19568490696661775,0.0,0.0,0.0,0.0,0.0,0.0,zero,0.0,0.0,0.0,0.0,0.0007714458000752983,-0.0006338834596775863,-8.169154439910799e-05,-0.025168050949900142,0.02161115645884765,-0.00367644037856681,1,0.008453845977783203
3.0463974849990336,1788364206.4917467,control,preflight_voltage_failed,1,1,0.0020932039988110773,3.7953078746795654,3795.0,0,20.0,0.0050541759992484,nan,10,0,1,1.0,0.05250668153166771,0.06543311476707458,0.04420565068721771,0.000157186237629503,-0.0003528054803609848,-0.0003964077332057059,0.02084960602223873,-0.003640224225819111,-0.02504444681107998,-0.010080934502184391,-0.008573639206588268,0.004792406223714352,-0.01813311542300831,0.005524274536547705,-0.19557499825733504,0.05250668153166771,0.06543311476707458,0.04420565068721771,-0.19557499825733504,0.0,0.0,0.0,0.0,0.0,0.0,0.00030288792226487184,-0.00022052619932573237,-0.0001686558256425065,0.0,0.0,0.0,-0.01813311542300831,0.005524274536547705,-0.19557499825733504,0.0,0.0,0.0,0.0,0.0,0.0,zero,0.0,0.0,0.0,0.0,0.00030288792226487184,-0.00022052619932573237,-0.0001686558256425065,-0.022586294407478034,0.019560829011882577,-0.005023184140003511,1,0.0026099681854248047
3.0576330200055963,1788364206.5029807,control,preflight_voltage_failed,1,1,0.01332873900537379,3.7953078746795654,3795.0,0,20.0,0.004015775004518218,nan,10,0,1,1.0,0.05250668153166771,0.06543311476707458,0.04420565068721771,0.000157186237629503,-0.0003528054803609848,-0.0003964077332057059,0.02084960602223873,-0.003640224225819111,-0.02504444681107998,-0.010080934502184391,-0.008573639206588268,0.004792406223714352,-0.01813311542300831,0.005524274536547705,-0.19557499825733504,0.05250668153166771,0.06543311476707458,0.04420565068721771,-0.19557499825733504,0.0,0.0,0.0,0.0,0.0,0.0,0.00030288792226487184,-0.00022052619932573237,-0.0001686558256425065,0.0,0.0,0.0,-0.01813311542300831,0.005524274536547705,-0.19557499825733504,0.0,0.0,0.0,0.0,0.0,0.0,zero,0.0,0.0,0.0,0.0,0.00030288792226487184,-0.00022052619932573237,-0.0001686558256425065,-0.022586294407478034,0.019560829011882577,-0.005023184140003511,1,0.013844013214111328
3.06866500400065,1788364206.5140653,control,preflight_voltage_failed,1,1,0.0018720730004133657,3.7953078746795654,3795.0,0,20.0,0.0026539379978203215,nan,10,0,1,1.0,0.05249379575252533,0.06544071435928345,0.044237975031137466,0.00029330127290450037,-0.00046560756163671613,0.0005768166156485677,0.024188395589590073,-0.011978436261415482,0.007332688197493553,0.010125353932380676,-0.003580545075237751,0.004362044390290976,-0.017242005943130106,0.005119388300425408,-0.1954098269672769,0.05249379575252533,0.06544071435928345,0.044237975031137466,-0.1954098269672769,0.0,0.0,0.0,0.0,0.0,0.0,5.063110711241121e-06,-5.527530304029108e-05,-0.0002627802937027146,0.0,0.0,0.0,-0.017242005943130106,0.005119388300425408,-0.1954098269672769,0.0,0.0,0.0,0.0,0.0,0.0,zero,0.0,0.0,0.0,0.0,5.063110711241121e-06,-5.527530304029108e-05,-0.0002627802937027146,-0.015477126772615594,0.007575381687625079,-0.0035622475004623497,1,0.002385854721069336
3.079820421000477,1788364206.525926,control,preflight_voltage_failed,1,1,0.006222871998033952,3.7953078746795654,3795.0,0,20.0,0.001936051994562149,nan,10,0,1,1.0,0.052498068660497665,0.06547605991363525,0.04428199678659439,0.0003617093898355961,0.000678625307045877,0.0017705789068713784,0.02138504758477211,0.024444621056318283,0.04136643558740616,-0.021773193031549454,-0.02323819510638714,0.005517411977052689,-0.018246172675170147,0.004435600863539537,-0.19532947552823826,0.052498068660497665,0.06547605991363525,0.04428199678659439,-0.19532947552823826,0.0,0.0,0.0,0.0,0.0,0.0,-6.818837928133144e-05,-1.2500301107619042e-05,-0.00021660063070883933,0.0,0.0,0.0,-0.018246172675170147,0.004435600863539537,-0.19532947552823826,0.0,0.0,0.0,0.0,0.0,0.0,zero,0.0,0.0,0.0,0.0,-6.818837928133144e-05,-1.2500301107619042e-05,-0.00021660063070883933,-0.010889208487747904,0.00635872272572086,0.006864842998896439,1,0.007519721984863281
3.0908679800049867,1788364206.5362823,control,preflight_voltage_failed,1,1,0.007501521002268419,3.7953078746795654,3795.0,0,20.0,0.0010013409992097877,nan,10,0,1,1.0,0.05250540375709534,0.06546632945537567,0.044245682656764984,0.0004392119590193033,0.00034412232344038785,0.0006746228318661451,0.0186912938952446,0.01272232923656702,0.01070449873805046,-0.0023709069937467575,0.0031725987792015076,-0.005857378244400024,-0.017512158324527856,0.005491778434718885,-0.1958512509298844,0.05250540375709534,0.06546632945537567,0.044245682656764984,-0.1958512509298844,0.0,0.0,0.0,0.0,0.0,0.0,-4.715350193394747e-05,5.607938105694073e-05,7.905041374818203e-06,0.0,0.0,0.0,-0.017512158324527856,0.005491778434718885,-0.1958512509298844,0.0,0.0,0.0,0.0,0.0,0.0,zero,0.0,0.0,0.0,0.0,-4.715350193394747e-05,5.607938105694073e-05,7.905041374818203e-06,0.0021488825339806123,0.007005968171603909,0.022935066820351537,1,0.008087158203125
3.1019834899998386,1788364206.5474093,control,preflight_voltage_failed,1,1,0.002959155994176399,3.7953078746795654,3795.0,0,20.0,0.0007755799961159937,nan,10,0,1,1.0,0.0525016225874424,0.06541230529546738,0.044237248599529266,0.00030278414487838745,-0.0004188755701761693,0.0004313264216762036,0.013200030662119389,0.0003738636150956154,0.0054374076426029205,-0.002060480182990432,0.01273287832736969,-0.006162133999168873,-0.017525660799578662,0.006283055695822265,-0.19598004363498842,0.0525016225874424,0.06541230529546738,0.044237248599529266,-0.19598004363498842,0.0,0.0,0.0,0.0,0.0,0.0,9.571342013301874e-05,0.00013862739941575213,0.0003677234761709943,0.0,0.0,0.0,-0.017525660799578662,0.006283055695822265,-0.19598004363498842,0.0,0.0,0.0,0.0,0.0,0.0,zero,0.0,0.0,0.0,0.0,9.571342013301874e-05,0.00013862739941575213,0.0003677234761709943,0.009177371622096435,0.005302653897669558,0.023113730210116406,1,0.0036468505859375
3.1130791710020276,1788364206.558457,control,preflight_voltage_failed,1,1,0.00949501099967165,3.7953078746795654,3795.0,0,20.0,0.01057177299662726,nan,10,0,1,1.0,0.0524573028087616,0.06545459479093552,0.04422597214579582,-0.0016373824328184128,0.0014584045857191086,-0.00013317528646439314,-0.07172279059886932,0.0799148753285408,-0.019590692594647408,-0.03043634071946144,-0.04501497745513916,0.0005026296712458134,-0.01820360528502053,0.00498394693249143,-0.19582872659369135,0.0524573028087616,0.06545459479093552,0.04422597214579582,-0.19582872659369135,0.0,0.0,0.0,0.0,0.0,0.0,0.00019316311689006799,0.0002040344467735804,0.0006354901787164439,0.0,0.0,0.0,-0.01820360528502053,0.00498394693249143,-0.19582872659369135,0.0,0.0,0.0,0.0,0.0,0.0,zero,0.0,0.0,0.0,0.0,0.00019316311689006799,0.0002040344467735804,0.0006354901787164439,0.020675484491217495,0.013877132903087081,0.05681091363008698,1,0.009981155395507812
3.124238526004774,1788364206.5696185,control,preflight_voltage_failed,1,1,0.0019795240004896186,3.7953078746795654,3795.0,0,20.0,0.010083204004331492,nan,10,0,1,1.0,0.05249857157468796,0.06544981896877289,0.04423503950238228,-0.0005250837421044707,0.000836279708892107,-0.00017948666936717927,-0.030543064698576927,0.03845309093594551,-0.02034079283475876,-0.028748564422130585,-0.018210165202617645,-0.00880075991153717,-0.018284280942978102,0.005820047166917375,-0.19608104592737832,0.05249857157468796,0.06544981896877289,0.04423503950238228,-0.19608104592737832,0.0,0.0,0.0,0.0,0.0,0.0,-0.00010621834097467492,0.0005259306132418876,0.0006577980933257063,0.0,0.0,0.0,-0.018284280942978102,0.005820047166917375,-0.19608104592737832,0.0,0.0,0.0,0.0,0.0,0.0,zero,0.0,0.0,0.0,0.0,-0.00010621834097467492,0.0005259306132418876,0.0006577980933257063,-0.02197453220458511,0.022738429239776682,-0.002813475195506947,1,0.0027031898498535156
3.135300164001819,1788364206.5806954,control,preflight_voltage_failed,1,1,0.0034508419994381256,3.7953078746795654,3795.0,0,20.0,0.009132006001891568,nan,10,0,1,1.0,0.052516866475343704,0.065473772585392,0.04427586495876312,-4.357218858785927e-05,0.001161970547400415,0.000696566712576896,-0.014525320380926132,0.0374649353325367,0.0017558615654706955,-0.0013037119060754776,-0.02335226535797119,0.0161810964345932,-0.01722367360367858,0.005413302153408799,-0.1949452241024478,0.052516866475343704,0.065473772585392,0.04427586495876312,-0.1949452241024478,0.0,0.0,0.0,0.0,0.0,0.0,-0.00023309449756298844,0.0006799319320249491,0.0005790898688166047,0.0,0.0,0.0,-0.01722367360367858,0.005413302153408799,-0.1949452241024478,0.0,0.0,0.0,0.0,0.0,0.0,zero,0.0,0.0,0.0,0.0,-0.00023309449756298844,0.0006799319320249491,0.0005790898688166047,-0.0130545866716463,0.015845558516756703,-0.008098474656349306,1,0.004061222076416016
3.1464497560009477,1788364206.5918508,control,preflight_voltage_failed,1,1,0.014600433998566587,3.7953078746795654,3795.0,0,20.0,0.008418632998655085,nan,10,0,1,1.0,0.052516866475343704,0.065473772585392,0.04427586495876312,-4.357218858785927e-05,0.001161970547400415,0.000696566712576896,-0.014525320380926132,0.0374649353325367,0.0017558615654706955,-0.0013037119060754776,-0.02335226535797119,0.0161810964345932,-0.01722367360367858,0.005413302153408799,-0.1949452241024478,0.052516866475343704,0.065473772585392,0.04427586495876312,-0.1949452241024478,0.0,0.0,0.0,0.0,0.0,0.0,-0.00023309449756298844,0.0006799319320249491,0.0005790898688166047,0.0,0.0,0.0,-0.01722367360367858,0.005413302153408799,-0.1949452241024478,0.0,0.0,0.0,0.0,0.0,0.0,zero,0.0,0.0,0.0,0.0,-0.00023309449756298844,0.0006799319320249491,0.0005790898688166047,-0.0130545866716463,0.015845558516756703,-0.008098474656349306,1,0.015216588973999023
3.1576284800030407,1788364206.6030176,control,preflight_voltage_failed,1,1,0.0054427939976449125,3.7953078746795654,3795.0,0,20.0,0.007647664002433885,nan,10,0,1,1.0,0.05247807130217552,0.06550933420658112,0.04419199749827385,-0.001024966361001134,0.00314620160497725,-0.001483322586864233,-0.04259530454874039,0.12583407759666443,-0.06542164832353592,-0.04491908848285675,-0.0072635868564248085,0.007107526063919067,-0.018452765935124384,0.006124580800862474,-0.19549498514743757,0.05247807130217552,0.06550933420658112,0.04419199749827385,-0.19549498514743757,0.0,0.0,0.0,0.0,0.0,0.0,-0.0003174381861781806,0.0009395997922973203,0.00033823952654887275,0.0,0.0,0.0,-0.018452765935124384,0.006124580800862474,-0.19549498514743757,0.0,0.0,0.0,0.0,0.0,0.0,zero,0.0,0.0,0.0,0.0,-0.0003174381861781806,0.0009395997922973203,0.00033823952654887275,-0.00810609520250736,0.02557145366518262,-0.024605445905034367,1,0.00591278076171875
3.168627456005197,1788364206.6139927,control,preflight_voltage_failed,1,1,0.005895925001823343,3.7953078746795654,3795.0,0,20.0,0.006582406000234187,nan,10,0,1,1.0,0.05249789357185364,0.06543496251106262,0.044272925704717636,-0.0004451334825716913,0.001110590761527419,0.00034369644708931446,-0.02311158925294876,0.06217380613088608,-0.017788339406251907,-0.029765281826257706,-0.01843595877289772,0.008510597050189972,-0.018125548462076056,0.005459784036654526,-0.19533343691144103,0.05249789357185364,0.06543496251106262,0.044272925704717636,-0.19533343691144103,0.0,0.0,0.0,0.0,0.0,0.0,-0.000398561492719116,0.0011726560112522697,0.0001135682274315423,0.0,0.0,0.0,-0.018125548462076056,0.005459784036654526,-0.19533343691144103,0.0,0.0,0.0,0.0,0.0,0.0,zero,0.0,0.0,0.0,0.0,-0.000398561492719116,0.0011726560112522697,0.0001135682274315423,-0.007669810633137336,0.02203432210147241,-0.021241569068210345,1,0.006310939788818359
3.179794956005935,1788364206.6252713,control,preflight_voltage_failed,1,1,0.0016804810002213344,3.7953078746795654,3795.0,0,20.0,0.005767595001088921,nan,10,0,1,1.0,0.05250931903719902,0.06547142565250397,0.04421664774417877,-0.0002058181562460959,0.0013681026175618172,-0.0004653136129491031,-0.015341358259320259,0.05312631279230118,-0.024872252717614174,-0.014310228638350964,-0.018908943980932236,0.0036972530651837587,-0.017404396594872182,0.005139360853816061,-0.1955643177790186,0.05250931903719902,0.06547142565250397,0.04421664774417877,-0.1955643177790186,0.0,0.0,0.0,0.0,0.0,0.0,-0.0004696779212057722,0.0014167527690095451,-0.00010259580941634592,0.0,0.0,0.0,-0.017404396594872182,0.005139360853816061,-0.1955643177790186,0.0,0.0,0.0,0.0,0.0,0.0,zero,0.0,0.0,0.0,0.0,-0.0004696779212057722,0.0014167527690095451,-0.00010259580941634592,-0.0046772759705094,0.01605406688486305,-0.014216952070739105,1,0.0023849010467529297
3.1909081590056303,1788364206.636862,control,preflight_voltage_failed,1,1,0.0069088780001038685,3.7953078746795654,3795.0,0,20.0,0.0047908680062391795,nan,10,0,1,1.0,0.05251775309443474,0.06545428931713104,0.04422685503959656,0.00012460282596293837,0.0005067684687674046,-2.217793371528387e-05,-0.0009408555924892426,0.012960437685251236,-0.004699867218732834,-0.023331116884946823,0.008955723606050014,-0.013100069016218185,-0.017753510605313882,0.005833221930132315,-0.1960448042241003,0.05251775309443474,0.06545428931713104,0.04422685503959656,-0.1960448042241003,0.0,0.0,0.0,0.0,0.0,0.0,-0.0005032705660633153,0.0015684018283981934,-0.00025577072082227703,0.0,0.0,0.0,-0.017753510605313882,0.005833221930132315,-0.1960448042241003,0.0,0.0,0.0,0.0,0.0,0.0,zero,0.0,0.0,0.0,0.0,-0.0005032705660633153,0.0015684018283981934,-0.00025577072082227703,-0.005761747145521071,0.02601056090578413,-0.02627227216854267,1,0.008145332336425781
3.2019813010047073,1788364206.6474094,control,preflight_voltage_failed,1,1,0.00791235900396714,3.7953078746795654,3795.0,0,20.0,0.003918848000466824,nan,10,0,1,1.0,0.05248738080263138,0.06541625410318375,0.04419026896357536,-0.0005014575435779989,-0.0003473924589343369,-0.0007418676977977157,-0.013143906369805336,-0.006537524051964283,-0.018004264682531357,-0.01016082614660263,-0.005725531838834286,-0.005409334320574999,-0.01732237347869273,0.005186549017990988,-0.1957772104160927,0.05248738080263138,0.06541625410318375,0.04419026896357536,-0.1957772104160927,0.0,0.0,0.0,0.0,0.0,0.0,-0.00046327161743851353,0.0014914123935913263,-0.0003460310431809241,0.0,0.0,0.0,-0.01732237347869273,0.005186549017990988,-0.1957772104160927,0.0,0.0,0.0,0.0,0.0,0.0,zero,0.0,0.0,0.0,0.0,-0.00046327161743851353,0.0014914123935913263,-0.0003460310431809241,0.003958186863579105,-0.007618664489045229,-0.00893191532641649,1,0.008587360382080078
3.2131009660006384,1788364206.6585486,control,preflight_voltage_failed,1,1,0.002312345000973437,3.7953078746795654,3795.0,0,20.0,0.0032976340007735416,nan,10,0,1,1.0,0.05249437317252159,0.06542302668094635,0.04418668523430824,-0.0003174050943925977,-0.00019678586977533996,-0.0006364232976920903,-0.008310377597808838,-0.003425916889682412,-0.013140303082764149,-0.01608296111226082,0.0032257260754704475,-0.0003645974211394787,-0.01798463833233553,0.005843944896513301,-0.19545794197371585,0.05249437317252159,0.06542302668094635,0.04418668523430824,-0.19545794197371585,0.0,0.0,0.0,0.0,0.0,0.0,-0.0003915118036305296,0.0009086434166383345,-0.0004445516210797525,0.0,0.0,0.0,-0.01798463833233553,0.005843944896513301,-0.19545794197371585,0.0,0.0,0.0,0.0,0.0,0.0,zero,0.0,0.0,0.0,0.0,-0.0003915118036305296,0.0009086434166383345,-0.0004445516210797525,0.004297784928233981,-0.03490276232450653,-0.005900520532947332,1,0.0030295848846435547
3.2241830220009433,1788364206.6695623,control,preflight_voltage_failed,1,1,0.0014160149949020706,3.7953078746795654,3795.0,0,20.0,0.0023376559984171763,nan,10,0,1,1.0,0.0525190494954586,0.06548325717449188,0.044202931225299835,0.0012799850665032864,0.0018588424427434802,0.0005113917286507785,0.09038025140762329,0.0853244960308075,0.05549614131450653,-0.01286304835230112,-0.00118204765021801,0.004025309346616268,-0.01807996760224404,0.00544064935311481,-0.19536488105155067,0.0525190494954586,0.06548325717449188,0.044202931225299835,-0.19536488105155067,0.0,0.0,0.0,0.0,0.0,0.0,-9.981448785175039e-05,0.00021857816640898878,-0.0004610303219586335,0.0,0.0,0.0,-0.01807996760224404,0.00544064935311481,-0.19536488105155067,0.0,0.0,0.0,0.0,0.0,0.0,zero,0.0,0.0,0.0,0.0,-9.981448785175039e-05,0.00021857816640898878,-0.0004610303219586335,0.024521156095787915,-0.021877181064561733,0.0068270516010527395,1,0.0017650127410888672
3.2353145410015713,1788364206.6807117,control,preflight_voltage_failed,1,1,0.012547533995530102,3.7953078746795654,3795.0,0,20.0,0.001375421998091042,nan,10,0,1,1.0,0.0525190494954586,0.06548325717449188,0.044202931225299835,0.0012799850665032864,0.0018588424427434802,0.0005113917286507785,0.09038025140762329,0.0853244960308075,0.05549614131450653,-0.01286304835230112,-0.00118204765021801,0.004025309346616268,-0.01807996760224404,0.00544064935311481,-0.19536488105155067,0.0525190494954586,0.06548325717449188,0.044202931225299835,-0.19536488105155067,0.0,0.0,0.0,0.0,0.0,0.0,-9.981448785175039e-05,0.00021857816640898878,-0.0004610303219586335,0.0,0.0,0.0,-0.01807996760224404,0.00544064935311481,-0.19536488105155067,0.0,0.0,0.0,0.0,0.0,0.0,zero,0.0,0.0,0.0,0.0,-9.981448785175039e-05,0.00021857816640898878,-0.0004610303219586335,0.024521156095787915,-0.021877181064561733,0.0068270516010527395,1,0.012914419174194336
3.246409355000651,1788364206.6917806,control,preflight_voltage_failed,1,1,0.004250967998814303,3.7953078746795654,3795.0,0,20.0,0.0004908779956167564,nan,10,0,1,1.0,0.05248289182782173,0.06547106802463531,0.04420118033885956,0.00036209943937137723,0.0010371620301157236,0.00015263142995536327,0.04049327224493027,0.03497844561934471,0.02103991061449051,0.003721741959452629,-0.0010986514389514923,0.018755914643406868,-0.01830098136277856,0.005852497440063364,-0.1956157203927787,0.05248289182782173,0.06547106802463531,0.04420118033885956,-0.1956157203927787,0.0,0.0,0.0,0.0,0.0,0.0,0.0007608367405199883,0.000815868135725499,0.00012299509951989697,0.0,0.0,0.0,-0.01830098136277856,0.005852497440063364,-0.1956157203927787,0.0,0.0,0.0,0.0,0.0,0.0,zero,0.0,0.0,0.0,0.0,0.0007608367405199883,0.000815868135725499,0.00012299509951989697,0.08997457264521427,0.06501121568360568,0.06233579327648149,1,0.0047686100006103516
3.257551713999419,1788364206.7029397,control,preflight_voltage_failed,1,1,0.015393326997582335,3.7953078746795654,3795.0,0,20.0,0.011633236994384788,nan,10,0,1,1.0,0.05248289182782173,0.06547106802463531,0.04420118033885956,0.00036209943937137723,0.0010371620301157236,0.00015263142995536327,0.04049327224493027,0.03497844561934471,0.02103991061449051,0.003721741959452629,-0.0010986514389514923,0.018755914643406868,-0.01830098136277856,0.005852497440063364,-0.1956157203927787,0.05248289182782173,0.06547106802463531,0.04420118033885956,-0.1956157203927787,0.0,0.0,0.0,0.0,0.0,0.0,0.0007608367405199883,0.000815868135725499,0.00012299509951989697,0.0,0.0,0.0,-0.01830098136277856,0.005852497440063364,-0.1956157203927787,0.0,0.0,0.0,0.0,0.0,0.0,zero,0.0,0.0,0.0,0.0,0.0007608367405199883,0.000815868135725499,0.00012299509951989697,0.08997457264521427,0.06501121568360568,0.06233579327648149,1,0.015927791595458984
3.268722434004303,1788364206.7140882,control,preflight_voltage_failed,1,1,0.00708156600012444,3.7953078746795654,3795.0,0,20.0,0.010733928000263404,nan,10,0,1,1.0,0.052526626735925674,0.06540258973836899,0.04417651891708374,0.0009140804759226739,-0.0030439349357038736,-0.00442886259406805,0.04045255482196808,-0.23421885073184967,-0.3337786793708801,-0.012713775970041752,0.012049920856952667,-0.018011443316936493,-0.01776074834662398,0.005532848278696707,-0.19621559773737138,0.052526626735925674,0.06540258973836899,0.04417651891708374,-0.19621559773737138,0.0,0.0,0.0,0.0,0.0,0.0,0.000845934361053599,0.001101831907252907,0.0004321451617518106,0.0,0.0,0.0,-0.01776074834662398,0.005532848278696707,-0.19621559773737138,0.0,0.0,0.0,0.0,0.0,0.0,zero,0.0,0.0,0.0,0.0,0.000845934361053599,0.001101831907252907,0.0004321451617518106,0.013014637299036428,0.041492965511056065,0.0455322824522735,1,0.007394075393676758
3.279737037999439,1788364206.7251017,control,preflight_voltage_failed,1,1,0.005193561999476515,3.7953078746795654,3795.0,0,20.0,0.0100263089989312,nan,10,0,1,1.0,0.05251618102192879,0.06544288992881775,0.04424382746219635,0.0005676972796209157,-0.001804096158593893,-0.002489120466634631,0.02693810686469078,-0.16796071827411652,-0.23664894700050354,0.0032785553485155106,0.00457280408591032,-0.0020571518689393997,-0.016897559661721424,0.005222969239739957,-0.1954212668476791,0.05251618102192879,0.06544288992881775,0.04424382746219635,-0.1954212668476791,0.0,0.0,0.0,0.0,0.0,0.0,0.0008502036062149571,0.0005048034455735592,-0.00019936485356461246,0.0,0.0,0.0,-0.016897559661721424,0.005222969239739957,-0.1954212668476791,0.0,0.0,0.0,0.0,0.0,0.0,zero,0.0,0.0,0.0,0.0,0.0008502036062149571,0.0005048034455735592,-0.00019936485356461246,0.00033421389483118054,-0.04673781897300264,-0.049437175394410664,1,0.00563359260559082
3.2908475830045063,1788364206.736217,control,preflight_voltage_failed,1,1,0.007691732003877405,3.7953078746795654,3795.0,0,20.0,0.009185633003653493,nan,10,0,1,1.0,0.05251752585172653,0.065414197742939,0.04424916207790375,0.0004853894643019885,-0.002109609544277191,-0.0018674080492928624,0.019639011472463608,-0.14146366715431213,-0.17488083243370056,-0.009216953068971634,0.02045310102403164,-0.002896025311201811,-0.017407750047301575,0.00594512386561018,-0.1954874840560197,0.05251752585172653,0.065414197742939,0.04424916207790375,-0.1954874840560197,0.0,0.0,0.0,0.0,0.0,0.0,0.00082837967256714,-0.0001475698941916547,-0.0008633903728121821,0.0,0.0,0.0,-0.017407750047301575,0.00594512386561018,-0.1954874840560197,0.0,0.0,0.0,0.0,0.0,0.0,zero,0.0,0.0,0.0,0.0,0.00082837967256714,-0.0001475698941916547,-0.0008633903728121821,-0.0025344356451193115,-0.0757607804765234,-0.07711395994911421,1,0.008137941360473633
3.301963053003419,1788364206.7479186,control,preflight_voltage_failed,1,1,0.01000598900282057,3.7953078746795654,3795.0,0,20.0,0.00800029299716698,nan,10,0,1,1.0,0.05252467468380928,0.06544774770736694,0.044238075613975525,0.0005500799743458629,-0.0009284974075853825,-0.0017447981517761946,0.017175067216157913,-0.08644396811723709,-0.13713017106056213,-0.014154810458421707,0.0018524406477808952,0.004924401640892029,-0.017705560185593258,0.00530961590006699,-0.19515627627580404,0.05252467468380928,0.06544774770736694,0.044238075613975525,-0.19515627627580404,0.0,0.0,0.0,0.0,0.0,0.0,0.0007797361876003549,-0.0007113441143582408,-0.00137955984713553,0.0,0.0,0.0,-0.017705560185593258,0.00530961590006699,-0.19515627627580404,0.0,0.0,0.0,0.0,0.0,0.0,zero,0.0,0.0,0.0,0.0,0.0007797361876003549,-0.0007113441143582408,-0.00137955984713553,-0.005503049590563087,-0.06377991818588247,-0.0583943814115257,1,0.01100015640258789
3.3130659870003,1788364206.7584152,control,preflight_voltage_failed,1,1,0.00026473899924894795,3.7953078746795654,3795.0,0,20.0,0.00726104699424468,nan,10,0,1,1.0,0.05252071097493172,0.06540756672620773,0.04425032436847687,0.0005556957912631333,-0.0021393031347543,-0.0007294630631804466,0.017951738089323044,-0.100991390645504,-0.06295333057641983,-0.0031081181950867176,0.01148020289838314,0.010838360525667667,-0.017326261704571154,0.006208396116175647,-0.19541543928368707,0.05252071097493172,0.06540756672620773,0.04425032436847687,-0.19541543928368707,0.0,0.0,0.0,0.0,0.0,0.0,0.000577263911273021,-0.0012873552480288102,-0.0018515391433168568,0.0,0.0,0.0,-0.017326261704571154,0.006208396116175647,-0.19541543928368707,0.0,0.0,0.0,0.0,0.0,0.0,zero,0.0,0.0,0.0,0.0,0.000577263911273021,-0.0012873552480288102,-0.0018515391433168568,-0.014507710554781351,-0.03617395726748371,-0.027527725731668076,1,0.0007417201995849609
3.3241828930040356,1788364206.76954,control,preflight_voltage_failed,1,1,0.0019102420046692714,3.7953078746795654,3795.0,0,20.0,0.00635093299933942,nan,10,0,1,1.0,0.05249171331524849,0.06542402505874634,0.04421379417181015,-0.0001669122138991952,-0.001364388270303607,-0.0013538766652345657,-0.0008761240169405937,-0.06445261090993881,-0.06352957338094711,-0.023430485278367996,-0.006620335392653942,0.002395747695118189,-0.0183211436903636,0.005453715507134653,-0.1956996304085722,0.05249171331524849,0.06542402505874634,0.04421379417181015,-0.1956996304085722,0.0,0.0,0.0,0.0,0.0,0.0,0.0004875586282324228,-0.0014500626318926621,-0.0018425061360502878,0.0,0.0,0.0,-0.0183211436903636,0.005453715507134653,-0.1956996304085722,0.0,0.0,0.0,0.0,0.0,0.0,zero,0.0,0.0,0.0,0.0,0.0004875586282324228,-0.0014500626318926621,-0.0018425061360502878,-0.009457825837773692,-0.017154598335168914,0.0009523698785933133,1,0.0023818016052246094
3.3352847030037083,1788364206.780638,control,preflight_voltage_failed,1,1,0.013012052004341967,3.7953078746795654,3795.0,0,20.0,0.004718046999187209,nan,10,0,1,1.0,0.05249171331524849,0.06542402505874634,0.04421379417181015,-0.0001669122138991952,-0.001364388270303607,-0.0013538766652345657,-0.0008761240169405937,-0.06445261090993881,-0.06352957338094711,-0.023430485278367996,-0.006620335392653942,0.002395747695118189,-0.0183211436903636,0.005453715507134653,-0.1956996304085722,0.05249171331524849,0.06542402505874634,0.04421379417181015,-0.1956996304085722,0.0,0.0,0.0,0.0,0.0,0.0,0.0004875586282324228,-0.0014500626318926621,-0.0018425061360502878,0.0,0.0,0.0,-0.0183211436903636,0.005453715507134653,-0.1956996304085722,0.0,0.0,0.0,0.0,0.0,0.0,zero,0.0,0.0,0.0,0.0,0.0004875586282324228,-0.0014500626318926621,-0.0018425061360502878,-0.009457825837773692,-0.017154598335168914,0.0009523698785933133,1,0.01347970962524414
3.3463843659992563,1788364206.791715,control,preflight_voltage_failed,1,1,0.003678661996673327,3.7953078746795654,3795.0,0,20.0,0.003572804998839274,nan,10,0,1,1.0,0.05252048373222351,0.06544539332389832,0.04418662190437317,0.0011631154920905828,-0.0008427376742474735,-0.0026973658241331577,0.05802691727876663,-0.038915492594242096,-0.11845647543668747,-0.03512418270111084,0.0013509858399629593,-0.005026411265134811,-0.018076256738245183,0.005446787427582203,-0.1957322994030735,0.05252048373222351,0.06544539332389832,0.04418662190437317,-0.1957322994030735,0.0,0.0,0.0,0.0,0.0,0.0,0.0001573225570727106,-0.001512641187862356,-0.0013886350293805727,0.0,0.0,0.0,-0.018076256738245183,0.005446787427582203,-0.1957322994030735,0.0,0.0,0.0,0.0,0.0,0.0,zero,0.0,0.0,0.0,0.0,0.0001573225570727106,-0.001512641187862356,-0.0013886350293805727,-0.03271477452448075,-0.003703839327715785,0.04488498140541963,1,0.004037141799926758
3.357546655002807,1788364206.8028917,control,preflight_voltage_failed,1,1,0.0032017460034694523,3.7953078746795654,3795.0,0,20.0,0.0013870670009055175,nan,10,0,1,1.0,0.052486978471279144,0.06543989479541779,0.04421446472406387,0.00034536089515313506,-0.0007702157599851489,-0.0016716493992134929,0.032140374183654785,-0.02986588142812252,-0.07685220241546631,-0.0033354945480823517,-0.00976779405027628,-0.007106179371476173,-0.01665910334923133,0.004822611377783586,-0.19589815688244064,0.052486978471279144,0.06543989479541779,0.04421446472406387,-0.19589815688244064,0.0,0.0,0.0,0.0,0.0,0.0,0.0001751393053702227,-0.0013895318107808616,-0.0014014603454008635,0.0,0.0,0.0,-0.01665910334923133,0.004822611377783586,-0.19589815688244064,0.0,0.0,0.0,0.0,0.0,0.0,zero,0.0,0.0,0.0,0.0,0.0001751393053702227,-0.0013895318107808616,-0.0014014603454008635,0.0015557492328610604,0.010749847040230263,-0.0011198999518085085,1,0.003761768341064453
3.3686430400048266,1788364206.8139966,control,preflight_voltage_failed,1,1,0.014298131005489267,3.7953078746795654,3795.0,0,20.0,0.0006162230056361295,nan,10,0,1,1.0,0.052486978471279144,0.06543989479541779,0.04421446472406387,0.00034536089515313506,-0.0007702157599851489,-0.0016716493992134929,0.032140374183654785,-0.02986588142812252,-0.07685220241546631,-0.0033354945480823517,-0.00976779405027628,-0.007106179371476173,-0.01665910334923133,0.004822611377783586,-0.19589815688244064,0.052486978471279144,0.06543989479541779,0.04421446472406387,-0.19589815688244064,0.0,0.0,0.0,0.0,0.0,0.0,0.0001751393053702227,-0.0013895318107808616,-0.0014014603454008635,0.0,0.0,0.0,-0.01665910334923133,0.004822611377783586,-0.19589815688244064,0.0,0.0,0.0,0.0,0.0,0.0,zero,0.0,0.0,0.0,0.0,0.0001751393053702227,-0.0013895318107808616,-0.0014014603454008635,0.0015557492328610604,0.010749847040230263,-0.0011198999518085085,1,0.01486659049987793
3.3797364400015795,1788364206.8251047,control,preflight_voltage_failed,1,1,0.007040382995910477,3.7953078746795654,3795.0,0,20.0,0.01170962300238898,nan,10,0,1,1.0,0.05250059813261032,0.06544419378042221,0.04419136792421341,0.0009165588417090476,2.2358086425811052e-05,-0.0052897571586072445,0.06589176505804062,0.03534486144781113,-0.3897855877876282,-0.03461764380335808,-0.03321618586778641,0.0026679676957428455,-0.017678528773534433,0.0053259643193598084,-0.1956652715323267,0.05250059813261032,0.06544419378042221,0.04419136792421341,-0.1956652715323267,0.0,0.0,0.0,0.0,0.0,0.0,0.0004146005918786913,-0.0009177990986586149,-0.0016192461750940497,0.0,0.0,0.0,-0.017678528773534433,0.0053259643193598084,-0.1956652715323267,0.0,0.0,0.0,0.0,0.0,0.0,zero,0.0,0.0,0.0,0.0,0.0004146005918786913,-0.0009177990986586149,-0.0016192461750940497,0.044268479851450125,0.08784763930964525,-0.04150240744835936,1,0.007527351379394531
3.390844919005758,1788364206.8362887,control,preflight_voltage_failed,1,1,0.0047957940041669644,3.7953078746795654,3795.0,0,20.0,0.010717982004280202,nan,10,0,1,1.0,0.052530329674482346,0.06549600511789322,0.044228117913007736,0.0011788790579885244,0.0007944620447233319,-0.003680977737531066,0.05664520710706711,0.03984858840703964,-0.28771522641181946,-0.032293543219566345,-0.03352880850434303,0.0055835130624473095,-0.017984177907858306,0.004866062135404425,-0.19542691043273902,0.052530329674482346,0.06549600511789322,0.044228117913007736,-0.19542691043273902,0.0,0.0,0.0,0.0,0.0,0.0,0.0005655475322463268,-0.0005888190835385677,-0.0021873628613117437,0.0,0.0,0.0,-0.017984177907858306,0.004866062135404425,-0.19542691043273902,0.0,0.0,0.0,0.0,0.0,0.0,zero,0.0,0.0,0.0,0.0,0.0005655475322463268,-0.0005888190835385677,-0.0021873628613117437,0.01131253539241209,0.024655008278920667,-0.042576816093156895,1,0.00536799430847168
3.4022223070060136,1788364206.8478847,control,preflight_voltage_failed,1,1,0.00011178500426467508,3.7953078746795654,3795.0,0,20.0,0.00976278600137448,nan,10,0,1,1.0,0.05250029265880585,0.06546048074960709,0.0442272387444973,0.0005681234179064631,0.00019208609592169523,-0.0029557575471699238,0.03769154101610184,0.024358853697776794,-0.22111859917640686,-0.014702287502586842,-0.015337076969444752,0.004613212309777737,-0.01709244984333732,0.005786188170293597,-0.19543129843946422,0.05250029265880585,0.06546048074960709,0.0442272387444973,-0.19543129843946422,0.0,0.0,0.0,0.0,0.0,0.0,0.0007507149789273517,-0.00012689752018643142,-0.002958631696467814,0.0,0.0,0.0,-0.01709244984333732,0.005786188170293597,-0.19543129843946422,0.0,0.0,0.0,0.0,0.0,0.0,zero,0.0,0.0,0.0,0.0,0.0007507149789273517,-0.00012689752018643142,-0.002958631696467814,0.011557786244683685,0.028832231511140657,-0.04814107713693241,1,0.0009429454803466797
3.413058779005951,1788364206.8584237,control,preflight_voltage_failed,1,1,0.0008702320046722889,3.7953078746795654,3795.0,0,20.0,0.008055029000388458,nan,10,0,1,1.0,0.05250745639204979,0.06545405089855194,0.04422668740153313,-0.0006491250824183226,-0.010494155809283257,-0.005399140529334545,-0.35430872440338135,-3.1786842346191406,-1.0596026182174683,-0.01598404534161091,0.04544341191649437,-0.03708634525537491,-0.01749290908774715,0.005462251864701578,-0.19518344327935952,0.05250745639204979,0.06545405089855194,0.04422668740153313,-0.19518344327935952,0.0,0.0,0.0,0.0,0.0,0.0,0.0008286789745333,-0.0007442457771019858,-0.004369273656935506,0.0,0.0,0.0,-0.01749290908774715,0.005462251864701578,-0.19518344327935952,0.0,0.0,0.0,0.0,0.0,0.0,zero,0.0,0.0,0.0,0.0,0.0008286789745333,-0.0007442457771019858,-0.004369273656935506,-0.010585075981243825,-0.1131778606220563,-0.07192782678765967,1,0.0014410018920898438
3.424208147000172,1788364206.8695235,control,preflight_voltage_failed,1,1,0.012019599998893682,3.7953078746795654,3795.0,0,20.0,0.007023556994681712,nan,10,0,1,1.0,0.05250745639204979,0.06545405089855194,0.04422668740153313,-0.0006491250824183226,-0.010494155809283257,-0.005399140529334545,-0.35430872440338135,-3.1786842346191406,-1.0596026182174683,-0.01598404534161091,0.04544341191649437,-0.03708634525537491,-0.01749290908774715,0.005462251864701578,-0.19518344327935952,0.05250745639204979,0.06545405089855194,0.04422668740153313,-0.19518344327935952,0.0,0.0,0.0,0.0,0.0,0.0,0.0008286789745333,-0.0007442457771019858,-0.004369273656935506,0.0,0.0,0.0,-0.01749290908774715,0.005462251864701578,-0.19518344327935952,0.0,0.0,0.0,0.0,0.0,0.0,zero,0.0,0.0,0.0,0.0,0.0008286789745333,-0.0007442457771019858,-0.004369273656935506,-0.010585075981243825,-0.1131778606220563,-0.07192782678765967,1,0.012540817260742188
3.435266889006016,1788364206.8805685,control,preflight_voltage_failed,1,1,0.0013768450007773936,3.7953078746795654,3795.0,0,20.0,0.006126071006292477,nan,10,0,1,1.0,0.05251522734761238,0.06543106585741043,0.044253017753362656,-0.002050259616225958,-0.0007001538760960102,0.004646683111786842,-0.4979758560657501,-0.6961570978164673,0.7983117699623108,0.12266701459884644,0.06054289638996124,-0.09864569455385208,-0.016974094260178117,0.005490368184444591,-0.19581688450342533,0.05251522734761238,0.06543106585741043,0.044253017753362656,-0.19581688450342533,0.0,0.0,0.0,0.0,0.0,0.0,-0.0006601527516686017,-0.011030471342370642,-0.005924751830271879,0.0,0.0,0.0,-0.016974094260178117,0.005490368184444591,-0.19581688450342533,0.0,0.0,0.0,0.0,0.0,0.0,zero,0.0,0.0,0.0,0.0,-0.0006601527516686017,-0.011030471342370642,-0.005924751830271879,-0.5715442859495969,-3.942709867802382,-0.592706743921209,1,0.0018584728240966797
3.446376626001438,1788364206.8916788,control,preflight_voltage_failed,1,1,0.0043861349986400455,3.7953078746795654,3795.0,0,20.0,0.004971426002157386,nan,10,0,1,1.0,0.05252169445157051,0.06543925404548645,0.04423549026250839,-0.0014827324775978923,-0.0003607391845434904,0.0032905489206314087,-0.38456130027770996,-0.5486608743667603,0.6056272983551025,0.07242406159639359,0.03976290673017502,-0.05349011719226837,-0.01802433189400251,0.0051525815753539666,-0.19476660922912709,0.05252169445157051,0.06543925404548645,0.04423549026250839,-0.19476660922912709,0.0,0.0,0.0,0.0,0.0,0.0,-0.0011748752342039003,-0.013136257912407523,-0.005551727768912822,0.0,0.0,0.0,-0.01802433189400251,0.0051525815753539666,-0.19476660922912709,0.0,0.0,0.0,0.0,0.0,0.0,zero,0.0,0.0,0.0,0.0,-0.0011748752342039003,-0.013136257912407523,-0.005551727768912822,-0.06265679612803962,-0.2563358786235189,0.045407949635899086,1,0.004753828048706055
3.457595614003367,1788364206.9028978,control,preflight_voltage_failed,1,1,0.01560512300056871,3.7953078746795654,3795.0,0,20.0,0.0040968030007206835,nan,10,0,1,1.0,0.05252169445157051,0.06543925404548645,0.04423549026250839,-0.0014827324775978923,-0.0003607391845434904,0.0032905489206314087,-0.38456130027770996,-0.5486608743667603,0.6056272983551025,0.07242406159639359,0.03976290673017502,-0.05349011719226837,-0.01802433189400251,0.0051525815753539666,-0.19476660922912709,0.05252169445157051,0.06543925404548645,0.04423549026250839,-0.19476660922912709,0.0,0.0,0.0,0.0,0.0,0.0,-0.0011748752342039003,-0.013136257912407523,-0.005551727768912822,0.0,0.0,0.0,-0.01802433189400251,0.0051525815753539666,-0.19476660922912709,0.0,0.0,0.0,0.0,0.0,0.0,zero,0.0,0.0,0.0,0.0,-0.0011748752342039003,-0.013136257912407523,-0.005551727768912822,-0.06265679612803962,-0.2563358786235189,0.045407949635899086,1,0.01597285270690918
3.468657366000116,1788364206.9139662,control,preflight_voltage_failed,1,1,0.005657622998114675,3.7953078746795654,3795.0,0,20.0,0.0030736740009160712,nan,10,0,1,1.0,0.0525033175945282,0.06546272337436676,0.04424407333135605,-0.00836876966059208,0.0004324513429310173,0.014057285152375698,-2.36419939994812,-0.20053401589393616,3.815906047821045,0.09976974129676819,0.09882961213588715,-0.020444301888346672,-0.017678950927774346,0.005528224854451442,-0.19537718362566733,0.0525033175945282,0.06546272337436676,0.04424407333135605,-0.19537718362566733,0.0,0.0,0.0,0.0,0.0,0.0,-0.0018062943899254732,-0.0022139870799541793,0.003139525527455714,0.0,0.0,0.0,-0.017678950927774346,0.005528224854451442,-0.19537718362566733,0.0,0.0,0.0,0.0,0.0,0.0,zero,0.0,0.0,0.0,0.0,-0.0018062943899254732,-0.0022139870799541793,0.003139525527455714,-0.45370454361816226,7.8357434650185676,6.235589169337387,1,0.005967140197753906
3.4797362180033815,1788364206.925016,control,preflight_voltage_failed,1,1,0.007846191001590341,3.7953078746795654,3795.0,0,20.0,0.0019959510027547367,nan,10,0,1,1.0,0.05248936638236046,0.06543804705142975,0.04425526037812233,-0.007009429391473532,-0.00021016068058088422,0.011497946456074715,-1.8607245683670044,-0.1749095320701599,2.9950459003448486,0.0869777500629425,0.07373625785112381,-0.02138807438313961,-0.017362343177931592,0.0052879588503615856,-0.19559632690026302,0.05248936638236046,0.06543804705142975,0.04425526037812233,-0.19559632690026302,0.0,0.0,0.0,0.0,0.0,0.0,-0.0025074652081188073,0.0011461983968766415,0.006461267930030247,0.0,0.0,0.0,-0.017362343177931592,0.0052879588503615856,-0.19559632690026302,0.0,0.0,0.0,0.0,0.0,0.0,zero,0.0,0.0,0.0,0.0,-0.0025074652081188073,0.0011461983968766415,0.006461267930030247,-0.07899762456837794,0.378576323901725,0.3742451231892117,1,0.008141040802001953
3.4908047470016754,1788364206.9360793,control,preflight_voltage_failed,1,1,0.00895823600149015,3.7953078746795654,3795.0,0,20.0,0.0010786040002130903,nan,10,0,1,1.0,0.05247049778699875,0.06547753512859344,0.044256627559661865,-0.005990870762616396,0.0006340959807857871,0.009226132184267044,-1.467887043952942,-0.12277603149414062,2.349883556365967,0.06064114347100258,0.0716373473405838,-0.012261693365871906,-0.017801176159545545,0.005914650594593465,-0.19536863743896016,0.05247049778699875,0.06547753512859344,0.044256627559661865,-0.19536863743896016,0.0,0.0,0.0,0.0,0.0,0.0,-0.0035407130986245547,0.002828542962774812,0.008990081153512774,0.0,0.0,0.0,-0.017801176159545545,0.005914650594593465,-0.19536863743896016,0.0,0.0,0.0,0.0,0.0,0.0,zero,0.0,0.0,0.0,0.0,-0.0035407130986245547,0.002828542962774812,0.008990081153512774,-0.10495388356436643,0.17088696459665215,0.25686843501176154,1,0.009359598159790039
3.502155688001949,1788364206.947453,control,preflight_voltage_failed,1,1,0.0001533920003566891,3.7953078746795654,3795.0,0,20.0,0.0010262360010528937,nan,10,0,1,1.0,0.05251928046345711,0.0654849261045456,0.044212594628334045,-0.0031930506229400635,0.0006965272477827966,0.005110074300318956,-0.8948968648910522,-0.07394852489233017,1.430676817893982,0.032181285321712494,0.04009460657835007,-0.01438886672258377,-0.018027218074362566,0.00538035335762983,-0.1957273393062239,0.05251928046345711,0.0654849261045456,0.044212594628334045,-0.1957273393062239,0.0,0.0,0.0,0.0,0.0,0.0,-0.004882878096174955,0.0031368700503147367,0.010646864701543992,0.0,0.0,0.0,-0.018027218074362566,0.00538035335762983,-0.1957273393062239,0.0,0.0,0.0,0.0,0.0,0.0,zero,0.0,0.0,0.0,0.0,-0.004882878096174955,0.0031368700503147367,0.010646864701543992,-0.04915092518193192,-0.013502397195725449,0.03498005269852295,1,0.0005946159362792969
3.5130980980029562,1788364206.959015,control,preflight_voltage_failed,1,1,0.011095802001364063,3.7953078746795654,3795.0,0,20.0,0.010680480998416897,nan,10,0,1,1.0,0.05251928046345711,0.0654849261045456,0.044212594628334045,-0.0031930506229400635,0.0006965272477827966,0.005110074300318956,-0.8948968648910522,-0.07394852489233017,1.430676817893982,0.032181285321712494,0.04009460657835007,-0.01438886672258377,-0.018027218074362566,0.00538035335762983,-0.1957273393062239,0.05251928046345711,0.0654849261045456,0.044212594628334045,-0.1957273393062239,0.0,0.0,0.0,0.0,0.0,0.0,-0.004882878096174955,0.0031368700503147367,0.010646864701543992,0.0,0.0,0.0,-0.018027218074362566,0.00538035335762983,-0.1957273393062239,0.0,0.0,0.0,0.0,0.0,0.0,zero,0.0,0.0,0.0,0.0,-0.004882878096174955,0.0031368700503147367,0.010646864701543992,-0.04915092518193192,-0.013502397195725449,0.03498005269852295,1,0.012156486511230469
3.524230584000179,1788364206.9695866,control,preflight_voltage_failed,1,1,0.01010743100050604,3.7953078746795654,3795.0,0,20.0,0.00991342499764869,nan,10,0,1,1.0,0.05250890180468559,0.06544912606477737,0.04423869773745537,-0.002730409847572446,-4.976434865966439e-05,0.004530635196715593,-0.7080734968185425,-0.07181212306022644,1.1347172260284424,0.03454740345478058,0.03861807659268379,-0.007063735742121935,-0.017506630035885082,0.00577082323528004,-0.19547192172323966,0.05250890180468559,0.06544912606477737,0.04423869773745537,-0.19547192172323966,0.0,0.0,0.0,0.0,0.0,0.0,-0.004774429327810466,0.002537547089841623,0.009786700362232958,0.0,0.0,0.0,-0.017506630035885082,0.00577082323528004,-0.19547192172323966,0.0,0.0,0.0,0.0,0.0,0.0,zero,0.0,0.0,0.0,0.0,-0.004774429327810466,0.002537547089841623,0.009786700362232958,0.009193691950567002,-0.05080731446366364,-0.07292001635196112,1,0.010932207107543945
3.5353295000022626,1788364206.9806974,control,preflight_voltage_failed,1,1,0.0034554919984657317,3.7953078746795654,3795.0,0,20.0,0.008449783999822102,nan,10,0,1,1.0,0.052518196403980255,0.06547228246927261,0.04423794150352478,0.0012192989233881235,0.0007150478195399046,0.0032542701810598373,0.009058088064193726,0.0238381065428257,0.6755442023277283,0.040615782141685486,0.07337670773267746,-0.011677863076329231,-0.017407842393878863,0.005521159642782426,-0.19590437351499795,0.052518196403980255,0.06547228246927261,0.04423794150352478,-0.19590437351499795,0.0,0.0,0.0,0.0,0.0,0.0,-0.003368219601938535,0.000587934403001669,0.005678755992260866,0.0,0.0,0.0,-0.017407842393878863,0.005521159642782426,-0.19590437351499795,0.0,0.0,0.0,0.0,0.0,0.0,zero,0.0,0.0,0.0,0.0,-0.003368219601938535,0.000587934403001669,0.005678755992260866,0.4314517106934706,-0.5948774543905878,-1.2553389043659797,1,0.003984212875366211
3.5464355730000534,1788364206.991799,control,preflight_voltage_failed,1,1,0.003244350999011658,3.7953078746795654,3795.0,0,20.0,0.007143079994420987,nan,10,0,1,1.0,0.052497025579214096,0.0654410719871521,0.04423486068844795,0.0005979082197882235,1.547415740787983e-05,0.0025484771467745304,-0.003834544215351343,0.006595265120267868,0.5278492569923401,0.020780429244041443,0.06052647531032562,-0.002285922411829233,-0.018062434167508135,0.005630507918321929,-0.1955105529171656,0.052497025579214096,0.0654410719871521,0.04423486068844795,-0.1955105529171656,0.0,0.0,0.0,0.0,0.0,0.0,-0.0024003220447544665,9.22192852698268e-05,0.004250231111215815,0.0,0.0,0.0,-0.018062434167508135,0.005630507918321929,-0.1955105529171656,0.0,0.0,0.0,0.0,0.0,0.0,zero,0.0,0.0,0.0,0.0,-0.0024003220447544665,9.22192852698268e-05,0.004250231111215815,0.08629305124215894,-0.04419555534409898,-0.12736034908421257,1,0.0038695335388183594
3.5575962160000927,1788364207.0029504,control,preflight_voltage_failed,1,1,0.005783640997833572,3.7953078746795654,3795.0,0,20.0,0.005687400000169873,nan,10,0,1,1.0,0.0524776466190815,0.06548018008470535,0.04425604268908501,3.6715762689709663e-05,0.0009035809198394418,0.002521480666473508,-0.015856178477406502,0.025514530017971992,0.42166420817375183,0.018019510433077812,0.03550250455737114,0.004313405137509108,-0.017999714953494467,0.005068557151615509,-0.1952308348259423,0.0524776466190815,0.06548018008470535,0.04425604268908501,-0.1952308348259423,0.0,0.0,0.0,0.0,0.0,0.0,-0.0014892771143231198,-0.00015788090384168178,0.0032443138368058026,0.0,0.0,0.0,-0.017999714953494467,0.005068557151615509,-0.1952308348259423,0.0,0.0,0.0,0.0,0.0,0.0,zero,0.0,0.0,0.0,0.0,-0.0014892771143231198,-0.00015788090384168178,0.0032443138368058026,0.10382565470839906,-0.02850223409387993,-0.11463761677336741,1,0.006246089935302734
3.568763774004765,1788364207.014134,control,preflight_voltage_failed,1,1,0.006789559003664181,3.7953078746795654,3795.0,0,20.0,0.004947824003465939,nan,10,0,1,1.0,0.05250072851777077,0.06546466797590256,0.044230785220861435,0.00048256549052894115,0.0004182980628684163,0.0015212763100862503,-0.003931073471903801,0.010883519425988197,0.31769323348999023,0.017712192609906197,0.05001058802008629,3.941589966416359e-06,-0.01783291042434805,0.006165798242077378,-0.19542609004622252,0.05250072851777077,0.06546466797590256,0.044230785220861435,-0.19542609004622252,0.0,0.0,0.0,0.0,0.0,0.0,-0.0007368474993233421,-0.00018216908198622747,0.0025641547578004226,0.0,0.0,0.0,-0.01783291042434805,0.006165798242077378,-0.19542609004622252,0.0,0.0,0.0,0.0,0.0,0.0,zero,0.0,0.0,0.0,0.0,-0.0007368474993233421,-0.00018216908198622747,0.0025641547578004226,0.07386239483024849,-0.0023842535807424006,-0.06676794405665226,1,0.007242679595947266
3.5797678400049335,1788364207.0251296,control,preflight_voltage_failed,1,1,0.005645900004310533,3.7953078746795654,3795.0,0,20.0,0.0035362470007385127,nan,10,0,1,1.0,0.052493616938591,0.06546822935342789,0.044232241809368134,0.00026770963449962437,0.0003939028247259557,0.001241259858943522,-0.006720243487507105,0.008300857618451118,0.24949488043785095,0.016040921211242676,0.030491985380649567,0.0005531463539227843,-0.01772021078792424,0.005594600709209389,-0.1953828994111875,0.052493616938591,0.06546822935342789,0.044232241809368134,-0.1953828994111875,0.0,0.0,0.0,0.0,0.0,0.0,-0.0001678582118710795,-4.9650098464044576e-05,0.0020679591257700787,0.0,0.0,0.0,-0.01772021078792424,0.005594600709209389,-0.1953828994111875,0.0,0.0,0.0,0.0,0.0,0.0,zero,0.0,0.0,0.0,0.0,-0.0001678582118710795,-4.9650098464044576e-05,0.0020679591257700787,0.04733738062715809,0.011024990631023026,-0.04128127192715263,1,0.006218433380126953
3.5908445810055127,1788364207.0362036,control,preflight_voltage_failed,1,1,0.00884201200096868,3.7953078746795654,3795.0,0,20.0,0.014612988001317717,nan,10,0,1,1.0,0.05249181389808655,0.06545823067426682,0.044259581714868546,0.00016895770386327058,6.441224832087755e-05,0.0016785373445600271,-0.00785233173519373,-0.0016210642643272877,0.21056035161018372,0.0017001479864120483,0.019736794754862785,-0.0110539011657238,-0.01816669742129689,0.005400684448323657,-0.19583799106926544,0.05249181389808655,0.06545823067426682,0.044259581714868546,-0.19583799106926544,0.0,0.0,0.0,0.0,0.0,0.0,0.00022420597219436017,6.704232090933799e-05,0.0017023250591032934,0.0,0.0,0.0,-0.01816669742129689,0.005400684448323657,-0.19583799106926544,0.0,0.0,0.0,0.0,0.0,0.0,zero,0.0,0.0,0.0,0.0,0.00022420597219436017,6.704232090933799e-05,0.0017023250591032934,0.049163967217244975,0.014632967033827314,-0.04584968991738711,1,0.009317874908447266
3.602039212004456,1788364207.0473776,control,preflight_voltage_failed,1,1,0.008554487998480909,3.7953078746795654,3795.0,0,20.0,0.0018285110054421239,nan,10,0,1,1.0,0.05250045657157898,0.06547891348600388,0.04423992335796356,0.00028640154050663114,0.00041345172212459147,0.0009988346137106419,-0.004226753022521734,0.00481087900698185,0.15655438601970673,0.004588015843182802,0.029729068279266357,-0.005566006992012262,-0.017981229733100727,0.006200549812146437,-0.1956651354850179,0.05250045657157898,0.06547891348600388,0.04423992335796356,-0.1956651354850179,0.0,0.0,0.0,0.0,0.0,0.0,0.00041677792625040413,0.0001552522569309343,0.0014665903270780702,0.0,0.0,0.0,-0.017981229733100727,0.006200549812146437,-0.1956651354850179,0.0,0.0,0.0,0.0,0.0,0.0,zero,0.0,0.0,0.0,0.0,0.00041677792625040413,0.0001552522569309343,0.0014665903270780702,0.01684649738627764,0.00771674392522944,-0.020622445082330212,1,0.009060859680175781
3.6131032400007825,1788364207.059064,control,preflight_voltage_failed,1,1,0.0012883489980595186,3.7953078746795654,3795.0,0,20.0,0.0008305119990836829,nan,10,0,1,1.0,0.05247436463832855,0.06543174386024475,0.04424034059047699,-0.0015309551963582635,-0.0008769429405219853,0.0014332350110635161,-0.07777886092662811,-0.03231777995824814,0.13219159841537476,0.008966444060206413,0.0192460585385561,-0.022649014368653297,-0.017739728341113824,0.005995300257206641,-0.19624802941600394,0.05247436463832855,0.06543174386024475,0.04424034059047699,-0.19624802941600394,0.0,0.0,0.0,0.0,0.0,0.0,0.0005294879235524013,0.00022843721799328657,0.001074298379357959,0.0,0.0,0.0,-0.017739728341113824,0.005995300257206641,-0.19624802941600394,0.0,0.0,0.0,0.0,0.0,0.0,zero,0.0,0.0,0.0,0.0,0.0005294879235524013,0.00022843721799328657,0.001074298379357959,0.005893413100507433,0.0034561589847301763,-0.031261970808570516,1,0.0022923946380615234
3.6242845119995764,1788364207.0696309,control,preflight_voltage_failed,1,1,0.012469620996853337,3.7953078746795654,3795.0,0,20.0,0.012011783997877501,nan,10,0,1,1.0,0.05247436463832855,0.06543174386024475,0.04424034059047699,-0.0015309551963582635,-0.0008769429405219853,0.0014332350110635161,-0.07777886092662811,-0.03231777995824814,0.13219159841537476,0.008966444060206413,0.0192460585385561,-0.022649014368653297,-0.017739728341113824,0.005995300257206641,-0.19624802941600394,0.05247436463832855,0.06543174386024475,0.04424034059047699,-0.19624802941600394,0.0,0.0,0.0,0.0,0.0,0.0,0.0005294879235524013,0.00022843721799328657,0.001074298379357959,0.0,0.0,0.0,-0.017739728341113824,0.005995300257206641,-0.19624802941600394,0.0,0.0,0.0,0.0,0.0,0.0,zero,0.0,0.0,0.0,0.0,0.0005294879235524013,0.00022843721799328657,0.001074298379357959,0.005893413100507433,0.0034561589847301763,-0.031261970808570516,1,0.012859344482421875
3.635313604005205,1788364207.080737,control,preflight_voltage_failed,1,1,0.010031484001956414,3.7953078746795654,3795.0,0,20.0,0.010648954004864208,nan,10,0,1,1.0,0.05249998718500137,0.06544782966375351,0.04422123357653618,-0.0008430230664089322,-0.00046189778367988765,0.0008619194850325584,-0.05197383463382721,-0.01967061683535576,0.09724145382642746,0.013310873880982399,-1.858547329902649e-05,-0.0052556805312633514,-0.01732292858517526,0.0049759082217960895,-0.19536661146247072,0.05249998718500137,0.06544782966375351,0.04422123357653618,-0.19536661146247072,0.0,0.0,0.0,0.0,0.0,0.0,0.0002257135584544119,4.527529076800653e-05,0.0009781319490124465,0.0,0.0,0.0,-0.01732292858517526,0.0049759082217960895,-0.19536661146247072,0.0,0.0,0.0,0.0,0.0,0.0,zero,0.0,0.0,0.0,0.0,0.0002257135584544119,4.527529076800653e-05,0.0009781319490124465,-0.022629334232522683,-0.01364444451564189,-0.007163811513638537,1,0.010541677474975586
3.646434702000988,1788364207.091792,control,preflight_voltage_failed,1,1,0.004338380000262987,3.7953078746795654,3795.0,0,20.0,0.010423009996884502,nan,10,0,1,1.0,0.05251466855406761,0.06543582677841187,0.04427936300635338,-0.0005496056983247399,-0.0005913472268730402,0.003586083883419633,-0.03656655177474022,-0.017700329422950745,0.20582272112369537,-0.0013402111362665892,0.006145349238067865,0.006505634170025587,-0.01813535408185605,0.005736566251818665,-0.1953898535179864,0.05251466855406761,0.06543582677841187,0.04427936300635338,-0.1953898535179864,0.0,0.0,0.0,0.0,0.0,0.0,-0.00047012624087419404,-0.00035569443306266867,0.0009010516042261046,0.0,0.0,0.0,-0.01813535408185605,0.005736566251818665,-0.1953898535179864,0.0,0.0,0.0,0.0,0.0,0.0,zero,0.0,0.0,0.0,0.0,-0.00047012624087419404,-0.00035569443306266867,0.0009010516042261046,-0.07675456224380674,-0.04471527603992824,-0.006410960855282493,1,0.004861116409301758
3.6575976880048984,1788364207.102942,control,preflight_voltage_failed,1,1,0.005686114003765397,3.7953078746795654,3795.0,0,20.0,0.009697699999378528,nan,10,0,1,1.0,0.05253611505031586,0.06544840335845947,0.04425673559308052,-2.1843297872692347e-06,-0.0002165204205084592,0.0024072767700999975,-0.018086057156324387,-0.00651394110172987,0.1406109631061554,0.0032740705646574497,0.013270829804241657,0.00931763369590044,-0.017921145801053542,0.0061496794016806565,-0.19519563326800574,0.05253611505031586,0.06544840335845947,0.04425673559308052,-0.19519563326800574,0.0,0.0,0.0,0.0,0.0,0.0,-0.0006239849546303664,-0.00047068629658947954,0.0011199969487791814,0.0,0.0,0.0,-0.017921145801053542,0.0061496794016806565,-0.19519563326800574,0.0,0.0,0.0,0.0,0.0,0.0,zero,0.0,0.0,0.0,0.0,-0.0006239849546303664,-0.00047068629658947954,0.0011199969487791814,-0.015693446621978274,-0.011729063815519004,0.022332222816574206,1,0.006206989288330078
3.6687042560006375,1788364207.1140409,control,preflight_voltage_failed,1,1,0.0005568339984165505,3.7953078746795654,3795.0,0,20.0,0.008750098997552413,nan,10,0,1,1.0,0.05250535532832146,0.06546381860971451,0.04425564035773277,-0.000380862649763003,1.677745603956282e-05,0.0019123225938528776,-0.019136076793074608,-0.002335744444280863,0.10638843476772308,0.011028042994439602,0.007691859267652035,0.0019884565845131874,-0.017241542734920068,0.005904614129762865,-0.19563485095332078,0.05250535532832146,0.06546381860971451,0.04425564035773277,-0.19563485095332078,0.0,0.0,0.0,0.0,0.0,0.0,-0.0005502742893401677,-0.00043991788416848014,0.0016868878186649318,0.0,0.0,0.0,-0.017241542734920068,0.005904614129762865,-0.19563485095332078,0.0,0.0,0.0,0.0,0.0,0.0,zero,0.0,0.0,0.0,0.0,-0.0005502742893401677,-0.00043991788416848014,0.0016868878186649318,0.004542802078719603,0.0018962630082732964,0.0349375902657412,1,0.0010800361633300781
3.6797658310024417,1788364207.1251042,control,preflight_voltage_failed,1,1,0.007775368998409249,3.7953078746795654,3795.0,0,20.0,0.007912499000667594,nan,10,0,1,1.0,0.05249118059873581,0.06543636322021484,0.04428553208708763,-0.0010409083915874362,-0.0014125775778666139,0.0030823983252048492,-0.049590837210416794,-0.07610756158828735,0.14588305354118347,-0.00622553750872612,-0.0010089925490319729,0.015424316748976707,-0.017529701111030485,0.005771362801147028,-0.19536615131730473,0.05249118059873581,0.06543636322021484,0.04428553208708763,-0.19536615131730473,0.0,0.0,0.0,0.0,0.0,0.0,-0.0004897299984582886,-0.0004146536249776943,0.0021494452829978776,0.0,0.0,0.0,-0.017529701111030485,0.005771362801147028,-0.19536615131730473,0.0,0.0,0.0,0.0,0.0,0.0,zero,0.0,0.0,0.0,0.0,-0.0004897299984582886,-0.0004146536249776943,0.0021494452829978776,0.01572293736753321,0.006560954948978383,0.12012300308844849,1,0.008292675018310547
3.6909351960057393,1788364207.1363115,control,preflight_voltage_failed,1,1,0.00694506500440184,3.7953078746795654,3795.0,0,20.0,0.006862022004497703,nan,10,0,1,1.0,0.052506223320961,0.06543000787496567,0.04424699395895004,-0.0005816468619741499,-0.0012361397966742516,0.0018226741813123226,-0.03200707957148552,-0.05794110894203186,0.09568024426698685,-0.013335893861949444,-0.0014089182950556278,0.00689702620729804,-0.01803216571447394,0.005729521112077255,-0.19569152524645056,0.052506223320961,0.06543000787496567,0.04424699395895004,-0.19569152524645056,0.0,0.0,0.0,0.0,0.0,0.0,-0.0005152858783307186,-0.0005220745554124213,0.0024344593186276845,0.0,0.0,0.0,-0.01803216571447394,0.005729521112077255,-0.19569152524645056,0.0,0.0,0.0,0.0,0.0,0.0,zero,0.0,0.0,0.0,0.0,-0.0005152858783307186,-0.0005220745554124213,0.0024344593186276845,-0.0021325228627338123,-0.008963791942664678,0.02378313523989817,1,0.007516145706176758
3.701965921005467,1788364207.1472676,control,preflight_voltage_failed,1,1,0.002441037002427038,3.7953078746795654,3795.0,0,20.0,0.005857440002728254,nan,10,0,1,1.0,0.0525064691901207,0.06546630710363388,0.04423082619905472,-0.0004621883563231677,-0.0005269389366731048,0.001252375659532845,-0.024085339158773422,-0.03732703626155853,0.06928612291812897,-0.001969720236957073,-0.006051436997950077,0.007141543086618185,-0.017347904429366855,0.005344914709999253,-0.1955571092732151,0.0525064691901207,0.06546630710363388,0.04423082619905472,-0.1955571092732151,0.0,0.0,0.0,0.0,0.0,0.0,-0.0005728293345497591,-0.0007465061545520956,0.002403364553072468,0.0,0.0,0.0,-0.017347904429366855,0.005344914709999253,-0.1955571092732151,0.0,0.0,0.0,0.0,0.0,0.0,zero,0.0,0.0,0.0,0.0,-0.0005728293345497591,-0.0007465061545520956,0.002403364553072468,-0.0036620502919772766,-0.014282767445004814,-0.0019788626329116372,1,0.0027587413787841797
3.7130385340060457,1788364207.1583405,control,preflight_voltage_failed,1,1,0.008013839003979228,3.7953078746795654,3795.0,0,20.0,0.016930053003306966,nan,10,0,1,1.0,0.05250600352883339,0.06540083885192871,0.04423306882381439,-0.00038716840208508074,-0.002870341530069709,0.001085784169845283,-0.016462206840515137,-0.11751484125852585,0.04919767007231712,0.039340998977422714,-0.00047524459660053253,0.0005252659320831299,-0.01625475745217306,0.0054592906538776876,-0.19569773888693892,0.05250600352883339,0.06540083885192871,0.04423306882381439,-0.19569773888693892,0.0,0.0,0.0,0.0,0.0,0.0,-0.0006093825755317964,-0.0009331335507702433,0.0023314133778053435,0.0,0.0,0.0,-0.01625475745217306,0.0054592906538776876,-0.19569773888693892,0.0,0.0,0.0,0.0,0.0,0.0,zero,0.0,0.0,0.0,0.0,-0.0006093825755317964,-0.0009331335507702433,0.0023314133778053435,-0.006834369226760712,-0.03489377410365808,-0.013452730451905714,1,0.008483171463012695
3.7242002220009454,1788364207.1698387,control,preflight_voltage_failed,1,1,0.009752134996233508,3.7953078746795654,3795.0,0,20.0,0.0035737360012717545,nan,10,0,1,1.0,0.05247342213988304,0.06547324359416962,0.04424582049250603,-0.0009917045244947076,-0.0007807502988725901,0.001135536003857851,-0.025823473930358887,-0.0502740778028965,0.04039950296282768,0.002200491726398468,-0.005207173526287079,-0.0028354020323604345,-0.017654062890461092,0.005226076153712365,-0.1958493534382394,0.05247342213988304,0.06547324359416962,0.04424582049250603,-0.1958493534382394,0.0,0.0,0.0,0.0,0.0,0.0,-0.0006224993219600637,-0.0011481556056283748,0.0021307399374206927,0.0,0.0,0.0,-0.017654062890461092,0.005226076153712365,-0.1958493534382394,0.0,0.0,0.0,0.0,0.0,0.0,zero,0.0,0.0,0.0,0.0,-0.0006224993219600637,-0.0011481556056283748,0.0021307399374206927,-0.0013727137584477152,-0.022502816128042332,-0.02100118303555822,1,0.010426044464111328
3.7352601279999362,1788364207.1805937,control,preflight_voltage_failed,1,1,0.008798306000244338,3.7953078746795654,3795.0,0,20.0,0.002117511998221744,nan,10,0,1,1.0,0.052525512874126434,0.06541174650192261,0.044259171932935715,7.474498124793172e-05,-0.0016494689043611288,0.0011309348046779633,-0.0028860606253147125,-0.05469673126935959,0.032242920249700546,0.0036530601792037487,0.003233873751014471,-0.0022876914590597153,-0.01754054213247565,0.005669999950449289,-0.19585832945339293,0.052525512874126434,0.06541174650192261,0.044259171932935715,-0.19585832945339293,0.0,0.0,0.0,0.0,0.0,0.0,-0.0006189867516108445,-0.001324935150954618,0.001833024288719537,0.0,0.0,0.0,-0.01754054213247565,0.005669999950449289,-0.19585832945339293,0.0,0.0,0.0,0.0,0.0,0.0,zero,0.0,0.0,0.0,0.0,-0.0006189867516108445,-0.001324935150954618,0.001833024288719537,0.00029272959657477155,-0.014732403864174586,-0.02481094272109226,1,0.009181737899780273
3.7463790030014934,1788364207.1917036,control,preflight_voltage_failed,1,1,0.00170765099755954,3.7953078746795654,3795.0,0,20.0,0.0008990939968498424,nan,10,0,1,1.0,0.052458249032497406,0.06546352803707123,0.044256024062633514,-0.0010310919024050236,-0.0005851961905136704,0.000597364385612309,-0.017641581594944,-0.027593865990638733,0.00835347268730402,-0.012125152163207531,0.00046909390948712826,0.024510517716407776,-0.0178190307287932,0.005636395644424311,-0.1946221427937027,0.052458249032497406,0.06546352803707123,0.044256024062633514,-0.1946221427937027,0.0,0.0,0.0,0.0,0.0,0.0,-0.0006037433833912557,-0.00129446802307532,0.0013338375635564843,0.0,0.0,0.0,-0.0178190307287932,0.005636395644424311,-0.1946221427937027,0.0,0.0,0.0,0.0,0.0,0.0,zero,0.0,0.0,0.0,0.0,-0.0006037433833912557,-0.00129446802307532,0.0013338375635564843,-0.0008020979400273294,0.008363243082906282,-0.029416495937423348,1,0.0021157264709472656
3.7574811140002566,1788364207.2027874,control,preflight_voltage_failed,1,1,0.0045176839994383045,3.7953078746795654,3795.0,0,20.0,0.00010504500096431002,nan,10,0,1,1.0,0.05245114862918854,0.06545675545930862,0.04428419470787048,-0.0009979959577322006,-0.0006332863122224808,0.0011647496139630675,-0.01330631785094738,-0.023247627541422844,0.02051679417490959,-0.003717453218996525,0.011255680583417416,0.009671950712800026,-0.017576091138991782,0.006075359578896156,-0.19503752459530763,0.05245114862918854,0.06545675545930862,0.04428419470787048,-0.19503752459530763,0.0,0.0,0.0,0.0,0.0,0.0,-0.0006534065564608755,-0.0011622379153709843,0.0011461855652884077,0.0,0.0,0.0,-0.017576091138991782,0.006075359578896156,-0.19503752459530763,0.0,0.0,0.0,0.0,0.0,0.0,zero,0.0,0.0,0.0,0.0,-0.0006534065564608755,-0.0011622379153709843,0.0011461855652884077,-0.006053367977059615,0.016117324973547016,-0.022872614191502324,1,0.0049953460693359375
3.7686431140027707,1788364207.2139816,control,preflight_voltage_failed,1,1,0.01567968400195241,3.7953078746795654,3795.0,0,20.0,0.011267045003478415,nan,10,0,1,1.0,0.05245114862918854,0.06545675545930862,0.04428419470787048,-0.0009979959577322006,-0.0006332863122224808,0.0011647496139630675,-0.01330631785094738,-0.023247627541422844,0.02051679417490959,-0.003717453218996525,0.011255680583417416,0.009671950712800026,-0.017576091138991782,0.006075359578896156,-0.19503752459530763,0.05245114862918854,0.06545675545930862,0.04428419470787048,-0.19503752459530763,0.0,0.0,0.0,0.0,0.0,0.0,-0.0006534065564608755,-0.0011622379153709843,0.0011461855652884077,0.0,0.0,0.0,-0.017576091138991782,0.006075359578896156,-0.19503752459530763,0.0,0.0,0.0,0.0,0.0,0.0,zero,0.0,0.0,0.0,0.0,-0.0006534065564608755,-0.0011622379153709843,0.0011461855652884077,-0.006053367977059615,0.016117324973547016,-0.022872614191502324,1,0.0161895751953125
3.7797633570007747,1788364207.2250888,control,preflight_voltage_failed,1,1,0.0030549809962394647,3.7953078746795654,3795.0,0,20.0,0.01051628699497087,nan,10,0,1,1.0,0.05251530557870865,0.06546302884817123,0.044211238622665405,-3.830218702205457e-05,2.5252578780055046e-05,-0.0003155176527798176,-0.00016646133735775948,0.0033603589981794357,-0.010946512222290039,0.006512387655675411,-0.0016782758757472038,0.0026548351161181927,-0.017297681135140904,0.005589594004576792,-0.19545994884334758,0.05251530557870865,0.06546302884817123,0.044211238622665405,-0.19545994884334758,0.0,0.0,0.0,0.0,0.0,0.0,-0.0006865672674161511,-0.0007726332897623028,0.0007952653329133545,0.0,0.0,0.0,-0.017297681135140904,0.005589594004576792,-0.19545994884334758,0.0,0.0,0.0,0.0,0.0,0.0,zero,0.0,0.0,0.0,0.0,-0.0006865672674161511,-0.0007726332897623028,0.0007952653329133545,0.0018979255046673038,0.022109620065219077,-0.021609993953135537,1,0.0035707950592041016
3.7909406770049827,1788364207.2362635,control,preflight_voltage_failed,1,1,0.006073664000723511,3.7953078746795654,3795.0,0,20.0,0.009326190003775991,nan,10,0,1,1.0,0.05247868224978447,0.06542718410491943,0.04422607645392418,-0.0009271156159229577,-0.0008572133956477046,0.00011078955139964819,-0.021889738738536835,-0.0189129076898098,0.00167803093791008,-0.012937555089592934,0.002088049426674843,0.00443677231669426,-0.01803853215798478,0.005731392898987644,-0.1953679414522274,0.05247868224978447,0.06542718410491943,0.04422607645392418,-0.1953679414522274,0.0,0.0,0.0,0.0,0.0,0.0,-0.0006318284097212199,-0.0006284046839641922,0.0006056736918901781,0.0,0.0,0.0,-0.01803853215798478,0.005731392898987644,-0.1953679414522274,0.0,0.0,0.0,0.0,0.0,0.0,zero,0.0,0.0,0.0,0.0,-0.0006318284097212199,-0.0006284046839641922,0.0006056736918901781,0.006700659869988343,0.01765522467351852,-0.023208177046173034,1,0.0065762996673583984
3.801946952000435,1788364207.2472856,control,preflight_voltage_failed,1,1,0.009578148994478397,3.7953078746795654,3795.0,0,20.0,0.007888019994425122,nan,10,0,1,1.0,0.05247410759329796,0.06545478105545044,0.04417145252227783,-0.000862003886140883,4.0016660932451487e-05,-0.0013479532208293676,-0.015799380838871002,0.008466420695185661,-0.037021853029727936,0.009412133134901524,-0.01617802120745182,0.007525572553277016,-0.017286227145376847,0.005055509165274649,-0.1952047664851712,0.05247410759329796,0.06545478105545044,0.04417145252227783,-0.1952047664851712,0.0,0.0,0.0,0.0,0.0,0.0,-0.0006028293690348158,-0.0005190806108660908,0.0004005891423467516,0.0,0.0,0.0,-0.017286227145376847,0.005055509165274649,-0.1952047664851712,0.0,0.0,0.0,0.0,0.0,0.0,zero,0.0,0.0,0.0,0.0,-0.0006028293690348158,-0.0005190806108660908,0.0004005891423467516,0.00381251895894266,0.01437289274023318,-0.026962572375268532,1,0.009992122650146484
3.8131633560042246,1788364207.2584805,control,preflight_voltage_failed,1,1,0.01063822799915215,3.7953078746795654,3795.0,0,20.0,0.00684143700345885,nan,10,0,1,1.0,0.05250026658177376,0.06544819474220276,0.04421010613441467,-0.00014825246762484312,-0.00010428798850625753,-0.00027844036230817437,0.0021313177421689034,0.0037868053186684847,-0.007484307512640953,0.005944471340626478,-0.00174684077501297,0.003910562954843044,-0.01736341998443204,0.005594650456730087,-0.19531607230460604,0.05250026658177376,0.06544819474220276,0.04421010613441467,-0.19531607230460604,0.0,0.0,0.0,0.0,0.0,0.0,-0.0006002926756702449,-0.0004179578587349496,0.00013425891417318778,0.0,0.0,0.0,-0.01736341998443204,0.005594650456730087,-0.19531607230460604,0.0,0.0,0.0,0.0,0.0,0.0,zero,0.0,0.0,0.0,0.0,-0.0006002926756702449,-0.0004179578587349496,0.00013425891417318778,0.0002624744209047032,0.010463281126767665,-0.027557478324188162,1,0.011522531509399414
3.8242730970014236,1788364207.2699783,control,preflight_voltage_failed,1,1,0.00012278599751880392,3.7953078746795654,3795.0,0,20.0,0.006281545000092592,nan,10,0,1,1.0,0.052502792328596115,0.06547155976295471,0.044226665049791336,-0.0009739790693856776,0.0012320862151682377,0.00012703737593255937,-0.03411062806844711,0.04702499881386757,0.0032890443690121174,0.011878032237291336,0.009900912642478943,-0.0013425340875983238,-0.017611536782404676,0.005699163070758209,-0.19535121350689558,0.052502792328596115,0.06547155976295471,0.044226665049791336,-0.19535121350689558,0.0,0.0,0.0,0.0,0.0,0.0,-0.00032995760656929737,-0.0002327183313409567,-0.0003263423853933013,0.0,0.0,0.0,-0.017611536782404676,0.005699163070758209,-0.19535121350689558,0.0,0.0,0.0,0.0,0.0,0.0,zero,0.0,0.0,0.0,0.0,-0.00032995760656929737,-0.0002327183313409567,-0.0003263423853933013,0.017754955682275753,0.011455979748838552,-0.023286276435490704,1,0.0009114742279052734
3.8353138110032887,1788364207.2806375,control,preflight_voltage_failed,1,1,0.0024678890040377155,3.7953078746795654,3795.0,0,20.0,0.005138123000506312,nan,10,0,1,1.0,0.05249328166246414,0.06542467325925827,0.0442148856818676,-0.0009980404283851385,-9.327183943241835e-05,-0.0001694340317044407,-0.027842195704579353,0.007121184840798378,-0.00419109221547842,0.00593598885461688,-0.001185201108455658,0.0012978250160813332,-0.017765913101470413,0.005305340546898019,-0.19524115645846649,0.05249328166246414,0.06542467325925827,0.0442148856818676,-0.19524115645846649,0.0,0.0,0.0,0.0,0.0,0.0,-0.00027894124865088135,-0.00010753720987890237,-0.0003911438340315366,0.0,0.0,0.0,-0.017765913101470413,0.005305340546898019,-0.19524115645846649,0.0,0.0,0.0,0.0,0.0,0.0,zero,0.0,0.0,0.0,0.0,-0.00027894124865088135,-0.00010753720987890237,-0.0003911438340315366,0.005869006667287747,0.0144010444190126,-0.0074548664315846535,1,0.0028781890869140625
3.8464752420040895,1788364207.291855,control,preflight_voltage_failed,1,1,0.004502921998209786,3.7953078746795654,3795.0,0,20.0,0.004064312000991777,nan,10,0,1,1.0,0.05253381282091141,0.0654398500919342,0.04420819878578186,8.978380355983973e-05,0.00025797373382374644,-0.00028208657749928534,0.0015652608126401901,0.01339428499341011,-0.005821587052196264,0.011906115338206291,0.006894979625940323,-0.007804062217473984,-0.017441555083402286,0.0056560812018187434,-0.19565088188442084,0.05253381282091141,0.0654398500919342,0.04420819878578186,-0.19565088188442084,0.0,0.0,0.0,0.0,0.0,0.0,-0.0003049432905651541,1.7427027981431226e-05,-0.0003945607858786826,0.0,0.0,0.0,-0.017441555083402286,0.0056560812018187434,-0.19565088188442084,0.0,0.0,0.0,0.0,0.0,0.0,zero,0.0,0.0,0.0,0.0,-0.0003049432905651541,1.7427027981431226e-05,-0.0003945607858786826,-0.002849466175712019,0.01369436177861077,-0.00037445092753022935,1,0.004970550537109375
3.8575924149990897,1788364207.3029602,control,preflight_voltage_failed,1,1,0.002523998999095056,3.7953078746795654,3795.0,0,20.0,0.0030696239991812035,nan,10,0,1,1.0,0.05251826345920563,0.0654582530260086,0.0442362017929554,-0.00016520472127012908,0.00048691011033952236,0.00020120368571951985,-0.002634792122989893,0.014205294661223888,0.0027099233120679855,0.010053812526166439,-0.0025054537691175938,0.004605923313647509,-0.017402964736861728,0.005142351183224009,-0.19493010238334021,0.05251826345920563,0.0654582530260086,0.0442362017929554,-0.19493010238334021,0.0,0.0,0.0,0.0,0.0,0.0,-0.0003026716325892524,0.00012188999307807707,-0.0003349625092652626,0.0,0.0,0.0,-0.017402964736861728,0.005142351183224009,-0.19493010238334021,0.0,0.0,0.0,0.0,0.0,0.0,zero,0.0,0.0,0.0,0.0,-0.0003026716325892524,0.00012188999307807707,-0.0003349625092652626,0.00017312663096132402,0.00796128704200458,0.004542078495371563,1,0.002954244613647461
3.8687461910012644,1788364207.3141143,control,preflight_voltage_failed,1,1,0.004035979996842798,3.7953078746795654,3795.0,0,20.0,0.0016170669987332076,nan,10,0,1,1.0,0.052504491060972214,0.06546907871961594,0.044214729219675064,-0.0004193163476884365,0.0006152422865852714,-0.0002867371658794582,-0.007406025193631649,0.014039942994713783,-0.00800555944442749,0.006131819449365139,0.0036467830650508404,-0.010502167046070099,-0.017498242432155992,0.0054014763516526875,-0.19561516751869293,0.052504491060972214,0.06546907871961594,0.044214729219675064,-0.19561516751869293,0.0,0.0,0.0,0.0,0.0,0.0,-0.0002826999989715964,0.00022565492103202448,-0.0002622402705393678,0.0,0.0,0.0,-0.017498242432155992,0.0054014763516526875,-0.19561516751869293,0.0,0.0,0.0,0.0,0.0,0.0,zero,0.0,0.0,0.0,0.0,-0.0002826999989715964,0.00022565492103202448,-0.0002622402705393678,0.0020823084112824145,0.01081887372916758,0.007582260534378434,1,0.004517316818237305
3.8797310790032498,1788364207.3251343,control,preflight_voltage_failed,1,1,0.01502086799882818,3.7953078746795654,3795.0,0,20.0,0.0005616440030280501,nan,10,0,1,1.0,0.052504491060972214,0.06546907871961594,0.044214729219675064,-0.0004193163476884365,0.0006152422865852714,-0.0002867371658794582,-0.007406025193631649,0.014039942994713783,-0.00800555944442749,0.006131819449365139,0.0036467830650508404,-0.010502167046070099,-0.017498242432155992,0.0054014763516526875,-0.19561516751869293,0.052504491060972214,0.06546907871961594,0.044214729219675064,-0.19561516751869293,0.0,0.0,0.0,0.0,0.0,0.0,-0.0002826999989715964,0.00022565492103202448,-0.0002622402705393678,0.0,0.0,0.0,-0.017498242432155992,0.0054014763516526875,-0.19561516751869293,0.0,0.0,0.0,0.0,0.0,0.0,zero,0.0,0.0,0.0,0.0,-0.0002826999989715964,0.00022565492103202448,-0.0002622402705393678,0.0020823084112824145,0.01081887372916758,0.007582260534378434,1,0.015537261962890625
3.8909445850003976,1788364207.3362658,control,preflight_voltage_failed,1,1,0.008790052997937892,3.7953078746795654,3795.0,0,20.0,0.00014869999722577631,nan,10,0,1,1.0,0.05247964709997177,0.06545376032590866,0.04421134293079376,-0.00556771457195282,0.004453593865036964,0.0007192114717327058,-0.5905593633651733,0.49846190214157104,0.11170750111341476,-0.04703314229846001,0.08848338574171066,-0.02057095617055893,-0.01770860003733751,0.006046548445509514,-0.19566931982920288,0.05247964709997177,0.06545376032590866,0.04421134293079376,-0.19566931982920288,0.0,0.0,0.0,0.0,0.0,0.0,-0.0002541941198118413,0.0003870889216535174,-0.00016779808256594462,0.0,0.0,0.0,-0.01770860003733751,0.006046548445509514,-0.19566931982920288,0.0,0.0,0.0,0.0,0.0,0.0,zero,0.0,0.0,0.0,0.0,-0.0002541941198118413,0.0003870889216535174,-0.00016779808256594462,0.004847061838026508,0.04163203117450636,0.023694469921863442,1,0.009086370468139648
3.902058300001954,1788364207.3473551,control,preflight_voltage_failed,1,1,0.00015401899872813374,3.7953078746795654,3795.0,0,20.0,0.010309851997590158,nan,10,0,1,1.0,0.05248161777853966,0.06545539945363998,0.04425998032093048,-0.004087027162313461,0.002948114415630698,0.0011640378506854177,-0.36071208119392395,0.2876441776752472,0.07617729157209396,-0.027649350464344025,0.09652107954025269,-0.027872586622834206,-0.017938194755908434,0.006168095927062291,-0.19576034003036555,0.05248161777853966,0.06545539945363998,0.04425998032093048,-0.19576034003036555,0.0,0.0,0.0,0.0,0.0,0.0,-0.0020029092644940805,0.001760029760338714,0.0002401314305045067,0.0,0.0,0.0,-0.017938194755908434,0.006168095927062291,-0.19576034003036555,0.0,0.0,0.0,0.0,0.0,0.0,zero,0.0,0.0,0.0,0.0,-0.0020029092644940805,0.001760029760338714,0.0002401314305045067,-0.14582516084699906,0.11408170878468481,0.03539847779738307,1,0.0004982948303222656
3.913153733999934,1788364207.3584528,control,preflight_voltage_failed,1,1,0.0009771109980647452,3.7953078746795654,3795.0,0,20.0,0.008707142995262984,nan,10,0,1,1.0,0.05248997360467911,0.0654761865735054,0.044233858585357666,-0.003106415271759033,0.002764507196843624,0.00042101851431652904,-0.26941627264022827,0.2265291064977646,0.046429120004177094,-0.008269326761364937,0.07178424298763275,-0.028924711048603058,-0.01723111096949351,0.005884034552967601,-0.19609465928055225,0.05248997360467911,0.0654761865735054,0.044233858585357666,-0.19609465928055225,0.0,0.0,0.0,0.0,0.0,0.0,-0.0027195542760774277,0.002297560518190178,0.00045904735380614164,0.0,0.0,0.0,-0.01723111096949351,0.005884034552967601,-0.19609465928055225,0.0,0.0,0.0,0.0,0.0,0.0,zero,0.0,0.0,0.0,0.0,-0.0027195542760774277,0.002297560518190178,0.00045904735380614164,-0.06999736944399608,0.05250261766520951,0.021382328088299117,1,0.0013577938079833984
3.9242711550032254,1788364207.3699772,control,preflight_voltage_failed,1,1,0.012094532001356129,3.7953078746795654,3795.0,0,20.0,0.00764204600272933,nan,10,0,1,1.0,0.05248997360467911,0.0654761865735054,0.044233858585357666,-0.003106415271759033,0.002764507196843624,0.00042101851431652904,-0.26941627264022827,0.2265291064977646,0.046429120004177094,-0.008269326761364937,0.07178424298763275,-0.028924711048603058,-0.01723111096949351,0.005884034552967601,-0.19609465928055225,0.05248997360467911,0.0654761865735054,0.044233858585357666,-0.19609465928055225,0.0,0.0,0.0,0.0,0.0,0.0,-0.0027195542760774277,0.002297560518190178,0.00045904735380614164,0.0,0.0,0.0,-0.01723111096949351,0.005884034552967601,-0.19609465928055225,0.0,0.0,0.0,0.0,0.0,0.0,zero,0.0,0.0,0.0,0.0,-0.0027195542760774277,0.002297560518190178,0.00045904735380614164,-0.06999736944399608,0.05250261766520951,0.021382328088299117,1,0.012882232666015625
3.9352773940045154,1788364207.3806233,control,preflight_voltage_failed,1,1,0.003151015000184998,3.7953078746795654,3795.0,0,20.0,0.006346145004499704,nan,10,0,1,1.0,0.052475377917289734,0.06543717533349991,0.04425502195954323,-0.003438314888626337,0.0016096944455057383,0.001124060363508761,-0.2108827531337738,0.135011225938797,0.057099346071481705,0.004512270912528038,0.04799202084541321,-0.03160420060157776,-0.01718940874158528,0.005562015872773438,-0.19595754071695393,0.052475377917289734,0.06543717533349991,0.04425502195954323,-0.19595754071695393,0.0,0.0,0.0,0.0,0.0,0.0,-0.003336939388367266,0.0027181467834586936,0.0006553076469123518,0.0,0.0,0.0,-0.01718940874158528,0.005562015872773438,-0.19595754071695393,0.0,0.0,0.0,0.0,0.0,0.0,zero,0.0,0.0,0.0,0.0,-0.003336939388367266,0.0027181467834586936,0.0006553076469123518,-0.03866951300247659,0.024146090030711373,0.01287349361362049,1,0.003671884536743164
3.9464325640001334,1788364207.3917415,control,preflight_voltage_failed,1,1,0.0020915529967169277,3.7953078746795654,3795.0,0,20.0,0.005212698997638654,nan,10,0,1,1.0,0.05247817561030388,0.0654558464884758,0.044222380965948105,-0.0027047903276979923,0.0015938247088342905,0.00036417681258171797,-0.1566818207502365,0.1077488362789154,0.0332229919731617,-0.002856811275705695,0.042706988751888275,-0.02000177465379238,-0.017582082892166735,0.005830706050781104,-0.19563997330190838,0.05247817561030388,0.0654558464884758,0.044222380965948105,-0.19563997330190838,0.0,0.0,0.0,0.0,0.0,0.0,-0.003346713650831343,0.002548536836756542,0.0007033581470731241,0.0,0.0,0.0,-0.017582082892166735,0.005830706050781104,-0.19563997330190838,0.0,0.0,0.0,0.0,0.0,0.0,zero,0.0,0.0,0.0,0.0,-0.003346713650831343,0.002548536836756542,0.0007033581470731241,-0.0008011457076160487,-0.013902049517169944,0.003938450813459085,1,0.002589702606201172
3.9575880330012296,1788364207.4029152,control,preflight_voltage_failed,1,1,0.001601037998625543,3.7953078746795654,3795.0,0,20.0,0.0041465210015303455,nan,10,0,1,1.0,0.05250263586640358,0.06546065956354141,0.044224683195352554,-0.0017456583445891738,0.0013573444448411465,0.00033070050994865596,-0.10894807428121567,0.08215618878602982,0.026006082072854042,-0.012315861880779266,0.036574508994817734,-0.015557643957436085,-0.018168654197475594,0.0059720522049772195,-0.1956165454118234,0.05250263586640358,0.06546065956354141,0.044224683195352554,-0.1956165454118234,0.0,0.0,0.0,0.0,0.0,0.0,-0.003217288152067619,0.0022724958489900894,0.0006963275966253208,0.0,0.0,0.0,-0.018168654197475594,0.0059720522049772195,-0.1956165454118234,0.0,0.0,0.0,0.0,0.0,0.0,zero,0.0,0.0,0.0,0.0,-0.003217288152067619,0.0022724958489900894,0.0006963275966253208,0.011063216091275035,-0.023595822514730254,-0.00060096734868801,1,0.0020647048950195312
3.968717469004332,1788364207.4140327,control,preflight_voltage_failed,1,1,0.003992384998127818,3.7953078746795654,3795.0,0,20.0,0.003068698999413755,nan,10,0,1,1.0,0.05249660834670067,0.06545409560203552,0.04426540434360504,-0.0015337085351347923,0.0009364846628159285,0.0011913434136658907,-0.08233464509248734,0.05614649876952171,0.04039245843887329,0.010968306101858616,0.01249275729060173,-0.0018313927575945854,-0.017251130221585188,0.005243722662093909,-0.1951371702586865,0.05249660834670067,0.06545409560203552,0.04426540434360504,-0.1951371702586865,0.0,0.0,0.0,0.0,0.0,0.0,-0.002992717703465357,0.0020006915378489648,0.0006757092893186377,0.0,0.0,0.0,-0.017251130221585188,0.005243722662093909,-0.1951371702586865,0.0,0.0,0.0,0.0,0.0,0.0,zero,0.0,0.0,0.0,0.0,-0.002992717703465357,0.0020006915378489648,0.0006757092893186377,0.025560140317881792,-0.030936200087825667,-0.002346732756496443,1,0.004396200180053711
3.9797618010052247,1788364207.4251354,control,preflight_voltage_failed,1,1,0.0035986740040243603,3.7953078746795654,3795.0,0,20.0,0.0018638300025486387,nan,10,0,1,1.0,0.052512072026729584,0.0654655396938324,0.04423052445054054,-0.0009565275977365673,0.0009493296965956688,0.0003430716460570693,-0.05577358603477478,0.04514184221625328,0.0174788199365139,0.01096037495881319,0.018081193789839745,-0.010307845659554005,-0.017128959726612877,0.005697375891148713,-0.19565067057004473,0.052512072026729584,0.0654655396938324,0.04423052445054054,-0.19565067057004473,0.0,0.0,0.0,0.0,0.0,0.0,-0.0025959170780920264,0.001690506573197996,0.0006819058000985186,0.0,0.0,0.0,-0.017128959726612877,0.005697375891148713,-0.19565067057004473,0.0,0.0,0.0,0.0,0.0,0.0,zero,0.0,0.0,0.0,0.0,-0.0025959170780920264,0.001690506573197996,0.0006819058000985186,0.034696821777594214,-0.027123022869377213,0.0005418318833801932,1,0.004062652587890625
3.9908668080024654,1788364207.436213,control,preflight_voltage_failed,1,1,0.005106714001158252,3.7953078746795654,3795.0,0,20.0,0.0007806349967722781,nan,10,0,1,1.0,0.052531540393829346,0.06545066088438034,0.044275857508182526,-0.0003575099108275026,0.0004478674381971359,0.0012238352792337537,-0.03207406774163246,0.02561170607805252,0.03242826461791992,-0.0005797063931822777,-0.0001191217452287674,-0.0059329429641366005,-0.017574674651477905,0.005003003987310961,-0.19552814295119814,0.052531540393829346,0.06545066088438034,0.044275857508182526,-0.19552814295119814,0.0,0.0,0.0,0.0,0.0,0.0,-0.0021547800051063904,0.001401804935014403,0.0006979353236504534,0.0,0.0,0.0,-0.017574674651477905,0.005003003987310961,-0.19552814295119814,0.0,0.0,0.0,0.0,0.0,0.0,zero,0.0,0.0,0.0,0.0,-0.0021547800051063904,0.001401804935014403,0.0006979353236504534,0.04619190607579252,-0.03023023856201312,0.0016784675142793733,1,0.005590200424194336
4.001943102004589,1788364207.4472876,control,preflight_voltage_failed,1,1,0.01019635000557173,3.7953078746795654,3795.0,0,20.0,0.000404555001296103,nan,10,0,1,1.0,0.0525037981569767,0.06544522196054459,0.04423883184790611,-0.0012030755169689655,0.00017850093718152493,-0.0002448789309710264,-0.05361088365316391,0.011584990657866001,-0.02260827273130417,0.025683129206299782,0.015593676827847958,-0.010634207166731358,-0.016784680802273515,0.005474482051953127,-0.1957143877513763,0.0525037981569767,0.06544522196054459,0.04423883184790611,-0.1957143877513763,0.0,0.0,0.0,0.0,0.0,0.0,-0.001766736041698421,0.0011504590189804625,0.0007052897630202812,0.0,0.0,0.0,-0.016784680802273515,0.005474482051953127,-0.1957143877513763,0.0,0.0,0.0,0.0,0.0,0.0,zero,0.0,0.0,0.0,0.0,-0.001766736041698421,0.0011504590189804625,0.0007052897630202812,0.0641383333818529,-0.04154402510264897,0.0012155877390694339,1,0.010614633560180664
4.013089029002003,1788364207.4584239,control,preflight_voltage_failed,1,1,0.005105935997562483,3.7953078746795654,3795.0,0,20.0,0.010706098997616209,nan,10,0,1,1.0,0.05246644467115402,0.06545417010784149,0.04420343041419983,-0.0014223583275452256,0.0002529707853682339,-0.0006317673251032829,-0.04558853060007095,0.010184869170188904,-0.022850006818771362,0.004589656367897987,0.00740057323127985,-0.010724343359470367,-0.01808162778647236,0.005059259099635706,-0.19588724528222798,0.05246644467115402,0.06545417010784149,0.04420343041419983,-0.19588724528222798,0.0,0.0,0.0,0.0,0.0,0.0,-0.0013836634216455837,0.0007621082974157715,0.00048077480624641734,0.0,0.0,0.0,-0.01808162778647236,0.005059259099635706,-0.19588724528222798,0.0,0.0,0.0,0.0,0.0,0.0,zero,0.0,0.0,0.0,0.0,-0.0013836634216455837,0.0007621082974157715,0.00048077480624641734,0.02358077142489537,-0.023905675108409085,-0.013820449700697774,1,0.005505800247192383
4.024170648001018,1788364207.4694965,control,preflight_voltage_failed,1,1,0.00013516000035451725,3.7953078746795654,3795.0,0,20.0,0.009586072999809403,nan,10,0,1,1.0,0.05247103422880173,0.06542988121509552,0.04423739016056061,-0.000931448070332408,-0.00037108108517713845,0.0002683819620870054,-0.021697264164686203,-0.007033730857074261,0.002920260652899742,-0.0016349132638424635,0.028673898428678513,-0.008548010140657425,-0.01830927653338163,0.006086625269573669,-0.19594460812297962,0.05247103422880173,0.06542988121509552,0.04423739016056061,-0.19594460812297962,0.0,0.0,0.0,0.0,0.0,0.0,-0.0008467011325471077,0.00021462095424097828,0.0001933249783100427,0.0,0.0,0.0,-0.01830927653338163,0.006086625269573669,-0.19594460812297962,0.0,0.0,0.0,0.0,0.0,0.0,zero,0.0,0.0,0.0,0.0,-0.0008467011325471077,0.00021462095424097828,0.0001933249783100427,0.029599784809266384,-0.02885025242151521,-0.01115254106198417,1,0.0005583763122558594
4.0352840820050915,1788364207.481292,control,preflight_voltage_failed,1,1,0.011248594004428014,3.7953078746795654,3795.0,0,20.0,0.00842305900005158,nan,10,0,1,1.0,0.05247103422880173,0.06542988121509552,0.04423739016056061,-0.000931448070332408,-0.00037108108517713845,0.0002683819620870054,-0.021697264164686203,-0.007033730857074261,0.002920260652899742,-0.0016349132638424635,0.028673898428678513,-0.008548010140657425,-0.01830927653338163,0.006086625269573669,-0.19594460812297962,0.05247103422880173,0.06542988121509552,0.04423739016056061,-0.19594460812297962,0.0,0.0,0.0,0.0,0.0,0.0,-0.0008467011325471077,0.00021462095424097828,0.0001933249783100427,0.0,0.0,0.0,-0.01830927653338163,0.006086625269573669,-0.19594460812297962,0.0,0.0,0.0,0.0,0.0,0.0,zero,0.0,0.0,0.0,0.0,-0.0008467011325471077,0.00021462095424097828,0.0001933249783100427,0.029599784809266384,-0.02885025242151521,-0.01115254106198417,1,0.012353897094726562
4.046424147003563,1788364207.4917696,control,preflight_voltage_failed,1,1,0.0029365959999267943,3.7953078746795654,3795.0,0,20.0,0.007700053000007756,nan,10,0,1,1.0,0.052507415413856506,0.06545994430780411,0.04426657781004906,-0.0010191688779741526,0.000785581418313086,0.001959251705557108,-0.06014825403690338,0.05074049532413483,0.10503575205802917,0.027592366561293602,0.05839584022760391,-0.03271696716547012,-0.017930502355924888,0.006345205967095483,-0.19598311771251756,0.052507415413856506,0.06545994430780411,0.04426657781004906,-0.19598311771251756,0.0,0.0,0.0,0.0,0.0,0.0,-0.0003861146820460823,-0.00024192713988770755,0.0002930753168113662,0.0,0.0,0.0,-0.017930502355924888,0.006345205967095483,-0.19598311771251756,0.0,0.0,0.0,0.0,0.0,0.0,zero,0.0,0.0,0.0,0.0,-0.0003861146820460823,-0.00024192713988770755,0.0002930753168113662,0.06095927091188258,-0.059943192319427505,0.014509467547619729,1,0.0033664703369140625
4.057634857002995,1788364207.5029697,control,preflight_voltage_failed,1,1,0.0017342319988529198,3.7953078746795654,3795.0,0,20.0,0.006656156001554336,nan,10,0,1,1.0,0.05247737094759941,0.06545703113079071,0.04422641173005104,-0.001300340867601335,0.0005814379546791315,0.0009190031560137868,-0.05265754088759422,0.037296924740076065,0.06723594665527344,0.012056316249072552,0.03621765971183777,-0.028464797884225845,-0.018551839136952235,0.005692347146744376,-0.19611315719739753,0.05247737094759941,0.06545703113079071,0.04422641173005104,-0.19611315719739753,0.0,0.0,0.0,0.0,0.0,0.0,-0.0003902867595445296,-0.00017647132132575923,0.0005205915381947261,0.0,0.0,0.0,-0.018551839136952235,0.005692347146744376,-0.19611315719739753,0.0,0.0,0.0,0.0,0.0,0.0,zero,0.0,0.0,0.0,0.0,-0.0003902867595445296,-0.00017647132132575923,0.0005205915381947261,-0.0003367516230476401,0.005283303856855787,0.018364102020881998,1,0.0021774768829345703
4.068754610001633,1788364207.5141265,control,preflight_voltage_failed,1,1,0.012853984997491352,3.7953078746795654,3795.0,0,20.0,0.005358709997381084,nan,10,0,1,1.0,0.05247737094759941,0.06545703113079071,0.04422641173005104,-0.001300340867601335,0.0005814379546791315,0.0009190031560137868,-0.05265754088759422,0.037296924740076065,0.06723594665527344,0.012056316249072552,0.03621765971183777,-0.028464797884225845,-0.018551839136952235,0.005692347146744376,-0.19611315719739753,0.05247737094759941,0.06545703113079071,0.04422641173005104,-0.19611315719739753,0.0,0.0,0.0,0.0,0.0,0.0,-0.0003902867595445296,-0.00017647132132575923,0.0005205915381947261,0.0,0.0,0.0,-0.018551839136952235,0.005692347146744376,-0.19611315719739753,0.0,0.0,0.0,0.0,0.0,0.0,zero,0.0,0.0,0.0,0.0,-0.0003902867595445296,-0.00017647132132575923,0.0005205915381947261,-0.0003367516230476401,0.005283303856855787,0.018364102020881998,1,0.013334274291992188
4.079792249001912,1788364207.5252104,control,preflight_voltage_failed,1,1,0.007294449002074543,3.7953078746795654,3795.0,0,20.0,0.004241263995936606,nan,10,0,1,1.0,0.052493397146463394,0.065457284450531,0.044184572994709015,-0.003071209415793419,-0.0009403831791132689,-0.007189615163952112,-0.6172602772712708,-0.3458690047264099,-1.9054523706436157,-0.3255529999732971,-0.39561089873313904,0.04140940308570862,-0.01884323550278695,0.0046661391218713625,-0.19537107630120637,0.052493397146463394,0.065457284450531,0.044184572994709015,-0.19537107630120637,0.0,0.0,0.0,0.0,0.0,0.0,-0.0008293898381698031,0.0003726203067769249,0.0010471531833360394,0.0,0.0,0.0,-0.01884323550278695,0.0046661391218713625,-0.19537107630120637,0.0,0.0,0.0,0.0,0.0,0.0,zero,0.0,0.0,0.0,0.0,-0.0008293898381698031,0.0003726203067769249,0.0010471531833360394,-0.2682127597978747,0.3346460217913127,0.3192643455879253,1,0.007741451263427734
4.091017839004053,1788364207.536427,control,preflight_voltage_failed,1,1,0.00312077999842586,3.7953078746795654,3795.0,0,20.0,0.0035823889993480407,nan,10,0,1,1.0,0.052501507103443146,0.06546908617019653,0.0442253053188324,-0.002350444905459881,-0.0005972932558506727,-0.005216681398451328,-0.4843411445617676,-0.27218881249427795,-1.4984478950500488,-0.2402961403131485,-0.3033941388130188,0.024851538240909576,-0.017312771873056916,0.005651524414958124,-0.19601907682107267,0.052501507103443146,0.06546908617019653,0.0442253053188324,-0.19601907682107267,0.0,0.0,0.0,0.0,0.0,0.0,-0.0013549667833540901,0.00021949297342549462,-0.0005938088275471175,0.0,0.0,0.0,-0.017312771873056916,0.005651524414958124,-0.19601907682107267,0.0,0.0,0.0,0.0,0.0,0.0,zero,0.0,0.0,0.0,0.0,-0.0013549667833540901,0.00021949297342549462,-0.0005938088275471175,-0.03451593911557198,-0.010056251065264336,-0.1077660376422138,1,0.0037310123443603516
4.102089962005266,1788364207.547489,control,preflight_voltage_failed,1,1,0.014192902999639045,3.7953078746795654,3795.0,0,20.0,0.0024043360026553273,nan,10,0,1,1.0,0.052501507103443146,0.06546908617019653,0.0442253053188324,-0.002350444905459881,-0.0005972932558506727,-0.005216681398451328,-0.4843411445617676,-0.27218881249427795,-1.4984478950500488,-0.2402961403131485,-0.3033941388130188,0.024851538240909576,-0.017312771873056916,0.005651524414958124,-0.19601907682107267,0.052501507103443146,0.06546908617019653,0.0442253053188324,-0.19601907682107267,0.0,0.0,0.0,0.0,0.0,0.0,-0.0013549667833540901,0.00021949297342549462,-0.0005938088275471175,0.0,0.0,0.0,-0.017312771873056916,0.005651524414958124,-0.19601907682107267,0.0,0.0,0.0,0.0,0.0,0.0,zero,0.0,0.0,0.0,0.0,-0.0013549667833540901,0.00021949297342549462,-0.0005938088275471175,-0.03451593911557198,-0.010056251065264336,-0.1077660376422138,1,0.014792919158935547
4.113148563003051,1788364207.5585005,control,preflight_voltage_failed,1,1,0.0011111030034953728,3.7953078746795654,3795.0,0,20.0,0.0009767939991434105,nan,10,0,1,1.0,0.052492789924144745,0.06546337157487869,0.044238366186618805,-0.004407139960676432,0.004547243006527424,-0.010037194006145,-1.055943489074707,1.2384885549545288,-2.803912401199341,0.0869634747505188,-0.27395081520080566,0.05664739012718201,-0.017231334406930872,0.005604869665856942,-0.19564581346260568,0.052492789924144745,0.06546337157487869,0.044238366186618805,-0.19564581346260568,0.0,0.0,0.0,0.0,0.0,0.0,-0.002903239410574605,-0.0003678513008480225,-0.006594359373654296,0.0,0.0,0.0,-0.017231334406930872,0.005604869665856942,-0.19564581346260568,0.0,0.0,0.0,0.0,0.0,0.0,zero,0.0,0.0,0.0,0.0,-0.002903239410574605,-0.0003678513008480225,-0.006594359373654296,-0.06500293844145413,0.019569515948954043,-0.23121478650203348,1,0.0015201568603515625
4.124267539002176,1788364207.5695739,control,preflight_voltage_failed,1,1,0.012230079002620187,3.7953078746795654,3795.0,0,20.0,9.10259986994788e-05,nan,10,0,1,1.0,0.052492789924144745,0.06546337157487869,0.044238366186618805,-0.004407139960676432,0.004547243006527424,-0.010037194006145,-1.055943489074707,1.2384885549545288,-2.803912401199341,0.0869634747505188,-0.27395081520080566,0.05664739012718201,-0.017231334406930872,0.005604869665856942,-0.19564581346260568,0.052492789924144745,0.06546337157487869,0.044238366186618805,-0.19564581346260568,0.0,0.0,0.0,0.0,0.0,0.0,-0.002903239410574605,-0.0003678513008480225,-0.006594359373654296,0.0,0.0,0.0,-0.017231334406930872,0.005604869665856942,-0.19564581346260568,0.0,0.0,0.0,0.0,0.0,0.0,zero,0.0,0.0,0.0,0.0,-0.002903239410574605,-0.0003678513008480225,-0.006594359373654296,-0.06500293844145413,0.019569515948954043,-0.23121478650203348,1,0.012593507766723633
4.135313660000975,1788364207.5810285,control,preflight_voltage_failed,1,1,0.0015095039998413995,3.7953078746795654,3795.0,0,20.0,0.011137146997498348,nan,10,0,1,1.0,0.052509672939777374,0.06546705216169357,0.044239893555641174,0.003470822935923934,0.011201843619346619,0.00041715940460562706,1.1745835542678833,2.829481363296509,0.48652875423431396,-0.032355934381484985,-0.011793911457061768,0.10994875431060791,-0.017678270597855882,0.005751172484290935,-0.1956325803299735,0.052509672939777374,0.06546705216169357,0.044239893555641174,-0.1956325803299735,0.0,0.0,0.0,0.0,0.0,0.0,-0.0047597413467098506,0.00445644689935197,-0.011372502427126716,0.0,0.0,0.0,-0.017678270597855882,0.005751172484290935,-0.1956325803299735,0.0,0.0,0.0,0.0,0.0,0.0,zero,0.0,0.0,0.0,0.0,-0.0047597413467098506,0.00445644689935197,-0.011372502427126716,-1.1785281251236583,3.0686477036850617,-3.034844513382262,1,0.00237274169921875
4.146377041004598,1788364207.591676,control,preflight_voltage_failed,1,1,0.012572885003464762,3.7953078746795654,3795.0,0,20.0,0.010044408998510335,nan,10,0,1,1.0,0.052509672939777374,0.06546705216169357,0.044239893555641174,0.003470822935923934,0.011201843619346619,0.00041715940460562706,1.1745835542678833,2.829481363296509,0.48652875423431396,-0.032355934381484985,-0.011793911457061768,0.10994875431060791,-0.017678270597855882,0.005751172484290935,-0.1956325803299735,0.052509672939777374,0.06546705216169357,0.044239893555641174,-0.1956325803299735,0.0,0.0,0.0,0.0,0.0,0.0,-0.0047597413467098506,0.00445644689935197,-0.011372502427126716,0.0,0.0,0.0,-0.017678270597855882,0.005751172484290935,-0.1956325803299735,0.0,0.0,0.0,0.0,0.0,0.0,zero,0.0,0.0,0.0,0.0,-0.0047597413467098506,0.00445644689935197,-0.011372502427126716,-1.1785281251236583,3.0686477036850617,-3.034844513382262,1,0.01302027702331543
4.157594160002191,1788364207.602916,control,preflight_voltage_failed,1,1,0.005485440997290425,3.7953078746795654,3795.0,0,20.0,0.009511156000371557,nan,10,0,1,1.0,0.05251661688089371,0.06545485556125641,0.04421810433268547,0.008885844610631466,0.0042949095368385315,-0.0018102338071912527,1.5288417339324951,1.226905107498169,0.06572405993938446,0.05578203499317169,-0.07576936483383179,0.10136406123638153,-0.017211862239728842,0.005452561528977963,-0.1954624493291043,0.05251661688089371,0.06545485556125641,0.04421810433268547,-0.1954624493291043,0.0,0.0,0.0,0.0,0.0,0.0,-0.0012623703307703378,0.008897307450474921,-0.00653519624733705,0.0,0.0,0.0,-0.017211862239728842,0.005452561528977963,-0.1954624493291043,0.0,0.0,0.0,0.0,0.0,0.0,zero,0.0,0.0,0.0,0.0,-0.0012623703307703378,0.008897307450474921,-0.00653519624733705,0.9779359677801158,1.2295693684310012,1.3506828927823387,1,0.005841732025146484
4.168706689000828,1788364207.614026,control,preflight_voltage_failed,1,1,0.005512416995770764,3.7953078746795654,3795.0,0,20.0,0.008452966001641471,nan,10,0,1,1.0,0.05245307832956314,0.06546248495578766,0.04417033866047859,0.005952450912445784,0.0035747613292187452,-0.0023173894733190536,1.1696937084197998,0.9684194326400757,0.043350428342819214,0.023784225806593895,-0.05378539487719536,0.08721756190061569,-0.018355307305918396,0.005833826156932627,-0.19513251558452568,0.05245307832956314,0.06546248495578766,0.04417033866047859,-0.19513251558452568,0.0,0.0,0.0,0.0,0.0,0.0,0.0009165768518850251,0.009345201048511106,-0.004482505303307321,0.0,0.0,0.0,-0.018355307305918396,0.005833826156932627,-0.19513251558452568,0.0,0.0,0.0,0.0,0.0,0.0,zero,0.0,0.0,0.0,0.0,0.0009165768518850251,0.009345201048511106,-0.004482505303307321,0.198250870604571,0.04075146770683877,0.18676348374818696,1,0.005960941314697266
4.179768472000433,1788364207.625077,control,preflight_voltage_failed,1,1,0.01657419999537524,3.7953078746795654,3795.0,0,20.0,0.007234377000713721,nan,10,0,1,1.0,0.05245307832956314,0.06546248495578766,0.04417033866047859,0.005952450912445784,0.0035747613292187452,-0.0023173894733190536,1.1696937084197998,0.9684194326400757,0.043350428342819214,0.023784225806593895,-0.05378539487719536,0.08721756190061569,-0.018355307305918396,0.005833826156932627,-0.19513251558452568,0.05245307832956314,0.06546248495578766,0.04417033866047859,-0.19513251558452568,0.0,0.0,0.0,0.0,0.0,0.0,0.0009165768518850251,0.009345201048511106,-0.004482505303307321,0.0,0.0,0.0,-0.018355307305918396,0.005833826156932627,-0.19513251558452568,0.0,0.0,0.0,0.0,0.0,0.0,zero,0.0,0.0,0.0,0.0,0.0009165768518850251,0.009345201048511106,-0.004482505303307321,0.198250870604571,0.04075146770683877,0.18676348374818696,1,0.01701188087463379
4.190936973005591,1788364207.6362615,control,preflight_voltage_failed,1,1,0.008909481999580748,3.7953078746795654,3795.0,0,20.0,0.00604497900349088,nan,10,0,1,1.0,0.05248976871371269,0.06549090147018433,0.04425189271569252,0.005382245406508446,0.006956186145544052,0.0025993650779128075,0.778044581413269,1.1060923337936401,0.487283319234848,-0.01786445640027523,0.03323209285736084,0.05819720774888992,-0.018093632167216,0.0057966992104398814,-0.19528159277401363,0.05248976871371269,0.06549090147018433,0.04425189271569252,-0.19528159277401363,0.0,0.0,0.0,0.0,0.0,0.0,0.0061892325519842094,0.005625226250090256,-0.001349059836456925,0.0,0.0,0.0,-0.018093632167216,0.0057966992104398814,-0.19528159277401363,0.0,0.0,0.0,0.0,0.0,0.0,zero,0.0,0.0,0.0,0.0,0.0061892325519842094,0.005625226250090256,-0.001349059836456925,1.4574895551883336,-1.0319841442638231,0.868289636074259,1,0.00941157341003418
4.202059642004315,1788364207.6474597,control,preflight_voltage_failed,1,1,0.007049293002637569,3.7953078746795654,3795.0,0,20.0,0.0044857640023110434,nan,10,0,1,1.0,0.05248209461569786,0.06545665860176086,0.04424527287483215,0.004187659360468388,0.005037806462496519,0.0019775847904384136,0.6040459871292114,0.855341911315918,0.3802548348903656,-0.0025274930521845818,0.01811717450618744,0.040142133831977844,-0.017331690317282388,0.005239294820848469,-0.1956885492207298,0.05248209461569786,0.06545665860176086,0.04424527287483215,-0.1956885492207298,0.0,0.0,0.0,0.0,0.0,0.0,0.007033530501765966,0.004786027393963997,-3.3624593540910325e-05,0.0,0.0,0.0,-0.017331690317282388,0.005239294820848469,-0.1956885492207298,0.0,0.0,0.0,0.0,0.0,0.0,zero,0.0,0.0,0.0,0.0,0.007033530501765966,0.004786027393963997,-3.3624593540910325e-05,0.06498526907972439,-0.06459279391932532,0.10124851450835176,1,0.0076177120208740234
4.213076676001947,1788364207.6590128,control,preflight_voltage_failed,1,1,0.003018853996763937,3.7953078746795654,3795.0,0,20.0,0.003739357001904864,nan,10,0,1,1.0,0.05247693881392479,0.06544602662324905,0.044241975992918015,0.003281807294115424,0.0038893597666174173,0.0015383805148303509,0.4712332487106323,0.6690553426742554,0.2983839213848114,-0.006102615501731634,0.025721389800310135,0.034310221672058105,-0.017638782173671413,0.0060893622434299455,-0.1955376139897662,0.05247693881392479,0.06544602662324905,0.044241975992918015,-0.1955376139897662,0.0,0.0,0.0,0.0,0.0,0.0,0.006544875617831673,0.00458758059908259,0.001091917313218775,0.0,0.0,0.0,-0.017638782173671413,0.0060893622434299455,-0.1955376139897662,0.0,0.0,0.0,0.0,0.0,0.0,zero,0.0,0.0,0.0,0.0,0.006544875617831673,0.00458758059908259,0.001091917313218775,-0.03237658180059933,-0.013148397977351583,0.07457451222181496,1,0.004077911376953125
4.22430297700339,1788364207.6696692,control,preflight_voltage_failed,1,1,0.009278227997128852,3.7953078746795654,3795.0,0,20.0,0.0022721819987054914,nan,10,0,1,1.0,0.05251351743936539,0.06543759256601334,0.04418701305985451,0.0040921494364738464,0.002773305168375373,-0.0009731602622196078,0.4094791114330292,0.490493506193161,0.13800114393234253,-0.011840085498988628,0.015883367508649826,0.04072573781013489,-0.0178102998982077,0.005978191145834868,-0.19520444154123925,0.05251351743936539,0.06543759256601334,0.04418701305985451,-0.19520444154123925,0.0,0.0,0.0,0.0,0.0,0.0,0.00606882405352788,0.004413394880190788,0.0019142737545890872,0.0,0.0,0.0,-0.0178102998982077,0.005978191145834868,-0.19520444154123925,0.0,0.0,0.0,0.0,0.0,0.0,zero,0.0,0.0,0.0,0.0,0.00606882405352788,0.004413394880190788,0.0019142737545890872,-0.09544022658408581,-0.03492126846186903,0.16486845329885122,1,0.009746313095092773
4.2352911430061795,1788364207.680651,control,preflight_voltage_failed,1,1,0.010352750003221445,3.7953078746795654,3795.0,0,20.0,0.0006649380011367612,nan,10,0,1,1.0,0.05246628448367119,0.06543783098459244,0.0442214235663414,0.002311775926500559,0.0022234998177736998,-7.77258537709713e-05,0.29132428765296936,0.3811975121498108,0.12863728404045105,-0.017332898452878,-0.005573221482336521,0.03725048154592514,-0.018194921692455075,0.0050848912309615826,-0.19495901748565606,0.05246628448367119,0.06543783098459244,0.0442214235663414,-0.19495901748565606,0.0,0.0,0.0,0.0,0.0,0.0,0.005438234953637842,0.004106359258170846,0.0020723720247402206,0.0,0.0,0.0,-0.018194921692455075,0.0050848912309615826,-0.19495901748565606,0.0,0.0,0.0,0.0,0.0,0.0,zero,0.0,0.0,0.0,0.0,0.005438234953637842,0.004106359258170846,0.0020723720247402206,-0.06420396611300358,-0.031261093277842655,0.01609690998635707,1,0.010906457901000977
4.246442995005054,1788364207.6924906,control,preflight_voltage_failed,1,1,0.0003711600002134219,3.7953078746795654,3795.0,0,20.0,0.011816790000011679,nan,10,0,1,1.0,0.05250226706266403,0.06544919312000275,0.04421461746096611,0.0018452554941177368,0.0013649987522512674,-0.0005783169763162732,0.1705637276172638,0.2199774533510208,0.06155502051115036,-0.02720099501311779,-0.0070767030119895935,-0.0012937728315591812,-0.017937904969996737,0.005179435937845688,-0.19581393758821963,0.05250226706266403,0.06544919312000275,0.04421461746096611,-0.19581393758821963,0.0,0.0,0.0,0.0,0.0,0.0,0.0035717160511040433,0.002928473925887221,0.0009425657842775325,0.0,0.0,0.0,-0.017937904969996737,0.005179435937845688,-0.19581393758821963,0.0,0.0,0.0,0.0,0.0,0.0,zero,0.0,0.0,0.0,0.0,0.0035717160511040433,0.002928473925887221,0.0009425657842775325,-0.13655388868872556,-0.08710376653770732,-0.08400230507442036,1,0.0016527175903320312
4.257674979999138,1788364207.7030387,control,preflight_voltage_failed,1,1,0.0051274189972900786,3.7953078746795654,3795.0,0,20.0,0.010136238997802138,nan,10,0,1,1.0,0.0525147020816803,0.06544148176908493,0.04427863284945488,0.0018548860680311918,0.0008571664220653474,0.0014867972349748015,0.13674427568912506,0.16051703691482544,0.11213262379169464,-0.006659588776528835,0.013224421069025993,-0.0014320781920105219,-0.017442149381251233,0.005799273393455274,-0.1958379365077331,0.0525147020816803,0.06544148176908493,0.04427863284945488,-0.1958379365077331,0.0,0.0,0.0,0.0,0.0,0.0,0.0029050865980668533,0.002468687524307698,0.0005431925179506024,0.0,0.0,0.0,-0.017442149381251233,0.005799273393455274,-0.1958379365077331,0.0,0.0,0.0,0.0,0.0,0.0,zero,0.0,0.0,0.0,0.0,0.0029050865980668533,0.002468687524307698,0.0005431925179506024,-0.10150463157597103,-0.07000958190991792,-0.06081074887272592,1,0.005633354187011719
4.268738590006251,1788364207.7141004,control,preflight_voltage_failed,1,1,0.006611631004489027,3.7953078746795654,3795.0,0,20.0,0.009041266006533988,nan,10,0,1,1.0,0.05251704156398773,0.06546743959188461,0.044222354888916016,0.001532787806354463,0.0012280719820410013,1.3617915101349354e-05,0.10266579687595367,0.13616299629211426,0.05892685055732727,-0.0041253105737268925,0.009825784713029861,0.004579093772917986,-0.0173830122565799,0.005767973166087567,-0.195563327053446,0.05251704156398773,0.06546743959188461,0.044222354888916016,-0.195563327053446,0.0,0.0,0.0,0.0,0.0,0.0,0.0023838263593889022,0.002026449424934837,0.00033091708744904997,0.0,0.0,0.0,-0.0173830122565799,0.005767973166087567,-0.195563327053446,0.0,0.0,0.0,0.0,0.0,0.0,zero,0.0,0.0,0.0,0.0,0.0023838263593889022,0.002026449424934837,0.00033091708744904997,-0.05444575914254121,-0.046191877406912774,-0.022172220521326412,1,0.007121086120605469
4.279865848999179,1788364207.7252252,control,preflight_voltage_failed,1,1,0.002063241998257581,3.7953078746795654,3795.0,0,20.0,0.007875328999944031,nan,10,0,1,1.0,0.05250035971403122,0.06544956564903259,0.044188614934682846,0.0010126951383426785,0.0007536631892435253,-0.0004209921753499657,0.07547521591186523,0.10285775363445282,0.041578277945518494,-0.011181473731994629,-0.003832375630736351,0.0025024223141372204,-0.017999108721699,0.0048530275667681535,-0.19563784769344852,0.05250035971403122,0.06544956564903259,0.044188614934682846,-0.19563784769344852,0.0,0.0,0.0,0.0,0.0,0.0,0.0019032145488213,0.001541715487943717,0.00023203757746366083,0.0,0.0,0.0,-0.017999108721699,0.0048530275667681535,-0.19563784769344852,0.0,0.0,0.0,0.0,0.0,0.0,zero,0.0,0.0,0.0,0.0,0.0019032145488213,0.001541715487943717,0.00023203757746366083,-0.030762911114499705,-0.03102675941364916,-0.006329061229547028,1,0.002622842788696289
4.291005147999385,1788364207.7363718,control,preflight_voltage_failed,1,1,0.00605881999945268,3.7953078746795654,3795.0,0,20.0,0.006767486993339844,nan,10,0,1,1.0,0.05251820757985115,0.0654517114162445,0.04420812055468559,0.00130612519569695,0.000662558653857559,0.0002052422205451876,0.06853421032428741,0.07975452393293381,0.05066486448049545,0.01318404171615839,0.02696145325899124,-0.005682219285517931,-0.017204363293181216,0.005928552681841055,-0.19593335218245708,0.05251820757985115,0.0654517114162445,0.04420812055468559,-0.19593335218245708,0.0,0.0,0.0,0.0,0.0,0.0,0.0015400494355166515,0.0011755012080440165,0.00013724996781239862,0.0,0.0,0.0,-0.017204363293181216,0.005928552681841055,-0.19593335218245708,0.0,0.0,0.0,0.0,0.0,0.0,zero,0.0,0.0,0.0,0.0,0.0015400494355166515,0.0011755012080440165,0.00013724996781239862,-0.050459631211917044,-0.050883294763985606,-0.013170174257485928,1,0.006572246551513672
4.302058412999031,1788364207.7474234,control,preflight_voltage_failed,1,1,0.009344684993266128,3.7953078746795654,3795.0,0,20.0,0.005453766993014142,nan,10,0,1,1.0,0.05249282717704773,0.0654415562748909,0.044198546558618546,0.0003885052865371108,0.000267411902314052,-8.341150532942265e-05,0.031095633283257484,0.053584229201078415,0.033066652715206146,-0.02699575386941433,0.027509763836860657,0.003412277903407812,-0.01865417876345944,0.006163733453764244,-0.19562981229910167,0.05249282717704773,0.0654415562748909,0.044198546558618546,-0.19562981229910167,0.0,0.0,0.0,0.0,0.0,0.0,0.001265765584676001,0.0008944864391705722,6.37459994204069e-05,0.0,0.0,0.0,-0.01865417876345944,0.006163733453764244,-0.19562981229910167,0.0,0.0,0.0,0.0,0.0,0.0,zero,0.0,0.0,0.0,0.0,0.001265765584676001,0.0008944864391705722,6.37459994204069e-05,-0.03546659224701248,-0.03633694142938505,-0.009504516097123793,1,0.009890317916870117
4.313166234001983,1788364207.7584748,control,preflight_voltage_failed,1,1,0.004504534997977316,3.7953078746795654,3795.0,0,20.0,0.0043906759965466335,nan,10,0,1,1.0,0.052547916769981384,0.06546206772327423,0.0442337691783905,0.000997246359474957,0.00046951178228482604,0.00037216112832538784,0.032461706548929214,0.04538564383983612,0.03212996944785118,-0.015505705960094929,0.009259422309696674,0.0034320468548685312,-0.018164936740381145,0.005141837366401182,-0.19555463601694917,0.052547916769981384,0.06546206772327423,0.0442337691783905,-0.19555463601694917,0.0,0.0,0.0,0.0,0.0,0.0,0.0010015742478298988,0.0006336652237124976,4.921805969193062e-05,0.0,0.0,0.0,-0.018164936740381145,0.005141837366401182,-0.19555463601694917,0.0,0.0,0.0,0.0,0.0,0.0,zero,0.0,0.0,0.0,0.0,0.0010015742478298988,0.0006336652237124976,4.921805969193062e-05,-0.016460172027613695,-0.016250200048732386,-0.0009051484806135914,1,0.004891395568847656
4.324319671999547,1788364207.7696657,control,preflight_voltage_failed,1,1,0.009694872998807114,3.7953078746795654,3795.0,0,20.0,0.0027719119971152395,nan,10,0,1,1.0,0.052474167197942734,0.06547753512859344,0.04424681514501572,-0.0017070859903469682,0.0009009554632939398,0.0007408314850181341,-0.06588251888751984,0.05096237733960152,0.03822575882077217,0.008090384304523468,0.023529110476374626,0.002733490662649274,-0.01756156544687419,0.0056164117538031215,-0.19556346967244595,0.052474167197942734,0.06547753512859344,0.04424681514501572,-0.19556346967244595,0.0,0.0,0.0,0.0,0.0,0.0,0.0007713690654973221,0.00044681739082818575,5.617161000075899e-05,0.0,0.0,0.0,-0.01756156544687419,0.0056164117538031215,-0.19556346967244595,0.0,0.0,0.0,0.0,0.0,0.0,zero,0.0,0.0,0.0,0.0,0.0007713690654973221,0.00044681739082818575,5.617161000075899e-05,-0.039076875514114526,-0.031717050987818234,0.001180351445810032,1,0.010191202163696289
4.33531563100405,1788364207.7806656,control,preflight_voltage_failed,1,1,0.010460219004016835,3.7953078746795654,3795.0,0,20.0,0.001291995999054052,nan,10,0,1,1.0,0.05249432474374771,0.06546171009540558,0.04422339051961899,-0.0009617870673537254,0.0004036899481434375,0.00012332337792031467,-0.0377730131149292,0.030806560069322586,0.018208056688308716,0.012983306311070919,0.0219438374042511,0.006770040839910507,-0.017235318204223155,0.005776112685713795,-0.19533745684711415,0.05249432474374771,0.06546171009540558,0.04422339051961899,-0.19533745684711415,0.0,0.0,0.0,0.0,0.0,0.0,0.0004119691659881068,0.00037867235028345945,0.00012377761593355196,0.0,0.0,0.0,-0.017235318204223155,0.005776112685713795,-0.19533745684711415,0.0,0.0,0.0,0.0,0.0,0.0,zero,0.0,0.0,0.0,0.0,0.0004119691659881068,0.00037867235028345945,0.00012377761593355196,-0.03601386712165468,-0.006828511745631739,0.0067744974820922975,1,0.011211633682250977
4.346453712001676,1788364207.7927232,control,preflight_voltage_failed,1,1,0.0037003699981141835,3.7953078746795654,3795.0,0,20.0,0.0002013970006373711,nan,10,0,1,1.0,0.05251370742917061,0.06544503569602966,0.044238194823265076,0.0013940692879259586,0.00013686344027519226,0.0010081089567393064,0.12557800114154816,0.01950564980506897,0.06898342072963715,0.006041216664016247,0.004326367750763893,0.016476543620228767,-0.017609033249618343,0.005730465998852119,-0.19552892399423757,0.05251370742917061,0.06544503569602966,0.044238194823265076,-0.19552892399423757,0.0,0.0,0.0,0.0,0.0,0.0,-0.000685840296335739,0.00036392719869642065,0.0002543116858456147,0.0,0.0,0.0,-0.017609033249618343,0.005730465998852119,-0.19552892399423757,0.0,0.0,0.0,0.0,0.0,0.0,zero,0.0,0.0,0.0,0.0,-0.000685840296335739,0.00036392719869642065,0.0002543116858456147,-0.15770020643640284,-0.002700216602198912,0.019108340181799053,1,0.005078792572021484
4.357572007000272,1788364207.8029494,control,preflight_voltage_failed,1,1,0.0021305259942892008,3.7953078746795654,3795.0,0,20.0,0.011319691999233328,nan,10,0,1,1.0,0.05248754471540451,0.06548737734556198,0.04423190653324127,0.0006999335018917918,0.0007816464058123529,0.0007066632388159633,0.08944328874349594,0.02584017440676689,0.050401415675878525,-0.0023469277657568455,0.010390829294919968,0.013907205313444138,-0.018061095964249475,0.006167741761331917,-0.19549099701379136,0.05248754471540451,0.06548737734556198,0.04423190653324127,-0.19549099701379136,0.0,0.0,0.0,0.0,0.0,0.0,-0.0006262423633685787,0.0003429560669295157,0.00038039075071318317,0.0,0.0,0.0,-0.018061095964249475,0.006167741761331917,-0.19549099701379136,0.0,0.0,0.0,0.0,0.0,0.0,zero,0.0,0.0,0.0,0.0,-0.0006262423633685787,0.0003429560669295157,0.00038039075071318317,0.004731000030961116,-0.0016647292967893047,0.010008401803476768,1,0.0027077198028564453
4.368677701000706,1788364207.8140457,control,preflight_voltage_failed,1,1,0.0011216489947400987,3.7953078746795654,3795.0,0,20.0,0.022425385999667924,nan,10,0,1,1.0,0.052504900842905045,0.06545346975326538,0.04424625635147095,0.0008467404404655099,6.502616452053189e-05,0.0008024478447623551,0.07398048043251038,0.008830666542053223,0.04190388321876526,0.002029567025601864,-0.00299270823597908,0.01089603453874588,-0.017824653927107435,0.005483425682183811,-0.19549262285620084,0.052504900842905045,0.06545346975326538,0.04424625635147095,-0.19549262285620084,0.0,0.0,0.0,0.0,0.0,0.0,-0.0002852222786786329,0.0003530896730671138,0.0005265465597009913,0.0,0.0,0.0,-0.017824653927107435,0.005483425682183811,-0.19549262285620084,0.0,0.0,0.0,0.0,0.0,0.0,zero,0.0,0.0,0.0,0.0,-0.0002852222786786329,0.0003530896730671138,0.0005265465597009913,0.028175749144004298,0.0008372584409997514,0.012075679981499056,1,0.0017006397247314453
4.37972486900253,1788364207.8250878,control,preflight_voltage_failed,1,1,0.005191065996768884,3.7953078746795654,3795.0,0,20.0,0.009236505997250788,nan,10,0,1,1.0,0.05252637341618538,0.06544560939073563,0.044227756559848785,0.0012866822071373463,-0.00017101888079196215,0.00011702190386131406,0.07166784256696701,0.00036669475957751274,0.014073969796299934,-0.015556280501186848,0.008148891851305962,-0.001139206811785698,-0.018432113509847744,0.005848625764468735,-0.1958466582579034,0.05252637341618538,0.06544560939073563,0.044227756559848785,-0.1958466582579034,0.0,0.0,0.0,0.0,0.0,0.0,2.931116794589137e-05,0.00034645270294391816,0.0006271490794851523,0.0,0.0,0.0,-0.018432113509847744,0.005848625764468735,-0.1958466582579034,0.0,0.0,0.0,0.0,0.0,0.0,zero,0.0,0.0,0.0,0.0,2.931116794589137e-05,0.00034645270294391816,0.0006271490794851523,0.044614436703112235,-0.0009414092098613485,0.0142697852939055,1,0.005692720413208008
4.3909325580025325,1788364207.836287,control,preflight_voltage_failed,1,1,0.008913345998735167,3.7953078746795654,3795.0,0,20.0,0.007658829999854788,nan,10,0,1,1.0,0.05252046510577202,0.06543567776679993,0.04421783238649368,0.0008723657811060548,-0.0004006919916719198,-0.00017006139387376606,0.046326152980327606,-0.005808911751955748,0.003631556872278452,0.01875312253832817,-0.005763435736298561,0.012819339521229267,-0.01725494562811284,0.0053956376884390705,-0.1953216941021617,0.05252046510577202,0.06543567776679993,0.04421783238649368,-0.1953216941021617,0.0,0.0,0.0,0.0,0.0,0.0,0.00031845737021714293,0.000296738433039364,0.0006538924027302244,0.0,0.0,0.0,-0.01725494562811284,0.0053956376884390705,-0.1953216941021617,0.0,0.0,0.0,0.0,0.0,0.0,zero,0.0,0.0,0.0,0.0,0.00031845737021714293,0.000296738433039364,0.0006538924027302244,0.038412741440869105,-0.006604483755154923,0.003552819829598972,1,0.009364604949951172
4.402161111000169,1788364207.8475187,control,preflight_voltage_failed,1,1,0.00011057499796152115,3.7953078746795654,3795.0,0,20.0,0.006493307999335229,nan,10,0,1,1.0,0.05250391736626625,0.06543222069740295,0.044203851372003555,0.0003375194501131773,-0.0004502300580497831,-0.0004001067136414349,0.02184917964041233,-0.007529649883508682,-0.002643694868311286,-0.0046745967119932175,-0.001709494274109602,0.001464388333261013,-0.018220633217354416,0.005482768751584577,-0.19567134569389008,0.05250391736626625,0.06543222069740295,0.044203851372003555,-0.19567134569389008,0.0,0.0,0.0,0.0,0.0,0.0,0.0006377662190604112,0.00011556230856502506,0.00040503460872122336,0.0,0.0,0.0,-0.018220633217354416,0.005482768751584577,-0.19567134569389008,0.0,0.0,0.0,0.0,0.0,0.0,zero,0.0,0.0,0.0,0.0,0.0006377662190604112,0.00011556230856502506,0.00040503460872122336,0.009506929370037763,-0.0087778197086794,-0.015779229789760853,1,0.0006594657897949219
4.413060042003053,1788364207.8584006,control,preflight_voltage_failed,1,1,0.011009506000846159,3.7953078746795654,3795.0,0,20.0,0.0051093720030621625,nan,10,0,1,1.0,0.05250391736626625,0.06543222069740295,0.044203851372003555,0.0003375194501131773,-0.0004502300580497831,-0.0004001067136414349,0.02184917964041233,-0.007529649883508682,-0.002643694868311286,-0.0046745967119932175,-0.001709494274109602,0.001464388333261013,-0.018220633217354416,0.005482768751584577,-0.19567134569389008,0.05250391736626625,0.06543222069740295,0.044203851372003555,-0.19567134569389008,0.0,0.0,0.0,0.0,0.0,0.0,0.0006377662190604112,0.00011556230856502506,0.00040503460872122336,0.0,0.0,0.0,-0.018220633217354416,0.005482768751584577,-0.19567134569389008,0.0,0.0,0.0,0.0,0.0,0.0,zero,0.0,0.0,0.0,0.0,0.0006377662190604112,0.00011556230856502506,0.00040503460872122336,0.009506929370037763,-0.0087778197086794,-0.015779229789760853,1,0.011541366577148438
4.424306218003039,1788364207.8696766,control,preflight_voltage_failed,1,1,0.002128606996848248,3.7953078746795654,3795.0,0,20.0,0.003836632997263223,nan,10,0,1,1.0,0.05247250944375992,0.06545233726501465,0.044248465448617935,2.9375063604675233e-05,-0.00042434947681613266,0.0018313287291675806,0.017957687377929688,-0.019581936299800873,0.09394210577011108,0.025231437757611275,-0.017104582861065865,0.021969063207507133,-0.017572660694863265,0.005525989135952104,-0.19533037484545224,0.05247250944375992,0.06545233726501465,0.044248465448617935,-0.19533037484545224,0.0,0.0,0.0,0.0,0.0,0.0,0.0004205167774781616,-8.743530961446118e-05,-8.94909533450027e-05,0.0,0.0,0.0,-0.017572660694863265,0.005525989135952104,-0.19533037484545224,0.0,0.0,0.0,0.0,0.0,0.0,zero,0.0,0.0,0.0,0.0,0.0004205167774781616,-8.743530961446118e-05,-8.94909533450027e-05,-0.022405750062052594,-0.019649774498100736,-0.04543666271421955,1,0.0026628971099853516
4.435293631002423,1788364207.880675,control,preflight_voltage_failed,1,1,0.0015489540019189008,3.7953078746795654,3795.0,0,20.0,0.0024832339986460283,nan,10,0,1,1.0,0.052514128386974335,0.06547534465789795,0.04423820227384567,0.0007470657001249492,6.051515811122954e-05,0.001286632614210248,0.02684355154633522,-0.007235941477119923,0.06568387895822525,0.01628422923386097,-0.01916174404323101,0.014000685885548592,-0.01779811108075069,0.005207307837674875,-0.19553038200143344,0.052514128386974335,0.06547534465789795,0.04423820227384567,-0.19553038200143344,0.0,0.0,0.0,0.0,0.0,0.0,0.0003198996610938696,-0.00015093653609710159,3.696115125007211e-05,0.0,0.0,0.0,-0.01779811108075069,0.005207307837674875,-0.19553038200143344,0.0,0.0,0.0,0.0,0.0,0.0,zero,0.0,0.0,0.0,0.0,0.0003198996610938696,-0.00015093653609710159,3.696115125007211e-05,-0.008745415569444246,-0.005519385117727218,0.010990935181356529,1,0.0021562576293945312
4.44640376100142,1788364207.8917491,control,preflight_voltage_failed,1,1,0.004327857001044322,3.7953078746795654,3795.0,0,20.0,0.0011548850015969947,nan,10,0,1,1.0,0.05252166837453842,0.0654376894235611,0.04421425610780716,0.0007778459112159908,-0.0008514862274751067,0.0004570320015773177,0.022210437804460526,-0.02758409082889557,0.03272101283073425,0.004989016801118851,-0.0059655290096998215,0.005620965734124184,-0.01813576591297247,0.005594870434277058,-0.19577084868704014,0.05252166837453842,0.0654376894235611,0.04421425610780716,-0.19577084868704014,0.0,0.0,0.0,0.0,0.0,0.0,0.0002873643509144935,-0.00020338888965408064,0.00023793407619468007,0.0,0.0,0.0,-0.01813576591297247,0.005594870434277058,-0.19577084868704014,0.0,0.0,0.0,0.0,0.0,0.0,zero,0.0,0.0,0.0,0.0,0.0002873643509144935,-0.00020338888965408064,0.00023793407619468007,-0.0038882773429051135,-0.0062685524371282044,0.024018165688023393,1,0.004862785339355469
4.457533254004375,1788364207.9033308,control,preflight_voltage_failed,1,1,0.0031965509988367558,3.7953078746795654,3795.0,0,20.0,0.0001612390042282641,nan,10,0,1,1.0,0.052492983639240265,0.06546560674905777,0.04421957954764366,0.00015087300562299788,-0.00022239683312363923,0.00045311078429222107,0.0074647050350904465,-0.011728843674063683,0.02611236833035946,0.012266461737453938,-0.01624792069196701,0.005837028846144676,-0.017631726299149303,0.004898160500379103,-0.19567681392062972,0.052492983639240265,0.06546560674905777,0.04421957954764366,-0.19567681392062972,0.0,0.0,0.0,0.0,0.0,0.0,0.0003391172416280536,-0.00028207300747748167,0.0004198497327664883,0.0,0.0,0.0,-0.017631726299149303,0.004898160500379103,-0.19567681392062972,0.0,0.0,0.0,0.0,0.0,0.0,zero,0.0,0.0,0.0,0.0,0.0003391172416280536,-0.00028207300747748167,0.0004198497327664883,0.004252137290278909,-0.006464869245688696,0.014946611412990687,1,0.004273414611816406
4.468603346002055,1788364207.913955,control,preflight_voltage_failed,1,1,0.0037520280020544305,3.7953078746795654,3795.0,0,20.0,0.011231331001908984,nan,10,0,1,1.0,0.05251074954867363,0.06541028618812561,0.04419558495283127,0.0004553582111839205,-0.0012200011406093836,-8.950204937718809e-05,0.011707409285008907,-0.02817513607442379,0.010668594390153885,-0.0025570662692189217,-0.0038546305149793625,0.008455369621515274,-0.018287431994283745,0.00538709819517943,-0.19548460771512313,0.05251074954867363,0.06541028618812561,0.04419558495283127,-0.19548460771512313,0.0,0.0,0.0,0.0,0.0,0.0,0.00037312467713482246,-0.0003791191705822027,0.0004974416765684357,0.0,0.0,0.0,-0.018287431994283745,0.00538709819517943,-0.19548460771512313,0.0,0.0,0.0,0.0,0.0,0.0,zero,0.0,0.0,0.0,0.0,0.00037312467713482246,-0.0003791191705822027,0.0004974416765684357,0.003203034284913828,-0.00914041835297727,0.0073080975535858034,1,0.0042803287506103516
4.479709930004901,1788364207.9250243,control,preflight_voltage_failed,1,1,0.007781003005220555,3.7953078746795654,3795.0,0,20.0,0.010110776005603839,nan,10,0,1,1.0,0.05250800400972366,0.06544376909732819,0.04423796385526657,0.00028789270436391234,-4.4348358642309904e-05,0.0011075795628130436,0.004706246312707663,0.010172100737690926,0.04184333607554436,0.02285153791308403,-0.00879218801856041,-0.004176298622041941,-0.01739470292084145,0.005174957241582139,-0.195874092123428,0.05250800400972366,0.06544376909732819,0.04423796385526657,-0.195874092123428,0.0,0.0,0.0,0.0,0.0,0.0,0.00039196945788556935,-0.00046536396640249513,0.0005347146707099629,0.0,0.0,0.0,-0.01739470292084145,0.005174957241582139,-0.195874092123428,0.0,0.0,0.0,0.0,0.0,0.0,zero,0.0,0.0,0.0,0.0,0.00039196945788556935,-0.00046536396640249513,0.0005347146707099629,0.0026217573066863696,-0.011998702802449114,0.005185560183752958,1,0.008161783218383789
4.490833342002588,1788364207.9361713,control,preflight_voltage_failed,1,1,0.004959498000971507,3.7953078746795654,3795.0,0,20.0,0.0091706199964392,nan,10,0,1,1.0,0.052505820989608765,0.06542404741048813,0.04421699792146683,0.0001988256990443915,-0.00031994961318559945,0.0005836453638039529,0.002480270341038704,0.004162333440035582,0.025917300954461098,0.014299523085355759,-0.00084299361333251,-0.003614225657656789,-0.017670887570558975,0.005603749838707117,-0.1959005403742477,0.052505820989608765,0.06542404741048813,0.04421699792146683,-0.1959005403742477,0.0,0.0,0.0,0.0,0.0,0.0,0.0003782774081561343,-0.0004869593530223023,0.0005870894280643795,0.0,0.0,0.0,-0.017670887570558975,0.005603749838707117,-0.1959005403742477,0.0,0.0,0.0,0.0,0.0,0.0,zero,0.0,0.0,0.0,0.0,0.0003782774081561343,-0.0004869593530223023,0.0005870894280643795,-0.0009875774956297956,-0.001557627839263359,0.0037776762956898235,1,0.005444526672363281
4.501969779004867,1788364207.947278,control,preflight_voltage_failed,1,1,0.00013573700562119484,3.7953078746795654,3795.0,0,20.0,0.007778537001286168,nan,10,0,1,1.0,0.052500251680612564,0.06546875089406967,0.0442422516644001,-0.00010050993296317756,0.0007668030448257923,0.001636924920603633,-0.008023041300475597,0.026126990094780922,0.05981075391173363,-0.02137320674955845,-0.01342429406940937,0.0037850276567041874,-0.018896994409281408,0.005278159913132966,-0.1955920691012951,0.052500251680612564,0.06546875089406967,0.0442422516644001,-0.1955920691012951,0.0,0.0,0.0,0.0,0.0,0.0,0.00032725151759506346,-0.0003671810100179246,0.0005593146441704349,0.0,0.0,0.0,-0.018896994409281408,0.005278159913132966,-0.1955920691012951,0.0,0.0,0.0,0.0,0.0,0.0,zero,0.0,0.0,0.0,0.0,0.00032725151759506346,-0.0003671810100179246,0.0005593146441704349,-0.003953362654084139,0.011717562992172338,-0.004510742783171893,1,0.0005583763122558594
4.513193800004956,1788364207.9585621,control,preflight_voltage_failed,1,1,0.011359758005710319,3.7953078746795654,3795.0,0,20.0,0.006725937004375737,nan,10,0,1,1.0,0.052500251680612564,0.06546875089406967,0.0442422516644001,-0.00010050993296317756,0.0007668030448257923,0.001636924920603633,-0.008023041300475597,0.026126990094780922,0.05981075391173363,-0.02137320674955845,-0.01342429406940937,0.0037850276567041874,-0.018896994409281408,0.005278159913132966,-0.1955920691012951,0.052500251680612564,0.06546875089406967,0.0442422516644001,-0.1955920691012951,0.0,0.0,0.0,0.0,0.0,0.0,0.00032725151759506346,-0.0003671810100179246,0.0005593146441704349,0.0,0.0,0.0,-0.018896994409281408,0.005278159913132966,-0.1955920691012951,0.0,0.0,0.0,0.0,0.0,0.0,zero,0.0,0.0,0.0,0.0,0.00032725151759506346,-0.0003671810100179246,0.0005593146441704349,-0.003953362654084139,0.011717562992172338,-0.004510742783171893,1,0.011842489242553711
4.524289110006066,1788364207.969626,control,preflight_voltage_failed,1,1,0.006526422002934851,3.7953078746795654,3795.0,0,20.0,0.005846934000146575,nan,10,0,1,1.0,0.05247398838400841,0.06545910984277725,0.04421478509902954,-0.0004113032191526145,0.0004919733619317412,0.000963484519161284,-0.010334165766835213,0.017438972368836403,0.03936382755637169,-0.0018458431586623192,-0.008283447474241257,0.008226597681641579,-0.01768418047889414,0.005480606505251742,-0.19518309250158486,0.05247398838400841,0.06545910984277725,0.04421478509902954,-0.19518309250158486,0.0,0.0,0.0,0.0,0.0,0.0,0.00018809730257791923,-2.402878836011934e-05,0.0006437131343728043,0.0,0.0,0.0,-0.01768418047889414,0.005480606505251742,-0.19518309250158486,0.0,0.0,0.0,0.0,0.0,0.0,zero,0.0,0.0,0.0,0.0,0.00018809730257791923,-2.402878836011934e-05,0.0006437131343728043,-0.008767012357125426,0.02161932189605881,0.00531728490175983,1,0.007033824920654297
4.535268194005766,1788364207.9805763,control,preflight_voltage_failed,1,1,0.001423920999513939,3.7953078746795654,3795.0,0,20.0,0.004835753999941517,nan,10,0,1,1.0,0.05249659717082977,0.06548996269702911,0.04425344243645668,0.00025592074962332845,0.0009734734776429832,0.0014701467007398605,0.008771343156695366,0.021147307008504868,0.03633283078670502,-0.006623360328376293,-0.006431099027395248,-0.00852788332849741,-0.017922702793406905,0.005449719280289563,-0.1957803586463996,0.05249659717082977,0.06548996269702911,0.04425344243645668,-0.1957803586463996,0.0,0.0,0.0,0.0,0.0,0.0,1.653904781734954e-05,0.0003969304730458815,0.0008402551250718733,0.0,0.0,0.0,-0.017922702793406905,0.005449719280289563,-0.1957803586463996,0.0,0.0,0.0,0.0,0.0,0.0,zero,0.0,0.0,0.0,0.0,1.653904781734954e-05,0.0003969304730458815,0.0008402551250718733,-0.00612985116509736,0.017779545559103195,0.011188583239817772,1,0.0018222332000732422
4.5465262069992605,1788364207.9918716,control,preflight_voltage_failed,1,1,0.003204665998055134,3.7953078746795654,3795.0,0,20.0,0.0037042650001239963,nan,10,0,1,1.0,0.05251403898000717,0.0654657855629921,0.04423277825117111,0.000572669436223805,0.0002687650267034769,0.0007402087794616818,0.013698849827051163,0.0020521050319075584,0.013668311759829521,-0.016447046771645546,-0.008857361041009426,0.004378821700811386,-0.01844832265098599,0.005283414903279274,-0.19524625422908656,0.05251403898000717,0.0654657855629921,0.04423277825117111,-0.19524625422908656,0.0,0.0,0.0,0.0,0.0,0.0,3.15159799379898e-05,0.0005085073964266621,0.0009426245679251697,0.0,0.0,0.0,-0.01844832265098599,0.005283414903279274,-0.19524625422908656,0.0,0.0,0.0,0.0,0.0,0.0,zero,0.0,0.0,0.0,0.0,3.15159799379898e-05,0.0005085073964266621,0.0009426245679251697,0.0015797657756093436,0.011769126245943605,0.010797921829729214,1,0.003637075424194336
4.55759085900354,1788364208.003665,control,preflight_voltage_failed,1,1,0.01426931800233433,3.7953078746795654,3795.0,0,20.0,0.0024764469999354333,nan,10,0,1,1.0,0.05251403898000717,0.0654657855629921,0.04423277825117111,0.000572669436223805,0.0002687650267034769,0.0007402087794616818,0.013698849827051163,0.0020521050319075584,0.013668311759829521,-0.016447046771645546,-0.008857361041009426,0.004378821700811386,-0.01844832265098599,0.005283414903279274,-0.19524625422908656,0.05251403898000717,0.0654657855629921,0.04423277825117111,-0.19524625422908656,0.0,0.0,0.0,0.0,0.0,0.0,3.15159799379898e-05,0.0005085073964266621,0.0009426245679251697,0.0,0.0,0.0,-0.01844832265098599,0.005283414903279274,-0.19524625422908656,0.0,0.0,0.0,0.0,0.0,0.0,zero,0.0,0.0,0.0,0.0,3.15159799379898e-05,0.0005085073964266621,0.0009426245679251697,0.0015797657756093436,0.011769126245943605,0.010797921829729214,1,0.015430450439453125
4.568649815002573,1788364208.0139978,control,preflight_voltage_failed,1,1,0.0027330790035193786,3.7953078746795654,3795.0,0,20.0,0.0011594309980864637,nan,10,0,1,1.0,0.05250946804881096,0.06545566022396088,0.04420413076877594,0.0009189739939756691,0.0004285595496185124,0.0002688055392354727,0.028727160766720772,0.013393539935350418,0.006004659458994865,-0.007520091719925404,-0.009213093668222427,0.012197308242321014,-0.018060534329894556,0.005149331709455202,-0.19537908530271617,0.05250946804881096,0.06545566022396088,0.04420413076877594,-0.19537908530271617,0.0,0.0,0.0,0.0,0.0,0.0,0.00019567344228129397,0.00045207147364365426,0.0008708860865449668,0.0,0.0,0.0,-0.018060534329894556,0.005149331709455202,-0.19537908530271617,0.0,0.0,0.0,0.0,0.0,0.0,zero,0.0,0.0,0.0,0.0,0.00019567344228129397,0.00045207147364365426,0.0008708860865449668,0.00974556595109444,-0.006051141382511711,-0.0081338749359286,1,0.0032460689544677734
4.579733128004591,1788364208.0250897,control,preflight_voltage_failed,1,1,0.005781239000498317,3.7953078746795654,3795.0,0,20.0,0.012242744000104722,nan,10,0,1,1.0,0.05252261459827423,0.06546172499656677,0.044228147715330124,0.001061064307577908,0.0004931850708089769,0.0008103918517008424,0.026503954082727432,0.0123168108984828,0.018228916451334953,-0.01301817037165165,-0.009139491245150566,-0.00060287956148386,-0.0183451355681855,0.005070371975855621,-0.1957956909888723,0.05252261459827423,0.06546172499656677,0.044228147715330124,-0.1957956909888723,0.0,0.0,0.0,0.0,0.0,0.0,0.00029039540791564184,0.00040711359289898643,0.000783258648144164,0.0,0.0,0.0,-0.0183451355681855,0.005070371975855621,-0.1957956909888723,0.0,0.0,0.0,0.0,0.0,0.0,zero,0.0,0.0,0.0,0.0,0.00029039540791564184,0.00040711359289898643,0.000783258648144164,0.011737900533223265,-0.005571159010809916,-0.010858750122440418,1,0.00626826286315918
4.590874408000673,1788364208.036233,control,preflight_voltage_failed,1,1,0.008750768000027165,3.7953078746795654,3795.0,0,20.0,0.010741179001342971,nan,10,0,1,1.0,0.052501875907182693,0.06543565541505814,0.04420895874500275,0.00034364964812994003,-0.0002405160921625793,0.0001808633969631046,0.0037266891449689865,-0.008019769564270973,-0.0007524015381932259,-0.0025719283148646355,0.0242002010345459,0.005352156236767769,-0.01802195979905481,0.006368081278563488,-0.1955797534773764,0.052501875907182693,0.06543565541505814,0.04420895874500275,-0.1955797534773764,0.0,0.0,0.0,0.0,0.0,0.0,0.0004046086815257425,0.0003684143241350921,0.0007032474313116217,0.0,0.0,0.0,-0.01802195979905481,0.006368081278563488,-0.1955797534773764,0.0,0.0,0.0,0.0,0.0,0.0,zero,0.0,0.0,0.0,0.0,0.0004046086815257425,0.0003684143241350921,0.0007032474313116217,0.013911174072364377,-0.004713570036400194,-0.009745364351422918,1,0.009201288223266602
4.6020527580039925,1788364208.0473995,control,preflight_voltage_failed,1,1,0.004804199998034164,3.7953078746795654,3795.0,0,20.0,0.00979006900161039,nan,10,0,1,1.0,0.05248739942908287,0.06544303894042969,0.04424460232257843,8.385285036638379e-05,-9.496187703916803e-05,0.0006151302368380129,-0.00044756033457815647,-0.004494727123528719,0.005129722412675619,0.00119302817620337,0.005710843950510025,0.007376163266599178,-0.01777419498507778,0.005338281324159484,-0.19532681718838799,0.05248739942908287,0.06544303894042969,0.04424460232257843,-0.19532681718838799,0.0,0.0,0.0,0.0,0.0,0.0,0.0004652557720950017,0.00023737271458923104,0.0005955413107505809,0.0,0.0,0.0,-0.01777419498507778,0.005338281324159484,-0.19532681718838799,0.0,0.0,0.0,0.0,0.0,0.0,zero,0.0,0.0,0.0,0.0,0.0004652557720950017,0.00023737271458923104,0.0005955413107505809,0.0040021450079926685,-0.008647529808282749,-0.007107604151947887,1,0.005214214324951172
4.613083171003382,1788364208.0584645,control,preflight_voltage_failed,1,1,0.0072163540025940165,3.7953078746795654,3795.0,0,20.0,0.008241791001637466,nan,10,0,1,1.0,0.05250762030482292,0.06548453122377396,0.044221241027116776,0.0005343076772987843,0.0008827550336718559,-4.768400685861707e-05,0.010050203651189804,0.018995434045791626,-0.011211269535124302,0.025116747245192528,0.01207022275775671,0.0013078674674034119,-0.01672960713912845,0.005659460494480354,-0.19553116616539087,0.05250762030482292,0.06548453122377396,0.044221241027116776,-0.19553116616539087,0.0,0.0,0.0,0.0,0.0,0.0,0.0004775533427783399,0.0001467677700549287,0.0005037771964549972,0.0,0.0,0.0,-0.01672960713912845,0.005659460494480354,-0.19553116616539087,0.0,0.0,0.0,0.0,0.0,0.0,zero,0.0,0.0,0.0,0.0,0.0004775533427783399,0.0001467677700549287,0.0005037771964549972,0.0014208123270090162,-0.010468134349227404,-0.010602060205669608,1,0.007623910903930664
4.624209655004961,1788364208.0695517,control,preflight_voltage_failed,1,1,0.01058050100255059,3.7953078746795654,3795.0,0,20.0,0.006825062002462801,nan,10,0,1,1.0,0.052507635205984116,0.06544594466686249,0.044238317757844925,0.00042785826371982694,-0.0003609631094150245,0.000434134533861652,0.005096149630844593,-0.019200483337044716,0.004356374964118004,-0.005939356982707977,0.0307663194835186,-0.0016505749663338065,-0.01767156473035125,0.006420968754220267,-0.19564181500975478,0.052507635205984116,0.06544594466686249,0.044238317757844925,-0.19564181500975478,0.0,0.0,0.0,0.0,0.0,0.0,0.0004786224217113859,0.00010381499279477744,0.00042345375694074897,0.0,0.0,0.0,-0.01767156473035125,0.006420968754220267,-0.19564181500975478,0.0,0.0,0.0,0.0,0.0,0.0,zero,0.0,0.0,0.0,0.0,0.0004786224217113859,0.00010381499279477744,0.00042345375694074897,0.00014783693400120546,-0.005939698838592906,-0.011107478277945646,1,0.011479616165161133
4.635297461005393,1788364208.0806274,control,preflight_voltage_failed,1,1,0.0033121130036306567,3.7953078746795654,3795.0,0,20.0,0.006075425000744872,nan,10,0,1,1.0,0.052508048713207245,0.06545596569776535,0.044205307960510254,0.0010933923767879605,0.0023959530517458916,0.0008751584682613611,0.05848733335733414,0.17839989066123962,0.06774940341711044,0.07986199855804443,-0.003647555597126484,0.047146428376436234,-0.01666037849903082,0.005524254455599342,-0.19529981005907662,0.052508048713207245,0.06545596569776535,0.044205307960510254,-0.19529981005907662,0.0,0.0,0.0,0.0,0.0,0.0,0.00042527781650005117,-7.276134172966673e-05,0.00019755949585394702,0.0,0.0,0.0,-0.01666037849903082,0.005524254455599342,-0.19529981005907662,0.0,0.0,0.0,0.0,0.0,0.0,zero,0.0,0.0,0.0,0.0,0.00042527781650005117,-7.276134172966673e-05,0.00019755949585394702,-0.007313808920010592,-0.02389912124286588,-0.03140630336432753,1,0.0037195682525634766
4.646398773002147,1788364208.0917642,control,preflight_voltage_failed,1,1,0.002659853002114687,3.7953078746795654,3795.0,0,20.0,0.0048721720013418235,nan,10,0,1,1.0,0.05249955877661705,0.0654604583978653,0.04421936720609665,0.0007299223798327148,0.0019933832809329033,0.0009399001719430089,0.04059106856584549,0.13585428893566132,0.0553036630153656,0.042443737387657166,0.004039590712636709,0.034162603318691254,-0.017919102623254024,0.00592855503220755,-0.19551525846527537,0.05249955877661705,0.0654604583978653,0.04421936720609665,-0.19551525846527537,0.0,0.0,0.0,0.0,0.0,0.0,0.00047914738142645235,0.0001921690155887594,0.00022438802223514147,0.0,0.0,0.0,-0.017919102623254024,0.00592855503220755,-0.19551525846527537,0.0,0.0,0.0,0.0,0.0,0.0,zero,0.0,0.0,0.0,0.0,0.00047914738142645235,0.0001921690155887594,0.00022438802223514147,0.004594158956691898,0.022594059848764846,0.0022880176392255014,1,0.003130674362182617
4.657617711003695,1788364208.1036782,control,preflight_voltage_failed,1,1,0.00493041799927596,3.7953078746795654,3795.0,0,20.0,0.003931650004233234,nan,10,0,1,1.0,0.05250755697488785,0.06548067182302475,0.0442182756960392,0.0007623958517797291,0.0020457140635699034,0.0007275660755112767,0.03319741412997246,0.10985104739665985,0.03950527310371399,0.053724631667137146,-0.019329046830534935,0.023988673463463783,-0.017033775488050032,0.0049149575635212255,-0.1956473172464426,0.05250755697488785,0.06548067182302475,0.0442182756960392,-0.1956473172464426,0.0,0.0,0.0,0.0,0.0,0.0,0.0005522087924540829,0.000574993175848122,0.0003177368517549976,0.0,0.0,0.0,-0.017033775488050032,0.0049149575635212255,-0.1956473172464426,0.0,0.0,0.0,0.0,0.0,0.0,zero,0.0,0.0,0.0,0.0,0.0005522087924540829,0.000574993175848122,0.0003177368517549976,0.008150263797410438,0.04270541521509842,0.01041339846938617,1,0.0060803890228271484
4.66872688800504,1788364208.11408,control,preflight_voltage_failed,1,1,0.0066826510010287166,3.7953078746795654,3795.0,0,20.0,0.002804374002153054,nan,10,0,1,1.0,0.05253692343831062,0.06542713940143585,0.04421251267194748,0.0012364565627649426,0.0004944453248754144,0.0004590975004248321,0.03667211905121803,0.05478418990969658,0.02587638422846794,0.01918080262839794,-0.006087630987167358,0.011172054335474968,-0.018151218251745503,0.00534772072705371,-0.1960308367381391,0.05253692343831062,0.06542713940143585,0.04421251267194748,-0.1960308367381391,0.0,0.0,0.0,0.0,0.0,0.0,0.0006348708994840231,0.0009284743046696587,0.000421549379867437,0.0,0.0,0.0,-0.018151218251745503,0.00534772072705371,-0.1960308367381391,0.0,0.0,0.0,0.0,0.0,0.0,zero,0.0,0.0,0.0,0.0,0.0006348708994840231,0.0009284743046696587,0.000421549379867437,0.008818547313157654,0.03771002422781277,0.011074913569847316,1,0.007108449935913086
4.6797304159990745,1788364208.125088,control,preflight_voltage_failed,1,1,0.007817219993739855,3.7953078746795654,3795.0,0,20.0,0.001402885995048564,nan,10,0,1,1.0,0.052464477717876434,0.06544441729784012,0.04423242434859276,-0.00047864462248981,0.0007456206949427724,0.0007707049371674657,-0.0054116640239953995,0.048916369676589966,0.027014531195163727,0.007806068751960993,-0.007669534999877214,0.014461083337664604,-0.018521841654700492,0.005214573134561542,-0.1957557244832897,0.052464477717876434,0.06544441729784012,0.04423242434859276,-0.1957557244832897,0.0,0.0,0.0,0.0,0.0,0.0,0.0006873941768362423,0.0011222315538554396,0.0005038750127724887,0.0,0.0,0.0,-0.018521841654700492,0.005214573134561542,-0.1957557244832897,0.0,0.0,0.0,0.0,0.0,0.0,zero,0.0,0.0,0.0,0.0,0.0006873941768362423,0.0011222315538554396,0.0005038750127724887,0.005319808560322674,0.019624660242180035,0.008338333568283545,1,0.008243322372436523
4.6908836900038295,1788364208.1362352,control,preflight_voltage_failed,1,1,0.009024332000990398,3.7953078746795654,3795.0,0,20.0,0.0004478740011109039,nan,10,0,1,1.0,0.052503764629364014,0.06546898186206818,0.044227246195077896,0.00040664340485818684,0.0010901768691837788,0.000512497266754508,0.013462526723742485,0.04605773091316223,0.01642235927283764,0.012130874209105968,0.002671745140105486,0.016890492290258408,-0.018227568882639156,0.005657602252278243,-0.19549901984470303,0.052503764629364014,0.06546898186206818,0.044227246195077896,-0.19549901984470303,0.0,0.0,0.0,0.0,0.0,0.0,0.0006408546684094941,0.001175387878622303,0.0005662746218836939,0.0,0.0,0.0,-0.018227568882639156,0.005657602252278243,-0.19549901984470303,0.0,0.0,0.0,0.0,0.0,0.0,zero,0.0,0.0,0.0,0.0,0.0006408546684094941,0.001175387878622303,0.0005662746218836939,-0.004676701558550598,0.005341617805768079,0.006270464795360805,1,0.009439229965209961
4.701949585003604,1788364208.147293,control,preflight_voltage_failed,1,1,0.009230055999069009,3.7953078746795654,3795.0,0,20.0,0.00014008000289322808,nan,10,0,1,1.0,0.05248355492949486,0.06546526402235031,0.044184375554323196,-4.7021021600812674e-05,0.0008036454673856497,-0.00037983444053679705,0.0024118823930621147,0.03156724199652672,-0.0033020908012986183,0.0189947709441185,-0.00043963082134723663,0.01661764085292816,-0.017722366937868803,0.005520777852856591,-0.19532798458294062,0.05248355492949486,0.06546526402235031,0.044184375554323196,-0.19532798458294062,0.0,0.0,0.0,0.0,0.0,0.0,0.0005210985899019556,0.0011614545699995692,0.0005622290592084639,0.0,0.0,0.0,-0.017722366937868803,0.005520777852856591,-0.19532798458294062,0.0,0.0,0.0,0.0,0.0,0.0,zero,0.0,0.0,0.0,0.0,0.0005210985899019556,0.0011614545699995692,0.0005622290592084639,-0.011031899126056595,-0.001283532803794484,-0.00037267619228587094,1,0.009641647338867188
4.713099176005926,1788364208.158443,control,preflight_voltage_failed,1,1,0.00979777400061721,3.7953078746795654,3795.0,0,20.0,0.010490578002645634,nan,10,0,1,1.0,0.05250296741724014,0.06544995307922363,0.04423883557319641,0.0003275857015978545,0.0003548752283677459,0.000720675743650645,0.008976892568171024,0.016811184585094452,0.018061961978673935,0.022358298301696777,0.006639793049544096,0.00868040882050991,-0.01734307783824504,0.005888056263380642,-0.19557972452494493,0.05250296741724014,0.06544995307922363,0.04423883557319641,-0.19557972452494493,0.0,0.0,0.0,0.0,0.0,0.0,0.0004004606636948262,0.0010894193341067116,0.0004878998448055854,0.0,0.0,0.0,-0.01734307783824504,0.005888056263380642,-0.19557972452494493,0.0,0.0,0.0,0.0,0.0,0.0,zero,0.0,0.0,0.0,0.0,0.0004004606636948262,0.0010894193341067116,0.0004878998448055854,-0.011349186623951816,-0.006776818545809171,-0.006992627877419052,1,0.010161876678466797
4.724202285004139,1788364208.169539,control,preflight_voltage_failed,1,1,0.008948959999543149,3.7953078746795654,3795.0,0,20.0,0.009253770003851969,nan,10,0,1,1.0,0.052507903426885605,0.065462127327919,0.0441850908100605,0.0003451113007031381,0.0004887180402874947,-0.00032765365904197097,0.007476362399756908,0.015700701624155045,-0.0031873760744929314,0.007443654350936413,0.0011467165313661098,0.008597660809755325,-0.017963211664888196,0.005642257686266676,-0.19547710390207362,0.052507903426885605,0.065462127327919,0.0441850908100605,-0.19547710390207362,0.0,0.0,0.0,0.0,0.0,0.0,0.0003107649973136168,0.0009386884601161437,0.00039224545889788383,0.0,0.0,0.0,-0.017963211664888196,0.005642257686266676,-0.19547710390207362,0.0,0.0,0.0,0.0,0.0,0.0,zero,0.0,0.0,0.0,0.0,0.0003107649973136168,0.0009386884601161437,0.00039224545889788383,-0.007545193483591829,-0.012679471083655261,-0.008046440573398372,1,0.009370088577270508
4.735300296000787,1788364208.1807048,control,preflight_voltage_failed,1,1,0.0019363499959581532,3.7953078746795654,3795.0,0,20.0,0.008201739998185076,nan,10,0,1,1.0,0.0524933896958828,0.0654541403055191,0.04425586760044098,0.00015743885887786746,8.815369801595807e-05,0.0011284101055935025,0.006682300008833408,0.0005223182961344719,0.024839356541633606,0.013012561947107315,0.020433243364095688,0.00939829833805561,-0.01755856404571106,0.006223214881760558,-0.1954688810112856,0.0524933896958828,0.0654541403055191,0.04425586760044098,-0.1954688810112856,0.0,0.0,0.0,0.0,0.0,0.0,0.00012921030086587197,0.0006658724472567958,0.00030527626336733895,0.0,0.0,0.0,-0.01755856404571106,0.006223214881760558,-0.1954688810112856,0.0,0.0,0.0,0.0,0.0,0.0,zero,0.0,0.0,0.0,0.0,0.00012921030086587197,0.0006658724472567958,0.00030527626336733895,-0.011566037669165384,-0.014685631790243441,-0.001270202503002319,1,0.0025365352630615234
4.7464480090056895,1788364208.1918132,control,preflight_voltage_failed,1,1,0.004524292002315633,3.7953078746795654,3795.0,0,20.0,0.007413356004690286,nan,10,0,1,1.0,0.0524892695248127,0.06545169651508331,0.04420052096247673,3.0042188882362098e-05,1.3636665244121104e-05,-0.0003856249968521297,0.002380314050242305,-0.0013167448341846466,-0.015372062101960182,0.011685265228152275,-0.0054849740117788315,0.018678758293390274,-0.017500926197352714,0.00529389541551461,-0.19497308004796127,0.0524892695248127,0.06545169651508331,0.04420052096247673,-0.19497308004796127,0.0,0.0,0.0,0.0,0.0,0.0,4.5114606164906696e-05,0.0005369899614751928,0.0003396986766558811,0.0,0.0,0.0,-0.017500926197352714,0.00529389541551461,-0.19497308004796127,0.0,0.0,0.0,0.0,0.0,0.0,zero,0.0,0.0,0.0,0.0,4.5114606164906696e-05,0.0005369899614751928,0.0003396986766558811,-0.009789700490342423,-0.01500339510529338,0.004007162524168347,1,0.0050547122955322266
4.757598730000609,1788364208.2029297,control,preflight_voltage_failed,1,1,0.0010625629947753623,3.7953078746795654,3795.0,0,20.0,0.0063479969976469874,nan,10,0,1,1.0,0.0524948313832283,0.06544619798660278,0.044204454869031906,9.986841905629262e-05,-6.406184547813609e-05,-0.0002548620686866343,0.0028563160449266434,-0.0021127974614501,-0.010514726862311363,0.014232970774173737,-0.003924875985831022,0.007770966272801161,-0.017145462047658523,0.005318743735722046,-0.19549960402753125,0.0524948313832283,0.06544619798660278,0.044204454869031906,-0.19549960402753125,0.0,0.0,0.0,0.0,0.0,0.0,2.0856326779051028e-05,0.00033715801257763923,0.0002649709750070457,0.0,0.0,0.0,-0.017145462047658523,0.005318743735722046,-0.19549960402753125,0.0,0.0,0.0,0.0,0.0,0.0,zero,0.0,0.0,0.0,0.0,2.0856326779051028e-05,0.00033715801257763923,0.0002649709750070457,-0.0016536633445132618,-0.013622349866545388,-0.005094114840991369,1,0.0015017986297607422
4.7687034890041105,1788364208.214794,control,preflight_voltage_failed,1,1,0.006709138004225679,3.7953078746795654,3795.0,0,20.0,0.004985821004083846,nan,10,0,1,1.0,0.05252077057957649,0.06544631719589233,0.04418528825044632,0.0010317417327314615,-4.687505497713573e-05,-0.0009072148241102695,0.03648044168949127,-0.0010595633648335934,-0.032350070774555206,-0.017319541424512863,0.00879861693829298,0.00895625539124012,-0.017927363208342907,0.005645344417005897,-0.1954306672918001,0.05252077057957649,0.06544631719589233,0.04418528825044632,-0.1954306672918001,0.0,0.0,0.0,0.0,0.0,0.0,1.7994457022605542e-05,0.00017629312577924395,0.00017668597280961798,0.0,0.0,0.0,-0.017927363208342907,0.005645344417005897,-0.1954306672918001,0.0,0.0,0.0,0.0,0.0,0.0,zero,0.0,0.0,0.0,0.0,1.7994457022605542e-05,0.00017629312577924395,0.00017668597280961798,-0.0005250897535843538,-0.029515146026161704,-0.016198343738262462,1,0.007915735244750977
4.779768491003779,1788364208.225115,control,preflight_voltage_failed,1,1,0.007259375001012813,3.7953078746795654,3795.0,0,20.0,0.003741799999261275,nan,10,0,1,1.0,0.05252625420689583,0.0654524639248848,0.04425099864602089,0.0009296388598158956,7.935117173474282e-05,0.0005234030541032553,0.027243347838521004,0.0015519489534199238,0.0013164300471544266,-0.00042818766087293625,0.003738297848030925,0.008719054982066154,-0.017220567943322475,0.005473186863379385,-0.19534586643949559,0.05252625420689583,0.0654524639248848,0.04425099864602089,-0.19534586643949559,0.0,0.0,0.0,0.0,0.0,0.0,0.00013724163643974059,6.12981237054672e-05,4.073566306255573e-05,0.0,0.0,0.0,-0.017220567943322475,0.005473186863379385,-0.19534586643949559,0.0,0.0,0.0,0.0,0.0,0.0,zero,0.0,0.0,0.0,0.0,0.00013724163643974059,6.12981237054672e-05,4.073566306255573e-05,0.01133453263575605,-0.010930360033042132,-0.012922177532425548,1,0.007716178894042969
4.790927319001639,1788364208.2362618,control,preflight_voltage_failed,1,1,0.002831744001014158,3.7953078746795654,3795.0,0,20.0,0.0032055659976322204,nan,10,0,1,1.0,0.05251135677099228,0.06548719108104706,0.04424799233675003,0.0005526022287085652,0.0005089715123176575,0.00038015659083612263,0.01695793867111206,0.006752859801054001,-0.0007844652282074094,0.0032174433581531048,0.0015032306546345353,0.0075041744858026505,-0.01694282345454027,0.005357960946172747,-0.19530265020361134,0.05251135677099228,0.06548719108104706,0.04424799233675003,-0.19530265020361134,0.0,0.0,0.0,0.0,0.0,0.0,0.0004086882577998565,4.675324904796998e-05,1.672971565534626e-05,0.0,0.0,0.0,-0.01694282345454027,0.005357960946172747,-0.19530265020361134,0.0,0.0,0.0,0.0,0.0,0.0,zero,0.0,0.0,0.0,0.0,0.0004086882577998565,4.675324904796998e-05,1.672971565534626e-05,0.017411106264733977,-0.0009329361220265664,-0.001539787451390074,1,0.003272533416748047
4.801997753005708,1788364208.2473505,control,preflight_voltage_failed,1,1,0.009012075002829079,3.7953078746795654,3795.0,0,20.0,0.002052362004178576,nan,10,0,1,1.0,0.052513789385557175,0.06546533852815628,0.04418516531586647,0.000541140150744468,-0.00048267943202517927,-0.0022542504593729973,0.013099605217576027,-0.034978676587343216,-0.10790311545133591,0.004487920086830854,0.011473177932202816,-0.02364438772201538,-0.016899832547712466,0.005597824205753541,-0.1960349026812144,0.052513789385557175,0.06546533852815628,0.04418516531586647,-0.1960349026812144,0.0,0.0,0.0,0.0,0.0,0.0,0.0006181933890770059,4.0348612467425315e-05,-1.1422048450692484e-05,0.0,0.0,0.0,-0.016899832547712466,0.005597824205753541,-0.1960349026812144,0.0,0.0,0.0,0.0,0.0,0.0,zero,0.0,0.0,0.0,0.0,0.0006181933890770059,4.0348612467425315e-05,-1.1422048450692484e-05,0.042669137133935754,-0.0013044087029389542,-0.005733565931679845,1,0.009451150894165039
4.8130581570003415,1788364208.258395,control,preflight_voltage_failed,1,1,0.008580517998780124,3.7953078746795654,3795.0,0,20.0,0.0008449199958704412,nan,10,0,1,1.0,0.052511367946863174,0.06544122099876404,0.04420297220349312,0.00039073414518497884,-0.0008062361157499254,-0.0014932299964129925,0.00785982795059681,-0.033618830144405365,-0.07306661456823349,-0.01767995022237301,0.004967518150806427,-0.0014257971197366714,-0.018115430106488785,0.005373684718424727,-0.1950267245485241,0.052511367946863174,0.06544122099876404,0.04420297220349312,-0.1950267245485241,0.0,0.0,0.0,0.0,0.0,0.0,0.0007000811439073434,-2.903034217349426e-05,-0.00028458894687657547,0.0,0.0,0.0,-0.018115430106488785,0.005373684718424727,-0.1950267245485241,0.0,0.0,0.0,0.0,0.0,0.0,zero,0.0,0.0,0.0,0.0,0.0007000811439073434,-2.903034217349426e-05,-0.00028458894687657547,0.007130800515631435,-0.006041531930536635,-0.02378742296921635,1,0.009011983871459961
4.824166304002574,1788364208.2694993,control,preflight_voltage_failed,1,1,0.0012842750002164394,3.7953078746795654,3795.0,0,20.0,0.011953066998103168,nan,10,0,1,1.0,0.05248666927218437,0.065465047955513,0.044231630861759186,-0.002929655835032463,-0.0004802104667760432,0.0030134839471429586,-0.26230546832084656,-0.029965750873088837,0.30352604389190674,0.10228357464075089,0.013893598690629005,-0.031094616279006004,-0.017154766917484125,0.005243749980724262,-0.19541724880833072,0.05248666927218437,0.065465047955513,0.044231630861759186,-0.19541724880833072,0.0,0.0,0.0,0.0,0.0,0.0,0.0006077846620524287,-0.0004185512154647352,-0.0013029174161081276,0.0,0.0,0.0,-0.017154766917484125,0.005243749980724262,-0.19541724880833072,0.0,0.0,0.0,0.0,0.0,0.0,zero,0.0,0.0,0.0,0.0,0.0006077846620524287,-0.0004185512154647352,-0.0013029174161081276,-0.018933062909493044,-0.06977367777831324,-0.17972583162018851,1,0.0017027854919433594
4.8353044649993535,1788364208.280705,control,preflight_voltage_failed,1,1,0.012422435996995773,3.7953078746795654,3795.0,0,20.0,0.010629773998516612,nan,10,0,1,1.0,0.05248666927218437,0.065465047955513,0.044231630861759186,-0.002929655835032463,-0.0004802104667760432,0.0030134839471429586,-0.26230546832084656,-0.029965750873088837,0.30352604389190674,0.10228357464075089,0.013893598690629005,-0.031094616279006004,-0.017154766917484125,0.005243749980724262,-0.19541724880833072,0.05248666927218437,0.065465047955513,0.044231630861759186,-0.19541724880833072,0.0,0.0,0.0,0.0,0.0,0.0,0.0006077846620524287,-0.0004185512154647352,-0.0013029174161081276,0.0,0.0,0.0,-0.017154766917484125,0.005243749980724262,-0.19541724880833072,0.0,0.0,0.0,0.0,0.0,0.0,zero,0.0,0.0,0.0,0.0,0.0006077846620524287,-0.0004185512154647352,-0.0013029174161081276,-0.018933062909493044,-0.06977367777831324,-0.17972583162018851,1,0.012908458709716797
4.846407353004906,1788364208.2917936,control,preflight_voltage_failed,1,1,0.010200992001045961,3.7953078746795654,3795.0,0,20.0,0.009426738004549406,nan,10,0,1,1.0,0.052475254982709885,0.06542926281690598,0.044213589280843735,-0.0025153695605695248,-0.0009222954977303743,0.002139482880011201,-0.20361445844173431,-0.030620554462075233,0.22967785596847534,0.06953172385692596,0.03165215253829956,-0.03694215416908264,-0.017977277890501707,0.0065951611001633685,-0.1962435402272841,0.052475254982709885,0.06542926281690598,0.044213589280843735,-0.1962435402272841,0.0,0.0,0.0,0.0,0.0,0.0,-2.6776623356648095e-05,-0.0005284627090984059,-0.0007982111543997777,0.0,0.0,0.0,-0.017977277890501707,0.0065951611001633685,-0.1962435402272841,0.0,0.0,0.0,0.0,0.0,0.0,zero,0.0,0.0,0.0,0.0,-2.6776623356648095e-05,-0.0005284627090984059,-0.0007982111543997777,-0.047711582848781596,-0.008264058106153728,0.03794800466636273,1,0.010697126388549805
4.8575472890006495,1788364208.3029072,control,preflight_voltage_failed,1,1,0.00447913399693789,3.7953078746795654,3795.0,0,20.0,0.008235707995481789,nan,10,0,1,1.0,0.052466996014118195,0.06546176224946976,0.04424019902944565,-0.005621001124382019,0.004671817179769278,0.0056649260222911835,-1.0153450965881348,1.2471257448196411,1.064180612564087,-0.16320960223674774,-0.028392765671014786,0.008292485028505325,-0.018427233623582794,0.005618206951795088,-0.19556034213536877,0.052466996014118195,0.06546176224946976,0.04424019902944565,-0.19556034213536877,0.0,0.0,0.0,0.0,0.0,0.0,-0.0020493592461636487,-0.0007361627300741508,0.0015401640747671802,0.0,0.0,0.0,-0.018427233623582794,0.005618206951795088,-0.19556034213536877,0.0,0.0,0.0,0.0,0.0,0.0,zero,0.0,0.0,0.0,0.0,-0.0020493592461636487,-0.0007361627300741508,0.0015401640747671802,-1.182010729485625,-0.12019484113732766,1.366756771433373,1,0.0049021244049072266
4.868748430999403,1788364208.3148756,control,preflight_voltage_failed,1,1,0.0007830339964129962,3.7953078746795654,3795.0,0,20.0,0.007134711995604448,nan,10,0,1,1.0,0.05250905826687813,0.0654495432972908,0.044222358614206314,-0.0039251502603292465,0.003571390872821212,0.004289478994905949,-0.7892284393310547,0.9827451705932617,0.8326513767242432,-0.1298418641090393,-0.02176031284034252,0.008547153323888779,-0.018373038616360575,0.005690973543505838,-0.1954208892785662,0.05250905826687813,0.0654495432972908,0.044222358614206314,-0.1954208892785662,0.0,0.0,0.0,0.0,0.0,0.0,-0.003074961514247886,0.0003051611596931707,0.002798684980203364,0.0,0.0,0.0,-0.018373038616360575,0.005690973543505838,-0.1954208892785662,0.0,0.0,0.0,0.0,0.0,0.0,zero,0.0,0.0,0.0,0.0,-0.003074961514247886,0.0003051611596931707,0.002798684980203364,-0.0696979486938348,0.07076635972952633,0.08552664929364713,1,0.0021555423736572266
4.87973373800196,1788364208.3251019,control,preflight_voltage_failed,1,1,0.011768340998969506,3.7953078746795654,3795.0,0,20.0,0.0058141359986620955,nan,10,0,1,1.0,0.05250905826687813,0.0654495432972908,0.044222358614206314,-0.0039251502603292465,0.003571390872821212,0.004289478994905949,-0.7892284393310547,0.9827451705932617,0.8326513767242432,-0.1298418641090393,-0.02176031284034252,0.008547153323888779,-0.018373038616360575,0.005690973543505838,-0.1954208892785662,0.05250905826687813,0.0654495432972908,0.044222358614206314,-0.1954208892785662,0.0,0.0,0.0,0.0,0.0,0.0,-0.003074961514247886,0.0003051611596931707,0.002798684980203364,0.0,0.0,0.0,-0.018373038616360575,0.005690973543505838,-0.1954208892785662,0.0,0.0,0.0,0.0,0.0,0.0,zero,0.0,0.0,0.0,0.0,-0.003074961514247886,0.0003051611596931707,0.002798684980203364,-0.0696979486938348,0.07076635972952633,0.08552664929364713,1,0.012381792068481445
4.89083581900195,1788364208.336176,control,preflight_voltage_failed,1,1,0.0067127020010957494,3.7953078746795654,3795.0,0,20.0,0.004662813000322785,nan,10,0,1,1.0,0.052504561841487885,0.06543035060167313,0.044173624366521835,0.00141932163387537,0.004119578283280134,-0.005330006126314402,0.684240460395813,1.0147628784179688,-1.5720179080963135,-0.05710623413324356,0.08831288665533066,-0.029770581051707268,-0.017753898045621705,0.006148850442379735,-0.1957440076593464,0.052504561841487885,0.06543035060167313,0.044173624366521835,-0.1957440076593464,0.0,0.0,0.0,0.0,0.0,0.0,-0.00453376740332641,0.003070535172389686,0.004685240700842558,0.0,0.0,0.0,-0.017753898045621705,0.006148850442379735,-0.1957440076593464,0.0,0.0,0.0,0.0,0.0,0.0,zero,0.0,0.0,0.0,0.0,-0.00453376740332641,0.003070535172389686,0.004685240700842558,-0.8691202256566822,1.6509171757191035,1.123574830566486,1,0.00707697868347168
4.901953114000207,1788364208.3473063,control,preflight_voltage_failed,1,1,0.0036511609941953793,3.7953078746795654,3795.0,0,20.0,0.0035456459954730235,nan,10,0,1,1.0,0.052504394203424454,0.06543649733066559,0.044239591807127,0.0011330731213092804,0.003383082803338766,-0.003325799712911248,0.5433212518692017,0.8013356924057007,-1.2291100025177002,-0.04334302619099617,0.06058821827173233,-0.022874444723129272,-0.017588773912041555,0.005442642028994011,-0.1956652737341997,0.052504394203424454,0.06543649733066559,0.044239591807127,-0.1956652737341997,0.0,0.0,0.0,0.0,0.0,0.0,-0.003602753426778943,0.003755616922255025,0.003130573962172499,0.0,0.0,0.0,-0.017588773912041555,0.005442642028994011,-0.1956652737341997,0.0,0.0,0.0,0.0,0.0,0.0,zero,0.0,0.0,0.0,0.0,-0.003602753426778943,0.003755616922255025,0.003130573962172499,0.06619915314791051,0.048712299514938495,-0.11054358379112332,1,0.004143476486206055
4.9130617280025035,1788364208.3584085,control,preflight_voltage_failed,1,1,0.010525204001169186,3.7953078746795654,3795.0,0,20.0,0.002588648996606935,nan,10,0,1,1.0,0.05248360335826874,0.06543067842721939,0.04419944807887077,-0.00010150013258680701,0.0024243607185781,-0.004606843460351229,0.3748038113117218,0.5945888757705688,-1.0453941822052002,-0.05567774176597595,0.02565201185643673,-0.03936681151390076,-0.018024220229299,0.004964307720995315,-0.1960913685667652,0.05248360335826874,0.06543067842721939,0.04419944807887077,-0.1960913685667652,0.0,0.0,0.0,0.0,0.0,0.0,-0.0027514496520378213,0.004273170991326855,0.0017158447439625584,0.0,0.0,0.0,-0.018024220229299,0.004964307720995315,-0.1960913685667652,0.0,0.0,0.0,0.0,0.0,0.0,zero,0.0,0.0,0.0,0.0,-0.0027514496520378213,0.004273170991326855,0.0017158447439625584,0.2063349799255583,0.1254423058147503,-0.3428953723695363,1,0.011119842529296875
4.924201182999241,1788364208.3695369,control,preflight_voltage_failed,1,1,0.010653133998857811,3.7953078746795654,3795.0,0,20.0,0.0015246149996528402,nan,10,0,1,1.0,0.05254555121064186,0.06543804705142975,0.04421135038137436,0.0010604072595015168,0.002075281459838152,-0.003466133028268814,0.32125526666641235,0.4692381024360657,-0.8152937293052673,-0.03442971035838127,0.029984278604388237,-0.020444665104150772,-0.01747239394732608,0.005488346964764292,-0.1955010267472252,0.05254555121064186,0.06543804705142975,0.04421135038137436,-0.1955010267472252,0.0,0.0,0.0,0.0,0.0,0.0,-0.0017694130395931782,0.004250701204325113,3.023446042595807e-05,0.0,0.0,0.0,-0.01747239394732608,0.005488346964764292,-0.1955010267472252,0.0,0.0,0.0,0.0,0.0,0.0,zero,0.0,0.0,0.0,0.0,-0.0017694130395931782,0.004250701204325113,3.023446042595807e-05,0.09049079686548214,-0.002070502163991286,-0.155322333026027,1,0.011395931243896484
4.935315979004372,1788364208.3806825,control,preflight_voltage_failed,1,1,0.003110171004664153,3.7953078746795654,3795.0,0,20.0,0.00047799500316614285,nan,10,0,1,1.0,0.05246401205658913,0.06543745845556259,0.04419451206922531,-0.0020243593025952578,0.0011634593829512596,-0.003048726823180914,0.07781039923429489,0.26918572187423706,-0.528038501739502,-0.056356269866228104,0.013953627087175846,-0.023849068209528923,-0.018401666768001302,0.005677678329874547,-0.1957166087025446,0.05246401205658913,0.06543745845556259,0.04419451206922531,-0.1957166087025446,0.0,0.0,0.0,0.0,0.0,0.0,0.00017436010129636987,0.0030449282551221154,-0.0030738636682044,0.0,0.0,0.0,-0.018401666768001302,0.005677678329874547,-0.1957166087025446,0.0,0.0,0.0,0.0,0.0,0.0,zero,0.0,0.0,0.0,0.0,0.00017436010129636987,0.0030449282551221154,-0.0030738636682044,0.21593576859019337,-0.13990055729327916,-0.3460214012423668,1,0.0035483837127685547
4.946401475004677,1788364208.3917592,control,preflight_voltage_failed,1,1,0.003414573999179993,3.7953078746795654,3795.0,0,20.0,0.011563491003471427,nan,10,0,1,1.0,0.05250528082251549,0.06544875353574753,0.044223785400390625,-0.0008554936503060162,0.0011398692149668932,-0.0018970549572259188,0.08388710767030716,0.21491186320781708,-0.40111032128334045,-0.034315381199121475,0.025984246283769608,-0.020352348685264587,-0.017820428190259332,0.0064769086684348404,-0.19579987247514474,0.05250528082251549,0.06544875353574753,0.044223785400390625,-0.19579987247514474,0.0,0.0,0.0,0.0,0.0,0.0,0.00039641279741120885,0.0024663614968009314,-0.0037159839297269247,0.0,0.0,0.0,-0.017820428190259332,0.0064769086684348404,-0.19579987247514474,0.0,0.0,0.0,0.0,0.0,0.0,zero,0.0,0.0,0.0,0.0,0.00039641279741120885,0.0024663614968009314,-0.0037159839297269247,0.020557023606702283,-0.053562108080465624,-0.05944571538835855,1,0.0038232803344726562
4.957611060999625,1788364208.403045,control,preflight_voltage_failed,1,1,0.014624159994127695,3.7953078746795654,3795.0,0,20.0,0.010750529996585101,nan,10,0,1,1.0,0.05250528082251549,0.06544875353574753,0.044223785400390625,-0.0008554936503060162,0.0011398692149668932,-0.0018970549572259188,0.08388710767030716,0.21491186320781708,-0.40111032128334045,-0.034315381199121475,0.025984246283769608,-0.020352348685264587,-0.017820428190259332,0.0064769086684348404,-0.19579987247514474,0.05250528082251549,0.06544875353574753,0.044223785400390625,-0.19579987247514474,0.0,0.0,0.0,0.0,0.0,0.0,0.00039641279741120885,0.0024663614968009314,-0.0037159839297269247,0.0,0.0,0.0,-0.017820428190259332,0.0064769086684348404,-0.19579987247514474,0.0,0.0,0.0,0.0,0.0,0.0,zero,0.0,0.0,0.0,0.0,0.00039641279741120885,0.0024663614968009314,-0.0037159839297269247,0.020557023606702283,-0.053562108080465624,-0.05944571538835855,1,0.015109062194824219
4.9686947369991685,1788364208.4140766,control,preflight_voltage_failed,1,1,0.006599986998480745,3.7953078746795654,3795.0,0,20.0,0.010045396993518807,nan,10,0,1,1.0,0.052487365901470184,0.06546600908041,0.04418768733739853,-0.00028712867060676217,0.0016687887255102396,-0.003212441923096776,0.09136301279067993,0.17451797425746918,-0.34122198820114136,0.050153277814388275,-0.002859693020582199,-0.043803341686725616,-0.01705953641756199,0.005844163122150825,-0.19593715205679085,0.052487365901470184,0.06546600908041,0.04418768733739853,-0.19593715205679085,0.0,0.0,0.0,0.0,0.0,0.0,-0.00031018601136870166,0.0013147869841670405,-0.0032659262073773433,0.0,0.0,0.0,-0.01705953641756199,0.005844163122150825,-0.19593715205679085,0.0,0.0,0.0,0.0,0.0,0.0,zero,0.0,0.0,0.0,0.0,-0.00031018601136870166,0.0013147869841670405,-0.0032659262073773433,-0.08236575821082509,-0.13167925689706897,0.05603206756747052,1,0.0071566104888916016
4.979878306003229,1788364208.4260046,control,preflight_voltage_failed,1,1,0.006774130997655448,3.7953078746795654,3795.0,0,20.0,0.008628754003439099,nan,10,0,1,1.0,0.05247199535369873,0.0654875859618187,0.04422933608293533,-0.0005107323522679508,0.0017295347061008215,-0.0018084633629769087,0.06900212168693542,0.1407250463962555,-0.24730776250362396,0.011936960741877556,-0.009167833253741264,-0.03706178069114685,-0.018601701073893556,0.005465956424914893,-0.19604086185030348,0.05247199535369873,0.0654875859618187,0.04422933608293533,-0.19604086185030348,0.0,0.0,0.0,0.0,0.0,0.0,-0.0005129309368544075,0.0010831438162296008,-0.0030107393743628343,0.0,0.0,0.0,-0.018601701073893556,0.005465956424914893,-0.19604086185030348,0.0,0.0,0.0,0.0,0.0,0.0,zero,0.0,0.0,0.0,0.0,-0.0005129309368544075,0.0010831438162296008,-0.0030107393743628343,-0.0185347395803051,-0.021176588183362578,0.023328926644727275,1,0.008146047592163086
4.991000890004216,1788364208.4364514,control,preflight_voltage_failed,1,1,0.002931682000053115,3.7953078746795654,3795.0,0,20.0,0.007161084002291318,nan,10,0,1,1.0,0.052538104355335236,0.06548651307821274,0.044218260794878006,0.0004718473646789789,0.0013693391811102629,-0.001594270346686244,0.06828759610652924,0.1077829897403717,-0.19499361515045166,0.018995149061083794,0.0009782444685697556,-0.022738328203558922,-0.01788952610070155,0.006099480746073849,-0.19553339243626308,0.052538104355335236,0.06548651307821274,0.044218260794878006,-0.19553339243626308,0.0,0.0,0.0,0.0,0.0,0.0,-0.0005038532551519794,0.001150474772656103,-0.002644481629404936,0.0,0.0,0.0,-0.01788952610070155,0.006099480746073849,-0.19553339243626308,0.0,0.0,0.0,0.0,0.0,0.0,zero,0.0,0.0,0.0,0.0,-0.0005038532551519794,0.001150474772656103,-0.002644481629404936,0.0006043964168395005,0.00448292748529278,0.024385616939296032,1,0.0035734176635742188
5.002039944003627,1788364208.4473443,control,preflight_voltage_failed,1,1,0.00999777700053528,3.7953078746795654,3795.0,0,20.0,0.005637610003759619,nan,10,0,1,1.0,0.0524931326508522,0.06545413285493851,0.04420512169599533,-0.0018296774942427874,-0.0004937098128721118,-0.0019202670082449913,-0.05832590162754059,-0.005209729075431824,-0.1719944030046463,0.020380521193146706,-0.030810857191681862,-0.0002708733081817627,-0.017781715571531055,0.005462365574950166,-0.19515682877329218,0.0524931326508522,0.06545413285493851,0.04420512169599533,-0.19515682877329218,0.0,0.0,0.0,0.0,0.0,0.0,-0.0004924107619775,0.0011982797784448789,-0.0023341764089851434,0.0,0.0,0.0,-0.017781715571531055,0.005462365574950166,-0.19515682877329218,0.0,0.0,0.0,0.0,0.0,0.0,zero,0.0,0.0,0.0,0.0,-0.0004924107619775,0.0011982797784448789,-0.0023341764089851434,0.0028094184213365144,0.011737325235607667,0.0761876969635086,1,0.010393381118774414
5.013081814002362,1788364208.4583828,control,preflight_voltage_failed,1,1,0.001193005999084562,3.7953078746795654,3795.0,0,20.0,0.004157688999839593,nan,10,0,1,1.0,0.05253353714942932,0.0654677078127861,0.04418886452913284,-0.00033104600152000785,3.432933590374887e-05,-0.0015779593959450722,-0.007673377171158791,0.008622797206044197,-0.10507401823997498,-0.0028289081528782845,-0.016339566558599472,-0.018739717081189156,-0.018580881726939284,0.005764655455552489,-0.1960085939256126,0.05253353714942932,0.0654677078127861,0.04418886452913284,-0.1960085939256126,0.0,0.0,0.0,0.0,0.0,0.0,-0.0007237718673121104,0.0007411444429236486,-0.001880311221292502,0.0,0.0,0.0,-0.018580881726939284,0.005764655455552489,-0.1960085939256126,0.0,0.0,0.0,0.0,0.0,0.0,zero,0.0,0.0,0.0,0.0,-0.0007237718673121104,0.0007411444429236486,-0.001880311221292502,-0.014604913145798192,-0.030570096416410158,0.022430674061579257,1,0.0016095638275146484
5.02419697100413,1788364208.4694953,control,preflight_voltage_failed,1,1,0.012308163000852801,3.7953078746795654,3795.0,0,20.0,0.0023897339997347444,nan,10,0,1,1.0,0.05253353714942932,0.0654677078127861,0.04418886452913284,-0.00033104600152000785,3.432933590374887e-05,-0.0015779593959450722,-0.007673377171158791,0.008622797206044197,-0.10507401823997498,-0.0028289081528782845,-0.016339566558599472,-0.018739717081189156,-0.018580881726939284,0.005764655455552489,-0.1960085939256126,0.05253353714942932,0.0654677078127861,0.04418886452913284,-0.1960085939256126,0.0,0.0,0.0,0.0,0.0,0.0,-0.0007237718673121104,0.0007411444429236486,-0.001880311221292502,0.0,0.0,0.0,-0.018580881726939284,0.005764655455552489,-0.1960085939256126,0.0,0.0,0.0,0.0,0.0,0.0,zero,0.0,0.0,0.0,0.0,-0.0007237718673121104,0.0007411444429236486,-0.001880311221292502,-0.014604913145798192,-0.030570096416410158,0.022430674061579257,1,0.012722015380859375
5.035265238999273,1788364208.480574,control,preflight_voltage_failed,1,1,0.0024493649980286136,3.7953078746795654,3795.0,0,20.0,0.0007626379956491292,nan,10,0,1,1.0,0.052532631903886795,0.06547681987285614,0.04421205073595047,0.001074126223102212,0.001362129463814199,-0.0013472537975758314,0.060036733746528625,0.06564561277627945,-0.08201708644628525,0.008153023198246956,-0.024586517363786697,-0.026276979595422745,-0.017548932880313825,0.005874761274112343,-0.19605957176942568,0.052532631903886795,0.06547681987285614,0.04421205073595047,-0.19605957176942568,0.0,0.0,0.0,0.0,0.0,0.0,-0.0007864080473374894,5.211634850512802e-05,-0.001445894488934848,0.0,0.0,0.0,-0.017548932880313825,0.005874761274112343,-0.19605957176942568,0.0,0.0,0.0,0.0,0.0,0.0,zero,0.0,0.0,0.0,0.0,-0.0007864080473374894,5.211634850512802e-05,-0.001445894488934848,-0.001911495736813113,-0.051180935041706364,0.03461951480711648,1,0.002871990203857422
5.0464188780024415,1788364208.4917383,control,preflight_voltage_failed,1,1,0.003383631003089249,3.7953078746795654,3795.0,0,20.0,0.01191627699881792,nan,10,0,1,1.0,0.052525848150253296,0.06543896347284317,0.04422014206647873,0.0007256769458763301,0.0003440212458372116,-0.0009184228256344795,0.041165754199028015,0.032462142407894135,-0.05716670677065849,0.0055596427991986275,-0.026202740147709846,-0.006366525776684284,-0.01759352492644957,0.005556194151027991,-0.19530986456067814,0.052525848150253296,0.06543896347284317,0.04422014206647873,-0.19530986456067814,0.0,0.0,0.0,0.0,0.0,0.0,-0.0006025362609533222,-1.5322294266366686e-05,-0.001283556463046676,0.0,0.0,0.0,-0.01759352492644957,0.005556194151027991,-0.19530986456067814,0.0,0.0,0.0,0.0,0.0,0.0,zero,0.0,0.0,0.0,0.0,-0.0006025362609533222,-1.5322294266366686e-05,-0.001283556463046676,0.018109145258371293,-0.006641889992980284,0.015988330507780854,1,0.003882884979248047
5.057510730999638,1788364208.5028486,control,preflight_voltage_failed,1,1,0.014475484000286087,3.7953078746795654,3795.0,0,20.0,0.010742690996266901,nan,10,0,1,1.0,0.052525848150253296,0.06543896347284317,0.04422014206647873,0.0007256769458763301,0.0003440212458372116,-0.0009184228256344795,0.041165754199028015,0.032462142407894135,-0.05716670677065849,0.0055596427991986275,-0.026202740147709846,-0.006366525776684284,-0.01759352492644957,0.005556194151027991,-0.19530986456067814,0.052525848150253296,0.06543896347284317,0.04422014206647873,-0.19530986456067814,0.0,0.0,0.0,0.0,0.0,0.0,-0.0006025362609533222,-1.5322294266366686e-05,-0.001283556463046676,0.0,0.0,0.0,-0.01759352492644957,0.005556194151027991,-0.19530986456067814,0.0,0.0,0.0,0.0,0.0,0.0,zero,0.0,0.0,0.0,0.0,-0.0006025362609533222,-1.5322294266366686e-05,-0.001283556463046676,0.018109145258371293,-0.006641889992980284,0.015988330507780854,1,0.01499319076538086
5.068716747999133,1788364208.5140324,control,preflight_voltage_failed,1,1,0.005934731998422649,3.7953078746795654,3795.0,0,20.0,0.010102380998432636,nan,10,0,1,1.0,0.052503086626529694,0.06543119251728058,0.04421312361955643,-0.0009743589325807989,-0.00037663450348190963,-0.0006406307220458984,-0.05592171102762222,-0.014819396659731865,-0.026362307369709015,-0.003433068050071597,-0.036857910454273224,-0.03818577527999878,-0.017983344037599387,0.005488829374928866,-0.19610280572030248,0.052503086626529694,0.06543119251728058,0.04421312361955643,-0.19610280572030248,0.0,0.0,0.0,0.0,0.0,0.0,0.0003290208940408037,0.00028876310630588227,-0.0010064595332500842,0.0,0.0,0.0,-0.017983344037599387,0.005488829374928866,-0.19610280572030248,0.0,0.0,0.0,0.0,0.0,0.0,zero,0.0,0.0,0.0,0.0,0.0003290208940408037,0.00028876310630588227,-0.0010064595332500842,0.10208825793366406,0.03289346034610821,0.031227676328164297,1,0.006311178207397461
5.079712753999047,1788364208.5250232,control,preflight_voltage_failed,1,1,0.0050601589973666705,3.7953078746795654,3795.0,0,20.0,0.008759819997067098,nan,10,0,1,1.0,0.052517157047986984,0.06545720249414444,0.044236429035663605,-0.000540742592420429,0.0001400252804160118,-0.00011706218356266618,-0.03737983852624893,-0.0030889203771948814,-0.012206022627651691,-0.0011411390732973814,-0.019603317603468895,-0.019726544618606567,-0.01788510254588926,0.006082629010637003,-0.1954755419657175,0.052517157047986984,0.06545720249414444,0.044236429035663605,-0.1954755419657175,0.0,0.0,0.0,0.0,0.0,0.0,0.00037586101258971715,0.000283521005805373,-0.0008581850327763436,0.0,0.0,0.0,-0.01788510254588926,0.006082629010637003,-0.1954755419657175,0.0,0.0,0.0,0.0,0.0,0.0,zero,0.0,0.0,0.0,0.0,0.00037586101258971715,0.000283521005805373,-0.0008581850327763436,0.0039743829217952316,-0.0004447921002121698,0.012581087765718806,1,0.005516529083251953
