control_time_s,ros_time_s,mode,flight_phase,state_valid,derivatives_valid,state_age_s,battery_voltage_v,battery_voltage_mv,battery_state,battery_level_percent,battery_age_s,preflight_voltage_v,preflight_voltage_sample_count,preflight_voltage_ready,preflight_voltage_failed,thrust_raw_scale,position_x,position_y,position_z,velocity_x,velocity_y,velocity_z,acceleration_x,acceleration_y,acceleration_z,body_rate_x,body_rate_y,body_rate_z,roll_rad,pitch_rad,yaw_rad,target_x,target_y,target_z,target_yaw_rad,target_jerk_x,target_jerk_y,target_jerk_z,position_error_x,position_error_y,position_error_z,velocity_error_x,velocity_error_y,velocity_error_z,desired_force_x,desired_force_y,desired_force_z,desired_roll_rad,desired_pitch_rad,desired_yaw_rad,attitude_error_x,attitude_error_y,attitude_error_z,computed_rate_x,computed_rate_y,computed_rate_z,omega_c_method,command_rate_x,command_rate_y,command_rate_z,command_thrust_newton,filtered_velocity_x,filtered_velocity_y,filtered_velocity_z,filtered_acceleration_x,filtered_acceleration_y,filtered_acceleration_z,filter_derivatives_valid,mocap_sample_age_s,ekf_position_x,ekf_position_y,ekf_position_z,ekf_velocity_x,ekf_velocity_y,ekf_velocity_z,ekf_acceleration_x,ekf_acceleration_y,ekf_acceleration_z,ekf_state_valid,ekf_state_age_s,ekf_kinematics_weight_effective,control_velocity_x,control_velocity_y,control_velocity_z,mixed_acceleration_x,mixed_acceleration_y,mixed_acceleration_z,control_acceleration_x,control_acceleration_y,control_acceleration_z,mission_time_s,vehicle_id,radio_uri,orbit_phase_rad,formation_state,global_abort_reason,position_integral_x,position_integral_y,position_integral_z,command_raw_thrust,command_raw_thrust_age_s,invalid_reason,ekf_position_error_m,ekf_position_consistent,ekf_kinematics_held,ekf_fault_age_s,ekf_status
0.11749428900111525,1788688520.8641467,control,waiting_for_ekf,1,1,0.0023580810011480935,3.8850440979003906,3885.0,0,40.0,0.08896581800036074,3.8850440979003906,1,1,0,1.0810688100734358,0.4681357145309448,-0.04232511669397354,0.04531067982316017,-0.0008618829888291657,-8.98433499969542e-05,-0.0007624964346177876,-0.025111090391874313,-0.008046416565775871,-0.011715356260538101,-0.010539093054831028,-0.010056879371404648,0.016475167125463486,-0.05359896403217275,-0.0015936804315862725,3.04121003613855,0.4681357145309448,-0.04232511669397354,0.04531067982316017,3.04121003613855,0.0,0.0,0.0,0.0,0.0,0.0,0.00030047553034022445,-0.0002875884323602677,-0.0006599549522577633,0.0,0.0,0.0,-0.05359896403217275,-0.0015936804315862725,3.04121003613855,0.0,0.0,0.0,0.0,0.0,0.0,zero,0.0,0.0,0.0,0.0,0.00030047553034022445,-0.0002875884323602677,-0.0006599549522577633,-0.006014542611835224,-0.008526441433517757,-0.003455692238383031,1,0.005228519439697266,0.4681338965892792,-0.04190041869878769,0.04492723196744919,0.003180789459748025,0.0021291929458513927,-0.001973078246878424,-0.0016680245227703263,0.003689604426524901,0.006928862351128377,1,0.008175322000170127,1.0,0.003180789459748025,0.0021291929458513927,-0.001973078246878424,-0.0016680245227703263,0.003689604426524901,0.006928862351128377,-0.0016680245227703263,0.003689604426524901,0.006928862351128377,0.11749428900111525,2,radio://0/80/2M/E7E7E7E702,0.0,waiting_for_ekf,,0.0,0.0,0.0,0,0.0,,0.0005721922317509499,1,0,0.0,fresh
0.11749428900111525,1788688520.8660936,control,preflight_voltage_failed,1,1,0.002585808000731049,3.790029287338257,3790.0,0,20.0,0.05113512699972489,nan,1,0,1,1.0,-0.22224070131778717,0.449316143989563,0.042501602321863174,0.0017802214715629816,-0.00043015327537432313,0.0004932789015583694,0.050682734698057175,-0.013815226964652538,0.013226096518337727,-0.009046277962625027,0.020217472687363625,-0.012283742427825928,0.0027385092327429452,0.025841032205722966,-0.9871422102434645,-0.22224070131778717,0.449316143989563,0.042501602321863174,-0.9871422102434645,0.0,0.0,0.0,0.0,0.0,0.0,0.0003242037218268016,0.0003612741290340997,0.00014948710000850632,0.0,0.0,0.0,0.0027385092327429452,0.025841032205722966,-0.9871422102434645,0.0,0.0,0.0,0.0,0.0,0.0,zero,0.0,0.0,0.0,0.0,0.0003242037218268016,0.0003612741290340997,0.00014948710000850632,0.00535459368282272,-0.017713857887602817,-0.018769747600016616,1,0.007175445556640625,,,,,,,,,,,,,,,,,,,,,,0.11749428900111525,4,radio://0/80/2M/E7E7E7E704,2.0943951023931953,preflight_voltage_failed,,0.0,0.0,0.0,0,0.0,,,,,,
0.11749428900111525,1788688520.8675227,control,waiting_for_ekf,1,1,0.0028327590007393155,3.9747800827026367,3974.0,0,70.0,0.012053804000970558,3.9747800827026367,1,1,0,1.0566622335352516,-0.35989564657211304,-0.3916434645652771,0.035922423005104065,-0.0007934465538710356,-1.0418938472867012e-05,-0.00016826787032186985,-0.019394561648368835,0.0072627319023013115,0.0002659447491168976,-0.022455435246229172,-0.057610221207141876,0.0026470008306205273,-0.009170945083173886,-0.04252756842311414,0.9238094163985394,-0.35989564657211304,-0.3916434645652771,0.035922423005104065,0.9238094163985394,0.0,0.0,0.0,0.0,0.0,0.0,-0.0003459086920957055,0.0007390892556909152,0.0009098571385723189,0.0,0.0,0.0,-0.009170945083173886,-0.04252756842311414,0.9238094163985394,0.0,0.0,0.0,0.0,0.0,0.0,zero,0.0,0.0,0.0,0.0,-0.0003459086920957055,0.0007390892556909152,0.0009098571385723189,-0.0017142844794888188,-0.0028709755626210704,-0.004129735442638098,1,0.00860452651977539,-0.35911116003990173,-0.39119136333465576,0.03495687246322632,-0.0021969607763996615,-0.004493790996502911,-0.0010516885264827104,5.3554712430177524e-05,0.00022860051785540024,-0.0012608224854535938,1,0.006148713000584394,1.0,-0.0021969607763996615,-0.004493790996502911,-0.0010516885264827104,5.3554712430177524e-05,0.00022860051785540024,-0.0012608224854535938,5.3554712430177524e-05,0.00022860051785540024,-0.0012608224854535938,0.11749428900111525,5,radio://0/80/2M/E7E7E7E705,4.1887902047863905,waiting_for_ekf,,0.0,0.0,0.0,0,0.0,,0.0013236700838466717,1,0,0.0,fresh
0.131742760000634,1788688520.8762999,control,aborted,1,1,0.008088426000540494,3.8850440979003906,3885.0,0,40.0,0.1032142889998795,3.8850440979003906,1,1,0,1.0810688100734358,0.46816784143447876,-0.042350832372903824,0.045335184782743454,2.740323543548584e-05,-0.0006457183626480401,-6.317067891359329e-05,-0.00024451129138469696,-0.018841447308659554,0.006233121268451214,0.009429452940821648,0.0007577594369649887,0.011139634996652603,-0.05279841450895269,-0.001204599884335109,3.041097746782675,0.46816784143447876,-0.042350832372903824,0.045335184782743454,3.041097746782675,0.0,0.0,0.0,0.0,0.0,0.0,0.00016397093650312303,-0.00033842457124944015,-0.0006499456111946861,0.0,0.0,0.0,-0.05279841450895269,-0.001204599884335109,3.041097746782675,0.0,0.0,0.0,0.0,0.0,0.0,zero,0.0,0.0,0.0,0.0,0.00016397093650312303,-0.00033842457124944015,-0.0006499456111946861,-0.015230415086968766,-0.005672010552442319,0.0011167859985696206,1,0.008419036865234375,,,,,,,,,,,,,,,,,,,,,,0.131742760000634,2,radio://0/80/2M/E7E7E7E702,0.0,aborted,cf4 起飞前预检失败（电压或 EKF 对齐）,0.0,0.0,0.0,0,0.0,global_abort:cf4 起飞前预检失败（电压或 EKF 对齐）,,,,,
0.131742760000634,1788688520.8764462,control,aborted,1,1,0.0073082330000033835,3.790029287338257,3790.0,0,20.0,0.06538359799924365,nan,1,0,1,1.0,-0.22228233516216278,0.44939085841178894,0.0424533449113369,0.0004951208247803152,0.0013231245102360845,-0.0006822376744821668,0.011869259178638458,0.028072094544768333,-0.015650693327188492,0.0035737319849431515,-0.008803263306617737,0.004495236091315746,0.0032391154334810144,0.024719811926675623,-0.9865035327577627,-0.22228233516216278,0.44939085841178894,0.0424533449113369,-0.9865035327577627,0.0,0.0,0.0,0.0,0.0,0.0,0.0004797521199983978,0.00021433320825543556,2.9493753141139064e-05,0.0,0.0,0.0,0.0032391154334810144,0.024719811926675623,-0.9865035327577627,0.0,0.0,0.0,0.0,0.0,0.0,zero,0.0,0.0,0.0,0.0,0.0004797521199983978,0.00021433320825543556,2.9493753141139064e-05,0.017355215701338546,-0.016394841769143277,-0.013388182984123908,1,0.008565425872802734,,,,,,,,,,,,,,,,,,,,,,0.131742760000634,4,radio://0/80/2M/E7E7E7E704,2.0943951023931953,aborted,cf4 起飞前预检失败（电压或 EKF 对齐）,0.0,0.0,0.0,0,0.0,global_abort:cf4 起飞前预检失败（电压或 EKF 对齐）,,,,,
0.131742760000634,1788688520.876576,control,aborted,1,1,0.007631808000951423,3.9747800827026367,3974.0,0,70.0,0.026302275000489317,3.9747800827026367,1,1,0,1.0566622335352516,-0.35983407497406006,-0.39161935448646545,0.03593633323907852,0.0007392087136395276,0.0005296795861795545,0.0001757916179485619,0.018685447052121162,0.01786244660615921,0.007890420034527779,-0.04744742810726166,-0.080136239528656,0.005726090632379055,-0.01049983020995694,-0.044051702961358165,0.9239863379261961,-0.35983407497406006,-0.39161935448646545,0.03593633323907852,0.9239863379261961,0.0,0.0,0.0,0.0,0.0,0.0,-0.00034958331349881154,0.0006718154331285559,0.0008000342021077875,0.0,0.0,0.0,-0.01049983020995694,-0.044051702961358165,0.9239863379261961,0.0,0.0,0.0,0.0,0.0,0.0,zero,0.0,0.0,0.0,0.0,-0.00034958331349881154,0.0006718154331285559,0.0008000342021077875,-0.00040999359569944034,-0.0075060348762660675,-0.01225342577423202,1,0.008695125579833984,,,,,,,,,,,,,,,,,,,,,,0.131742760000634,5,radio://0/80/2M/E7E7E7E705,4.1887902047863905,aborted,cf4 起飞前预检失败（电压或 EKF 对齐）,0.0,0.0,0.0,0,0.0,global_abort:cf4 起飞前预检失败（电压或 EKF 对齐）,,,,,
0.14633140099977027,1788688520.8908782,control,aborted,1,1,0.00033270999847445637,3.8850440979003906,3885.0,0,40.0,0.11780292999901576,3.8850440979003906,1,1,0,1.0810688100734358,0.46815890073776245,-0.04236757382750511,0.04535519331693649,-0.00010769635264296085,-0.0008177187410183251,0.0003001528966706246,-0.0019147665007039905,-0.01747490093111992,0.010127336718142033,0.01522306352853775,0.013102051801979542,-0.0008742427453398705,-0.052180245528037364,-0.000661031545420824,3.0406976192828927,0.46815890073776245,-0.04236757382750511,0.04535519331693649,3.0406976192828927,0.0,0.0,0.0,0.0,0.0,0.0,-6.753531783955021e-05,-0.0003805821590307719,-0.0004128698081447793,0.0,0.0,0.0,-0.052180245528037364,-0.000661031545420824,3.0406976192828927,0.0,0.0,0.0,0.0,0.0,0.0,zero,0.0,0.0,0.0,0.0,-6.753531783955021e-05,-0.0003805821590307719,-0.0004128698081447793,-0.008380292356018603,-0.0013439501902814369,0.014110171163131636,1,0.0009872913360595703,,,,,,,,,,,,,,,,,,,,,,0.14633140099977027,2,radio://0/80/2M/E7E7E7E702,0.0,aborted,cf4 起飞前预检失败（电压或 EKF 对齐）,0.0,0.0,0.0,0,0.0,global_abort:cf4 起飞前预检失败（电压或 EKF 对齐）,,,,,
0.14633140099977027,1788688520.8910139,control,aborted,1,1,0.00010146399836230557,3.790029287338257,3790.0,0,20.0,0.07997223899837991,nan,1,0,1,1.0,-0.2222549468278885,0.4493514597415924,0.04252646490931511,0.0007586512365378439,0.00029683957109227777,0.000728215673007071,0.011728048324584961,0.0032943994738161564,0.012139927595853806,0.004790827166289091,-0.00877016969025135,-0.018123077228665352,0.0033511087086795866,0.024567040862898827,-0.987763794770458,-0.2222549468278885,0.4493514597415924,0.04252646490931511,-0.987763794770458,0.0,0.0,0.0,0.0,0.0,0.0,0.0007019078066110445,0.00025898983130747544,-7.146815221285769e-05,0.0,0.0,0.0,0.0033511087086795866,0.024567040862898827,-0.987763794770458,0.0,0.0,0.0,0.0,0.0,0.0,zero,0.0,0.0,0.0,0.0,0.0007019078066110445,0.00025898983130747544,-7.146815221285769e-05,0.007050791700851416,0.00458713472232823,-0.0008680688249300516,1,0.0011229515075683594,,,,,,,,,,,,,,,,,,,,,,0.14633140099977027,4,radio://0/80/2M/E7E7E7E704,2.0943951023931953,aborted,cf4 起飞前预检失败（电压或 EKF 对齐）,0.0,0.0,0.0,0,0.0,global_abort:cf4 起飞前预检失败（电压或 EKF 对齐）,,,,,
0.14633140099977027,1788688520.8911073,control,aborted,1,1,0.000572843999179895,3.9747800827026367,3974.0,0,70.0,0.04089091599962558,3.9747800827026367,1,1,0,1.0566622335352516,-0.35990142822265625,-0.39163708686828613,0.035916149616241455,-0.0005346330581232905,3.016952541656792e-05,-0.0003124576760455966,-0.006722628138959408,0.0029831258580088615,-0.004752680659294128,0.0021224000956863165,-0.001938666682690382,0.002033742144703865,-0.008289368790890931,-0.04074527019428659,0.9238869072995991,-0.35990142822265625,-0.39163708686828613,0.035916149616241455,0.9238869072995991,0.0,0.0,0.0,0.0,0.0,0.0,-0.00023406730830834415,0.0004917868423671277,0.0004709713848260983,0.0,0.0,0.0,-0.008289368790890931,-0.04074527019428659,0.9238869072995991,0.0,0.0,0.0,0.0,0.0,0.0,zero,0.0,0.0,0.0,0.0,-0.00023406730830834415,0.0004917868423671277,0.0004709713848260983,0.004427647687119213,-0.008240217343386232,-0.014721848860462945,1,0.0012164115905761719,,,,,,,,,,,,,,,,,,,,,,0.14633140099977027,5,radio://0/80/2M/E7E7E7E705,4.1887902047863905,aborted,cf4 起飞前预检失败（电压或 EKF 对齐）,0.0,0.0,0.0,0,0.0,global_abort:cf4 起飞前预检失败（电压或 EKF 对齐）,,,,,
0.16043284500119626,1788688520.9049885,control,aborted,1,1,0.005185324000194669,3.8850440979003906,3885.0,0,40.0,0.13190437400044175,3.8850440979003906,1,1,0,1.0810688100734358,0.4681309461593628,-0.042308658361434937,0.04532193765044212,-0.0006901833112351596,0.0006188360857777297,-0.0004784467746503651,-0.014117852784693241,0.01706031896173954,-0.00872165895998478,-0.0011511808261275291,-0.012712930329144001,0.018873024731874466,-0.05279827336180827,-0.0016854838661937309,3.04165850469466,0.4681309461593628,-0.042308658361434937,0.04532193765044212,3.04165850469466,0.0,0.0,0.0,0.0,0.0,0.0,-0.00014500527402684017,-0.00037312975790393843,-0.000266795712128606,0.0,0.0,0.0,-0.05279827336180827,-0.0016854838661937309,3.04165850469466,0.0,0.0,0.0,0.0,0.0,0.0,zero,0.0,0.0,0.0,0.0,-0.00014500527402684017,-0.00037312975790393843,-0.000266795712128606,-0.008370882528690395,0.0008052563530381586,0.01578378455875054,1,0.005842924118041992,,,,,,,,,,,,,,,,,,,,,,0.16043284500119626,2,radio://0/80/2M/E7E7E7E702,0.0,aborted,cf4 起飞前预检失败（电压或 EKF 对齐）,0.0,0.0,0.0,0,0.0,global_abort:cf4 起飞前预检失败（电压或 EKF 对齐）,,,,,
0.16043284500119626,1788688520.905196,control,aborted,1,1,0.004946815000948845,3.790029287338257,3790.0,0,20.0,0.0940736829998059,nan,1,0,1,1.0,-0.2222757786512375,0.4493497908115387,0.042520519345998764,0.00015679906937293708,0.00020141038112342358,0.00045410427264869213,-0.0036220327019691467,0.0005735412705689669,0.0037891031242907047,-0.00737893208861351,0.013201922178268433,-0.0022144485265016556,0.0028465371118055454,0.025500974086855057,-0.9871922744716082,-0.2222757786512375,0.4493497908115387,0.042520519345998764,-0.9871922744716082,0.0,0.0,0.0,0.0,0.0,0.0,0.0007309978416638969,0.00028689967886882305,2.0561159344467303e-06,0.0,0.0,0.0,0.0028465371118055454,0.025500974086855057,-0.9871922744716082,0.0,0.0,0.0,0.0,0.0,0.0,zero,0.0,0.0,0.0,0.0,0.0007309978416638969,0.00028689967886882305,2.0561159344467303e-06,0.0031432735755550145,0.003015750451244314,0.007944538011369027,1,0.0060503482818603516,,,,,,,,,,,,,,,,,,,,,,0.16043284500119626,4,radio://0/80/2M/E7E7E7E704,2.0943951023931953,aborted,cf4 起飞前预检失败（电压或 EKF 对齐）,0.0,0.0,0.0,0,0.0,global_abort:cf4 起飞前预检失败（电压或 EKF 对齐）,,,,,
0.16043284500119626,1788688520.90538,control,aborted,1,1,0.005466377000630018,3.9747800827026367,3974.0,0,70.0,0.054992360001051566,3.9747800827026367,1,1,0,1.0566622335352516,-0.3598526418209076,-0.3915945887565613,0.035861074924468994,0.0006264417315833271,0.0009424100862815976,-0.001439988031052053,0.019709724932909012,0.022097665816545486,-0.028165163472294807,-0.013354158960282803,-0.010119912214577198,0.013384254649281502,-0.009008411909926368,-0.041137128127146906,0.9244348902128178,-0.3598526418209076,-0.3915945887565613,0.035861074924468994,0.9244348902128178,0.0,0.0,0.0,0.0,0.0,0.0,-0.00020664469975115854,0.0004213505688938225,0.00026759248611914736,0.0,0.0,0.0,-0.009008411909926368,-0.041137128127146906,0.9244348902128178,0.0,0.0,0.0,0.0,0.0,0.0,zero,0.0,0.0,0.0,0.0,-0.00020664469975115854,0.0004213505688938225,0.00026759248611914736,0.0029631026808315387,-0.007610870071725736,-0.02197575619862841,1,0.006234407424926758,,,,,,,,,,,,,,,,,,,,,,0.16043284500119626,5,radio://0/80/2M/E7E7E7E705,4.1887902047863905,aborted,cf4 起飞前预检失败（电压或 EKF 对齐）,0.0,0.0,0.0,0,0.0,global_abort:cf4 起飞前预检失败（电压或 EKF 对齐）,,,,,
0.17461042000104499,1788688520.9191723,control,aborted,1,1,0.009903166001095087,3.8850440979003906,3885.0,0,40.0,0.14608194900029048,3.8850440979003906,1,1,0,1.0810688100734358,0.46814921498298645,-0.042356617748737335,0.04532182589173317,-0.00017093587666749954,-0.0005056870286352932,-0.00038508945726789534,-0.00045928172767162323,-0.009816874749958515,-0.005029264371842146,-0.000297668157145381,-0.008975203149020672,0.0013309894129633904,-0.052767294415819566,-0.001663097457293858,3.0409966183732338,0.46814921498298645,-0.042356617748737335,0.04532182589173317,3.0409966183732338,0.0,0.0,0.0,0.0,0.0,0.0,-0.0002243461341640274,-0.00032124307736215176,-0.00018543102386645447,0.0,0.0,0.0,-0.052767294415819566,-0.001663097457293858,3.0409966183732338,0.0,0.0,0.0,0.0,0.0,0.0,zero,0.0,0.0,0.0,0.0,-0.0002243461341640274,-0.00032124307736215176,-0.00018543102386645447,-0.00827604295043136,0.005412298227882069,0.008487148406781773,1,0.010439872741699219,,,,,,,,,,,,,,,,,,,,,,0.17461042000104499,2,radio://0/80/2M/E7E7E7E702,0.0,aborted,cf4 起飞前预检失败（电压或 EKF 对齐）,0.0,0.0,0.0,0,0.0,global_abort:cf4 起飞前预检失败（电压或 EKF 对齐）,,,,,
0.17461042000104499,1788688520.9193892,control,aborted,1,1,0.009412418001375045,3.790029287338257,3790.0,0,20.0,0.10825125799965463,nan,1,0,1,1.0,-0.22227416932582855,0.4493664503097534,0.042443178594112396,0.00015902062295936048,0.0005087577155791223,-0.0012505657505244017,-0.0028512696735560894,0.006872169207781553,-0.03253961727023125,-0.012894758023321629,-0.032818958163261414,0.010136148892343044,0.0025253007467569335,0.023420517482665937,-0.9866270659900614,-0.22227416932582855,0.4493664503097534,0.042443178594112396,-0.9866270659900614,0.0,0.0,0.0,0.0,0.0,0.0,0.0006895388192109455,0.00030434685871568064,5.540226328216157e-05,0.0,0.0,0.0,0.0025253007467569335,0.023420517482665937,-0.9866270659900614,0.0,0.0,0.0,0.0,0.0,0.0,zero,0.0,0.0,0.0,0.0,0.0006895388192109455,0.00030434685871568064,5.540226328216157e-05,-0.0043245894978986375,0.001819914852534051,0.005564535170482709,1,0.01065683364868164,,,,,,,,,,,,,,,,,,,,,,0.17461042000104499,4,radio://0/80/2M/E7E7E7E704,2.0943951023931953,aborted,cf4 起飞前预检失败（电压或 EKF 对齐）,0.0,0.0,0.0,0,0.0,global_abort:cf4 起飞前预检失败（电压或 EKF 对齐）,,,,,
0.17461042000104499,1788688520.919575,control,aborted,1,1,0.009615757000574376,3.9747800827026367,3974.0,0,70.0,0.0691699350009003,3.9747800827026367,1,1,0,1.0566622335352516,-0.35987240076065063,-0.39163461327552795,0.03594081476330757,8.884878479875624e-05,-8.125306339934468e-05,0.0005119199631735682,0.004549970850348473,-0.0036823805421590805,0.018197819590568542,-0.010424703359603882,-0.01652780920267105,-0.009019789285957813,-0.00895706345987494,-0.04154968757117998,0.9234923656198775,-0.35987240076065063,-0.39163461327552795,0.03594081476330757,0.9234923656198775,0.0,0.0,0.0,0.0,0.0,0.0,-0.00013604604292094928,0.0003875700605289875,2.811367997829033e-05,0.0,0.0,0.0,-0.00895706345987494,-0.04154968757117998,0.9234923656198775,0.0,0.0,0.0,0.0,0.0,0.0,zero,0.0,0.0,0.0,0.0,-0.00013604604292094928,0.0003875700605289875,2.811367997829033e-05,0.007364143962635514,-0.003523643903423549,-0.02498002771727981,1,0.010842561721801758,,,,,,,,,,,,,,,,,,,,,,0.17461042000104499,5,radio://0/80/2M/E7E7E7E705,4.1887902047863905,aborted,cf4 起飞前预检失败（电压或 EKF 对齐）,0.0,0.0,0.0,0,0.0,global_abort:cf4 起飞前预检失败（电压或 EKF 对齐）,,,,,
0.18901358299990534,1788688520.9335818,control,aborted,1,1,0.0017997819995798636,3.8850440979003906,3885.0,0,40.0,0.16048511199915083,3.8850440979003906,1,1,0,1.0810688100734358,0.46813204884529114,-0.042339712381362915,0.045364342629909515,-0.0007262211292982101,0.0001260788703802973,0.0006308302981778979,-0.01633809320628643,0.0076788547448813915,0.017313210293650627,-0.02562505006790161,-0.006145397666841745,0.006603502202779055,-0.05346935187551919,-0.0016663180878585464,3.0414792537257527,0.46813204884529114,-0.042339712381362915,0.045364342629909515,3.0414792537257527,0.0,0.0,0.0,0.0,0.0,0.0,-0.00024294203982764054,-0.0002676139668083132,-0.00017946071784764493,0.0,0.0,0.0,-0.05346935187551919,-0.0016663180878585464,3.0414792537257527,0.0,0.0,0.0,0.0,0.0,0.0,zero,0.0,0.0,0.0,0.0,-0.00024294203982764054,-0.0002676139668083132,-0.00017946071784764493,0.0008436972665542667,0.0012076455777678963,0.001356226527722679,1,0.0025818347930908203,,,,,,,,,,,,,,,,,,,,,,0.18901358299990534,2,radio://0/80/2M/E7E7E7E702,0.0,aborted,cf4 起飞前预检失败（电压或 EKF 对齐）,0.0,0.0,0.0,0,0.0,global_abort:cf4 起飞前预检失败（电压或 EKF 对齐）,,,,,
0.18901358299990534,1788688520.933794,control,aborted,1,1,0.002222076998805278,3.790029287338257,3790.0,0,20.0,0.12265442099851498,nan,1,0,1,1.0,-0.22225680947303772,0.4492971897125244,0.04248752444982529,0.000615445664152503,-0.001439075218513608,-0.00022032728884369135,0.01042369194328785,-0.040717389434576035,-0.006750892847776413,0.00600231159478426,-0.006295670289546251,0.0016423651250079274,0.003543675499876141,0.024773614190647136,-0.9869710737595743,-0.22225680947303772,0.4492971897125244,0.04248752444982529,-0.9869710737595743,0.0,0.0,0.0,0.0,0.0,0.0,0.00039549961537178625,0.0003773552085156328,-0.00020314835829266195,0.0,0.0,0.0,0.003543675499876141,0.024773614190647136,-0.9869710737595743,0.0,0.0,0.0,0.0,0.0,0.0,zero,0.0,0.0,0.0,0.0,0.00039549961537178625,0.0003773552085156328,-0.00020314835829266195,-0.014837207214196138,0.0014918212894996473,-0.014189456654692656,1,0.002794027328491211,,,,,,,,,,,,,,,,,,,,,,0.18901358299990534,4,radio://0/80/2M/E7E7E7E704,2.0943951023931953,aborted,cf4 起飞前预检失败（电压或 EKF 对齐）,0.0,0.0,0.0,0,0.0,global_abort:cf4 起飞前预检失败（电压或 EKF 对齐）,,,,,
0.18901358299990534,1788688520.9339752,control,aborted,1,1,0.002012096998441848,3.9747800827026367,3974.0,0,70.0,0.08357309799976065,3.9747800827026367,1,1,0,1.0566622335352516,-0.3598935604095459,-0.3916551172733307,0.035968732088804245,-0.00023001316003501415,-0.0005846075946465135,0.0012296010972931981,-0.0011814589379355311,-0.014720930717885494,0.0326310396194458,-6.182689685374498e-05,0.006777515634894371,0.012808696366846561,-0.008431281698183137,-0.04077235886669022,0.9244125359372158,-0.3598935604095459,-0.3916551172733307,0.035968732088804245,0.9244125359372158,0.0,0.0,0.0,0.0,0.0,0.0,4.6352035251464284e-07,0.0002455985122861044,-0.00013272743403420657,0.0,0.0,0.0,-0.008431281698183137,-0.04077235886669022,0.9244125359372158,0.0,0.0,0.0,0.0,0.0,0.0,zero,0.0,0.0,0.0,0.0,4.6352035251464284e-07,0.0002455985122861044,-0.00013272743403420657,0.0043127866811847404,-0.009467426468956586,-0.0017652145519763348,1,0.0029752254486083984,,,,,,,,,,,,,,,,,,,,,,0.18901358299990534,5,radio://0/80/2M/E7E7E7E705,4.1887902047863905,aborted,cf4 起飞前预检失败（电压或 EKF 对齐）,0.0,0.0,0.0,0,0.0,global_abort:cf4 起飞前预检失败（电压或 EKF 对齐）,,,,,
0.20331056699978944,1788688520.9478776,control,aborted,1,1,0.008866539999871748,3.8850440979003906,3885.0,0,40.0,0.17478209599903494,3.8850440979003906,1,1,0,1.0810688100734358,0.4681585133075714,-0.04235518351197243,0.04534886032342911,0.0001200756523758173,-0.00030897234682925045,9.453276288695633e-05,0.009348212741315365,-0.0053815701976418495,-0.0003561340272426605,0.021423285827040672,-0.0023848123382776976,0.0012203678488731384,-0.05188650584599475,-0.0015789619603257363,3.041321079600901,0.4681585133075714,-0.04235518351197243,0.04534886032342911,3.041321079600901,0.0,0.0,0.0,0.0,0.0,0.0,-0.0002394487070741853,-0.0002504222604361644,-0.0001311334681384801,0.0,0.0,0.0,-0.05188650584599475,-0.0015789619603257363,3.041321079600901,0.0,0.0,0.0,0.0,0.0,0.0,zero,0.0,0.0,0.0,0.0,-0.0002394487070741853,-0.0002504222604361644,-0.0001311334681384801,0.0004626930097940552,0.0022770468564603233,0.0064009592561388474,1,0.00932765007019043,,,,,,,,,,,,,,,,,,,,,,0.20331056699978944,2,radio://0/80/2M/E7E7E7E702,0.0,aborted,cf4 起飞前预检失败（电压或 EKF 对齐）,0.0,0.0,0.0,0,0.0,global_abort:cf4 起飞前预检失败（电压或 EKF 对齐）,,,,,
0.20331056699978944,1788688520.948105,control,aborted,1,1,0.008684893999088672,3.790029287338257,3790.0,0,20.0,0.13695140499839908,nan,1,0,1,1.0,-0.2222568392753601,0.4493715763092041,0.04251877963542938,0.0004915670724585652,0.0008192658424377441,0.0006516985595226288,0.005057367496192455,0.02725030481815338,0.01769954338669777,-0.008181832730770111,0.029919825494289398,0.001575997332111001,0.003053908722814135,0.026093163050945164,-0.9869568256644229,-0.2222568392753601,0.4493715763092041,0.04251877963542938,-0.9869568256644229,0.0,0.0,0.0,0.0,0.0,0.0,0.0003091086630206255,0.0003268516467746769,-0.0002716064348075335,0.0,0.0,0.0,0.003053908722814135,0.026093163050945164,-0.9869568256644229,0.0,0.0,0.0,0.0,0.0,0.0,zero,0.0,0.0,0.0,0.0,0.0003091086630206255,0.0003268516467746769,-0.0002716064348075335,-0.011442508510761455,-0.006689212461690029,-0.009067293528235442,1,0.00955510139465332,,,,,,,,,,,,,,,,,,,,,,0.20331056699978944,4,radio://0/80/2M/E7E7E7E704,2.0943951023931953,aborted,cf4 起飞前预检失败（电压或 EKF 对齐）,0.0,0.0,0.0,0,0.0,global_abort:cf4 起飞前预检失败（电压或 EKF 对齐）,,,,,
0.20331056699978944,1788688520.9482899,control,aborted,1,1,0.009056799999598297,3.9747800827026367,3974.0,0,70.0,0.09787008199964475,3.9747800827026367,1,1,0,1.0566622335352516,-0.3598642349243164,-0.39162933826446533,0.03591187670826912,0.0005928314058110118,0.00021520853624679148,-0.000522437272593379,0.020852262154221535,0.009410654194653034,-0.020307255908846855,-0.03619655594229698,-0.0484871082007885,0.0005048513412475586,-0.009781218081633907,-0.04281067109380618,0.9240630334491138,-0.3598642349243164,-0.39162933826446533,0.03591187670826912,0.9240630334491138,0.0,0.0,0.0,0.0,0.0,0.0,2.385944440209876e-05,0.00014938028370632808,-9.091582749637678e-05,0.0,0.0,0.0,-0.009781218081633907,-0.04281067109380618,0.9240630334491138,0.0,0.0,0.0,0.0,0.0,0.0,zero,0.0,0.0,0.0,0.0,2.385944440209876e-05,0.00014938028370632808,-9.091582749637678e-05,0.003098797417654557,-0.012744134304009542,0.0055379602914089,1,0.009739875793457031,,,,,,,,,,,,,,,,,,,,,,0.20331056699978944,5,radio://0/80/2M/E7E7E7E705,4.1887902047863905,aborted,cf4 起飞前预检失败（电压或 EKF 对齐）,0.0,0.0,0.0,0,0.0,global_abort:cf4 起飞前预检失败（电压或 EKF 对齐）,,,,,
0.21759428000041225,1788688520.9621618,control,aborted,1,1,0.013070749999315012,3.8850440979003906,3885.0,0,40.0,0.18906580899965775,3.8850440979003906,1,1,0,1.0810688100734358,0.468158483505249,-0.042363155633211136,0.04534752666950226,9.543685882817954e-05,-0.0004140083328820765,4.7717185225337744e-05,0.006962960585951805,-0.0065033165737986565,-0.0012646045070141554,0.019991818815469742,-0.0012335750507190824,0.00592570286244154,-0.05175052760982824,-0.0015345342773514282,3.041555606228196,0.468158483505249,-0.042363155633211136,0.04534752666950226,3.041555606228196,0.0,0.0,0.0,0.0,0.0,0.0,-0.00021835740945727873,-0.00023769369381495203,-5.741632016320009e-05,0.0,0.0,0.0,-0.05175052760982824,-0.0015345342773514282,3.041555606228196,0.0,0.0,0.0,0.0,0.0,0.0,zero,0.0,0.0,0.0,0.0,-0.00021835740945727873,-0.00023769369381495203,-5.741632016320009e-05,0.0022065629183552833,0.0013316574266947106,0.00771225782897181,1,0.0140533447265625,,,,,,,,,,,,,,,,,,,,,,0.21759428000041225,2,radio://0/80/2M/E7E7E7E702,0.0,aborted,cf4 起飞前预检失败（电压或 EKF 对齐）,0.0,0.0,0.0,0,0.0,global_abort:cf4 起飞前预检失败（电压或 EKF 对齐）,,,,,
0.21759428000041225,1788688520.9623842,control,aborted,1,1,0.013468375000229571,3.790029287338257,3790.0,0,20.0,0.1512351179990219,nan,1,0,1,1.0,-0.2223246693611145,0.449329674243927,0.04244980216026306,-0.0010262086289003491,-0.0002214607666246593,-0.0009221146465279162,-0.027716195210814476,2.1230429410934448e-05,-0.01877513900399208,-0.00836968794465065,-0.0032383687794208527,0.004783259704709053,0.0029709199736294455,0.02479412015848982,-0.9867923886964274,-0.2223246693611145,0.449329674243927,0.04244980216026306,-0.9867923886964274,0.0,0.0,0.0,0.0,0.0,0.0,0.00023897687723321913,0.000254052650491482,-0.00026725583803638355,0.0,0.0,0.0,0.0029709199736294455,0.02479412015848982,-0.9867923886964274,0.0,0.0,0.0,0.0,0.0,0.0,zero,0.0,0.0,0.0,0.0,0.00023897687723321913,0.000254052650491482,-0.00026725583803638355,-0.007337158705326923,-0.00761620117499163,0.00045515765233147744,1,0.014275789260864258,,,,,,,,,,,,,,,,,,,,,,0.21759428000041225,4,radio://0/80/2M/E7E7E7E704,2.0943951023931953,aborted,cf4 起飞前预检失败（电压或 EKF 对齐）,0.0,0.0,0.0,0,0.0,global_abort:cf4 起飞前预检失败（电压或 EKF 对齐）,,,,,
0.21759428000041225,1788688520.9625685,control,aborted,1,1,0.013192376000006334,3.9747800827026367,3974.0,0,70.0,0.11215379500026756,3.9747800827026367,1,1,0,1.0566622335352516,-0.3599327802658081,-0.39159491658210754,0.035929273813962936,-0.0009601652272976935,0.0008925003348849714,-5.3885189117863774e-05,-0.015817342326045036,0.021702030673623085,-0.006440538913011551,-0.00848839059472084,-0.0070835500955581665,-0.0027144462801516056,-0.008796233264542543,-0.041297020406537814,0.9238997985741657,-0.3599327802658081,-0.39159491658210754,0.035929273813962936,0.9238997985741657,0.0,0.0,0.0,0.0,0.0,0.0,3.3398845830390884e-05,0.00010101653184990716,-5.112447835393759e-05,0.0,0.0,0.0,-0.008796233264542543,-0.041297020406537814,0.9238997985741657,0.0,0.0,0.0,0.0,0.0,0.0,zero,0.0,0.0,0.0,0.0,3.3398845830390884e-05,0.00010101653184990716,-5.112447835393759e-05,0.0009980082703921422,-0.005059795910962403,0.00416295465000946,1,0.014460086822509766,,,,,,,,,,,,,,,,,,,,,,0.21759428000041225,5,radio://0/80/2M/E7E7E7E705,4.1887902047863905,aborted,cf4 起飞前预检失败（电压或 EKF 对齐）,0.0,0.0,0.0,0,0.0,global_abort:cf4 起飞前预检失败（电压或 EKF 对齐）,,,,,
0.23189114399974642,1788688520.9764616,control,aborted,1,1,0.0070441259995277505,3.8850440979003906,3885.0,0,40.0,0.2033626729989919,3.8850440979003906,1,1,0,1.0810688100734358,0.4681406319141388,-0.04236701875925064,0.0453299805521965,0.00015761781833134592,-0.00020568269246723503,0.00021570254466496408,0.017553869634866714,0.004149239044636488,0.017019174993038177,-0.008158974349498749,-0.0018778048688545823,0.00041817419696599245,-0.05266180671956733,-0.0014185696280534807,3.0412453387492877,0.4681406319141388,-0.04236701875925064,0.0453299805521965,3.0412453387492877,0.0,0.0,0.0,0.0,0.0,0.0,-9.395879615781819e-05,-0.0003099351946445029,-8.103278367874622e-06,0.0,0.0,0.0,-0.05266180671956733,-0.0014185696280534807,3.0412453387492877,0.0,0.0,0.0,0.0,0.0,0.0,zero,0.0,0.0,0.0,0.0,-9.395879615781819e-05,-0.0003099351946445029,-8.103278367874622e-06,0.009945950549825217,-0.00610443439163457,0.0032970937622971543,1,0.00816488265991211,,,,,,,,,,,,,,,,,,,,,,0.23189114399974642,2,radio://0/80/2M/E7E7E7E702,0.0,aborted,cf4 起飞前预检失败（电压或 EKF 对齐）,0.0,0.0,0.0,0,0.0,global_abort:cf4 起飞前预检失败（电压或 EKF 对齐）,,,,,
0.23189114399974642,1788688520.9766865,control,aborted,1,1,0.007686493998335209,3.790029287338257,3790.0,0,20.0,0.16553198199835606,nan,1,0,1,1.0,-0.22230906784534454,0.44936129450798035,0.04241606593132019,-0.0010617669904604554,0.0007451364654116333,-0.0027606624644249678,-0.0377999022603035,0.03091852366924286,-0.09770794212818146,-0.009934131056070328,-0.05968635901808739,0.010198553092777729,0.0029022571827402683,0.023391155334385155,-0.9870014577131038,-0.22230906784534454,0.44936129450798035,0.04241606593132019,-0.9870014577131038,0.0,0.0,0.0,0.0,0.0,0.0,-0.00019076854957128314,0.00011895825548906953,-0.0003492009494823205,0.0,0.0,0.0,0.0029022571827402683,0.023391155334385155,-0.9870014577131038,0.0,0.0,0.0,0.0,0.0,0.0,zero,0.0,0.0,0.0,0.0,-0.00019076854957128314,0.00011895825548906953,-0.0003492009494823205,-0.03694524947096834,-0.010807453412385067,-0.010308835353756464,1,0.008389711380004883,,,,,,,,,,,,,,,,,,,,,,0.23189114399974642,4,radio://0/80/2M/E7E7E7E704,2.0943951023931953,aborted,cf4 起飞前预检失败（电压或 EKF 对齐）,0.0,0.0,0.0,0,0.0,global_abort:cf4 起飞前预检失败（电压或 EKF 对齐）,,,,,
0.23189114399974642,1788688520.9768715,control,aborted,1,1,0.007267701999808196,3.9747800827026367,3974.0,0,70.0,0.12645065899960173,3.9747800827026367,1,1,0,1.0566622335352516,-0.35988566279411316,-0.3916744291782379,0.03593727573752403,-0.00047703314339742064,-0.0014728234382346272,0.0006783659919165075,-0.019037460908293724,-0.05710555985569954,0.028465012088418007,-0.09042464941740036,-0.07474621385335922,-0.037378598004579544,-0.01080364045614173,-0.042859448092814265,0.9230889017227277,-0.35988566279411316,-0.3916744291782379,0.03593727573752403,0.9230889017227277,0.0,0.0,0.0,0.0,0.0,0.0,-0.00014555727232655688,0.0002832758551456815,-0.00010220186410207647,0.0,0.0,0.0,-0.01080364045614173,-0.042859448092814265,0.9230889017227277,0.0,0.0,0.0,0.0,0.0,0.0,zero,0.0,0.0,0.0,0.0,-0.00014555727232655688,0.0002832758551456815,-0.00010220186410207647,-0.015283973748537637,0.012938712052741825,-0.003384918349799194,1,0.008574724197387695,,,,,,,,,,,,,,,,,,,,,,0.23189114399974642,5,radio://0/80/2M/E7E7E7E705,4.1887902047863905,aborted,cf4 起飞前预检失败（电压或 EKF 对齐）,0.0,0.0,0.0,0,0.0,global_abort:cf4 起飞前预检失败（电压或 EKF 对齐）,,,,,
0.24605827699997462,1788688520.9906948,control,aborted,1,1,0.011091087999375304,3.8850440979003906,3885.0,0,40.0,0.21752980599922012,3.8850440979003906,1,1,0,1.0810688100734358,0.46816807985305786,-0.042395539581775665,0.0453244149684906,0.0006330516771413386,-0.0006913194665685296,6.976693839533255e-05,0.022824253886938095,-0.005650212988257408,0.01091994158923626,-0.005772247910499573,-0.01016165129840374,-0.0011106468737125397,-0.05262084399446793,-0.0018908792066955398,3.0411918715957014,0.46816807985305786,-0.042395539581775665,0.0453244149684906,3.0411918715957014,0.0,0.0,0.0,0.0,0.0,0.0,-2.4178109972237383e-05,-0.0003391826503256509,6.9766149154733655e-06,0.0,0.0,0.0,-0.05262084399446793,-0.0018908792066955398,3.0411918715957014,0.0,0.0,0.0,0.0,0.0,0.0,zero,0.0,0.0,0.0,0.0,-2.4178109972237383e-05,-0.0003391826503256509,6.9766149154733655e-06,0.006444739754061002,-0.002701209326490991,0.0013927347672065794,1,0.011570453643798828,,,,,,,,,,,,,,,,,,,,,,0.24605827699997462,2,radio://0/80/2M/E7E7E7E702,0.0,aborted,cf4 起飞前预检失败（电压或 EKF 对齐）,0.0,0.0,0.0,0,0.0,global_abort:cf4 起飞前预检失败（电压或 EKF 对齐）,,,,,
0.24605827699997462,1788688520.9909394,control,aborted,1,1,0.010795303000122658,3.790029287338257,3790.0,0,20.0,0.17969911499858426,nan,1,0,1,1.0,-0.2223084717988968,0.4494031071662903,0.04246416315436363,-0.0008384047541767359,0.0013683796860277653,-0.0013201849069446325,-0.02611447125673294,0.036245983093976974,-0.051561057567596436,0.016986701637506485,-0.01860804855823517,0.014593514613807201,0.00426080873495339,0.02496766647395957,-0.9866473452492889,-0.2223084717988968,0.4494031071662903,0.04246416315436363,-0.9866473452492889,0.0,0.0,0.0,0.0,0.0,0.0,-0.0003977845110598095,0.00018823466277673154,-0.0006176141870424598,0.0,0.0,0.0,0.00426080873495339,0.02496766647395957,-0.9866473452492889,0.0,0.0,0.0,0.0,0.0,0.0,zero,0.0,0.0,0.0,0.0,-0.0003977845110598095,0.00018823466277673154,-0.0006176141870424598,-0.019119387751247895,0.006398166032330778,-0.02478986030632498,1,0.011815071105957031,,,,,,,,,,,,,,,,,,,,,,0.24605827699997462,4,radio://0/80/2M/E7E7E7E704,2.0943951023931953,aborted,cf4 起飞前预检失败（电压或 EKF 对齐）,0.0,0.0,0.0,0,0.0,global_abort:cf4 起飞前预检失败（电压或 EKF 对齐）,,,,,
0.24605827699997462,1788688520.9911308,control,aborted,1,1,0.010503020999749424,3.9747800827026367,3974.0,0,70.0,0.14061779199982993,3.9747800827026367,1,1,0,1.0566622335352516,-0.35985463857650757,-0.39162227511405945,0.03585777431726456,0.00019138396601192653,-0.00021498475689440966,-0.0009256809134967625,-0.002884453162550926,-0.022452445700764656,-0.006854383274912834,-0.054319992661476135,-0.03936854004859924,-0.018694773316383362,-0.009853209779106963,-0.04174719514234742,0.9236848205979398,-0.35985463857650757,-0.39162227511405945,0.03585777431726456,0.9236848205979398,0.0,0.0,0.0,0.0,0.0,0.0,-0.00019263365552649658,0.00014867658681214454,-8.689975346040787e-05,0.0,0.0,0.0,-0.009853209779106963,-0.04174719514234742,0.9236848205979398,0.0,0.0,0.0,0.0,0.0,0.0,zero,0.0,0.0,0.0,0.0,-0.00019263365552649658,0.00014867658681214454,-8.689975346040787e-05,-0.0043478368424063035,-0.01243119411565657,0.001413258111436851,1,0.012006521224975586,,,,,,,,,,,,,,,,,,,,,,0.24605827699997462,5,radio://0/80/2M/E7E7E7E705,4.1887902047863905,aborted,cf4 起飞前预检失败（电压或 EKF 对齐）,0.0,0.0,0.0,0,0.0,global_abort:cf4 起飞前预检失败（电压或 EKF 对齐）,,,,,
0.26033726400055457,1788688521.0049555,control,aborted,1,1,0.00616469499982486,3.8850440979003906,3885.0,0,40.0,0.23180879299980006,3.8850440979003906,1,1,0,1.0810688100734358,0.4681547284126282,-0.04236181825399399,0.04533281549811363,6.801736890338361e-05,0.0008195864502340555,0.0008618611609563231,-0.006229996681213379,0.06744952499866486,0.056941524147987366,0.013522489927709103,-0.05011337995529175,-0.012979320250451565,-0.05250431512698793,-0.0020238106063901425,3.04127948732017,0.4681547284126282,-0.04236181825399399,0.04533281549811363,3.04127948732017,0.0,0.0,0.0,0.0,0.0,0.0,0.00030184481126760497,-0.00044074951050357126,6.270961017395281e-05,0.0,0.0,0.0,-0.05250431512698793,-0.0020238106063901425,3.04127948732017,0.0,0.0,0.0,0.0,0.0,0.0,zero,0.0,0.0,0.0,0.0,0.00030184481126760497,-0.00044074951050357126,6.270961017395281e-05,0.041961281429353424,-0.01201642303824287,0.007654874349414529,1,0.006556987762451172,,,,,,,,,,,,,,,,,,,,,,0.26033726400055457,2,radio://0/80/2M/E7E7E7E702,0.0,aborted,cf4 起飞前预检失败（电压或 EKF 对齐）,0.0,0.0,0.0,0,0.0,global_abort:cf4 起飞前预检失败（电压或 EKF 对齐）,,,,,
0.26033726400055457,1788688521.0051887,control,aborted,1,1,0.005728025000280468,3.790029287338257,3790.0,0,20.0,0.1939781019991642,nan,1,0,1,1.0,-0.22229406237602234,0.4493541419506073,0.042411454021930695,-0.0009662641095928848,0.002187844133004546,-0.003379141679033637,-0.04763996601104736,0.13446484506130219,-0.15641054511070251,0.05861008167266846,0.005385395139455795,0.013112516142427921,0.0038073212086632206,0.024693344424399816,-0.987116923372338,-0.22229406237602234,0.4493541419506073,0.042411454021930695,-0.987116923372338,0.0,0.0,0.0,0.0,0.0,0.0,-0.000750983648131419,0.0006330586936076919,-0.0014047433893756766,0.0,0.0,0.0,0.0038073212086632206,0.024693344424399816,-0.987116923372338,0.0,0.0,0.0,0.0,0.0,0.0,zero,0.0,0.0,0.0,0.0,-0.000750983648131419,0.0006330586936076919,-0.0014047433893756766,-0.044738143122986,0.057773443044704914,-0.10197405450857204,1,0.0067901611328125,,,,,,,,,,,,,,,,,,,,,,0.26033726400055457,4,radio://0/80/2M/E7E7E7E704,2.0943951023931953,aborted,cf4 起飞前预检失败（电压或 EKF 对齐）,0.0,0.0,0.0,0,0.0,global_abort:cf4 起飞前预检失败（电压或 EKF 对齐）,,,,,
0.26033726400055457,1788688521.0053735,control,aborted,1,1,0.005974854000669438,3.9747800827026367,3974.0,0,70.0,0.15489677900040988,3.9747800827026367,1,1,0,1.0566622335352516,-0.3599281311035156,-0.3916289806365967,0.03594130277633667,-0.0016218808013945818,-0.0016705046873539686,0.001379646360874176,-0.0721914991736412,-0.11366251111030579,0.08270923048257828,0.0018339529633522034,0.019219987094402313,-0.022829275578260422,-0.009506818601348324,-0.04165767150366676,0.9237254817578487,-0.3599281311035156,-0.3916289806365967,0.03594130277633667,0.9237254817578487,0.0,0.0,0.0,0.0,0.0,0.0,-0.00020961837363142,-0.00028704706836372854,-0.0001868922647522698,0.0,0.0,0.0,-0.009506818601348324,-0.04165767150366676,0.9237254817578487,0.0,0.0,0.0,0.0,0.0,0.0,zero,0.0,0.0,0.0,0.0,-0.00020961837363142,-0.00028704706836372854,-0.0001868922647522698,-0.0035578483267144365,-0.05615218242453285,-0.011738398493785244,1,0.006974935531616211,,,,,,,,,,,,,,,,,,,,,,0.26033726400055457,5,radio://0/80/2M/E7E7E7E705,4.1887902047863905,aborted,cf4 起飞前预检失败（电压或 EKF 对齐）,0.0,0.0,0.0,0,0.0,global_abort:cf4 起飞前预检失败（电压或 EKF 对齐）,,,,,
0.274670792001416,1788688521.0192826,control,aborted,1,1,0.0080846830005612,3.8850440979003906,3885.0,0,40.0,0.24614232100066147,3.8850440979003906,1,1,0,1.0810688100734358,0.4681439995765686,-0.04238126054406166,0.04535391181707382,-0.00012120963219786063,0.00033741252264007926,0.001034820917993784,-0.008081510663032532,0.0460667684674263,0.04838445037603378,-0.004350209608674049,-0.023247798904776573,-0.015484953299164772,-0.0534303844125888,-0.0010128199063369142,3.0409138073709663,0.4681439995765686,-0.04238126054406166,0.04535391181707382,3.0409138073709663,0.0,0.0,0.0,0.0,0.0,0.0,0.00032965741047356764,-0.0002864863623197229,0.0002032046370853807,0.0,0.0,0.0,-0.0534303844125888,-0.0010128199063369142,3.0409138073709663,0.0,0.0,0.0,0.0,0.0,0.0,zero,0.0,0.0,0.0,0.0,0.00032965741047356764,-0.0002864863623197229,0.0002032046370853807,0.0022762741199649954,0.012625400785983997,0.01149857269268478,1,0.00866556167602539,,,,,,,,,,,,,,,,,,,,,,0.274670792001416,2,radio://0/80/2M/E7E7E7E702,0.0,aborted,cf4 起飞前预检失败（电压或 EKF 对齐）,0.0,0.0,0.0,0,0.0,global_abort:cf4 起飞前预检失败（电压或 EKF 对齐）,,,,,
0.274670792001416,1788688521.0195107,control,aborted,1,1,0.008216482001444092,3.790029287338257,3790.0,0,20.0,0.20831163000002562,nan,1,0,1,1.0,-0.22234779596328735,0.44936275482177734,0.042461276054382324,-0.0016525925602763891,0.0018912620143964887,-0.0018877617549151182,-0.0493466891348362,0.10271703451871872,-0.10071558505296707,0.031336937099695206,0.012966038659214973,0.015850434079766273,0.0028655235319309707,0.02522114745357901,-0.9867875294988494,-0.22234779596328735,0.44936275482177734,0.042461276054382324,-0.9867875294988494,0.0,0.0,0.0,0.0,0.0,0.0,-0.0008720149663463649,0.0009206448477918506,-0.0017907983413153945,0.0,0.0,0.0,0.0028655235319309707,0.02522114745357901,-0.9867875294988494,0.0,0.0,0.0,0.0,0.0,0.0,zero,0.0,0.0,0.0,0.0,-0.0008720149663463649,0.0009206448477918506,-0.0017907983413153945,-0.009905599089022409,0.02353699182093415,-0.03159600041251495,1,0.008893728256225586,,,,,,,,,,,,,,,,,,,,,,0.274670792001416,4,radio://0/80/2M/E7E7E7E704,2.0943951023931953,aborted,cf4 起飞前预检失败（电压或 EKF 对齐）,0.0,0.0,0.0,0,0.0,global_abort:cf4 起飞前预检失败（电压或 EKF 对齐）,,,,,
0.274670792001416,1788688521.0197012,control,aborted,1,1,0.007877920001192251,3.9747800827026367,3974.0,0,70.0,0.16923030700127129,3.9747800827026367,1,1,0,1.0566622335352516,-0.3599112331867218,-0.3916057050228119,0.035867851227521896,-0.0010208975290879607,-0.0009553983109071851,-9.8633230663836e-05,-0.04791552573442459,-0.07922421395778656,0.04196898266673088,0.015215651132166386,0.028587331995368004,-0.014785097911953926,-0.008675393292815496,-0.040848691549565344,0.9239308350275878,-0.3599112331867218,-0.3916057050228119,0.035867851227521896,0.9239308350275878,0.0,0.0,0.0,0.0,0.0,0.0,-0.0004190905815789795,-0.0005352947470558964,-2.9169408106573307e-05,0.0,0.0,0.0,-0.008675393292815496,-0.040848691549565344,0.9239308350275878,0.0,0.0,0.0,0.0,0.0,0.0,zero,0.0,0.0,0.0,0.0,-0.0004190905815789795,-0.0005352947470558964,-2.9169408106573307e-05,-0.01714389087736654,-0.02031740227383067,0.012908554646434424,1,0.009084224700927734,,,,,,,,,,,,,,,,,,,,,,0.274670792001416,5,radio://0/80/2M/E7E7E7E705,4.1887902047863905,aborted,cf4 起飞前预检失败（电压或 EKF 对齐）,0.0,0.0,0.0,0,0.0,global_abort:cf4 起飞前预检失败（电压或 EKF 对齐）,,,,,
0.2890022850006062,1788688521.0335946,control,aborted,1,1,0.003917232999810949,3.8850440979003906,3885.0,0,40.0,0.2604738139998517,3.8850440979003906,1,1,0,1.0810688100734358,0.4681057929992676,-0.04239187389612198,0.045327939093112946,-0.003624705597758293,-0.0019363866886124015,-0.0016930324491113424,-0.2851969003677368,-0.15838086605072021,-0.17041122913360596,-0.022022169083356857,-0.02968524396419525,0.040114909410476685,-0.05276239369947339,-0.0010181079861409223,3.0412540878664727,0.4681057929992676,-0.04239187389612198,0.045327939093112946,3.0412540878664727,0.0,0.0,0.0,0.0,0.0,0.0,0.00010811059155142652,0.0002998624394769165,0.0007574057835178691,0.0,0.0,0.0,-0.05276239369947339,-0.0010181079861409223,3.0412540878664727,0.0,0.0,0.0,0.0,0.0,0.0,zero,0.0,0.0,0.0,0.0,0.00010811059155142652,0.0002998624394769165,0.0007574057835178691,-0.042286894429070035,0.10389467670048946,0.0980523652025911,1,0.004250526428222656,,,,,,,,,,,,,,,,,,,,,,0.2890022850006062,2,radio://0/80/2M/E7E7E7E702,0.0,aborted,cf4 起飞前预检失败（电压或 EKF 对齐）,0.0,0.0,0.0,0,0.0,global_abort:cf4 起飞前预检失败（电压或 EKF 对齐）,,,,,
0.2890022850006062,1788688521.0338275,control,aborted,1,1,0.0037301680004020454,3.790029287338257,3790.0,0,20.0,0.22264312299921585,nan,1,0,1,1.0,-0.22229813039302826,0.4493900239467621,0.04243830218911171,0.00021663139341399074,0.0018244534730911255,-0.0005854346673004329,0.05892608314752579,0.06755626946687698,0.0405692383646965,-0.07741653174161911,-0.03172377496957779,-0.007815023884177208,0.0020351563628604194,0.02444236408983684,-0.9868828066084738,-0.22229813039302826,0.4493900239467621,0.04243830218911171,-0.9868828066084738,0.0,0.0,0.0,0.0,0.0,0.0,-0.001201664094610051,0.001746623173362913,-0.0023460000553724592,0.0,0.0,0.0,0.0020351563628604194,0.02444236408983684,-0.9868828066084738,0.0,0.0,0.0,0.0,0.0,0.0,zero,0.0,0.0,0.0,0.0,-0.001201664094610051,0.001746623173362913,-0.0023460000553724592,-0.05798613682531855,0.14811231326162155,-0.09753801309610441,1,0.004483461380004883,,,,,,,,,,,,,,,,,,,,,,0.2890022850006062,4,radio://0/80/2M/E7E7E7E704,2.0943951023931953,aborted,cf4 起飞前预检失败（电压或 EKF 对齐）,0.0,0.0,0.0,0,0.0,global_abort:cf4 起飞前预检失败（电压或 EKF 对齐）,,,,,
0.2890022850006062,1788688521.034019,control,aborted,1,1,0.003469727000265266,3.9747800827026367,3974.0,0,70.0,0.18356180000046152,3.9747800827026367,1,1,0,1.0566622335352516,-0.359911173582077,-0.3916105031967163,0.03586702421307564,-0.006342367269098759,-0.0005383813404478133,-0.0015258846106007695,-0.5266990661621094,-0.025824563577771187,-0.10222627222537994,0.068292997777462,0.05301958695054054,-0.03677935153245926,-0.00891241210412361,-0.0411305855987792,0.9236939246049788,-0.359911173582077,-0.3916105031967163,0.03586702421307564,0.9236939246049788,0.0,0.0,0.0,0.0,0.0,0.0,-0.0008444081065554292,-0.0010546903888481065,0.000299144760115797,0.0,0.0,0.0,-0.00891241210412361,-0.0411305855987792,0.9236939246049788,0.0,0.0,0.0,0.0,0.0,0.0,zero,0.0,0.0,0.0,0.0,-0.0008444081065554292,-0.0010546903888481065,0.000299144760115797,-0.07838512499927422,-0.09236711566189765,0.05724732006055502,1,0.0046749114990234375,,,,,,,,,,,,,,,,,,,,,,0.2890022850006062,5,radio://0/80/2M/E7E7E7E705,4.1887902047863905,aborted,cf4 起飞前预检失败（电压或 EKF 对齐）,0.0,0.0,0.0,0,0.0,global_abort:cf4 起飞前预检失败（电压或 EKF 对齐）,,,,,
0.30322325700035435,1788688521.047831,control,aborted,1,1,0.003920285000276635,3.8850440979003906,3885.0,0,40.0,0.27469478599959984,3.8850440979003906,1,1,0,1.0810688100734358,0.46813544631004333,-0.042350687086582184,0.04529443755745888,-0.002453726949170232,-0.0009295875788666308,-0.0018583477940410376,-0.2105439454317093,-0.11156067252159119,-0.13881561160087585,-0.01875031366944313,-0.03700307756662369,0.03780457377433777,-0.052838305272149694,-0.0018780421657432773,3.0416798515268666,0.46813544631004333,-0.042350687086582184,0.04529443755745888,3.0416798515268666,0.0,0.0,0.0,0.0,0.0,0.0,-0.0005449701595944973,8.959119822675215e-05,0.0004272254360788743,0.0,0.0,0.0,-0.052838305272149694,-0.0018780421657432773,3.0416798515268666,0.0,0.0,0.0,0.0,0.0,0.0,zero,0.0,0.0,0.0,0.0,-0.0005449701595944973,8.959119822675215e-05,0.0004272254360788743,-0.04911107298577081,-0.01581220432194007,-0.024829259035871448,1,0.005188941955566406,,,,,,,,,,,,,,,,,,,,,,0.30322325700035435,2,radio://0/80/2M/E7E7E7E702,0.0,aborted,cf4 起飞前预检失败（电压或 EKF 对齐）,0.0,0.0,0.0,0,0.0,global_abort:cf4 起飞前预检失败（电压或 EKF 对齐）,,,,,
0.30322325700035435,1788688521.0480602,control,aborted,1,1,0.00416514499920595,3.790029287338257,3790.0,0,20.0,0.236864094998964,nan,1,0,1,1.0,-0.22227881848812103,0.4494108259677887,0.04242762178182602,0.0004637899692170322,0.0017724616918712854,-0.0006289997836574912,0.05085856467485428,0.053262971341609955,0.03180009499192238,-0.04897252470254898,-0.026689957827329636,-0.017233064398169518,0.0028789816596246536,0.024357005429457717,-0.9876133489793777,-0.22227881848812103,0.4494108259677887,0.04242762178182602,-0.9876133489793777,0.0,0.0,0.0,0.0,0.0,0.0,-0.0009772720725276626,0.0019277746263285478,-0.002119815034892822,0.0,0.0,0.0,0.0028789816596246536,0.024357005429457717,-0.9876133489793777,0.0,0.0,0.0,0.0,0.0,0.0,zero,0.0,0.0,0.0,0.0,-0.0009772720725276626,0.0019277746263285478,-0.002119815034892822,0.016874074078246017,0.013622422973672787,0.017008905911822737,1,0.005418062210083008,,,,,,,,,,,,,,,,,,,,,,0.30322325700035435,4,radio://0/80/2M/E7E7E7E704,2.0943951023931953,aborted,cf4 起飞前预检失败（电压或 EKF 对齐）,0.0,0.0,0.0,0,0.0,global_abort:cf4 起飞前预检失败（电压或 EKF 对齐）,,,,,
0.30322325700035435,1788688521.0482457,control,aborted,1,1,0.004532732000370743,3.9747800827026367,3974.0,0,70.0,0.19778277200020966,3.9747800827026367,1,1,0,1.0566622335352516,-0.35984575748443604,-0.39163535833358765,0.03590121120214462,-0.004089921247214079,-0.0008045699214562774,-0.0007064754609018564,-0.3874785304069519,-0.024663593620061874,-0.06945567578077316,0.05442488566040993,0.03313315659761429,-0.02706822194159031,-0.008933058355759882,-0.04174628388717463,0.9238561423739609,-0.35984575748443604,-0.39163535833358765,0.03590121120214462,0.9238561423739609,0.0,0.0,0.0,0.0,0.0,0.0,-0.0017203601649820482,-0.001070209750419815,7.848458747539956e-05,0.0,0.0,0.0,-0.008933058355759882,-0.04174628388717463,0.9238561423739609,0.0,0.0,0.0,0.0,0.0,0.0,zero,0.0,0.0,0.0,0.0,-0.0017203601649820482,-0.001070209750419815,7.848458747539956e-05,-0.06587079070688112,-0.0011670417440774329,-0.016593442425887648,1,0.0056035518646240234,,,,,,,,,,,,,,,,,,,,,,0.30322325700035435,5,radio://0/80/2M/E7E7E7E705,4.1887902047863905,aborted,cf4 起飞前预检失败（电压或 EKF 对齐）,0.0,0.0,0.0,0,0.0,global_abort:cf4 起飞前预检失败（电压或 EKF 对齐）,,,,,
0.3174946360013564,1788688521.062099,control,aborted,1,1,0.0034162440006184625,3.8850440979003906,3885.0,0,40.0,0.2889661650006019,3.8850440979003906,1,1,0,1.0810688100734358,0.4681350886821747,-0.042318444699048996,0.04535187408328056,-0.0013360314769670367,0.0008331972057931125,0.000261399254668504,-0.09709110856056213,-0.002373524010181427,-0.029136143624782562,-0.025271113961935043,-0.029715944081544876,0.0115378238260746,-0.05317515394796542,-0.001804087927334469,3.040936036474683,0.4681350886821747,-0.042318444699048996,0.04535187408328056,3.040936036474683,0.0,0.0,0.0,0.0,0.0,0.0,-0.0017522463752753339,-0.0004520103392841876,-0.0004464276723171608,0.0,0.0,0.0,-0.05317515394796542,-0.001804087927334469,3.040936036474683,0.0,0.0,0.0,0.0,0.0,0.0,zero,0.0,0.0,0.0,0.0,-0.0017522463752753339,-0.0004520103392841876,-0.0004464276723171608,-0.10730958693286119,-0.04750221549048792,-0.07846992432908448,1,0.0040721893310546875,,,,,,,,,,,,,,,,,,,,,,0.3174946360013564,2,radio://0/80/2M/E7E7E7E702,0.0,aborted,cf4 起飞前预检失败（电压或 EKF 对齐）,0.0,0.0,0.0,0,0.0,global_abort:cf4 起飞前预检失败（电压或 EKF 对齐）,,,,,
0.3174946360013564,1788688521.0623362,control,aborted,1,1,0.003639037000539247,3.790029287338257,3790.0,0,20.0,0.25113547399996605,nan,1,0,1,1.0,-0.22231239080429077,0.44931286573410034,0.04249860718846321,-0.001019120099954307,-0.0010777777060866356,0.00239807041361928,-0.024312755092978477,-0.03878604620695114,0.13831186294555664,-0.05338428169488907,-0.028656762093305588,-0.02900089882314205,0.0025429809025392467,0.024384008623560778,-0.9871856120234204,-0.22231239080429077,0.44931286573410034,0.04249860718846321,-0.9871856120234204,0.0,0.0,0.0,0.0,0.0,0.0,-0.0003769956730880012,0.0018673486934662014,-0.001410423589047586,0.0,0.0,0.0,0.0025429809025392467,0.024384008623560778,-0.9871856120234204,0.0,0.0,0.0,0.0,0.0,0.0,zero,0.0,0.0,0.0,0.0,-0.0003769956730880012,0.0018673486934662014,-0.001410423589047586,0.05468476423651936,-0.013361356647027115,0.0702195551660448,1,0.004309415817260742,,,,,,,,,,,,,,,,,,,,,,0.3174946360013564,4,radio://0/80/2M/E7E7E7E704,2.0943951023931953,aborted,cf4 起飞前预检失败（电压或 EKF 对齐）,0.0,0.0,0.0,0,0.0,global_abort:cf4 起飞前预检失败（电压或 EKF 对齐）,,,,,
0.3174946360013564,1788688521.0625331,control,aborted,1,1,0.003184552000675467,3.9747800827026367,3974.0,0,70.0,0.21205415100121172,3.9747800827026367,1,1,0,1.0566622335352516,-0.35984209179878235,-0.39162948727607727,0.035905689001083374,-0.0012910198420286179,-0.0007937148911878467,-0.002420995384454727,-0.13272178173065186,-0.029281970113515854,-0.1585691273212433,-0.039384689182043076,0.022139769047498703,-0.06095128506422043,-0.010363073371031735,-0.041371431533496685,0.9232818640092976,-0.35984209179878235,-0.39162948727607727,0.035905689001083374,0.9232818640092976,0.0,0.0,0.0,0.0,0.0,0.0,-0.0033553704845224424,-0.0009358293033499338,-0.00027594440158740415,0.0,0.0,0.0,-0.010363073371031735,-0.041371431533496685,0.9232818640092976,0.0,0.0,0.0,0.0,0.0,0.0,zero,0.0,0.0,0.0,0.0,-0.0033553704845224424,-0.0009358293033499338,-0.00027594440158740415,-0.14389935256732916,0.013801936213515465,-0.030967811600990023,1,0.004506349563598633,,,,,,,,,,,,,,,,,,,,,,0.3174946360013564,5,radio://0/80/2M/E7E7E7E705,4.1887902047863905,aborted,cf4 起飞前预检失败（电压或 EKF 对齐）,0.0,0.0,0.0,0,0.0,global_abort:cf4 起飞前预检失败（电压或 EKF 对齐）,,,,,
0.3317936980001832,1788688521.0764015,control,aborted,1,1,0.0048739089997980045,3.8850440979003906,3885.0,0,40.0,0.3032652269994287,3.8850440979003906,1,1,0,1.0810688100734358,0.4681449234485626,-0.04235374182462692,0.045339521020650864,-0.0009167410316877067,0.00012072519166395068,1.8092396203428507e-05,-0.07118900865316391,-0.012916442938148975,-0.027071397751569748,-0.012335242703557014,-0.020681094378232956,0.017319295555353165,-0.052666340745781234,-0.0015767708484280614,3.0414478268510248,0.4681449234485626,-0.04235374182462692,0.045339521020650864,3.0414478268510248,0.0,0.0,0.0,0.0,0.0,0.0,-0.0019178232060547255,-0.00040009281412481,-0.0005345384828190682,0.0,0.0,0.0,-0.052666340745781234,-0.0015767708484280614,3.0414478268510248,0.0,0.0,0.0,0.0,0.0,0.0,zero,0.0,0.0,0.0,0.0,-0.0019178232060547255,-0.00040009281412481,-0.0005345384828190682,-0.01280382676337252,0.004014710240525038,-0.006813486816581716,1,0.00544285774230957,,,,,,,,,,,,,,,,,,,,,,0.3317936980001832,2,radio://0/80/2M/E7E7E7E702,0.0,aborted,cf4 起飞前预检失败（电压或 EKF 对齐）,0.0,0.0,0.0,0,0.0,global_abort:cf4 起飞前预检失败（电压或 EKF 对齐）,,,,,
0.3317936980001832,1788688521.0766354,control,aborted,1,1,0.00510296699940227,3.790029287338257,3790.0,0,20.0,0.26543453599879285,nan,1,0,1,1.0,-0.22230345010757446,0.4493248462677002,0.042560890316963196,-0.0006770376930944622,-0.0006769559113308787,0.0028815988916903734,-0.014160262420773506,-0.02483055368065834,0.11812674254179001,-0.031770553439855576,-0.021382879465818405,-0.017230721190571785,0.003259669403962017,0.024482638174698125,-0.986799189462724,-0.22230345010757446,0.4493248462677002,0.042560890316963196,-0.986799189462724,0.0,0.0,0.0,0.0,0.0,0.0,-0.00030531797771472346,0.0012552105937000775,-0.0005210352475229039,0.0,0.0,0.0,0.003259669403962017,0.024482638174698125,-0.986799189462724,0.0,0.0,0.0,0.0,0.0,0.0,zero,0.0,0.0,0.0,0.0,-0.00030531797771472346,0.0012552105937000775,-0.0005210352475229039,0.0055427368070597414,-0.04733579056787338,0.06877516737482191,1,0.005676746368408203,,,,,,,,,,,,,,,,,,,,,,0.3317936980001832,4,radio://0/80/2M/E7E7E7E704,2.0943951023931953,aborted,cf4 起飞前预检失败（电压或 EKF 对齐）,0.0,0.0,0.0,0,0.0,global_abort:cf4 起飞前预检失败（电压或 EKF 对齐）,,,,,
0.3317936980001832,1788688521.0768256,control,aborted,1,1,0.004648318999898038,3.9747800827026367,3974.0,0,70.0,0.22635321300003852,3.9747800827026367,1,1,0,1.0566622335352516,-0.35984888672828674,-0.3916415274143219,0.035916127264499664,-0.0011378922499716282,-0.0008211599197238684,-0.0017753796419128776,-0.10380946844816208,-0.023849984630942345,-0.11687153577804565,-0.015081675723195076,0.0014320630580186844,-0.047615326941013336,-0.009304392584194387,-0.042423408525044864,0.9233663514803021,-0.35984888672828674,-0.3916415274143219,0.035916127264499664,0.9233663514803021,0.0,0.0,0.0,0.0,0.0,0.0,-0.003358929649523807,-0.0008434232620034356,-0.0005977735978589985,0.0,0.0,0.0,-0.009304392584194387,-0.042423408525044864,0.9233663514803021,0.0,0.0,0.0,0.0,0.0,0.0,zero,0.0,0.0,0.0,0.0,-0.003358929649523807,-0.0008434232620034356,-0.0005977735978589985,-0.00027522529501998997,0.00714563106275411,-0.024886605553811458,1,0.00586700439453125,,,,,,,,,,,,,,,,,,,,,,0.3317936980001832,5,radio://0/80/2M/E7E7E7E705,4.1887902047863905,aborted,cf4 起飞前预检失败（电压或 EKF 对齐）,0.0,0.0,0.0,0,0.0,global_abort:cf4 起飞前预检失败（电压或 EKF 对齐）,,,,,
0.34607588600010786,1788688521.090669,control,aborted,1,1,0.0010559879992797505,3.8850440979003906,3885.0,0,40.0,0.31754741499935335,3.8850440979003906,1,1,0,1.0810688100734358,0.4682086706161499,-0.0423097237944603,0.04532070457935333,0.010151457041501999,0.009455998428165913,-0.014042038470506668,2.7488389015197754,2.4279415607452393,-3.8225817680358887,-0.0964728593826294,-0.23732537031173706,-0.015423305332660675,-0.05327209430469094,-0.0016320912972723884,3.0409888022637,0.4682086706161499,-0.0423097237944603,0.04532070457935333,3.0409888022637,0.0,0.0,0.0,0.0,0.0,0.0,-0.0013151856316890895,0.00014381651227772985,-9.290975351503104e-05,0.0,0.0,0.0,-0.05327209430469094,-0.0016320912972723884,3.0409888022637,0.0,0.0,0.0,0.0,0.0,0.0,zero,0.0,0.0,0.0,0.0,-0.0013151856316890895,0.00014381651227772985,-9.290975351503104e-05,0.3897768302266326,0.3512654321579864,0.2814580075290916,1,0.0019550323486328125,,,,,,,,,,,,,,,,,,,,,,0.34607588600010786,2,radio://0/80/2M/E7E7E7E702,0.0,aborted,cf4 起飞前预检失败（电压或 EKF 对齐）,0.0,0.0,0.0,0,0.0,global_abort:cf4 起飞前预检失败（电压或 EKF 对齐）,,,,,
0.34607588600010786,1788688521.090923,control,aborted,1,1,0.0014216019990271889,3.790029287338257,3790.0,0,20.0,0.2797167239987175,nan,1,0,1,1.0,-0.2222810685634613,0.4493420720100403,0.042479243129491806,0.003171867923811078,-0.007332167588174343,0.002752946224063635,0.9423195123672485,-1.9356589317321777,0.45142725110054016,-0.11984547972679138,0.06825128197669983,-0.032195378094911575,0.0027814988712012573,0.024458763235864513,-0.9870113113796661,-0.2222810685634613,0.4493420720100403,0.042479243129491806,-0.9870113113796661,0.0,0.0,0.0,0.0,0.0,0.0,-0.0005345530111418903,-0.0004796952657716067,0.0021146494099659042,0.0,0.0,0.0,0.0027814988712012573,0.024458763235864513,-0.9870113113796661,0.0,0.0,0.0,0.0,0.0,0.0,zero,0.0,0.0,0.0,0.0,-0.0005345530111418903,-0.0004796952657716067,0.0021146494099659042,-0.1466236351644272,-1.1160416987514061,1.6937395420239323,1,0.002209186553955078,,,,,,,,,,,,,,,,,,,,,,0.34607588600010786,4,radio://0/80/2M/E7E7E7E704,2.0943951023931953,aborted,cf4 起飞前预检失败（电压或 EKF 对齐）,0.0,0.0,0.0,0,0.0,global_abort:cf4 起飞前预检失败（电压或 EKF 对齐）,,,,,
0.34607588600010786,1788688521.0911646,control,aborted,1,1,0.0012398380004015053,3.9747800827026367,3974.0,0,70.0,0.24063540099996317,3.9747800827026367,1,1,0,1.0566622335352516,-0.35983923077583313,-0.3916737735271454,0.03593888506293297,0.01117901224642992,-0.008177489973604679,-0.015079128555953503,3.226486921310425,-1.9824981689453125,-3.8994622230529785,-0.10570689290761948,0.2638850212097168,-0.06665617227554321,-0.010133586884927256,-0.04209979930456554,0.9241844173016003,-0.35983923077583313,-0.3916737735271454,0.03593888506293297,0.9241844173016003,0.0,0.0,0.0,0.0,0.0,0.0,-0.0018571945319571111,-0.00073948295986573,-0.0015390156375653403,0.0,0.0,0.0,-0.010133586884927256,-0.04209979930456554,0.9241844173016003,0.0,0.0,0.0,0.0,0.0,0.0,zero,0.0,0.0,0.0,0.0,-0.0018571945319571111,-0.00073948295986573,-0.0015390156375653403,0.9677908638865026,0.06542954090798603,-0.6070280782000309,1,0.002450704574584961,,,,,,,,,,,,,,,,,,,,,,0.34607588600010786,5,radio://0/80/2M/E7E7E7E705,4.1887902047863905,aborted,cf4 起飞前预检失败（电压或 EKF 对齐）,0.0,0.0,0.0,0,0.0,global_abort:cf4 起飞前预检失败（电压或 EKF 对齐）,,,,,
0.3603377569997974,1788688521.104949,control,aborted,1,1,0.0016011349998734659,3.8850440979003906,3885.0,0,40.0,0.3318092859990429,3.8850440979003906,1,1,0,1.0810688100734358,0.4681634306907654,-0.0423491895198822,0.04531316086649895,0.0074822017922997475,0.0070073893293738365,-0.011340177617967129,2.1613709926605225,1.9077693223953247,-3.019904613494873,-0.07179319113492966,-0.18228156864643097,-0.01005197037011385,-0.052890999521777636,-0.0010876671210505796,3.0411220100148117,0.4681634306907654,-0.0423491895198822,0.04531316086649895,3.0411220100148117,0.0,0.0,0.0,0.0,0.0,0.0,0.0009742536627918,0.00195254495393315,-0.002570472891069334,0.0,0.0,0.0,-0.052890999521777636,-0.0010876671210505796,3.0411220100148117,0.0,0.0,0.0,0.0,0.0,0.0,zero,0.0,0.0,0.0,0.0,0.0009742536627918,0.00195254495393315,-0.002570472891069334,0.1616790596635693,0.12773149929703997,-0.17496427151510385,1,0.002074718475341797,,,,,,,,,,,,,,,,,,,,,,0.3603377569997974,2,radio://0/80/2M/E7E7E7E702,0.0,aborted,cf4 起飞前预检失败（电压或 EKF 对齐）,0.0,0.0,0.0,0,0.0,global_abort:cf4 起飞前预检失败（电压或 EKF 对齐）,,,,,
0.3603377569997974,1788688521.105216,control,aborted,1,1,0.0011551799998414936,3.790029287338257,3790.0,0,20.0,0.29397859499840706,nan,1,0,1,1.0,-0.2222926914691925,0.4493589997291565,0.04242241755127907,0.002373333554714918,-0.005626648664474487,0.001399758504703641,0.7425772547721863,-1.524438500404358,0.34202951192855835,-0.08826885372400284,0.05810640752315521,-0.025228463113307953,0.003321064538662075,0.024706835488270636,-0.9869731595486996,-0.2222926914691925,0.4493589997291565,0.04242241755127907,-0.9869731595486996,0.0,0.0,0.0,0.0,0.0,0.0,0.00011161255153011032,-0.0020543807553324803,0.002631118801730892,0.0,0.0,0.0,0.003321064538662075,0.024706835488270636,-0.9869731595486996,0.0,0.0,0.0,0.0,0.0,0.0,zero,0.0,0.0,0.0,0.0,0.00011161255153011032,-0.0020543807553324803,0.002631118801730892,0.04563188935021673,-0.11120350289776794,0.036472810529144105,1,0.002341747283935547,,,,,,,,,,,,,,,,,,,,,,0.3603377569997974,4,radio://0/80/2M/E7E7E7E704,2.0943951023931953,aborted,cf4 起飞前预检失败（电压或 EKF 对齐）,0.0,0.0,0.0,0,0.0,global_abort:cf4 起飞前预检失败（电压或 EKF 对齐）,,,,,
0.3603377569997974,1788688521.1055105,control,aborted,1,1,0.0013955999984318623,3.9747800827026367,3974.0,0,70.0,0.25489727199965273,3.9747800827026367,1,1,0,1.0566622335352516,-0.35988494753837585,-0.3916436731815338,0.035934362560510635,0.008297511376440525,-0.006116857752203941,-0.012127178721129894,2.5404915809631348,-1.5568944215774536,-3.0778768062591553,-0.0829656794667244,0.21105298399925232,-0.06499212980270386,-0.009985514221382236,-0.04211201067005559,0.9233577098962596,-0.35988494753837585,-0.3916436731815338,0.035934362560510635,0.9233577098962596,0.0,0.0,0.0,0.0,0.0,0.0,0.0008906249750063018,-0.002061988095959735,-0.004165174271714896,0.0,0.0,0.0,-0.009985514221382236,-0.04211201067005559,0.9233577098962596,0.0,0.0,0.0,0.0,0.0,0.0,zero,0.0,0.0,0.0,0.0,0.0008906249750063018,-0.002061988095959735,-0.004165174271714896,0.1940496413606767,-0.09339465227113682,-0.18545801127823175,1,0.0026361942291259766,,,,,,,,,,,,,,,,,,,,,,0.3603377569997974,5,radio://0/80/2M/E7E7E7E705,4.1887902047863905,aborted,cf4 起飞前预检失败（电压或 EKF 对齐）,0.0,0.0,0.0,0,0.0,global_abort:cf4 起飞前预检失败（电压或 EKF 对齐）,,,,,
0.37466846400093345,1788688521.119305,control,aborted,1,1,0.0042966620003426215,3.8850440979003906,3885.0,0,40.0,0.34613999300017895,3.8850440979003906,1,1,0,1.0810688100734358,0.46816810965538025,-0.0423269085586071,0.04533699154853821,0.00606840243563056,0.005999441724270582,-0.008651240728795528,1.704126000404358,1.5084128379821777,-2.368431329727173,-0.04215220734477043,-0.15448811650276184,-0.0029641729779541492,-0.052026156036277055,-0.0015623948257071105,3.0414348017071826,0.46816810965538025,-0.0423269085586071,0.04533699154853821,3.0414348017071826,0.0,0.0,0.0,0.0,0.0,0.0,0.0033464684462642686,0.003831311645078753,-0.0053901602541344615,0.0,0.0,0.0,-0.052026156036277055,-0.0015623948257071105,3.0414348017071826,0.0,0.0,0.0,0.0,0.0,0.0,zero,0.0,0.0,0.0,0.0,0.0033464684462642686,0.003831311645078753,-0.0053901602541344615,0.20949131393152348,0.16591469939443662,-0.24900781104649997,1,0.005106925964355469,,,,,,,,,,,,,,,,,,,,,,0.37466846400093345,2,radio://0/80/2M/E7E7E7E702,0.0,aborted,cf4 起飞前预检失败（电压或 EKF 对齐）,0.0,0.0,0.0,0,0.0,global_abort:cf4 起飞前预检失败（电压或 EKF 对齐）,,,,,
0.37466846400093345,1788688521.1195846,control,aborted,1,1,0.004558223999993061,3.790029287338257,3790.0,0,20.0,0.3083093019995431,nan,1,0,1,1.0,-0.2223101258277893,0.44935062527656555,0.042415838688611984,0.0015907380729913712,-0.004649230279028416,0.001003609737381339,0.580239474773407,-1.2022875547409058,0.26662677526474,-0.08643288910388947,0.04932165518403053,-0.01843731477856636,0.002427952438209096,0.024867148786092006,-0.9868738740378022,-0.2223101258277893,0.44935062527656555,0.042415838688611984,-0.9868738740378022,0.0,0.0,0.0,0.0,0.0,0.0,0.0008429498704114486,-0.0035156865812784916,0.0027065941149203576,0.0,0.0,0.0,0.002427952438209096,0.024867148786092006,-0.9868738740378022,0.0,0.0,0.0,0.0,0.0,0.0,zero,0.0,0.0,0.0,0.0,0.0008429498704114486,-0.0035156865812784916,0.0027065941149203576,0.06458471506333872,-0.12904854976289418,0.00666525756420313,1,0.0053865909576416016,,,,,,,,,,,,,,,,,,,,,,0.37466846400093345,4,radio://0/80/2M/E7E7E7E704,2.0943951023931953,aborted,cf4 起飞前预检失败（电压或 EKF 对齐）,0.0,0.0,0.0,0,0.0,global_abort:cf4 起飞前预检失败（电压或 EKF 对齐）,,,,,
0.37466846400093345,1788688521.1199737,control,aborted,1,1,0.004097371000170824,3.9747800827026367,3974.0,0,70.0,0.26922797900078876,3.9747800827026367,1,1,0,1.0566622335352516,-0.35983219742774963,-0.39163434505462646,0.03591124340891838,0.0075696911662817,-0.004728731233626604,-0.010110077448189259,2.019538402557373,-1.2209982872009277,-2.4266750812530518,-0.06896944344043732,0.1684117466211319,-0.05483296513557434,-0.01012577763608234,-0.04213800983369456,0.9231970331036156,-0.35983219742774963,-0.39163434505462646,0.03591124340891838,0.9231970331036156,0.0,0.0,0.0,0.0,0.0,0.0,0.003693781535819087,-0.0034835865563944716,-0.00695358611439779,0.0,0.0,0.0,-0.01012577763608234,-0.04213800983369456,0.9231970331036156,0.0,0.0,0.0,0.0,0.0,0.0,zero,0.0,0.0,0.0,0.0,0.003693781535819087,-0.0034835865563944716,-0.00695358611439779,0.24754796874709567,-0.12554197513412482,-0.24624585630934273,1,0.0057756900787353516,,,,,,,,,,,,,,,,,,,,,,0.37466846400093345,5,radio://0/80/2M/E7E7E7E705,4.1887902047863905,aborted,cf4 起飞前预检失败（电压或 EKF 对齐）,0.0,0.0,0.0,0,0.0,global_abort:cf4 起飞前预检失败（电压或 EKF 对齐）,,,,,
0.38891924600102357,1788688521.133537,control,aborted,1,1,0.010500592001335463,3.8850440979003906,3885.0,0,40.0,0.36039077500026906,3.8850440979003906,1,1,0,1.0810688100734358,0.46817636489868164,-0.04231410473585129,0.04534275084733963,0.00505762780085206,0.005114259198307991,-0.006779434625059366,1.3384568691253662,1.1849733591079712,-1.8487379550933838,-0.05623938888311386,-0.11207907646894455,-0.006240104325115681,-0.052942048894881376,-0.0011029542079185562,3.0412530467773653,0.46817636489868164,-0.04231410473585129,0.04534275084733963,3.0412530467773653,0.0,0.0,0.0,0.0,0.0,0.0,0.005063491870819083,0.005187445307909606,-0.0074422619954205215,0.0,0.0,0.0,-0.052942048894881376,-0.0011029542079185562,3.0412530467773653,0.0,0.0,0.0,0.0,0.0,0.0,zero,0.0,0.0,0.0,0.0,0.005063491870819083,0.005187445307909606,-0.0074422619954205215,0.21101462737566168,0.16666286285991677,-0.2521942788210345,1,0.011202096939086914,,,,,,,,,,,,,,,,,,,,,,0.38891924600102357,2,radio://0/80/2M/E7E7E7E702,0.0,aborted,cf4 起飞前预检失败（电压或 EKF 对齐）,0.0,0.0,0.0,0,0.0,global_abort:cf4 起飞前预检失败（电压或 EKF 对齐）,,,,,
0.38891924600102357,1788688521.1337953,control,aborted,1,1,0.010767036999823176,3.790029287338257,3790.0,0,20.0,0.3225600839996332,nan,1,0,1,1.0,-0.22227473556995392,0.44933363795280457,0.04247104004025459,0.002142449375241995,-0.0041369167156517506,0.002159684430807829,0.47775211930274963,-0.9492378830909729,0.2417166382074356,-0.04393244534730911,0.03994746878743172,-0.029911400750279427,0.0034384343818178076,0.02488889879885731,-0.9874908447602341,-0.22227473556995392,0.44933363795280457,0.04247104004025459,-0.9874908447602341,0.0,0.0,0.0,0.0,0.0,0.0,0.0013937411470685238,-0.004523726124530427,0.0026185546634378007,0.0,0.0,0.0,0.0034384343818178076,0.02488889879885731,-0.9874908447602341,0.0,0.0,0.0,0.0,0.0,0.0,zero,0.0,0.0,0.0,0.0,0.0013937411470685238,-0.004523726124530427,0.0026185546634378007,0.06768982551050066,-0.12388362648831688,-0.01081966138800124,1,0.011460304260253906,,,,,,,,,,,,,,,,,,,,,,0.38891924600102357,4,radio://0/80/2M/E7E7E7E704,2.0943951023931953,aborted,cf4 起飞前预检失败（电压或 EKF 对齐）,0.0,0.0,0.0,0,0.0,global_abort:cf4 起飞前预检失败（电压或 EKF 对齐）,,,,,
0.38891924600102357,1788688521.1340475,control,aborted,1,1,0.010055831000499893,3.9747800827026367,3974.0,0,70.0,0.2834787610008789,3.9747800827026367,1,1,0,1.0566622335352516,-0.3598875105381012,-0.3916485905647278,0.03596600890159607,0.004696209449321032,-0.004133126232773066,-0.006741978693753481,1.5450032949447632,-0.962159276008606,-1.8585554361343384,-0.030005227774381638,0.12730419635772705,-0.016662318259477615,-0.009148668247206487,-0.04242942646309423,0.9243076696494855,-0.3598875105381012,-0.3916485905647278,0.03596600890159607,0.9243076696494855,0.0,0.0,0.0,0.0,0.0,0.0,0.0057231323183907,-0.004487332116971365,-0.008921157412902697,0.0,0.0,0.0,-0.009148668247206487,-0.04242942646309423,0.9243076696494855,0.0,0.0,0.0,0.0,0.0,0.0,zero,0.0,0.0,0.0,0.0,0.0057231323183907,-0.004487332116971365,-0.008921157412902697,0.249398286054184,-0.12335591490257278,-0.24180585916974787,1,0.01171255111694336,,,,,,,,,,,,,,,,,,,,,,0.38891924600102357,5,radio://0/80/2M/E7E7E7E705,4.1887902047863905,aborted,cf4 起飞前预检失败（电压或 EKF 对齐）,0.0,0.0,0.0,0,0.0,global_abort:cf4 起飞前预检失败（电压或 EKF 对齐）,,,,,
0.4032050440000603,1788688521.147815,control,aborted,1,1,0.0046574440002586925,3.8850440979003906,3885.0,0,40.0,0.3746765729993058,3.8850440979003906,1,1,0,1.0810688100734358,0.46819254755973816,-0.042337700724601746,0.0453307144343853,0.0052313432097435,0.0030452010687440634,-0.005441164597868919,0.9196574091911316,0.7083427906036377,-1.1770235300064087,-0.044002629816532135,-0.08102429658174515,-0.010679125785827637,-0.052927179748135655,-0.0013283893000908182,3.0412124934105735,0.46819254755973816,-0.042337700724601746,0.0453307144343853,3.0412124934105735,0.0,0.0,0.0,0.0,0.0,0.0,0.006082150501115955,0.005911422024730999,-0.008364264850047782,0.0,0.0,0.0,-0.052927179748135655,-0.0013283893000908182,3.0412124934105735,0.0,0.0,0.0,0.0,0.0,0.0,zero,0.0,0.0,0.0,0.0,0.006082150501115955,0.005911422024730999,-0.008364264850047782,0.10455333735457056,0.07119094805741755,-0.089998459693285,1,0.005089759826660156,,,,,,,,,,,,,,,,,,,,,,0.4032050440000603,2,radio://0/80/2M/E7E7E7E702,0.0,aborted,cf4 起飞前预检失败（电压或 EKF 对齐）,0.0,0.0,0.0,0,0.0,global_abort:cf4 起飞前预检失败（电压或 EKF 对齐）,,,,,
0.4032050440000603,1788688521.1480799,control,aborted,1,1,0.004448976000276161,3.790029287338257,3790.0,0,20.0,0.33684588199866994,nan,1,0,1,1.0,-0.22232146561145782,0.44935745000839233,0.04248978570103645,-0.0005321040516719222,-0.002391923451796174,0.0017985091544687748,0.1959659904241562,-0.5655001997947693,0.14775215089321136,-0.05059570446610451,-0.022958433255553246,0.032258883118629456,0.002435955344212015,0.023744089893140124,-0.986349450187109,-0.22232146561145782,0.44935745000839233,0.04248978570103645,-0.986349450187109,0.0,0.0,0.0,0.0,0.0,0.0,0.002018254198863456,-0.004811771714530593,0.002061999129502823,0.0,0.0,0.0,0.002435955344212015,0.023744089893140124,-0.986349450187109,0.0,0.0,0.0,0.0,0.0,0.0,zero,0.0,0.0,0.0,0.0,0.002018254198863456,-0.004811771714530593,0.002061999129502823,0.06492006559256135,-0.024803117114347167,-0.06128803380968996,1,0.005354642868041992,,,,,,,,,,,,,,,,,,,,,,0.4032050440000603,4,radio://0/80/2M/E7E7E7E704,2.0943951023931953,aborted,cf4 起飞前预检失败（电压或 EKF 对齐）,0.0,0.0,0.0,0,0.0,global_abort:cf4 起飞前预检失败（电压或 EKF 对齐）,,,,,
0.4032050440000603,1788688521.1484141,control,aborted,1,1,0.004241877999447752,3.9747800827026367,3974.0,0,70.0,0.2977645589999156,3.9747800827026367,1,1,0,1.0566622335352516,-0.3598901927471161,-0.39165034890174866,0.03598164767026901,0.0009240880608558655,-0.002953354502096772,-0.002283946145325899,0.816431999206543,-0.5930336713790894,-1.0079129934310913,-0.008900686167180538,0.04847400635480881,0.0005981456488370895,-0.008944085060459076,-0.041894748895276994,0.9240054325319889,-0.3598901927471161,-0.39165034890174866,0.03598164767026901,0.9240054325319889,0.0,0.0,0.0,0.0,0.0,0.0,0.00672696082379817,-0.004843992544155262,-0.009141637680478603,0.0,0.0,0.0,-0.008944085060459076,-0.041894748895276994,0.9240054325319889,0.0,0.0,0.0,0.0,0.0,0.0,zero,0.0,0.0,0.0,0.0,0.00672696082379817,-0.004843992544155262,-0.009141637680478603,0.0970860811273715,-0.03314682340632287,-0.008155368175625642,1,0.005688905715942383,,,,,,,,,,,,,,,,,,,,,,0.4032050440000603,5,radio://0/80/2M/E7E7E7E705,4.1887902047863905,aborted,cf4 起飞前预检失败（电压或 EKF 对齐）,0.0,0.0,0.0,0,0.0,global_abort:cf4 起飞前预检失败（电压或 EKF 对齐）,,,,,
0.41749317700123356,1788688521.1621237,control,aborted,1,1,0.00977916600095341,3.8850440979003906,3885.0,0,40.0,0.38896470600047905,3.8850440979003906,1,1,0,1.0810688100734358,0.4681680500507355,-0.04237593710422516,0.04533417150378227,0.0036489712074398994,0.0015993963461369276,-0.004277277272194624,0.701097309589386,0.5350342392921448,-0.9161483645439148,-0.015414876863360405,-0.05691761150956154,-0.00657905638217926,-0.05202307312490318,-0.0009631001582854832,3.041283191105846,0.4681680500507355,-0.04237593710422516,0.04533417150378227,3.041283191105846,0.0,0.0,0.0,0.0,0.0,0.0,0.006118848844067729,0.00569607403543089,-0.008164851712698809,0.0,0.0,0.0,-0.05202307312490318,-0.0009631001582854832,3.041283191105846,0.0,0.0,0.0,0.0,0.0,0.0,zero,0.0,0.0,0.0,0.0,0.006118848844067729,0.00569607403543089,-0.008164851712698809,0.004015443785667697,-0.023562855318222026,0.021819302419204017,1,0.010259151458740234,,,,,,,,,,,,,,,,,,,,,,0.41749317700123356,2,radio://0/80/2M/E7E7E7E702,0.0,aborted,cf4 起飞前预检失败（电压或 EKF 对齐）,0.0,0.0,0.0,0,0.0,global_abort:cf4 起飞前预检失败（电压或 EKF 对齐）,,,,,
0.41749317700123356,1788688521.162425,control,aborted,1,1,0.009572422000928782,3.790029287338257,3790.0,0,20.0,0.3511340149998432,nan,1,0,1,1.0,-0.2222232222557068,0.4493812918663025,0.04247773811221123,0.0017242730828002095,-0.0013917838223278522,0.0011751580750569701,0.2061513215303421,-0.4305131435394287,0.10456031560897827,-0.011798873543739319,0.006749682128429413,0.016154639422893524,0.0037357515996051948,0.024893153834804012,-0.9867871692582014,-0.2222232222557068,0.4493812918663025,0.04247773811221123,-0.9867871692582014,0.0,0.0,0.0,0.0,0.0,0.0,0.0019861512705138,-0.004555306927566648,0.0018710754397292337,0.0,0.0,0.0,0.0037357515996051948,0.024893153834804012,-0.9867871692582014,0.0,0.0,0.0,0.0,0.0,0.0,zero,0.0,0.0,0.0,0.0,0.0019861512705138,-0.004555306927566648,0.0018710754397292337,-0.00351262465209284,0.028061755714972023,-0.020890407630817436,1,0.01056051254272461,,,,,,,,,,,,,,,,,,,,,,0.41749317700123356,4,radio://0/80/2M/E7E7E7E704,2.0943951023931953,aborted,cf4 起飞前预检失败（电压或 EKF 对齐）,0.0,0.0,0.0,0,0.0,global_abort:cf4 起飞前预检失败（电压或 EKF 对齐）,,,,,
0.41749317700123356,1788688521.162723,control,aborted,1,1,0.009372123000503052,3.9747800827026367,3974.0,0,70.0,0.31205269200108887,3.9747800827026367,1,1,0,1.0566622335352516,-0.3598461449146271,-0.39163288474082947,0.035937197506427765,0.0017032126197591424,-0.0019804982002824545,-0.002799903741106391,0.6701959371566772,-0.45313698053359985,-0.8176215887069702,-0.008430480025708675,0.06482863426208496,-0.00773912388831377,-0.00898798844393701,-0.040707822233877665,0.9236189406303392,-0.3598461449146271,-0.39163288474082947,0.035937197506427765,0.9236189406303392,0.0,0.0,0.0,0.0,0.0,0.0,0.006357836479462241,-0.004662809417079772,-0.008429563280788189,0.0,0.0,0.0,-0.00898798844393701,-0.040707822233877665,0.9236189406303392,0.0,0.0,0.0,0.0,0.0,0.0,zero,0.0,0.0,0.0,0.0,0.006357836479462241,-0.004662809417079772,-0.008429563280788189,-0.04038869156981097,0.01982461885647443,0.07791345584533181,1,0.010858535766601562,,,,,,,,,,,,,,,,,,,,,,0.41749317700123356,5,radio://0/80/2M/E7E7E7E705,4.1887902047863905,aborted,cf4 起飞前预检失败（电压或 EKF 对齐）,0.0,0.0,0.0,0,0.0,global_abort:cf4 起飞前预检失败（电压或 EKF 对齐）,,,,,
0.4317764460010949,1788688521.176373,control,aborted,1,1,0.0011114349999843398,3.8850440979003906,3885.0,0,40.0,0.4032479750003404,3.8850440979003906,1,1,0,1.0810688100734358,0.4681686758995056,-0.04231591895222664,0.04533148184418678,0.0029246280901134014,0.001802266575396061,-0.0034452483523637056,0.5545689463615417,0.4297943711280823,-0.7256718277931213,-0.02300165593624115,-0.05098918080329895,-0.004881282337009907,-0.05324819022328049,-0.0015862380742029372,3.041359932384593,0.4681686758995056,-0.04231591895222664,0.04533148184418678,3.041359932384593,0.0,0.0,0.0,0.0,0.0,0.0,0.004807373050049717,0.003484481385605181,-0.005886930017509178,0.0,0.0,0.0,-0.05324819022328049,-0.0015862380742029372,3.041359932384593,0.0,0.0,0.0,0.0,0.0,0.0,zero,0.0,0.0,0.0,0.0,0.004807373050049717,0.003484481385605181,-0.005886930017509178,-0.057113039452129255,-0.09631194021092242,0.09920048257058389,1,0.0015456676483154297,,,,,,,,,,,,,,,,,,,,,,0.4317764460010949,2,radio://0/80/2M/E7E7E7E702,0.0,aborted,cf4 起飞前预检失败（电压或 EKF 对齐）,0.0,0.0,0.0,0,0.0,global_abort:cf4 起飞前预检失败（电压或 EKF 对齐）,,,,,
0.4317764460010949,1788688521.1766365,control,aborted,1,1,0.0006179190004331758,3.790029287338257,3790.0,0,20.0,0.3654172839997045,nan,1,0,1,1.0,-0.22227071225643158,0.4493430256843567,0.042488377541303635,0.0009657874470576644,-0.0014467199798673391,0.0010327943600714207,0.1583147644996643,-0.34488898515701294,0.08240828663110733,-0.010137093253433704,0.0011606602929532528,0.008320428431034088,0.0036425368936015886,0.024408406475242388,-0.9873176828305534,-0.22227071225643158,0.4493430256843567,0.042488377541303635,-0.9873176828305534,0.0,0.0,0.0,0.0,0.0,0.0,0.0013833901145888406,-0.002792927649466666,0.001486065629274278,0.0,0.0,0.0,0.0036425368936015886,0.024408406475242388,-0.9873176828305534,0.0,0.0,0.0,0.0,0.0,0.0,zero,0.0,0.0,0.0,0.0,0.0013833901145888406,-0.002792927649466666,0.001486065629274278,-0.026249452590415428,0.0767492909124611,-0.016766668965045868,1,0.0018091201782226562,,,,,,,,,,,,,,,,,,,,,,0.4317764460010949,4,radio://0/80/2M/E7E7E7E704,2.0943951023931953,aborted,cf4 起飞前预检失败（电压或 EKF 对齐）,0.0,0.0,0.0,0,0.0,global_abort:cf4 起飞前预检失败（电压或 EKF 对齐）,,,,,
0.4317764460010949,1788688521.1769283,control,aborted,1,1,0.0008506289996148553,3.9747800827026367,3974.0,0,70.0,0.3263359610009502,3.9747800827026367,1,1,0,1.0566622335352516,-0.3598921298980713,-0.3916337192058563,0.0359196811914444,0.0009620475466363132,-0.0015916666015982628,-0.0023924876004457474,0.5297013521194458,-0.3591229021549225,-0.6505486965179443,-0.0004502013325691223,0.07304683327674866,-0.0037570141721516848,-0.008275554908793906,-0.03827332118901262,0.9238776538519209,-0.3598921298980713,-0.3916337192058563,0.0359196811914444,0.9238776538519209,0.0,0.0,0.0,0.0,0.0,0.0,0.0033170196111006866,-0.003132148292259867,-0.004819112390512949,0.0,0.0,0.0,-0.008275554908793906,-0.03827332118901262,0.9238776538519209,0.0,0.0,0.0,0.0,0.0,0.0,zero,0.0,0.0,0.0,0.0,0.0033170196111006866,-0.003132148292259867,-0.004819112390512949,-0.132423560207203,0.06665827124559123,0.1572303698450365,1,0.0021009445190429688,,,,,,,,,,,,,,,,,,,,,,0.4317764460010949,5,radio://0/80/2M/E7E7E7E705,4.1887902047863905,aborted,cf4 起飞前预检失败（电压或 EKF 对齐）,0.0,0.0,0.0,0,0.0,global_abort:cf4 起飞前预检失败（电压或 EKF 对齐）,,,,,
0.44613656900037313,1788688521.1907132,control,aborted,1,1,0.005944164000538876,3.8850440979003906,3885.0,0,40.0,0.4176080979996186,3.8850440979003906,1,1,0,1.0810688100734358,0.46822598576545715,-0.04233977198600769,0.045321810990571976,0.004691739566624165,0.0002243176568299532,-0.003043240401893854,0.45210129022598267,0.21452555060386658,-0.47157350182533264,-0.005237987264990807,-0.03177979215979576,0.009183306246995926,-0.05303729241904445,-0.0015382245449086678,3.0414548270035096,0.46822598576545715,-0.04233977198600769,0.045321810990571976,3.0414548270035096,0.0,0.0,0.0,0.0,0.0,0.0,0.002946822885860381,0.0004854294960689146,-0.002717319375866378,0.0,0.0,0.0,-0.05303729241904445,-0.0015382245449086678,3.0414548270035096,0.0,0.0,0.0,0.0,0.0,0.0,zero,0.0,0.0,0.0,0.0,0.002946822885860381,0.0004854294960689146,-0.002717319375866378,-0.18766219954122293,-0.29923890175777096,0.31969458445814736,1,0.006322622299194336,,,,,,,,,,,,,,,,,,,,,,0.44613656900037313,2,radio://0/80/2M/E7E7E7E702,0.0,aborted,cf4 起飞前预检失败（电压或 EKF 对齐）,0.0,0.0,0.0,0,0.0,global_abort:cf4 起飞前预检失败（电压或 EKF 对齐）,,,,,
0.44613656900037313,1788688521.1909292,control,aborted,1,1,0.005580806999205379,3.790029287338257,3790.0,0,20.0,0.37977740699898277,nan,1,0,1,1.0,-0.22223228216171265,0.4493200480937958,0.04251907020807266,0.0026223943568766117,-0.00211898609995842,0.0021885689347982407,0.18944749236106873,-0.26125720143318176,0.11343581974506378,0.01850895769894123,-0.011934589594602585,0.042305607348680496,0.004284781654491651,0.024431052011792506,-0.986380126508473,-0.22223228216171265,0.4493200480937958,0.04251907020807266,-0.986380126508473,0.0,0.0,0.0,0.0,0.0,0.0,0.0005806578856038446,-0.0004185722658911215,0.0009471874786431184,0.0,0.0,0.0,0.004284781654491651,0.024431052011792506,-0.986380126508473,0.0,0.0,0.0,0.0,0.0,0.0,zero,0.0,0.0,0.0,0.0,0.0005806578856038446,-0.0004185722658911215,0.0009471874786431184,-0.07908838991425049,0.23500941078364024,-0.05372279545956407,1,0.0065386295318603516,,,,,,,,,,,,,,,,,,,,,,0.44613656900037313,4,radio://0/80/2M/E7E7E7E704,2.0943951023931953,aborted,cf4 起飞前预检失败（电压或 EKF 对齐）,0.0,0.0,0.0,0,0.0,global_abort:cf4 起飞前预检失败（电压或 EKF 对齐）,,,,,
0.44613656900037313,1788688521.1910691,control,aborted,1,1,0.005344305000107852,3.9747800827026367,3974.0,0,70.0,0.34069608400022844,3.9747800827026367,1,1,0,1.0566622335352516,-0.3598756492137909,-0.39160770177841187,0.035888150334358215,0.0009654688183218241,-3.0864146538078785e-05,-0.002887285780161619,0.3264707028865814,-0.17100517451763153,-0.4427946209907532,0.0017784293740987778,-0.13230277597904205,0.014301381073892117,-0.008434471186228774,-0.043020297999186025,0.9242109534656495,-0.3598756492137909,-0.39160770177841187,0.035888150334358215,0.9242109534656495,0.0,0.0,0.0,0.0,0.0,0.0,-0.0007051481063786859,-0.0010108404185728576,-3.335134558587853e-05,0.0,0.0,0.0,-0.008434471186228774,-0.043020297999186025,0.9242109534656495,0.0,0.0,0.0,0.0,0.0,0.0,zero,0.0,0.0,0.0,0.0,-0.0007051481063786859,-0.0010108404185728576,-3.335134558587853e-05,-0.3953755799099042,0.21427154746096136,0.47105214794557043,1,0.006678581237792969,,,,,,,,,,,,,,,,,,,,,,0.44613656900037313,5,radio://0/80/2M/E7E7E7E705,4.1887902047863905,aborted,cf4 起飞前预检失败（电压或 EKF 对齐）,0.0,0.0,0.0,0,0.0,global_abort:cf4 起飞前预检失败（电压或 EKF 对齐）,,,,,
0.46031523600140645,1788688521.2048867,control,aborted,1,1,0.002210444001320866,3.8850440979003906,3885.0,0,40.0,0.43178676500065194,3.8850440979003906,1,1,0,1.0810688100734358,0.46814897656440735,-0.042360927909612656,0.045334599912166595,0.0015921919839456677,-0.00018731618183664978,-0.0017697762232273817,0.23063300549983978,0.13161344826221466,-0.2779763340950012,0.006068362854421139,-0.016922127455472946,-0.0016251248307526112,-0.05255632566451583,-0.0014030457306250335,3.04099905291146,0.46814897656440735,-0.042360927909612656,0.045334599912166595,3.04099905291146,0.0,0.0,0.0,0.0,0.0,0.0,0.0022190767438737802,-0.0007916850547370566,-0.0013831385123270778,0.0,0.0,0.0,-0.05255632566451583,-0.0014030457306250335,3.04099905291146,0.0,0.0,0.0,0.0,0.0,0.0,zero,0.0,0.0,0.0,0.0,0.0022190767438737802,-0.0007916850547370566,-0.0013831385123270778,-0.030560496790082218,-0.05278372407109966,0.05291536522110259,1,0.0031044483184814453,,,,,,,,,,,,,,,,,,,,,,0.46031523600140645,2,radio://0/80/2M/E7E7E7E702,0.0,aborted,cf4 起飞前预检失败（电压或 EKF 对齐）,0.0,0.0,0.0,0,0.0,global_abort:cf4 起飞前预检失败（电压或 EKF 对齐）,,,,,
0.46031523600140645,1788688521.2050424,control,aborted,1,1,0.0024282480007968843,3.790029287338257,3790.0,0,20.0,0.3939560740000161,nan,1,0,1,1.0,-0.22223475575447083,0.44932031631469727,0.042472872883081436,0.00179114262573421,-0.0012773489579558372,0.0004627284361049533,0.10843544453382492,-0.14811395108699799,0.037763021886348724,0.009838486090302467,0.00028821034356951714,0.032333992421627045,0.004035597692499978,0.024879250976914822,-0.9862233559807457,-0.22223475575447083,0.44932031631469727,0.042472872883081436,-0.9862233559807457,0.0,0.0,0.0,0.0,0.0,0.0,0.0005661064031124493,6.513554806293441e-05,0.0008637696232862607,0.0,0.0,0.0,0.004035597692499978,0.024879250976914822,-0.9862233559807457,0.0,0.0,0.0,0.0,0.0,0.0,zero,0.0,0.0,0.0,0.0,0.0005661064031124493,6.513554806293441e-05,0.0008637696232862607,0.008895051182763451,0.0030628255453232474,-0.0004903162666720414,1,0.0032601356506347656,,,,,,,,,,,,,,,,,,,,,,0.46031523600140645,4,radio://0/80/2M/E7E7E7E704,2.0943951023931953,aborted,cf4 起飞前预检失败（电压或 EKF 对齐）,0.0,0.0,0.0,0,0.0,global_abort:cf4 起飞前预检失败（电压或 EKF 对齐）,,,,,
0.46031523600140645,1788688521.2051628,control,aborted,1,1,0.002728069001022959,3.9747800827026367,3974.0,0,70.0,0.35487475100126176,3.9747800827026367,1,1,0,1.0566622335352516,-0.359819233417511,-0.39164528250694275,0.03593672811985016,0.0019465956138446927,-0.0006148499087430537,-0.0008482502889819443,0.2331249713897705,-0.11671390384435654,-0.2418290376663208,-0.04615963622927666,-0.051108695566654205,-0.002350381575524807,-0.010281326270437286,-0.04124561446445196,0.9236918879979978,-0.359819233417511,-0.39164528250694275,0.03593672811985016,0.9236918879979978,0.0,0.0,0.0,0.0,0.0,0.0,-0.0017228730089833446,-0.00013877091211767737,0.0011514799479410839,0.0,0.0,0.0,-0.010281326270437286,-0.04124561446445196,0.9236918879979978,0.0,0.0,0.0,0.0,0.0,0.0,zero,0.0,0.0,0.0,0.0,-0.0017228730089833446,-0.00013877091211767737,0.0011514799479410839,-0.02088182175308424,0.03088300924989393,0.02549295439193342,1,0.0033805370330810547,,,,,,,,,,,,,,,,,,,,,,0.46031523600140645,5,radio://0/80/2M/E7E7E7E705,4.1887902047863905,aborted,cf4 起飞前预检失败（电压或 EKF 对齐）,0.0,0.0,0.0,0,0.0,global_abort:cf4 起飞前预检失败（电压或 EKF 对齐）,,,,,
0.4748136110010819,1788688521.2193806,control,aborted,1,1,0.0003267089996370487,3.8850440979003906,3885.0,0,40.0,0.4462851400003274,3.8850440979003906,1,1,0,1.0810688100734358,0.46815288066864014,-0.042344849556684494,0.04537433013319969,-0.0009814199293032289,-0.0034195990301668644,0.005987877957522869,-0.859578013420105,-1.4316295385360718,2.848414659500122,-0.2150261253118515,0.08402431011199951,-0.08649297058582306,-0.05336871767493589,-0.0010805511636880897,3.0407778047127727,0.46815288066864014,-0.042344849556684494,0.04537433013319969,3.0407778047127727,0.0,0.0,0.0,0.0,0.0,0.0,0.0015974942412939177,-0.0007892403973604055,-0.0011705885579458854,0.0,0.0,0.0,-0.05336871767493589,-0.0010805511636880897,3.0407778047127727,0.0,0.0,0.0,0.0,0.0,0.0,zero,0.0,0.0,0.0,0.0,0.0015974942412939177,-0.0007892403973604055,-0.0011705885579458854,-0.6518475268706349,0.0025468271079351207,0.22353926185509912,1,0.00119781494140625,,,,,,,,,,,,,,,,,,,,,,0.4748136110010819,2,radio://0/80/2M/E7E7E7E702,0.0,aborted,cf4 起飞前预检失败（电压或 EKF 对齐）,0.0,0.0,0.0,0,0.0,global_abort:cf4 起飞前预检失败（电压或 EKF 对齐）,,,,,
0.4748136110010819,1788688521.2195342,control,aborted,1,1,0.0007868539996707113,3.790029287338257,3790.0,0,20.0,0.4084544489996915,nan,1,0,1,1.0,-0.22223173081874847,0.44936636090278625,0.04247388616204262,0.02072628028690815,0.012797471135854721,0.0031278145033866167,8.491745948791504,5.7039103507995605,1.2248896360397339,-0.3595869541168213,0.5026379227638245,-0.03514659404754639,0.0028957178576137516,0.025799893413934755,-0.9868869721367397,-0.22223173081874847,0.44936636090278625,0.04247388616204262,-0.9868869721367397,0.0,0.0,0.0,0.0,0.0,0.0,0.0011364509353021892,-0.0008428787901260919,0.0006800653699385717,0.0,0.0,0.0,0.0028957178576137516,0.025799893413934755,-0.9868869721367397,0.0,0.0,0.0,0.0,0.0,0.0,zero,0.0,0.0,0.0,0.0,0.0011364509353021892,-0.0008428787901260919,0.0006800653699385717,0.6000441509862958,-0.9502239659206417,-0.19238108934773498,1,0.0013513565063476562,,,,,,,,,,,,,,,,,,,,,,0.4748136110010819,4,radio://0/80/2M/E7E7E7E704,2.0943951023931953,aborted,cf4 起飞前预检失败（电压或 EKF 对齐）,0.0,0.0,0.0,0,0.0,global_abort:cf4 起飞前预检失败（电压或 EKF 对齐）,,,,,
0.4748136110010819,1788688521.2196496,control,aborted,1,1,0.00010736300100688823,3.9747800827026367,3974.0,0,70.0,0.3693731260009372,3.9747800827026367,1,1,0,1.0566622335352516,-0.35984256863594055,-0.3916822671890259,0.03596160188317299,0.008403584361076355,-0.0196779053658247,0.01814860850572586,3.268071174621582,-8.268980979919434,7.947165012359619,0.4772687554359436,1.0485622882843018,0.0022478383034467697,-0.008353339089478976,-0.04080477443840343,0.9239086663131595,-0.35984256863594055,-0.3916822671890259,0.03596160188317299,0.9239086663131595,0.0,0.0,0.0,0.0,0.0,0.0,8.703801651113968e-05,-0.00037018951968659854,-0.00010546667225374922,0.0,0.0,0.0,-0.008353339089478976,-0.04080477443840343,0.9239086663131595,0.0,0.0,0.0,0.0,0.0,0.0,zero,0.0,0.0,0.0,0.0,8.703801651113968e-05,-0.00037018951968659854,-0.00010546667225374922,1.8984133943967896,-0.24478535172054286,-1.315650633365797,1,0.0014667510986328125,,,,,,,,,,,,,,,,,,,,,,0.4748136110010819,5,radio://0/80/2M/E7E7E7E705,4.1887902047863905,aborted,cf4 起飞前预检失败（电压或 EKF 对齐）,0.0,0.0,0.0,0,0.0,global_abort:cf4 起飞前预检失败（电压或 EKF 对齐）,,,,,
0.48898427700078173,1788688521.2335978,control,aborted,1,1,0.0038214020005398197,3.8850440979003906,3885.0,0,40.0,0.4604558060000272,3.8850440979003906,1,1,0,1.0810688100734358,0.46818798780441284,-0.04233825206756592,0.04532836377620697,-0.00012065249029546976,-0.0026108066085726023,0.003920283168554306,-0.6713703870773315,-1.129995346069336,2.239597797393799,-0.15484952926635742,0.048876695334911346,-0.06759648770093918,-0.052461702322210015,-0.002043845473257384,3.040913367928906,0.46818798780441284,-0.04233825206756592,0.04532836377620697,3.040913367928906,0.0,0.0,0.0,0.0,0.0,0.0,0.001152992794327159,-0.0010357969596586263,-0.0003322906626740842,0.0,0.0,0.0,-0.052461702322210015,-0.002043845473257384,3.040913367928906,0.0,0.0,0.0,0.0,0.0,0.0,zero,0.0,0.0,0.0,0.0,0.001152992794327159,-0.0010357969596586263,-0.0003322906626740842,-0.042059561825038096,-0.023329645035163143,0.079321321436824,1,0.0048465728759765625,,,,,,,,,,,,,,,,,,,,,,0.48898427700078173,2,radio://0/80/2M/E7E7E7E702,0.0,aborted,cf4 起飞前预检失败（电压或 EKF 对齐）,0.0,0.0,0.0,0,0.0,global_abort:cf4 起飞前预检失败（电压或 EKF 对齐）,,,,,
0.48898427700078173,1788688521.2339616,control,aborted,1,1,0.0040224889999080915,3.790029287338257,3790.0,0,20.0,0.42262511499939137,nan,1,0,1,1.0,-0.22227072715759277,0.4493344724178314,0.042502276599407196,0.015842929482460022,0.009634413756430149,0.003039606148377061,6.700968265533447,4.503260135650635,0.9782422184944153,-0.2787081003189087,0.37622368335723877,-0.03397352993488312,0.0033613073542769515,0.024433179308971615,-0.9872007314731671,-0.22227072715759277,0.4493344724178314,0.042502276599407196,-0.9872007314731671,0.0,0.0,0.0,0.0,0.0,0.0,0.0034430072529379337,0.0004463942474018189,0.0009099867992782174,0.0,0.0,0.0,0.0033613073542769515,0.024433179308971615,-0.9872007314731671,0.0,0.0,0.0,0.0,0.0,0.0,zero,0.0,0.0,0.0,0.0,0.0034430072529379337,0.0004463942474018189,0.0009099867992782174,0.21825069121043322,0.12199343646976936,0.021755597508628897,1,0.005210399627685547,,,,,,,,,,,,,,,,,,,,,,0.48898427700078173,4,radio://0/80/2M/E7E7E7E704,2.0943951023931953,aborted,cf4 起飞前预检失败（电压或 EKF 对齐）,0.0,0.0,0.0,0,0.0,global_abort:cf4 起飞前预检失败（电压或 EKF 对齐）,,,,,
0.48898427700078173,1788688521.2342093,control,aborted,1,1,0.004400359999635839,3.9747800827026367,3974.0,0,70.0,0.38354379200063704,3.9747800827026367,1,1,0,1.0566622335352516,-0.3598972260951996,-0.39161694049835205,0.03595450147986412,0.005688348785042763,-0.01450586598366499,0.014384495094418526,2.5630648136138916,-6.517292022705078,6.286487579345703,0.3707646429538727,0.8404355645179749,-0.003869581501930952,-0.008924932074433197,-0.04072358640319024,0.9236082889976952,-0.3598972260951996,-0.39161694049835205,0.03595450147986412,0.9236082889976952,0.0,0.0,0.0,0.0,0.0,0.0,0.0014839939183761961,-0.0025553071364950494,0.0015949979625399452,0.0,0.0,0.0,-0.008924932074433197,-0.04072358640319024,0.9236082889976952,0.0,0.0,0.0,0.0,0.0,0.0,zero,0.0,0.0,0.0,0.0,0.0014839939183761961,-0.0025553071364950494,0.0015949979625399452,0.13218259135552177,-0.20675993323821043,0.1609011577497627,1,0.00545811653137207,,,,,,,,,,,,,,,,,,,,,,0.48898427700078173,5,radio://0/80/2M/E7E7E7E705,4.1887902047863905,aborted,cf4 起飞前预检失败（电压或 EKF 对齐）,0.0,0.0,0.0,0,0.0,global_abort:cf4 起飞前预检失败（电压或 EKF 对齐）,,,,,
0.5032184009996854,1788688521.2478201,control,aborted,1,1,0.01805552599944349,3.8850440979003906,3885.0,0,40.0,0.4746899299989309,3.8850440979003906,1,1,0,1.0810688100734358,0.46818798780441284,-0.04233825206756592,0.04532836377620697,-0.00012065249029546976,-0.0026108066085726023,0.003920283168554306,-0.6713703870773315,-1.129995346069336,2.239597797393799,-0.15484952926635742,0.048876695334911346,-0.06759648770093918,-0.052461702322210015,-0.002043845473257384,3.040913367928906,0.46818798780441284,-0.04233825206756592,0.04532836377620697,3.040913367928906,0.0,0.0,0.0,0.0,0.0,0.0,0.001152992794327159,-0.0010357969596586263,-0.0003322906626740842,0.0,0.0,0.0,-0.052461702322210015,-0.002043845473257384,3.040913367928906,0.0,0.0,0.0,0.0,0.0,0.0,zero,0.0,0.0,0.0,0.0,0.001152992794327159,-0.0010357969596586263,-0.0003322906626740842,-0.042059561825038096,-0.023329645035163143,0.079321321436824,1,0.01906895637512207,,,,,,,,,,,,,,,,,,,,,,0.5032184009996854,2,radio://0/80/2M/E7E7E7E702,0.0,aborted,cf4 起飞前预检失败（电压或 EKF 对齐）,0.0,0.0,0.0,0,0.0,global_abort:cf4 起飞前预检失败（电压或 EKF 对齐）,,,,,
0.5032184009996854,1788688521.2480824,control,aborted,1,1,0.01825661299881176,3.790029287338257,3790.0,0,20.0,0.43685923899829504,nan,1,0,1,1.0,-0.22227072715759277,0.4493344724178314,0.042502276599407196,0.015842929482460022,0.009634413756430149,0.003039606148377061,6.700968265533447,4.503260135650635,0.9782422184944153,-0.2787081003189087,0.37622368335723877,-0.03397352993488312,0.0033613073542769515,0.024433179308971615,-0.9872007314731671,-0.22227072715759277,0.4493344724178314,0.042502276599407196,-0.9872007314731671,0.0,0.0,0.0,0.0,0.0,0.0,0.0034430072529379337,0.0004463942474018189,0.0009099867992782174,0.0,0.0,0.0,0.0033613073542769515,0.024433179308971615,-0.9872007314731671,0.0,0.0,0.0,0.0,0.0,0.0,zero,0.0,0.0,0.0,0.0,0.0034430072529379337,0.0004463942474018189,0.0009099867992782174,0.21825069121043322,0.12199343646976936,0.021755597508628897,1,0.01933121681213379,,,,,,,,,,,,,,,,,,,,,,0.5032184009996854,4,radio://0/80/2M/E7E7E7E704,2.0943951023931953,aborted,cf4 起飞前预检失败（电压或 EKF 对齐）,0.0,0.0,0.0,0,0.0,global_abort:cf4 起飞前预检失败（电压或 EKF 对齐）,,,,,
0.5032184009996854,1788688521.2482982,control,aborted,1,1,0.01863448399853951,3.9747800827026367,3974.0,0,70.0,0.3977779159995407,3.9747800827026367,1,1,0,1.0566622335352516,-0.3598972260951996,-0.39161694049835205,0.03595450147986412,0.005688348785042763,-0.01450586598366499,0.014384495094418526,2.5630648136138916,-6.517292022705078,6.286487579345703,0.3707646429538727,0.8404355645179749,-0.003869581501930952,-0.008924932074433197,-0.04072358640319024,0.9236082889976952,-0.3598972260951996,-0.39161694049835205,0.03595450147986412,0.9236082889976952,0.0,0.0,0.0,0.0,0.0,0.0,0.0014839939183761961,-0.0025553071364950494,0.0015949979625399452,0.0,0.0,0.0,-0.008924932074433197,-0.04072358640319024,0.9236082889976952,0.0,0.0,0.0,0.0,0.0,0.0,zero,0.0,0.0,0.0,0.0,0.0014839939183761961,-0.0025553071364950494,0.0015949979625399452,0.13218259135552177,-0.20675993323821043,0.1609011577497627,1,0.019546985626220703,,,,,,,,,,,,,,,,,,,,,,0.5032184009996854,5,radio://0/80/2M/E7E7E7E705,4.1887902047863905,aborted,cf4 起飞前预检失败（电压或 EKF 对齐）,0.0,0.0,0.0,0,0.0,global_abort:cf4 起飞前预检失败（电压或 EKF 对齐）,,,,,
0.517572939999809,1788688521.2621925,control,aborted,1,1,0.0015897819994279416,3.8850440979003906,3885.0,0,40.0,0.4890444689990545,3.8850440979003906,1,1,0,1.0810688100734358,0.46816304326057434,-0.042363591492176056,0.04533078148961067,-0.008749480359256268,0.004507845267653465,0.0019197356887161732,-4.709665775299072,2.8116893768310547,0.6006402969360352,0.10659532248973846,0.3143192231655121,0.13235658407211304,-0.05256614965785226,-0.0013247200732447232,3.0412787253194735,0.46816304326057434,-0.042363591492176056,0.04533078148961067,3.0412787253194735,0.0,0.0,0.0,0.0,0.0,0.0,-0.0020549707166671576,-0.0025554941714730217,0.005749341329584578,0.0,0.0,0.0,-0.05256614965785226,-0.0013247200732447232,3.0412787253194735,0.0,0.0,0.0,0.0,0.0,0.0,zero,0.0,0.0,0.0,0.0,-0.0020549707166671576,-0.0025554941714730217,0.005749341329584578,-0.15375123368107274,0.03542940992140395,0.11339905186023147,1,0.002628803253173828,,,,,,,,,,,,,,,,,,,,,,0.517572939999809,2,radio://0/80/2M/E7E7E7E702,0.0,aborted,cf4 起飞前预检失败（电压或 EKF 对齐）,0.0,0.0,0.0,0,0.0,global_abort:cf4 起飞前预检失败（电压或 EKF 对齐）,,,,,
0.517572939999809,1788688521.2624516,control,aborted,1,1,0.002106021998770302,3.790029287338257,3790.0,0,20.0,0.45121377799841866,nan,1,0,1,1.0,-0.2222893089056015,0.44934603571891785,0.04251784086227417,1.6537902411073446e-05,0.022374678403139114,-0.023460883647203445,-1.7899264097213745,10.595041275024414,-12.835421562194824,-0.38772279024124146,0.21553833782672882,0.38142603635787964,0.0029689240174293483,0.025256780518573618,-0.9872073637245952,-0.2222893089056015,0.44934603571891785,0.04251784086227417,-0.9872073637245952,0.0,0.0,0.0,0.0,0.0,0.0,0.019777165234201484,0.015078193808881635,0.0006693477108920154,0.0,0.0,0.0,0.0029689240174293483,0.025256780518573618,-0.9872073637245952,0.0,0.0,0.0,0.0,0.0,0.0,zero,0.0,0.0,0.0,0.0,0.019777165234201484,0.015078193808881635,0.0006693477108920154,0.22495187462463812,0.4640556140828753,-0.2632540546426091,1,0.0028879642486572266,,,,,,,,,,,,,,,,,,,,,,0.517572939999809,4,radio://0/80/2M/E7E7E7E704,2.0943951023931953,aborted,cf4 起飞前预检失败（电压或 EKF 对齐）,0.0,0.0,0.0,0,0.0,global_abort:cf4 起飞前预检失败（电压或 EKF 对齐）,,,,,
0.517572939999809,1788688521.2626722,control,aborted,1,1,0.0018200769991381094,3.9747800827026367,3974.0,0,70.0,0.41213245499966433,3.9747800827026367,1,1,0,1.0566622335352516,-0.35983189940452576,-0.39160141348838806,0.03590681403875351,0.013962269760668278,0.013937045820057392,-0.0181698277592659,6.126509189605713,8.365596771240234,-10.448452949523926,-0.5255855917930603,-0.6527023315429688,0.039245884865522385,-0.00899198819979245,-0.04123324990883937,0.9237154281674619,-0.35983189940452576,-0.39160141348838806,0.03590681403875351,0.9237154281674619,0.0,0.0,0.0,0.0,0.0,0.0,0.00927998225069216,-0.017180304446085433,0.01607939786370476,0.0,0.0,0.0,-0.00899198819979245,-0.04123324990883937,0.9237154281674619,0.0,0.0,0.0,0.0,0.0,0.0,zero,0.0,0.0,0.0,0.0,0.00927998225069216,-0.017180304446085433,0.01607939786370476,0.25016921626678185,-0.0668012431838182,0.03132926042807967,1,0.003108501434326172,,,,,,,,,,,,,,,,,,,,,,0.517572939999809,5,radio://0/80/2M/E7E7E7E705,4.1887902047863905,aborted,cf4 起飞前预检失败（电压或 EKF 对齐）,0.0,0.0,0.0,0,0.0,global_abort:cf4 起飞前预检失败（电压或 EKF 对齐）,,,,,
0.5318574360007915,1788688521.2764506,control,aborted,1,1,0.00785098999949696,3.8850440979003906,3885.0,0,40.0,0.503328965000037,3.8850440979003906,1,1,0,1.0810688100734358,0.46816685795783997,-0.042374320328235626,0.045351091772317886,-0.006908094044774771,0.0033489603083580732,0.002022902015596628,-3.723569631576538,2.221557378768921,0.48298653960227966,0.07718323171138763,0.2537662088871002,0.10384050011634827,-0.052903471506092634,-0.0012329989386267249,3.041188505176295,0.46816685795783997,-0.042374320328235626,0.045351091772317886,3.041188505176295,0.0,0.0,0.0,0.0,0.0,0.0,-0.003629357587132953,-0.0015940195232598214,0.005958052343193402,0.0,0.0,0.0,-0.052903471506092634,-0.0012329989386267249,3.041188505176295,0.0,0.0,0.0,0.0,0.0,0.0,zero,0.0,0.0,0.0,0.0,-0.003629357587132953,-0.0015940195232598214,0.005958052343193402,-0.18881046343976005,0.11530614064445642,0.02502994908284849,1,0.008548498153686523,,,,,,,,,,,,,,,,,,,,,,0.5318574360007915,2,radio://0/80/2M/E7E7E7E702,0.0,aborted,cf4 起飞前预检失败（电压或 EKF 对齐）,0.0,0.0,0.0,0,0.0,global_abort:cf4 起飞前预检失败（电压或 EKF 对齐）,,,,,
0.5318574360007915,1788688521.2766936,control,aborted,1,1,0.00762559900067572,3.790029287338257,3790.0,0,20.0,0.46549827399940114,nan,1,0,1,1.0,-0.2223011553287506,0.44934460520744324,0.04249153658747673,-0.00027088940260000527,0.017865434288978577,-0.019399577751755714,-1.4388346672058105,8.36788558959961,-10.17093276977539,-0.3076041638851166,0.14721733331680298,0.31267017126083374,0.0030839389039202377,0.024204558520690533,-0.9868964447234172,-0.2223011553287506,0.44934460520744324,0.04249153658747673,-0.9868964447234172,0.0,0.0,0.0,0.0,0.0,0.0,0.018896892899114878,0.018454208155413127,-0.0034349367647319154,0.0,0.0,0.0,0.0030839389039202377,0.024204558520690533,-0.9868964447234172,0.0,0.0,0.0,0.0,0.0,0.0,zero,0.0,0.0,0.0,0.0,0.018896892899114878,0.018454208155413127,-0.0034349367647319154,-0.10556784400249015,0.4048730622094819,-0.4922118371718235,1,0.008791446685791016,,,,,,,,,,,,,,,,,,,,,,0.5318574360007915,4,radio://0/80/2M/E7E7E7E704,2.0943951023931953,aborted,cf4 起飞前预检失败（电压或 EKF 对齐）,0.0,0.0,0.0,0,0.0,global_abort:cf4 起飞前预检失败（电压或 EKF 对齐）,,,,,
0.5318574360007915,1788688521.2768939,control,aborted,1,1,0.008134845000313362,3.9747800827026367,3974.0,0,70.0,0.4264169510006468,3.9747800827026367,1,1,0,1.0566622335352516,-0.359906941652298,-0.3916482925415039,0.03599884361028671,0.00937003456056118,0.010025308467447758,-0.012328662909567356,4.791069030761719,6.598659992218018,-8.218670845031738,-0.41425493359565735,-0.5292180776596069,0.033806901425123215,-0.008737179073874557,-0.041526553709915294,0.9238185748210735,-0.359906941652298,-0.3916482925415039,0.03599884361028671,0.9238185748210735,0.0,0.0,0.0,0.0,0.0,0.0,0.011110111262245181,-0.01425840367139799,0.01265425267355988,0.0,0.0,0.0,-0.008737179073874557,-0.041526553709915294,0.9238185748210735,0.0,0.0,0.0,0.0,0.0,0.0,zero,0.0,0.0,0.0,0.0,0.011110111262245181,-0.01425840367139799,0.01265425267355988,0.2194806837557294,0.35041288119387654,-0.41076514472480785,1,0.008991718292236328,,,,,,,,,,,,,,,,,,,,,,0.5318574360007915,5,radio://0/80/2M/E7E7E7E705,4.1887902047863905,aborted,cf4 起飞前预检失败（电压或 EKF 对齐）,0.0,0.0,0.0,0,0.0,global_abort:cf4 起飞前预检失败（电压或 EKF 对齐）,,,,,
0.5460930120007106,1788688521.290724,control,aborted,1,1,0.00933227700079442,3.8850440979003906,3885.0,0,40.0,0.5175645409999561,3.8850440979003906,1,1,0,1.0810688100734358,0.4681357741355896,-0.04236705228686333,0.045366834849119186,-0.0060157934203743935,0.0027935809921473265,0.0018661476206034422,-2.9648094177246094,1.768503189086914,0.38392162322998047,0.054608602076768875,0.20855118334293365,0.08676739037036896,-0.05335713579001885,-0.0008692169141711146,3.0414042162726718,0.4681357741355896,-0.04236705228686333,0.045366834849119186,3.0414042162726718,0.0,0.0,0.0,0.0,0.0,0.0,-0.005123078604956015,-2.9921651167087292e-05,0.005168002981110643,0.0,0.0,0.0,-0.05335713579001885,-0.0008692169141711146,3.0414042162726718,0.0,0.0,0.0,0.0,0.0,0.0,zero,0.0,0.0,0.0,0.0,-0.005123078604956015,-2.9921651167087292e-05,0.005168002981110643,-0.11757976202873918,0.12311954735586748,-0.06218953531231071,1,0.01011800765991211,,,,,,,,,,,,,,,,,,,,,,0.5460930120007106,2,radio://0/80/2M/E7E7E7E702,0.0,aborted,cf4 起飞前预检失败（电压或 EKF 对齐）,0.0,0.0,0.0,0,0.0,global_abort:cf4 起飞前预检失败（电压或 EKF 对齐）,,,,,
0.5460930120007106,1788688521.2909896,control,aborted,1,1,0.00965493100011372,3.790029287338257,3790.0,0,20.0,0.4797338499993202,nan,1,0,1,1.0,-0.22230800986289978,0.4493551254272461,0.042476389557123184,-0.0003246149281039834,0.014457955956459045,-0.015758106485009193,-1.1519135236740112,6.6406683921813965,-8.079422950744629,-0.25003519654273987,0.12424786388874054,0.2549392580986023,0.0028403760844808593,0.02461491275645499,-0.9865900065352428,-0.22230800986289978,0.4493551254272461,0.042476389557123184,-0.9865900065352428,0.0,0.0,0.0,0.0,0.0,0.0,0.014269063779770575,0.01991996259786881,-0.008856237077119588,0.0,0.0,0.0,0.0028403760844808593,0.02461491275645499,-0.9865900065352428,0.0,0.0,0.0,0.0,0.0,0.0,zero,0.0,0.0,0.0,0.0,0.014269063779770575,0.01991996259786881,-0.008856237077119588,-0.3642842539333062,0.11537834473781323,-0.42674314213363984,1,0.01038360595703125,,,,,,,,,,,,,,,,,,,,,,0.5460930120007106,4,radio://0/80/2M/E7E7E7E704,2.0943951023931953,aborted,cf4 起飞前预检失败（电压或 EKF 对齐）,0.0,0.0,0.0,0,0.0,global_abort:cf4 起飞前预检失败（电压或 EKF 对齐）,,,,,
0.5460930120007106,1788688521.2911959,control,aborted,1,1,0.009110189999773866,3.9747800827026367,3974.0,0,70.0,0.4406525270005659,3.9747800827026367,1,1,0,1.0566622335352516,-0.3598540127277374,-0.3916841149330139,0.035943128168582916,0.008329229429364204,0.00745633477345109,-0.010739997029304504,3.8164708614349365,5.238487720489502,-6.549928188323975,-0.32655495405197144,-0.423827201128006,0.03152116760611534,-0.008440973330244145,-0.04155287207427224,0.9241033123507986,-0.3598540127277374,-0.3916841149330139,0.035943128168582916,0.9241033123507986,0.0,0.0,0.0,0.0,0.0,0.0,0.011753733837442024,-0.007483257113188578,0.005334665531218224,0.0,0.0,0.0,-0.008440973330244145,-0.04155287207427224,0.9241033123507986,0.0,0.0,0.0,0.0,0.0,0.0,zero,0.0,0.0,0.0,0.0,0.011753733837442024,-0.007483257113188578,0.005334665531218224,0.05066340255308198,0.5333125198874703,-0.5761687116108434,1,0.010589838027954102,,,,,,,,,,,,,,,,,,,,,,0.5460930120007106,5,radio://0/80/2M/E7E7E7E705,4.1887902047863905,aborted,cf4 起飞前预检失败（电压或 EKF 对齐）,0.0,0.0,0.0,0,0.0,global_abort:cf4 起飞前预检失败（电压或 EKF 对齐）,,,,,
0.5603534300007595,1788688521.3049915,control,aborted,1,1,0.005797754000013811,3.8850440979003906,3885.0,0,40.0,0.531824959000005,3.8850440979003906,1,1,0,1.0810688100734358,0.4681806266307831,-0.04232252016663551,0.04527025669813156,-0.0020843958482146263,0.0049627600237727165,-0.003958742134273052,-1.74582040309906,1.2837159633636475,-0.05214047431945801,0.04798763617873192,0.07258035987615585,0.05917254462838173,-0.05292474475900345,-0.0019843475933668483,3.041063124115054,0.4681806266307831,-0.04232252016663551,0.04527025669813156,3.041063124115054,0.0,0.0,0.0,0.0,0.0,0.0,-0.00655596248384747,0.00251763221704483,0.0028402178214917686,0.0,0.0,0.0,-0.05292474475900345,-0.0019843475933668483,3.041063124115054,0.0,0.0,0.0,0.0,0.0,0.0,zero,0.0,0.0,0.0,0.0,-0.00655596248384747,0.00251763221704483,0.0028402178214917686,-0.16556989271884315,0.31023188000444296,-0.29160882872991745,1,0.006223917007446289,,,,,,,,,,,,,,,,,,,,,,0.5603534300007595,2,radio://0/80/2M/E7E7E7E702,0.0,aborted,cf4 起飞前预检失败（电压或 EKF 对齐）,0.0,0.0,0.0,0,0.0,global_abort:cf4 起飞前预检失败（电压或 EKF 对齐）,,,,,
0.5603534300007595,1788688521.3052688,control,aborted,1,1,0.005319593999956851,3.790029287338257,3790.0,0,20.0,0.4939942679993692,nan,1,0,1,1.0,-0.2223138064146042,0.4493464231491089,0.04246770963072777,-0.002320095431059599,0.009705033153295517,-0.012489143759012222,-0.8727476596832275,4.130189895629883,-5.156376838684082,-0.20567572116851807,0.06597037613391876,0.15141816437244415,0.0029752732882527702,0.02547891377393942,-0.9871613794368268,-0.2223138064146042,0.4493464231491089,0.04246770963072777,-0.9871613794368268,0.0,0.0,0.0,0.0,0.0,0.0,0.0035415287464446825,0.018148092722108145,-0.01622543590151193,0.0,0.0,0.0,0.0029752732882527702,0.02547891377393942,-0.9871613794368268,0.0,0.0,0.0,0.0,0.0,0.0,zero,0.0,0.0,0.0,0.0,0.0035415287464446825,0.018148092722108145,-0.01622543590151193,-1.3146669769391952,-0.238160425256848,-0.8815615406232745,1,0.006501197814941406,,,,,,,,,,,,,,,,,,,,,,0.5603534300007595,4,radio://0/80/2M/E7E7E7E704,2.0943951023931953,aborted,cf4 起飞前预检失败（电压或 EKF 对齐）,0.0,0.0,0.0,0,0.0,global_abort:cf4 起飞前预检失败（电压或 EKF 对齐）,,,,,
0.5603534300007595,1788688521.3055065,control,aborted,1,1,0.005550873000174761,3.9747800827026367,3974.0,0,70.0,0.45491294500061485,3.9747800827026367,1,1,0,1.0566622335352516,-0.35990893840789795,-0.39160916209220886,0.03590235486626625,0.0015244558453559875,0.006940012332051992,-0.008673910051584244,2.1347808837890625,3.3627779483795166,-4.167033672332764,-0.1923382580280304,-0.252341628074646,0.018887465819716454,-0.010013580880115851,-0.042384299764520426,0.9235522619026229,-0.35990893840789795,-0.39160916209220886,0.03590235486626625,0.9235522619026229,0.0,0.0,0.0,0.0,0.0,0.0,0.01036807609626613,0.005246598083530415,-0.008089067444744354,0.0,0.0,0.0,-0.010013580880115851,-0.042384299764520426,0.9235522619026229,0.0,0.0,0.0,0.0,0.0,0.0,zero,0.0,0.0,0.0,0.0,0.01036807609626613,0.005246598083530415,-0.008089067444744354,-0.18399120102536037,1.5486127875032232,-1.6308449154079656,1,0.006738901138305664,,,,,,,,,,,,,,,,,,,,,,0.5603534300007595,5,radio://0/80/2M/E7E7E7E705,4.1887902047863905,aborted,cf4 起飞前预检失败（电压或 EKF 对齐）,0.0,0.0,0.0,0,0.0,global_abort:cf4 起飞前预检失败（电压或 EKF 对齐）,,,,,
0.5746434280008543,1788688521.319305,control,aborted,1,1,0.010837861000254634,3.8850440979003906,3885.0,0,40.0,0.5461149570000998,3.8850440979003906,1,1,0,1.0810688100734358,0.4681575298309326,-0.04234873130917549,0.04530162736773491,-0.0021702605299651623,0.003399675013497472,-0.0024841544218361378,-1.398525357246399,0.992949366569519,-0.009615302085876465,0.04088988155126572,0.056843239814043045,0.046368710696697235,-0.05280981503868969,-0.002042719028774355,3.041021622246007,0.4681575298309326,-0.04234873130917549,0.04530162736773491,3.041021622246007,0.0,0.0,0.0,0.0,0.0,0.0,-0.006420663910883977,0.0033316021464810403,0.0015910508552974116,0.0,0.0,0.0,-0.05280981503868969,-0.002042719028774355,3.041021622246007,0.0,0.0,0.0,0.0,0.0,0.0,zero,0.0,0.0,0.0,0.0,-0.006420663910883977,0.0033316021464810403,0.0015910508552974116,0.01472682165814792,0.08859805187403369,-0.13596787260540968,1,0.011350154876708984,,,,,,,,,,,,,,,,,,,,,,0.5746434280008543,2,radio://0/80/2M/E7E7E7E702,0.0,aborted,cf4 起飞前预检失败（电压或 EKF 对齐）,0.0,0.0,0.0,0,0.0,global_abort:cf4 起飞前预检失败（电压或 EKF 对齐）,,,,,
0.5746434280008543,1788688521.3195965,control,aborted,1,1,0.010264259999530623,3.790029287338257,3790.0,0,20.0,0.508284265999464,nan,1,0,1,1.0,-0.2223093956708908,0.449336975812912,0.04254785552620888,-0.0017600685823708773,0.007558388169854879,-0.00824679434299469,-0.6860081553459167,3.2574265003204346,-4.032759189605713,-0.16040417551994324,0.05551350116729736,0.12902015447616577,0.0031745712713611633,0.025603549505595718,-0.9867985454263669,-0.2223093956708908,0.449336975812912,0.04254785552620888,-0.9867985454263669,0.0,0.0,0.0,0.0,0.0,0.0,0.00015419354770882313,0.016567605846964623,-0.01744860277801278,0.0,0.0,0.0,0.0031745712713611633,0.025603549505595718,-0.9867985454263669,0.0,0.0,0.0,0.0,0.0,0.0,zero,0.0,0.0,0.0,0.0,0.00015419354770882313,0.016567605846964623,-0.01744860277801278,-0.36870072075046995,-0.17203099658384743,-0.1331378450919971,1,0.011641740798950195,,,,,,,,,,,,,,,,,,,,,,0.5746434280008543,4,radio://0/80/2M/E7E7E7E704,2.0943951023931953,aborted,cf4 起飞前预检失败（电压或 EKF 对齐）,0.0,0.0,0.0,0,0.0,global_abort:cf4 起飞前预检失败（电压或 EKF 对齐）,,,,,
0.5746434280008543,1788688521.3198998,control,aborted,1,1,0.010518155000681872,3.9747800827026367,3974.0,0,70.0,0.46920294300070964,3.9747800827026367,1,1,0,1.0566622335352516,-0.3599066734313965,-0.3916395306587219,0.035915303975343704,0.0012688660062849522,0.004890982992947102,-0.006657266989350319,1.7022613286972046,2.6456217765808105,-3.289731025695801,-0.15353883802890778,-0.226823091506958,0.020473439246416092,-0.010009423165606903,-0.043528004444417366,0.9238104008930249,-0.3599066734313965,-0.3916395306587219,0.035915303975343704,0.9238104008930249,0.0,0.0,0.0,0.0,0.0,0.0,0.009031088578016752,0.0086224935315973,-0.011511379453434875,0.0,0.0,0.0,-0.010009423165606903,-0.043528004444417366,0.9238104008930249,0.0,0.0,0.0,0.0,0.0,0.0,zero,0.0,0.0,0.0,0.0,0.009031088578016752,0.0086224935315973,-0.011511379453434875,-0.14552686188154468,0.3674555400791178,-0.37250783586699243,1,0.011945009231567383,,,,,,,,,,,,,,,,,,,,,,0.5746434280008543,5,radio://0/80/2M/E7E7E7E705,4.1887902047863905,aborted,cf4 起飞前预检失败（电压或 EKF 对齐）,0.0,0.0,0.0,0,0.0,global_abort:cf4 起飞前预检失败（电压或 EKF 对齐）,,,,,
0.5889213669997844,1788688521.3335629,control,aborted,1,1,0.004612461998476647,3.8850440979003906,3885.0,0,40.0,0.5603928959990299,3.8850440979003906,1,1,0,1.0810688100734358,0.4681398868560791,-0.04233017936348915,0.04530657082796097,-0.0035558489616960287,0.00982467457652092,-0.0035088551230728626,-1.35738205909729,2.5827646255493164,-0.4483347535133362,0.3138592541217804,0.19079789519309998,0.11595436930656433,-0.05171400275110554,-0.0012349086554425423,3.04149522098818,0.4681398868560791,-0.04233017936348915,0.04530657082796097,3.04149522098818,0.0,0.0,0.0,0.0,0.0,0.0,-0.002594758368087256,0.004049098605750681,-0.002848200669682401,0.0,0.0,0.0,-0.05171400275110554,-0.0012349086554425423,3.04149522098818,0.0,0.0,0.0,0.0,0.0,0.0,zero,0.0,0.0,0.0,0.0,-0.002594758368087256,0.004049098605750681,-0.002848200669682401,2.5361097630101996,0.47598337646781297,-2.9421817365633207,1,0.005667448043823242,,,,,,,,,,,,,,,,,,,,,,0.5889213669997844,2,radio://0/80/2M/E7E7E7E702,0.0,aborted,cf4 起飞前预检失败（电压或 EKF 对齐）,0.0,0.0,0.0,0,0.0,global_abort:cf4 起飞前预检失败（电压或 EKF 对齐）,,,,,
0.5889213669997844,1788688521.3339097,control,aborted,1,1,0.004978866998499143,3.790029287338257,3790.0,0,20.0,0.522562204998394,nan,1,0,1,1.0,-0.22229209542274475,0.44936349987983704,0.042488034814596176,-0.01521149929612875,0.0010420912876725197,0.01048542931675911,-4.372783660888672,0.6013592481613159,2.395772933959961,-0.297730028629303,-0.14811453223228455,-0.34533318877220154,0.0027513485947448517,0.02426172977150142,-0.9878880972296956,-0.22229209542274475,0.44936349987983704,0.042488034814596176,-0.9878880972296956,0.0,0.0,0.0,0.0,0.0,0.0,-0.0034204382663644076,0.008095460269162247,-0.011096287565760914,0.0,0.0,0.0,0.0027513485947448517,0.02426172977150142,-0.9878880972296956,0.0,0.0,0.0,0.0,0.0,0.0,zero,0.0,0.0,0.0,0.0,-0.0034204382663644076,0.008095460269162247,-0.011096287565760914,-2.370207346468307,-5.617546692504111,4.216034813724599,1,0.006014347076416016,,,,,,,,,,,,,,,,,,,,,,0.5889213669997844,4,radio://0/80/2M/E7E7E7E704,2.0943951023931953,aborted,cf4 起飞前预检失败（电压或 EKF 对齐）,0.0,0.0,0.0,0,0.0,global_abort:cf4 起飞前预检失败（电压或 EKF 对齐）,,,,,
0.5889213669997844,1788688521.3341992,control,aborted,1,1,0.00479813399942941,3.9747800827026367,3974.0,0,70.0,0.4834808819996397,3.9747800827026367,1,1,0,1.0566622335352516,-0.3598773777484894,-0.39160212874412537,0.035914644598960876,0.020722605288028717,0.017072144895792007,-0.007726561278104782,6.553324222564697,5.291250705718994,-2.7792439460754395,0.1607048511505127,0.24330008029937744,0.16046111285686493,-0.008065320867039923,-0.040352029049751346,0.9240788678714327,-0.3598773777484894,-0.39160212874412537,0.035914644598960876,0.9240788678714327,0.0,0.0,0.0,0.0,0.0,0.0,0.0014534851209960977,0.007647436925142078,-0.009517456930088812,0.0,0.0,0.0,-0.008065320867039923,-0.040352029049751346,0.9240788678714327,0.0,0.0,0.0,0.0,0.0,0.0,zero,0.0,0.0,0.0,0.0,0.0014534851209960977,0.007647436925142078,-0.009517456930088812,-5.019606264050327,-0.6464963430796022,1.3240092267285943,1,0.0063037872314453125,,,,,,,,,,,,,,,,,,,,,,0.5889213669997844,5,radio://0/80/2M/E7E7E7E705,4.1887902047863905,aborted,cf4 起飞前预检失败（电压或 EKF 对齐）,0.0,0.0,0.0,0,0.0,global_abort:cf4 起飞前预检失败（电压或 EKF 对齐）,,,,,
0.603206746000069,1788688521.3478477,control,aborted,1,1,0.009497989998635603,3.8850440979003906,3885.0,0,40.0,0.5746782749993145,3.8850440979003906,1,1,0,1.0810688100734358,0.4681856632232666,-0.04237405210733414,0.04535352438688278,-0.0019158024806529284,0.0069694905541837215,-0.001854320289567113,-1.0526264905929565,2.008275270462036,-0.32509464025497437,0.2332635223865509,0.16186931729316711,0.08415067940950394,-0.052591931721563095,-0.0008027363978539008,3.0410476375151507,0.4681856632232666,-0.04237405210733414,0.04535352438688278,3.0410476375151507,0.0,0.0,0.0,0.0,0.0,0.0,-0.0015986078989589313,0.004704346984320656,-0.0040004229934284645,0.0,0.0,0.0,-0.052591931721563095,-0.0008027363978539008,3.0410476375151507,0.0,0.0,0.0,0.0,0.0,0.0,zero,0.0,0.0,0.0,0.0,-0.0015986078989589313,0.004704346984320656,-0.0040004229934284645,0.10105594140202705,0.06647263019058078,-0.11688887897877395,1,0.010094881057739258,,,,,,,,,,,,,,,,,,,,,,0.603206746000069,2,radio://0/80/2M/E7E7E7E702,0.0,aborted,cf4 起飞前预检失败（电压或 EKF 对齐）,0.0,0.0,0.0,0,0.0,global_abort:cf4 起飞前预检失败（电压或 EKF 对齐）,,,,,
0.603206746000069,1788688521.3483572,control,aborted,1,1,0.009210778998749447,3.790029287338257,3790.0,0,20.0,0.5368475839986786,nan,1,0,1,1.0,-0.22228403389453888,0.4493183195590973,0.04247596487402916,-0.012005618773400784,-8.310895645990968e-05,0.008143424987792969,-3.4331743717193604,0.4582552909851074,1.8690953254699707,-0.24684080481529236,-0.11789906024932861,-0.2649809420108795,0.002338235213913996,0.024289518210080734,-0.9873317188590373,-0.22228403389453888,0.4493183195590973,0.04247596487402916,-0.9873317188590373,0.0,0.0,0.0,0.0,0.0,0.0,-0.005416652049636133,0.00499802289707852,-0.007070438850926373,0.0,0.0,0.0,0.002338235213913996,0.024289518210080734,-0.9873317188590373,0.0,0.0,0.0,0.0,0.0,0.0,zero,0.0,0.0,0.0,0.0,-0.005416652049636133,0.00499802289707852,-0.007070438850926373,-0.20250882708989554,-0.3142240648078428,0.40840811145302636,1,0.010604381561279297,,,,,,,,,,,,,,,,,,,,,,0.603206746000069,4,radio://0/80/2M/E7E7E7E704,2.0943951023931953,aborted,cf4 起飞前预检失败（电压或 EKF 对齐）,0.0,0.0,0.0,0,0.0,global_abort:cf4 起飞前预检失败（电压或 EKF 对齐）,,,,,
0.603206746000069,1788688521.3486428,control,aborted,1,1,0.008980849999716156,3.9747800827026367,3974.0,0,70.0,0.49776626099992427,3.9747800827026367,1,1,0,1.0566622335352516,-0.3598913252353668,-0.39163559675216675,0.03598582744598389,0.016295066103339195,0.012978595681488514,-0.0047368332743644714,5.152817726135254,4.149936199188232,-2.162728786468506,0.11340228468179703,0.18190361559391022,0.1275089681148529,-0.008810998390376044,-0.04098003466185294,0.9240417858061193,-0.3598913252353668,-0.39163559675216675,0.03598582744598389,0.9240417858061193,0.0,0.0,0.0,0.0,0.0,0.0,0.0013186436473771462,0.008112899828968751,-0.00853591323923941,0.0,0.0,0.0,-0.008810998390376044,-0.04098003466185294,0.9240417858061193,0.0,0.0,0.0,0.0,0.0,0.0,zero,0.0,0.0,0.0,0.0,0.0013186436473771462,0.008112899828968751,-0.00853591323923941,-0.01367919052281685,0.04721956510755424,0.09957413541430424,1,0.010890007019042969,,,,,,,,,,,,,,,,,,,,,,0.603206746000069,5,radio://0/80/2M/E7E7E7E705,4.1887902047863905,aborted,cf4 起飞前预检失败（电压或 EKF 对齐）,0.0,0.0,0.0,0,0.0,global_abort:cf4 起飞前预检失败（电压或 EKF 对齐）,,,,,
0.6174668430012389,1788688521.3621438,control,aborted,1,1,0.0024145130009856075,3.8850440979003906,3885.0,0,40.0,0.5889383720004844,3.8850440979003906,1,1,0,1.0810688100734358,0.4681498408317566,-0.042337194085121155,0.045348502695560455,-0.001135433791205287,0.0012652764562517405,-0.003255009651184082,-0.6005787253379822,0.8189735412597656,-0.3809787631034851,0.20258952677249908,0.05720743164420128,0.13283568620681763,-0.052413051521384056,-0.0019224979985426557,3.0414655231360026,0.4681498408317566,-0.042337194085121155,0.045348502695560455,3.0414655231360026,0.0,0.0,0.0,0.0,0.0,0.0,-0.0016429756259789751,0.007432680547764176,-0.0030827203225729945,0.0,0.0,0.0,-0.052413051521384056,-0.0019224979985426557,3.0414655231360026,0.0,0.0,0.0,0.0,0.0,0.0,zero,0.0,0.0,0.0,0.0,-0.0016429756259789751,0.007432680547764176,-0.0030827203225729945,-0.009537467183938015,0.5690819544295974,0.19551406371708197,1,0.00281524658203125,,,,,,,,,,,,,,,,,,,,,,0.6174668430012389,2,radio://0/80/2M/E7E7E7E702,0.0,aborted,cf4 起飞前预检失败（电压或 EKF 对齐）,0.0,0.0,0.0,0,0.0,global_abort:cf4 起飞前预检失败（电压或 EKF 对齐）,,,,,
0.6174668430012389,1788688521.36243,control,aborted,1,1,0.0021154960013518576,3.790029287338257,3790.0,0,20.0,0.5511076809998485,nan,1,0,1,1.0,-0.22227494418621063,0.44934818148612976,0.0424959622323513,-0.005189997144043446,-0.001249091001227498,0.007177276536822319,-1.763159155845642,0.14698973298072815,1.2440540790557861,-0.12032994627952576,0.026236556470394135,-0.17152656614780426,0.003309751636414861,0.024981293600495967,-0.9867402773929312,-0.22227494418621063,0.44934818148612976,0.0424959622323513,-0.9867402773929312,0.0,0.0,0.0,0.0,0.0,0.0,-0.012257343480987047,-0.0006828287199718524,0.008097789422849853,0.0,0.0,0.0,0.003309751636414861,0.024981293600495967,-0.9867402773929312,0.0,0.0,0.0,0.0,0.0,0.0,zero,0.0,0.0,0.0,0.0,-0.012257343480987047,-0.0006828287199718524,0.008097789422849853,-1.4320327272631928,-1.1934877009923308,3.187723638500303,1,0.0031015872955322266,,,,,,,,,,,,,,,,,,,,,,0.6174668430012389,4,radio://0/80/2M/E7E7E7E704,2.0943951023931953,aborted,cf4 起飞前预检失败（电压或 EKF 对齐）,0.0,0.0,0.0,0,0.0,global_abort:cf4 起飞前预检失败（电压或 EKF 对齐）,,,,,
0.6174668430012389,1788688521.362657,control,aborted,1,1,0.0019225810010539135,3.9747800827026367,3974.0,0,70.0,0.5120263580010942,3.9747800827026367,1,1,0,1.0566622335352516,-0.3598819673061371,-0.39159855246543884,0.03593631461262703,0.005985615309327841,0.010563880205154419,-0.0013701131101697683,2.58235764503479,2.6396825313568115,-1.0956192016601562,0.07337553054094315,0.1422722488641739,0.10783363878726959,-0.008578667135933209,-0.040257370824391306,0.9243370937815661,-0.3598819673061371,-0.39159855246543884,0.03593631461262703,0.9243370937815661,0.0,0.0,0.0,0.0,0.0,0.0,0.014132154856863102,0.012775349261122417,-0.005370287768774014,0.0,0.0,0.0,-0.008578667135933209,-0.040257370824391306,0.9243370937815661,0.0,0.0,0.0,0.0,0.0,0.0,zero,0.0,0.0,0.0,0.0,0.014132154856863102,0.012775349261122417,-0.005370287768774014,2.691031693947531,0.9770073755535723,0.6691146416976276,1,0.003328561782836914,,,,,,,,,,,,,,,,,,,,,,0.6174668430012389,5,radio://0/80/2M/E7E7E7E705,4.1887902047863905,aborted,cf4 起飞前预检失败（电压或 EKF 对齐）,0.0,0.0,0.0,0,0.0,global_abort:cf4 起飞前预检失败（电压或 EKF 对齐）,,,,,
0.6318060850007896,1788688521.3764164,control,aborted,1,1,0.003994136000983417,3.8850440979003906,3885.0,0,40.0,0.6032776140000351,3.8850440979003906,1,1,0,1.0810688100734358,0.4681206941604614,-0.0423574298620224,0.04530047997832298,-0.001369235571473837,0.0006922382162883878,-0.003363378345966339,-0.48416003584861755,0.6461175680160522,-0.30649662017822266,0.15877000987529755,0.05037688463926315,0.10391132533550262,-0.05262155371224594,-0.0016391288640380823,3.0413013475063417,0.4681206941604614,-0.0423574298620224,0.04530047997832298,3.0413013475063417,0.0,0.0,0.0,0.0,0.0,0.0,-0.0015988606765984935,0.00690634275304915,-0.002819626613328138,0.0,0.0,0.0,-0.05262155371224594,-0.0016391288640380823,3.0413013475063417,0.0,0.0,0.0,0.0,0.0,0.0,zero,0.0,0.0,0.0,0.0,-0.0015988606765984935,0.00690634275304915,-0.002819626613328138,0.0034879358450932447,-0.04161474707769063,0.02080142881224037,1,0.0044400691986083984,,,,,,,,,,,,,,,,,,,,,,0.6318060850007896,2,radio://0/80/2M/E7E7E7E702,0.0,aborted,cf4 起飞前预检失败（电压或 EKF 对齐）,0.0,0.0,0.0,0,0.0,global_abort:cf4 起飞前预检失败（电压或 EKF 对齐）,,,,,
0.6318060850007896,1788688521.3766775,control,aborted,1,1,0.0036757039997610264,3.790029287338257,3790.0,0,20.0,0.5654469229993992,nan,1,0,1,1.0,-0.22228382527828217,0.44936373829841614,0.04246751219034195,-0.004292432218790054,-0.0007532770396210253,0.005291948094964027,-1.3963344097137451,0.12543196976184845,0.9654310345649719,-0.0901181623339653,0.01668817736208439,-0.1429819017648697,0.0036893340569929475,0.0247105696342006,-0.9871056512924357,-0.22228382527828217,0.44936373829841614,0.04246751219034195,-0.9871056512924357,0.0,0.0,0.0,0.0,0.0,0.0,-0.012363383201019823,-0.0018991210414401986,0.010989300264110732,0.0,0.0,0.0,0.0036893340569929475,0.0247105696342006,-0.9871056512924357,0.0,0.0,0.0,0.0,0.0,0.0,zero,0.0,0.0,0.0,0.0,-0.012363383201019823,-0.0018991210414401986,0.010989300264110732,-0.008384000111073708,-0.09616580423955155,0.22861647698437046,1,0.004701137542724609,,,,,,,,,,,,,,,,,,,,,,0.6318060850007896,4,radio://0/80/2M/E7E7E7E704,2.0943951023931953,aborted,cf4 起飞前预检失败（电压或 EKF 对齐）,0.0,0.0,0.0,0,0.0,global_abort:cf4 起飞前预检失败（电压或 EKF 对齐）,,,,,
0.6318060850007896,1788688521.3768973,control,aborted,1,1,0.003509991000100854,3.9747800827026367,3974.0,0,70.0,0.5263656000006449,3.9747800827026367,1,1,0,1.0566622335352516,-0.35988330841064453,-0.391614705324173,0.03593078628182411,0.004767285659909248,0.008195683360099792,-0.0011835085460916162,2.046621084213257,2.07429838180542,-0.8735446333885193,0.07312360405921936,0.1255849003791809,0.08364012837409973,-0.0076596691496992496,-0.03951459367168739,0.9241647122293251,-0.35988330841064453,-0.391614705324173,0.03593078628182411,0.9241647122293251,0.0,0.0,0.0,0.0,0.0,0.0,0.01543092790144316,0.013148691487050262,-0.003978044981847298,0.0,0.0,0.0,-0.0076596691496992496,-0.03951459367168739,0.9241647122293251,0.0,0.0,0.0,0.0,0.0,0.0,zero,0.0,0.0,0.0,0.0,0.01543092790144316,0.013148691487050262,-0.003978044981847298,0.10268711900270157,0.02951819622571702,0.11007727742611306,1,0.00492095947265625,,,,,,,,,,,,,,,,,,,,,,0.6318060850007896,5,radio://0/80/2M/E7E7E7E705,4.1887902047863905,aborted,cf4 起飞前预检失败（电压或 EKF 对齐）,0.0,0.0,0.0,0,0.0,global_abort:cf4 起飞前预检失败（电压或 EKF 对齐）,,,,,
0.6461864829998376,1788688521.3910306,control,aborted,1,1,0.011672521999571472,3.8850440979003906,3885.0,0,40.0,0.6176580119990831,3.8850440979003906,1,1,0,1.0810688100734358,0.46815231442451477,-0.042346131056547165,0.045328084379434586,-0.00015553075354546309,0.0008896280778571963,-0.0018702095840126276,-0.3512527644634247,0.5227611064910889,-0.20081543922424316,0.13373984396457672,0.03327079862356186,0.09445275366306305,-0.052396025361456,-0.0018553464249871255,3.041694213011116,0.46815231442451477,-0.042346131056547165,0.045328084379434586,3.041694213011116,0.0,0.0,0.0,0.0,0.0,0.0,-0.0015271946643380485,0.006125947641865147,-0.002656826147531806,0.0,0.0,0.0,-0.052396025361456,-0.0018553464249871255,3.041694213011116,0.0,0.0,0.0,0.0,0.0,0.0,zero,0.0,0.0,0.0,0.0,-0.0015271946643380485,0.006125947641865147,-0.002656826147531806,0.01065087668797511,-0.11598094877824076,0.024195118875041388,1,0.012325525283813477,,,,,,,,,,,,,,,,,,,,,,0.6461864829998376,2,radio://0/80/2M/E7E7E7E702,0.0,aborted,cf4 起飞前预检失败（电压或 EKF 对齐）,0.0,0.0,0.0,0,0.0,global_abort:cf4 起飞前预检失败（电压或 EKF 对齐）,,,,,
0.6461864829998376,1788688521.3913305,control,aborted,1,1,0.00010991899944201577,3.790029287338257,3790.0,0,20.0,0.5798273209984472,nan,1,0,1,1.0,-0.22231900691986084,0.449402391910553,0.04243624210357666,-0.0035655302926898003,0.00013412151020020247,0.002669976558536291,-0.8815531730651855,0.09495526552200317,0.5602934956550598,-0.0805385559797287,0.015230745077133179,-0.09272575378417969,0.002543069402965399,0.025202820256672198,-0.9870519543272598,-0.22231900691986084,0.449402391910553,0.04243624210357666,-0.9870519543272598,0.0,0.0,0.0,0.0,0.0,0.0,-0.01020616544907795,-0.0026136328690768117,0.011599584605584932,0.0,0.0,0.0,0.002543069402965399,0.025202820256672198,-0.9870519543272598,0.0,0.0,0.0,0.0,0.0,0.0,zero,0.0,0.0,0.0,0.0,-0.01020616544907795,-0.0026136328690768117,0.011599584605584932,0.14566687492939123,0.0012897326405751676,-0.07727265811589099,1,0.0012073516845703125,,,,,,,,,,,,,,,,,,,,,,0.6461864829998376,4,radio://0/80/2M/E7E7E7E704,2.0943951023931953,aborted,cf4 起飞前预检失败（电压或 EKF 对齐）,0.0,0.0,0.0,0,0.0,global_abort:cf4 起飞前预检失败（电压或 EKF 对齐）,,,,,
0.6461864829998376,1788688521.391558,control,aborted,1,1,0.00019704799888131674,3.9747800827026367,3974.0,0,70.0,0.5407459979996929,3.9747800827026367,1,1,0,1.0566622335352516,-0.3598814606666565,-0.39162540435791016,0.03593717887997627,0.002943451050668955,0.004915054887533188,-0.000871744763571769,1.2677594423294067,1.2555781602859497,-0.5588509440422058,0.02400047890841961,0.03642971068620682,0.05035456269979477,-0.00851952834693881,-0.04165953019916054,0.9240078116304139,-0.3598814606666565,-0.39162540435791016,0.03593717887997627,0.9240078116304139,0.0,0.0,0.0,0.0,0.0,0.0,0.013336403206541857,0.011727260305609256,-0.0020883542466976946,0.0,0.0,0.0,-0.00851952834693881,-0.04165953019916054,0.9240078116304139,0.0,0.0,0.0,0.0,0.0,0.0,zero,0.0,0.0,0.0,0.0,0.013336403206541857,0.011727260305609256,-0.0020883542466976946,-0.190344998078744,-0.11482046874349688,0.06923361635058797,1,0.0014348030090332031,,,,,,,,,,,,,,,,,,,,,,0.6461864829998376,5,radio://0/80/2M/E7E7E7E705,4.1887902047863905,aborted,cf4 起飞前预检失败（电压或 EKF 对齐）,0.0,0.0,0.0,0,0.0,global_abort:cf4 起飞前预检失败（电压或 EKF 对齐）,,,,,
0.6603386300012062,1788688521.4049528,control,aborted,1,1,0.0025324250000267057,3.8850440979003906,3885.0,0,40.0,0.6318101590004517,3.8850440979003906,1,1,0,1.0810688100734358,0.46813178062438965,-0.04234669730067253,0.045324914157390594,-0.00043075322173535824,0.0005146936746314168,-0.001213716110214591,-0.22926339507102966,0.3279454708099365,-0.11784628033638,0.0913025513291359,0.029069794341921806,0.06269971281290054,-0.05216621879574023,-0.0013098977292451545,3.041657781991568,0.46813178062438965,-0.04234669730067253,0.045324914157390594,3.041657781991568,0.0,0.0,0.0,0.0,0.0,0.0,-0.0009856003494103727,0.00335511132601477,-0.0022464617123222714,0.0,0.0,0.0,-0.05216621879574023,-0.0013098977292451545,3.041657781991568,0.0,0.0,0.0,0.0,0.0,0.0,zero,0.0,0.0,0.0,0.0,-0.0009856003494103727,0.00335511132601477,-0.0022464617123222714,0.026498408018790456,-0.12009098559160397,0.020932869821176883,1,0.00302886962890625,,,,,,,,,,,,,,,,,,,,,,0.6603386300012062,2,radio://0/80/2M/E7E7E7E702,0.0,aborted,cf4 起飞前预检失败（电压或 EKF 对齐）,0.0,0.0,0.0,0,0.0,global_abort:cf4 起飞前预检失败（电压或 EKF 对齐）,,,,,
0.6603386300012062,1788688521.40521,control,aborted,1,1,0.002242592001493904,3.790029287338257,3790.0,0,20.0,0.5939794679998158,nan,1,0,1,1.0,-0.2222396433353424,0.44937413930892944,0.042447205632925034,-0.0015073627000674605,-0.00037153050652705133,0.0023217923007905483,-0.6703605651855469,0.06739437580108643,0.44233372807502747,-0.057335466146469116,0.004753137938678265,-0.0744321420788765,0.0029613222085195395,0.024764380686472732,-0.9870680377783632,-0.2222396433353424,0.44937413930892944,0.042447205632925034,-0.9870680377783632,0.0,0.0,0.0,0.0,0.0,0.0,-0.008051819729358568,-0.002145391762331697,0.009454353598140355,0.0,0.0,0.0,0.0029613222085195395,0.024764380686472732,-0.9870680377783632,0.0,0.0,0.0,0.0,0.0,0.0,zero,0.0,0.0,0.0,0.0,-0.008051819729358568,-0.002145391762331697,0.009454353598140355,0.18255982038148297,0.03967887398952364,-0.18178743727672578,1,0.003286123275756836,,,,,,,,,,,,,,,,,,,,,,0.6603386300012062,4,radio://0/80/2M/E7E7E7E704,2.0943951023931953,aborted,cf4 起飞前预检失败（电压或 EKF 对齐）,0.0,0.0,0.0,0,0.0,global_abort:cf4 起飞前预检失败（电压或 EKF 对齐）,,,,,
0.6603386300012062,1788688521.405429,control,aborted,1,1,0.0020551470006466843,3.9747800827026367,3974.0,0,70.0,0.5548981450010615,3.9747800827026367,1,1,0,1.0566622335352516,-0.3599141538143158,-0.3916622996330261,0.035964302718639374,0.0018006742466241121,0.003306739265099168,-0.00023769843392074108,0.9948397278785706,0.9772047400474548,-0.43633487820625305,0.007330454885959625,0.03432879596948624,0.038891613483428955,-0.0092163742267761,-0.04135433279970859,0.9239229182083574,-0.3599141538143158,-0.3916622996330261,0.035964302718639374,0.9239229182083574,0.0,0.0,0.0,0.0,0.0,0.0,0.010219474068120148,0.009737314595793242,-0.0014962521017542968,0.0,0.0,0.0,-0.0092163742267761,-0.04135433279970859,0.9239229182083574,0.0,0.0,0.0,0.0,0.0,0.0,zero,0.0,0.0,0.0,0.0,0.010219474068120148,0.009737314595793242,-0.0014962521017542968,-0.2641293913245258,-0.1686285204958815,0.050174890798138694,1,0.0035049915313720703,,,,,,,,,,,,,,,,,,,,,,0.6603386300012062,5,radio://0/80/2M/E7E7E7E705,4.1887902047863905,aborted,cf4 起飞前预检失败（电压或 EKF 对齐）,0.0,0.0,0.0,0,0.0,global_abort:cf4 起飞前预检失败（电压或 EKF 对齐）,,,,,
0.6746392100012599,1788688521.4192247,control,aborted,1,1,0.010919341000771965,3.8850440979003906,3885.0,0,40.0,0.6461107390005054,3.8850440979003906,1,1,0,1.0810688100734358,0.4681682884693146,-0.042365096509456635,0.045372720807790756,0.0008781286887824535,-0.00020447670249268413,0.0006301813409663737,-0.13957327604293823,0.23826971650123596,-0.032520681619644165,0.05485466122627258,0.010943586938083172,0.02893664874136448,-0.05270832010630998,-0.0017102201001305726,3.0410442439017737,0.4681682884693146,-0.042365096509456635,0.045372720807790756,3.0410442439017737,0.0,0.0,0.0,0.0,0.0,0.0,-0.0007158030122128799,0.0022093338926135846,-0.001996781654215037,0.0,0.0,0.0,-0.05270832010630998,-0.0017102201001305726,3.0410442439017737,0.0,0.0,0.0,0.0,0.0,0.0,zero,0.0,0.0,0.0,0.0,-0.0007158030122128799,0.0022093338926135846,-0.001996781654215037,0.04517052732703149,-0.1918305473425006,0.0418024136372108,1,0.011327981948852539,,,,,,,,,,,,,,,,,,,,,,0.6746392100012599,2,radio://0/80/2M/E7E7E7E702,0.0,aborted,cf4 起飞前预检失败（电压或 EKF 对齐）,0.0,0.0,0.0,0,0.0,global_abort:cf4 起飞前预检失败（电压或 EKF 对齐）,,,,,
0.6746392100012599,1788688521.419445,control,aborted,1,1,0.010643105000781361,3.790029287338257,3790.0,0,20.0,0.6082800479998696,nan,1,0,1,1.0,-0.22231094539165497,0.44936245679855347,0.042415086179971695,-0.003593959379941225,-0.0006884983740746975,0.0007816798752173781,-0.6061733365058899,0.04329952225089073,0.3022851049900055,-0.049713488668203354,-0.018967054784297943,-0.041593022644519806,0.0028595625436892624,0.024082979072076068,-0.986533799861973,-0.22231094539165497,0.44936245679855347,0.042415086179971695,-0.986533799861973,0.0,0.0,0.0,0.0,0.0,0.0,-0.006246607314833881,-0.0017168703594044692,0.007543992524429381,0.0,0.0,0.0,0.0028595625436892624,0.024082979072076068,-0.986533799861973,0.0,0.0,0.0,0.0,0.0,0.0,zero,0.0,0.0,0.0,0.0,-0.006246607314833881,-0.0017168703594044692,0.007543992524429381,0.30223573571333845,0.07174473233208058,-0.31984013623304464,1,0.011548280715942383,,,,,,,,,,,,,,,,,,,,,,0.6746392100012599,4,radio://0/80/2M/E7E7E7E704,2.0943951023931953,aborted,cf4 起飞前预检失败（电压或 EKF 对齐）,0.0,0.0,0.0,0,0.0,global_abort:cf4 起飞前预检失败（电压或 EKF 对齐）,,,,,
0.6746392100012599,1788688521.419562,control,aborted,1,1,0.0104748350004229,3.9747800827026367,3974.0,0,70.0,0.5691987250011152,3.9747800827026367,1,1,0,1.0566622335352516,-0.3598706126213074,-0.39162901043891907,0.0359484888613224,0.002898833714425564,0.00376032292842865,-0.0007198010571300983,0.832651674747467,0.7969553470611572,-0.36521461606025696,0.019027190282940865,0.04819955676794052,0.03320341184735298,-0.00882569782379797,-0.040734652529844345,0.9239797966917576,-0.3598706126213074,-0.39162901043891907,0.0359484888613224,0.9239797966917576,0.0,0.0,0.0,0.0,0.0,0.0,0.007614100488727817,0.008021907817275601,-0.001031084277770284,0.0,0.0,0.0,-0.00882569782379797,-0.040734652529844345,0.9239797966917576,0.0,0.0,0.0,0.0,0.0,0.0,zero,0.0,0.0,0.0,0.0,0.007614100488727817,0.008021907817275601,-0.001031084277770284,-0.4362018531669954,-0.28720012425210173,0.07788021973524832,1,0.01166534423828125,,,,,,,,,,,,,,,,,,,,,,0.6746392100012599,5,radio://0/80/2M/E7E7E7E705,4.1887902047863905,aborted,cf4 起飞前预检失败（电压或 EKF 对齐）,0.0,0.0,0.0,0,0.0,global_abort:cf4 起飞前预检失败（电压或 EKF 对齐）,,,,,
0.6889056130003155,1788688521.4334962,control,aborted,1,1,0.00012375500045891386,3.8850440979003906,3885.0,0,40.0,0.660377141999561,3.8850440979003906,1,1,0,1.0810688100734358,0.46816134452819824,-0.0423288531601429,0.045347195118665695,0.0005891405744478106,0.0006499927258118987,0.00010949658462777734,-0.09118657559156418,0.16954568028450012,-0.026918664574623108,0.031480640172958374,0.01329816970974207,0.016963863745331764,-0.05310173301235804,-0.0012835910956241598,3.0409236444374277,0.46816134452819824,-0.0423288531601429,0.045347195118665695,3.0409236444374277,0.0,0.0,0.0,0.0,0.0,0.0,3.99444092307247e-07,0.00040436533931063846,-0.0008400813012831956,0.0,0.0,0.0,-0.05310173301235804,-0.0012835910956241598,3.0409236444374277,0.0,0.0,0.0,0.0,0.0,0.0,zero,0.0,0.0,0.0,0.0,3.99444092307247e-07,0.00040436533931063846,-0.0008400813012831956,0.030051703516250243,-0.06726022731120468,0.051429310128832874,1,0.0013196468353271484,,,,,,,,,,,,,,,,,,,,,,0.6889056130003155,2,radio://0/80/2M/E7E7E7E702,0.0,aborted,cf4 起飞前预检失败（电压或 EKF 对齐）,0.0,0.0,0.0,0,0.0,global_abort:cf4 起飞前预检失败（电压或 EKF 对齐）,,,,,
0.6889056130003155,1788688521.433754,control,aborted,1,1,0.000872259999596281,3.790029287338257,3790.0,0,20.0,0.6225464509989251,nan,1,0,1,1.0,-0.22228772938251495,0.44936418533325195,0.04252200573682785,-0.0021848930045962334,-0.0004618386155925691,0.0017706822836771607,-0.3714275062084198,0.030185744166374207,0.20222556591033936,-0.02236582338809967,0.004366594832390547,-0.03591563180088997,0.0033118800105460403,0.02556565026908364,-0.98710509611739,-0.22228772938251495,0.44936418533325195,0.04252200573682785,-0.98710509611739,0.0,0.0,0.0,0.0,0.0,0.0,-0.0034241003539348842,-0.000886863702896333,0.0035856844777853174,0.0,0.0,0.0,0.0033118800105460403,0.02556565026908364,-0.98710509611739,0.0,0.0,0.0,0.0,0.0,0.0,zero,0.0,0.0,0.0,0.0,-0.0034241003539348842,-0.000886863702896333,0.0035856844777853174,0.10600952732241081,0.032564871264746414,-0.15346552019548346,1,0.0015773773193359375,,,,,,,,,,,,,,,,,,,,,,0.6889056130003155,4,radio://0/80/2M/E7E7E7E704,2.0943951023931953,aborted,cf4 起飞前预检失败（电压或 EKF 对齐）,0.0,0.0,0.0,0,0.0,global_abort:cf4 起飞前预检失败（电压或 EKF 对齐）,,,,,
0.6889056130003155,1788688521.4339714,control,aborted,1,1,0.000557727998966584,3.9747800827026367,3974.0,0,70.0,0.5834651280001708,3.9747800827026367,1,1,0,1.0566622335352516,-0.3598497807979584,-0.39162346720695496,0.035942673683166504,0.002545690629631281,0.002632108749821782,-0.0006605553789995611,0.5347194075584412,0.4960854947566986,-0.23495633900165558,0.010393109172582626,0.02580210566520691,0.015953950583934784,-0.008950941531292477,-0.041223942728969246,0.9235779247352263,-0.3598497807979584,-0.39162346720695496,0.035942673683166504,0.9235779247352263,0.0,0.0,0.0,0.0,0.0,0.0,0.003458714150552904,0.004685547225880917,-0.000498585078752937,0.0,0.0,0.0,-0.008950941531292477,-0.041223942728969246,0.9235779247352263,0.0,0.0,0.0,0.0,0.0,0.0,zero,0.0,0.0,0.0,0.0,0.003458714150552904,0.004685547225880917,-0.000498585078752937,-0.15579391256083688,-0.13291933636180406,0.017832145951960057,1,0.0017948150634765625,,,,,,,,,,,,,,,,,,,,,,0.6889056130003155,5,radio://0/80/2M/E7E7E7E705,4.1887902047863905,aborted,cf4 起飞前预检失败（电压或 EKF 对齐）,0.0,0.0,0.0,0,0.0,global_abort:cf4 起飞前预检失败（电压或 EKF 对齐）,,,,,
0.7032380920009018,1788688521.447843,control,aborted,1,1,0.004735329999675741,3.8850440979003906,3885.0,0,40.0,0.6747096210001473,3.8850440979003906,1,1,0,1.0810688100734358,0.468186616897583,-0.042328525334596634,0.0453735813498497,0.0009738345397636294,0.0005265127401798964,0.0006122675840742886,-0.06529991328716278,0.13318124413490295,-0.011537710204720497,0.037068743258714676,0.0020779352635145187,0.01279271487146616,-0.052504038856438166,-0.0017155791813853812,3.040907271530935,0.468186616897583,-0.042328525334596634,0.0453735813498497,3.040907271530935,0.0,0.0,0.0,0.0,0.0,0.0,0.00027159698534573137,-1.4996626266590863e-05,-0.00037248265906230163,0.0,0.0,0.0,-0.052504038856438166,-0.0017155791813853812,3.040907271530935,0.0,0.0,0.0,0.0,0.0,0.0,zero,0.0,0.0,0.0,0.0,0.00027159698534573137,-1.4996626266590863e-05,-0.00037248265906230163,0.026961008107831284,-0.041690722201195435,0.04648615443142129,1,0.00560760498046875,,,,,,,,,,,,,,,,,,,,,,0.7032380920009018,2,radio://0/80/2M/E7E7E7E702,0.0,aborted,cf4 起飞前预检失败（电压或 EKF 对齐）,0.0,0.0,0.0,0,0.0,global_abort:cf4 起飞前预检失败（电压或 EKF 对齐）,,,,,
0.7032380920009018,1788688521.4481187,control,aborted,1,1,0.005091254999570083,3.790029287338257,3790.0,0,20.0,0.6368789299995115,nan,1,0,1,1.0,-0.22228597104549408,0.44935479760169983,0.0424676276743412,-0.0017129512270912528,-0.0005561388679780066,0.00033527903724461794,-0.2877577841281891,0.022273506969213486,0.1332385540008545,-0.03261768817901611,-0.02818968892097473,-0.02793724089860916,0.002572219145703745,0.02397216842776196,-0.9870697326963083,-0.22228597104549408,0.44935479760169983,0.0424676276743412,-0.9870697326963083,0.0,0.0,0.0,0.0,0.0,0.0,-0.0025772493041575154,-0.000628579365002571,0.0023604277091778523,0.0,0.0,0.0,0.002572219145703745,0.02397216842776196,-0.9870697326963083,0.0,0.0,0.0,0.0,0.0,0.0,zero,0.0,0.0,0.0,0.0,-0.0025772493041575154,-0.000628579365002571,0.0023604277091778523,0.08418939903971125,0.025677246541008714,-0.12180847038628502,1,0.005883216857910156,,,,,,,,,,,,,,,,,,,,,,0.7032380920009018,4,radio://0/80/2M/E7E7E7E704,2.0943951023931953,aborted,cf4 起飞前预检失败（电压或 EKF 对齐）,0.0,0.0,0.0,0,0.0,global_abort:cf4 起飞前预检失败（电压或 EKF 对齐）,,,,,
0.7032380920009018,1788688521.4483426,control,aborted,1,1,0.004499417000261019,3.9747800827026367,3974.0,0,70.0,0.5977976070007571,3.9747800827026367,1,1,0,1.0566622335352516,-0.35985180735588074,-0.39166080951690674,0.03596462309360504,0.0019962561782449484,0.001363163348287344,-9.19968297239393e-05,0.4168504476547241,0.37163639068603516,-0.1766597181558609,0.02108098566532135,0.04594467580318451,0.021153144538402557,-0.008325587697703498,-0.03994782800077895,0.9239891860648806,-0.35985180735588074,-0.39166080951690674,0.03596462309360504,0.9239891860648806,0.0,0.0,0.0,0.0,0.0,0.0,0.0023198376677882044,0.0035324571622069884,-0.0003804308817222171,0.0,0.0,0.0,-0.008325587697703498,-0.03994782800077895,0.9239891860648806,0.0,0.0,0.0,0.0,0.0,0.0,zero,0.0,0.0,0.0,0.0,0.0023198376677882044,0.0035324571622069884,-0.0003804308817222171,-0.11322100467328536,-0.11463404281649239,0.011746257909996121,1,0.0061070919036865234,,,,,,,,,,,,,,,,,,,,,,0.7032380920009018,5,radio://0/80/2M/E7E7E7E705,4.1887902047863905,aborted,cf4 起飞前预检失败（电压或 EKF 对齐）,0.0,0.0,0.0,0,0.0,global_abort:cf4 起飞前预检失败（电压或 EKF 对齐）,,,,,
0.717473845999848,1788688521.4620786,control,aborted,1,1,0.0024284599985548994,3.8850440979003906,3885.0,0,40.0,0.6889453749990935,3.8850440979003906,1,1,0,1.0810688100734358,0.4681393802165985,-0.04234401136636734,0.045337431132793427,-0.0010435343720018864,0.00022571133740711957,-0.0003466324124019593,-0.10842172801494598,0.08485642820596695,-0.02856292575597763,0.014141995459794998,-0.012355625629425049,0.0006740959361195564,-0.052631380187026,-0.00192236152524418,3.0408876248068957,0.4681393802165985,-0.04234401136636734,0.045337431132793427,3.0408876248068957,0.0,0.0,0.0,0.0,0.0,0.0,0.0006596369524039084,-0.0002392162559904866,0.00023761052290413934,0.0,0.0,0.0,-0.052631380187026,-0.00192236152524418,3.0408876248068957,0.0,0.0,0.0,0.0,0.0,0.0,zero,0.0,0.0,0.0,0.0,0.0006596369524039084,-0.0002392162559904866,0.00023761052290413934,0.026976089795768373,-0.013996452317392395,0.04389210682890794,1,0.0034017562866210938,,,,,,,,,,,,,,,,,,,,,,0.717473845999848,2,radio://0/80/2M/E7E7E7E702,0.0,aborted,cf4 起飞前预检失败（电压或 EKF 对齐）,0.0,0.0,0.0,0,0.0,global_abort:cf4 起飞前预检失败（电压或 EKF 对齐）,,,,,
0.717473845999848,1788688521.4623308,control,aborted,1,1,0.0026481539989617886,3.790029287338257,3790.0,0,20.0,0.6511146839984576,nan,1,0,1,1.0,-0.22233112156391144,0.4493197500705719,0.04249846190214157,-0.0023609502241015434,-0.0015893449308350682,-0.0004376242868602276,-0.2077278345823288,-0.024083668366074562,0.027559779584407806,-0.05013391748070717,-0.02908673882484436,0.007369121536612511,0.0022900234501565266,0.024919103305289878,-0.986531660433153,-0.22233112156391144,0.4493197500705719,0.04249846190214157,-0.986531660433153,0.0,0.0,0.0,0.0,0.0,0.0,-0.001615154622822441,-0.0003817442374081552,0.0009017313063373457,0.0,0.0,0.0,0.0022900234501565266,0.024919103305289878,-0.986531660433153,0.0,0.0,0.0,0.0,0.0,0.0,zero,0.0,0.0,0.0,0.0,-0.001615154622822441,-0.0003817442374081552,0.0009017313063373457,0.06944059071930155,0.01604497992098566,-0.10713736928195695,1,0.003654003143310547,,,,,,,,,,,,,,,,,,,,,,0.717473845999848,4,radio://0/80/2M/E7E7E7E704,2.0943951023931953,aborted,cf4 起飞前预检失败（电压或 EKF 对齐）,0.0,0.0,0.0,0,0.0,global_abort:cf4 起飞前预检失败（电压或 EKF 对齐）,,,,,
0.717473845999848,1788688521.462549,control,aborted,1,1,0.00295517799895606,3.9747800827026367,3974.0,0,70.0,0.6120333609997033,3.9747800827026367,1,1,0,1.0566622335352516,-0.35987067222595215,-0.3916276693344116,0.03591169789433479,0.0006990249385125935,0.001783957937732339,-0.0007148752338252962,0.23109319806098938,0.25334522128105164,-0.11292530596256256,0.01771656610071659,0.07779844105243683,0.03421647846698761,-0.00838005478163212,-0.039679727888275396,0.9245760859927857,-0.35987067222595215,-0.3916276693344116,0.03591169789433479,0.9245760859927857,0.0,0.0,0.0,0.0,0.0,0.0,0.0012248608709513663,0.0019399981131876399,-0.00033820740080586743,0.0,0.0,0.0,-0.00838005478163212,-0.039679727888275396,0.9245760859927857,0.0,0.0,0.0,0.0,0.0,0.0,zero,0.0,0.0,0.0,0.0,0.0012248608709513663,0.0019399981131876399,-0.00033820740080586743,-0.07932812848152272,-0.11997827995660888,0.00045250115287475936,1,0.0038721561431884766,,,,,,,,,,,,,,,,,,,,,,0.717473845999848,5,radio://0/80/2M/E7E7E7E705,4.1887902047863905,aborted,cf4 起飞前预检失败（电压或 EKF 对齐）,0.0,0.0,0.0,0,0.0,global_abort:cf4 起飞前预检失败（电压或 EKF 对齐）,,,,,
0.7318033650008147,1788688521.476421,control,aborted,1,1,0.007958809999763616,3.8850440979003906,3885.0,0,40.0,0.7032748940000602,3.8850440979003906,1,1,0,1.0810688100734358,0.46815094351768494,-0.04236660152673721,0.0453454926609993,-0.0005877653602510691,-0.0003020935691893101,-0.00010506286344025284,-0.07699940353631973,0.056608036160469055,-0.017688952386379242,0.0010599605739116669,0.0013652956113219261,0.00816270336508751,-0.05311182365009116,-0.0013777150871976374,3.0412161001996267,0.46815094351768494,-0.04236660152673721,0.0453454926609993,3.0412161001996267,0.0,0.0,0.0,0.0,0.0,0.0,0.0005999941914107365,-0.0002478695424541883,0.0003223079653891909,0.0,0.0,0.0,-0.05311182365009116,-0.0013777150871976374,3.0412161001996267,0.0,0.0,0.0,0.0,0.0,0.0,zero,0.0,0.0,0.0,0.0,0.0005999941914107365,-0.0002478695424541883,0.0003223079653891909,-0.006371714194867799,-0.000924441915077301,0.009048338600769767,1,0.008383750915527344,,,,,,,,,,,,,,,,,,,,,,0.7318033650008147,2,radio://0/80/2M/E7E7E7E702,0.0,aborted,cf4 起飞前预检失败（电压或 EKF 对齐）,0.0,0.0,0.0,0,0.0,global_abort:cf4 起飞前预检失败（电压或 EKF 对齐）,,,,,
0.7318033650008147,1788688521.4766788,control,aborted,1,1,0.007317603000046802,3.790029287338257,3790.0,0,20.0,0.6654442029994243,nan,1,0,1,1.0,-0.2222696989774704,0.4493371248245239,0.04247836396098137,-0.0005764018278568983,-0.0009002459701150656,-0.0007795131532475352,-0.12805350124835968,-0.004543608985841274,0.014743005856871605,-0.03554810583591461,-0.03802013024687767,-0.021496761590242386,0.0024718475981076967,0.024231775816592596,-0.987815705723893,-0.2222696989774704,0.4493371248245239,0.04247836396098137,-0.987815705723893,0.0,0.0,0.0,0.0,0.0,0.0,-0.001407110261837658,-0.00042694810669946856,0.0004468019565366957,0.0,0.0,0.0,0.0024718475981076967,0.024231775816592596,-0.987815705723893,0.0,0.0,0.0,0.0,0.0,0.0,zero,0.0,0.0,0.0,0.0,-0.001407110261837658,-0.00042694810669946856,0.0004468019565366957,0.022225651294055657,-0.0048291885021785694,-0.04860069767928136,1,0.008641481399536133,,,,,,,,,,,,,,,,,,,,,,0.7318033650008147,4,radio://0/80/2M/E7E7E7E704,2.0943951023931953,aborted,cf4 起飞前预检失败（电压或 EKF 对齐）,0.0,0.0,0.0,0,0.0,global_abort:cf4 起飞前预检失败（电压或 EKF 对齐）,,,,,
0.7318033650008147,1788688521.476894,control,aborted,1,1,0.007559613999546855,3.9747800827026367,3974.0,0,70.0,0.62636288000067,3.9747800827026367,1,1,0,1.0566622335352516,-0.3598509728908539,-0.3916482925415039,0.03592593967914581,0.0009801171254366636,0.0009865297470241785,-0.0002676094591151923,0.1908804029226303,0.18563827872276306,-0.08078394085168839,0.02040930464863777,0.015876945108175278,0.016490984708070755,-0.008068139187422982,-0.04185372336157925,0.9240841865284195,-0.3598509728908539,-0.3916482925415039,0.03592593967914581,0.9240841865284195,0.0,0.0,0.0,0.0,0.0,0.0,0.0009363938632287822,0.0014912331546163904,-0.00038696232442273545,0.0,0.0,0.0,-0.008068139187422982,-0.04185372336157925,0.9240841865284195,0.0,0.0,0.0,0.0,0.0,0.0,zero,0.0,0.0,0.0,0.0,0.0009363938632287822,0.0014912331546163904,-0.00038696232442273545,-0.03081730787190508,-0.04794214769861251,-0.0052085522820591425,1,0.008856534957885742,,,,,,,,,,,,,,,,,,,,,,0.7318033650008147,5,radio://0/80/2M/E7E7E7E705,4.1887902047863905,aborted,cf4 起飞前预检失败（电压或 EKF 对齐）,0.0,0.0,0.0,0,0.0,global_abort:cf4 起飞前预检失败（电压或 EKF 对齐）,,,,,
0.7460584220007149,1788688521.4906871,control,aborted,1,1,0.011906178000572254,3.8850440979003906,3885.0,0,40.0,0.7175299509999604,3.8850440979003906,1,1,0,1.0810688100734358,0.46815741062164307,-0.04229852929711342,0.04534484073519707,-0.0003370721824467182,0.0011597474804148078,-9.747167496243492e-05,-0.05643843114376068,0.07538176327943802,-0.013994880951941013,0.017326435074210167,0.0008965407614596188,0.0030968969222158194,-0.05231117317061519,-0.0013959938777441281,3.0410500670416716,0.46815741062164307,-0.04229852929711342,0.04534484073519707,3.0410500670416716,0.0,0.0,0.0,0.0,0.0,0.0,0.0003951187514002396,-0.00019098465501805013,0.0003010706895834758,0.0,0.0,0.0,-0.05231117317061519,-0.0013959938777441281,3.0410500670416716,0.0,0.0,0.0,0.0,0.0,0.0,zero,0.0,0.0,0.0,0.0,0.0003951187514002396,-0.00019098465501805013,0.0003010706895834758,-0.02109149962048469,0.005856180622280301,-0.0021863332890141433,1,0.012936115264892578,,,,,,,,,,,,,,,,,,,,,,0.7460584220007149,2,radio://0/80/2M/E7E7E7E702,0.0,aborted,cf4 起飞前预检失败（电压或 EKF 对齐）,0.0,0.0,0.0,0,0.0,global_abort:cf4 起飞前预检失败（电压或 EKF 对齐）,,,,,
0.7460584220007149,1788688521.4909797,control,aborted,1,1,0.012497873000029358,3.790029287338257,3790.0,0,20.0,0.6796992599993246,nan,1,0,1,1.0,-0.2223193496465683,0.4493321478366852,0.04255088046193123,-0.0014832939486950636,-0.0008226594654843211,0.0008693073759786785,-0.12111324816942215,-0.002037591766566038,0.04573914408683777,0.0039033647626638412,-0.020050309598445892,0.010236818343400955,0.004075482228681273,0.024730914966348154,-0.9864810592946417,-0.2223193496465683,0.4493321478366852,0.04255088046193123,-0.9864810592946417,0.0,0.0,0.0,0.0,0.0,0.0,-0.0012714053455708532,-0.0005387231939603225,9.67425956798489e-05,0.0,0.0,0.0,0.004075482228681273,0.024730914966348154,-0.9864810592946417,0.0,0.0,0.0,0.0,0.0,0.0,zero,0.0,0.0,0.0,0.0,-0.0012714053455708532,-0.0005387231939603225,9.67425956798489e-05,0.013970538341699581,-0.011507012311583836,-0.03603788173087517,1,0.013228654861450195,,,,,,,,,,,,,,,,,,,,,,0.7460584220007149,4,radio://0/80/2M/E7E7E7E704,2.0943951023931953,aborted,cf4 起飞前预检失败（电压或 EKF 对齐）,0.0,0.0,0.0,0,0.0,global_abort:cf4 起飞前预检失败（电压或 EKF 对齐）,,,,,
0.7460584220007149,1788688521.491206,control,aborted,1,1,0.012151290000474546,3.9747800827026367,3974.0,0,70.0,0.6406179370005702,3.9747800827026367,1,1,0,1.0566622335352516,-0.35982346534729004,-0.3916179835796356,0.0358634851872921,0.0013503993395715952,0.00141320307739079,-0.0014998558908700943,0.16032743453979492,0.15729466080665588,-0.08999576419591904,-0.018708504736423492,0.002834077924489975,-0.00981898047029972,-0.009723062332252149,-0.04234294797389224,0.9229697339741255,-0.35982346534729004,-0.3916179835796356,0.0358634851872921,0.9229697339741255,0.0,0.0,0.0,0.0,0.0,0.0,0.00078783823737762,0.0012182250093839629,-0.00045540377992025544,0.0,0.0,0.0,-0.009723062332252149,-0.04234294797389224,0.9229697339741255,0.0,0.0,0.0,0.0,0.0,0.0,zero,0.0,0.0,0.0,0.0,0.00078783823737762,0.0012182250093839629,-0.00045540377992025544,-0.015293492114526363,-0.028105619645107063,-0.007045905222106674,1,0.013454914093017578,,,,,,,,,,,,,,,,,,,,,,0.7460584220007149,5,radio://0/80/2M/E7E7E7E705,4.1887902047863905,aborted,cf4 起飞前预检失败（电压或 EKF 对齐）,0.0,0.0,0.0,0,0.0,global_abort:cf4 起飞前预检失败（电压或 EKF 对齐）,,,,,
0.7603326900007232,1788688521.504946,control,aborted,1,1,0.005198856999413692,3.8850440979003906,3885.0,0,40.0,0.7318042189999687,3.8850440979003906,1,1,0,1.0810688100734358,0.46816179156303406,-0.042348578572273254,0.045299455523490906,-1.9925006199628115e-05,0.00014829561405349523,-0.0006219058413989842,-0.027887064963579178,0.03607716038823128,-0.013554906472563744,0.0030232882127165794,-0.005213033873587847,0.008651784621179104,-0.052548911406427985,-0.001779653936782015,3.041525346329392,0.46816179156303406,-0.042348578572273254,0.045299455523490906,3.041525346329392,0.0,0.0,0.0,0.0,0.0,0.0,-8.735345031922584e-05,0.00015286268493263679,5.249512429506031e-07,0.0,0.0,0.0,-0.052548911406427985,-0.001779653936782015,3.041525346329392,0.0,0.0,0.0,0.0,0.0,0.0,zero,0.0,0.0,0.0,0.0,-8.735345031922584e-05,0.00015286268493263679,5.249512429506031e-07,-0.024822388192425302,0.018467278476141265,-0.01931337725351807,1,0.005962848663330078,,,,,,,,,,,,,,,,,,,,,,0.7603326900007232,2,radio://0/80/2M/E7E7E7E702,0.0,aborted,cf4 起飞前预检失败（电压或 EKF 对齐）,0.0,0.0,0.0,0,0.0,global_abort:cf4 起飞前预检失败（电压或 EKF 对齐）,,,,,
0.7603326900007232,1788688521.50521,control,aborted,1,1,0.005522953999388847,3.790029287338257,3790.0,0,20.0,0.6939735279993329,nan,1,0,1,1.0,-0.2223115861415863,0.44938763976097107,0.042455606162548065,-0.0013645605649799109,0.00046153616858646274,-0.0009305191924795508,-0.0874280333518982,0.02227320522069931,0.0004992950707674026,-0.016461985185742378,-0.032087426632642746,0.0010151335736736655,0.002808216141966025,0.02408638150923836,-0.9870179366885444,-0.2223115861415863,0.44938763976097107,0.042455606162548065,-0.9870179366885444,0.0,0.0,0.0,0.0,0.0,0.0,-0.0010432395283287705,-0.0006262913014687901,-0.00015259001646241094,0.0,0.0,0.0,0.002808216141966025,0.02408638150923836,-0.9870179366885444,0.0,0.0,0.0,0.0,0.0,0.0,zero,0.0,0.0,0.0,0.0,-0.0010432395283287705,-0.0006262913014687901,-0.00015259001646241094,0.012144870587511325,-0.00046840852524957926,-0.012381315561637813,1,0.006226778030395508,,,,,,,,,,,,,,,,,,,,,,0.7603326900007232,4,radio://0/80/2M/E7E7E7E704,2.0943951023931953,aborted,cf4 起飞前预检失败（电压或 EKF 对齐）,0.0,0.0,0.0,0,0.0,global_abort:cf4 起飞前预检失败（电压或 EKF 对齐）,,,,,
0.7603326900007232,1788688521.5054247,control,aborted,1,1,0.005034077999880537,3.9747800827026367,3974.0,0,70.0,0.6548922050005785,3.9747800827026367,1,1,0,1.0566622335352516,-0.3598864674568176,-0.3916208744049072,0.03596075624227524,2.7261463401373476e-05,0.0015126364305615425,-5.177879938855767e-05,0.08445695787668228,0.11683434247970581,-0.048439785838127136,-0.008253557607531548,0.03563392162322998,-0.002901550382375717,-0.00879337491023082,-0.040250438923608155,0.9235093791514857,-0.3598864674568176,-0.3916208744049072,0.03596075624227524,0.9235093791514857,0.0,0.0,0.0,0.0,0.0,0.0,0.0007104460177016661,0.000924910985870274,-0.0005186228877288818,0.0,0.0,0.0,-0.00879337491023082,-0.040250438923608155,0.9235093791514857,0.0,0.0,0.0,0.0,0.0,0.0,zero,0.0,0.0,0.0,0.0,0.0007104460177016661,0.000924910985870274,-0.0005186228877288818,-0.006081762495371639,-0.014766294952446872,0.001115683806030425,1,0.006441593170166016,,,,,,,,,,,,,,,,,,,,,,0.7603326900007232,5,radio://0/80/2M/E7E7E7E705,4.1887902047863905,aborted,cf4 起飞前预检失败（电压或 EKF 对齐）,0.0,0.0,0.0,0,0.0,global_abort:cf4 起飞前预检失败（电压或 EKF 对齐）,,,,,
0.774607253000795,1788688521.5191727,control,aborted,1,1,0.0008478760009893449,3.8850440979003906,3885.0,0,40.0,0.7460787820000405,3.8850440979003906,1,1,0,1.0810688100734358,0.4681212604045868,-0.042322054505348206,0.045325636863708496,-0.003639988135546446,0.0008261180482804775,-0.0009046623017638922,-0.2692236006259918,0.056654397398233414,-0.06252541393041611,0.007539101876318455,-0.047382816672325134,0.05556461215019226,-0.05245355877897673,-0.002203735984938216,3.0416259657789135,0.4681212604045868,-0.042322054505348206,0.045325636863708496,3.0416259657789135,0.0,0.0,0.0,0.0,0.0,0.0,-0.00022298746605203332,0.00028356521237851815,-0.00041010028585156426,0.0,0.0,0.0,-0.05245355877897673,-0.002203735984938216,3.0416259657789135,0.0,0.0,0.0,0.0,0.0,0.0,zero,0.0,0.0,0.0,0.0,-0.00022298746605203332,0.00028356521237851815,-0.00041010028585156426,-0.02224310772352029,0.020145926820494302,-0.06195419561605112,1,0.0013041496276855469,,,,,,,,,,,,,,,,,,,,,,0.774607253000795,2,radio://0/80/2M/E7E7E7E702,0.0,aborted,cf4 起飞前预检失败（电压或 EKF 对齐）,0.0,0.0,0.0,0,0.0,global_abort:cf4 起飞前预检失败（电压或 EKF 对齐）,,,,,
0.774607253000795,1788688521.519378,control,aborted,1,1,0.0010810660005518002,3.790029287338257,3790.0,0,20.0,0.7082480909994047,nan,1,0,1,1.0,-0.22227948904037476,0.4493403434753418,0.04249947890639305,-0.002161974087357521,-0.000787422526627779,-0.0012834268854930997,-0.16691476106643677,-0.037343356758356094,-0.07864832878112793,-0.04923030734062195,-0.05717930570244789,0.019193826243281364,0.0035806763808378635,0.02539841324623036,-0.9872303532146025,-0.22227948904037476,0.4493403434753418,0.04249947890639305,-0.9872303532146025,0.0,0.0,0.0,0.0,0.0,0.0,-0.0008667134752684984,-0.00016400674893118157,-0.00045603152645177505,0.0,0.0,0.0,0.0035806763808378635,0.02539841324623036,-0.9872303532146025,0.0,0.0,0.0,0.0,0.0,0.0,zero,0.0,0.0,0.0,0.0,-0.0008667134752684984,-0.00016400674893118157,-0.00045603152645177505,0.02615297005563239,0.06996279195925435,-0.04604500216728876,1,0.0015094280242919922,,,,,,,,,,,,,,,,,,,,,,0.774607253000795,4,radio://0/80/2M/E7E7E7E704,2.0943951023931953,aborted,cf4 起飞前预检失败（电压或 EKF 对齐）,0.0,0.0,0.0,0,0.0,global_abort:cf4 起飞前预检失败（电压或 EKF 对齐）,,,,,
0.774607253000795,1788688521.519503,control,aborted,1,1,0.0006181850003486034,3.9747800827026367,3974.0,0,70.0,0.6691667680006503,3.9747800827026367,1,1,0,1.0566622335352516,-0.35989680886268616,-0.39165762066841125,0.03591003641486168,-0.001361532835289836,-0.0026776865124702454,-0.001642240327782929,-0.04617512971162796,-0.2005079686641693,-0.11469501256942749,0.026410015299916267,0.2129645198583603,0.01912233605980873,-0.008062457610980305,-0.038913438617037846,0.9237724235979602,-0.35989680886268616,-0.39165762066841125,0.03591003641486168,0.9237724235979602,0.0,0.0,0.0,0.0,0.0,0.0,0.00030657727767185094,0.000983830472028615,-0.00018726530005329129,0.0,0.0,0.0,-0.008062457610980305,-0.038913438617037846,0.9237724235979602,0.0,0.0,0.0,0.0,0.0,0.0,zero,0.0,0.0,0.0,0.0,0.00030657727767185094,0.000983830472028615,-0.00018726530005329129,-0.06265035273259485,0.00733222969752126,0.048733785880693624,1,0.0016345977783203125,,,,,,,,,,,,,,,,,,,,,,0.774607253000795,5,radio://0/80/2M/E7E7E7E705,4.1887902047863905,aborted,cf4 起飞前预检失败（电压或 EKF 对齐）,0.0,0.0,0.0,0,0.0,global_abort:cf4 起飞前预检失败（电压或 EKF 对齐）,,,,,
0.7889046620002773,1788688521.5335116,control,aborted,1,1,0.0018613800002640346,3.8850440979003906,3885.0,0,40.0,0.7603761909995228,3.8850440979003906,1,1,0,1.0810688100734358,0.4681549072265625,-0.042346853762865067,0.045317333191633224,-0.0024040150456130505,0.00028649321757256985,-0.000849092670250684,-0.19671905040740967,0.03717665374279022,-0.04918138310313225,-0.00188013119623065,-0.02278462052345276,0.034684862941503525,-0.05297638696860125,-0.0012376007300919556,3.0409271629620105,0.4681549072265625,-0.042346853762865067,0.045317333191633224,3.0409271629620105,0.0,0.0,0.0,0.0,0.0,0.0,-0.0007630036092741085,0.00037885878978977734,-0.0005526182883345442,0.0,0.0,0.0,-0.05297638696860125,-0.0012376007300919556,3.0409271629620105,0.0,0.0,0.0,0.0,0.0,0.0,zero,0.0,0.0,0.0,0.0,-0.0007630036092741085,0.00037885878978977734,-0.0005526182883345442,-0.040762923955384195,0.007193201348157187,-0.010757920055545269,1,0.0023953914642333984,,,,,,,,,,,,,,,,,,,,,,0.7889046620002773,2,radio://0/80/2M/E7E7E7E702,0.0,aborted,cf4 起飞前预检失败（电压或 EKF 对齐）,0.0,0.0,0.0,0,0.0,global_abort:cf4 起飞前预检失败（电压或 EKF 对齐）,,,,,
0.7889046620002773,1788688521.5337658,control,aborted,1,1,0.0015660400003980612,3.790029287338257,3790.0,0,20.0,0.722545499998887,nan,1,0,1,1.0,-0.22226721048355103,0.44935280084609985,0.04250161349773407,-0.0015442065196111798,-0.00044186567538417876,-0.0009945150231942534,-0.12420520186424255,-0.0246577188372612,-0.05855688080191612,-0.04972350224852562,-0.059948649257421494,0.023199209943413734,0.002908711187618647,0.02445581874008923,-0.9867136764826613,-0.22226721048355103,0.44935280084609985,0.04250161349773407,-0.9867136764826613,0.0,0.0,0.0,0.0,0.0,0.0,-0.000993753406468361,-0.00015712797377061703,-0.0006166971811626798,0.0,0.0,0.0,0.002908711187618647,0.02445581874008923,-0.9867136764826613,0.0,0.0,0.0,0.0,0.0,0.0,zero,0.0,0.0,0.0,0.0,-0.000993753406468361,-0.00015712797377061703,-0.0006166971811626798,-0.009589563422861665,0.0005192418639621437,-0.012127789043760762,1,0.002649545669555664,,,,,,,,,,,,,,,,,,,,,,0.7889046620002773,4,radio://0/80/2M/E7E7E7E704,2.0943951023931953,aborted,cf4 起飞前预检失败（电压或 EKF 对齐）,0.0,0.0,0.0,0,0.0,global_abort:cf4 起飞前预检失败（电压或 EKF 对齐）,,,,,
0.7889046620002773,1788688521.533984,control,aborted,1,1,0.001327394000327331,3.9747800827026367,3974.0,0,70.0,0.6834641770001326,3.9747800827026367,1,1,0,1.0566622335352516,-0.3598625361919403,-0.3916384279727936,0.03592715784907341,-0.0005718024331144989,-0.0018523918697610497,-0.0010553053580224514,-0.025017328560352325,-0.14794668555259705,-0.08289489150047302,-0.0033887550234794617,0.12718965113162994,0.0028895875439047813,-0.009654223181715762,-0.04178085368279267,0.922975240996805,-0.3598625361919403,-0.3916384279727936,0.03592715784907341,0.922975240996805,0.0,0.0,0.0,0.0,0.0,0.0,-3.469721174908182e-05,0.00041994282992183056,-0.0003614524937550544,0.0,0.0,0.0,-0.009654223181715762,-0.04178085368279267,0.922975240996805,0.0,0.0,0.0,0.0,0.0,0.0,zero,0.0,0.0,0.0,0.0,-3.469721174908182e-05,0.00041994282992183056,-0.0003614524937550544,-0.025760981842457946,-0.04256485544567721,-0.013148457541475384,1,0.0028676986694335938,,,,,,,,,,,,,,,,,,,,,,0.7889046620002773,5,radio://0/80/2M/E7E7E7E705,4.1887902047863905,aborted,cf4 起飞前预检失败（电压或 EKF 对齐）,0.0,0.0,0.0,0,0.0,global_abort:cf4 起飞前预检失败（电压或 EKF 对齐）,,,,,
0.8032131500003743,1788688521.547853,control,aborted,1,1,0.008990570000605658,3.8850440979003906,3885.0,0,40.0,0.7746846789996198,3.8850440979003906,1,1,0,1.0810688100734358,0.4681643545627594,-0.042360059916973114,0.04535224661231041,-0.0016629025340080261,-0.00013468442193698138,0.00028272124473005533,-0.13695481419563293,0.01813630200922489,-0.008159397169947624,0.011028626002371311,-0.029416758567094803,0.03334926441311836,-0.052521860604769544,-0.001632398860878668,3.0411515811981693,0.4681643545627594,-0.042360059916973114,0.04535224661231041,3.0411515811981693,0.0,0.0,0.0,0.0,0.0,0.0,-0.0012528088917566286,0.0004343486037675714,-0.0006456357140438222,0.0,0.0,0.0,-0.052521860604769544,-0.001632398860878668,3.0411515811981693,0.0,0.0,0.0,0.0,0.0,0.0,zero,0.0,0.0,0.0,0.0,-0.0012528088917566286,0.0004343486037675714,-0.0006456357140438222,-0.0674810227150691,0.00764489386172374,-0.012815114988901834,1,0.009478330612182617,,,,,,,,,,,,,,,,,,,,,,0.8032131500003743,2,radio://0/80/2M/E7E7E7E702,0.0,aborted,cf4 起飞前预检失败（电压或 EKF 对齐）,0.0,0.0,0.0,0,0.0,global_abort:cf4 起飞前预检失败（电压或 EKF 对齐）,,,,,
0.8032131500003743,1788688521.5480862,control,aborted,1,1,0.008710273999895435,3.790029287338257,3790.0,0,20.0,0.7368539879989839,nan,1,0,1,1.0,-0.22229339182376862,0.4493503272533417,0.042468614876270294,-0.0019567592535167933,-0.0004216492816340178,-0.0017048475565388799,-0.11073153465986252,-0.019169138744473457,-0.06641782820224762,-0.033031437546014786,-0.05076207220554352,-0.0036071762442588806,0.0031339435914136786,0.024356515578877032,-0.9875187767754,-0.22229339182376862,0.4493503272533417,0.042468614876270294,-0.9875187767754,0.0,0.0,0.0,0.0,0.0,0.0,-0.0011414719855192164,-0.00018302193054740612,-0.000770908036882555,0.0,0.0,0.0,0.0031339435914136786,0.024356515578877032,-0.9875187767754,0.0,0.0,0.0,0.0,0.0,0.0,zero,0.0,0.0,0.0,0.0,-0.0011414719855192164,-0.00018302193054740612,-0.000770908036882555,-0.02035135419088554,-0.0035674394456941794,-0.02124580242377136,1,0.009711503982543945,,,,,,,,,,,,,,,,,,,,,,0.8032131500003743,4,radio://0/80/2M/E7E7E7E704,2.0943951023931953,aborted,cf4 起飞前预检失败（电压或 EKF 对齐）,0.0,0.0,0.0,0,0.0,global_abort:cf4 起飞前预检失败（电压或 EKF 对齐）,,,,,
0.8032131500003743,1788688521.5482874,control,aborted,1,1,0.008473025000057532,3.9747800827026367,3974.0,0,70.0,0.6977726650002296,3.9747800827026367,1,1,0,1.0566622335352516,-0.3598664402961731,-0.39167141914367676,0.03594818338751793,-0.0005650146631523967,-0.0023909437004476786,-0.00026491202879697084,-0.01982683502137661,-0.13319647312164307,-0.04453761875629425,0.048908818513154984,0.16221220791339874,0.038541506975889206,-0.007833533272747252,-0.03957516437089241,0.9242719352485684,-0.3598664402961731,-0.39167141914367676,0.03594818338751793,0.9242719352485684,0.0,0.0,0.0,0.0,0.0,0.0,-0.00031261429269937387,-0.00015523943440337454,-0.0005255435929458938,0.0,0.0,0.0,-0.007833533272747252,-0.03957516437089241,0.9242719352485684,0.0,0.0,0.0,0.0,0.0,0.0,zero,0.0,0.0,0.0,0.0,-0.00031261429269937387,-0.00015523943440337454,-0.0005255435929458938,-0.03828894771705866,-0.07924350518947132,-0.02260701464001231,1,0.009912729263305664,,,,,,,,,,,,,,,,,,,,,,0.8032131500003743,5,radio://0/80/2M/E7E7E7E705,4.1887902047863905,aborted,cf4 起飞前预检失败（电压或 EKF 对齐）,0.0,0.0,0.0,0,0.0,global_abort:cf4 起飞前预检失败（电压或 EKF 对齐）,,,,,
0.8174880940005096,1788688521.5621269,control,aborted,1,1,0.008921934999307268,3.8850440979003906,3885.0,0,40.0,0.7889596229997551,3.8850440979003906,1,1,0,1.0810688100734358,0.4681699872016907,-0.04233977571129799,0.045322492718696594,-0.0012465465115383267,0.00019394399714656174,-0.0002163592871511355,-0.10337129235267639,0.01939680427312851,-0.013950454071164131,0.008899806067347527,-0.013687455095350742,0.02468952164053917,-0.05251646942255613,-0.0009783429538897618,3.040983227411133,0.4681699872016907,-0.04233977571129799,0.045322492718696594,3.040983227411133,0.0,0.0,0.0,0.0,0.0,0.0,-0.0015853157517298874,0.0003654800785624157,-0.0005591898742210112,0.0,0.0,0.0,-0.05251646942255613,-0.0009783429538897618,3.040983227411133,0.0,0.0,0.0,0.0,0.0,0.0,zero,0.0,0.0,0.0,0.0,-0.0015853157517298874,0.0003654800785624157,-0.0005591898742210112,-0.024726691479261008,-0.005121370354634329,0.006428497779372637,1,0.010304927825927734,,,,,,,,,,,,,,,,,,,,,,0.8174880940005096,2,radio://0/80/2M/E7E7E7E702,0.0,aborted,cf4 起飞前预检失败（电压或 EKF 对齐）,0.0,0.0,0.0,0,0.0,global_abort:cf4 起飞前预检失败（电压或 EKF 对齐）,,,,,
0.8174880940005096,1788688521.5631247,control,aborted,1,1,0.009826609999436187,3.790029287338257,3790.0,0,20.0,0.7511289319991192,nan,1,0,1,1.0,-0.22231443226337433,0.4493239223957062,0.042460110038518906,-0.001878346549347043,-0.0007300447323359549,-0.0014903723495081067,-0.08741898089647293,-0.01992214471101761,-0.049944326281547546,-0.018205678090453148,-0.04688029736280441,0.014193820767104626,0.003714275514218699,0.0239309782913497,-0.9863715458944871,-0.22231443226337433,0.4493239223957062,0.042460110038518906,-0.9863715458944871,0.0,0.0,0.0,0.0,0.0,0.0,-0.0013743961751805517,-0.00027243348544782385,-0.0010091361702897611,0.0,0.0,0.0,0.003714275514218699,0.0239309782913497,-0.9863715458944871,0.0,0.0,0.0,0.0,0.0,0.0,zero,0.0,0.0,0.0,0.0,-0.0013743961751805517,-0.00027243348544782385,-0.0010091361702897611,-0.017321280458020942,-0.006649041565282112,-0.017715705344888096,1,0.011302709579467773,,,,,,,,,,,,,,,,,,,,,,0.8174880940005096,4,radio://0/80/2M/E7E7E7E704,2.0943951023931953,aborted,cf4 起飞前预检失败（电压或 EKF 对齐）,0.0,0.0,0.0,0,0.0,global_abort:cf4 起飞前预检失败（电压或 EKF 对齐）,,,,,
0.8174880940005096,1788688521.5633206,control,aborted,1,1,-0.0008001990008779103,3.9747800827026367,3974.0,0,70.0,0.7120476090003649,3.9747800827026367,1,1,0,1.0566622335352516,-0.35984617471694946,-0.3916170001029968,0.03592166677117348,0.00020062504336237907,-0.001132829231210053,-0.0005042210104875267,0.003938870504498482,-0.07422629743814468,-0.030839473009109497,0.028694745153188705,0.09503377228975296,0.031244048848748207,-0.00787739846651338,-0.04002624778641261,0.924336314345464,-0.35984617471694946,-0.3916170001029968,0.03592166677117348,0.924336314345464,0.0,0.0,0.0,0.0,0.0,0.0,-0.0006056331202256152,-0.0012156718411397403,-0.0006212489847188193,0.0,0.0,0.0,-0.00787739846651338,-0.04002624778641261,0.924336314345464,0.0,0.0,0.0,0.0,0.0,0.0,zero,0.0,0.0,0.0,0.0,-0.0006056331202256152,-0.0012156718411397403,-0.0006212489847188193,-0.009688465632371501,-0.040002307947109635,-0.0020886004954312975,1,0.0013480186462402344,,,,,,,,,,,,,,,,,,,,,,0.8174880940005096,5,radio://0/80/2M/E7E7E7E705,4.1887902047863905,aborted,cf4 起飞前预检失败（电压或 EKF 对齐）,0.0,0.0,0.0,0,0.0,global_abort:cf4 起飞前预检失败（电压或 EKF 对齐）,,,,,
0.831743341001129,1788688521.5763125,control,aborted,1,1,0.005810900000142283,3.8850440979003906,3885.0,0,40.0,0.8032148700003745,3.8850440979003906,1,1,0,1.0810688100734358,0.46814411878585815,-0.042329464107751846,0.04533987492322922,-0.0012802486307919025,0.00028774820384569466,5.706150841433555e-05,-0.06613873690366745,0.013284338638186455,-0.007166477385908365,0.0029058214277029037,-0.020025789737701416,0.027961011976003647,-0.052690187749854726,-0.0015458223818301925,3.0414818524849982,0.46814411878585815,-0.042329464107751846,0.04533987492322922,3.0414818524849982,0.0,0.0,0.0,0.0,0.0,0.0,-0.0017752635022996524,0.00025548714162366,-0.000283224104278313,0.0,0.0,0.0,-0.052690187749854726,-0.0015458223818301925,3.0414818524849982,0.0,0.0,0.0,0.0,0.0,0.0,zero,0.0,0.0,0.0,0.0,-0.0017752635022996524,0.00025548714162366,-0.000283224104278313,-0.005509184628894521,-0.005099531524348049,0.017119553266858024,1,0.006236076354980469,,,,,,,,,,,,,,,,,,,,,,0.831743341001129,2,radio://0/80/2M/E7E7E7E702,0.0,aborted,cf4 起飞前预检失败（电压或 EKF 对齐）,0.0,0.0,0.0,0,0.0,global_abort:cf4 起飞前预检失败（电压或 EKF 对齐）,,,,,
0.831743341001129,1788688521.576491,control,aborted,1,1,0.0051878539998142514,3.790029287338257,3790.0,0,20.0,0.7653841789997387,nan,1,0,1,1.0,-0.22226034104824066,0.4493514895439148,0.042474254965782166,-0.00047039904166013,0.0002802917151711881,-0.0012124216882511973,-0.036436378955841064,0.01220625825226307,-0.03973645344376564,-0.021159186959266663,-0.0437760166823864,0.016264045611023903,0.003175641867683357,0.024151197426613244,-0.9862515452443097,-0.22226034104824066,0.4493514895439148,0.042474254965782166,-0.9862515452443097,0.0,0.0,0.0,0.0,0.0,0.0,-0.0015116599454261643,-0.0004508293816607187,-0.001186612427521104,0.0,0.0,0.0,0.003175641867683357,0.024151197426613244,-0.9862515452443097,0.0,0.0,0.0,0.0,0.0,0.0,zero,0.0,0.0,0.0,0.0,-0.0015116599454261643,-0.0004508293816607187,-0.001186612427521104,0.0001430583014507366,-0.009078251144704428,-0.003948086877865263,1,0.006414651870727539,,,,,,,,,,,,,,,,,,,,,,0.831743341001129,4,radio://0/80/2M/E7E7E7E704,2.0943951023931953,aborted,cf4 起飞前预检失败（电压或 EKF 对齐）,0.0,0.0,0.0,0,0.0,global_abort:cf4 起飞前预检失败（电压或 EKF 对齐）,,,,,
0.831743341001129,1788688521.5766106,control,aborted,1,1,0.005569345999901998,3.9747800827026367,3974.0,0,70.0,0.7263028560009843,3.9747800827026367,1,1,0,1.0566622335352516,-0.3598995506763458,-0.3916378915309906,0.036003194749355316,-0.0011567326728254557,-0.0014218302676454186,0.0016086024697870016,-0.030346307903528214,-0.06651312112808228,0.02746950276196003,-0.01714465580880642,0.056139908730983734,0.007646890357136726,-0.009474167603686953,-0.04083816602975277,0.923639791038243,-0.3598995506763458,-0.3916378915309906,0.036003194749355316,0.923639791038243,0.0,0.0,0.0,0.0,0.0,0.0,-0.000642247325126005,-0.0014471855257032285,-0.0005706564509811469,0.0,0.0,0.0,-0.009474167603686953,-0.04083816602975277,0.923639791038243,0.0,0.0,0.0,0.0,0.0,0.0,zero,0.0,0.0,0.0,0.0,-0.000642247325126005,-0.0014471855257032285,-0.0005706564509811469,-0.004518126097985418,-0.028568366378916642,0.006243026379113109,1,0.006534099578857422,,,,,,,,,,,,,,,,,,,,,,0.831743341001129,5,radio://0/80/2M/E7E7E7E705,4.1887902047863905,aborted,cf4 起飞前预检失败（电压或 EKF 对齐）,0.0,0.0,0.0,0,0.0,global_abort:cf4 起飞前预检失败（电压或 EKF 对齐）,,,,,
0.8460676560007414,1788688521.5906482,control,aborted,1,1,0.012135711000155425,3.8850440979003906,3885.0,0,40.0,0.8175391849999869,3.8850440979003906,1,1,0,1.0810688100734358,0.46816301345825195,-0.042342301458120346,0.04532484710216522,-0.0005535894306376576,-8.954126678872854e-05,-0.0003286486607976258,-0.034812092781066895,0.0012303227558732033,-0.015340063720941544,-0.0027978604193776846,-0.029240459203720093,0.018301265314221382,-0.05289561058892141,-0.0020844681155930437,3.0413467821949465,0.46816301345825195,-0.042342301458120346,0.04532484710216522,3.0413467821949465,0.0,0.0,0.0,0.0,0.0,0.0,-0.0017367772417840027,0.0002259404169423672,-0.00016773895413534177,0.0,0.0,0.0,-0.05289561058892141,-0.0020844681155930437,3.0413467821949465,0.0,0.0,0.0,0.0,0.0,0.0,zero,0.0,0.0,0.0,0.0,-0.0017367772417840027,0.0002259404169423672,-0.00016773895413534177,0.004792846687227786,-0.0036795708289087017,0.01438182384754349,1,0.012541770935058594,,,,,,,,,,,,,,,,,,,,,,0.8460676560007414,2,radio://0/80/2M/E7E7E7E702,0.0,aborted,cf4 起飞前预检失败（电压或 EKF 对齐）,0.0,0.0,0.0,0,0.0,global_abort:cf4 起飞前预检失败（电压或 EKF 对齐）,,,,,
0.8460676560007414,1788688521.590846,control,aborted,1,1,0.011650254000414861,3.790029287338257,3790.0,0,20.0,0.779708493999351,nan,1,0,1,1.0,-0.22224850952625275,0.449310839176178,0.04249048978090286,-8.163158781826496e-05,-0.0007882451172918081,-0.0005655768909491599,-0.01946607418358326,-0.016849037259817123,-0.015678202733397484,-0.025675471872091293,-0.042009297758340836,0.007460420019924641,0.0028190389171382267,0.023871284381004273,-0.9864753013217397,-0.22224850952625275,0.449310839176178,0.04249048978090286,-0.9864753013217397,0.0,0.0,0.0,0.0,0.0,0.0,-0.0013905726145560645,-0.000474580020262641,-0.0011587427566100484,0.0,0.0,0.0,0.0028190389171382267,0.023871284381004273,-0.9864753013217397,0.0,0.0,0.0,0.0,0.0,0.0,zero,0.0,0.0,0.0,0.0,-0.0013905726145560645,-0.000474580020262641,-0.0011587427566100484,0.015079485635919918,-0.0029577612378443355,0.0034707206704550036,1,0.01273965835571289,,,,,,,,,,,,,,,,,,,,,,0.8460676560007414,4,radio://0/80/2M/E7E7E7E704,2.0943951023931953,aborted,cf4 起飞前预检失败（电压或 EKF 对齐）,0.0,0.0,0.0,0,0.0,global_abort:cf4 起飞前预检失败（电压或 EKF 对齐）,,,,,
0.8460676560007414,1788688521.5910249,control,aborted,1,1,0.0118833070009714,3.9747800827026367,3974.0,0,70.0,0.7406271710005967,3.9747800827026367,1,1,0,1.0566622335352516,-0.3598734736442566,-0.3916453719139099,0.035954929888248444,-0.0002758855698630214,-0.0013237780658528209,8.47493065521121e-05,-0.0023377910256385803,-0.05076831206679344,-0.01597900316119194,-0.004363473504781723,0.04819775000214577,0.009089626371860504,-0.009103496076130594,-0.04070514315112373,0.9237579476371676,-0.3598734736442566,-0.3916453719139099,0.035954929888248444,0.9237579476371676,0.0,0.0,0.0,0.0,0.0,0.0,-0.0006600014885239155,-0.0015755967386245338,-0.0004139756154759175,0.0,0.0,0.0,-0.009103496076130594,-0.04070514315112373,0.9237579476371676,0.0,0.0,0.0,0.0,0.0,0.0,zero,0.0,0.0,0.0,0.0,-0.0006600014885239155,-0.0015755967386245338,-0.0004139756154759175,-0.0022109963941956494,-0.01599155771973523,0.01951208595851917,1,0.012918472290039062,,,,,,,,,,,,,,,,,,,,,,0.8460676560007414,5,radio://0/80/2M/E7E7E7E705,4.1887902047863905,aborted,cf4 起飞前预检失败（电压或 EKF 对齐）,0.0,0.0,0.0,0,0.0,global_abort:cf4 起飞前预检失败（电压或 EKF 对齐）,,,,,
0.8604249430009077,1788688521.6050007,control,aborted,1,1,0.006676855000478099,3.8850440979003906,3885.0,0,40.0,0.8318964720001532,3.8850440979003906,1,1,0,1.0810688100734358,0.4681493043899536,-0.04230067506432533,0.045325588434934616,-0.0002928402682300657,0.0013825021451339126,-0.0004346219066064805,-0.007436621934175491,0.05408067628741264,-0.019046373665332794,-0.007705678232014179,0.013560207560658455,0.007703482639044523,-0.05306543611035341,-0.0008148886867188395,3.041251876906751,0.4681493043899536,-0.04230067506432533,0.045325588434934616,3.041251876906751,0.0,0.0,0.0,0.0,0.0,0.0,-0.0012124424679867678,0.00011731003604220354,-0.00010072560750121167,0.0,0.0,0.0,-0.05306543611035341,-0.0008148886867188395,3.041251876906751,0.0,0.0,0.0,0.0,0.0,0.0,zero,0.0,0.0,0.0,0.0,-0.0012124424679867678,0.00011731003604220354,-0.00010072560750121167,0.04587616797134364,-0.007750310266551373,0.004619096554005388,1,0.007046699523925781,,,,,,,,,,,,,,,,,,,,,,0.8604249430009077,2,radio://0/80/2M/E7E7E7E702,0.0,aborted,cf4 起飞前预检失败（电压或 EKF 对齐）,0.0,0.0,0.0,0,0.0,global_abort:cf4 起飞前预检失败（电压或 EKF 对齐）,,,,,
0.8604249430009077,1788688521.6051667,control,aborted,1,1,0.00612029799958691,3.790029287338257,3790.0,0,20.0,0.7940657809995173,nan,1,0,1,1.0,-0.2222825288772583,0.44931742548942566,0.04245592653751373,-0.0015183958457782865,-0.001458733226172626,-0.0002386445994488895,-0.06964603066444397,-0.056856993585824966,0.01891843043267727,0.005181949120014906,-0.04178496450185776,0.006890017073601484,0.004415659250889087,0.024121719038402583,-0.9867555283707029,-0.2222825288772583,0.44931742548942566,0.04245592653751373,-0.9867555283707029,0.0,0.0,0.0,0.0,0.0,0.0,-0.000684753153282601,-0.0004264855461863127,-0.0009942094903839828,0.0,0.0,0.0,0.004415659250889087,0.024121719038402583,-0.9867555283707029,0.0,0.0,0.0,0.0,0.0,0.0,zero,0.0,0.0,0.0,0.0,-0.000684753153282601,-0.0004264855461863127,-0.0009942094903839828,0.05887071614914136,0.0031620848884568336,0.014407475047676558,1,0.007212638854980469,,,,,,,,,,,,,,,,,,,,,,0.8604249430009077,4,radio://0/80/2M/E7E7E7E704,2.0943951023931953,aborted,cf4 起飞前预检失败（电压或 EKF 对齐）,0.0,0.0,0.0,0,0.0,global_abort:cf4 起飞前预检失败（电压或 EKF 对齐）,,,,,
0.8604249430009077,1788688521.6052902,control,aborted,1,1,0.006347317999825464,3.9747800827026367,3974.0,0,70.0,0.754984458000763,3.9747800827026367,1,1,0,1.0566622335352516,-0.3598255515098572,-0.39161476492881775,0.035891637206077576,0.0019673588685691357,0.0002918373211286962,-0.0018071795348078012,0.0863322839140892,0.021201513707637787,-0.07395092397928238,-0.08122744411230087,-0.1427675187587738,0.011075248010456562,-0.010446563930964062,-0.044042562466628,0.923943470078843,-0.3598255515098572,-0.39161476492881775,0.035891637206077576,0.923943470078843,0.0,0.0,0.0,0.0,0.0,0.0,-0.000568136706070589,-0.0014884171108237082,6.297172634154124e-05,0.0,0.0,0.0,-0.010446563930964062,-0.044042562466628,0.923943470078843,0.0,0.0,0.0,0.0,0.0,0.0,zero,0.0,0.0,0.0,0.0,-0.000568136706070589,-0.0014884171108237082,6.297172634154124e-05,0.011624256355244644,0.010774195023783975,0.03560260749019484,1,0.007336139678955078,,,,,,,,,,,,,,,,,,,,,,0.8604249430009077,5,radio://0/80/2M/E7E7E7E705,4.1887902047863905,aborted,cf4 起飞前预检失败（电压或 EKF 对齐）,0.0,0.0,0.0,0,0.0,global_abort:cf4 起飞前预检失败（电压或 EKF 对齐）,,,,,
0.8747547399998439,1788688521.6193528,control,aborted,1,1,0.00041582299854781013,3.8850440979003906,3885.0,0,40.0,0.8462262689990894,3.8850440979003906,1,1,0,1.0810688100734358,0.46817073225975037,-0.04233399033546448,0.04531442001461983,6.765393482055515e-05,0.0004870698321610689,-0.00036533514503389597,-0.001191181130707264,0.02312540076673031,-0.008499463088810444,-0.011550769209861755,-0.0009716211352497339,0.005458652041852474,-0.05324997164573614,-0.0014959294061150526,3.041279163581017,0.46817073225975037,-0.04233399033546448,0.04531442001461983,3.041279163581017,0.0,0.0,0.0,0.0,0.0,0.0,-0.0006277051879313427,0.0002884239050868423,-0.00023225792097642895,0.0,0.0,0.0,-0.05324997164573614,-0.0014959294061150526,3.041279163581017,0.0,0.0,0.0,0.0,0.0,0.0,zero,0.0,0.0,0.0,0.0,-0.0006277051879313427,0.0002884239050868423,-0.00023225792097642895,0.0314622692304939,0.009602828085602828,-0.009073138272597599,1,0.0011935234069824219,,,,,,,,,,,,,,,,,,,,,,0.8747547399998439,2,radio://0/80/2M/E7E7E7E702,0.0,aborted,cf4 起飞前预检失败（电压或 EKF 对齐）,0.0,0.0,0.0,0,0.0,global_abort:cf4 起飞前预检失败（电压或 EKF 对齐）,,,,,
0.8747547399998439,1788688521.6197026,control,aborted,1,1,0.000700142998539377,3.790029287338257,3790.0,0,20.0,0.8083955779984535,nan,1,0,1,1.0,-0.22228753566741943,0.4493369162082672,0.042476166039705276,-0.0011334891896694899,-0.0007220386760309339,0.00019908853573724627,-0.039378732442855835,-0.02637784369289875,0.01964169554412365,-0.025683598592877388,-0.006555781699717045,0.004124544095247984,0.0025281280380389944,0.025182797130928917,-0.9869048323251587,-0.22228753566741943,0.4493369162082672,0.042476166039705276,-0.9869048323251587,0.0,0.0,0.0,0.0,0.0,0.0,-0.0005997877287886362,-0.0005704745852771355,-0.0006669496893455391,0.0,0.0,0.0,0.0025281280380389944,0.025182797130928917,-0.9869048323251587,0.0,0.0,0.0,0.0,0.0,0.0,zero,0.0,0.0,0.0,0.0,-0.0005997877287886362,-0.0005704745852771355,-0.0006669496893455391,-0.0023114129915834843,-0.008378009326002212,0.02010630452504793,1,0.001543283462524414,,,,,,,,,,,,,,,,,,,,,,0.8747547399998439,4,radio://0/80/2M/E7E7E7E704,2.0943951023931953,aborted,cf4 起飞前预检失败（电压或 EKF 对齐）,0.0,0.0,0.0,0,0.0,global_abort:cf4 起飞前预检失败（电压或 EKF 对齐）,,,,,
0.8747547399998439,1788688521.6199555,control,aborted,1,1,0.00012587799938046373,3.9747800827026367,3974.0,0,70.0,0.7693142549996992,3.9747800827026367,1,1,0,1.0566622335352516,-0.359866201877594,-0.3916015625,0.03594113513827324,0.0009462671005167067,0.0005796420737169683,-0.0003127500822301954,0.04630507901310921,0.02212844043970108,-0.021786002442240715,-0.007928185164928436,-0.024244798347353935,0.00994126871228218,-0.007913019266795513,-0.03989039022840776,0.9240009846969337,-0.359866201877594,-0.3916015625,0.03594113513827324,0.9240009846969337,0.0,0.0,0.0,0.0,0.0,0.0,-2.4639089879236343e-05,-0.0009141996572676138,-0.000220641729116375,0.0,0.0,0.0,-0.007913019266795513,-0.03989039022840776,0.9240009846969337,0.0,0.0,0.0,0.0,0.0,0.0,zero,0.0,0.0,0.0,0.0,-2.4639089879236343e-05,-0.0009141996572676138,-0.000220641729116375,0.02916940291101127,0.03411639750820885,-0.0188422183597746,1,0.0017962455749511719,,,,,,,,,,,,,,,,,,,,,,0.8747547399998439,5,radio://0/80/2M/E7E7E7E705,4.1887902047863905,aborted,cf4 起飞前预检失败（电压或 EKF 对齐）,0.0,0.0,0.0,0,0.0,global_abort:cf4 起飞前预检失败（电压或 EKF 对齐）,,,,,
0.8889103060009802,1788688521.6335273,control,aborted,1,1,0.014571388999684132,3.8850440979003906,3885.0,0,40.0,0.8603818350002257,3.8850440979003906,1,1,0,1.0810688100734358,0.46817073225975037,-0.04233399033546448,0.04531442001461983,6.765393482055515e-05,0.0004870698321610689,-0.00036533514503389597,-0.001191181130707264,0.02312540076673031,-0.008499463088810444,-0.011550769209861755,-0.0009716211352497339,0.005458652041852474,-0.05324997164573614,-0.0014959294061150526,3.041279163581017,0.46817073225975037,-0.04233399033546448,0.04531442001461983,3.041279163581017,0.0,0.0,0.0,0.0,0.0,0.0,-0.0006277051879313427,0.0002884239050868423,-0.00023225792097642895,0.0,0.0,0.0,-0.05324997164573614,-0.0014959294061150526,3.041279163581017,0.0,0.0,0.0,0.0,0.0,0.0,zero,0.0,0.0,0.0,0.0,-0.0006277051879313427,0.0002884239050868423,-0.00023225792097642895,0.0314622692304939,0.009602828085602828,-0.009073138272597599,1,0.015367984771728516,,,,,,,,,,,,,,,,,,,,,,0.8889103060009802,2,radio://0/80/2M/E7E7E7E702,0.0,aborted,cf4 起飞前预检失败（电压或 EKF 对齐）,0.0,0.0,0.0,0,0.0,global_abort:cf4 起飞前预检失败（电压或 EKF 对齐）,,,,,
0.8889103060009802,1788688521.6338036,control,aborted,1,1,0.014855708999675699,3.790029287338257,3790.0,0,20.0,0.8225511439995898,nan,1,0,1,1.0,-0.22228753566741943,0.4493369162082672,0.042476166039705276,-0.0011334891896694899,-0.0007220386760309339,0.00019908853573724627,-0.039378732442855835,-0.02637784369289875,0.01964169554412365,-0.025683598592877388,-0.006555781699717045,0.004124544095247984,0.0025281280380389944,0.025182797130928917,-0.9869048323251587,-0.22228753566741943,0.4493369162082672,0.042476166039705276,-0.9869048323251587,0.0,0.0,0.0,0.0,0.0,0.0,-0.0005997877287886362,-0.0005704745852771355,-0.0006669496893455391,0.0,0.0,0.0,0.0025281280380389944,0.025182797130928917,-0.9869048323251587,0.0,0.0,0.0,0.0,0.0,0.0,zero,0.0,0.0,0.0,0.0,-0.0005997877287886362,-0.0005704745852771355,-0.0006669496893455391,-0.0023114129915834843,-0.008378009326002212,0.02010630452504793,1,0.015644311904907227,,,,,,,,,,,,,,,,,,,,,,0.8889103060009802,4,radio://0/80/2M/E7E7E7E704,2.0943951023931953,aborted,cf4 起飞前预检失败（电压或 EKF 对齐）,0.0,0.0,0.0,0,0.0,global_abort:cf4 起飞前预检失败（电压或 EKF 对齐）,,,,,
0.8889103060009802,1788688521.634034,control,aborted,1,1,0.014281444000516785,3.9747800827026367,3974.0,0,70.0,0.7834698210008355,3.9747800827026367,1,1,0,1.0566622335352516,-0.359866201877594,-0.3916015625,0.03594113513827324,0.0009462671005167067,0.0005796420737169683,-0.0003127500822301954,0.04630507901310921,0.02212844043970108,-0.021786002442240715,-0.007928185164928436,-0.024244798347353935,0.00994126871228218,-0.007913019266795513,-0.03989039022840776,0.9240009846969337,-0.359866201877594,-0.3916015625,0.03594113513827324,0.9240009846969337,0.0,0.0,0.0,0.0,0.0,0.0,-2.4639089879236343e-05,-0.0009141996572676138,-0.000220641729116375,0.0,0.0,0.0,-0.007913019266795513,-0.03989039022840776,0.9240009846969337,0.0,0.0,0.0,0.0,0.0,0.0,zero,0.0,0.0,0.0,0.0,-2.4639089879236343e-05,-0.0009141996572676138,-0.000220641729116375,0.02916940291101127,0.03411639750820885,-0.0188422183597746,1,0.015874624252319336,,,,,,,,,,,,,,,,,,,,,,0.8889103060009802,5,radio://0/80/2M/E7E7E7E705,4.1887902047863905,aborted,cf4 起飞前预检失败（电压或 EKF 对齐）,0.0,0.0,0.0,0,0.0,global_abort:cf4 起飞前预检失败（电压或 EKF 对齐）,,,,,
0.9031883740008197,1788688521.6477904,control,aborted,1,1,0.007234388000142644,3.8850440979003906,3885.0,0,40.0,0.8746599030000652,3.8850440979003906,1,1,0,1.0810688100734358,0.4681820273399353,-0.04234868288040161,0.04532623663544655,0.0005799396312795579,4.673580406233668e-06,0.00015987131337169558,0.019263826310634613,0.002957809716463089,0.010856606997549534,-0.009818083606660366,-0.0118185393512249,0.01014783140271902,-0.052939334038223734,-0.0019619957559860834,3.0414100977274754,0.4681820273399353,-0.04234868288040161,0.04532623663544655,3.0414100977274754,0.0,0.0,0.0,0.0,0.0,0.0,-1.5559711268280769e-06,0.0003796703058356022,-0.0004020390769117337,0.0,0.0,0.0,-0.052939334038223734,-0.0019619957559860834,3.0414100977274754,0.0,0.0,0.0,0.0,0.0,0.0,zero,0.0,0.0,0.0,0.0,-1.5559711268280769e-06,0.0003796703058356022,-0.0004020390769117337,0.047432125402401576,0.006136083333767969,-0.011432442231470547,1,0.007986307144165039,,,,,,,,,,,,,,,,,,,,,,0.9031883740008197,2,radio://0/80/2M/E7E7E7E702,0.0,aborted,cf4 起飞前预检失败（电压或 EKF 对齐）,0.0,0.0,0.0,0,0.0,global_abort:cf4 起飞前预检失败（电压或 EKF 对齐）,,,,,
0.9031883740008197,1788688521.648149,control,aborted,1,1,0.0075929110007564304,3.790029287338257,3790.0,0,20.0,0.8368292119994294,nan,1,0,1,1.0,-0.22226017713546753,0.44932740926742554,0.04249782860279083,-0.00016732703079469502,-0.0010223517892882228,0.0014021189417690039,-0.002077009528875351,-0.03383965417742729,0.062116339802742004,0.0026258998550474644,-0.013042420148849487,-0.020921234041452408,0.003924423083343416,0.025199540335841767,-0.9873006238160078,-0.22226017713546753,0.44932740926742554,0.04249782860279083,-0.9873006238160078,0.0,0.0,0.0,0.0,0.0,0.0,-0.0008321803592015523,-0.0006482078695731448,-9.491134685225627e-05,0.0,0.0,0.0,0.003924423083343416,0.025199540335841767,-0.9873006238160078,0.0,0.0,0.0,0.0,0.0,0.0,zero,0.0,0.0,0.0,0.0,-0.0008321803592015523,-0.0006482078695731448,-9.491134685225627e-05,-0.01640253266280845,-0.005888659612709908,0.045055303050287605,1,0.008344888687133789,,,,,,,,,,,,,,,,,,,,,,0.9031883740008197,4,radio://0/80/2M/E7E7E7E704,2.0943951023931953,aborted,cf4 起飞前预检失败（电压或 EKF 对齐）,0.0,0.0,0.0,0,0.0,global_abort:cf4 起飞前预检失败（电压或 EKF 对齐）,,,,,
0.9031883740008197,1788688521.6484058,control,aborted,1,1,0.006991338999796426,3.9747800827026367,3974.0,0,70.0,0.7977478890006751,3.9747800827026367,1,1,0,1.0566622335352516,-0.3598704934120178,-0.39161333441734314,0.035976801067590714,0.00037838288699276745,0.0016112264711409807,0.0007663892465643585,0.013527979142963886,0.07385741174221039,0.018703140318393707,-0.04681513458490372,-0.003049144521355629,0.009829005226492882,-0.009609067907134467,-0.040718315703784244,0.9238939816142621,-0.3598704934120178,-0.39161333441734314,0.035976801067590714,0.9238939816142621,0.0,0.0,0.0,0.0,0.0,0.0,0.0005430885709916116,-7.04636937049613e-05,-0.00040797218206586254,0.0,0.0,0.0,-0.009609067907134467,-0.040718315703784244,0.9238939816142621,0.0,0.0,0.0,0.0,0.0,0.0,zero,0.0,0.0,0.0,0.0,0.0005430885709916116,-7.04636937049613e-05,-0.00040797218206586254,0.043266401673005155,0.06519398850455571,-0.011273619490470592,1,0.008601665496826172,,,,,,,,,,,,,,,,,,,,,,0.9031883740008197,5,radio://0/80/2M/E7E7E7E705,4.1887902047863905,aborted,cf4 起飞前预检失败（电压或 EKF 对齐）,0.0,0.0,0.0,0,0.0,global_abort:cf4 起飞前预检失败（电压或 EKF 对齐）,,,,,
0.9175730429997202,1788688521.6621723,control,aborted,1,1,0.012848732998463674,3.8850440979003906,3885.0,0,40.0,0.8890445719989657,3.8850440979003906,1,1,0,1.0810688100734358,0.4681418836116791,-0.04236316680908203,0.04534884914755821,-0.0005138182314112782,-0.00034904226777143776,0.0006786639569327235,-0.011229303665459156,-0.006249113939702511,0.021321378648281097,-0.006181569769978523,0.015601133927702904,-0.0029538720846176147,-0.0528699083617335,-0.0009587656878182348,3.0409017440567694,0.4681418836116791,-0.04236316680908203,0.04534884914755821,3.0409017440567694,0.0,0.0,0.0,0.0,0.0,0.0,0.00017770460375810869,0.00036015157782773625,-0.00038132199472436473,0.0,0.0,0.0,-0.0528699083617335,-0.0009587656878182348,3.0409017440567694,0.0,0.0,0.0,0.0,0.0,0.0,zero,0.0,0.0,0.0,0.0,0.00017770460375810869,0.00036015157782773625,-0.00038132199472436473,0.02183139797567334,-0.002377104499370041,0.002523047058269755,1,0.01415705680847168,,,,,,,,,,,,,,,,,,,,,,0.9175730429997202,2,radio://0/80/2M/E7E7E7E702,0.0,aborted,cf4 起飞前预检失败（电压或 EKF 对齐）,0.0,0.0,0.0,0,0.0,global_abort:cf4 起飞前预检失败（电压或 EKF 对齐）,,,,,
0.9175730429997202,1788688521.662432,control,aborted,1,1,0.012489990998801659,3.790029287338257,3790.0,0,20.0,0.8512138809983298,nan,1,0,1,1.0,-0.22222985327243805,0.4494108557701111,0.04249914735555649,0.0006047285278327763,0.0012146024964749813,0.0011538156541064382,0.017143141478300095,0.02741316892206669,0.0436452180147171,-0.01839996874332428,-0.023140817880630493,0.006910964846611023,0.0031069100415126653,0.024674433046483393,-0.9863312768360147,-0.22222985327243805,0.4494108557701111,0.04249914735555649,-0.9863312768360147,0.0,0.0,0.0,0.0,0.0,0.0,-0.0008138529491860785,-0.0006348808921585057,0.00016911852336456225,0.0,0.0,0.0,0.0031069100415126653,0.024674433046483393,-0.9863312768360147,0.0,0.0,0.0,0.0,0.0,0.0,zero,0.0,0.0,0.0,0.0,-0.0008138529491860785,-0.0006348808921585057,0.00016911852336456225,0.0022320188483606774,0.0016230370115601115,0.032155097002609836,1,0.014416694641113281,,,,,,,,,,,,,,,,,,,,,,0.9175730429997202,4,radio://0/80/2M/E7E7E7E704,2.0943951023931953,aborted,cf4 起飞前预检失败（电压或 EKF 对齐）,0.0,0.0,0.0,0,0.0,global_abort:cf4 起飞前预检失败（电压或 EKF 对齐）,,,,,
0.9175730429997202,1788688521.662655,control,aborted,1,1,0.013111623999066069,3.9747800827026367,3974.0,0,70.0,0.8121325579995755,3.9747800827026367,1,1,0,1.0566622335352516,-0.3598962128162384,-0.391654908657074,0.03595126047730446,-0.00032373424619436264,0.00027636869344860315,-8.973816875368357e-06,-0.006278892979025841,0.026573162525892258,-0.003922796808183193,-0.0073286984115839005,-0.01488347165286541,0.01701083406805992,-0.008387892846577738,-0.04122582780930248,0.9242744713942452,-0.3598962128162384,-0.391654908657074,0.03595126047730446,0.9242744713942452,0.0,0.0,0.0,0.0,0.0,0.0,0.0006673153034917991,0.0002414424279702509,-0.0003680592947467527,0.0,0.0,0.0,-0.008387892846577738,-0.04122582780930248,0.9242744713942452,0.0,0.0,0.0,0.0,0.0,0.0,zero,0.0,0.0,0.0,0.0,0.0006673153034917991,0.0002414424279702509,-0.0003680592947467527,0.015129055779107623,0.037985746044333024,0.004860824127006149,1,0.014639854431152344,,,,,,,,,,,,,,,,,,,,,,0.9175730429997202,5,radio://0/80/2M/E7E7E7E705,4.1887902047863905,aborted,cf4 起飞前预检失败（电压或 EKF 对齐）,0.0,0.0,0.0,0,0.0,global_abort:cf4 起飞前预检失败（电压或 EKF 对齐）,,,,,
0.9317690220013901,1788688521.6763835,control,aborted,1,1,0.00817354400169279,3.8850440979003906,3885.0,0,40.0,0.9032405510006356,3.8850440979003906,1,1,0,1.0810688100734358,0.4681384265422821,-0.042349979281425476,0.04532216489315033,-0.006695913150906563,0.0012073214165866375,-0.00018421946151647717,-0.868984043598175,0.18260376155376434,-0.04943598806858063,0.06658067554235458,0.037695009261369705,-0.016694145277142525,-0.05285622175259009,-0.0010538033726572465,3.0412292141550585,0.4681384265422821,-0.042349979281425476,0.04532216489315033,3.0412292141550585,0.0,0.0,0.0,0.0,0.0,0.0,8.489684450755741e-05,-0.00011175268512030222,0.0002728437490226472,0.0,0.0,0.0,-0.05285622175259009,-0.0010538033726572465,3.0412292141550585,0.0,0.0,0.0,0.0,0.0,0.0,zero,0.0,0.0,0.0,0.0,8.489684450755741e-05,-0.00011175268512030222,0.0002728437490226472,-0.03082605108803109,-0.14231577607984702,0.19769148491046856,1,0.008576393127441406,,,,,,,,,,,,,,,,,,,,,,0.9317690220013901,2,radio://0/80/2M/E7E7E7E702,0.0,aborted,cf4 起飞前预检失败（电压或 EKF 对齐）,0.0,0.0,0.0,0,0.0,global_abort:cf4 起飞前预检失败（电压或 EKF 对齐）,,,,,
0.9317690220013901,1788688521.676647,control,aborted,1,1,0.007878464000896201,3.790029287338257,3790.0,0,20.0,0.8654098599999998,nan,1,0,1,1.0,-0.22227276861667633,0.44935667514801025,0.04249761998653412,-0.002468308201059699,-0.0009096059948205948,0.002967953449115157,-0.3362874388694763,-0.16636411845684052,0.3120312988758087,-0.05063391476869583,-0.12511518597602844,-0.056252799928188324,0.0026400781385568857,0.025148427129174606,-0.9872330497602945,-0.22227276861667633,0.44935667514801025,0.04249761998653412,-0.9872330497602945,0.0,0.0,0.0,0.0,0.0,0.0,7.053969448412092e-05,0.00022854252809263774,0.0010542125598978144,0.0,0.0,0.0,0.0026400781385568857,0.025148427129174606,-0.9872330497602945,0.0,0.0,0.0,0.0,0.0,0.0,zero,0.0,0.0,0.0,0.0,7.053969448412092e-05,0.00022854252809263774,0.0010542125598978144,0.26664594015605714,0.26108411481339205,0.2679891492132965,1,0.008839845657348633,,,,,,,,,,,,,,,,,,,,,,0.9317690220013901,4,radio://0/80/2M/E7E7E7E704,2.0943951023931953,aborted,cf4 起飞前预检失败（电压或 EKF 对齐）,0.0,0.0,0.0,0,0.0,global_abort:cf4 起飞前预检失败（电压或 EKF 对齐）,,,,,
0.9317690220013901,1788688521.6768653,control,aborted,1,1,0.00766673700127285,3.9747800827026367,3974.0,0,70.0,0.8263285370012454,3.9747800827026367,1,1,0,1.0566622335352516,-0.35986965894699097,-0.39163529872894287,0.03588715195655823,0.0032401825301349163,-0.002090495079755783,-0.0056259301491081715,0.4414766728878021,-0.3290632367134094,-0.687940776348114,-0.09909927099943161,-0.25184914469718933,-0.12675841152668,-0.009283608146907272,-0.043078729701449714,0.9234721624434392,-0.35986965894699097,-0.39163529872894287,0.03588715195655823,0.9234721624434392,0.0,0.0,0.0,0.0,0.0,0.0,0.00012948904999184627,0.000790443635252884,3.1092650102549735e-05,0.0,0.0,0.0,-0.009283608146907272,-0.043078729701449714,0.9234721624434392,0.0,0.0,0.0,0.0,0.0,0.0,zero,0.0,0.0,0.0,0.0,0.00012948904999184627,0.000790443635252884,3.1092650102549735e-05,-0.16182819465811787,0.16452399661372433,0.11824630138583185,1,0.009058237075805664,,,,,,,,,,,,,,,,,,,,,,0.9317690220013901,5,radio://0/80/2M/E7E7E7E705,4.1887902047863905,aborted,cf4 起飞前预检失败（电压或 EKF 对齐）,0.0,0.0,0.0,0,0.0,global_abort:cf4 起飞前预检失败（电压或 EKF 对齐）,,,,,
0.9460840589999862,1788688521.6906817,control,aborted,1,1,0.0012182720001874259,3.8850440979003906,3885.0,0,40.0,0.9175555879992316,3.8850440979003906,1,1,0,1.0810688100734358,0.46815919876098633,-0.04235491901636124,0.04531269893050194,-0.003905931720510125,0.0006554361316375434,-0.0003172526485286653,-0.5074574947357178,0.10663624852895737,-0.03466561809182167,0.04238629341125488,0.013090220279991627,-0.014334311708807945,-0.052882670593029965,-0.0017039982635526332,3.041099149470341,0.46815919876098633,-0.04235491901636124,0.04531269893050194,3.041099149470341,0.0,0.0,0.0,0.0,0.0,0.0,-0.0017493411676795733,8.978050813521035e-05,0.0003726013866242558,0.0,0.0,0.0,-0.052882670593029965,-0.0017039982635526332,3.041099149470341,0.0,0.0,0.0,0.0,0.0,0.0,zero,0.0,0.0,0.0,0.0,-0.0017493411676795733,8.978050813521035e-05,0.0003726013866242558,-0.10633403305755257,0.017629480163712682,-0.0020670851330408134,1,0.002360105514526367,,,,,,,,,,,,,,,,,,,,,,0.9460840589999862,2,radio://0/80/2M/E7E7E7E702,0.0,aborted,cf4 起飞前预检失败（电压或 EKF 对齐）,0.0,0.0,0.0,0,0.0,global_abort:cf4 起飞前预检失败（电压或 EKF 对齐）,,,,,
0.9460840589999862,1788688521.6908917,control,aborted,1,1,0.001451530999474926,3.790029287338257,3790.0,0,20.0,0.8797248969985958,nan,1,0,1,1.0,-0.22229710221290588,0.44937679171562195,0.042487967759370804,-0.002111628884449601,-0.0002015425416175276,0.001847137464210391,-0.21131327748298645,-0.09359987080097198,0.18280504643917084,-0.027405206114053726,-0.07671765238046646,-0.03443187102675438,0.0029637391470615647,0.025184752608082422,-0.9870932010224536,-0.22229710221290588,0.44937679171562195,0.042487967759370804,-0.9870932010224536,0.0,0.0,0.0,0.0,0.0,0.0,-0.0002721338116827364,0.00024545279976925826,0.0017140856062674626,0.0,0.0,0.0,0.0029637391470615647,0.025184752608082422,-0.9870932010224536,0.0,0.0,0.0,0.0,0.0,0.0,zero,0.0,0.0,0.0,0.0,-0.0002721338116827364,0.00024545279976925826,0.0017140856062674626,-0.0310156320192531,-0.008996290821177382,0.027379846632886354,1,0.0025701522827148438,,,,,,,,,,,,,,,,,,,,,,0.9460840589999862,4,radio://0/80/2M/E7E7E7E704,2.0943951023931953,aborted,cf4 起飞前预检失败（电压或 EKF 对齐）,0.0,0.0,0.0,0,0.0,global_abort:cf4 起飞前预检失败（电压或 EKF 对齐）,,,,,
0.9460840589999862,1788688521.6910212,control,aborted,1,1,0.0018302219996257918,3.9747800827026367,3974.0,0,70.0,0.8406435739998415,3.9747800827026367,1,1,0,1.0566622335352516,-0.35986125469207764,-0.3916250467300415,0.0359644740819931,0.0021639433689415455,-0.001242686528712511,-0.002254327991977334,0.2626458704471588,-0.1977374255657196,-0.38206061720848083,-0.06839632987976074,-0.122034952044487,-0.07731238752603531,-0.00936258275754131,-0.0404234394970763,0.9237012285300774,-0.35986125469207764,-0.3916250467300415,0.0359644740819931,0.9237012285300774,0.0,0.0,0.0,0.0,0.0,0.0,0.0008146085244743626,0.0002467750433532112,-0.0012141536146178724,0.0,0.0,0.0,-0.00936258275754131,-0.0404234394970763,0.9237012285300774,0.0,0.0,0.0,0.0,0.0,0.0,zero,0.0,0.0,0.0,0.0,0.0008146085244743626,0.0002467750433532112,-0.0012141536146178724,0.04775357211432361,-0.03782404717380462,-0.07446855340182972,1,0.002699613571166992,,,,,,,,,,,,,,,,,,,,,,0.9460840589999862,5,radio://0/80/2M/E7E7E7E705,4.1887902047863905,aborted,cf4 起飞前预检失败（电压或 EKF 对齐）,0.0,0.0,0.0,0,0.0,global_abort:cf4 起飞前预检失败（电压或 EKF 对齐）,,,,,
0.9603332060014509,1788688521.7049162,control,aborted,1,1,0.006423679000363336,3.8850440979003906,3885.0,0,40.0,0.9318047350006964,3.8850440979003906,1,1,0,1.0810688100734358,0.4681563377380371,-0.04232511296868324,0.04534776508808136,-0.003183087334036827,0.0011321536730974913,0.0004612666380126029,-0.39122578501701355,0.09503021836280823,-0.011856935918331146,0.04126536101102829,0.0180466640740633,-0.011033683083951473,-0.052521925599339096,-0.001331949177888239,3.041100829187097,0.4681563377380371,-0.04232511296868324,0.04534776508808136,3.041100829187097,0.0,0.0,0.0,0.0,0.0,0.0,-0.002678369351604639,0.00030215052243023617,0.0003005959964212986,0.0,0.0,0.0,-0.052521925599339096,-0.001331949177888239,3.041100829187097,0.0,0.0,0.0,0.0,0.0,0.0,zero,0.0,0.0,0.0,0.0,-0.002678369351604639,0.00030215052243023617,0.0003005959964212986,-0.094741584476881,0.021657331820313742,-0.007343054685254299,1,0.006788730621337891,,,,,,,,,,,,,,,,,,,,,,0.9603332060014509,2,radio://0/80/2M/E7E7E7E702,0.0,aborted,cf4 起飞前预检失败（电压或 EKF 对齐）,0.0,0.0,0.0,0,0.0,global_abort:cf4 起飞前预检失败（电压或 EKF 对齐）,,,,,
0.9603332060014509,1788688521.7051847,control,aborted,1,1,0.006262986000365345,3.790029287338257,3790.0,0,20.0,0.8939740440000605,nan,1,0,1,1.0,-0.22225840389728546,0.4493398666381836,0.04246247932314873,-0.0009001673897728324,-0.0009142099297605455,0.0009579500183463097,-0.14434650540351868,-0.08941260725259781,0.12811173498630524,-0.03279571235179901,-0.07055637240409851,-0.022641126066446304,0.0024365871059999662,0.024733816158604205,-0.9868538244424695,-0.22225840389728546,0.4493398666381836,0.04246247932314873,-0.9868538244424695,0.0,0.0,0.0,0.0,0.0,0.0,-0.0006466325026566001,8.866334174509753e-05,0.0018473706754402043,0.0,0.0,0.0,0.0024365871059999662,0.024733816158604205,-0.9868538244424695,0.0,0.0,0.0,0.0,0.0,0.0,zero,0.0,0.0,0.0,0.0,-0.0006466325026566001,8.866334174509753e-05,0.0018473706754402043,-0.03819109041178829,-0.015989269151901808,0.013592309532726473,1,0.00705718994140625,,,,,,,,,,,,,,,,,,,,,,0.9603332060014509,4,radio://0/80/2M/E7E7E7E704,2.0943951023931953,aborted,cf4 起飞前预检失败（电压或 EKF 对齐）,0.0,0.0,0.0,0,0.0,global_abort:cf4 起飞前预检失败（电压或 EKF 对齐）,,,,,
0.9603332060014509,1788688521.7055058,control,aborted,1,1,0.006155883000246831,3.9747800827026367,3974.0,0,70.0,0.8548927210013062,3.9747800827026367,1,1,0,1.0566622335352516,-0.3598581850528717,-0.3916245996952057,0.03593379631638527,0.0017937507946044207,-0.000985033344477415,-0.002429043175652623,0.20256774127483368,-0.15293587744235992,-0.30921128392219543,-0.047737374901771545,-0.12299113720655441,-0.06232637166976929,-0.009019816338473399,-0.04166737954194544,0.9236892551752838,-0.3598581850528717,-0.3916245996952057,0.03593379631638527,0.9236892551752838,0.0,0.0,0.0,0.0,0.0,0.0,0.001292865965480818,-0.0001628732951001374,-0.0018398115023451065,0.0,0.0,0.0,-0.009019816338473399,-0.04166737954194544,0.9236892551752838,0.0,0.0,0.0,0.0,0.0,0.0,zero,0.0,0.0,0.0,0.0,0.001292865965480818,-0.0001628732951001374,-0.0018398115023451065,0.04877232847487514,-0.04177562460959988,-0.0638041134266792,1,0.007378339767456055,,,,,,,,,,,,,,,,,,,,,,0.9603332060014509,5,radio://0/80/2M/E7E7E7E705,4.1887902047863905,aborted,cf4 起飞前预检失败（电压或 EKF 对齐）,0.0,0.0,0.0,0,0.0,global_abort:cf4 起飞前预检失败（电压或 EKF 对齐）,,,,,
0.9746473390005121,1788688521.7192636,control,aborted,1,1,0.020737811999424594,3.8850440979003906,3885.0,0,40.0,0.9461188679997576,3.8850440979003906,1,1,0,1.0810688100734358,0.4681563377380371,-0.04232511296868324,0.04534776508808136,-0.003183087334036827,0.0011321536730974913,0.0004612666380126029,-0.39122578501701355,0.09503021836280823,-0.011856935918331146,0.04126536101102829,0.0180466640740633,-0.011033683083951473,-0.052521925599339096,-0.001331949177888239,3.041100829187097,0.4681563377380371,-0.04232511296868324,0.04534776508808136,3.041100829187097,0.0,0.0,0.0,0.0,0.0,0.0,-0.002678369351604639,0.00030215052243023617,0.0003005959964212986,0.0,0.0,0.0,-0.052521925599339096,-0.001331949177888239,3.041100829187097,0.0,0.0,0.0,0.0,0.0,0.0,zero,0.0,0.0,0.0,0.0,-0.002678369351604639,0.00030215052243023617,0.0003005959964212986,-0.094741584476881,0.021657331820313742,-0.007343054685254299,1,0.021136045455932617,,,,,,,,,,,,,,,,,,,,,,0.9746473390005121,2,radio://0/80/2M/E7E7E7E702,0.0,aborted,cf4 起飞前预检失败（电压或 EKF 对齐）,0.0,0.0,0.0,0,0.0,global_abort:cf4 起飞前预检失败（电压或 EKF 对齐）,,,,,
0.9746473390005121,1788688521.7195392,control,aborted,1,1,0.020577118999426602,3.790029287338257,3790.0,0,20.0,0.9082881769991218,nan,1,0,1,1.0,-0.22225840389728546,0.4493398666381836,0.04246247932314873,-0.0009001673897728324,-0.0009142099297605455,0.0009579500183463097,-0.14434650540351868,-0.08941260725259781,0.12811173498630524,-0.03279571235179901,-0.07055637240409851,-0.022641126066446304,0.0024365871059999662,0.024733816158604205,-0.9868538244424695,-0.22225840389728546,0.4493398666381836,0.04246247932314873,-0.9868538244424695,0.0,0.0,0.0,0.0,0.0,0.0,-0.0006466325026566001,8.866334174509753e-05,0.0018473706754402043,0.0,0.0,0.0,0.0024365871059999662,0.024733816158604205,-0.9868538244424695,0.0,0.0,0.0,0.0,0.0,0.0,zero,0.0,0.0,0.0,0.0,-0.0006466325026566001,8.866334174509753e-05,0.0018473706754402043,-0.03819109041178829,-0.015989269151901808,0.013592309532726473,1,0.021411657333374023,,,,,,,,,,,,,,,,,,,,,,0.9746473390005121,4,radio://0/80/2M/E7E7E7E704,2.0943951023931953,aborted,cf4 起飞前预检失败（电压或 EKF 对齐）,0.0,0.0,0.0,0,0.0,global_abort:cf4 起飞前预检失败（电压或 EKF 对齐）,,,,,
0.9746473390005121,1788688521.7197664,control,aborted,1,1,0.02047001599930809,3.9747800827026367,3974.0,0,70.0,0.8692068540003675,3.9747800827026367,1,1,0,1.0566622335352516,-0.3598581850528717,-0.3916245996952057,0.03593379631638527,0.0017937507946044207,-0.000985033344477415,-0.002429043175652623,0.20256774127483368,-0.15293587744235992,-0.30921128392219543,-0.047737374901771545,-0.12299113720655441,-0.06232637166976929,-0.009019816338473399,-0.04166737954194544,0.9236892551752838,-0.3598581850528717,-0.3916245996952057,0.03593379631638527,0.9236892551752838,0.0,0.0,0.0,0.0,0.0,0.0,0.001292865965480818,-0.0001628732951001374,-0.0018398115023451065,0.0,0.0,0.0,-0.009019816338473399,-0.04166737954194544,0.9236892551752838,0.0,0.0,0.0,0.0,0.0,0.0,zero,0.0,0.0,0.0,0.0,0.001292865965480818,-0.0001628732951001374,-0.0018398115023451065,0.04877232847487514,-0.04177562460959988,-0.0638041134266792,1,0.021638870239257812,,,,,,,,,,,,,,,,,,,,,,0.9746473390005121,5,radio://0/80/2M/E7E7E7E705,4.1887902047863905,aborted,cf4 起飞前预检失败（电压或 EKF 对齐）,0.0,0.0,0.0,0,0.0,global_abort:cf4 起飞前预检失败（电压或 EKF 对齐）,,,,,
0.9889026310011104,1788688521.7334952,control,aborted,1,1,0.00238837700089789,3.8850440979003906,3885.0,0,40.0,0.9603741600003559,3.8850440979003906,1,1,0,1.0810688100734358,0.4681536853313446,-0.04236858710646629,0.04534876346588135,-0.0018829458858817816,0.00010726801701821387,0.0006105678039602935,-0.22920233011245728,0.044266171753406525,-0.0002532126381993294,-0.0029313135892152786,0.02055317908525467,-0.009314463473856449,-0.05380903568380851,-0.0015240797041444136,3.0410910507760107,0.4681536853313446,-0.04236858710646629,0.04534876346588135,3.0410910507760107,0.0,0.0,0.0,0.0,0.0,0.0,-0.0034970472453080843,0.0009659550601648029,0.00019766870158173316,0.0,0.0,0.0,-0.05380903568380851,-0.0015240797041444136,3.0410910507760107,0.0,0.0,0.0,0.0,0.0,0.0,zero,0.0,0.0,0.0,0.0,-0.0034970472453080843,0.0009659550601648029,0.00019766870158173316,-0.02866762868953995,0.02714123731924107,-0.0030190392597200543,1,0.0028264522552490234,,,,,,,,,,,,,,,,,,,,,,0.9889026310011104,2,radio://0/80/2M/E7E7E7E702,0.0,aborted,cf4 起飞前预检失败（电压或 EKF 对齐）,0.0,0.0,0.0,0,0.0,global_abort:cf4 起飞前预检失败（电压或 EKF 对齐）,,,,,
0.9889026310011104,1788688521.7337506,control,aborted,1,1,0.002077901999655296,3.790029287338257,3790.0,0,20.0,0.9225434689997201,nan,1,0,1,1.0,-0.22226421535015106,0.4493473172187805,0.042465370148420334,-0.00034829287324100733,-0.00011821812950074673,-6.424763705581427e-05,-0.07968295365571976,-0.0395461767911911,0.05555763840675354,-0.039558108896017075,-0.039525605738162994,-0.010070832446217537,0.0023586382162334523,0.02495209090167771,-0.9872387067117464,-0.22226421535015106,0.4493473172187805,0.042465370148420334,-0.9872387067117464,0.0,0.0,0.0,0.0,0.0,0.0,-0.0012972344938211031,-0.0007975973882839515,0.0012151481600554154,0.0,0.0,0.0,0.0023586382162334523,0.02495209090167771,-0.9872387067117464,0.0,0.0,0.0,0.0,0.0,0.0,zero,0.0,0.0,0.0,0.0,-0.0012972344938211031,-0.0007975973882839515,0.0012151481600554154,-0.02446607761604386,-0.039016066484744844,-0.03219706719204029,1,0.003081798553466797,,,,,,,,,,,,,,,,,,,,,,0.9889026310011104,4,radio://0/80/2M/E7E7E7E704,2.0943951023931953,aborted,cf4 起飞前预检失败（电压或 EKF 对齐）,0.0,0.0,0.0,0,0.0,global_abort:cf4 起飞前预检失败（电压或 EKF 对齐）,,,,,
0.9889026310011104,1788688521.7339756,control,aborted,1,1,0.001903745000163326,3.9747800827026367,3974.0,0,70.0,0.8834621460009657,3.9747800827026367,1,1,0,1.0566622335352516,-0.35986682772636414,-0.3916252851486206,0.03593842685222626,0.001417282735928893,-0.0003652053128462285,-0.000787477008998394,0.13074637949466705,-0.08457332849502563,-0.1627705991268158,-0.03374623879790306,-0.07708948850631714,-0.046566858887672424,-0.008892520885252534,-0.04050238584061246,0.9237795824195962,-0.35986682772636414,-0.3916252851486206,0.03593842685222626,0.9237795824195962,0.0,0.0,0.0,0.0,0.0,0.0,0.001873201693925426,-0.0011716900275068754,-0.002534866595147667,0.0,0.0,0.0,-0.008892520885252534,-0.04050238584061246,0.9237795824195962,0.0,0.0,0.0,0.0,0.0,0.0,zero,0.0,0.0,0.0,0.0,0.001873201693925426,-0.0011716900275068754,-0.002534866595147667,0.021800538399278705,-0.04207498009456618,-0.02597122645527399,1,0.003306865692138672,,,,,,,,,,,,,,,,,,,,,,0.9889026310011104,5,radio://0/80/2M/E7E7E7E705,4.1887902047863905,aborted,cf4 起飞前预检失败（电压或 EKF 对齐）,0.0,0.0,0.0,0,0.0,global_abort:cf4 起飞前预检失败（电压或 EKF 对齐）,,,,,
1.0046208270014176,1788688521.749215,control,aborted,1,1,0.0014118180006335024,3.8850440979003906,3885.0,0,40.0,0.9760923560006631,3.8850440979003906,1,1,0,1.0810688100734358,0.4681398272514343,-0.04234499856829643,0.04533233866095543,-0.0018940758891403675,0.0023213091772049665,0.0002846559800673276,-0.16482722759246826,0.19089826941490173,-0.00028323568403720856,0.028173431754112244,0.04456201195716858,-0.030675997957587242,-0.052349627881305275,-0.0012991032575162334,3.041194166217886,0.4681398272514343,-0.04234499856829643,0.04533233866095543,3.041194166217886,0.0,0.0,0.0,0.0,0.0,0.0,-0.0030187425229434624,0.0008207376512606041,0.000272605578926049,0.0,0.0,0.0,-0.052349627881305275,-0.0012991032575162334,3.041194166217886,0.0,0.0,0.0,0.0,0.0,0.0,zero,0.0,0.0,0.0,0.0,-0.0030187425229434624,0.0008207376512606041,0.000272605578926049,0.07884646657069766,-0.023553253344206628,0.011950792640937546,1,0.0023119449615478516,,,,,,,,,,,,,,,,,,,,,,1.0046208270014176,2,radio://0/80/2M/E7E7E7E702,0.0,aborted,cf4 起飞前预检失败（电压或 EKF 对齐）,0.0,0.0,0.0,0,0.0,global_abort:cf4 起飞前预检失败（电压或 EKF 对齐）,,,,,
1.0046208270014176,1788688521.7494829,control,aborted,1,1,0.0018499070010875585,3.790029287338257,3790.0,0,20.0,0.9382616650000273,nan,1,0,1,1.0,-0.222299724817276,0.44934800267219543,0.04247153177857399,-0.0023400532081723213,-0.0011309535475447774,0.000503154587931931,-0.18673871457576752,-0.11264336854219437,0.07556532323360443,0.1165214478969574,0.05145527049899101,0.006837294436991215,0.004016029684013076,0.024841302365566455,-0.9865553285161527,-0.222299724817276,0.44934800267219543,0.04247153177857399,-0.9865553285161527,0.0,0.0,0.0,0.0,0.0,0.0,-0.0011110490848348763,-0.0008154081424108585,0.0005454886930802059,0.0,0.0,0.0,0.004016029684013076,0.024841302365566455,-0.9865553285161527,0.0,0.0,0.0,0.0,0.0,0.0,zero,0.0,0.0,0.0,0.0,-0.0011110490848348763,-0.0008154081424108585,0.0005454886930802059,0.030000524198496088,-0.0010893186429953765,-0.10663017659871507,1,0.002579927444458008,,,,,,,,,,,,,,,,,,,,,,1.0046208270014176,4,radio://0/80/2M/E7E7E7E704,2.0943951023931953,aborted,cf4 起飞前预检失败（电压或 EKF 对齐）,0.0,0.0,0.0,0,0.0,global_abort:cf4 起飞前预检失败（电压或 EKF 对齐）,,,,,
1.0046208270014176,1788688521.7497094,control,aborted,1,1,0.0015829490002943203,3.9747800827026367,3974.0,0,70.0,0.899180342001273,3.9747800827026367,1,1,0,1.0566622335352516,-0.35991162061691284,-0.3916214108467102,0.03597366809844971,0.0008644309127703309,-0.0010939650237560272,0.0025940395426005125,0.10728597640991211,-0.12513680756092072,0.1290232539176941,-0.08625178039073944,-0.06361515074968338,-0.09120464324951172,-0.009430788636374442,-0.041608576883419804,0.9234050565807065,-0.35991162061691284,-0.3916214108467102,0.03597366809844971,0.9234050565807065,0.0,0.0,0.0,0.0,0.0,0.0,0.0016666735221051432,-0.0011243429192902366,-0.002082625430022259,0.0,0.0,0.0,-0.009430788636374442,-0.041608576883419804,0.9234050565807065,0.0,0.0,0.0,0.0,0.0,0.0,zero,0.0,0.0,0.0,0.0,0.0016666735221051432,-0.0011243429192902366,-0.002082625430022259,-0.035113144468781186,0.009610486351848377,0.07714146974690508,1,0.002806425094604492,,,,,,,,,,,,,,,,,,,,,,1.0046208270014176,5,radio://0/80/2M/E7E7E7E705,4.1887902047863905,aborted,cf4 起飞前预检失败（电压或 EKF 对齐）,0.0,0.0,0.0,0,0.0,global_abort:cf4 起飞前预检失败（电压或 EKF 对齐）,,,,,
1.0175429780010745,1788688521.7621667,control,aborted,1,1,0.01176983600089443,3.8850440979003906,3885.0,0,40.0,0.98901450700032,3.8850440979003906,1,1,0,1.0810688100734358,0.4681594669818878,-0.04238474741578102,0.045337386429309845,-0.00025139935314655304,-0.0007008815882727504,0.0005525602027773857,-0.026151806116104126,-0.04176624119281769,0.017013657838106155,-0.027243303135037422,0.05027438700199127,-0.009877895005047321,-0.05312346959180434,-0.0010601471126539992,3.0414097286181327,0.4681594669818878,-0.04238474741578102,0.045337386429309845,3.0414097286181327,0.0,0.0,0.0,0.0,0.0,0.0,-0.002801706314282436,0.0007665636134755963,0.00030239579704277565,0.0,0.0,0.0,-0.05312346959180434,-0.0010601471126539992,3.0414097286181327,0.0,0.0,0.0,0.0,0.0,0.0,zero,0.0,0.0,0.0,0.0,-0.002801706314282436,0.0007665636134755963,0.00030239579704277565,0.06983091731603078,-0.01743037614128639,0.009584936407476144,1,0.012155771255493164,,,,,,,,,,,,,,,,,,,,,,1.0175429780010745,2,radio://0/80/2M/E7E7E7E702,0.0,aborted,cf4 起飞前预检失败（电压或 EKF 对齐）,0.0,0.0,0.0,0,0.0,global_abort:cf4 起飞前预检失败（电压或 EKF 对齐）,,,,,
1.0175429780010745,1788688521.762559,control,aborted,1,1,0.011307439001029707,3.790029287338257,3790.0,0,20.0,0.9511838159996842,nan,1,0,1,1.0,-0.2222924381494522,0.44931766390800476,0.042453832924366,-0.0014031288446858525,-0.0028571314178407192,-0.0007364379707723856,-0.0890977680683136,-0.20119819045066833,-0.0193183496594429,0.08114514499902725,0.07425355911254883,-0.04453611746430397,0.003808979491209402,0.025358530014557512,-0.9873306335291997,-0.2222924381494522,0.44931766390800476,0.042453832924366,-0.9873306335291997,0.0,0.0,0.0,0.0,0.0,0.0,-0.0010474424356817717,-0.0008250861180789599,0.0002806488047945394,0.0,0.0,0.0,0.003808979491209402,0.025358530014557512,-0.9873306335291997,0.0,0.0,0.0,0.0,0.0,0.0,zero,0.0,0.0,0.0,0.0,-0.0010474424356817717,-0.0008250861180789599,0.0002806488047945394,0.020465297865101525,-0.0031138671415020104,-0.08521164489077356,1,0.012547969818115234,,,,,,,,,,,,,,,,,,,,,,1.0175429780010745,4,radio://0/80/2M/E7E7E7E704,2.0943951023931953,aborted,cf4 起飞前预检失败（电压或 EKF 对齐）,0.0,0.0,0.0,0,0.0,global_abort:cf4 起飞前预检失败（电压或 EKF 对齐）,,,,,
1.0175429780010745,1788688521.762908,control,aborted,1,1,0.011523576000399771,3.9747800827026367,3974.0,0,70.0,0.9121024930009298,3.9747800827026367,1,1,0,1.0566622335352516,-0.35990411043167114,-0.3916539251804352,0.03598242625594139,0.0011748422402888536,-0.0029675434343516827,0.0026388391852378845,0.1058044582605362,-0.22067849338054657,0.10610156506299973,-0.10015302896499634,-0.0554191991686821,-0.056009940803050995,-0.00992587115082946,-0.0416763746693305,0.9236693507240062,-0.35990411043167114,-0.3916539251804352,0.03598242625594139,0.9236693507240062,0.0,0.0,0.0,0.0,0.0,0.0,0.0015676510797261321,-0.0011040092383348288,-0.0018318806003383879,0.0,0.0,0.0,-0.00992587115082946,-0.0416763746693305,0.9236693507240062,0.0,0.0,0.0,0.0,0.0,0.0,zero,0.0,0.0,0.0,0.0,0.0015676510797261321,-0.0011040092383348288,-0.0018318806003383879,-0.031860250549252504,0.006542316612917336,0.08067659114163694,1,0.012897014617919922,,,,,,,,,,,,,,,,,,,,,,1.0175429780010745,5,radio://0/80/2M/E7E7E7E705,4.1887902047863905,aborted,cf4 起飞前预检失败（电压或 EKF 对齐）,0.0,0.0,0.0,0,0.0,global_abort:cf4 起飞前预检失败（电压或 EKF 对齐）,,,,,
1.0317718030000833,1788688521.7763836,control,aborted,1,1,0.008164504999513156,3.8850440979003906,3885.0,0,40.0,1.0032433319993288,3.8850440979003906,1,1,0,1.0810688100734358,0.4681130647659302,-0.042375437915325165,0.045303456485271454,-0.0007229301845654845,-0.0004560163652058691,6.049295188859105e-05,-0.026223989203572273,-0.0306593906134367,0.008077442646026611,-0.012494758702814579,0.04076692834496498,-0.00906407367438078,-0.05229636504722349,-0.0010169782476492817,3.0413039980473138,0.4681130647659302,-0.042375437915325165,0.045303456485271454,3.0413039980473138,0.0,0.0,0.0,0.0,0.0,0.0,-0.001944712312276779,0.0004959966195568965,0.00033571156081684043,0.0,0.0,0.0,-0.05229636504722349,-0.0010169782476492817,3.0413039980473138,0.0,0.0,0.0,0.0,0.0,0.0,zero,0.0,0.0,0.0,0.0,-0.001944712312276779,0.0004959966195568965,0.00033571156081684043,0.04818614095378219,-0.01521315117246472,0.0018732430862327073,1,0.00858759880065918,,,,,,,,,,,,,,,,,,,,,,1.0317718030000833,2,radio://0/80/2M/E7E7E7E702,0.0,aborted,cf4 起飞前预检失败（电压或 EKF 对齐）,0.0,0.0,0.0,0,0.0,global_abort:cf4 起飞前预检失败（电压或 EKF 对齐）,,,,,
1.0317718030000833,1788688521.7769635,control,aborted,1,1,0.00793427299868199,3.790029287338257,3790.0,0,20.0,0.965412640998693,nan,1,0,1,1.0,-0.22226575016975403,0.44933420419692993,0.0424564927816391,-0.0008223865297622979,-0.00209970329888165,-0.0005592392990365624,-0.06474754214286804,-0.15244099497795105,-0.013462012633681297,0.04667333513498306,0.041596122086048126,-0.027517203241586685,0.0022043370125626733,0.023772898452408386,-0.9866139056059313,-0.22226575016975403,0.44933420419692993,0.0424564927816391,-0.9866139056059313,0.0,0.0,0.0,0.0,0.0,0.0,-0.0011986845896021505,-0.0013757805044878992,-6.51737273621031e-05,0.0,0.0,0.0,0.0022043370125626733,0.023772898452408386,-0.9866139056059313,0.0,0.0,0.0,0.0,0.0,0.0,zero,0.0,0.0,0.0,0.0,-0.0011986845896021505,-0.0013757805044878992,-6.51737273621031e-05,-0.008503881859038831,-0.030963854197176257,-0.01944453898218047,1,0.00916743278503418,,,,,,,,,,,,,,,,,,,,,,1.0317718030000833,4,radio://0/80/2M/E7E7E7E704,2.0943951023931953,aborted,cf4 起飞前预检失败（电压或 EKF 对齐）,0.0,0.0,0.0,0,0.0,global_abort:cf4 起飞前预检失败（电压或 EKF 对齐）,,,,,
1.0317718030000833,1788688521.7772312,control,aborted,1,1,0.007736329000181286,3.9747800827026367,3974.0,0,70.0,0.9263313179999386,3.9747800827026367,1,1,0,1.0566622335352516,-0.35986289381980896,-0.3916422426700592,0.03595428913831711,0.0014033704064786434,-0.002242660615593195,0.0017946588341146708,0.08721344918012619,-0.16839121282100677,0.07538812607526779,-0.06702571362257004,-0.022853566333651543,-0.04696892574429512,-0.00875268516042709,-0.03976797907359285,0.9234592232173876,-0.35986289381980896,-0.3916422426700592,0.03595428913831711,0.9234592232173876,0.0,0.0,0.0,0.0,0.0,0.0,0.001374171458484086,-0.001568143733646464,-9.974453687636652e-05,0.0,0.0,0.0,-0.00875268516042709,-0.03976797907359285,0.9234592232173876,0.0,0.0,0.0,0.0,0.0,0.0,zero,0.0,0.0,0.0,0.0,0.001374171458484086,-0.001568143733646464,-9.974453687636652e-05,-0.01087876493771783,-0.02609685734119219,0.09739269155883706,1,0.009435176849365234,,,,,,,,,,,,,,,,,,,,,,1.0317718030000833,5,radio://0/80/2M/E7E7E7E705,4.1887902047863905,aborted,cf4 起飞前预检失败（电压或 EKF 对齐）,0.0,0.0,0.0,0,0.0,global_abort:cf4 起飞前预检失败（电压或 EKF 对齐）,,,,,
1.0460790050001378,1788688521.790665,control,aborted,1,1,0.0054812589987705,3.8850440979003906,3885.0,0,40.0,1.0175505339993833,3.8850440979003906,1,1,0,1.0810688100734358,0.46813154220581055,-0.04233790561556816,0.0453222282230854,-0.00017956297961063683,0.0007461876375600696,0.0005588178755715489,-0.005835241172462702,0.02181398868560791,0.02300797589123249,0.048929836601018906,0.04126078635454178,-0.014257867820560932,-0.05188460664275879,-0.0011015162452704748,3.040965904278259,0.46813154220581055,-0.04233790561556816,0.0453222282230854,3.040965904278259,0.0,0.0,0.0,0.0,0.0,0.0,-0.0006837251078269061,-5.517794305504069e-05,0.0003224409401732779,0.0,0.0,0.0,-0.05188460664275879,-0.0011015162452704748,3.040965904278259,0.0,0.0,0.0,0.0,0.0,0.0,zero,0.0,0.0,0.0,0.0,-0.0006837251078269061,-5.517794305504069e-05,0.0003224409401732779,0.13274803702989768,-0.056933230634498865,-0.0016070777267480098,1,0.0065991878509521484,,,,,,,,,,,,,,,,,,,,,,1.0460790050001378,2,radio://0/80/2M/E7E7E7E702,0.0,aborted,cf4 起飞前预检失败（电压或 EKF 对齐）,0.0,0.0,0.0,0,0.0,global_abort:cf4 起飞前预检失败（电压或 EKF 对齐）,,,,,
1.0460790050001378,1788688521.7908783,control,aborted,1,1,0.006049785999493906,3.790029287338257,3790.0,0,20.0,0.9797198429987475,nan,1,0,1,1.0,-0.22229555249214172,0.4493512511253357,0.042453180998563766,-0.001704205060377717,-0.000419850111939013,-0.0009620776982046664,-0.08480824530124664,-0.030565600842237473,-0.03884798660874367,0.035349782556295395,0.001039937138557434,-0.039944738149642944,0.002902948014155478,0.024618947545888135,-0.9872071229595737,-0.22229555249214172,0.4493512511253357,0.042453180998563766,-0.9872071229595737,0.0,0.0,0.0,0.0,0.0,0.0,-0.0012321149129339154,-0.0021212125729039204,-0.0005225499647476125,0.0,0.0,0.0,0.002902948014155478,0.024618947545888135,-0.9872071229595737,0.0,0.0,0.0,0.0,0.0,0.0,zero,0.0,0.0,0.0,0.0,-0.0012321149129339154,-0.0021212125729039204,-0.0005225499647476125,-0.002587113913422649,-0.0751139038966744,-0.04755751823547362,1,0.006812572479248047,,,,,,,,,,,,,,,,,,,,,,1.0460790050001378,4,radio://0/80/2M/E7E7E7E704,2.0943951023931953,aborted,cf4 起飞前预检失败（电压或 EKF 对齐）,0.0,0.0,0.0,0,0.0,global_abort:cf4 起飞前预检失败（电压或 EKF 对齐）,,,,,
1.0460790050001378,1788688521.7910364,control,aborted,1,1,0.005718890999560244,3.9747800827026367,3974.0,0,70.0,0.9406385199999932,3.9747800827026367,1,1,0,1.0566622335352516,-0.3598487675189972,-0.39163506031036377,0.035940978676080704,0.003961665090173483,-0.002337651327252388,0.001293396926485002,0.22582268714904785,-0.14807036519050598,0.049606531858444214,-0.046071380376815796,-0.0705854594707489,0.024740785360336304,-0.008672763189299859,-0.04122787755911366,0.9244529606810561,-0.3598487675189972,-0.39163506031036377,0.035940978676080704,0.9244529606810561,0.0,0.0,0.0,0.0,0.0,0.0,0.0010755975209663544,-0.002162542109200057,0.002042113895491561,0.0,0.0,0.0,-0.008672763189299859,-0.04122787755911366,0.9244529606810561,0.0,0.0,0.0,0.0,0.0,0.0,zero,0.0,0.0,0.0,0.0,0.0010755975209663544,-0.002162542109200057,0.002042113895491561,-0.030130899413393673,-0.06018959313334018,0.22017612167945597,1,0.006970643997192383,,,,,,,,,,,,,,,,,,,,,,1.0460790050001378,5,radio://0/80/2M/E7E7E7E705,4.1887902047863905,aborted,cf4 起飞前预检失败（电压或 EKF 对齐）,0.0,0.0,0.0,0,0.0,global_abort:cf4 起飞前预检失败（电压或 EKF 对齐）,,,,,
1.0603512710003997,1788688521.804983,control,aborted,1,1,0.006665827000688296,3.8850440979003906,3885.0,0,40.0,1.0318227999996452,3.8850440979003906,1,1,0,1.0810688100734358,0.4681413471698761,-0.042342524975538254,0.04535378888249397,0.00016296679677907377,0.00040944910142570734,0.0012893036473542452,0.00580032030120492,0.0069791339337825775,0.037046998739242554,0.025999000295996666,0.014909502118825912,-0.011392165906727314,-0.05209072740116724,-0.0016553775758545092,3.041050489313699,0.4681413471698761,-0.042342524975538254,0.04535378888249397,3.041050489313699,0.0,0.0,0.0,0.0,0.0,0.0,-1.4002801819771541e-06,-0.00020993288793474116,0.000347848248883833,0.0,0.0,0.0,-0.05209072740116724,-0.0016553775758545092,3.041050489313699,0.0,0.0,0.0,0.0,0.0,0.0,zero,0.0,0.0,0.0,0.0,-1.4002801819771541e-06,-0.00020993288793474116,0.000347848248883833,0.03984255201302778,-0.004782633451903352,0.0033410170653799627,1,0.0070841312408447266,,,,,,,,,,,,,,,,,,,,,,1.0603512710003997,2,radio://0/80/2M/E7E7E7E702,0.0,aborted,cf4 起飞前预检失败（电压或 EKF 对齐）,0.0,0.0,0.0,0,0.0,global_abort:cf4 起飞前预检失败（电压或 EKF 对齐）,,,,,
1.0603512710003997,1788688521.8052497,control,aborted,1,1,0.0064470349989278475,3.790029287338257,3790.0,0,20.0,0.9939921089990094,nan,1,0,1,1.0,-0.22223763167858124,0.44936713576316833,0.04248509183526039,0.0002657005679793656,0.0003390884958207607,9.874325769487768e-05,-0.008490835316479206,0.006193574517965317,-0.001320831011980772,0.037549182772636414,0.010209840722382069,-0.035832323133945465,0.0034792577137046066,0.02509257253467383,-0.9875709773937151,-0.22223763167858124,0.44936713576316833,0.04248509183526039,-0.9875709773937151,0.0,0.0,0.0,0.0,0.0,0.0,-0.0011333958208743268,-0.002193149173095454,-0.0006851527551657375,0.0,0.0,0.0,0.0034792577137046066,0.02509257253467383,-0.9875709773937151,0.0,0.0,0.0,0.0,0.0,0.0,zero,0.0,0.0,0.0,0.0,-0.0011333958208743268,-0.002193149173095454,-0.0006851527551657375,0.01234736087922477,0.006882997632985683,-0.005143140751207114,1,0.007350921630859375,,,,,,,,,,,,,,,,,,,,,,1.0603512710003997,4,radio://0/80/2M/E7E7E7E704,2.0943951023931953,aborted,cf4 起飞前预检失败（电压或 EKF 对齐）,0.0,0.0,0.0,0,0.0,global_abort:cf4 起飞前预检失败（电压或 EKF 对齐）,,,,,
1.0603512710003997,1788688521.8054705,control,aborted,1,1,0.006230827999388566,3.9747800827026367,3974.0,0,70.0,0.954910786000255,3.9747800827026367,1,1,0,1.0566622335352516,-0.35987260937690735,-0.39159196615219116,0.03587517887353897,0.002086939522996545,-0.00023805745877325535,-0.0010426129447296262,0.10186046361923218,-0.03640655055642128,-0.033376388251781464,-0.024477781727910042,-0.029803283512592316,0.004591906443238258,-0.008628445689093605,-0.04084517856683682,0.9238438502908047,-0.35987260937690735,-0.39159196615219116,0.03587517887353897,0.9238438502908047,0.0,0.0,0.0,0.0,0.0,0.0,0.0012096904008439806,-0.0023612987803329592,0.002779765179467452,0.0,0.0,0.0,-0.008628445689093605,-0.04084517856683682,0.9238438502908047,0.0,0.0,0.0,0.0,0.0,0.0,zero,0.0,0.0,0.0,0.0,0.0012096904008439806,-0.0023612987803329592,0.002779765179467452,0.01664205685774081,-0.006698767015158442,0.027833840271600654,1,0.007571697235107422,,,,,,,,,,,,,,,,,,,,,,1.0603512710003997,5,radio://0/80/2M/E7E7E7E705,4.1887902047863905,aborted,cf4 起飞前预检失败（电压或 EKF 对齐）,0.0,0.0,0.0,0,0.0,global_abort:cf4 起飞前预检失败（电压或 EKF 对齐）,,,,,
1.0746273350014235,1788688521.8192456,control,aborted,1,1,0.009463460000915802,3.8850440979003906,3885.0,0,40.0,1.046098864000669,3.8850440979003906,1,1,0,1.0810688100734358,0.46815380454063416,-0.04234176129102707,0.04534842446446419,0.0003471899253781885,0.0003408509655855596,0.0009380769333802164,0.007846600376069546,0.004389379173517227,0.023524612188339233,0.021692661568522453,0.014517224393785,-0.019853021949529648,-0.05203839490104359,-0.0015389017413702235,3.04042654209237,0.46815380454063416,-0.04234176129102707,0.04534842446446419,3.04042654209237,0.0,0.0,0.0,0.0,0.0,0.0,0.00016056097120024874,-0.00012186942808079525,0.0004719945984538053,0.0,0.0,0.0,-0.05203839490104359,-0.0015389017413702235,3.04042654209237,0.0,0.0,0.0,0.0,0.0,0.0,zero,0.0,0.0,0.0,0.0,0.00016056097120024874,-0.00012186942808079525,0.0004719945984538053,0.014094543737524652,0.007663649644568018,0.010803733232083593,1,0.00985574722290039,,,,,,,,,,,,,,,,,,,,,,1.0746273350014235,2,radio://0/80/2M/E7E7E7E702,0.0,aborted,cf4 起飞前预检失败（电压或 EKF 对齐）,0.0,0.0,0.0,0,0.0,global_abort:cf4 起飞前预检失败（电压或 EKF 对齐）,,,,,
1.0746273350014235,1788688521.8194919,control,aborted,1,1,0.00923033300023235,3.790029287338257,3790.0,0,20.0,1.0082681730000331,nan,1,0,1,1.0,-0.22223682701587677,0.4493263363838196,0.04250955209136009,0.00022656534565612674,-0.00043882906902581453,0.0005047173472121358,-0.00747380405664444,-0.008584541268646717,0.006009181961417198,0.03014892153441906,0.018237682059407234,-0.018723424524068832,0.003500106332290597,0.02566914488053353,-0.9869975309370913,-0.22223682701587677,0.4493263363838196,0.04250955209136009,-0.9869975309370913,0.0,0.0,0.0,0.0,0.0,0.0,-0.0008304747720778268,-0.0018047978501990998,-0.0005269936027803714,0.0,0.0,0.0,0.003500106332290597,0.02566914488053353,-0.9869975309370913,0.0,0.0,0.0,0.0,0.0,0.0,zero,0.0,0.0,0.0,0.0,-0.0008304747720778268,-0.0018047978501990998,-0.0005269936027803714,0.02636145334048499,0.03379595217605804,0.013763669221871706,1,0.010102033615112305,,,,,,,,,,,,,,,,,,,,,,1.0746273350014235,4,radio://0/80/2M/E7E7E7E704,2.0943951023931953,aborted,cf4 起飞前预检失败（电压或 EKF 对齐）,0.0,0.0,0.0,0,0.0,global_abort:cf4 起飞前预检失败（电压或 EKF 对齐）,,,,,
1.0746273350014235,1788688521.8196967,control,aborted,1,1,0.009012911001264001,3.9747800827026367,3974.0,0,70.0,0.9691868500012788,3.9747800827026367,1,1,0,1.0566622335352516,-0.35990703105926514,-0.39159199595451355,0.03588671237230301,0.001070453436113894,-0.00019096466712653637,-0.0006333535420708358,0.0637967586517334,-0.02830560691654682,-0.019578084349632263,-0.01727576181292534,-0.02019752934575081,0.01709851063787937,-0.008527292595444097,-0.04062913617067855,0.9246140098923357,-0.35990703105926514,-0.39159199595451355,0.03588671237230301,0.9246140098923357,0.0,0.0,0.0,0.0,0.0,0.0,0.0013728861893818577,-0.002068557314847842,0.0022750154060292055,0.0,0.0,0.0,-0.008527292595444097,-0.04062913617067855,0.9246140098923357,0.0,0.0,0.0,0.0,0.0,0.0,zero,0.0,0.0,0.0,0.0,0.0013728861893818577,-0.002068557314847842,0.0022750154060292055,0.014201978310840337,0.025475583535284112,-0.04392543091335834,1,0.010306835174560547,,,,,,,,,,,,,,,,,,,,,,1.0746273350014235,5,radio://0/80/2M/E7E7E7E705,4.1887902047863905,aborted,cf4 起飞前预检失败（电压或 EKF 对齐）,0.0,0.0,0.0,0,0.0,global_abort:cf4 起飞前预检失败（电压或 EKF 对齐）,,,,,
1.0889397950013517,1788688521.8335493,control,aborted,1,1,0.0050953860009030905,3.8850440979003906,3885.0,0,40.0,1.0604113240005972,3.8850440979003906,1,1,0,1.0810688100734358,0.4681318998336792,-0.04236458241939545,0.04531093314290047,-0.0002035395009443164,-4.7349480155389756e-05,0.0003654767060652375,-0.0062025426886975765,-0.0006007228512316942,0.015882574021816254,0.021997133269906044,0.021555108949542046,0.006436046678572893,-0.05224845066799474,-0.0012874083892081343,3.041459906386857,0.4681318998336792,-0.04236458241939545,0.04531093314290047,3.041459906386857,0.0,0.0,0.0,0.0,0.0,0.0,0.0002954454373091048,5.622979523850549e-05,0.0006224004512923098,0.0,0.0,0.0,-0.05224845066799474,-0.0012874083892081343,3.041459906386857,0.0,0.0,0.0,0.0,0.0,0.0,zero,0.0,0.0,0.0,0.0,0.0002954454373091048,5.622979523850549e-05,0.0006224004512923098,0.0061809832438516005,0.009859868019784066,0.005815090970814951,1,0.005555868148803711,,,,,,,,,,,,,,,,,,,,,,1.0889397950013517,2,radio://0/80/2M/E7E7E7E702,0.0,aborted,cf4 起飞前预检失败（电压或 EKF 对齐）,0.0,0.0,0.0,0,0.0,global_abort:cf4 起飞前预检失败（电压或 EKF 对齐）,,,,,
1.0889397950013517,1788688521.8338017,control,aborted,1,1,0.004585068001688342,3.790029287338257,3790.0,0,20.0,1.0225806329999614,nan,1,0,1,1.0,-0.22225883603096008,0.4493536651134491,0.042504169046878815,0.0006885576294735074,-1.9066210370510817e-06,0.0008728987886570394,0.029190851375460625,-0.0029672770760953426,0.027912955731153488,0.0015699304640293121,0.024327637627720833,-0.0202155951410532,0.002772214822954365,0.025034991849654777,-0.9871035445891951,-0.22225883603096008,0.4493536651134491,0.042504169046878815,-0.9871035445891951,0.0,0.0,0.0,0.0,0.0,0.0,-0.00035544921528224665,-0.0008560912889183957,-0.00015024212106261894,0.0,0.0,0.0,0.002772214822954365,0.025034991849654777,-0.9871035445891951,0.0,0.0,0.0,0.0,0.0,0.0,zero,0.0,0.0,0.0,0.0,-0.00035544921528224665,-0.0008560912889183957,-0.00015024212106261894,0.02754786257306642,0.06150653955797713,0.023945399502189327,1,0.005808353424072266,,,,,,,,,,,,,,,,,,,,,,1.0889397950013517,4,radio://0/80/2M/E7E7E7E704,2.0943951023931953,aborted,cf4 起飞前预检失败（电压或 EKF 对齐）,0.0,0.0,0.0,0,0.0,global_abort:cf4 起飞前预检失败（电压或 EKF 对齐）,,,,,
1.0889397950013517,1788688521.83401,control,aborted,1,1,0.004784181001014076,3.9747800827026367,3974.0,0,70.0,0.983499310001207,3.9747800827026367,1,1,0,1.0566622335352516,-0.3598538935184479,-0.39160117506980896,0.035902634263038635,0.0017146288882941008,-0.00038543768459931016,0.0004152508918195963,0.053934596478939056,-0.024234015494585037,0.021755216643214226,-0.034252140671014786,-0.037828441709280014,0.009588299319148064,-0.009696213082270349,-0.04274165000129086,0.9241483879446062,-0.3598538935184479,-0.39160117506980896,0.035902634263038635,0.9241483879446062,0.0,0.0,0.0,0.0,0.0,0.0,0.0015125056928007113,-0.0011473851526853395,0.0007599189399487339,0.0,0.0,0.0,-0.009696213082270349,-0.04274165000129086,0.9241483879446062,0.0,0.0,0.0,0.0,0.0,0.0,zero,0.0,0.0,0.0,0.0,0.0015125056928007113,-0.0011473851526853395,0.0007599189399487339,0.007411639915389355,0.06034134174785,-0.0975468830274854,1,0.00601649284362793,,,,,,,,,,,,,,,,,,,,,,1.0889397950013517,5,radio://0/80/2M/E7E7E7E705,4.1887902047863905,aborted,cf4 起飞前预检失败（电压或 EKF 对齐）,0.0,0.0,0.0,0,0.0,global_abort:cf4 起飞前预检失败（电压或 EKF 对齐）,,,,,
1.10326671599978,1788688521.847853,control,aborted,1,1,0.00546136299999489,3.8850440979003906,3885.0,0,40.0,1.0747382449990255,3.8850440979003906,1,1,0,1.0810688100734358,0.4681577980518341,-0.042379289865493774,0.04529815539717674,0.0002189867227571085,-0.0002547119802329689,0.00010399862367194146,0.0012672841548919678,-0.0035377307794988155,0.008851079270243645,0.008600370027124882,0.00709934625774622,0.0027718092314898968,-0.05285852651900033,-0.001983031881556141,3.041335040214866,0.4681577980518341,-0.042379289865493774,0.04529815539717674,3.041335040214866,0.0,0.0,0.0,0.0,0.0,0.0,0.00023233160506429457,3.94162662351446e-05,0.0005230390405099749,0.0,0.0,0.0,-0.05285852651900033,-0.001983031881556141,3.041335040214866,0.0,0.0,0.0,0.0,0.0,0.0,zero,0.0,0.0,0.0,0.0,0.00023233160506429457,3.94162662351446e-05,0.0005230390405099749,-0.004653002162689597,-0.001239560077918031,-0.007325317490859703,1,0.006295442581176758,,,,,,,,,,,,,,,,,,,,,,1.10326671599978,2,radio://0/80/2M/E7E7E7E702,0.0,aborted,cf4 起飞前预检失败（电压或 EKF 对齐）,0.0,0.0,0.0,0,0.0,global_abort:cf4 起飞前预检失败（电压或 EKF 对齐）,,,,,
1.10326671599978,1788688521.8480968,control,aborted,1,1,0.005673207999279839,3.790029287338257,3790.0,0,20.0,1.0369075539983896,nan,1,0,1,1.0,-0.22227869927883148,0.44934242963790894,0.04248575493693352,0.0002580015570856631,-0.0001671703066676855,0.0004268391930963844,0.01700497791171074,-0.00481030996888876,0.0157540924847126,0.0025003692135214806,0.01583469845354557,-0.015322721563279629,0.0028580414560692396,0.024788787063719103,-0.9870465681151769,-0.22227869927883148,0.44934242963790894,0.04248575493693352,-0.9870465681151769,0.0,0.0,0.0,0.0,0.0,0.0,-0.0001576912836411123,-0.0004528175581323924,6.714948006742797e-05,0.0,0.0,0.0,0.0028580414560692396,0.024788787063719103,-0.9870465681151769,0.0,0.0,0.0,0.0,0.0,0.0,zero,0.0,0.0,0.0,0.0,-0.0001576912836411123,-0.0004528175581323924,6.714948006742797e-05,0.014579499467660415,0.02973093971262492,0.01602697149311257,1,0.006539344787597656,,,,,,,,,,,,,,,,,,,,,,1.10326671599978,4,radio://0/80/2M/E7E7E7E704,2.0943951023931953,aborted,cf4 起飞前预检失败（电压或 EKF 对齐）,0.0,0.0,0.0,0,0.0,global_abort:cf4 起飞前预检失败（电压或 EKF 对齐）,,,,,
1.10326671599978,1788688521.8484354,control,aborted,1,1,0.005886549999559065,3.9747800827026367,3974.0,0,70.0,0.9978262309996353,3.9747800827026367,1,1,0,1.0566622335352516,-0.3599243462085724,-0.39161282777786255,0.03590735048055649,0.0003330166218802333,-0.00048014643834903836,0.0004017320752609521,0.022778522223234177,-0.02078350819647312,0.01720486581325531,-0.0402766615152359,-0.020027637481689453,0.00022584060207009315,-0.010547787384135136,-0.04205256764752139,0.9236359642342422,-0.3599243462085724,-0.39161282777786255,0.03590735048055649,0.9236359642342422,0.0,0.0,0.0,0.0,0.0,0.0,0.0014818175506112333,-0.0007665469826455839,0.0002926329198742314,0.0,0.0,0.0,-0.010547787384135136,-0.04205256764752139,0.9236359642342422,0.0,0.0,0.0,0.0,0.0,0.0,zero,0.0,0.0,0.0,0.0,0.0014818175506112333,-0.0007665469826455839,0.0002926329198742314,-0.002262451619522886,0.028076901145159726,-0.03445017969385091,1,0.006877899169921875,,,,,,,,,,,,,,,,,,,,,,1.10326671599978,5,radio://0/80/2M/E7E7E7E705,4.1887902047863905,aborted,cf4 起飞前预检失败（电压或 EKF 对齐）,0.0,0.0,0.0,0,0.0,global_abort:cf4 起飞前预检失败（电压或 EKF 对齐）,,,,,
1.1175574110002344,1788688521.862151,control,aborted,1,1,0.0028976989997318015,3.8850440979003906,3885.0,0,40.0,1.08902893999948,3.8850440979003906,1,1,0,1.0810688100734358,0.46816307306289673,-0.04235522449016571,0.04532063379883766,0.0006631238502450287,0.00016680821136105806,0.0007527698180638254,0.02091442048549652,0.0020064692944288254,0.02489635720849037,0.015179017558693886,0.02376640774309635,0.0026547755114734173,-0.05249529041282908,-0.0010600560670959507,3.0414646705032116,0.46816307306289673,-0.04235522449016571,0.04532063379883766,3.0414646705032116,0.0,0.0,0.0,0.0,0.0,0.0,7.652962809071606e-05,2.7336407756373023e-05,0.00031973329656233155,0.0,0.0,0.0,-0.05249529041282908,-0.0010600560670959507,3.0414646705032116,0.0,0.0,0.0,0.0,0.0,0.0,zero,0.0,0.0,0.0,0.0,7.652962809071606e-05,2.7336407756373023e-05,0.00031973329656233155,-0.009786145731298341,0.0007583138730821949,-0.012144550600344977,1,0.003399372100830078,,,,,,,,,,,,,,,,,,,,,,1.1175574110002344,2,radio://0/80/2M/E7E7E7E702,0.0,aborted,cf4 起飞前预检失败（电压或 EKF 对齐）,0.0,0.0,0.0,0,0.0,global_abort:cf4 起飞前预检失败（电压或 EKF 对齐）,,,,,
1.1175574110002344,1788688521.862404,control,aborted,1,1,0.0026889839991781628,3.790029287338257,3790.0,0,20.0,1.051198248998844,nan,1,0,1,1.0,-0.22229768335819244,0.44934356212615967,0.0425281897187233,-0.00047808195813558996,-0.00016656183288432658,0.001358646433800459,-0.010967056266963482,-0.005246500484645367,0.03475498408079147,-0.0007221270352602005,0.0298210047185421,-0.010613646358251572,0.002962987422135445,0.025630443375294593,-0.9870323361178456,-0.22229768335819244,0.44934356212615967,0.0425281897187233,-0.9870323361178456,0.0,0.0,0.0,0.0,0.0,0.0,0.00016503785293491805,4.070419845687086e-06,0.00039964080452345457,0.0,0.0,0.0,0.002962987422135445,0.025630443375294593,-0.9870323361178456,0.0,0.0,0.0,0.0,0.0,0.0,zero,0.0,0.0,0.0,0.0,0.00016503785293491805,4.070419845687086e-06,0.00039964080452345457,0.01751515501748582,0.023882939304220623,0.019608767090016996,1,0.0036525726318359375,,,,,,,,,,,,,,,,,,,,,,1.1175574110002344,4,radio://0/80/2M/E7E7E7E704,2.0943951023931953,aborted,cf4 起飞前预检失败（电压或 EKF 对齐）,0.0,0.0,0.0,0,0.0,global_abort:cf4 起飞前预检失败（电压或 EKF 对齐）,,,,,
1.1175574110002344,1788688521.8626187,control,aborted,1,1,0.002491592000296805,3.9747800827026367,3974.0,0,70.0,1.0121169260000897,3.9747800827026367,1,1,0,1.0566622335352516,-0.35991135239601135,-0.39163821935653687,0.03593035042285919,9.135459549725056e-06,-0.0008383880485780537,0.0005468251183629036,-0.004670713096857071,-0.020789260044693947,0.009025770239531994,-0.030691713094711304,-0.03617902472615242,-0.00400008587166667,-0.009923254252045204,-0.04197650527141538,0.9236384593885154,-0.35991135239601135,-0.39163821935653687,0.03593035042285919,0.9236384593885154,0.0,0.0,0.0,0.0,0.0,0.0,0.0012883088078078976,-0.000382017911667553,-6.683699406188269e-06,0.0,0.0,0.0,-0.009923254252045204,-0.04197650527141538,0.9236384593885154,0.0,0.0,0.0,0.0,0.0,0.0,zero,0.0,0.0,0.0,0.0,0.0012883088078078976,-0.000382017911667553,-6.683699406188269e-06,-0.0139284552387052,0.018233771075686463,-0.010120101114532107,1,0.0038671493530273438,,,,,,,,,,,,,,,,,,,,,,1.1175574110002344,5,radio://0/80/2M/E7E7E7E705,4.1887902047863905,aborted,cf4 起飞前预检失败（电压或 EKF 对齐）,0.0,0.0,0.0,0,0.0,global_abort:cf4 起飞前预检失败（电压或 EKF 对齐）,,,,,
1.1319510089997493,1788688521.8765223,control,aborted,1,1,0.0026634779987944057,3.8850440979003906,3885.0,0,40.0,1.1034225379989948,3.8850440979003906,1,1,0,1.0810688100734358,0.46812230348587036,-0.04237021133303642,0.04534873366355896,-3.4972967114299536e-05,-7.44201970519498e-05,0.0009919595904648304,0.00704896729439497,-0.0017406509723514318,0.023234635591506958,0.005397386383265257,0.02000066451728344,-0.002405640436336398,-0.05298131022107018,-0.0010061699174516267,3.0411348076764244,0.46812230348587036,-0.04237021133303642,0.04534873366355896,3.0411348076764244,0.0,0.0,0.0,0.0,0.0,0.0,6.727012141415854e-05,7.151481003376213e-05,0.00035628571003897664,0.0,0.0,0.0,-0.05298131022107018,-0.0010061699174516267,3.0411348076764244,0.0,0.0,0.0,0.0,0.0,0.0,zero,0.0,0.0,0.0,0.0,6.727012141415854e-05,7.151481003376213e-05,0.00035628571003897664,-0.0006422235690558087,0.0030641385310082557,0.0025352129719833053,1,0.0033528804779052734,,,,,,,,,,,,,,,,,,,,,,1.1319510089997493,2,radio://0/80/2M/E7E7E7E702,0.0,aborted,cf4 起飞前预检失败（电压或 EKF 对齐）,0.0,0.0,0.0,0,0.0,global_abort:cf4 起飞前预检失败（电压或 EKF 对齐）,,,,,
1.1319510089997493,1788688521.876674,control,aborted,1,1,0.0024732409983698744,3.790029287338257,3790.0,0,20.0,1.065591846998359,nan,1,0,1,1.0,-0.22229139506816864,0.449339359998703,0.042452529072761536,-0.00029524730052798986,-0.0001915327738970518,3.7507619708776474e-05,-0.0062377373687922955,-0.004543546121567488,0.009479856118559837,0.0056070974096655846,0.006622692570090294,-0.01783774048089981,0.0033919437038194117,0.024390042346368077,-0.9877104027951148,-0.22229139506816864,0.449339359998703,0.042452529072761536,-0.9877104027951148,0.0,0.0,0.0,0.0,0.0,0.0,0.00012498121642121637,4.5991501003166e-05,0.0005675819617179739,0.0,0.0,0.0,0.0033919437038194117,0.024390042346368077,-0.9877104027951148,0.0,0.0,0.0,0.0,0.0,0.0,zero,0.0,0.0,0.0,0.0,0.00012498121642121637,4.5991501003166e-05,0.0005675819617179739,-0.0027782598970774557,0.0029075745933414654,0.011648111841410234,1,0.003504514694213867,,,,,,,,,,,,,,,,,,,,,,1.1319510089997493,4,radio://0/80/2M/E7E7E7E704,2.0943951023931953,aborted,cf4 起飞前预检失败（电压或 EKF 对齐）,0.0,0.0,0.0,0,0.0,global_abort:cf4 起飞前预检失败（电压或 EKF 对齐）,,,,,
1.1319510089997493,1788688521.8767848,control,aborted,1,1,0.002899360999435885,3.9747800827026367,3974.0,0,70.0,1.0265105239996046,3.9747800827026367,1,1,0,1.0566622335352516,-0.359873503446579,-0.39159727096557617,0.03593362495303154,0.0005322715151123703,-0.0001027582329697907,0.00048287768731825054,0.003519301302731037,-0.006428257562220097,0.006333668250590563,-0.007566472515463829,-0.0008980967104434967,0.0013509897980839014,-0.00871120263642956,-0.03995152848724674,0.9239479518584647,-0.359873503446579,-0.39159727096557617,0.03593362495303154,0.9239479518584647,0.0,0.0,0.0,0.0,0.0,0.0,0.001030047939450118,-0.0003888973076084164,0.0001408804694916106,0.0,0.0,0.0,-0.00871120263642956,-0.03995152848724674,0.9239479518584647,0.0,0.0,0.0,0.0,0.0,0.0,zero,0.0,0.0,0.0,0.0,0.001030047939450118,-0.0003888973076084164,0.0001408804694916106,-0.017912532753402478,-0.00047714315334690264,0.010234798734389122,1,0.0036153793334960938,,,,,,,,,,,,,,,,,,,,,,1.1319510089997493,5,radio://0/80/2M/E7E7E7E705,4.1887902047863905,aborted,cf4 起飞前预检失败（电压或 EKF 对齐）,0.0,0.0,0.0,0,0.0,global_abort:cf4 起飞前预检失败（电压或 EKF 对齐）,,,,,
1.1460584260003088,1788688521.8906047,control,aborted,1,1,0.0018433179993735394,3.8850440979003906,3885.0,0,40.0,1.1175299549995543,3.8850440979003906,1,1,0,1.0810688100734358,0.4681684970855713,-0.04235542193055153,0.04531754553318024,0.001044216100126505,0.0002873343473765999,-0.00012423223233781755,0.02898469753563404,0.006916411221027374,-0.012169990688562393,0.026126980781555176,-0.012944035232067108,-0.011809112504124641,-0.052048892296475475,-0.002081492627167167,3.0407727954762116,0.4681684970855713,-0.04235542193055153,0.04531754553318024,3.0407727954762116,0.0,0.0,0.0,0.0,0.0,0.0,0.0002639179619343253,0.00017591332925684426,0.0004544895777775461,0.0,0.0,0.0,-0.052048892296475475,-0.002081492627167167,3.0407727954762116,0.0,0.0,0.0,0.0,0.0,0.0,zero,0.0,0.0,0.0,0.0,0.0002639179619343253,0.00017591332925684426,0.0004544895777775461,0.01911979663862289,0.007868280726099004,0.005041960589907709,1,0.002557992935180664,,,,,,,,,,,,,,,,,,,,,,1.1460584260003088,2,radio://0/80/2M/E7E7E7E702,0.0,aborted,cf4 起飞前预检失败（电压或 EKF 对齐）,0.0,0.0,0.0,0,0.0,global_abort:cf4 起飞前预检失败（电压或 EKF 对齐）,,,,,
1.1460584260003088,1788688521.8907433,control,aborted,1,1,0.0019888539991370635,3.790029287338257,3790.0,0,20.0,1.0796992639989185,nan,1,0,1,1.0,-0.2222825139760971,0.4493606984615326,0.04241900146007538,5.179655272513628e-05,0.0004050273564644158,-0.0008766422979533672,0.005152849480509758,0.011812607757747173,-0.018662400543689728,0.00255907466635108,0.0032412498258054256,0.006959886290132999,0.003362737460973412,0.02435465507395071,-0.9869446793612392,-0.2222825139760971,0.4493606984615326,0.04241900146007538,-0.9869446793612392,0.0,0.0,0.0,0.0,0.0,0.0,-5.1899346139071425e-05,4.9474546219844536e-05,0.0008296063743558847,0.0,0.0,0.0,0.003362737460973412,0.02435465507395071,-0.9869446793612392,0.0,0.0,0.0,0.0,0.0,0.0,zero,0.0,0.0,0.0,0.0,-5.1899346139071425e-05,4.9474546219844536e-05,0.0008296063743558847,-0.012856387497944214,-0.0007909152146923717,0.014861940393345116,1,0.002696514129638672,,,,,,,,,,,,,,,,,,,,,,1.1460584260003088,4,radio://0/80/2M/E7E7E7E704,2.0943951023931953,aborted,cf4 起飞前预检失败（电压或 EKF 对齐）,0.0,0.0,0.0,0,0.0,global_abort:cf4 起飞前预检失败（电压或 EKF 对齐）,,,,,
1.1460584260003088,1788688521.890854,control,aborted,1,1,0.0022495760003948817,3.9747800827026367,3974.0,0,70.0,1.0406179410001641,3.9747800827026367,1,1,0,1.0566622335352516,-0.35983261466026306,-0.3916529715061188,0.035922884941101074,0.00139227241743356,-0.0014475376810878515,7.465982344001532e-05,0.024858448654413223,-0.0375550277531147,-0.005018690600991249,0.007514242082834244,0.003615971654653549,-0.004922875668853521,-0.008183446626831266,-0.039811616014602945,0.9237146466395172,-0.35983261466026306,-0.3916529715061188,0.035922884941101074,0.9237146466395172,0.0,0.0,0.0,0.0,0.0,0.0,0.0005520153837559154,-0.0003587216618379899,0.00026527570523252357,0.0,0.0,0.0,-0.008183446626831266,-0.039811616014602945,0.9237146466395172,0.0,0.0,0.0,0.0,0.0,0.0,zero,0.0,0.0,0.0,0.0,0.0005520153837559154,-0.0003587216618379899,0.00026527570523252357,-0.02871924934325986,0.0024724484868732578,0.002600590164746662,1,0.002807140350341797,,,,,,,,,,,,,,,,,,,,,,1.1460584260003088,5,radio://0/80/2M/E7E7E7E705,4.1887902047863905,aborted,cf4 起飞前预检失败（电压或 EKF 对齐）,0.0,0.0,0.0,0,0.0,global_abort:cf4 起飞前预检失败（电压或 EKF 对齐）,,,,,
1.1603491660007421,1788688521.904909,control,aborted,1,1,0.006271729000218329,3.8850440979003906,3885.0,0,40.0,1.1318206949999876,3.8850440979003906,1,1,0,1.0810688100734358,0.46813344955444336,-0.04235805943608284,0.04530930891633034,0.0001225258456543088,0.00017622210725676268,-0.00026691393577493727,0.004441097378730774,0.0032731685787439346,-0.012638058513402939,0.004295838996767998,-0.0012652752920985222,0.00874107051640749,-0.05286691708987384,-0.0015883060490679158,3.041642370870811,0.46813344955444336,-0.04235805943608284,0.04530930891633034,3.041642370870811,0.0,0.0,0.0,0.0,0.0,0.0,0.0004705340318028221,0.00024418620766215215,0.000412357221491916,0.0,0.0,0.0,-0.05286691708987384,-0.0015883060490679158,3.041642370870811,0.0,0.0,0.0,0.0,0.0,0.0,zero,0.0,0.0,0.0,0.0,0.0004705340318028221,0.00024418620766215215,0.000412357221491916,0.02101230774467705,0.006943171131753182,-0.004284749181636729,1,0.007029056549072266,,,,,,,,,,,,,,,,,,,,,,1.1603491660007421,2,radio://0/80/2M/E7E7E7E702,0.0,aborted,cf4 起飞前预检失败（电压或 EKF 对齐）,0.0,0.0,0.0,0,0.0,global_abort:cf4 起飞前预检失败（电压或 EKF 对齐）,,,,,
1.1603491660007421,1788688521.905056,control,aborted,1,1,0.006681398999717203,3.790029287338257,3790.0,0,20.0,1.0939900039993518,nan,1,0,1,1.0,-0.22224576771259308,0.4493482708930969,0.04247436672449112,0.0007888355175964534,7.125211413949728e-05,0.00042478449176996946,0.019113237038254738,0.002661286387592554,0.01154036819934845,-0.0026909224689006805,-0.001483139581978321,0.005885538179427385,0.0031301457610271974,0.02415419934561572,-0.9869296593319511,-0.22224576771259308,0.4493482708930969,0.04247436672449112,-0.9869296593319511,0.0,0.0,0.0,0.0,0.0,0.0,-0.00010411278855428382,6.173930588005516e-05,0.0008203294879637088,0.0,0.0,0.0,0.0031301457610271974,0.02415419934561572,-0.9869296593319511,0.0,0.0,0.0,0.0,0.0,0.0,zero,0.0,0.0,0.0,0.0,-0.00010411278855428382,6.173930588005516e-05,0.0008203294879637088,-0.005309968973544481,0.0012472936135067782,-0.0009434348059609884,1,0.00717616081237793,,,,,,,,,,,,,,,,,,,,,,1.1603491660007421,4,radio://0/80/2M/E7E7E7E704,2.0943951023931953,aborted,cf4 起飞前预检失败（电压或 EKF 对齐）,0.0,0.0,0.0,0,0.0,global_abort:cf4 起飞前预检失败（电压或 EKF 对齐）,,,,,
1.1603491660007421,1788688521.9051692,control,aborted,1,1,0.006437408999772742,3.9747800827026367,3974.0,0,70.0,1.0549086810005974,3.9747800827026367,1,1,0,1.0566622335352516,-0.3598732352256775,-0.3915744125843048,0.035905323922634125,0.0002876184298656881,0.00043981417547911406,-0.0002974533417727798,-0.0025812815874814987,0.0083436518907547,-0.011583523824810982,-0.0066461144015192986,-0.03909694030880928,0.012165017426013947,-0.008838828770413637,-0.04186925408183048,0.9245245745635904,-0.3598732352256775,-0.3915744125843048,0.035905323922634125,0.9245245745635904,0.0,0.0,0.0,0.0,0.0,0.0,0.0004174634558848824,-0.0003736076313931634,0.0002124045465620931,0.0,0.0,0.0,-0.008838828770413637,-0.04186925408183048,0.9245245745635904,0.0,0.0,0.0,0.0,0.0,0.0,zero,0.0,0.0,0.0,0.0,0.0004174634558848824,-0.0003736076313931634,0.0002124045465620931,-0.013683575134621274,-0.0015138637259448277,-0.0053768569768450685,1,0.007289409637451172,,,,,,,,,,,,,,,,,,,,,,1.1603491660007421,5,radio://0/80/2M/E7E7E7E705,4.1887902047863905,aborted,cf4 起飞前预检失败（电压或 EKF 对齐）,0.0,0.0,0.0,0,0.0,global_abort:cf4 起飞前预检失败（电压或 EKF 对齐）,,,,,
1.174587932000577,1788688521.9191294,control,aborted,1,1,0.010446705999129335,3.8850440979003906,3885.0,0,40.0,1.1460594609998225,3.8850440979003906,1,1,0,1.0810688100734358,0.4681409001350403,-0.04237480089068413,0.04530704393982887,0.0002405744162388146,-0.0001793405826902017,-0.000256867497228086,0.005811529699712992,-0.0041845315136015415,-0.009918225929141045,0.005243184044957161,-0.0019118036143481731,-0.01071588322520256,-0.052770995096360615,-0.0016841211625504623,3.040720588506868,0.4681409001350403,-0.04237480089068413,0.04530704393982887,3.040720588506868,0.0,0.0,0.0,0.0,0.0,0.0,0.0005645379712134734,0.0002594450147867019,0.00028901040819307377,0.0,0.0,0.0,-0.052770995096360615,-0.0016841211625504623,3.040720588506868,0.0,0.0,0.0,0.0,0.0,0.0,zero,0.0,0.0,0.0,0.0,0.0005645379712134734,0.0002594450147867019,0.00028901040819307377,0.008993022810616346,0.0014597558505970731,-0.011800151276294666,1,0.010796546936035156,,,,,,,,,,,,,,,,,,,,,,1.174587932000577,2,radio://0/80/2M/E7E7E7E702,0.0,aborted,cf4 起飞前预检失败（电压或 EKF 对齐）,0.0,0.0,0.0,0,0.0,global_abort:cf4 起飞前预检失败（电压或 EKF 对齐）,,,,,
1.174587932000577,1788688521.9192688,control,aborted,1,1,0.010127777999514365,3.790029287338257,3790.0,0,20.0,1.1082287699991866,nan,1,0,1,1.0,-0.22228975594043732,0.44930437207221985,0.04243610054254532,-0.00021056889090687037,-0.0007829249952919781,-0.0003923284530173987,-0.003831254318356514,-0.01421414501965046,-0.006401724182069302,-0.0014465267304331064,0.0004273034865036607,0.0034402727615088224,0.0031654576830065966,0.024238753059062763,-0.986995696814432,-0.22228975594043732,0.44930437207221985,0.04243610054254532,-0.986995696814432,0.0,0.0,0.0,0.0,0.0,0.0,-5.8856631073990117e-05,4.908414037822712e-05,0.0006692376216921459,0.0,0.0,0.0,0.0031654576830065966,0.024238753059062763,-0.986995696814432,0.0,0.0,0.0,0.0,0.0,0.0,zero,0.0,0.0,0.0,0.0,-5.8856631073990117e-05,4.908414037822712e-05,0.0006692376216921459,0.004329495754036581,-0.0012106747094172237,-0.014454421893353126,1,0.01093602180480957,,,,,,,,,,,,,,,,,,,,,,1.174587932000577,4,radio://0/80/2M/E7E7E7E704,2.0943951023931953,aborted,cf4 起飞前预检失败（电压或 EKF 对齐）,0.0,0.0,0.0,0,0.0,global_abort:cf4 起飞前预检失败（电压或 EKF 对齐）,,,,,
1.174587932000577,1788688521.9193804,control,aborted,1,1,0.010271822999129654,3.9747800827026367,3974.0,0,70.0,1.0691474470004323,3.9747800827026367,1,1,0,1.0566622335352516,-0.35988181829452515,-0.39161819219589233,0.03593038395047188,6.587283860426396e-05,-0.00048579444410279393,0.00024151684192474931,-0.006307736970484257,-0.011034971103072166,0.0010454272851347923,-0.003118855645880103,-0.028407802805304527,-0.006285323761403561,-0.008688884887495115,-0.04172660562145807,0.9236854437678167,-0.35988181829452515,-0.39161819219589233,0.03593038395047188,0.9236854437678167,0.0,0.0,0.0,0.0,0.0,0.0,0.00036154621390323857,-0.00036396656024598477,0.00014019689387158,0.0,0.0,0.0,-0.008688884887495115,-0.04172660562145807,0.9236854437678167,0.0,0.0,0.0,0.0,0.0,0.0,zero,0.0,0.0,0.0,0.0,0.00036154621390323857,-0.00036396656024598477,0.00014019689387158,-0.005349403820737098,0.0009223270140477618,-0.006907849520115636,1,0.011047601699829102,,,,,,,,,,,,,,,,,,,,,,1.174587932000577,5,radio://0/80/2M/E7E7E7E705,4.1887902047863905,aborted,cf4 起飞前预检失败（电压或 EKF 对齐）,0.0,0.0,0.0,0,0.0,global_abort:cf4 起飞前预检失败（电压或 EKF 对齐）,,,,,
1.189030729001388,1788688521.9336267,control,aborted,1,1,0.011935669001104543,3.8850440979003906,3885.0,0,40.0,1.1605022580006334,3.8850440979003906,1,1,0,1.0810688100734358,0.4681425988674164,-0.04234844818711281,0.045342445373535156,0.00021919712889939547,0.0002713120775297284,0.0003517150762490928,0.00431275088340044,0.0037455272395163774,0.0016443468630313873,0.0036521730944514275,-0.0048084682784974575,0.0028875181451439857,-0.052806759887301456,-0.0018537404639482357,3.0414586774243415,0.4681425988674164,-0.04234844818711281,0.045342445373535156,3.0414586774243415,0.0,0.0,0.0,0.0,0.0,0.0,0.0005278617016072143,0.0002138789691251055,0.00014523967293599563,0.0,0.0,0.0,-0.052806759887301456,-0.0018537404639482357,3.0414586774243415,0.0,0.0,0.0,0.0,0.0,0.0,zero,0.0,0.0,0.0,0.0,0.0005278617016072143,0.0002138789691251055,0.00014523967293599563,-0.002886359657659318,-0.003585969821048791,-0.01131451084456064,1,0.01258707046508789,,,,,,,,,,,,,,,,,,,,,,1.189030729001388,2,radio://0/80/2M/E7E7E7E702,0.0,aborted,cf4 起飞前预检失败（电压或 EKF 对齐）,0.0,0.0,0.0,0,0.0,global_abort:cf4 起飞前预检失败（电压或 EKF 对齐）,,,,,
1.189030729001388,1788688521.9337897,control,aborted,1,1,0.01219894300083979,3.790029287338257,3790.0,0,20.0,1.1226715669999976,nan,1,0,1,1.0,-0.22229604423046112,0.44931909441947937,0.04248400405049324,-0.00026743111084215343,-0.0003946141805499792,0.0004401256737764925,-0.00395999988541007,-0.00525940814986825,0.007981225848197937,-0.0013748161727562547,0.010991144925355911,0.008232017047703266,0.0031602393935482127,0.024914237319141486,-0.9866454059231249,-0.22229604423046112,0.44931909441947937,0.04248400405049324,-0.9866454059231249,0.0,0.0,0.0,0.0,0.0,0.0,-1.970877462460868e-05,-7.206007517236234e-05,0.000456876070282989,0.0,0.0,0.0,0.0031602393935482127,0.024914237319141486,-0.9866454059231249,0.0,0.0,0.0,0.0,0.0,0.0,zero,0.0,0.0,0.0,0.0,-1.970877462460868e-05,-7.206007517236234e-05,0.000456876070282989,0.0030808693128389813,-0.009533842462111594,-0.0167124907032729,1,0.01275014877319336,,,,,,,,,,,,,,,,,,,,,,1.189030729001388,4,radio://0/80/2M/E7E7E7E704,2.0943951023931953,aborted,cf4 起飞前预检失败（电压或 EKF 对齐）,0.0,0.0,0.0,0,0.0,global_abort:cf4 起飞前预检失败（电压或 EKF 对齐）,,,,,
1.189030729001388,1788688521.9339063,control,aborted,1,1,0.011774352000429644,3.9747800827026367,3974.0,0,70.0,1.0835902440012433,3.9747800827026367,1,1,0,1.0566622335352516,-0.3598983585834503,-0.3916071653366089,0.03593195229768753,-0.00020764145301654935,-0.0002150757354684174,0.00021789883612655103,-0.009351231157779694,-0.004566936753690243,0.0004646007146220654,0.0012884901370853186,-0.02690534107387066,-0.0011527149472385645,-0.008458908717459523,-0.0419899964208576,0.9239341346698865,-0.3598983585834503,-0.3916071653366089,0.03593195229768753,0.9239341346698865,0.0,0.0,0.0,0.0,0.0,0.0,0.00026782379273741026,-0.00032035453613202703,9.86661651165029e-05,0.0,0.0,0.0,-0.008458908717459523,-0.0419899964208576,0.9239341346698865,0.0,0.0,0.0,0.0,0.0,0.0,zero,0.0,0.0,0.0,0.0,0.00026782379273741026,-0.00032035453613202703,9.86661651165029e-05,-0.007375794168146171,0.003432191668967078,-0.003268397285731292,1,0.012866735458374023,,,,,,,,,,,,,,,,,,,,,,1.189030729001388,5,radio://0/80/2M/E7E7E7E705,4.1887902047863905,aborted,cf4 起飞前预检失败（电压或 EKF 对齐）,0.0,0.0,0.0,0,0.0,global_abort:cf4 起飞前预检失败（电压或 EKF 对齐）,,,,,
1.203211846001068,1788688521.9478054,control,aborted,1,1,0.007026102000963874,3.8850440979003906,3885.0,0,40.0,1.1746833750003134,3.8850440979003906,1,1,0,1.0810688100734358,0.468137264251709,-0.042345136404037476,0.0453622005879879,-0.001214310759678483,0.00014532849309034646,0.0037330803461372852,-0.08441714942455292,-0.004521921742707491,0.21319837868213654,-0.03630727529525757,0.015031588263809681,-0.04826114699244499,-0.05303298003293294,-0.0014175148820174638,3.0407053231635954,0.468137264251709,-0.042345136404037476,0.0453622005879879,3.0407053231635954,0.0,0.0,0.0,0.0,0.0,0.0,0.0003624573623254814,0.00015459781236896677,-1.885881989668714e-05,0.0,0.0,0.0,-0.05303298003293294,-0.0014175148820174638,3.0407053231635954,0.0,0.0,0.0,0.0,0.0,0.0,zero,0.0,0.0,0.0,0.0,0.0003624573623254814,0.00015459781236896677,-1.885881989668714e-05,-0.020756552563233208,-0.006626855424649719,-0.016263229229284932,1,0.007399320602416992,,,,,,,,,,,,,,,,,,,,,,1.203211846001068,2,radio://0/80/2M/E7E7E7E702,0.0,aborted,cf4 起飞前预检失败（电压或 EKF 对齐）,0.0,0.0,0.0,0,0.0,global_abort:cf4 起飞前预检失败（电压或 EKF 对齐）,,,,,
1.203211846001068,1788688521.9480615,control,aborted,1,1,0.006785424000554485,3.790029287338257,3790.0,0,20.0,1.1368526839996775,nan,1,0,1,1.0,-0.22226892411708832,0.44932472705841064,0.04245532676577568,0.0002454548957757652,0.0005558070843107998,-0.0010946296388283372,0.009179643355309963,0.04976232722401619,-0.07005003839731216,-0.001611941261216998,0.021132631227374077,0.030865876004099846,0.003171007320495334,0.02495210990653036,-0.9868604536593039,-0.22226892411708832,0.44932472705841064,0.04245532676577568,-0.9868604536593039,0.0,0.0,0.0,0.0,0.0,0.0,-7.050910157266926e-05,-0.00039773198311277344,0.00016123037061790946,0.0,0.0,0.0,0.003171007320495334,0.02495210990653036,-0.9868604536593039,0.0,0.0,0.0,0.0,0.0,0.0,zero,0.0,0.0,0.0,0.0,-7.050910157266926e-05,-0.00039773198311277344,0.00016123037061790946,-0.005547355449827659,-0.037473586606074305,-0.03533036104127721,1,0.00765538215637207,,,,,,,,,,,,,,,,,,,,,,1.203211846001068,4,radio://0/80/2M/E7E7E7E704,2.0943951023931953,aborted,cf4 起飞前预检失败（电压或 EKF 对齐）,0.0,0.0,0.0,0,0.0,global_abort:cf4 起飞前预检失败（电压或 EKF 对齐）,,,,,
1.203211846001068,1788688521.9482934,control,aborted,1,1,0.006576626999958535,3.9747800827026367,3974.0,0,70.0,1.0977713610009232,3.9747800827026367,1,1,0,1.0566622335352516,-0.35987117886543274,-0.39164432883262634,0.035944078117609024,0.002260942244902253,-0.0014337587635964155,0.002177161630243063,0.13422031700611115,-0.06026951223611832,0.12294716387987137,-0.004273626953363419,0.07035311311483383,0.014904854819178581,-0.008810960823167992,-0.040282280783288126,0.9236530989525893,-0.35987117886543274,-0.39164432883262634,0.035944078117609024,0.9236530989525893,0.0,0.0,0.0,0.0,0.0,0.0,-5.3161512471386265e-05,-0.00029870881802208997,8.410416366547492e-05,0.0,0.0,0.0,-0.008810960823167992,-0.040282280783288126,0.9236530989525893,0.0,0.0,0.0,0.0,0.0,0.0,zero,0.0,0.0,0.0,0.0,-5.3161512471386265e-05,-0.00029870881802208997,8.410416366547492e-05,-0.03642416799747632,0.0014250585386816092,-0.00026158123080950154,1,0.00788736343383789,,,,,,,,,,,,,,,,,,,,,,1.203211846001068,5,radio://0/80/2M/E7E7E7E705,4.1887902047863905,aborted,cf4 起飞前预检失败（电压或 EKF 对齐）,0.0,0.0,0.0,0,0.0,global_abort:cf4 起飞前预检失败（电压或 EKF 对齐）,,,,,
1.2175129910010583,1788688521.9621305,control,aborted,1,1,0.01323763500113273,3.8850440979003906,3885.0,0,40.0,1.1889845200003037,3.8850440979003906,1,1,0,1.0810688100734358,0.46815255284309387,-0.042358990758657455,0.04534368962049484,-0.000595630262978375,-0.00022429967066273093,0.0025314348749816418,-0.05232555419206619,-0.01270359568297863,0.14102031290531158,-0.036722347140312195,0.015068077482283115,-0.03195096552371979,-0.0533456186537568,-0.0012795061293310493,3.0409692166485596,0.46815255284309387,-0.042358990758657455,0.04534368962049484,3.0409692166485596,0.0,0.0,0.0,0.0,0.0,0.0,0.00021395565947847974,0.00013243072043257986,0.0001874949609758984,0.0,0.0,0.0,-0.0533456186537568,-0.0012795061293310493,3.0409692166485596,0.0,0.0,0.0,0.0,0.0,0.0,zero,0.0,0.0,0.0,0.0,0.00021395565947847974,0.00013243072043257986,0.0001874949609758984,-0.018252345384849537,-0.002724557432297593,0.0253629447187988,1,0.013588428497314453,,,,,,,,,,,,,,,,,,,,,,1.2175129910010583,2,radio://0/80/2M/E7E7E7E702,0.0,aborted,cf4 起飞前预检失败（电压或 EKF 对齐）,0.0,0.0,0.0,0,0.0,global_abort:cf4 起飞前预检失败（电压或 EKF 对齐）,,,,,
1.2175129910010583,1788688521.9624836,control,aborted,1,1,0.012741877000735258,3.790029287338257,3790.0,0,20.0,1.151153828999668,nan,1,0,1,1.0,-0.22227944433689117,0.44934776425361633,0.04243485629558563,-6.224011303856969e-05,0.0010109372669830918,-0.00137890106998384,-0.00021992716938257217,0.05099770054221153,-0.06302788108587265,-0.012136178091168404,-0.005517629906535149,0.01518076192587614,0.0027202090409800955,0.02404103781435109,-0.9872502103154651,-0.22227944433689117,0.44934776425361633,0.04243485629558563,-0.9872502103154651,0.0,0.0,0.0,0.0,0.0,0.0,-6.285824788501441e-05,-0.0004015532026436986,-1.895606372955634e-05,0.0,0.0,0.0,0.0027202090409800955,0.02404103781435109,-0.9872502103154651,0.0,0.0,0.0,0.0,0.0,0.0,zero,0.0,0.0,0.0,0.0,-6.285824788501441e-05,-0.0004015532026436986,-1.895606372955634e-05,0.000940366482799868,-0.0004696661205402944,-0.02214671596569416,1,0.013941526412963867,,,,,,,,,,,,,,,,,,,,,,1.2175129910010583,4,radio://0/80/2M/E7E7E7E704,2.0943951023931953,aborted,cf4 起飞前预检失败（电压或 EKF 对齐）,0.0,0.0,0.0,0,0.0,global_abort:cf4 起飞前预检失败（电压或 EKF 对齐）,,,,,
1.2175129910010583,1788688521.9627447,control,aborted,1,1,0.012971317000847193,3.9747800827026367,3974.0,0,70.0,1.1120725060009136,3.9747800827026367,1,1,0,1.0566622335352516,-0.3599105179309845,-0.39165326952934265,0.03594309464097023,0.0008417358621954918,-0.0013667837483808398,0.0017175538232550025,0.07248986512422562,-0.046569254249334335,0.08705982565879822,0.007727857679128647,0.00922158733010292,0.011037451215088367,-0.008356692286207475,-0.0421969921657645,0.9236334297982833,-0.3599105179309845,-0.39165326952934265,0.03594309464097023,0.9236334297982833,0.0,0.0,0.0,0.0,0.0,0.0,-7.008178705000177e-06,-0.00038201855542907613,0.00022267866256002835,0.0,0.0,0.0,-0.008356692286207475,-0.0421969921657645,0.9236334297982833,0.0,0.0,0.0,0.0,0.0,0.0,zero,0.0,0.0,0.0,0.0,-7.008178705000177e-06,-0.00038201855542907613,0.00022267866256002835,0.005672706591346176,-0.010239600435020417,0.017032192674327356,1,0.014202594757080078,,,,,,,,,,,,,,,,,,,,,,1.2175129910010583,5,radio://0/80/2M/E7E7E7E705,4.1887902047863905,aborted,cf4 起飞前预检失败（电压或 EKF 对齐）,0.0,0.0,0.0,0,0.0,global_abort:cf4 起飞前预检失败（电压或 EKF 对齐）,,,,,
1.2317610790014442,1788688521.9763544,control,aborted,1,1,0.0063681390001875116,3.8850440979003906,3885.0,0,40.0,1.2032326080006897,3.8850440979003906,1,1,0,1.0810688100734358,0.4681529402732849,-0.042338836938142776,0.04530772566795349,-0.00496666831895709,-0.013095585629343987,0.008365552872419357,-2.786647319793701,-8.04344367980957,4.193183898925781,-0.16478034853935242,-0.16818034648895264,-0.3776865303516388,-0.052912971318029245,-0.0020329165547265295,3.0408425056907054,0.4681529402732849,-0.042338836938142776,0.04530772566795349,3.0408425056907054,0.0,0.0,0.0,0.0,0.0,0.0,-0.0007111428651584298,-1.56489061105538e-05,0.002505591342267557,0.0,0.0,0.0,-0.052912971318029245,-0.0020329165547265295,3.0408425056907054,0.0,0.0,0.0,0.0,0.0,0.0,zero,0.0,0.0,0.0,0.0,-0.0007111428651584298,-1.56489061105538e-05,0.002505591342267557,-1.379773624014569,-0.2218384084510688,3.457026164840977,1,0.0076558589935302734,,,,,,,,,,,,,,,,,,,,,,1.2317610790014442,2,radio://0/80/2M/E7E7E7E702,0.0,aborted,cf4 起飞前预检失败（电压或 EKF 对齐）,0.0,0.0,0.0,0,0.0,global_abort:cf4 起飞前预检失败（电压或 EKF 对齐）,,,,,
1.2317610790014442,1788688521.976694,control,aborted,1,1,0.006910106001669192,3.790029287338257,3790.0,0,20.0,1.1654019170000538,nan,1,0,1,1.0,-0.22223618626594543,0.4493466019630432,0.0424935445189476,0.01630735956132412,0.026592398062348366,0.020053805783391,9.757766723632812,15.83551025390625,12.564254760742188,0.15084592998027802,0.9628679156303406,-0.1455569863319397,0.0033736897469903793,0.02538658608500681,-0.9872418921235004,-0.22223618626594543,0.4493466019630432,0.0424935445189476,-0.9872418921235004,0.0,0.0,0.0,0.0,0.0,0.0,5.417398368602903e-05,0.0006375360436443615,-0.001185583194001461,0.0,0.0,0.0,0.0033736897469903793,0.02538658608500681,-0.9872418921235004,0.0,0.0,0.0,0.0,0.0,0.0,zero,0.0,0.0,0.0,0.0,5.417398368602903e-05,0.0006375360436443615,-0.001185583194001461,0.17582146906362103,1.5515412217848559,-1.737914118016293,1,0.00799560546875,,,,,,,,,,,,,,,,,,,,,,1.2317610790014442,4,radio://0/80/2M/E7E7E7E704,2.0943951023931953,aborted,cf4 起飞前预检失败（电压或 EKF 对齐）,0.0,0.0,0.0,0,0.0,global_abort:cf4 起飞前预检失败（电压或 EKF 对齐）,,,,,
1.2317610790014442,1788688521.9769523,control,aborted,1,1,0.006144105000203126,3.9747800827026367,3974.0,0,70.0,1.1263205940012995,3.9747800827026367,1,1,0,1.0566622335352516,-0.3598514199256897,-0.3916167616844177,0.03589452803134918,0.0024684397503733635,0.011112844571471214,-0.021710844710469246,0.7868515253067017,7.226188659667969,-13.791526794433594,-0.9058573246002197,-0.6990261673927307,0.08649288862943649,-0.01049493667507547,-0.041921847599920646,0.9239076207337386,-0.3598514199256897,-0.3916167616844177,0.03589452803134918,0.9239076207337386,0.0,0.0,0.0,0.0,0.0,0.0,0.0012152661516012459,-0.0012464732227420393,0.0016741437819104577,0.0,0.0,0.0,-0.01049493667507547,-0.041921847599920646,0.9239076207337386,0.0,0.0,0.0,0.0,0.0,0.0,zero,0.0,0.0,0.0,0.0,0.0012152661516012459,-0.0012464732227420393,0.0016741437819104577,1.8227113261112826,-1.2880268953272427,2.162462531366373,1,0.008253812789916992,,,,,,,,,,,,,,,,,,,,,,1.2317610790014442,5,radio://0/80/2M/E7E7E7E705,4.1887902047863905,aborted,cf4 起飞前预检失败（电压或 EKF 对齐）,0.0,0.0,0.0,0,0.0,global_abort:cf4 起飞前预检失败（电压或 EKF 对齐）,,,,,
1.2460774390001461,1788688521.9906688,control,aborted,1,1,0.002539790999435354,3.8850440979003906,3885.0,0,40.0,1.2175489679993916,3.8850440979003906,1,1,0,1.0810688100734358,0.468168169260025,-0.04235289245843887,0.04532727226614952,-0.003220820799469948,-0.009403396397829056,0.006100750062614679,-1.743090271949768,-5.064667224884033,2.629361629486084,-0.12576410174369812,-0.07679181545972824,-0.24783852696418762,-0.05313873143293264,-0.0011306321624958207,3.041160943473628,0.468168169260025,-0.04235289245843887,0.04532727226614952,3.041160943473628,0.0,0.0,0.0,0.0,0.0,0.0,-0.002622019217635327,-0.005252217356015128,0.005440437176839676,0.0,0.0,0.0,-0.05313873143293264,-0.0011306321624958207,3.041160943473628,0.0,0.0,0.0,0.0,0.0,0.0,zero,0.0,0.0,0.0,0.0,-0.002622019217635327,-0.005252217356015128,0.005440437176839676,-0.24139016643406938,-0.668799043387163,0.3693190176886264,1,0.002919435501098633,,,,,,,,,,,,,,,,,,,,,,1.2460774390001461,2,radio://0/80/2M/E7E7E7E702,0.0,aborted,cf4 起飞前预检失败（电压或 EKF 对齐）,0.0,0.0,0.0,0,0.0,global_abort:cf4 起飞前预检失败（电压或 EKF 对齐）,,,,,
1.2460774390001461,1788688521.9909284,control,aborted,1,1,0.0020832039990636986,3.790029287338257,3790.0,0,20.0,1.1797182769987558,nan,1,0,1,1.0,-0.22228893637657166,0.4493652284145355,0.042471352964639664,0.008023598231375217,0.01912696100771427,0.01127818413078785,5.9406232833862305,9.975180625915527,7.73245906829834,0.01473546028137207,0.5732927918434143,-0.12699735164642334,0.002583003722786335,0.024954588468324945,-0.9873201413096585,-0.22228893637657166,0.4493652284145355,0.042471352964639664,-0.9873201413096585,0.0,0.0,0.0,0.0,0.0,0.0,0.0065609455798597395,0.011269507559162034,0.006995057212621631,0.0,0.0,0.0,0.002583003722786335,0.024954588468324945,-0.9873201413096585,0.0,0.0,0.0,0.0,0.0,0.0,zero,0.0,0.0,0.0,0.0,0.0065609455798597395,0.011269507559162034,0.006995057212621631,0.8276419161875094,1.3554790468553661,1.0455104411683065,1,0.0031790733337402344,,,,,,,,,,,,,,,,,,,,,,1.2460774390001461,4,radio://0/80/2M/E7E7E7E704,2.0943951023931953,aborted,cf4 起飞前预检失败（电压或 EKF 对齐）,0.0,0.0,0.0,0,0.0,global_abort:cf4 起飞前预检失败（电压或 EKF 对齐）,,,,,
1.2460774390001461,1788688521.9912415,control,aborted,1,1,0.0022940559993003262,3.9747800827026367,3974.0,0,70.0,1.1406369540000014,3.9747800827026367,1,1,0,1.0566622335352516,-0.35989153385162354,-0.3916129469871521,0.035940997302532196,-0.0015247722622007132,0.008419299498200417,-0.011202589608728886,0.2939169108867645,4.5899553298950195,-8.439835548400879,-0.6034799814224243,-0.4946388602256775,0.06521854549646378,-0.010127247145775006,-0.043140348064393576,0.9239426762561694,-0.35989153385162354,-0.3916129469871521,0.035940997302532196,0.9239426762561694,0.0,0.0,0.0,0.0,0.0,0.0,0.0021159352808137926,0.003444162590511885,-0.007279049787436774,0.0,0.0,0.0,-0.010127247145775006,-0.043140348064393576,0.9239426762561694,0.0,0.0,0.0,0.0,0.0,0.0,zero,0.0,0.0,0.0,0.0,0.0021159352808137926,0.003444162590511885,-0.007279049787436774,0.10892411945617385,0.6016676002206103,-1.1439033611454728,1,0.003492116928100586,,,,,,,,,,,,,,,,,,,,,,1.2460774390001461,5,radio://0/80/2M/E7E7E7E705,4.1887902047863905,aborted,cf4 起飞前预检失败（电压或 EKF 对齐）,0.0,0.0,0.0,0,0.0,global_abort:cf4 起飞前预检失败（电压或 EKF 对齐）,,,,,
1.260336590001316,1788688522.0049393,control,aborted,1,1,0.006539687001350103,3.8850440979003906,3885.0,0,40.0,1.2318081190005614,3.8850440979003906,1,1,0,1.0810688100734358,0.46815282106399536,-0.04237116873264313,0.0452992282807827,-0.002875774633139372,-0.007878899574279785,0.004334056284278631,-1.3877476453781128,-4.0220232009887695,2.069058656692505,-0.09918154031038284,-0.08963857591152191,-0.18886065483093262,-0.05306639827755754,-0.0025502110286898905,3.0417199267721697,0.46815282106399536,-0.04237116873264313,0.0452992282807827,3.0417199267721697,0.0,0.0,0.0,0.0,0.0,0.0,-0.003182259437878381,-0.007149790083650959,0.0062082233382912905,0.0,0.0,0.0,-0.05306639827755754,-0.0025502110286898905,3.0417199267721697,0.0,0.0,0.0,0.0,0.0,0.0,zero,0.0,0.0,0.0,0.0,-0.003182259437878381,-0.007149790083650959,0.0062082233382912905,-0.054591064880734175,-0.18490374690581443,0.07481480736272542,1,0.006927490234375,,,,,,,,,,,,,,,,,,,,,,1.260336590001316,2,radio://0/80/2M/E7E7E7E702,0.0,aborted,cf4 起飞前预检失败（电压或 EKF 对齐）,0.0,0.0,0.0,0,0.0,global_abort:cf4 起飞前预检失败（电压或 EKF 对齐）,,,,,
1.260336590001316,1788688522.0051932,control,aborted,1,1,0.006307327001195517,3.790029287338257,3790.0,0,20.0,1.1939774279999256,nan,1,0,1,1.0,-0.2222846895456314,0.44934767484664917,0.04250525310635567,0.006501644384115934,0.014959471300244331,0.009683221578598022,4.722837448120117,7.898925304412842,6.15488338470459,0.023476190865039825,0.4352268576622009,-0.08952745050191879,0.0031977257295829086,0.023751735658422257,-0.9867040945275622,-0.2222846895456314,0.44934767484664917,0.04250525310635567,-0.9867040945275622,0.0,0.0,0.0,0.0,0.0,0.0,0.008499945224929369,0.014981550976812735,0.00978001808527806,0.0,0.0,0.0,0.0031977257295829086,0.023751735658422257,-0.9867040945275622,0.0,0.0,0.0,0.0,0.0,0.0,zero,0.0,0.0,0.0,0.0,0.008499945224929369,0.014981550976812735,0.00978001808527806,0.18894047874997968,0.3617098446897594,0.27137284007123763,1,0.007181406021118164,,,,,,,,,,,,,,,,,,,,,,1.260336590001316,4,radio://0/80/2M/E7E7E7E704,2.0943951023931953,aborted,cf4 起飞前预检失败（电压或 EKF 对齐）,0.0,0.0,0.0,0,0.0,global_abort:cf4 起飞前预检失败（电压或 EKF 对齐）,,,,,
1.260336590001316,1788688522.0054166,control,aborted,1,1,0.006068319000405609,3.9747800827026367,3974.0,0,70.0,1.1548961050011712,3.9747800827026367,1,1,0,1.0566622335352516,-0.35985487699508667,-0.3916374742984772,0.035916972905397415,-0.0005054192733950913,0.006257431581616402,-0.009430278092622757,0.2549995183944702,3.6298322677612305,-6.7173285484313965,-0.4651876986026764,-0.3821476101875305,0.04533519595861435,-0.009209042291405045,-0.04244781078444669,0.9235847252914662,-0.35985487699508667,-0.3916374742984772,0.035916972905397415,0.9235847252914662,0.0,0.0,0.0,0.0,0.0,0.0,0.0019502568054024876,0.005282321609683538,-0.010242180724512124,0.0,0.0,0.0,-0.009209042291405045,-0.04244781078444669,0.9235847252914662,0.0,0.0,0.0,0.0,0.0,0.0,zero,0.0,0.0,0.0,0.0,0.0019502568054024876,0.005282321609683538,-0.010242180724512124,-0.016144082616195942,0.17911434176070393,-0.288734131165758,1,0.007404804229736328,,,,,,,,,,,,,,,,,,,,,,1.260336590001316,5,radio://0/80/2M/E7E7E7E705,4.1887902047863905,aborted,cf4 起飞前预检失败（电压或 EKF 对齐）,0.0,0.0,0.0,0,0.0,global_abort:cf4 起飞前预检失败（电压或 EKF 对齐）,,,,,
1.2746172870010923,1788688522.0192137,control,aborted,1,1,0.0007746440005576005,3.8850440979003906,3885.0,0,40.0,1.2460888160003378,3.8850440979003906,1,1,0,1.0810688100734358,0.46816322207450867,-0.042315684258937836,0.04534206911921501,-0.001412818906828761,-0.004347326699644327,0.0038036019541323185,-0.8554064035415649,-2.515742063522339,1.3201260566711426,-0.0573887899518013,-0.040820587426424026,-0.14000961184501648,-0.052920850879937406,-0.0015012215638180088,3.0408409652838326,0.46816322207450867,-0.042315684258937836,0.04534206911921501,3.0408409652838326,0.0,0.0,0.0,0.0,0.0,0.0,-0.003421984166971442,-0.008515473304518972,0.006053815102295452,0.0,0.0,0.0,-0.052920850879937406,-0.0015012215638180088,3.0408409652838326,0.0,0.0,0.0,0.0,0.0,0.0,zero,0.0,0.0,0.0,0.0,-0.003421984166971442,-0.008515473304518972,0.006053815102295452,-0.00309142836819778,-0.04439664893788258,-0.026374646305313908,1,0.0014431476593017578,,,,,,,,,,,,,,,,,,,,,,1.2746172870010923,2,radio://0/80/2M/E7E7E7E702,0.0,aborted,cf4 起飞前预检失败（电压或 EKF 对齐）,0.0,0.0,0.0,0,0.0,global_abort:cf4 起飞前预检失败（电压或 EKF 对齐）,,,,,
1.2746172870010923,1788688522.019464,control,aborted,1,1,0.0005518770012713503,3.790029287338257,3790.0,0,20.0,1.208258124999702,nan,1,0,1,1.0,-0.22227303683757782,0.44941088557243347,0.04242187365889549,0.003569868393242359,0.01078147254884243,0.004117878153920174,2.9493956565856934,4.978888988494873,3.8225715160369873,0.02752017229795456,0.2663075029850006,-0.049762263894081116,0.003848686405027025,0.02384559250871065,-0.9865690894414755,-0.22227303683757782,0.44941088557243347,0.04242187365889549,-0.9865690894414755,0.0,0.0,0.0,0.0,0.0,0.0,0.009182254488854551,0.01757543716173831,0.011514335509812788,0.0,0.0,0.0,0.003848686405027025,0.02384559250871065,-0.9865690894414755,0.0,0.0,0.0,0.0,0.0,0.0,zero,0.0,0.0,0.0,0.0,0.009182254488854551,0.01757543716173831,0.011514335509812788,0.0059652139147536466,0.08848538224301516,0.051617086159174624,1,0.0016934871673583984,,,,,,,,,,,,,,,,,,,,,,1.2746172870010923,4,radio://0/80/2M/E7E7E7E704,2.0943951023931953,aborted,cf4 起飞前预检失败（电压或 EKF 对齐）,0.0,0.0,0.0,0,0.0,global_abort:cf4 起飞前预检失败（电压或 EKF 对齐）,,,,,
1.2746172870010923,1788688522.0196784,control,aborted,1,1,0.0010299250006937655,3.9747800827026367,3974.0,0,70.0,1.1691768020009476,3.9747800827026367,1,1,0,1.0566622335352516,-0.3598507344722748,-0.39162081480026245,0.035897668451070786,8.027971489354968e-05,0.0043092709966003895,-0.006143413949757814,0.18172812461853027,2.2868757247924805,-4.232281684875488,-0.284262090921402,-0.24809494614601135,0.03579826280474663,-0.009053685579487132,-0.042692720509201955,0.92386189639106,-0.3598507344722748,-0.39162081480026245,0.035897668451070786,0.92386189639106,0.0,0.0,0.0,0.0,0.0,0.0,0.0007728919792107842,0.006974604108085125,-0.011971761330357078,0.0,0.0,0.0,-0.009053685579487132,-0.042692720509201955,0.92386189639106,0.0,0.0,0.0,0.0,0.0,0.0,zero,0.0,0.0,0.0,0.0,0.0007728919792107842,0.006974604108085125,-0.011971761330357078,-0.06935026983687903,0.06960839682973949,-0.052682292561993575,1,0.0019078254699707031,,,,,,,,,,,,,,,,,,,,,,1.2746172870010923,5,radio://0/80/2M/E7E7E7E705,4.1887902047863905,aborted,cf4 起飞前预检失败（电压或 EKF 对齐）,0.0,0.0,0.0,0,0.0,global_abort:cf4 起飞前预检失败（电压或 EKF 对齐）,,,,,
1.2889422660009586,1788688522.033541,control,aborted,1,1,0.004822245000468683,3.8850440979003906,3885.0,0,40.0,1.2604137950002041,3.8850440979003906,1,1,0,1.0810688100734358,0.4681874215602875,-0.042356450110673904,0.04534998908638954,-0.0006455894326791167,-0.004294317215681076,0.0032015021424740553,-0.6689591407775879,-2.0115320682525635,1.0440419912338257,-0.06611419469118118,-0.029475316405296326,-0.12559668719768524,-0.05392861052152143,-0.0013788438130357158,3.0401549469967106,0.4681874215602875,-0.042356450110673904,0.04534998908638954,3.0401549469967106,0.0,0.0,0.0,0.0,0.0,0.0,-0.003156323017469117,-0.008131330719491866,0.005578022084625505,0.0,0.0,0.0,-0.05392861052152143,-0.0013788438130357158,3.0401549469967106,0.0,0.0,0.0,0.0,0.0,0.0,zero,0.0,0.0,0.0,0.0,-0.003156323017469117,-0.008131330719491866,0.005578022084625505,0.026602927587494364,0.038467489099905175,-0.04764523235490346,1,0.005784273147583008,,,,,,,,,,,,,,,,,,,,,,1.2889422660009586,2,radio://0/80/2M/E7E7E7E702,0.0,aborted,cf4 起飞前预检失败（电压或 EKF 对齐）,0.0,0.0,0.0,0,0.0,global_abort:cf4 起飞前预检失败（电压或 EKF 对齐）,,,,,
1.2889422660009586,1788688522.0337968,control,aborted,1,1,0.00536339900099847,3.790029287338257,3790.0,0,20.0,1.2225831039995683,nan,1,0,1,1.0,-0.2222602665424347,0.44933030009269714,0.042494967579841614,0.0031116574537009,0.007011217996478081,0.004758222959935665,2.350339651107788,3.9076006412506104,3.0708820819854736,0.019584378227591515,0.21973417699337006,-0.055690377950668335,0.00370825263990357,0.02418253076021667,-0.9873609590253649,-0.2222602665424347,0.44933030009269714,0.042494967579841614,-0.9873609590253649,0.0,0.0,0.0,0.0,0.0,0.0,0.008481953095130508,0.0168948626990231,0.010816346739317143,0.0,0.0,0.0,0.00370825263990357,0.02418253076021667,-0.9873609590253649,0.0,0.0,0.0,0.0,0.0,0.0,zero,0.0,0.0,0.0,0.0,0.008481953095130508,0.0168948626990231,0.010816346739317143,-0.07012718006213035,-0.06815175340251295,-0.06989559727933545,1,0.006040096282958984,,,,,,,,,,,,,,,,,,,,,,1.2889422660009586,4,radio://0/80/2M/E7E7E7E704,2.0943951023931953,aborted,cf4 起飞前预检失败（电压或 EKF 对齐）,0.0,0.0,0.0,0,0.0,global_abort:cf4 起飞前预检失败（电压或 EKF 对齐）,,,,,
1.2889422660009586,1788688522.0340986,control,aborted,1,1,0.0050344150004093535,3.9747800827026367,3974.0,0,70.0,1.183501781000814,3.9747800827026367,1,1,0,1.0566622335352516,-0.35990166664123535,-0.39161914587020874,0.035913802683353424,-0.0009558425517752767,0.0034808421041816473,-0.004591595847159624,0.1246311217546463,1.8129088878631592,-3.354745626449585,-0.23886241018772125,-0.16963550448417664,0.023563943803310394,-0.009614315086947708,-0.04125514031608438,0.9235948360984958,-0.35990166664123535,-0.39161914587020874,0.035913802683353424,0.9235948360984958,0.0,0.0,0.0,0.0,0.0,0.0,0.0002973617974718352,0.006889833503380958,-0.011365901854596929,0.0,0.0,0.0,-0.009614315086947708,-0.04125514031608438,0.9235948360984958,0.0,0.0,0.0,0.0,0.0,0.0,zero,0.0,0.0,0.0,0.0,0.0002973617974718352,0.006889833503380958,-0.011365901854596929,-0.04761891234065658,-0.008488807124104207,0.06066990145920244,1,0.0063419342041015625,,,,,,,,,,,,,,,,,,,,,,1.2889422660009586,5,radio://0/80/2M/E7E7E7E705,4.1887902047863905,aborted,cf4 起飞前预检失败（电压或 EKF 对齐）,0.0,0.0,0.0,0,0.0,global_abort:cf4 起飞前预检失败（电压或 EKF 对齐）,,,,,
1.3032245089998469,1788688522.0478275,control,aborted,1,1,0.009410949998709839,3.8850440979003906,3885.0,0,40.0,1.2746960379990924,3.8850440979003906,1,1,0,1.0810688100734358,0.46816736459732056,-0.042339637875556946,0.04531347379088402,-0.0009174416773021221,-0.003099350957199931,0.0018312038155272603,-0.5406020879745483,-1.5853363275527954,0.8078392148017883,-0.024538882076740265,-0.019740281626582146,-0.08345325291156769,-0.052511447640864274,-0.0011417373394109773,3.040995087898569,0.46816736459732056,-0.042339637875556946,0.04531347379088402,3.040995087898569,0.0,0.0,0.0,0.0,0.0,0.0,-0.002684099310493592,-0.007321476413962627,0.004946446393241938,0.0,0.0,0.0,-0.052511447640864274,-0.0011417373394109773,3.040995087898569,0.0,0.0,0.0,0.0,0.0,0.0,zero,0.0,0.0,0.0,0.0,-0.002684099310493592,-0.007321476413962627,0.004946446393241938,0.047203283676412584,0.08095269668966901,-0.06313204119811387,1,0.010066747665405273,,,,,,,,,,,,,,,,,,,,,,1.3032245089998469,2,radio://0/80/2M/E7E7E7E702,0.0,aborted,cf4 起飞前预检失败（电压或 EKF 对齐）,0.0,0.0,0.0,0,0.0,global_abort:cf4 起飞前预检失败（电压或 EKF 对齐）,,,,,
1.3032245089998469,1788688522.0480971,control,aborted,1,1,0.009180416998788132,3.790029287338257,3790.0,0,20.0,1.2368653469984565,nan,1,0,1,1.0,-0.22229178249835968,0.4492853879928589,0.042473677545785904,0.0018592727137729526,0.0047111110761761665,0.00338095729239285,1.8552346229553223,3.0800976753234863,2.4291720390319824,0.006720150820910931,0.18668626248836517,-0.03309754654765129,0.0032747577566191637,0.024725703086112903,-0.9867858958482232,-0.22229178249835968,0.4492853879928589,0.042473677545785904,-0.9867858958482232,0.0,0.0,0.0,0.0,0.0,0.0,0.007290554541490452,0.015136166860611613,0.009480711437527305,0.0,0.0,0.0,0.0032747577566191637,0.024725703086112903,-0.9867858958482232,0.0,0.0,0.0,0.0,0.0,0.0,zero,0.0,0.0,0.0,0.0,0.007290554541490452,0.015136166860611613,0.009480711437527305,-0.11909169969320073,-0.1757984983277563,-0.13350954453856825,1,0.01033639907836914,,,,,,,,,,,,,,,,,,,,,,1.3032245089998469,4,radio://0/80/2M/E7E7E7E704,2.0943951023931953,aborted,cf4 起飞前预检失败（电压或 EKF 对齐）,0.0,0.0,0.0,0,0.0,global_abort:cf4 起飞前预检失败（电压或 EKF 对齐）,,,,,
1.3032245089998469,1788688522.0483265,control,aborted,1,1,0.009698905998448026,3.9747800827026367,3974.0,0,70.0,1.1977840239997022,3.9747800827026367,1,1,0,1.0566622335352516,-0.3598661422729492,-0.39163342118263245,0.03593379259109497,-5.4486270528286695e-05,0.002499287948012352,-0.0032736470457166433,0.11772442609071732,1.4307043552398682,-2.6574487686157227,-0.17034418880939484,-0.14698658883571625,0.02760576829314232,-0.008594999481429116,-0.0418152737429545,0.9240382025537343,-0.3598661422729492,-0.39163342118263245,0.03593379259109497,0.9240382025537343,0.0,0.0,0.0,0.0,0.0,0.0,-7.058621904094758e-05,0.006339615644920075,-0.010057300157929754,0.0,0.0,0.0,-0.008594999481429116,-0.0418152737429545,0.9240382025537343,0.0,0.0,0.0,0.0,0.0,0.0,zero,0.0,0.0,0.0,0.0,-7.058621904094758e-05,0.006339615644920075,-0.010057300157929754,-0.03677992939589206,-0.054999546344468964,0.13080727670967393,1,0.010565757751464844,,,,,,,,,,,,,,,,,,,,,,1.3032245089998469,5,radio://0/80/2M/E7E7E7E705,4.1887902047863905,aborted,cf4 起飞前预检失败（电压或 EKF 对齐）,0.0,0.0,0.0,0,0.0,global_abort:cf4 起飞前预检失败（电压或 EKF 对齐）,,,,,
1.3175116020011046,1788688522.062118,control,aborted,1,1,0.0033196490003319923,3.8850440979003906,3885.0,0,40.0,1.2889831310003501,3.8850440979003906,1,1,0,1.0810688100734358,0.4681697487831116,-0.04232107847929001,0.04531977325677872,-0.0005077096866443753,-0.0016547414707019925,0.0011984717566519976,-0.3379044532775879,-0.9890855550765991,0.5038732886314392,-0.014196946285665035,-0.028269458562135696,-0.05278104171156883,-0.05256709092948717,-0.0020504669976174005,3.0410891212798097,0.4681697487831116,-0.04232107847929001,0.04531977325677872,3.0410891212798097,0.0,0.0,0.0,0.0,0.0,0.0,-0.0016694644513029894,-0.005130367390078303,0.0034275288083697943,0.0,0.0,0.0,-0.05256709092948717,-0.0020504669976174005,3.0410891212798097,0.0,0.0,0.0,0.0,0.0,0.0,zero,0.0,0.0,0.0,0.0,-0.0016694644513029894,-0.005130367390078303,0.0034275288083697943,0.04920093238604971,0.11545704417426272,-0.07784082603127818,1,0.004302978515625,,,,,,,,,,,,,,,,,,,,,,1.3175116020011046,2,radio://0/80/2M/E7E7E7E702,0.0,aborted,cf4 起飞前预检失败（电压或 EKF 对齐）,0.0,0.0,0.0,0,0.0,global_abort:cf4 起飞前预检失败（电压或 EKF 对齐）,,,,,
1.3175116020011046,1788688522.0624807,control,aborted,1,1,0.003862004001348396,3.790029287338257,3790.0,0,20.0,1.2511524399997143,nan,1,0,1,1.0,-0.2222457379102707,0.44934067130088806,0.04252330958843231,0.002137453993782401,0.003927221521735191,0.0032555661164224148,1.1949665546417236,1.9555763006210327,1.556897759437561,-0.007826989516615868,0.13570493459701538,-0.027761507779359818,0.0027451676668841644,0.02540600844569521,-0.9872379261432026,-0.2222457379102707,0.44934067130088806,0.04252330958843231,-0.9872379261432026,0.0,0.0,0.0,0.0,0.0,0.0,0.004502261609669959,0.010212658977480747,0.006266405407967604,0.0,0.0,0.0,0.0027451676668841644,0.02540600844569521,-0.9872379261432026,0.0,0.0,0.0,0.0,0.0,0.0,zero,0.0,0.0,0.0,0.0,0.004502261609669959,0.010212658977480747,0.006266405407967604,-0.13879105049497378,-0.25357511581886066,-0.16221820890552166,1,0.0046656131744384766,,,,,,,,,,,,,,,,,,,,,,1.3175116020011046,4,radio://0/80/2M/E7E7E7E704,2.0943951023931953,aborted,cf4 起飞前预检失败（电压或 EKF 对齐）,0.0,0.0,0.0,0,0.0,global_abort:cf4 起飞前预检失败（电压或 EKF 对齐）,,,,,
1.3175116020011046,1788688522.0627291,control,aborted,1,1,0.0030594260006182594,3.9747800827026367,3974.0,0,70.0,1.21207111700096,3.9747800827026367,1,1,0,1.0566622335352516,-0.35983601212501526,-0.3916490077972412,0.035972390323877335,0.000601856445427984,0.0013335352996364236,-0.0012535412097349763,0.08911147713661194,0.8952776789665222,-1.6616359949111938,-0.15258298814296722,-0.0852799341082573,0.0036480030976235867,-0.010673167097887008,-0.04120757997766707,0.9232020364702992,-0.35983601212501526,-0.3916490077972412,0.035972390323877335,0.9232020364702992,0.0,0.0,0.0,0.0,0.0,0.0,-0.0003727333697484872,0.004489073591524567,-0.006620075538906218,0.0,0.0,0.0,-0.010673167097887008,-0.04120757997766707,0.9232020364702992,0.0,0.0,0.0,0.0,0.0,0.0,zero,0.0,0.0,0.0,0.0,-0.0003727333697484872,0.004489073591524567,-0.006620075538906218,-0.007397155501233347,-0.10027908073538543,0.17773131033210268,1,0.004914045333862305,,,,,,,,,,,,,,,,,,,,,,1.3175116020011046,5,radio://0/80/2M/E7E7E7E705,4.1887902047863905,aborted,cf4 起飞前预检失败（电压或 EKF 对齐）,0.0,0.0,0.0,0,0.0,global_abort:cf4 起飞前预检失败（电压或 EKF 对齐）,,,,,
1.3317596039996715,1788688522.0763557,control,aborted,1,1,0.0030787519990553847,3.8850440979003906,3885.0,0,40.0,1.303231132998917,3.8850440979003906,1,1,0,1.0810688100734358,0.4681563675403595,-0.0423285998404026,0.04531720653176308,-0.0005876997020095587,-0.0014258291339501739,0.0009239568607881665,-0.27140873670578003,-0.7881630063056946,0.3993745446205139,-0.017714712768793106,-0.027142314240336418,-0.04152943566441536,-0.05303584876556453,-0.0023809763928722,3.0411579188309537,0.4681563675403595,-0.0423285998404026,0.04531720653176308,3.0411579188309537,0.0,0.0,0.0,0.0,0.0,0.0,-0.0011760320987701264,-0.0037151890690164118,0.002516049759366732,0.0,0.0,0.0,-0.05303584876556453,-0.0023809763928722,3.0411579188309537,0.0,0.0,0.0,0.0,0.0,0.0,zero,0.0,0.0,0.0,0.0,-0.0011760320987701264,-0.0037151890690164118,0.002516049759366732,0.0334703446317236,0.09599392070290093,-0.061827153688096194,1,0.003798246383666992,,,,,,,,,,,,,,,,,,,,,,1.3317596039996715,2,radio://0/80/2M/E7E7E7E702,0.0,aborted,cf4 起飞前预检失败（电压或 EKF 对齐）,0.0,0.0,0.0,0,0.0,global_abort:cf4 起飞前预检失败（电压或 EKF 对齐）,,,,,
1.3317596039996715,1788688522.076641,control,aborted,1,1,0.0033828529994934797,3.790029287338257,3790.0,0,20.0,1.2654004419982812,nan,1,0,1,1.0,-0.22225944697856903,0.449337899684906,0.042468927800655365,0.0015239838976413012,0.003104177303612232,0.0018667015247046947,0.9476508498191833,1.553295612335205,1.2266767024993896,0.005699148401618004,0.11187370121479034,-0.01678508147597313,0.0036370556721878142,0.025648702802592696,-0.9868371737288775,-0.22225944697856903,0.449337899684906,0.042468927800655365,-0.9868371737288775,0.0,0.0,0.0,0.0,0.0,0.0,0.003190983346369341,0.007419270537745916,0.004610467734238288,0.0,0.0,0.0,0.0036370556721878142,0.025648702802592696,-0.9868371737288775,0.0,0.0,0.0,0.0,0.0,0.0,zero,0.0,0.0,0.0,0.0,0.003190983346369341,0.007419270537745916,0.004610467734238288,-0.08894620540276929,-0.18948022619163504,-0.1123250316763199,1,0.0040836334228515625,,,,,,,,,,,,,,,,,,,,,,1.3317596039996715,4,radio://0/80/2M/E7E7E7E704,2.0943951023931953,aborted,cf4 起飞前预检失败（电压或 EKF 对齐）,0.0,0.0,0.0,0,0.0,global_abort:cf4 起飞前预检失败（电压或 EKF 对齐）,,,,,
1.3317596039996715,1788688522.0768583,control,aborted,1,1,0.0028651999982685084,3.9747800827026367,3974.0,0,70.0,1.2263191189995268,3.9747800827026367,1,1,0,1.0566622335352516,-0.35986971855163574,-0.39159438014030457,0.03591201454401016,2.421875251457095e-05,0.0018079152796417475,-0.0018218997865915298,0.06345286220312119,0.7226576805114746,-1.3370193243026733,-0.08711308240890503,-0.03477606177330017,0.011988535523414612,-0.008122471094254353,-0.03873586706709887,0.9238479541614946,-0.35986971855163574,-0.39159438014030457,0.03591201454401016,0.9238479541614946,0.0,0.0,0.0,0.0,0.0,0.0,-0.00021802682467536206,0.0032627724159975894,-0.004547170241031795,0.0,0.0,0.0,-0.008122471094254353,-0.03873586706709887,0.9238479541614946,0.0,0.0,0.0,0.0,0.0,0.0,zero,0.0,0.0,0.0,0.0,-0.00021802682467536206,0.0032627724159975894,-0.004547170241031795,0.010494004606307032,-0.08318206691654274,0.14060864544580462,1,0.004300832748413086,,,,,,,,,,,,,,,,,,,,,,1.3317596039996715,5,radio://0/80/2M/E7E7E7E705,4.1887902047863905,aborted,cf4 起飞前预检失败（电压或 EKF 对齐）,0.0,0.0,0.0,0,0.0,global_abort:cf4 起飞前预检失败（电压或 EKF 对齐）,,,,,
1.3460816870010603,1788688522.090682,control,aborted,1,1,0.010387854001237429,3.8850440979003906,3885.0,0,40.0,1.3175532160003058,3.8850440979003906,1,1,0,1.0810688100734358,0.46816879510879517,-0.04233564808964729,0.04529375955462456,-0.00013240939006209373,-0.0013322171289473772,0.00010193500202149153,-0.2047533392906189,-0.6279862523078918,0.2971591353416443,-0.006476507987827063,-0.013292155228555202,-0.0457136332988739,-0.05275163396556922,-0.0020958297016467876,3.0406826095068853,0.46816879510879517,-0.04233564808964729,0.04529375955462456,3.0406826095068853,0.0,0.0,0.0,0.0,0.0,0.0,-0.0008025628894241718,-0.0026284372686128255,0.001792682810301894,0.0,0.0,0.0,-0.05275163396556922,-0.0020958297016467876,3.0406826095068853,0.0,0.0,0.0,0.0,0.0,0.0,zero,0.0,0.0,0.0,0.0,-0.0008025628894241718,-0.0026284372686128255,0.001792682810301894,0.05075144657821399,0.14768078481904953,-0.09829972097620109,1,0.010765790939331055,,,,,,,,,,,,,,,,,,,,,,1.3460816870010603,2,radio://0/80/2M/E7E7E7E702,0.0,aborted,cf4 起飞前预检失败（电压或 EKF 对齐）,0.0,0.0,0.0,0,0.0,global_abort:cf4 起飞前预检失败（电压或 EKF 对齐）,,,,,
1.3460816870010603,1788688522.0909417,control,aborted,1,1,0.009834705000685062,3.790029287338257,3790.0,0,20.0,1.27972252499967,nan,1,0,1,1.0,-0.2222609966993332,0.4493635296821594,0.04247923195362091,0.0011770696146413684,0.003179901512339711,0.001773402444086969,0.7486924529075623,1.2446945905685425,0.9788057208061218,0.0068699633702635765,0.05791109427809715,-0.03118547797203064,0.0037055858931636775,0.024488830914549335,-0.9874950608835171,-0.2222609966993332,0.4493635296821594,0.04247923195362091,-0.9874950608835171,0.0,0.0,0.0,0.0,0.0,0.0,0.0022255239885428254,0.005304823737343064,0.003357429585050556,0.0,0.0,0.0,0.0037055858931636775,0.024488830914549335,-0.9874950608835171,0.0,0.0,0.0,0.0,0.0,0.0,zero,0.0,0.0,0.0,0.0,0.0022255239885428254,0.005304823737343064,0.003357429585050556,-0.13119812235118047,-0.28733622785410273,-0.1702777554281776,1,0.011025428771972656,,,,,,,,,,,,,,,,,,,,,,1.3460816870010603,4,radio://0/80/2M/E7E7E7E704,2.0943951023931953,aborted,cf4 起飞前预检失败（电压或 EKF 对齐）,0.0,0.0,0.0,0,0.0,global_abort:cf4 起飞前预检失败（电压或 EKF 对齐）,,,,,
1.3460816870010603,1788688522.0911562,control,aborted,1,1,0.01006251400031033,3.9747800827026367,3974.0,0,70.0,1.2406412020009157,3.9747800827026367,1,1,0,1.0566622335352516,-0.3598746359348297,-0.3915919065475464,0.03588842228055,-0.00011426725541241467,0.00151355832349509,-0.002098698867484927,0.046998586505651474,0.5701262354850769,-1.0771381855010986,-0.07414353638887405,-0.06393716484308243,0.015393332578241825,-0.008295168262999147,-0.040062968932463895,0.9240725566622139,-0.3598746359348297,-0.3915919065475464,0.03588842228055,0.9240725566622139,0.0,0.0,0.0,0.0,0.0,0.0,-9.02831267937815e-05,0.0023471296367100366,-0.002998202319349794,0.0,0.0,0.0,-0.008295168262999147,-0.040062968932463895,0.9240725566622139,0.0,0.0,0.0,0.0,0.0,0.0,zero,0.0,0.0,0.0,0.0,-9.02831267937815e-05,0.0023471296367100366,-0.002998202319349794,0.017359335914450182,-0.12442845202452292,0.21049221933525036,1,0.011240005493164062,,,,,,,,,,,,,,,,,,,,,,1.3460816870010603,5,radio://0/80/2M/E7E7E7E705,4.1887902047863905,aborted,cf4 起飞前预检失败（电压或 EKF 对齐）,0.0,0.0,0.0,0,0.0,global_abort:cf4 起飞前预检失败（电压或 EKF 对齐）,,,,,
1.360332169000685,1788688522.1049297,control,aborted,1,1,0.024638336000862182,3.8850440979003906,3885.0,0,40.0,1.3318036979999306,3.8850440979003906,1,1,0,1.0810688100734358,0.46816879510879517,-0.04233564808964729,0.04529375955462456,-0.00013240939006209373,-0.0013322171289473772,0.00010193500202149153,-0.2047533392906189,-0.6279862523078918,0.2971591353416443,-0.006476507987827063,-0.013292155228555202,-0.0457136332988739,-0.05275163396556922,-0.0020958297016467876,3.0406826095068853,0.46816879510879517,-0.04233564808964729,0.04529375955462456,3.0406826095068853,0.0,0.0,0.0,0.0,0.0,0.0,-0.0008025628894241718,-0.0026284372686128255,0.001792682810301894,0.0,0.0,0.0,-0.05275163396556922,-0.0020958297016467876,3.0406826095068853,0.0,0.0,0.0,0.0,0.0,0.0,zero,0.0,0.0,0.0,0.0,-0.0008025628894241718,-0.0026284372686128255,0.001792682810301894,0.05075144657821399,0.14768078481904953,-0.09829972097620109,1,0.025013446807861328,,,,,,,,,,,,,,,,,,,,,,1.360332169000685,2,radio://0/80/2M/E7E7E7E702,0.0,aborted,cf4 起飞前预检失败（电压或 EKF 对齐）,0.0,0.0,0.0,0,0.0,global_abort:cf4 起飞前预检失败（电压或 EKF 对齐）,,,,,
1.360332169000685,1788688522.105178,control,aborted,1,1,0.024085187000309816,3.790029287338257,3790.0,0,20.0,1.2939730069992947,nan,1,0,1,1.0,-0.2222609966993332,0.4493635296821594,0.04247923195362091,0.0011770696146413684,0.003179901512339711,0.001773402444086969,0.7486924529075623,1.2446945905685425,0.9788057208061218,0.0068699633702635765,0.05791109427809715,-0.03118547797203064,0.0037055858931636775,0.024488830914549335,-0.9874950608835171,-0.2222609966993332,0.4493635296821594,0.04247923195362091,-0.9874950608835171,0.0,0.0,0.0,0.0,0.0,0.0,0.0022255239885428254,0.005304823737343064,0.003357429585050556,0.0,0.0,0.0,0.0037055858931636775,0.024488830914549335,-0.9874950608835171,0.0,0.0,0.0,0.0,0.0,0.0,zero,0.0,0.0,0.0,0.0,0.0022255239885428254,0.005304823737343064,0.003357429585050556,-0.13119812235118047,-0.28733622785410273,-0.1702777554281776,1,0.025261878967285156,,,,,,,,,,,,,,,,,,,,,,1.360332169000685,4,radio://0/80/2M/E7E7E7E704,2.0943951023931953,aborted,cf4 起飞前预检失败（电压或 EKF 对齐）,0.0,0.0,0.0,0,0.0,global_abort:cf4 起飞前预检失败（电压或 EKF 对齐）,,,,,
1.360332169000685,1788688522.1054833,control,aborted,1,1,0.024312995999935083,3.9747800827026367,3974.0,0,70.0,1.2548916840005404,3.9747800827026367,1,1,0,1.0566622335352516,-0.3598746359348297,-0.3915919065475464,0.03588842228055,-0.00011426725541241467,0.00151355832349509,-0.002098698867484927,0.046998586505651474,0.5701262354850769,-1.0771381855010986,-0.07414353638887405,-0.06393716484308243,0.015393332578241825,-0.008295168262999147,-0.040062968932463895,0.9240725566622139,-0.3598746359348297,-0.3915919065475464,0.03588842228055,0.9240725566622139,0.0,0.0,0.0,0.0,0.0,0.0,-9.02831267937815e-05,0.0023471296367100366,-0.002998202319349794,0.0,0.0,0.0,-0.008295168262999147,-0.040062968932463895,0.9240725566622139,0.0,0.0,0.0,0.0,0.0,0.0,zero,0.0,0.0,0.0,0.0,-9.02831267937815e-05,0.0023471296367100366,-0.002998202319349794,0.017359335914450182,-0.12442845202452292,0.21049221933525036,1,0.025567054748535156,,,,,,,,,,,,,,,,,,,,,,1.360332169000685,5,radio://0/80/2M/E7E7E7E705,4.1887902047863905,aborted,cf4 起飞前预检失败（电压或 EKF 对齐）,0.0,0.0,0.0,0,0.0,global_abort:cf4 起飞前预检失败（电压或 EKF 对齐）,,,,,
1.3746129200008,1788688522.1192093,control,aborted,1,1,0.010189597000135109,3.8850440979003906,3885.0,0,40.0,1.3460844490000454,3.8850440979003906,1,1,0,1.0810688100734358,0.46816086769104004,-0.042326685041189194,0.0453370027244091,0.0008367180125787854,0.005301883909851313,0.002312716096639633,-0.16356539726257324,1.4286185503005981,2.5030832290649414,0.25838884711265564,-0.21599583327770233,-0.21955668926239014,-0.05239808104146728,-0.002224051255936839,3.0408392192788134,0.46816086769104004,-0.042326685041189194,0.0453370027244091,3.0408392192788134,0.0,0.0,0.0,0.0,0.0,0.0,0.0005390248551353338,0.0007915233386332986,-0.001517037953356467,0.0,0.0,0.0,-0.05239808104146728,-0.002224051255936839,3.0408392192788134,0.0,0.0,0.0,0.0,0.0,0.0,zero,0.0,0.0,0.0,0.0,0.0005390248551353338,0.0007915233386332986,-0.001517037953356467,0.5714429174618876,1.4519940460960015,-1.4147988475092126,1,0.010810375213623047,,,,,,,,,,,,,,,,,,,,,,1.3746129200008,2,radio://0/80/2M/E7E7E7E702,0.0,aborted,cf4 起飞前预检失败（电压或 EKF 对齐）,0.0,0.0,0.0,0,0.0,global_abort:cf4 起飞前预检失败（电压或 EKF 对齐）,,,,,
1.3746129200008,1788688522.119448,control,aborted,1,1,0.010031760000856593,3.790029287338257,3790.0,0,20.0,1.3082537579994096,nan,1,0,1,1.0,-0.22227223217487335,0.44938310980796814,0.042487647384405136,0.006337486673146486,0.01146711129695177,0.008422298356890678,2.611572027206421,2.8431503772735596,2.487464189529419,-0.13415683805942535,-0.18445606529712677,-0.22159694135189056,0.0024282275946426635,0.023660681353027176,-0.9873578352086015,-0.22227223217487335,0.44938310980796814,0.042487647384405136,-0.9873578352086015,0.0,0.0,0.0,0.0,0.0,0.0,-0.0005838704603706773,-0.0008917603320979213,-0.0009387787941276807,0.0,0.0,0.0,0.0024282275946426635,0.023660681353027176,-0.9873578352086015,0.0,0.0,0.0,0.0,0.0,0.0,zero,0.0,0.0,0.0,0.0,-0.0005838704603706773,-0.0008917603320979213,-0.0009387787941276807,-1.1951654875294964,-2.624872535431341,-1.8212077011965317,1,0.011049032211303711,,,,,,,,,,,,,,,,,,,,,,1.3746129200008,4,radio://0/80/2M/E7E7E7E704,2.0943951023931953,aborted,cf4 起飞前预检失败（电压或 EKF 对齐）,0.0,0.0,0.0,0,0.0,global_abort:cf4 起飞前预检失败（电压或 EKF 对齐）,,,,,
1.3746129200008,1788688522.119648,control,aborted,1,1,0.010396368999863626,3.9747800827026367,3974.0,0,70.0,1.2691724350006552,3.9747800827026367,1,1,0,1.0566622335352516,-0.35988008975982666,-0.39158958196640015,0.03589649498462677,0.00010284502059221268,0.006657736375927925,-0.008537348359823227,0.7415693998336792,2.863130569458008,-3.524961471557617,0.03177206218242645,0.08259434998035431,0.08180934190750122,-0.00896648838606331,-0.04133806700228963,0.9242520216157457,-0.35988008975982666,-0.39158958196640015,0.03589649498462677,0.9242520216157457,0.0,0.0,0.0,0.0,0.0,0.0,3.9276767080872286e-05,3.228335145159908e-05,0.0002609171562269852,0.0,0.0,0.0,-0.00896648838606331,-0.04133806700228963,0.9242520216157457,0.0,0.0,0.0,0.0,0.0,0.0,zero,0.0,0.0,0.0,0.0,3.9276767080872286e-05,3.228335145159908e-05,0.0002609171562269852,0.050738781484998746,-0.9875875252436273,1.387421398017897,1,0.011249065399169922,,,,,,,,,,,,,,,,,,,,,,1.3746129200008,5,radio://0/80/2M/E7E7E7E705,4.1887902047863905,aborted,cf4 起飞前预检失败（电压或 EKF 对齐）,0.0,0.0,0.0,0,0.0,global_abort:cf4 起飞前预检失败（电压或 EKF 对齐）,,,,,
1.3888957529998152,1788688522.1334875,control,aborted,1,1,0.004270808000001125,3.8850440979003906,3885.0,0,40.0,1.3603672819990607,3.8850440979003906,1,1,0,1.0810688100734358,0.4681471586227417,-0.0423525832593441,0.0453527458012104,7.849978283047676e-05,0.0034629348665475845,0.002368643879890442,-0.12409768998622894,0.8921244144439697,1.6174019575119019,0.16613613069057465,-0.12677112221717834,-0.14571906626224518,-0.052821255830400954,-0.0014615369640990751,3.0407018277489675,0.4681471586227417,-0.0423525832593441,0.0453527458012104,3.0407018277489675,0.0,0.0,0.0,0.0,0.0,0.0,0.0011027337204392977,0.002605739840614602,-0.0023053741373008064,0.0,0.0,0.0,-0.052821255830400954,-0.0014615369640990751,3.0407018277489675,0.0,0.0,0.0,0.0,0.0,0.0,zero,0.0,0.0,0.0,0.0,0.0011027337204392977,0.002605739840614602,-0.0023053741373008064,0.02694516659233268,0.10811399394096698,-0.011514700878055577,1,0.005269527435302734,,,,,,,,,,,,,,,,,,,,,,1.3888957529998152,2,radio://0/80/2M/E7E7E7E702,0.0,aborted,cf4 起飞前预检失败（电压或 EKF 对齐）,0.0,0.0,0.0,0,0.0,global_abort:cf4 起飞前预检失败（电压或 EKF 对齐）,,,,,
1.3888957529998152,1788688522.133734,control,aborted,1,1,0.004919817998597864,3.790029287338257,3790.0,0,20.0,1.3225365909984248,nan,1,0,1,1.0,-0.22226686775684357,0.449361115694046,0.04247809201478958,0.004698270000517368,0.007796822115778923,0.004613577853888273,1.653135061264038,1.7700648307800293,1.5049731731414795,-0.07643035054206848,-0.10171965509653091,-0.13598331809043884,0.002921553570328125,0.02584581679185039,-0.9871234748588512,-0.22226686775684357,0.449361115694046,0.04247809201478958,-0.9871234748588512,0.0,0.0,0.0,0.0,0.0,0.0,0.00038180230643740495,0.0016987200509440887,0.0010954397710326133,0.0,0.0,0.0,0.002921553570328125,0.02584581679185039,-0.9871234748588512,0.0,0.0,0.0,0.0,0.0,0.0,zero,0.0,0.0,0.0,0.0,0.00038180230643740495,0.0016987200509440887,0.0010954397710326133,0.08753909141318375,0.1945791925883375,0.1549133905352464,1,0.00551605224609375,,,,,,,,,,,,,,,,,,,,,,1.3888957529998152,4,radio://0/80/2M/E7E7E7E704,2.0943951023931953,aborted,cf4 起飞前预检失败（电压或 EKF 对齐）,0.0,0.0,0.0,0,0.0,global_abort:cf4 起飞前预检失败（电压或 EKF 对齐）,,,,,
1.3888957529998152,1788688522.1340184,control,aborted,1,1,0.004687605000071926,3.9747800827026367,3974.0,0,70.0,1.2834552679996705,3.9747800827026367,1,1,0,1.0566622335352516,-0.35990428924560547,-0.3915883004665375,0.0359581857919693,-0.0009666619589552283,0.004772308748215437,-0.004545798525214195,0.44007745385169983,1.8080846071243286,-2.184687376022339,0.031418316066265106,0.09029160439968109,0.04080040752887726,-0.00898603473754265,-0.040518791722252014,0.9235873976924261,-0.35990428924560547,-0.3915883004665375,0.0359581857919693,0.9235873976924261,0.0,0.0,0.0,0.0,0.0,0.0,-0.0003699675228391723,0.0007226772857767741,-0.000862058546107953,0.0,0.0,0.0,-0.00898603473754265,-0.040518791722252014,0.9235873976924261,0.0,0.0,0.0,0.0,0.0,0.0,zero,0.0,0.0,0.0,0.0,-0.0003699675228391723,0.0007226772857767741,-0.000862058546107953,-0.01901052572220752,0.07181299023151615,-0.10198354617393152,1,0.005800485610961914,,,,,,,,,,,,,,,,,,,,,,1.3888957529998152,5,radio://0/80/2M/E7E7E7E705,4.1887902047863905,aborted,cf4 起飞前预检失败（电压或 EKF 对齐）,0.0,0.0,0.0,0,0.0,global_abort:cf4 起飞前预检失败（电压或 EKF 对齐）,,,,,
1.4032651230008923,1788688522.14785,control,aborted,1,1,0.008766771999944467,3.8850440979003906,3885.0,0,40.0,1.3747366520001378,3.8850440979003906,1,1,0,1.0810688100734358,0.4681573212146759,-0.04235072806477547,0.04539438337087631,0.000265858689090237,0.002807416720315814,0.0027268757112324238,-0.09553453326225281,0.7006015777587891,1.3010793924331665,0.12792474031448364,-0.1050795242190361,-0.11318816244602203,-0.05307097491550454,-0.001635614428837581,3.040880804295867,0.4681573212146759,-0.04235072806477547,0.04539438337087631,3.040880804295867,0.0,0.0,0.0,0.0,0.0,0.0,0.001093644657723657,0.0031380893987005627,-0.0016932167428546953,0.0,0.0,0.0,-0.05307097491550454,-0.001635614428837581,3.040880804295867,0.0,0.0,0.0,0.0,0.0,0.0,zero,0.0,0.0,0.0,0.0,0.001093644657723657,0.0031380893987005627,-0.0016932167428546953,-0.0009081925887283866,0.05319315515718929,0.0611676721973247,1,0.009624242782592773,,,,,,,,,,,,,,,,,,,,,,1.4032651230008923,2,radio://0/80/2M/E7E7E7E702,0.0,aborted,cf4 起飞前预检失败（电压或 EKF 对齐）,0.0,0.0,0.0,0,0.0,global_abort:cf4 起飞前预检失败（电压或 EKF 对齐）,,,,,
1.4032651230008923,1788688522.1480837,control,aborted,1,1,0.009166166999420966,3.790029287338257,3790.0,0,20.0,1.336905960999502,nan,1,0,1,1.0,-0.22229164838790894,0.4493417739868164,0.04247220978140831,0.003263473976403475,0.0058509912341833115,0.003573329420760274,1.293839454650879,1.3771722316741943,1.183193325996399,-0.06999349594116211,-0.1115870252251625,-0.10690255463123322,0.002480936017034198,0.02433356713054795,-0.9870332746251913,-0.22229164838790894,0.4493417739868164,0.04247220978140831,-0.9870332746251913,0.0,0.0,0.0,0.0,0.0,0.0,0.0013060055346372189,0.0033093190992445776,0.0022969547048783527,0.0,0.0,0.0,0.002480936017034198,0.02433356713054795,-0.9870332746251913,0.0,0.0,0.0,0.0,0.0,0.0,zero,0.0,0.0,0.0,0.0,0.0013060055346372189,0.0033093190992445776,0.0022969547048783527,0.0923477534031683,0.1609334388861,0.1200571491587793,1,0.009857892990112305,,,,,,,,,,,,,,,,,,,,,,1.4032651230008923,4,radio://0/80/2M/E7E7E7E704,2.0943951023931953,aborted,cf4 起飞前预检失败（电压或 EKF 对齐）,0.0,0.0,0.0,0,0.0,global_abort:cf4 起飞前预检失败（电压或 EKF 对齐）,,,,,
1.4032651230008923,1788688522.1483853,control,aborted,1,1,0.008922290000555222,3.9747800827026367,3974.0,0,70.0,1.2978246380007477,3.9747800827026367,1,1,0,1.0566622335352516,-0.3598822057247162,-0.3916515111923218,0.035925135016441345,-0.0003320785181131214,0.0025548329576849937,-0.00429702689871192,0.36474156379699707,1.402160406112671,-1.74277925491333,0.020520422607660294,0.059515826404094696,0.03753279522061348,-0.00922721003333842,-0.04115301125660346,0.9238382883746596,-0.3598822057247162,-0.3916515111923218,0.035925135016441345,0.9238382883746596,0.0,0.0,0.0,0.0,0.0,0.0,-0.0004554517453690451,0.001523433142854787,-0.0018552944277339454,0.0,0.0,0.0,-0.00922721003333842,-0.04115301125660346,0.9238382883746596,0.0,0.0,0.0,0.0,0.0,0.0,zero,0.0,0.0,0.0,0.0,-0.0004554517453690451,0.001523433142854787,-0.0018552944277339454,-0.008541709941250607,0.08001270950938008,-0.09924559822868846,1,0.010159492492675781,,,,,,,,,,,,,,,,,,,,,,1.4032651230008923,5,radio://0/80/2M/E7E7E7E705,4.1887902047863905,aborted,cf4 起飞前预检失败（电压或 EKF 对齐）,0.0,0.0,0.0,0,0.0,global_abort:cf4 起飞前预检失败（电压或 EKF 对齐）,,,,,
1.4175585539996973,1788688522.1621513,control,aborted,1,1,0.0034602139985508984,3.8850440979003906,3885.0,0,40.0,1.3890300829989428,3.8850440979003906,1,1,0,1.0810688100734358,0.4681723713874817,-0.042372170835733414,0.04531807079911232,0.0007058539777062833,0.0014688576338812709,0.0004869397380389273,-0.04653943330049515,0.42439645528793335,0.793120265007019,0.07797996699810028,-0.05754445120692253,-0.060579538345336914,-0.05311203212799003,-0.0011122745716537056,3.041382410935865,0.4681723713874817,-0.042372170835733414,0.04531807079911232,3.041382410935865,0.0,0.0,0.0,0.0,0.0,0.0,0.0007151561697076612,0.003300756379896014,0.00029648602554446454,0.0,0.0,0.0,-0.05311203212799003,-0.0011122745716537056,3.041382410935865,0.0,0.0,0.0,0.0,0.0,0.0,zero,0.0,0.0,0.0,0.0,0.0007151561697076612,0.003300756379896014,0.00029648602554446454,-0.023837853635934412,-0.0008249272980435351,0.11596776710810591,1,0.0040857791900634766,,,,,,,,,,,,,,,,,,,,,,1.4175585539996973,2,radio://0/80/2M/E7E7E7E702,0.0,aborted,cf4 起飞前预检失败（电压或 EKF 对齐）,0.0,0.0,0.0,0,0.0,global_abort:cf4 起飞前预检失败（电压或 EKF 对齐）,,,,,
1.4175585539996973,1788688522.1624026,control,aborted,1,1,0.0036700789987662574,3.790029287338257,3790.0,0,20.0,1.351199391998307,nan,1,0,1,1.0,-0.22225578129291534,0.44935646653175354,0.042441476136446,0.002436053706333041,0.003530251793563366,0.0012391575146466494,0.8051213622093201,0.8258506655693054,0.7012326121330261,-0.027498796582221985,-0.06125380098819733,-0.055178411304950714,0.0032831015987495626,0.024937095571108944,-0.9868769486325756,-0.22225578129291534,0.44935646653175354,0.042441476136446,-0.9868769486325756,0.0,0.0,0.0,0.0,0.0,0.0,0.002877266585830319,0.0055555321730938224,0.003659192231034017,0.0,0.0,0.0,0.0032831015987495626,0.024937095571108944,-0.9868769486325756,0.0,0.0,0.0,0.0,0.0,0.0,zero,0.0,0.0,0.0,0.0,0.002877266585830319,0.0055555321730938224,0.003659192231034017,0.0863702061266984,0.11723031713987292,0.06666241798660136,1,0.0043370723724365234,,,,,,,,,,,,,,,,,,,,,,1.4175585539996973,4,radio://0/80/2M/E7E7E7E704,2.0943951023931953,aborted,cf4 起飞前预检失败（电压或 EKF 对齐）,0.0,0.0,0.0,0,0.0,global_abort:cf4 起飞前预检失败（电压或 EKF 对齐）,,,,,
1.4175585539996973,1788688522.1626048,control,aborted,1,1,0.003144337999401614,3.9747800827026367,3974.0,0,70.0,1.3121180689995526,3.9747800827026367,1,1,0,1.0566622335352516,-0.35985493659973145,-0.39163511991500854,0.03594474121928215,0.0008300545741803944,0.0019745868630707264,-0.0027018566615879536,0.26853856444358826,0.8873530030250549,-1.0923652648925781,-0.00739054661244154,-0.002164270728826523,0.046372026205062866,-0.00994776578195181,-0.042903809601652326,0.9245452761922744,-0.35985493659973145,-0.39163511991500854,0.03594474121928215,0.9245452761922744,0.0,0.0,0.0,0.0,0.0,0.0,-0.0005312215760223025,0.002636009098015369,-0.0033747923156391395,0.0,0.0,0.0,-0.00994776578195181,-0.042903809601652326,0.9245452761922744,0.0,0.0,0.0,0.0,0.0,0.0,zero,0.0,0.0,0.0,0.0,-0.0005312215760223025,0.002636009098015369,-0.0033747923156391395,-0.0015623434073320952,0.056732648315255846,-0.080459433572732,1,0.0045392513275146484,,,,,,,,,,,,,,,,,,,,,,1.4175585539996973,5,radio://0/80/2M/E7E7E7E705,4.1887902047863905,aborted,cf4 起飞前预检失败（电压或 EKF 对齐）,0.0,0.0,0.0,0,0.0,global_abort:cf4 起飞前预检失败（电压或 EKF 对齐）,,,,,
1.431850110000596,1788688522.1764383,control,aborted,1,1,0.0055999769992922666,3.8850440979003906,3885.0,0,40.0,1.4033216389998415,3.8850440979003906,1,1,0,1.0810688100734358,0.4681546092033386,-0.04230903834104538,0.045297082513570786,0.00027919290005229414,0.002189809922128916,5.220866296440363e-05,-0.04408923536539078,0.3511049747467041,0.627508819103241,0.07056194543838501,-0.06680188328027725,-0.049079518765211105,-0.0526032819753198,-0.002404500695363701,3.041412407868708,0.4681546092033386,-0.04230903834104538,0.045297082513570786,3.041412407868708,0.0,0.0,0.0,0.0,0.0,0.0,0.000572091735093204,0.00297118712307604,0.0007596798519285654,0.0,0.0,0.0,-0.0526032819753198,-0.002404500695363701,3.041412407868708,0.0,0.0,0.0,0.0,0.0,0.0,zero,0.0,0.0,0.0,0.0,0.000572091735093204,0.00297118712307604,0.0007596798519285654,-0.011497523095634342,-0.02648617842799473,0.03722505688404177,1,0.005929708480834961,,,,,,,,,,,,,,,,,,,,,,1.431850110000596,2,radio://0/80/2M/E7E7E7E702,0.0,aborted,cf4 起飞前预检失败（电压或 EKF 对齐）,0.0,0.0,0.0,0,0.0,global_abort:cf4 起飞前预检失败（电压或 EKF 对齐）,,,,,
1.431850110000596,1788688522.1767557,control,aborted,1,1,0.005387474000599468,3.790029287338257,3790.0,0,20.0,1.3654909479992057,nan,1,0,1,1.0,-0.22224831581115723,0.44934776425361633,0.04248447343707085,0.0020688350778073072,0.0026843303348869085,0.0016824183985590935,0.6381947994232178,0.64708411693573,0.5681105852127075,-0.027983704581856728,-0.046992965042591095,-0.05431403964757919,0.0028949417462221763,0.025064109636774464,-0.9875096077966742,-0.22224831581115723,0.44934776425361633,0.04248447343707085,-0.9875096077966742,0.0,0.0,0.0,0.0,0.0,0.0,0.0031128908232411607,0.0055871281336738994,0.0035001118917888617,0.0,0.0,0.0,0.0028949417462221763,0.025064109636774464,-0.9875096077966742,0.0,0.0,0.0,0.0,0.0,0.0,zero,0.0,0.0,0.0,0.0,0.0031128908232411607,0.0055871281336738994,0.0035001118917888617,0.018936188570018067,0.0025392424572688115,-0.012784658042102156,1,0.006247043609619141,,,,,,,,,,,,,,,,,,,,,,1.431850110000596,4,radio://0/80/2M/E7E7E7E704,2.0943951023931953,aborted,cf4 起飞前预检失败（电压或 EKF 对齐）,0.0,0.0,0.0,0,0.0,global_abort:cf4 起飞前预检失败（电压或 EKF 对齐）,,,,,
1.431850110000596,1788688522.1770003,control,aborted,1,1,0.005179248999411357,3.9747800827026367,3974.0,0,70.0,1.3264096250004513,3.9747800827026367,1,1,0,1.0566622335352516,-0.359829843044281,-0.3916665315628052,0.03593601658940315,0.0010673704091459513,0.0010747924679890275,-0.0023017157800495625,0.21864521503448486,0.6954200863838196,-0.8674607872962952,-0.008436014875769615,-0.012752550654113293,0.021895743906497955,-0.010064140679176482,-0.04359893780353778,0.9236055229895347,-0.359829843044281,-0.3916665315628052,0.03593601658940315,0.9236055229895347,0.0,0.0,0.0,0.0,0.0,0.0,-0.0003124468361908976,0.002654425802779623,-0.003499277971363639,0.0,0.0,0.0,-0.010064140679176482,-0.04359893780353778,0.9236055229895347,0.0,0.0,0.0,0.0,0.0,0.0,zero,0.0,0.0,0.0,0.0,-0.0003124468361908976,0.002654425802779623,-0.003499277971363639,0.01758206105334012,0.001480077763163987,-0.010004420075644596,1,0.006491661071777344,,,,,,,,,,,,,,,,,,,,,,1.431850110000596,5,radio://0/80/2M/E7E7E7E705,4.1887902047863905,aborted,cf4 起飞前预检失败（电压或 EKF 对齐）,0.0,0.0,0.0,0,0.0,global_abort:cf4 起飞前预检失败（电压或 EKF 对齐）,,,,,
1.4461636730011378,1788688522.1907752,control,aborted,1,1,0.00997368699972867,3.8850440979003906,3885.0,0,40.0,1.4176352020003833,3.8850440979003906,1,1,0,1.0810688100734358,0.46818751096725464,-0.042327918112277985,0.04533049836754799,0.0008978391415439546,0.001364813419058919,0.0007267905166372657,-0.02258916385471821,0.26397159695625305,0.5158359408378601,0.049846068024635315,-0.03356129676103592,-0.042151253670454025,-0.052925035643498736,-0.0014435111496699216,3.04122059797807,0.46818751096725464,-0.042327918112277985,0.04533049836754799,3.04122059797807,0.0,0.0,0.0,0.0,0.0,0.0,0.0004896458248838872,0.0026278340514072594,0.0009520281232526292,0.0,0.0,0.0,-0.052925035643498736,-0.0014435111496699216,3.04122059797807,0.0,0.0,0.0,0.0,0.0,0.0,zero,0.0,0.0,0.0,0.0,0.0004896458248838872,0.0026278340514072594,0.0009520281232526292,-0.008450713855683729,-0.035193723409400114,0.019715716613089098,1,0.010510444641113281,,,,,,,,,,,,,,,,,,,,,,1.4461636730011378,2,radio://0/80/2M/E7E7E7E702,0.0,aborted,cf4 起飞前预检失败（电压或 EKF 对齐）,0.0,0.0,0.0,0,0.0,global_abort:cf4 起飞前预检失败（电压或 EKF 对齐）,,,,,
1.4461636730011378,1788688522.1910331,control,aborted,1,1,0.009816544001296279,3.790029287338257,3790.0,0,20.0,1.3798045109997474,nan,1,0,1,1.0,-0.22228658199310303,0.4493418335914612,0.04249865934252739,0.0008706129738129675,0.002025885973125696,0.0016367451753467321,0.4859923720359802,0.504169225692749,0.4535521864891052,-0.028656037524342537,-0.04185923933982849,-0.02779511921107769,0.002608186010083964,0.024853964936281264,-0.9867461926161893,-0.22228658199310303,0.4493418335914612,0.04249865934252739,-0.9867461926161893,0.0,0.0,0.0,0.0,0.0,0.0,0.0030660157270900198,0.005204246683149061,0.0031415727090779565,0.0,0.0,0.0,0.002608186010083964,0.024853964936281264,-0.9867461926161893,0.0,0.0,0.0,0.0,0.0,0.0,zero,0.0,0.0,0.0,0.0,0.0030660157270900198,0.005204246683149061,0.0031415727090779565,-0.004804701937612779,-0.03924538610611273,-0.03675030127568622,1,0.010768413543701172,,,,,,,,,,,,,,,,,,,,,,1.4461636730011378,4,radio://0/80/2M/E7E7E7E704,2.0943951023931953,aborted,cf4 起飞前预检失败（电压或 EKF 对齐）,0.0,0.0,0.0,0,0.0,global_abort:cf4 起飞前预检失败（电压或 EKF 对齐）,,,,,
1.4461636730011378,1788688522.1912396,control,aborted,1,1,0.010165399000470643,3.9747800827026367,3974.0,0,70.0,1.340723188000993,3.9747800827026367,1,1,0,1.0566622335352516,-0.3598654568195343,-0.39163485169410706,0.03588351234793663,0.00012381537817418575,0.0015092699322849512,-0.002917707432061434,0.15557333827018738,0.5652428865432739,-0.7065964341163635,0.012734461575746536,0.022530941292643547,0.017223341390490532,-0.009112463700200172,-0.04200241499416296,0.9235758650064831,-0.3598654568195343,-0.39163485169410706,0.03588351234793663,0.9235758650064831,0.0,0.0,0.0,0.0,0.0,0.0,-4.118282936539858e-05,0.0024898971062484385,-0.003434980889156853,0.0,0.0,0.0,-0.009112463700200172,-0.04200241499416296,0.9235758650064831,0.0,0.0,0.0,0.0,0.0,0.0,zero,0.0,0.0,0.0,0.0,-4.118282936539858e-05,0.0024898971062484385,-0.003434980889156853,0.027804587216134352,-0.016864207477407942,0.0065904572113453545,1,0.010974884033203125,,,,,,,,,,,,,,,,,,,,,,1.4461636730011378,5,radio://0/80/2M/E7E7E7E705,4.1887902047863905,aborted,cf4 起飞前预检失败（电压或 EKF 对齐）,0.0,0.0,0.0,0,0.0,global_abort:cf4 起飞前预检失败（电压或 EKF 对齐）,,,,,
1.460342975000458,1788688522.2049568,control,aborted,1,1,0.006065800000214949,3.8850440979003906,3885.0,0,40.0,1.4318145039997034,3.8850440979003906,1,1,0,1.0810688100734358,0.4681570529937744,-0.04234601929783821,0.045331306755542755,0.0008661590982228518,0.0007440808112733066,0.0011987269390374422,0.010028362274169922,0.16183610260486603,0.360367089509964,0.036806438118219376,-0.03580769896507263,-0.023743456229567528,-0.05285285146042559,-0.0018833686607134237,3.0412576621680447,0.4681570529937744,-0.04234601929783821,0.045331306755542755,3.0412576621680447,0.0,0.0,0.0,0.0,0.0,0.0,0.00037771706769609625,0.0018745529986938098,0.0008926201358098523,0.0,0.0,0.0,-0.05285285146042559,-0.0018833686607134237,3.0412576621680447,0.0,0.0,0.0,0.0,0.0,0.0,zero,0.0,0.0,0.0,0.0,0.00037771706769609625,0.0018745529986938098,0.0008926201358098523,-0.00872819872877186,-0.057430069995208284,-0.006853098071134058,1,0.007017850875854492,,,,,,,,,,,,,,,,,,,,,,1.460342975000458,2,radio://0/80/2M/E7E7E7E702,0.0,aborted,cf4 起飞前预检失败（电压或 EKF 对齐）,0.0,0.0,0.0,0,0.0,global_abort:cf4 起飞前预检失败（电压或 EKF 对齐）,,,,,
1.460342975000458,1788688522.205225,control,aborted,1,1,0.0065541370004211785,3.790029287338257,3790.0,0,20.0,1.3939838129990676,nan,1,0,1,1.0,-0.22232428193092346,0.4493817389011383,0.04249865189194679,-0.0002994275710079819,0.0029839114286005497,0.001606721431016922,0.28273382782936096,0.36798739433288574,0.30505818128585815,-0.025147898122668266,-0.041389212012290955,-0.005103973671793938,0.0029193264411737562,0.02397524307574762,-0.9866306526057288,-0.22232428193092346,0.4493817389011383,0.04249865189194679,-0.9866306526057288,0.0,0.0,0.0,0.0,0.0,0.0,0.0022490882549267527,0.0037278726126759062,0.0022226560401957425,0.0,0.0,0.0,0.0029193264411737562,0.02397524307574762,-0.9866306526057288,0.0,0.0,0.0,0.0,0.0,0.0,zero,0.0,0.0,0.0,0.0,0.0022490882549267527,0.0037278726126759062,0.0022226560401957425,-0.06738640881198879,-0.11169538166888696,-0.06870779456430608,1,0.00728607177734375,,,,,,,,,,,,,,,,,,,,,,1.460342975000458,4,radio://0/80/2M/E7E7E7E704,2.0943951023931953,aborted,cf4 起飞前预检失败（电压或 EKF 对齐）,0.0,0.0,0.0,0,0.0,global_abort:cf4 起飞前预检失败（电压或 EKF 对齐）,,,,,
1.460342975000458,1788688522.2054439,control,aborted,1,1,0.006277749000219046,3.9747800827026367,3974.0,0,70.0,1.3549024900003133,3.9747800827026367,1,1,0,1.0566622335352516,-0.3598729372024536,-0.39160582423210144,0.03591117635369301,-0.0005315325688570738,0.001750644063577056,-0.0018594935536384583,0.0724274292588234,0.37243133783340454,-0.44418689608573914,0.02361528016626835,0.059658877551555634,0.038276806473731995,-0.008821491353554672,-0.04052243307375454,0.9245302540883094,-0.3598729372024536,-0.39160582423210144,0.03591117635369301,0.9245302540883094,0.0,0.0,0.0,0.0,0.0,0.0,0.00032939082971802344,0.0019577528224357476,-0.0029821768789204508,0.0,0.0,0.0,-0.008821491353554672,-0.04052243307375454,0.9245302540883094,0.0,0.0,0.0,0.0,0.0,0.0,zero,0.0,0.0,0.0,0.0,0.00032939082971802344,0.0019577528224357476,-0.0029821768789204508,0.023882930828390797,-0.03901284465077754,0.03717564533271989,1,0.007504940032958984,,,,,,,,,,,,,,,,,,,,,,1.460342975000458,5,radio://0/80/2M/E7E7E7E705,4.1887902047863905,aborted,cf4 起飞前预检失败（电压或 EKF 对齐）,0.0,0.0,0.0,0,0.0,global_abort:cf4 起飞前预检失败（电压或 EKF 对齐）,,,,,
1.4746160490012699,1788688522.219208,control,aborted,1,1,0.0003962460014008684,3.8850440979003906,3885.0,0,40.0,1.4460875780005154,3.8850440979003906,1,1,0,1.0810688100734358,0.4681558310985565,-0.04240402951836586,0.04532463848590851,0.0006703671533614397,-0.0003710675227921456,0.0005613701068796217,0.00598652008920908,0.08738463371992111,0.21700456738471985,0.023269327357411385,-0.03163350373506546,-0.023677317425608635,-0.05288980526149533,-0.0019675615106911283,3.0409625774650006,0.4681558310985565,-0.04240402951836586,0.04532463848590851,3.0409625774650006,0.0,0.0,0.0,0.0,0.0,0.0,0.00038101019274861333,0.001000256967115774,0.000849574673818963,0.0,0.0,0.0,-0.05288980526149533,-0.0019675615106911283,3.0409625774650006,0.0,0.0,0.0,0.0,0.0,0.0,zero,0.0,0.0,0.0,0.0,0.00038101019274861333,0.001000256967115774,0.000849574673818963,0.00219280903680241,-0.051754707584103644,-0.0013000937822822288,1,0.0009918212890625,,,,,,,,,,,,,,,,,,,,,,1.4746160490012699,2,radio://0/80/2M/E7E7E7E702,0.0,aborted,cf4 起飞前预检失败（电压或 EKF 对齐）,0.0,0.0,0.0,0,0.0,global_abort:cf4 起飞前预检失败（电压或 EKF 对齐）,,,,,
1.4746160490012699,1788688522.2194736,control,aborted,1,1,0.0006390580001607304,3.790029287338257,3790.0,0,20.0,1.4082568869998795,nan,1,0,1,1.0,-0.2222951352596283,0.4493585228919983,0.042494263499975204,-0.00020511430921033025,0.0014705955982208252,0.0012592459097504616,0.17055557668209076,0.2072707861661911,0.1959417760372162,-0.022913392633199692,0.006800198927521706,-0.006444393191486597,0.002880253452185519,0.025449490750877168,-0.9870515068135247,-0.2222951352596283,0.4493585228919983,0.042494263499975204,-0.9870515068135247,0.0,0.0,0.0,0.0,0.0,0.0,0.0011054041578571112,0.0026617049548410218,0.0014941199300558497,0.0,0.0,0.0,0.002880253452185519,0.025449490750877168,-0.9870515068135247,0.0,0.0,0.0,0.0,0.0,0.0,zero,0.0,0.0,0.0,0.0,0.0011054041578571112,0.0026617049548410218,0.0014941199300558497,-0.06341331596937252,-0.056455501750175094,-0.039167901981490366,1,0.0012574195861816406,,,,,,,,,,,,,,,,,,,,,,1.4746160490012699,4,radio://0/80/2M/E7E7E7E704,2.0943951023931953,aborted,cf4 起飞前预检失败（电压或 EKF 对齐）,0.0,0.0,0.0,0,0.0,global_abort:cf4 起飞前预检失败（电压或 EKF 对齐）,,,,,
1.4746160490012699,1788688522.2196946,control,aborted,1,1,0.00015302000065275934,3.9747800827026367,3974.0,0,70.0,1.3691755640011252,3.9747800827026367,1,1,0,1.0566622335352516,-0.359885573387146,-0.3916309177875519,0.03598213940858841,-0.00045088835759088397,0.0005551993963308632,7.026840467005968e-05,0.05041877552866936,0.2138008028268814,-0.24903951585292816,0.01133830938488245,0.04349071532487869,0.02882084995508194,-0.009045153987787111,-0.04028839879144081,0.9242906848878583,-0.359885573387146,-0.3916309177875519,0.03598213940858841,0.9242906848878583,0.0,0.0,0.0,0.0,0.0,0.0,0.0001358549516171926,0.0015870013127121693,-0.0021461603373775662,0.0,0.0,0.0,-0.009045153987787111,-0.04028839879144081,0.9242906848878583,0.0,0.0,0.0,0.0,0.0,0.0,zero,0.0,0.0,0.0,0.0,0.0001358549516171926,0.0015870013127121693,-0.0021461603373775662,-0.01569472841585969,-0.021222514489395324,0.052168835926099784,1,0.001478433609008789,,,,,,,,,,,,,,,,,,,,,,1.4746160490012699,5,radio://0/80/2M/E7E7E7E705,4.1887902047863905,aborted,cf4 起飞前预检失败（电压或 EKF 对齐）,0.0,0.0,0.0,0,0.0,global_abort:cf4 起飞前预检失败（电压或 EKF 对齐）,,,,,
1.4889511140008835,1788688522.2335434,control,aborted,1,1,0.004986635000022943,3.8850440979003906,3885.0,0,40.0,1.460422643000129,3.8850440979003906,1,1,0,1.0810688100734358,0.46816250681877136,-0.04233205318450928,0.045317862182855606,0.0006745454738847911,0.0011937494855374098,0.0003087613149546087,0.004875747486948967,0.10231450200080872,0.16837221384048462,0.020938275381922722,-0.026673968881368637,-0.0152468616142869,-0.052778006353802205,-0.0020240632142263333,3.0411442283352983,0.46816250681877136,-0.04233205318450928,0.045317862182855606,3.0411442283352983,0.0,0.0,0.0,0.0,0.0,0.0,0.00042430358949549615,0.0006392182501265645,0.0008111646697918213,0.0,0.0,0.0,-0.052778006353802205,-0.0020240632142263333,3.0411442283352983,0.0,0.0,0.0,0.0,0.0,0.0,zero,0.0,0.0,0.0,0.0,0.00042430358949549615,0.0006392182501265645,0.0008111646697918213,0.004482932581569091,-0.037384736454419316,-0.003977268393103662,1,0.005669832229614258,,,,,,,,,,,,,,,,,,,,,,1.4889511140008835,2,radio://0/80/2M/E7E7E7E702,0.0,aborted,cf4 起飞前预检失败（电压或 EKF 对齐）,0.0,0.0,0.0,0,0.0,global_abort:cf4 起飞前预检失败（电压或 EKF 对齐）,,,,,
1.4889511140008835,1788688522.2337935,control,aborted,1,1,0.0052796700001636054,3.790029287338257,3790.0,0,20.0,1.4225919519994932,nan,1,0,1,1.0,-0.22229425609111786,0.44933798909187317,0.042475320398807526,-0.00014588420162908733,0.000751229003071785,0.0006150919944047928,0.13767109811306,0.15091881155967712,0.1434132307767868,-0.005988468416035175,-0.02524161897599697,0.002632254734635353,0.003485395600904533,0.02396678134991004,-0.9866800709150362,-0.22229425609111786,0.44933798909187317,0.042475320398807526,-0.9866800709150362,0.0,0.0,0.0,0.0,0.0,0.0,0.0006793807564305709,0.002246378669597324,0.0012491925328126357,0.0,0.0,0.0,0.003485395600904533,0.02396678134991004,-0.9866800709150362,0.0,0.0,0.0,0.0,0.0,0.0,zero,0.0,0.0,0.0,0.0,0.0006793807564305709,0.002246378669597324,0.0012491925328126357,-0.04411375244894445,-0.043006090443459793,-0.025361673874655648,1,0.005919933319091797,,,,,,,,,,,,,,,,,,,,,,1.4889511140008835,4,radio://0/80/2M/E7E7E7E704,2.0943951023931953,aborted,cf4 起飞前预检失败（电压或 EKF 对齐）,0.0,0.0,0.0,0,0.0,global_abort:cf4 起飞前预检失败（电压或 EKF 对齐）,,,,,
1.4889511140008835,1788688522.234111,control,aborted,1,1,0.004788144000485772,3.9747800827026367,3974.0,0,70.0,1.3835106290007388,3.9747800827026367,1,1,0,1.0566622335352516,-0.35987144708633423,-0.3916356563568115,0.035925086587667465,-6.81601813994348e-05,0.0003460254811216146,-0.0011253283591941,0.04826118424534798,0.16670872271060944,-0.2239919751882553,0.03419686108827591,0.019452646374702454,0.03516605123877525,-0.007855932348685292,-0.0410241431196704,0.9248821832222622,-0.35987144708633423,-0.3916356563568115,0.035925086587667465,0.9248821832222622,0.0,0.0,0.0,0.0,0.0,0.0,-1.0703112541476717e-05,0.0013696971206457274,-0.0016792772346650353,0.0,0.0,0.0,-0.007855932348685292,-0.0410241431196704,0.9248821832222622,0.0,0.0,0.0,0.0,0.0,0.0,zero,0.0,0.0,0.0,0.0,-1.0703112541476717e-05,0.0013696971206457274,-0.0016792772346650353,-0.015175753585467916,-0.022501353922901438,0.04834468141113858,1,0.006237506866455078,,,,,,,,,,,,,,,,,,,,,,1.4889511140008835,5,radio://0/80/2M/E7E7E7E705,4.1887902047863905,aborted,cf4 起飞前预检失败（电压或 EKF 对齐）,0.0,0.0,0.0,0,0.0,global_abort:cf4 起飞前预检失败（电压或 EKF 对齐）,,,,,
1.5032336189997295,1788688522.247832,control,aborted,1,1,0.0096656379992055,3.8850440979003906,3885.0,0,40.0,1.474705147998975,3.8850440979003906,1,1,0,1.0810688100734358,0.4682030975818634,-0.04235367104411125,0.04534324258565903,0.0013617472723126411,0.0005171591765247285,0.0007610546890646219,0.017818938940763474,0.0681481808423996,0.14385837316513062,0.0034307781606912613,-0.00500284880399704,-0.027110476046800613,-0.053434379775893485,-0.0012576975360501213,3.040366139741088,0.4682030975818634,-0.04235367104411125,0.04534324258565903,3.040366139741088,0.0,0.0,0.0,0.0,0.0,0.0,0.0005079883142505707,0.0004429286110451667,0.0007436928807890961,0.0,0.0,0.0,-0.053434379775893485,-0.0012576975360501213,3.040366139741088,0.0,0.0,0.0,0.0,0.0,0.0,zero,0.0,0.0,0.0,0.0,0.0005079883142505707,0.0004429286110451667,0.0007436928807890961,0.008474556371121447,-0.01987779270746205,-0.0068327102829998125,1,0.010083675384521484,,,,,,,,,,,,,,,,,,,,,,1.5032336189997295,2,radio://0/80/2M/E7E7E7E702,0.0,aborted,cf4 起飞前预检失败（电压或 EKF 对齐）,0.0,0.0,0.0,0,0.0,global_abort:cf4 起飞前预检失败（电压或 EKF 对齐）,,,,,
1.5032336189997295,1788688522.2480972,control,aborted,1,1,0.009246782999980496,3.790029287338257,3790.0,0,20.0,1.4368744569983392,nan,1,0,1,1.0,-0.2222936749458313,0.4493561089038849,0.04246484115719795,-0.000104937054857146,0.0009679754148237407,0.00027983076870441437,0.11096621304750443,0.1251249611377716,0.10794033110141754,-0.02537776343524456,-0.00891914963722229,-0.010758238844573498,0.002453575853083438,0.02452531354894166,-0.9873136891925289,-0.2222936749458313,0.4493561089038849,0.04246484115719795,-0.9873136891925289,0.0,0.0,0.0,0.0,0.0,0.0,0.00032998955440652724,0.0018410595014405993,0.001036903527156781,0.0,0.0,0.0,0.002453575853083438,0.02452531354894166,-0.9873136891925289,0.0,0.0,0.0,0.0,0.0,0.0,zero,0.0,0.0,0.0,0.0,0.00032998955440652724,0.0018410595014405993,0.001036903527156781,-0.03538202994384698,-0.04104572428114403,-0.021498011144390705,1,0.010348796844482422,,,,,,,,,,,,,,,,,,,,,,1.5032336189997295,4,radio://0/80/2M/E7E7E7E704,2.0943951023931953,aborted,cf4 起飞前预检失败（电压或 EKF 对齐）,0.0,0.0,0.0,0,0.0,global_abort:cf4 起飞前预检失败（电压或 EKF 对齐）,,,,,
1.5032336189997295,1788688522.2483234,control,aborted,1,1,0.009439708999707364,3.9747800827026367,3974.0,0,70.0,1.3977931339995848,3.9747800827026367,1,1,0,1.0566622335352516,-0.35986724495887756,-0.39166420698165894,0.035935476422309875,3.0580242309952155e-05,-0.0003014337853528559,-0.0006898306310176849,0.04060880094766617,0.12025357782840729,-0.17037317156791687,0.016517899930477142,-0.001419195905327797,0.00802915170788765,-0.008350245955916092,-0.04187059374050561,0.9238955788610074,-0.35986724495887756,-0.39166420698165894,0.035935476422309875,0.9238955788610074,0.0,0.0,0.0,0.0,0.0,0.0,-0.00010842811738077342,0.0010898818363077514,-0.001288892038649343,0.0,0.0,0.0,-0.008350245955916092,-0.04187059374050561,0.9238955788610074,0.0,0.0,0.0,0.0,0.0,0.0,zero,0.0,0.0,0.0,0.0,-0.00010842811738077342,0.0010898818363077514,-0.001288892038649343,-0.009896382700697318,-0.02833623946979357,0.039533395846960306,1,0.010575056076049805,,,,,,,,,,,,,,,,,,,,,,1.5032336189997295,5,radio://0/80/2M/E7E7E7E705,4.1887902047863905,aborted,cf4 起飞前预检失败（电压或 EKF 对齐）,0.0,0.0,0.0,0,0.0,global_abort:cf4 起飞前预检失败（电压或 EKF 对齐）,,,,,
1.5175593929998286,1788688522.262178,control,aborted,1,1,0.012281758999961312,3.8850440979003906,3885.0,0,40.0,1.489030921999074,3.8850440979003906,1,1,0,1.0810688100734358,0.46818381547927856,-0.04236369952559471,0.04530898109078407,0.0007557770004495978,0.00024021357239689678,1.6048026736825705e-05,0.003770594485104084,0.049726806581020355,0.10219652205705643,0.023938504979014397,-0.014269040897488594,-0.009680094197392464,-0.05221056021717774,-0.0018136089584620935,3.0410905343172927,0.46818381547927856,-0.04236369952559471,0.04530898109078407,3.0410905343172927,0.0,0.0,0.0,0.0,0.0,0.0,0.0006486384889004613,0.00037993560074934873,0.0006577157661307536,0.0,0.0,0.0,-0.05221056021717774,-0.0018136089584620935,3.0410905343172927,0.0,0.0,0.0,0.0,0.0,0.0,zero,0.0,0.0,0.0,0.0,0.0006486384889004613,0.00037993560074934873,0.0006577157661307536,0.012167761692443433,-0.005449576863143586,-0.007437950537713106,1,0.012870311737060547,,,,,,,,,,,,,,,,,,,,,,1.5175593929998286,2,radio://0/80/2M/E7E7E7E702,0.0,aborted,cf4 起飞前预检失败（电压或 EKF 对齐）,0.0,0.0,0.0,0,0.0,global_abort:cf4 起飞前预检失败（电压或 EKF 对齐）,,,,,
1.5175593929998286,1788688522.262438,control,aborted,1,1,0.012507984998592292,3.790029287338257,3790.0,0,20.0,1.4512002309984382,nan,1,0,1,1.0,-0.22227656841278076,0.44933265447616577,0.04248359426856041,0.00021202926291152835,0.0003685695701278746,0.0005483327549882233,0.09425715357065201,0.08972899615764618,0.09099791198968887,-0.010033897124230862,0.0003480091691017151,-0.0043154130689799786,0.0030532158298313024,0.024957137577913232,-0.9870643356243822,-0.22227656841278076,0.44933265447616577,0.04248359426856041,-0.9870643356243822,0.0,0.0,0.0,0.0,0.0,0.0,9.067416697772674e-05,0.0014406248686125239,0.0008192728345697081,0.0,0.0,0.0,0.0030532158298313024,0.024957137577913232,-0.9870643356243822,0.0,0.0,0.0,0.0,0.0,0.0,zero,0.0,0.0,0.0,0.0,9.067416697772674e-05,0.0014406248686125239,0.0008192728345697081,-0.020703369980285206,-0.034641927731562154,-0.01882740928656911,1,0.013130426406860352,,,,,,,,,,,,,,,,,,,,,,1.5175593929998286,4,radio://0/80/2M/E7E7E7E704,2.0943951023931953,aborted,cf4 起飞前预检失败（电压或 EKF 对齐）,0.0,0.0,0.0,0,0.0,global_abort:cf4 起飞前预检失败（电压或 EKF 对齐）,,,,,
1.5175593929998286,1788688522.2626543,control,aborted,1,1,0.012042902999382932,3.9747800827026367,3974.0,0,70.0,1.4121189079996839,3.9747800827026367,1,1,0,1.0566622335352516,-0.35987406969070435,-0.39164501428604126,0.035968996584415436,-9.36179785639979e-05,9.092682739719748e-05,2.810457954183221e-05,0.03033815324306488,0.10299152880907059,-0.12387675046920776,0.011698008514940739,0.015929514542222023,0.018359418958425522,-0.008466098976920104,-0.04087854086862118,0.9245777157790789,-0.35987406969070435,-0.39164501428604126,0.035968996584415436,0.9245777157790789,0.0,0.0,0.0,0.0,0.0,0.0,-0.00014043436218388983,0.0007404696727696317,-0.0009724175034226553,0.0,0.0,0.0,-0.008466098976920104,-0.04087854086862118,0.9245777157790789,0.0,0.0,0.0,0.0,0.0,0.0,zero,0.0,0.0,0.0,0.0,-0.00014043436218388983,0.0007404696727696317,-0.0009724175034226553,-0.002768886426225489,-0.030227932165430967,0.027378470989819888,1,0.013346672058105469,,,,,,,,,,,,,,,,,,,,,,1.5175593929998286,5,radio://0/80/2M/E7E7E7E705,4.1887902047863905,aborted,cf4 起飞前预检失败（电压或 EKF 对齐）,0.0,0.0,0.0,0,0.0,global_abort:cf4 起飞前预检失败（电压或 EKF 对齐）,,,,,
1.531761655000082,1788688522.2763536,control,aborted,1,1,0.0061186029997770675,3.8850440979003906,3885.0,0,40.0,1.5032331839993276,3.8850440979003906,1,1,0,1.0810688100734358,0.4681793749332428,-0.042353056371212006,0.04532551392912865,0.0016164534026756883,0.00031021307222545147,0.0011211546370759606,0.06825345009565353,0.032731570303440094,0.12453685700893402,-0.03590729087591171,0.0014071296900510788,-0.004587941337376833,-0.05348821941620746,-0.001384789404855618,3.041293987318707,0.4681793749332428,-0.042353056371212006,0.04532551392912865,3.041293987318707,0.0,0.0,0.0,0.0,0.0,0.0,0.000811618776495559,0.0003047718417838654,0.00030300560090016303,0.0,0.0,0.0,-0.05348821941620746,-0.001384789404855618,3.041293987318707,0.0,0.0,0.0,0.0,0.0,0.0,zero,0.0,0.0,0.0,0.0,0.000811618776495559,0.0003047718417838654,0.00030300560090016303,0.017816929820923925,-0.008484958114493103,-0.039976520384170385,1,0.0064830780029296875,,,,,,,,,,,,,,,,,,,,,,1.531761655000082,2,radio://0/80/2M/E7E7E7E702,0.0,aborted,cf4 起飞前预检失败（电压或 EKF 对齐）,0.0,0.0,0.0,0,0.0,global_abort:cf4 起飞前预检失败（电压或 EKF 对齐）,,,,,
1.531761655000082,1788688522.2766023,control,aborted,1,1,0.005644640999889816,3.790029287338257,3790.0,0,20.0,1.4654024929986917,nan,1,0,1,1.0,-0.22228850424289703,0.4493587911128998,0.042463019490242004,-0.0006587945972569287,0.001798186800442636,-0.0008074232609942555,0.01587069034576416,0.1353798359632492,-0.007036976516246796,0.07409261167049408,0.018431304022669792,0.015309576876461506,0.003408271393834619,0.025085922259666323,-0.9868495370146402,-0.22228850424289703,0.4493587911128998,0.042463019490242004,-0.9868495370146402,0.0,0.0,0.0,0.0,0.0,0.0,-3.471014452379008e-05,0.0005848451367000394,0.0004482368726436294,0.0,0.0,0.0,0.003408271393834619,0.025085922259666323,-0.9868495370146402,0.0,0.0,0.0,0.0,0.0,0.0,zero,0.0,0.0,0.0,0.0,-3.471014452379008e-05,0.0005848451367000394,0.0004482368726436294,-0.013915486563131182,-0.09568179383446264,-0.04267093483595066,1,0.006731748580932617,,,,,,,,,,,,,,,,,,,,,,1.531761655000082,4,radio://0/80/2M/E7E7E7E704,2.0943951023931953,aborted,cf4 起飞前预检失败（电压或 EKF 对齐）,0.0,0.0,0.0,0,0.0,global_abort:cf4 起飞前预检失败（电压或 EKF 对齐）,,,,,
1.531761655000082,1788688522.2768188,control,aborted,1,1,0.005857194999407511,3.9747800827026367,3974.0,0,70.0,1.4263211699999374,3.9747800827026367,1,1,0,1.0566622335352516,-0.3599047362804413,-0.3915913701057434,0.03598572313785553,-0.0004988161963410676,0.0025748657062649727,0.0006172567373141646,0.011574968695640564,0.1895025074481964,-0.0523160882294178,0.017675595358014107,-0.05220652371644974,0.0541757307946682,-0.00905576290824412,-0.042136378318249464,0.9246510969686652,-0.3599047362804413,-0.3915913701057434,0.03598572313785553,0.9246510969686652,0.0,0.0,0.0,0.0,0.0,0.0,-0.00016582218539304208,7.168125270738993e-05,-0.0002324933710489823,0.0,0.0,0.0,-0.00905576290824412,-0.042136378318249464,0.9246510969686652,0.0,0.0,0.0,0.0,0.0,0.0,zero,0.0,0.0,0.0,0.0,-0.00016582218539304208,7.168125270738993e-05,-0.0002324933710489823,-0.003559933668486922,-0.07241893167009207,0.0846727691473177,1,0.006948232650756836,,,,,,,,,,,,,,,,,,,,,,1.531761655000082,5,radio://0/80/2M/E7E7E7E705,4.1887902047863905,aborted,cf4 起飞前预检失败（电压或 EKF 对齐）,0.0,0.0,0.0,0,0.0,global_abort:cf4 起飞前预检失败（电压或 EKF 对齐）,,,,,
1.546140923999701,1788688522.2907407,control,aborted,1,1,0.009531061999950907,3.8850440979003906,3885.0,0,40.0,1.5176124529989465,3.8850440979003906,1,1,0,1.0810688100734358,0.4681512117385864,-0.04235246032476425,0.04535280168056488,0.0007773344404995441,0.00025908745010383427,0.0013967176200821996,0.039233721792697906,0.025248857215046883,0.10467661172151566,-0.017842469736933708,-0.001062530092895031,-0.009458820335566998,-0.05289355821981476,-0.0015208963544811522,3.0409847440454727,0.4681512117385864,-0.04235246032476425,0.04535280168056488,3.0409847440454727,0.0,0.0,0.0,0.0,0.0,0.0,0.0008887530616557036,0.00028617362232453546,0.0003229331321728403,0.0,0.0,0.0,-0.05289355821981476,-0.0015208963544811522,3.0409847440454727,0.0,0.0,0.0,0.0,0.0,0.0,zero,0.0,0.0,0.0,0.0,0.0008887530616557036,0.00028617362232453546,0.0003229331321728403,0.007063702556370715,-0.0017031633866322865,0.0018248973630950267,1,0.009950399398803711,,,,,,,,,,,,,,,,,,,,,,1.546140923999701,2,radio://0/80/2M/E7E7E7E702,0.0,aborted,cf4 起飞前预检失败（电压或 EKF 对齐）,0.0,0.0,0.0,0,0.0,global_abort:cf4 起飞前预检失败（电压或 EKF 对齐）,,,,,
1.546140923999701,1788688522.2909985,control,aborted,1,1,0.009279909998440417,3.790029287338257,3790.0,0,20.0,1.4797817619983107,nan,1,0,1,1.0,-0.22228267788887024,0.44937756657600403,0.042481716722249985,-0.0004203220014460385,0.001782434992492199,-0.0003034859837498516,0.01706434041261673,0.10801535844802856,0.0036003757268190384,0.05133821442723274,-0.004994187504053116,0.0037564197555184364,0.0029635215477862983,0.024009681902901304,-0.9873167278592054,-0.22228267788887024,0.44937756657600403,0.042481716722249985,-0.9873167278592054,0.0,0.0,0.0,0.0,0.0,0.0,-0.00012126548562013064,0.0005310238484506024,0.00022423062352033406,0.0,0.0,0.0,0.0029635215477862983,0.024009681902901304,-0.9873167278592054,0.0,0.0,0.0,0.0,0.0,0.0,zero,0.0,0.0,0.0,0.0,-0.00012126548562013064,0.0005310238484506024,0.00022423062352033406,-0.007926451679695763,-0.004928775454460966,-0.020513750938251002,1,0.0102081298828125,,,,,,,,,,,,,,,,,,,,,,1.546140923999701,4,radio://0/80/2M/E7E7E7E704,2.0943951023931953,aborted,cf4 起飞前预检失败（电压或 EKF 对齐）,0.0,0.0,0.0,0,0.0,global_abort:cf4 起飞前预检失败（电压或 EKF 对齐）,,,,,
1.546140923999701,1788688522.2912128,control,aborted,1,1,0.00907538100000238,3.9747800827026367,3974.0,0,70.0,1.4407004389995564,3.9747800827026367,1,1,0,1.0566622335352516,-0.359869122505188,-0.3916536271572113,0.03597293049097061,0.00025323781301267445,0.0009196118917316198,0.00025949926930479705,0.023034362122416496,0.12128490209579468,-0.048405446112155914,0.015028437599539757,-0.021290317177772522,0.028029492124915123,-0.00897208639375094,-0.041026067568925975,0.9238043733813008,-0.359869122505188,-0.3916536271572113,0.03597293049097061,0.9238043733813008,0.0,0.0,0.0,0.0,0.0,0.0,-0.00019360435522534978,0.00017768285966315075,4.556870217252028e-05,0.0,0.0,0.0,-0.00897208639375094,-0.041026067568925975,0.9238043733813008,0.0,0.0,0.0,0.0,0.0,0.0,zero,0.0,0.0,0.0,0.0,-0.00019360435522534978,0.00017768285966315075,4.556870217252028e-05,-0.0025441991671869076,0.00970727634900931,0.02546400440953781,1,0.010422468185424805,,,,,,,,,,,,,,,,,,,,,,1.546140923999701,5,radio://0/80/2M/E7E7E7E705,4.1887902047863905,aborted,cf4 起飞前预检失败（电压或 EKF 对齐）,0.0,0.0,0.0,0,0.0,global_abort:cf4 起飞前预检失败（电压或 EKF 对齐）,,,,,
1.5603289700011373,1788688522.304923,control,aborted,1,1,0.0037515010008064564,3.8850440979003906,3885.0,0,40.0,1.5318004990003828,3.8850440979003906,1,1,0,1.0810688100734358,0.46815618872642517,-0.04233233258128166,0.045307792723178864,-0.000363940023817122,0.00046534149441868067,-0.0015661866636946797,-0.040299780666828156,0.019397450610995293,-0.07312419265508652,-0.013693198561668396,-0.0016652795020490885,-0.02632479928433895,-0.05246309145498494,-0.0016739138577749832,3.040800441001363,0.46815618872642517,-0.04233233258128166,0.045307792723178864,3.040800441001363,0.0,0.0,0.0,0.0,0.0,0.0,0.0010135780130852354,0.00029316684822233913,0.000857479751199535,0.0,0.0,0.0,-0.05246309145498494,-0.0016739138577749832,3.040800441001363,0.0,0.0,0.0,0.0,0.0,0.0,zero,0.0,0.0,0.0,0.0,0.0010135780130852354,0.00029316684822233913,0.000857479751199535,0.012299966604721548,0.0011976711901026083,0.05847992877468325,1,0.004661083221435547,,,,,,,,,,,,,,,,,,,,,,1.5603289700011373,2,radio://0/80/2M/E7E7E7E702,0.0,aborted,cf4 起飞前预检失败（电压或 EKF 对齐）,0.0,0.0,0.0,0,0.0,global_abort:cf4 起飞前预检失败（电压或 EKF 对齐）,,,,,
1.5603289700011373,1788688522.3052182,control,aborted,1,1,0.003986555000665248,3.790029287338257,3790.0,0,20.0,1.493969807999747,nan,1,0,1,1.0,-0.22225305438041687,0.4493592083454132,0.04256221279501915,-0.00028164655668661,0.0022639725357294083,0.002736547263339162,-0.004827328026294708,0.1338868886232376,0.13808651268482208,0.05233323574066162,-0.011438916437327862,0.01488573756068945,0.003373897342504815,0.024421499406394993,-0.987294576363983,-0.22225305438041687,0.4493592083454132,0.04256221279501915,-0.987294576363983,0.0,0.0,0.0,0.0,0.0,0.0,-0.0002959506220694113,0.0010598575053832656,-0.00021146342176467804,0.0,0.0,0.0,0.003373897342504815,0.024421499406394993,-0.987294576363983,0.0,0.0,0.0,0.0,0.0,0.0,zero,0.0,0.0,0.0,0.0,-0.0002959506220694113,0.0010598575053832656,-0.00021146342176467804,-0.018741443202376824,0.06034853601975063,-0.04521810518736963,1,0.004956245422363281,,,,,,,,,,,,,,,,,,,,,,1.5603289700011373,4,radio://0/80/2M/E7E7E7E704,2.0943951023931953,aborted,cf4 起飞前预检失败（电压或 EKF 对齐）,0.0,0.0,0.0,0,0.0,global_abort:cf4 起飞前预检失败（电压或 EKF 对齐）,,,,,
1.5603289700011373,1788688522.305433,control,aborted,1,1,0.0042850509998970665,3.9747800827026367,3974.0,0,70.0,1.4548884850009927,3.9747800827026367,1,1,0,1.0566622335352516,-0.35984405875205994,-0.3916059136390686,0.03595014661550522,-0.0008787984843365848,0.002468059305101633,0.0006418675184249878,-0.06971104443073273,0.15598613023757935,0.011176034808158875,0.042878225445747375,0.00955829955637455,0.016006972640752792,-0.008920024405351947,-0.041539801541495995,0.9239044948339296,-0.35984405875205994,-0.3916059136390686,0.03595014661550522,0.9239044948339296,0.0,0.0,0.0,0.0,0.0,0.0,3.572015464627295e-05,0.0009028041087501533,0.0003194268806323667,0.0,0.0,0.0,-0.008920024405351947,-0.041539801541495995,0.9239044948339296,0.0,0.0,0.0,0.0,0.0,0.0,zero,0.0,0.0,0.0,0.0,3.572015464627295e-05,0.0009028041087501533,0.0003194268806323667,0.02670580179019638,0.08250705831383215,0.029590262290515295,1,0.005171060562133789,,,,,,,,,,,,,,,,,,,,,,1.5603289700011373,5,radio://0/80/2M/E7E7E7E705,4.1887902047863905,aborted,cf4 起飞前预检失败（电压或 EKF 对齐）,0.0,0.0,0.0,0,0.0,global_abort:cf4 起飞前预检失败（电压或 EKF 对齐）,,,,,
1.5746326340013184,1788688522.3192737,control,aborted,1,1,0.010589694000373129,3.8850440979003906,3885.0,0,40.0,1.5461041630005639,3.8850440979003906,1,1,0,1.0810688100734358,0.4681204557418823,-0.042308956384658813,0.04531163349747658,-0.001247049542143941,0.0009976127184927464,-0.0011502043344080448,-0.05586399883031845,0.029756812378764153,-0.047371361404657364,-0.005300692282617092,-0.018914828076958656,-0.006189215928316116,-0.05225291639596192,-0.002301187441418266,3.0413899653340146,0.4681204557418823,-0.042308956384658813,0.04531163349747658,3.0413899653340146,0.0,0.0,0.0,0.0,0.0,0.0,0.0009343121421788275,0.00032218839920657193,0.0008615429055095082,0.0,0.0,0.0,-0.05225291639596192,-0.002301187441418266,3.0413899653340146,0.0,0.0,0.0,0.0,0.0,0.0,zero,0.0,0.0,0.0,0.0,0.0009343121421788275,0.00032218839920657193,0.0008615429055095082,-0.01060224374661108,0.0038817911658706413,0.0005434691107512431,1,0.011535406112670898,,,,,,,,,,,,,,,,,,,,,,1.5746326340013184,2,radio://0/80/2M/E7E7E7E702,0.0,aborted,cf4 起飞前预检失败（电压或 EKF 对齐）,0.0,0.0,0.0,0,0.0,global_abort:cf4 起飞前预检失败（电压或 EKF 对齐）,,,,,
1.5746326340013184,1788688522.319631,control,aborted,1,1,0.010826553001606953,3.790029287338257,3790.0,0,20.0,1.508273471999928,nan,1,0,1,1.0,-0.22224053740501404,0.4493273198604584,0.04247758537530899,0.0001095259067369625,0.0009581252816133201,-7.464061491191387e-05,0.006602440029382706,0.07217663526535034,0.03526678681373596,0.029191680252552032,0.012150819413363934,0.013834735378623009,0.002901939564406559,0.02521756912893793,-0.9872200918918346,-0.22224053740501404,0.4493273198604584,0.04247758537530899,-0.9872200918918346,0.0,0.0,0.0,0.0,0.0,0.0,-0.0003237032019573324,0.001254833736352874,-0.00018599720876311826,0.0,0.0,0.0,0.002901939564406559,0.02521756912893793,-0.9872200918918346,0.0,0.0,0.0,0.0,0.0,0.0,zero,0.0,0.0,0.0,0.0,-0.0003237032019573324,0.001254833736352874,-0.00018599720876311826,-0.0037120593416106623,0.026079137236454886,0.0034062452661934497,1,0.01189279556274414,,,,,,,,,,,,,,,,,,,,,,1.5746326340013184,4,radio://0/80/2M/E7E7E7E704,2.0943951023931953,aborted,cf4 起飞前预检失败（电压或 EKF 对齐）,0.0,0.0,0.0,0,0.0,global_abort:cf4 起飞前预检失败（电压或 EKF 对齐）,,,,,
1.5746326340013184,1788688522.3198984,control,aborted,1,1,0.011142223000206286,3.9747800827026367,3974.0,0,70.0,1.4691921490011737,3.9747800827026367,1,1,0,1.0566622335352516,-0.35986220836639404,-0.39160582423210144,0.035917241126298904,-0.0011885613203048706,0.0019768390338867903,-0.00036676472518593073,-0.06405533850193024,0.11164820939302444,-0.0180412158370018,0.052554719150066376,0.04174712300300598,0.0036500096321105957,-0.008223274058924262,-0.0402680522014243,0.9235509841056039,-0.35986220836639404,-0.39160582423210144,0.035917241126298904,0.9235509841056039,0.0,0.0,0.0,0.0,0.0,0.0,5.590777236582207e-05,0.0012011337118050937,0.0003787499976117658,0.0,0.0,0.0,-0.008223274058924262,-0.0402680522014243,0.9235509841056039,0.0,0.0,0.0,0.0,0.0,0.0,zero,0.0,0.0,0.0,0.0,5.590777236582207e-05,0.0012011337118050937,0.0003787499976117658,0.0027002042780654295,0.03990321600267072,0.007934791339982194,1,0.012160062789916992,,,,,,,,,,,,,,,,,,,,,,1.5746326340013184,5,radio://0/80/2M/E7E7E7E705,4.1887902047863905,aborted,cf4 起飞前预检失败（电压或 EKF 对齐）,0.0,0.0,0.0,0,0.0,global_abort:cf4 起飞前预检失败（电压或 EKF 对齐）,,,,,
1.5889068630003749,1788688522.3335056,control,aborted,1,1,0.002830233999702614,3.8850440979003906,3885.0,0,40.0,1.5603783919996204,3.8850440979003906,1,1,0,1.0810688100734358,0.4681580662727356,-0.04233364015817642,0.04531553015112877,-0.0003203045343980193,0.0002422645629849285,-0.0007476735045202076,-0.02351037971675396,0.007040561642497778,-0.02540040947496891,-0.01637912541627884,0.0023209811188280582,-0.011695240624248981,-0.05296851812168271,-0.0013452929160686256,3.0407986544699828,0.4681580662727356,-0.04233364015817642,0.04531553015112877,3.0407986544699828,0.0,0.0,0.0,0.0,0.0,0.0,0.00018010793095067678,0.0005047570195794331,5.598928448049249e-05,0.0,0.0,0.0,-0.05296851812168271,-0.0013452929160686256,3.0407986544699828,0.0,0.0,0.0,0.0,0.0,0.0,zero,0.0,0.0,0.0,0.0,0.00018010793095067678,0.0005047570195794331,5.598928448049249e-05,-0.03533138503060065,0.007692032442981036,-0.03880930132650773,1,0.0032494068145751953,,,,,,,,,,,,,,,,,,,,,,1.5889068630003749,2,radio://0/80/2M/E7E7E7E702,0.0,aborted,cf4 起飞前预检失败（电压或 EKF 对齐）,0.0,0.0,0.0,0,0.0,global_abort:cf4 起飞前预检失败（电压或 EKF 对齐）,,,,,
1.5889068630003749,1788688522.333774,control,aborted,1,1,0.0025474279991613002,3.790029287338257,3790.0,0,20.0,1.5225477009989845,nan,1,0,1,1.0,-0.22224335372447968,0.4493251144886017,0.04245926812291145,0.00011446830467320979,0.0006418644916266203,-0.0004782474716193974,0.0060751247219741344,0.042446695268154144,0.013446535915136337,0.018391095101833344,0.007244944106787443,0.005657809320837259,0.0033352867167854394,0.025181631174011364,-0.9873501254969251,-0.22224335372447968,0.4493251144886017,0.04245926812291145,-0.9873501254969251,0.0,0.0,0.0,0.0,0.0,0.0,-0.00022780798529296235,0.0012685635180009684,9.214834538742465e-05,0.0,0.0,0.0,0.0033352867167854394,0.025181631174011364,-0.9873501254969251,0.0,0.0,0.0,0.0,0.0,0.0,zero,0.0,0.0,0.0,0.0,-0.00022780798529296235,0.0012685635180009684,9.214834538742465e-05,0.0054918623655695635,-0.006143707748465297,0.008555677833394861,1,0.0035178661346435547,,,,,,,,,,,,,,,,,,,,,,1.5889068630003749,4,radio://0/80/2M/E7E7E7E704,2.0943951023931953,aborted,cf4 起飞前预检失败（电压或 EKF 对齐）,0.0,0.0,0.0,0,0.0,global_abort:cf4 起飞前预检失败（电压或 EKF 对齐）,,,,,
1.5889068630003749,1788688522.3340034,control,aborted,1,1,0.002323554999748012,3.9747800827026367,3974.0,0,70.0,1.4834663780002302,3.9747800827026367,1,1,0,1.0566622335352516,-0.35988664627075195,-0.39163416624069214,0.03590373694896698,-0.0011601869482547045,0.0007770468946546316,-0.00010619917884469032,-0.04072020575404167,0.05174398049712181,-0.0005922131240367889,0.024956196546554565,0.016856631264090538,0.01160097774118185,-0.008905470366908436,-0.041503271843873556,0.9243070014908218,-0.35988664627075195,-0.39163416624069214,0.03590373694896698,0.9243070014908218,0.0,0.0,0.0,0.0,0.0,0.0,-0.00043916725499978834,0.0016335814293370538,1.3147500455287943e-05,0.0,0.0,0.0,-0.008905470366908436,-0.041503271843873556,0.9243070014908218,0.0,0.0,0.0,0.0,0.0,0.0,zero,0.0,0.0,0.0,0.0,-0.00043916725499978834,0.0016335814293370538,1.3147500455287943e-05,-0.025973024578070346,0.01308728799003566,-0.02284956873776778,1,0.003747224807739258,,,,,,,,,,,,,,,,,,,,,,1.5889068630003749,5,radio://0/80/2M/E7E7E7E705,4.1887902047863905,aborted,cf4 起飞前预检失败（电压或 EKF 对齐）,0.0,0.0,0.0,0,0.0,global_abort:cf4 起飞前预检失败（电压或 EKF 对齐）,,,,,
1.603218989999732,1788688522.347813,control,aborted,1,1,0.0038840289998915978,3.8850440979003906,3885.0,0,40.0,1.5746905189989775,3.8850440979003906,1,1,0,1.0810688100734358,0.4681837856769562,-0.042329493910074234,0.045288968831300735,0.0001315851986873895,0.0002563338784966618,-0.0009986631339415908,-0.011994154192507267,0.005844603758305311,-0.02410505898296833,-0.014313917607069016,-0.008453267626464367,-0.006181659176945686,-0.05304922132016479,-0.002016903635181256,3.0410451075259513,0.4681837856769562,-0.042329493910074234,0.045288968831300735,3.0410451075259513,0.0,0.0,0.0,0.0,0.0,0.0,-7.437681144628657e-05,0.0004991287085151997,-0.00032534198647502974,0.0,0.0,0.0,-0.05304922132016479,-0.002016903635181256,3.0410451075259513,0.0,0.0,0.0,0.0,0.0,0.0,zero,0.0,0.0,0.0,0.0,-7.437681144628657e-05,0.0004991287085151997,-0.00032534198647502974,-0.01918724380684079,-0.00042435462178606057,-0.02875102058410625,1,0.0042934417724609375,,,,,,,,,,,,,,,,,,,,,,1.603218989999732,2,radio://0/80/2M/E7E7E7E702,0.0,aborted,cf4 起飞前预检失败（电压或 EKF 对齐）,0.0,0.0,0.0,0,0.0,global_abort:cf4 起飞前预检失败（电压或 EKF 对齐）,,,,,
1.603218989999732,1788688522.3480597,control,aborted,1,1,0.0035690139993675984,3.790029287338257,3790.0,0,20.0,1.5368598279983416,nan,1,0,1,1.0,-0.22231487929821014,0.44933560490608215,0.04245402291417122,-0.0009869759669527411,0.0006716790376231074,-0.0004616916994564235,-0.01174883171916008,0.034406937658786774,0.01100687775760889,0.021853556856513023,0.0017414754256606102,0.022646797820925713,0.003838906961863863,0.024908446550047866,-0.9861490469429112,-0.22231487929821014,0.44933560490608215,0.04245402291417122,-0.9861490469429112,0.0,0.0,0.0,0.0,0.0,0.0,-0.0002055228162234346,0.001087417377337855,3.700335689465959e-05,0.0,0.0,0.0,0.003838906961863863,0.024908446550047866,-0.9861490469429112,0.0,0.0,0.0,0.0,0.0,0.0,zero,0.0,0.0,0.0,0.0,-0.0002055228162234346,0.001087417377337855,3.700335689465959e-05,0.0016802224297860244,-0.013657774265106223,-0.004157735858622298,1,0.004540205001831055,,,,,,,,,,,,,,,,,,,,,,1.603218989999732,4,radio://0/80/2M/E7E7E7E704,2.0943951023931953,aborted,cf4 起飞前预检失败（电压或 EKF 对齐）,0.0,0.0,0.0,0,0.0,global_abort:cf4 起飞前预检失败（电压或 EKF 对齐）,,,,,
1.603218989999732,1788688522.3482757,control,aborted,1,1,0.0033704539982863935,3.9747800827026367,3974.0,0,70.0,1.4977785049995873,3.9747800827026367,1,1,0,1.0566622335352516,-0.3598887324333191,-0.39163753390312195,0.035968344658613205,-0.0009596073068678379,0.0005708557437174022,0.000889275164809078,-0.029551580548286438,0.03828597813844681,0.01453721709549427,0.03646158427000046,0.02850743755698204,0.00757936853915453,-0.007806505737937509,-0.04050803749280892,0.9241858034300654,-0.3598887324333191,-0.39163753390312195,0.035968344658613205,0.9241858034300654,0.0,0.0,0.0,0.0,0.0,0.0,-0.0007182993576170292,0.001517346684929167,-0.0001421936328011377,0.0,0.0,0.0,-0.007806505737937509,-0.04050803749280892,0.9241858034300654,0.0,0.0,0.0,0.0,0.0,0.0,zero,0.0,0.0,0.0,0.0,-0.0007182993576170292,0.001517346684929167,-0.0001421936328011377,-0.021045567041810247,-0.008763686022091995,-0.01171216855261476,1,0.00475621223449707,,,,,,,,,,,,,,,,,,,,,,1.603218989999732,5,radio://0/80/2M/E7E7E7E705,4.1887902047863905,aborted,cf4 起飞前预检失败（电压或 EKF 对齐）,0.0,0.0,0.0,0,0.0,global_abort:cf4 起飞前预检失败（电压或 EKF 对齐）,,,,,
1.6175676740003837,1788688522.3621535,control,aborted,1,1,0.0038092459999461425,3.8850440979003906,3885.0,0,40.0,1.5890392029996292,3.8850440979003906,1,1,0,1.0810688100734358,0.46816128492355347,-0.042325589805841446,0.04532493278384209,-0.0003012865490745753,0.0006453056121245027,-0.00016153501928783953,-0.013080865144729614,0.02584078721702099,-0.007499708794057369,-0.012905938550829887,-0.001557475421577692,0.00944469403475523,-0.05306773728700487,-0.001604688052203245,3.0412919207843028,0.46816128492355347,-0.042325589805841446,0.04532493278384209,3.0412919207843028,0.0,0.0,0.0,0.0,0.0,0.0,-0.0003431794177018261,0.00039656191640533234,-0.0007280912753538493,0.0,0.0,0.0,-0.05306773728700487,-0.001604688052203245,3.0412919207843028,0.0,0.0,0.0,0.0,0.0,0.0,zero,0.0,0.0,0.0,0.0,-0.0003431794177018261,0.00039656191640533234,-0.0007280912753538493,-0.018785276501311895,-0.009360423251685988,-0.024944454937997518,1,0.0042154788970947266,,,,,,,,,,,,,,,,,,,,,,1.6175676740003837,2,radio://0/80/2M/E7E7E7E702,0.0,aborted,cf4 起飞前预检失败（电压或 EKF 对齐）,0.0,0.0,0.0,0,0.0,global_abort:cf4 起飞前预检失败（电压或 EKF 对齐）,,,,,
1.6175676740003837,1788688522.3623946,control,aborted,1,1,0.00332173300012073,3.790029287338257,3790.0,0,20.0,1.5512085119989933,nan,1,0,1,1.0,-0.22228053212165833,0.44937407970428467,0.04250641539692879,-0.00033846008591353893,0.0017795856110751629,0.0003550701658241451,-0.008970731869339943,0.06257722526788712,0.006907869130373001,-0.0022695569787174463,0.022276496514678,0.007849304005503654,0.0030988248895445613,0.02515938196327952,-0.9865280507277053,-0.22228053212165833,0.44937407970428467,0.04250641539692879,-0.9865280507277053,0.0,0.0,0.0,0.0,0.0,0.0,-0.00019415536210493862,0.0008128686487501079,1.4548013989979152e-05,0.0,0.0,0.0,0.0030988248895445613,0.02515938196327952,-0.9865280507277053,0.0,0.0,0.0,0.0,0.0,0.0,zero,0.0,0.0,0.0,0.0,-0.00019415536210493862,0.0008128686487501079,1.4548013989979152e-05,0.0017459653539753056,-0.019384230891817504,0.002336231779660781,1,0.004456520080566406,,,,,,,,,,,,,,,,,,,,,,1.6175676740003837,4,radio://0/80/2M/E7E7E7E704,2.0943951023931953,aborted,cf4 起飞前预检失败（电压或 EKF 对齐）,0.0,0.0,0.0,0,0.0,global_abort:cf4 起飞前预检失败（电压或 EKF 对齐）,,,,,
1.6175676740003837,1788688522.3626037,control,aborted,1,1,0.003547111999068875,3.9747800827026367,3974.0,0,70.0,1.512127189000239,3.9747800827026367,1,1,0,1.0566622335352516,-0.3598822355270386,-0.3916533589363098,0.0359560064971447,-0.0009443386225029826,-0.00019672568305395544,0.00018330320017412305,-0.034184250980615616,-0.000333419069647789,-0.011129395104944706,0.023005608469247818,-0.009908518753945827,-0.007024173624813557,-0.008252737278113233,-0.04143260684518537,0.9240112451949923,-0.3598822355270386,-0.3916533589363098,0.0359560064971447,0.9240112451949923,0.0,0.0,0.0,0.0,0.0,0.0,-0.0009746431397064524,0.0011753683827773161,-0.00011981936101962618,0.0,0.0,0.0,-0.008252737278113233,-0.04143260684518537,0.9240112451949923,0.0,0.0,0.0,0.0,0.0,0.0,zero,0.0,0.0,0.0,0.0,-0.0009746431397064524,0.0011753683827773161,-0.00011981936101962618,-0.014949409515612473,-0.029233281104592806,0.00585642404786755,1,0.0046656131744384766,,,,,,,,,,,,,,,,,,,,,,1.6175676740003837,5,radio://0/80/2M/E7E7E7E705,4.1887902047863905,aborted,cf4 起飞前预检失败（电压或 EKF 对齐）,0.0,0.0,0.0,0,0.0,global_abort:cf4 起飞前预检失败（电压或 EKF 对齐）,,,,,
1.6317522389999795,1788688522.376326,control,aborted,1,1,0.0016914899988478282,3.8850440979003906,3885.0,0,40.0,1.603223767999225,3.8850440979003906,1,1,0,1.0810688100734358,0.4681418836116791,-0.04232559725642204,0.04532263055443764,-0.00047922279918566346,0.0005161530571058393,-0.00015749293379485607,-0.012649249285459518,0.01908699981868267,-0.0059501416981220245,-0.0014127539470791817,0.0011233736295253038,0.010050841607153416,-0.052342129046598074,-0.0014012615794735492,3.041484700621067,0.4681418836116791,-0.04232559725642204,0.04532263055443764,3.041484700621067,0.0,0.0,0.0,0.0,0.0,0.0,-0.0004007025353303409,0.00036486655616739896,-0.0005468757559004488,0.0,0.0,0.0,-0.052342129046598074,-0.0014012615794735492,3.041484700621067,0.0,0.0,0.0,0.0,0.0,0.0,zero,0.0,0.0,0.0,0.0,-0.0004007025353303409,0.00036486655616739896,-0.0005468757559004488,-0.0035314097036306578,-0.0019458142624874481,0.011125027123512174,1,0.0020990371704101562,,,,,,,,,,,,,,,,,,,,,,1.6317522389999795,2,radio://0/80/2M/E7E7E7E702,0.0,aborted,cf4 起飞前预检失败（电压或 EKF 对齐）,0.0,0.0,0.0,0,0.0,global_abort:cf4 起飞前预检失败（电压或 EKF 对齐）,,,,,
1.6317522389999795,1788688522.3765585,control,aborted,1,1,0.0013759229987044819,3.790029287338257,3790.0,0,20.0,1.565393076998589,nan,1,0,1,1.0,-0.22227789461612701,0.4493567943572998,0.04247302561998367,-0.00023838691413402557,0.0012114529963582754,-0.00012587648234330118,-0.005947967991232872,0.043086711317300797,-0.0003783772699534893,-0.004179332870990038,-0.0027076750993728638,-0.00021727755665779114,0.0028933018038119333,0.023488858215978806,-0.9870624794578712,-0.22227789461612701,0.4493567943572998,0.04247302561998367,-0.9870624794578712,0.0,0.0,0.0,0.0,0.0,0.0,-0.00015238128522742218,0.0009358256879215893,0.0001822349194651615,0.0,0.0,0.0,0.0028933018038119333,0.023488858215978806,-0.9870624794578712,0.0,0.0,0.0,0.0,0.0,0.0,zero,0.0,0.0,0.0,0.0,-0.00015238128522742218,0.0009358256879215893,0.0001822349194651615,0.0025645581555257487,0.007548472669092976,0.010294490103806725,1,0.0023314952850341797,,,,,,,,,,,,,,,,,,,,,,1.6317522389999795,4,radio://0/80/2M/E7E7E7E704,2.0943951023931953,aborted,cf4 起飞前预检失败（电压或 EKF 对齐）,0.0,0.0,0.0,0,0.0,global_abort:cf4 起飞前预检失败（电压或 EKF 对齐）,,,,,
1.6317522389999795,1788688522.3768578,control,aborted,1,1,0.0010003139996115351,3.9747800827026367,3974.0,0,70.0,1.5263117539998348,3.9747800827026367,1,1,0,1.0566622335352516,-0.3598479926586151,-0.3916303515434265,0.035967033356428146,-0.0003350646875333041,0.0001250855711987242,0.0002820214140228927,-0.01986723020672798,0.003684202441945672,-0.007691534236073494,0.011269703507423401,0.002876507118344307,-0.008577914908528328,-0.008823685139749777,-0.040554748276014775,0.923762527553137,-0.3598479926586151,-0.3916303515434265,0.035967033356428146,0.923762527553137,0.0,0.0,0.0,0.0,0.0,0.0,-0.0008572364034052653,0.0007369449768557574,4.3405108570139324e-05,0.0,0.0,0.0,-0.008823685139749777,-0.040554748276014775,0.923762527553137,0.0,0.0,0.0,0.0,0.0,0.0,zero,0.0,0.0,0.0,0.0,-0.0008572364034052653,0.0007369449768557574,4.3405108570139324e-05,0.007207733254709598,-0.026915312204891868,0.010020536082584153,1,0.0026307106018066406,,,,,,,,,,,,,,,,,,,,,,1.6317522389999795,5,radio://0/80/2M/E7E7E7E705,4.1887902047863905,aborted,cf4 起飞前预检失败（电压或 EKF 对齐）,0.0,0.0,0.0,0,0.0,global_abort:cf4 起飞前预检失败（电压或 EKF 对齐）,,,,,
1.6460878390007565,1788688522.390669,control,aborted,1,1,0.00939299200035748,3.8850440979003906,3885.0,0,40.0,1.617559368000002,3.8850440979003906,1,1,0,1.0810688100734358,0.4681519865989685,-0.04235072806477547,0.04530895873904228,-5.372948362492025e-05,-0.0004070666909683496,-0.0005720898043364286,0.0037639522925019264,-0.014853989705443382,-0.01828792877495289,-0.007134988903999329,0.011203022673726082,-0.009509720839560032,-0.05252546341497219,-0.001114081382876536,3.0409310086427137,0.4681519865989685,-0.04235072806477547,0.04530895873904228,3.0409310086427137,0.0,0.0,0.0,0.0,0.0,0.0,-0.000435590149116307,0.00034034697600461756,-0.00040579387617328496,0.0,0.0,0.0,-0.05252546341497219,-0.001114081382876536,3.0409310086427137,0.0,0.0,0.0,0.0,0.0,0.0,zero,0.0,0.0,0.0,0.0,-0.000435590149116307,0.00034034697600461756,-0.00040579387617328496,-0.005690424190275435,-0.0039993223081887875,0.023011483276965287,1,0.010311126708984375,,,,,,,,,,,,,,,,,,,,,,1.6460878390007565,2,radio://0/80/2M/E7E7E7E702,0.0,aborted,cf4 起飞前预检失败（电压或 EKF 对齐）,0.0,0.0,0.0,0,0.0,global_abort:cf4 起飞前预检失败（电压或 EKF 对齐）,,,,,
1.6460878390007565,1788688522.3909132,control,aborted,1,1,0.00010972600102832075,3.790029287338257,3790.0,0,20.0,1.5797286769993661,nan,1,0,1,1.0,-0.2223128378391266,0.4493766129016876,0.04245823621749878,-0.00093944335822016,0.0008992803632281721,-0.0003670528531074524,-0.020256282761693,0.010685818269848824,-0.004524609073996544,-0.005129226949065924,-0.009144078940153122,-0.005707136355340481,0.00268073985103687,0.02253748757983659,-0.9873513867991676,-0.2223128378391266,0.4493766129016876,0.04245823621749878,-0.9873513867991676,0.0,0.0,0.0,0.0,0.0,0.0,-0.00019352288738177568,0.0009476056827436249,0.0002849138479721452,0.0,0.0,0.0,0.00268073985103687,0.02253748757983659,-0.9873513867991676,0.0,0.0,0.0,0.0,0.0,0.0,zero,0.0,0.0,0.0,0.0,-0.00019352288738177568,0.0009476056827436249,0.0002849138479721452,-0.005829608531025293,-0.0070945961495121395,-0.00021517366471179194,1,0.0007460117340087891,,,,,,,,,,,,,,,,,,,,,,1.6460878390007565,4,radio://0/80/2M/E7E7E7E704,2.0943951023931953,aborted,cf4 起飞前预检失败（电压或 EKF 对齐）,0.0,0.0,0.0,0,0.0,global_abort:cf4 起飞前预检失败（电压或 EKF 对齐）,,,,,
1.6460878390007565,1788688522.3912804,control,aborted,1,1,0.009856640001089545,3.9747800827026367,3974.0,0,70.0,1.5406473540006118,3.9747800827026367,1,1,0,1.0566622335352516,-0.35985732078552246,-0.3916262686252594,0.03595250844955444,-0.0005724177462980151,0.00023328933457378298,-0.0002483137068338692,-0.023638339713215828,0.00647792499512434,-0.023457447066903114,0.01859915815293789,-0.013795669190585613,-0.01173996739089489,-0.008524046489041778,-0.041049359831479525,0.9236172351949977,-0.35985732078552246,-0.3916262686252594,0.03595250844955444,0.9236172351949977,0.0,0.0,0.0,0.0,0.0,0.0,-0.0007581658336812708,0.0003970530527479915,0.0001598311963113363,0.0,0.0,0.0,-0.008524046489041778,-0.041049359831479525,0.9236172351949977,0.0,0.0,0.0,0.0,0.0,0.0,zero,0.0,0.0,0.0,0.0,-0.0007581658336812708,0.0003970530527479915,0.0001598311963113363,0.016159132291488583,-0.05543885113174797,0.018989943827231324,1,0.010922431945800781,,,,,,,,,,,,,,,,,,,,,,1.6460878390007565,5,radio://0/80/2M/E7E7E7E705,4.1887902047863905,aborted,cf4 起飞前预检失败（电压或 EKF 对齐）,0.0,0.0,0.0,0,0.0,global_abort:cf4 起飞前预检失败（电压或 EKF 对齐）,,,,,
1.6603606429998763,1788688522.4049573,control,aborted,1,1,0.00571838299947558,3.8850440979003906,3885.0,0,40.0,1.6318321719991218,3.8850440979003906,1,1,0,1.0810688100734358,0.46814700961112976,-0.042349059134721756,0.04533359408378601,-0.00028142062365077436,-0.0001505715772509575,0.00025511905550956726,-0.0055950358510017395,-0.002700433135032654,0.00765860453248024,-0.014017326757311821,0.00239541195333004,-0.002649051835760474,-0.05290555091044748,-0.001248626968942551,3.0411942393571803,0.46814700961112976,-0.042349059134721756,0.04533359408378601,3.0411942393571803,0.0,0.0,0.0,0.0,0.0,0.0,-0.00032316207160232427,0.00012000461758301926,-0.0003079584658964323,0.0,0.0,0.0,-0.05290555091044748,-0.001248626968942551,3.0411942393571803,0.0,0.0,0.0,0.0,0.0,0.0,zero,0.0,0.0,0.0,0.0,-0.00032316207160232427,0.00012000461758301926,-0.0003079584658964323,0.008904916640911874,-0.014805690711550147,0.003677564755398203,1,0.0060749053955078125,,,,,,,,,,,,,,,,,,,,,,1.6603606429998763,2,radio://0/80/2M/E7E7E7E702,0.0,aborted,cf4 起飞前预检失败（电压或 EKF 对齐）,0.0,0.0,0.0,0,0.0,global_abort:cf4 起飞前预检失败（电压或 EKF 对齐）,,,,,
1.6603606429998763,1788688522.4052057,control,aborted,1,1,0.005274190998534323,3.790029287338257,3790.0,0,20.0,1.594001480998486,nan,1,0,1,1.0,-0.2223072350025177,0.4493388533592224,0.04247543215751648,-0.0006230018334463239,-0.00014693959383293986,0.00010090539581142366,-0.008944517001509666,-0.0154560636729002,0.0071172574535012245,0.017942065373063087,0.053074534982442856,0.008394880220293999,0.003655242856908524,0.02516770899134301,-0.9867780066079095,-0.2223072350025177,0.4493388533592224,0.04247543215751648,-0.9867780066079095,0.0,0.0,0.0,0.0,0.0,0.0,-0.0002940347644475159,0.0008276566306478452,0.0002323888134132248,0.0,0.0,0.0,0.003655242856908524,0.02516770899134301,-0.9867780066079095,0.0,0.0,0.0,0.0,0.0,0.0,zero,0.0,0.0,0.0,0.0,-0.0002940347644475159,0.0008276566306478452,0.0002323888134132248,-0.011533002353349633,-0.013763275947954727,-0.006026863340554197,1,0.006323337554931641,,,,,,,,,,,,,,,,,,,,,,1.6603606429998763,4,radio://0/80/2M/E7E7E7E704,2.0943951023931953,aborted,cf4 起飞前预检失败（电压或 EKF 对齐）,0.0,0.0,0.0,0,0.0,global_abort:cf4 起飞前预检失败（电压或 EKF 对齐）,,,,,
1.6603606429998763,1788688522.4054174,control,aborted,1,1,0.005479300998558756,3.9747800827026367,3974.0,0,70.0,1.5549201579997316,3.9747800827026367,1,1,0,1.0566622335352516,-0.3598785102367401,-0.391667902469635,0.035944897681474686,-0.001029248465783894,-0.000703553669154644,8.815538603812456e-05,-0.029972799122333527,-0.014951999299228191,0.0009758844971656799,-0.0037587378174066544,0.017206626012921333,-0.017080258578062057,-0.009232571651748674,-0.03988774501445566,0.9232502585628677,-0.3598785102367401,-0.391667902469635,0.035944897681474686,0.9232502585628677,0.0,0.0,0.0,0.0,0.0,0.0,-0.0005482412179173722,1.2669224516270847e-06,2.2094134878724247e-05,0.0,0.0,0.0,-0.009232571651748674,-0.03988774501445566,0.9232502585628677,0.0,0.0,0.0,0.0,0.0,0.0,zero,0.0,0.0,0.0,0.0,-0.0005482412179173722,1.2669224516270847e-06,2.2094134878724247e-05,0.011261955854191364,-0.01965085949402861,-0.013535908287115504,1,0.006535053253173828,,,,,,,,,,,,,,,,,,,,,,1.6603606429998763,5,radio://0/80/2M/E7E7E7E705,4.1887902047863905,aborted,cf4 起飞前预检失败（电压或 EKF 对齐）,0.0,0.0,0.0,0,0.0,global_abort:cf4 起飞前预检失败（电压或 EKF 对齐）,,,,,
1.6746667429997615,1788688522.419271,control,aborted,1,1,0.0008515479985362617,3.8850440979003906,3885.0,0,40.0,1.646138271999007,3.8850440979003906,1,1,0,1.0810688100734358,0.46813255548477173,-0.04232756048440933,0.04534604772925377,-0.0005677909357473254,0.0003567008243408054,0.0004151017055846751,-0.01161562092602253,0.008857334032654762,0.00828616600483656,-0.0014431464951485395,-0.005480678286403418,-0.006273884791880846,-0.0524766490253028,-0.0015894770287631435,3.0409648861212983,0.46813255548477173,-0.04232756048440933,0.04534604772925377,3.0409648861212983,0.0,0.0,0.0,0.0,0.0,0.0,-0.00011004710528831395,-9.146193814479653e-05,-0.0001457963795738232,0.0,0.0,0.0,-0.0524766490253028,-0.0015894770287631435,3.0409648861212983,0.0,0.0,0.0,0.0,0.0,0.0,zero,0.0,0.0,0.0,0.0,-0.00011004710528831395,-9.146193814479653e-05,-0.0001457963795738232,0.011138276413500613,-0.008555953395881716,0.010420628083994144,1,0.001291513442993164,,,,,,,,,,,,,,,,,,,,,,1.6746667429997615,2,radio://0/80/2M/E7E7E7E702,0.0,aborted,cf4 起飞前预检失败（电压或 EKF 对齐）,0.0,0.0,0.0,0,0.0,global_abort:cf4 起飞前预检失败（电压或 EKF 对齐）,,,,,
1.6746667429997615,1788688522.4195247,control,aborted,1,1,0.0005563750000874279,3.790029287338257,3790.0,0,20.0,1.6083075809983711,nan,1,0,1,1.0,-0.2222558557987213,0.4492761492729187,0.04252176359295845,0.000539525062777102,-0.0013080221833661199,0.0009544191416352987,0.015271183103322983,-0.032312940806150436,0.02087254263460636,0.016731910407543182,0.055250268429517746,0.007442167028784752,0.0038572245797172233,0.026145186291047978,-0.9867351333799057,-0.2222558557987213,0.4492761492729187,0.04252176359295845,-0.9867351333799057,0.0,0.0,0.0,0.0,0.0,0.0,-0.0003366802771316224,0.0003884191147157831,0.0001958363556753537,0.0,0.0,0.0,0.0038572245797172233,0.026145186291047978,-0.9867351333799057,0.0,0.0,0.0,0.0,0.0,0.0,zero,0.0,0.0,0.0,0.0,-0.0003366802771316224,0.0003884191147157831,0.0001958363556753537,0.0034994767567863116,-0.027255855150068366,0.0014507593390596393,1,0.0015451908111572266,,,,,,,,,,,,,,,,,,,,,,1.6746667429997615,4,radio://0/80/2M/E7E7E7E704,2.0943951023931953,aborted,cf4 起飞前预检失败（电压或 EKF 对齐）,0.0,0.0,0.0,0,0.0,global_abort:cf4 起飞前预检失败（电压或 EKF 对齐）,,,,,
1.6746667429997615,1788688522.419738,control,aborted,1,1,0.0003399049983272562,3.9747800827026367,3974.0,0,70.0,1.5692262579996168,3.9747800827026367,1,1,0,1.0566622335352516,-0.3598272502422333,-0.39161616563796997,0.03596470132470131,0.00038099242374300957,0.0005439992528408766,0.0003886679478455335,0.00885843113064766,0.014164077118039131,0.005276018287986517,0.01766110397875309,0.010422112420201302,0.009864448569715023,-0.008268050761172164,-0.040135960135119955,0.9243678305427862,-0.3598272502422333,-0.39161616563796997,0.03596470132470131,0.9243678305427862,0.0,0.0,0.0,0.0,0.0,0.0,-0.0005220170295389616,-0.00023006752218860424,-3.721707029526828e-05,0.0,0.0,0.0,-0.008268050761172164,-0.040135960135119955,0.9243678305427862,0.0,0.0,0.0,0.0,0.0,0.0,zero,0.0,0.0,0.0,0.0,-0.0005220170295389616,-0.00023006752218860424,-3.721707029526828e-05,-0.0005353126756953024,-0.007975761335152872,0.002993616982300894,1,0.001758575439453125,,,,,,,,,,,,,,,,,,,,,,1.6746667429997615,5,radio://0/80/2M/E7E7E7E705,4.1887902047863905,aborted,cf4 起飞前预检失败（电压或 EKF 对齐）,0.0,0.0,0.0,0,0.0,global_abort:cf4 起飞前预检失败（电压或 EKF 对齐）,,,,,
1.6889887830002408,1788688522.4335637,control,aborted,1,1,0.0019996899991383543,3.8850440979003906,3885.0,0,40.0,1.6604603119994863,3.8850440979003906,1,1,0,1.0810688100734358,0.46816325187683105,-0.04234063997864723,0.045300036668777466,1.214462099596858e-05,8.664088090881705e-05,-0.0003669753496069461,-0.00048140157014131546,0.0029827840626239777,-0.005253345239907503,-0.008251717314124107,-0.01005216408520937,-0.0028307561296969652,-0.05294406531456349,-0.00195440593925674,3.041128380646848,0.46816325187683105,-0.04234063997864723,0.045300036668777466,3.041128380646848,0.0,0.0,0.0,0.0,0.0,0.0,-5.592137779184908e-05,-8.256355801674833e-05,-2.830118514405826e-05,0.0,0.0,0.0,-0.05294406531456349,-0.00195440593925674,3.041128380646848,0.0,0.0,0.0,0.0,0.0,0.0,zero,0.0,0.0,0.0,0.0,-5.592137779184908e-05,-8.256355801674833e-05,-2.830118514405826e-05,0.004112155258234148,0.0006760467216945874,0.008926595612468361,1,0.002421855926513672,,,,,,,,,,,,,,,,,,,,,,1.6889887830002408,2,radio://0/80/2M/E7E7E7E702,0.0,aborted,cf4 起飞前预检失败（电压或 EKF 对齐）,0.0,0.0,0.0,0,0.0,global_abort:cf4 起飞前预检失败（电压或 EKF 对齐）,,,,,
1.6889887830002408,1788688522.4339633,control,aborted,1,1,0.0015477839988307096,3.790029287338257,3790.0,0,20.0,1.6226296209988504,nan,1,0,1,1.0,-0.22230587899684906,0.44929519295692444,0.042508721351623535,-0.00032839400228112936,-0.0007570825982838869,0.0005653814878314734,-0.0009695477783679962,-0.017479799687862396,0.010787295177578926,-0.008621882647275925,0.016437826678156853,0.005625005811452866,0.0024080346856760193,0.024317976564554557,-0.986762458308948,-0.22230587899684906,0.44929519295692444,0.042508721351623535,-0.986762458308948,0.0,0.0,0.0,0.0,0.0,0.0,-0.0001779441666294086,-4.901804213809015e-05,0.00032534444427018345,0.0,0.0,0.0,0.0024080346856760193,0.024317976564554557,-0.986762458308948,0.0,0.0,0.0,0.0,0.0,0.0,zero,0.0,0.0,0.0,0.0,-0.0001779441666294086,-4.901804213809015e-05,0.00032534444427018345,0.012059838484682691,-0.03323390904669386,0.009839264840068265,1,0.0028214454650878906,,,,,,,,,,,,,,,,,,,,,,1.6889887830002408,4,radio://0/80/2M/E7E7E7E704,2.0943951023931953,aborted,cf4 起飞前预检失败（电压或 EKF 对齐）,0.0,0.0,0.0,0,0.0,global_abort:cf4 起飞前预检失败（电压或 EKF 对齐）,,,,,
1.6889887830002408,1788688522.4342146,control,aborted,1,1,0.0017351919996144716,3.9747800827026367,3974.0,0,70.0,1.583548298000096,3.9747800827026367,1,1,0,1.0566622335352516,-0.3598453402519226,-0.39164236187934875,0.03596693277359009,2.994821988977492e-05,3.719385131262243e-05,0.0003448372590355575,0.001753249205648899,0.0036312509328126907,0.0035548850428313017,-0.006021340377628803,-0.01772398129105568,0.008307223208248615,-0.009596065738270026,-0.04185099551714065,0.924410545948447,-0.3598453402519226,-0.39164236187934875,0.03596693277359009,0.924410545948447,0.0,0.0,0.0,0.0,0.0,0.0,-0.00041464426898207157,-0.00015753776559273558,9.095002511917287e-05,0.0,0.0,0.0,-0.009596065738270026,-0.04185099551714065,0.924410545948447,0.0,0.0,0.0,0.0,0.0,0.0,zero,0.0,0.0,0.0,0.0,-0.00041464426898207157,-0.00015753776559273558,9.095002511917287e-05,0.008157552467890052,0.005510385425925668,0.009737384044870618,1,0.0030727386474609375,,,,,,,,,,,,,,,,,,,,,,1.6889887830002408,5,radio://0/80/2M/E7E7E7E705,4.1887902047863905,aborted,cf4 起飞前预检失败（电压或 EKF 对齐）,0.0,0.0,0.0,0,0.0,global_abort:cf4 起飞前预检失败（电压或 EKF 对齐）,,,,,
1.7034870070001489,1788688522.448075,control,aborted,1,1,0.0006752159988536732,3.8850440979003906,3885.0,0,40.0,1.6749585359993944,3.8850440979003906,1,1,0,1.0810688100734358,0.46812278032302856,-0.042353011667728424,0.04529504477977753,-0.000499874644447118,-8.64632020238787e-05,-0.00035643475712276995,-0.006832120008766651,0.00020661833696067333,-0.004069956485182047,-0.008812022395431995,-0.00537506677210331,0.0008323381189256907,-0.05312006385185849,-0.001729880222317492,3.0413627659591875,0.46812278032302856,-0.042353011667728424,0.04529504477977753,3.0413627659591875,0.0,0.0,0.0,0.0,0.0,0.0,-0.00010163384781469712,-1.692801362250033e-05,-2.9522415291574932e-05,0.0,0.0,0.0,-0.05312006385185849,-0.001729880222317492,3.0413627659591875,0.0,0.0,0.0,0.0,0.0,0.0,zero,0.0,0.0,0.0,0.0,-0.00010163384781469712,-1.692801362250033e-05,-2.9522415291574932e-05,-0.002877908136452097,0.004132199969904416,-7.688467011872611e-05,1,0.0010492801666259766,,,,,,,,,,,,,,,,,,,,,,1.7034870070001489,2,radio://0/80/2M/E7E7E7E702,0.0,aborted,cf4 起飞前预检失败（电压或 EKF 对齐）,0.0,0.0,0.0,0,0.0,global_abort:cf4 起飞前预检失败（电压或 EKF 对齐）,,,,,
1.7034870070001489,1788688522.4483163,control,aborted,1,1,0.0004147649997321423,3.790029287338257,3790.0,0,20.0,1.6371278449987585,nan,1,0,1,1.0,-0.2222478687763214,0.4493488073348999,0.04248446598649025,0.0004677100805565715,6.940972525626421e-05,0.00014689812087453902,0.00924836378544569,-0.003577210009098053,0.0033605778589844704,0.009444423951208591,0.006642923224717379,-0.009658951312303543,0.003678805619663489,0.023804590320624812,-0.9878889263453409,-0.2222478687763214,0.4493488073348999,0.04248446598649025,-0.9878889263453409,0.0,0.0,0.0,0.0,0.0,0.0,-3.292793136956272e-05,-0.0004188142268653619,0.00044881714937771133,0.0,0.0,0.0,0.003678805619663489,0.023804590320624812,-0.9878889263453409,0.0,0.0,0.0,0.0,0.0,0.0,zero,0.0,0.0,0.0,0.0,-3.292793136956272e-05,-0.0004188142268653619,0.00044881714937771133,0.009129749566439202,-0.023281162630757628,0.007773439118058969,1,0.0012905597686767578,,,,,,,,,,,,,,,,,,,,,,1.7034870070001489,4,radio://0/80/2M/E7E7E7E704,2.0943951023931953,aborted,cf4 起飞前预检失败（电压或 EKF 对齐）,0.0,0.0,0.0,0,0.0,global_abort:cf4 起飞前预检失败（电压或 EKF 对齐）,,,,,
1.7034870070001489,1788688522.4485245,control,aborted,1,1,0.00020212900017213542,3.9747800827026367,3974.0,0,70.0,1.5980465220000042,3.9747800827026367,1,1,0,1.0566622335352516,-0.3599025011062622,-0.3916521370410919,0.035974666476249695,-0.0006957720615901053,-9.33271148824133e-05,0.0003732473705895245,-0.007735177408903837,0.0012615694431588054,0.003201628802344203,0.011226672679185867,-0.006932627409696579,-0.004337055142968893,-0.008285383465185177,-0.04128329275336773,0.9235324058168264,-0.3599025011062622,-0.3916521370410919,0.035974666476249695,0.9235324058168264,0.0,0.0,0.0,0.0,0.0,0.0,-0.0002613843722353138,-3.7342977716019375e-05,0.0002265680839040154,0.0,0.0,0.0,-0.008285383465185177,-0.04128329275336773,0.9235324058168264,0.0,0.0,0.0,0.0,0.0,0.0,zero,0.0,0.0,0.0,0.0,-0.0002613843722353138,-3.7342977716019375e-05,0.0002265680839040154,0.009648743627698256,0.007567072131885297,0.008538071004075233,1,0.0014986991882324219,,,,,,,,,,,,,,,,,,,,,,1.7034870070001489,5,radio://0/80/2M/E7E7E7E705,4.1887902047863905,aborted,cf4 起飞前预检失败（电压或 EKF 对齐）,0.0,0.0,0.0,0,0.0,global_abort:cf4 起飞前预检失败（电压或 EKF 对齐）,,,,,
1.7175743300012982,1788688522.4621608,control,aborted,1,1,0.003421803001401713,3.8850440979003906,3885.0,0,40.0,1.6890458590005437,3.8850440979003906,1,1,0,1.0810688100734358,0.46814337372779846,-0.042360078543424606,0.04538394883275032,0.0007159561500884593,0.00038940843660384417,0.003127667587250471,0.05912305787205696,0.05092823877930641,0.15036818385124207,0.006878957152366638,0.02364017628133297,-0.01832631789147854,-0.05251138295704842,-0.0013764497955815996,3.041027879873457,0.46814337372779846,-0.042360078543424606,0.04538394883275032,3.041027879873457,0.0,0.0,0.0,0.0,0.0,0.0,-9.912919265690229e-05,0.00016206481636409447,0.00015349580327104283,0.0,0.0,0.0,-0.05251138295704842,-0.0013764497955815996,3.041027879873457,0.0,0.0,0.0,0.0,0.0,0.0,zero,0.0,0.0,0.0,0.0,-9.912919265690229e-05,0.00016206481636409447,0.00015349580327104283,0.005023635891965359,0.015662570442801147,0.023557647295225827,1,0.0042874813079833984,,,,,,,,,,,,,,,,,,,,,,1.7175743300012982,2,radio://0/80/2M/E7E7E7E702,0.0,aborted,cf4 起飞前预检失败（电压或 EKF 对齐）,0.0,0.0,0.0,0,0.0,global_abort:cf4 起飞前预检失败（电压或 EKF 对齐）,,,,,
1.7175743300012982,1788688522.4624903,control,aborted,1,1,0.0038469350001832936,3.790029287338257,3790.0,0,20.0,1.6512151679999079,nan,1,0,1,1.0,-0.22230632603168488,0.44934603571891785,0.04244222119450569,-0.000286508584395051,-0.0006681909435428679,-0.001651317928917706,0.04191041737794876,-0.06030695512890816,-0.0832313597202301,-0.03835686668753624,0.03345094993710518,0.015033585019409657,0.0024286633760440737,0.02411692405444083,-0.9873313030751922,-0.22230632603168488,0.44934603571891785,0.04244222119450569,-0.9873313030751922,0.0,0.0,0.0,0.0,0.0,0.0,0.0003225113254746793,-0.0009398444772252204,0.00043977021762736,0.0,0.0,0.0,0.0024286633760440737,0.02411692405444083,-0.9873313030751922,0.0,0.0,0.0,0.0,0.0,0.0,zero,0.0,0.0,0.0,0.0,0.0003225113254746793,-0.0009398444772252204,0.00043977021762736,0.029192721829895348,-0.029049594539220305,-0.012891680079476747,1,0.004616975784301758,,,,,,,,,,,,,,,,,,,,,,1.7175743300012982,4,radio://0/80/2M/E7E7E7E704,2.0943951023931953,aborted,cf4 起飞前预检失败（电压或 EKF 对齐）,0.0,0.0,0.0,0,0.0,global_abort:cf4 起飞前预检失败（电压或 EKF 对齐）,,,,,
1.7175743300012982,1788688522.4627194,control,aborted,1,1,0.003613261000282364,3.9747800827026367,3974.0,0,70.0,1.6121338450011535,3.9747800827026367,1,1,0,1.0566622335352516,-0.3598555624485016,-0.39166462421417236,0.03594328090548515,0.001784463762305677,0.0005857899086549878,-0.0011976013192906976,0.12232600152492523,0.0776376724243164,-0.0770883783698082,-0.01806284859776497,0.04721467196941376,0.016312139108777046,-0.009007588857958637,-0.04170618871436936,0.9238541590625758,-0.3598555624485016,-0.39166462421417236,0.03594328090548515,0.9238541590625758,0.0,0.0,0.0,0.0,0.0,0.0,8.842460562839955e-05,0.0002661083719321681,0.00028757630595635584,0.0,0.0,0.0,-0.009007588857958637,-0.04170618871436936,0.9238541590625758,0.0,0.0,0.0,0.0,0.0,0.0,zero,0.0,0.0,0.0,0.0,8.842460562839955e-05,0.0002661083719321681,0.00028757630595635584,0.02885598118230428,0.02571574596982876,-0.005745185281500633,1,0.004846096038818359,,,,,,,,,,,,,,,,,,,,,,1.7175743300012982,5,radio://0/80/2M/E7E7E7E705,4.1887902047863905,aborted,cf4 起飞前预检失败（电压或 EKF 对齐）,0.0,0.0,0.0,0,0.0,global_abort:cf4 起飞前预检失败（电压或 EKF 对齐）,,,,,
1.7317873810006859,1788688522.476368,control,aborted,1,1,0.007595862000016496,3.8850440979003906,3885.0,0,40.0,1.7032589099999313,3.8850440979003906,1,1,0,1.0810688100734358,0.4681381285190582,-0.04235116019845009,0.0453406497836113,0.0004687767941504717,0.0004883361980319023,0.001643714727833867,0.04239802435040474,0.04270387068390846,0.09087464213371277,0.005334997549653053,0.028201330453157425,-0.005014082416892052,-0.05252038537323149,-0.0008830029565049337,3.041489210141963,0.4681381285190582,-0.04235116019845009,0.0453406497836113,3.041489210141963,0.0,0.0,0.0,0.0,0.0,0.0,4.277529140381695e-05,0.0003120911789707978,0.0006113919714843389,0.0,0.0,0.0,-0.05252038537323149,-0.0008830029565049337,3.041489210141963,0.0,0.0,0.0,0.0,0.0,0.0,zero,0.0,0.0,0.0,0.0,4.277529140381695e-05,0.0003120911789707978,0.0006113919714843389,0.014066707910611905,0.01487181349940315,0.045390332055249116,1,0.008406639099121094,,,,,,,,,,,,,,,,,,,,,,1.7317873810006859,2,radio://0/80/2M/E7E7E7E702,0.0,aborted,cf4 起飞前预检失败（电压或 EKF 对齐）,0.0,0.0,0.0,0,0.0,global_abort:cf4 起飞前预检失败（电压或 EKF 对齐）,,,,,
1.7317873810006859,1788688522.4765317,control,aborted,1,1,0.00791760200081626,3.790029287338257,3790.0,0,20.0,1.6654282189992955,nan,1,0,1,1.0,-0.2222590297460556,0.44932830333709717,0.0424506813287735,0.0007084591197781265,-0.0008861037204042077,-0.0011533291544765234,0.053253933787345886,-0.052565764635801315,-0.056712277233600616,0.003020303323864937,0.040193110704422,0.02790042757987976,0.004148434853127875,0.02479182145001666,-0.986528226865231,-0.2222590297460556,0.44932830333709717,0.0424506813287735,-0.986528226865231,0.0,0.0,0.0,0.0,0.0,0.0,0.0005134193870564822,-0.0010643994431610607,9.653812636080443e-05,0.0,0.0,0.0,0.004148434853127875,0.02479182145001666,-0.986528226865231,0.0,0.0,0.0,0.0,0.0,0.0,zero,0.0,0.0,0.0,0.0,0.0005134193870564822,-0.0010643994431610607,9.653812636080443e-05,0.01892433461724339,-0.012346884851686493,-0.03402391126223481,1,0.008570432662963867,,,,,,,,,,,,,,,,,,,,,,1.7317873810006859,4,radio://0/80/2M/E7E7E7E704,2.0943951023931953,aborted,cf4 起飞前预检失败（电压或 EKF 对齐）,0.0,0.0,0.0,0,0.0,global_abort:cf4 起飞前预检失败（电压或 EKF 对齐）,,,,,
1.7317873810006859,1788688522.4766474,control,aborted,1,1,0.007376904999546241,3.9747800827026367,3974.0,0,70.0,1.6263468960005412,3.9747800827026367,1,1,0,1.0566622335352516,-0.35991474986076355,-0.3916427791118622,0.03594084456562996,0.0002541592111811042,0.0009017190313898027,-0.0010063824011012912,0.06752195954322815,0.06837354600429535,-0.05787971615791321,-0.00855437945574522,0.04526841267943382,0.016779106110334396,-0.008717870010395206,-0.041326404325350764,0.9240390298760636,-0.35991474986076355,-0.3916427791118622,0.03594084456562996,0.9240390298760636,0.0,0.0,0.0,0.0,0.0,0.0,0.00041518387924408743,0.0005071515088507978,4.3412546448272425e-05,0.0,0.0,0.0,-0.008717870010395206,-0.041326404325350764,0.9240390298760636,0.0,0.0,0.0,0.0,0.0,0.0,zero,0.0,0.0,0.0,0.0,0.00041518387924408743,0.0005071515088507978,4.3412546448272425e-05,0.03239099376922325,0.023894124441065333,-0.02420346552183287,1,0.008686065673828125,,,,,,,,,,,,,,,,,,,,,,1.7317873810006859,5,radio://0/80/2M/E7E7E7E705,4.1887902047863905,aborted,cf4 起飞前预检失败（电压或 EKF 对齐）,0.0,0.0,0.0,0,0.0,global_abort:cf4 起飞前预检失败（电压或 EKF 对齐）,,,,,
1.7461318780005968,1788688522.4907343,control,aborted,1,1,0.012293427000258816,3.8850440979003906,3885.0,0,40.0,1.7176034069998423,3.8850440979003906,1,1,0,1.0810688100734358,0.4681321680545807,-0.04237585887312889,0.04533126577734947,0.00025592403835617006,-0.00010284091695211828,0.0011274678399786353,0.02966536208987236,0.022350652143359184,0.0623844712972641,0.0036058907862752676,0.017767097800970078,-0.016531381756067276,-0.0525529006436745,-0.0011554995511041076,3.040876073426003,0.4681321680545807,-0.04237585887312889,0.04533126577734947,3.040876073426003,0.0,0.0,0.0,0.0,0.0,0.0,0.00018264603090050328,0.0003931819936683189,0.0010439593164207435,0.0,0.0,0.0,-0.0525529006436745,-0.0011554995511041076,3.040876073426003,0.0,0.0,0.0,0.0,0.0,0.0,zero,0.0,0.0,0.0,0.0,0.00018264603090050328,0.0003931819936683189,0.0010439593164207435,0.013973760859250398,0.008101363133865412,0.043215562135534416,1,0.012763500213623047,,,,,,,,,,,,,,,,,,,,,,1.7461318780005968,2,radio://0/80/2M/E7E7E7E702,0.0,aborted,cf4 起飞前预检失败（电压或 EKF 对齐）,0.0,0.0,0.0,0,0.0,global_abort:cf4 起飞前预检失败（电压或 EKF 对齐）,,,,,
1.7461318780005968,1788688522.4909904,control,aborted,1,1,0.01178698900002928,3.790029287338257,3790.0,0,20.0,1.6797727159992064,nan,1,0,1,1.0,-0.22227613627910614,0.44932928681373596,0.04242702201008797,0.00022495773737318814,-0.000689231907017529,-0.00139540561940521,0.03294219449162483,-0.0381188690662384,-0.050206806510686874,-0.025490889325737953,0.01304028369486332,0.011489623226225376,0.0027385059582250536,0.023837087427049344,-0.9870736942315471,-0.22227613627910614,0.44932928681373596,0.04242702201008797,-0.9870736942315471,0.0,0.0,0.0,0.0,0.0,0.0,0.0005903305106409747,-0.0010899461765126626,-0.0002980085251439573,0.0,0.0,0.0,0.0027385059582250536,0.023837087427049344,-0.9870736942315471,0.0,0.0,0.0,0.0,0.0,0.0,zero,0.0,0.0,0.0,0.0,0.0005903305106409747,-0.0010899461765126626,-0.0002980085251439573,0.007683791851342954,-0.002552241761750164,-0.03941711165455132,1,0.013019561767578125,,,,,,,,,,,,,,,,,,,,,,1.7461318780005968,4,radio://0/80/2M/E7E7E7E704,2.0943951023931953,aborted,cf4 起飞前预检失败（电压或 EKF 对齐）,0.0,0.0,0.0,0,0.0,global_abort:cf4 起飞前预检失败（电压或 EKF 对齐）,,,,,
1.7461318780005968,1788688522.4911933,control,aborted,1,1,0.012014951000310248,3.9747800827026367,3974.0,0,70.0,1.640691393000452,3.9747800827026367,1,1,0,1.0566622335352516,-0.35987094044685364,-0.39162740111351013,0.035904306918382645,0.0010786933125928044,0.0010286465985700488,-0.0015351730398833752,0.07049277424812317,0.057235006242990494,-0.056869663298130035,-0.03515069931745529,-0.010990511626005173,0.0017993748188018799,-0.010110762774119965,-0.04369425380698915,0.9234790890030947,-0.35987094044685364,-0.39162740111351013,0.035904306918382645,0.9234790890030947,0.0,0.0,0.0,0.0,0.0,0.0,0.0006532882020744321,0.0006874593364596645,-0.0002678924372230038,0.0,0.0,0.0,-0.010110762774119965,-0.04369425380698915,0.9234790890030947,0.0,0.0,0.0,0.0,0.0,0.0,zero,0.0,0.0,0.0,0.0,0.0006532882020744321,0.0006874593364596645,-0.0002678924372230038,0.02378776918430331,0.018013620812499815,-0.03110086792826545,1,0.013222455978393555,,,,,,,,,,,,,,,,,,,,,,1.7461318780005968,5,radio://0/80/2M/E7E7E7E705,4.1887902047863905,aborted,cf4 起飞前预检失败（电压或 EKF 对齐）,0.0,0.0,0.0,0,0.0,global_abort:cf4 起飞前预检失败（电压或 EKF 对齐）,,,,,
1.7604145519999292,1788688522.505005,control,aborted,1,1,0.005104575999212102,3.8850440979003906,3885.0,0,40.0,1.7318860809991747,3.8850440979003906,1,1,0,1.0810688100734358,0.46814659237861633,-0.04234635829925537,0.04538657143712044,-0.001974275801330805,0.00017421926895622164,0.0021974449045956135,-0.1159307137131691,0.013374559581279755,0.08571521937847137,-0.053638704121112823,-0.007307607680559158,0.017591575160622597,-0.05344510080234796,-0.0014844570129750074,3.0413492637602513,0.46814659237861633,-0.04234635829925537,0.04538657143712044,3.0413492637602513,0.0,0.0,0.0,0.0,0.0,0.0,0.00047659570095868206,0.0002678795640925009,0.001470564827798167,0.0,0.0,0.0,-0.05344510080234796,-0.0014844570129750074,3.0413492637602513,0.0,0.0,0.0,0.0,0.0,0.0,zero,0.0,0.0,0.0,0.0,0.00047659570095868206,0.0002678795640925009,0.001470564827798167,0.028852721360952162,-0.013456193674309417,0.04407242350613661,1,0.005378246307373047,,,,,,,,,,,,,,,,,,,,,,1.7604145519999292,2,radio://0/80/2M/E7E7E7E702,0.0,aborted,cf4 起飞前预检失败（电压或 EKF 对齐）,0.0,0.0,0.0,0,0.0,global_abort:cf4 起飞前预检失败（电压或 EKF 对齐）,,,,,
1.7604145519999292,1788688522.5052414,control,aborted,1,1,0.004691966998507269,3.790029287338257,3790.0,0,20.0,1.6940553899985389,nan,1,0,1,1.0,-0.22228245437145233,0.44932320713996887,0.0424424484372139,0.000706265855114907,-0.002273072022944689,-0.003446137299761176,0.05519668757915497,-0.12157946825027466,-0.17638781666755676,0.02699757181107998,-0.03774525225162506,0.010762033052742481,0.003307647652632279,0.023526857927646447,-0.9869957600437699,-0.22228245437145233,0.44932320713996887,0.0424424484372139,-0.9869957600437699,0.0,0.0,0.0,0.0,0.0,0.0,0.00041521243432263985,-0.0007683924439531812,-0.0010279953320649856,0.0,0.0,0.0,0.003307647652632279,0.023526857927646447,-0.9869957600437699,0.0,0.0,0.0,0.0,0.0,0.0,zero,0.0,0.0,0.0,0.0,0.00041521243432263985,-0.0007683924439531812,-0.0010279953320649856,-0.019059080054845978,0.033228147719820814,-0.07654998407315976,1,0.005614757537841797,,,,,,,,,,,,,,,,,,,,,,1.7604145519999292,4,radio://0/80/2M/E7E7E7E704,2.0943951023931953,aborted,cf4 起飞前预检失败（电压或 EKF 对齐）,0.0,0.0,0.0,0,0.0,global_abort:cf4 起飞前预检失败（电压或 EKF 对齐）,,,,,
1.7604145519999292,1788688522.505446,control,aborted,1,1,0.004903906999970786,3.9747800827026367,3974.0,0,70.0,1.6549740669997846,3.9747800827026367,1,1,0,1.0566622335352516,-0.3598765432834625,-0.3916405141353607,0.03594529628753662,0.0005367128178477287,-0.0005236757569946349,-0.00018882629228755832,0.0290983859449625,-0.03487667068839073,0.0021600350737571716,0.07681310176849365,0.08803778886795044,-0.022699465975165367,-0.008029139286338072,-0.04077676239814693,0.9231778069423748,-0.3598765432834625,-0.3916405141353607,0.03594529628753662,0.9231778069423748,0.0,0.0,0.0,0.0,0.0,0.0,0.0009019434289882588,0.0009883159807927478,-0.0011027415125166675,0.0,0.0,0.0,-0.008029139286338072,-0.04077676239814693,0.9231778069423748,0.0,0.0,0.0,0.0,0.0,0.0,zero,0.0,0.0,0.0,0.0,0.0009019434289882588,0.0009883159807927478,-0.0011027415125166675,0.02538362635850095,0.029609703523953142,-0.08543269132692637,1,0.0058193206787109375,,,,,,,,,,,,,,,,,,,,,,1.7604145519999292,5,radio://0/80/2M/E7E7E7E705,4.1887902047863905,aborted,cf4 起飞前预检失败（电压或 EKF 对齐）,0.0,0.0,0.0,0,0.0,global_abort:cf4 起飞前预检失败（电压或 EKF 对齐）,,,,,
1.7746117349997803,1788688522.519202,control,aborted,1,1,0.007882993999373866,3.8850440979003906,3885.0,0,40.0,1.7460832639990258,3.8850440979003906,1,1,0,1.0810688100734358,0.46813344955444336,-0.042348504066467285,0.045351263135671616,-0.001810557907447219,0.00010163872502744198,0.0011370040010660887,-0.08986533433198929,0.009423204697668552,0.04992265626788139,-0.03404126688838005,-0.013318859040737152,0.003290785476565361,-0.05293974479513783,-0.0019413670631380307,3.040759609001068,0.46813344955444336,-0.042348504066467285,0.045351263135671616,3.040759609001068,0.0,0.0,0.0,0.0,0.0,0.0,0.00023544576158170916,0.00022330141797844802,0.0016042300694166,0.0,0.0,0.0,-0.05293974479513783,-0.0019413670631380307,3.040759609001068,0.0,0.0,0.0,0.0,0.0,0.0,zero,0.0,0.0,0.0,0.0,0.00023544576158170916,0.00022330141797844802,0.0016042300694166,-0.021204976107016812,-0.003919878751310436,0.01175355159607455,1,0.00820302963256836,,,,,,,,,,,,,,,,,,,,,,1.7746117349997803,2,radio://0/80/2M/E7E7E7E702,0.0,aborted,cf4 起飞前预检失败（电压或 EKF 对齐）,0.0,0.0,0.0,0,0.0,global_abort:cf4 起飞前预检失败（电压或 EKF 对齐）,,,,,
1.7746117349997803,1788688522.5194573,control,aborted,1,1,0.007627447999766446,3.790029287338257,3790.0,0,20.0,1.70825257299839,nan,1,0,1,1.0,-0.22223012149333954,0.44930124282836914,0.04249650985002518,0.0014853687025606632,-0.0022047345992177725,-0.0018061548471450806,0.05785910040140152,-0.09606175124645233,-0.11226858198642731,0.021459361538290977,-0.010799935087561607,-0.0015059038996696472,0.0032859961172682756,0.02463165085412316,-0.9875674667219918,-0.22223012149333954,0.44930124282836914,0.04249650985002518,-0.9875674667219918,0.0,0.0,0.0,0.0,0.0,0.0,0.0004278797672715238,-0.0008701895987228593,-0.0014043388950040728,0.0,0.0,0.0,0.0032859961172682756,0.02463165085412316,-0.9875674667219918,0.0,0.0,0.0,0.0,0.0,0.0,zero,0.0,0.0,0.0,0.0,0.0004278797672715238,-0.0008701895987228593,-0.0014043388950040728,0.0011138733570271034,-0.008951303244073882,-0.033092922522687376,1,0.008458375930786133,,,,,,,,,,,,,,,,,,,,,,1.7746117349997803,4,radio://0/80/2M/E7E7E7E704,2.0943951023931953,aborted,cf4 起飞前预检失败（电压或 EKF 对齐）,0.0,0.0,0.0,0,0.0,global_abort:cf4 起飞前预检失败（电压或 EKF 对齐）,,,,,
1.7746117349997803,1788688522.519683,control,aborted,1,1,0.007412840999677428,3.9747800827026367,3974.0,0,70.0,1.6691712499996356,3.9747800827026367,1,1,0,1.0566622335352516,-0.35985398292541504,-0.3916616439819336,0.03595634922385216,0.0008261296898126602,-0.0007905422244220972,4.3322244891896844e-05,0.02836856059730053,-0.032594602555036545,0.005810725502669811,0.052242398262023926,0.061472419649362564,-0.00913421344012022,-0.008573966530927235,-0.04128183803398746,0.9236956072399755,-0.35985398292541504,-0.3916616439819336,0.03595634922385216,0.9236956072399755,0.0,0.0,0.0,0.0,0.0,0.0,0.0009152374302466772,0.0008313802457490661,-0.0011366936588172907,0.0,0.0,0.0,-0.008573966530927235,-0.04128183803398746,0.9236956072399755,0.0,0.0,0.0,0.0,0.0,0.0,zero,0.0,0.0,0.0,0.0,0.0009152374302466772,0.0008313802457490661,-0.0011366936588172907,0.001168978021639648,-0.013799789958629204,-0.002985505420182581,1,0.008683919906616211,,,,,,,,,,,,,,,,,,,,,,1.7746117349997803,5,radio://0/80/2M/E7E7E7E705,4.1887902047863905,aborted,cf4 起飞前预检失败（电压或 EKF 对齐）,0.0,0.0,0.0,0,0.0,global_abort:cf4 起飞前预检失败（电压或 EKF 对齐）,,,,,
1.788898008000615,1788688522.533548,control,aborted,1,1,0.0023446399991371436,3.8850440979003906,3885.0,0,40.0,1.7603695369998604,3.8850440979003906,1,1,0,1.0810688100734358,0.468153715133667,-0.04240786284208298,0.04532111808657646,-0.0007372562540695071,-0.0010254016378894448,0.00016082105867099017,-0.03654804825782776,-0.014750408008694649,0.013626311905682087,-0.027272596955299377,-0.0015193730359897017,0.0027126758359372616,-0.05325472248317468,-0.001565663079090591,3.0407655518668286,0.468153715133667,-0.04240786284208298,0.04532111808657646,3.0407655518668286,0.0,0.0,0.0,0.0,0.0,0.0,-0.0002829569455338481,3.759464415386453e-05,0.0014375890365735337,0.0,0.0,0.0,-0.05325472248317468,-0.001565663079090591,3.0407655518668286,0.0,0.0,0.0,0.0,0.0,0.0,zero,0.0,0.0,0.0,0.0,-0.0002829569455338481,3.759464415386453e-05,0.0014375890365735337,-0.01904044175493693,-0.012094351118901727,-0.017829861295096804,1,0.0030002593994140625,,,,,,,,,,,,,,,,,,,,,,1.788898008000615,2,radio://0/80/2M/E7E7E7E702,0.0,aborted,cf4 起飞前预检失败（电压或 EKF 对齐）,0.0,0.0,0.0,0,0.0,global_abort:cf4 起飞前预检失败（电压或 EKF 对齐）,,,,,
1.788898008000615,1788688522.5338063,control,aborted,1,1,0.0025979490001191152,3.790029287338257,3790.0,0,20.0,1.7225388459992246,nan,1,0,1,1.0,-0.22229820489883423,0.4493288993835449,0.04244788736104965,-0.0003079841553699225,-0.0008498674724251032,-0.00206218590028584,0.0037526320666074753,-0.035224445164203644,-0.07683736830949783,0.003650238737463951,0.0001484788954257965,0.0045607127249240875,0.0027257641858339002,0.025044065248027787,-0.9872916603793198,-0.22229820489883423,0.4493288993835449,0.04244788736104965,-0.9872916603793198,0.0,0.0,0.0,0.0,0.0,0.0,0.0005259111345708687,-0.001001030156528817,-0.001964084989872641,0.0,0.0,0.0,0.0027257641858339002,0.025044065248027787,-0.9872916603793198,0.0,0.0,0.0,0.0,0.0,0.0,zero,0.0,0.0,0.0,0.0,0.0005259111345708687,-0.001001030156528817,-0.001964084989872641,0.0025076239550963966,0.0006031596407170586,-0.021227334399903004,1,0.0032584667205810547,,,,,,,,,,,,,,,,,,,,,,1.788898008000615,4,radio://0/80/2M/E7E7E7E704,2.0943951023931953,aborted,cf4 起飞前预检失败（电压或 EKF 对齐）,0.0,0.0,0.0,0,0.0,global_abort:cf4 起飞前预检失败（电压或 EKF 对齐）,,,,,
1.788898008000615,1788688522.5340233,control,aborted,1,1,0.002121174000421888,3.9747800827026367,3974.0,0,70.0,1.6834575230004702,3.9747800827026367,1,1,0,1.0566622335352516,-0.3598179519176483,-0.3916131258010864,0.03586763143539429,0.0011734943836927414,0.0003863490419462323,-0.0016067316755652428,0.02414625696837902,0.0008768746629357338,-0.026812147349119186,0.014853790402412415,0.06236583739519119,-0.008355237543582916,-0.009526650377919383,-0.03995698900372086,0.9235473810988838,-0.3598179519176483,-0.3916131258010864,0.03586763143539429,0.9235473810988838,0.0,0.0,0.0,0.0,0.0,0.0,0.0008432703998043569,0.00032543319528695243,-0.0009816649586004875,0.0,0.0,0.0,-0.009526650377919383,-0.03995698900372086,0.9235473810988838,0.0,0.0,0.0,0.0,0.0,0.0,zero,0.0,0.0,0.0,0.0,0.0008432703998043569,0.00032543319528695243,-0.0009816649586004875,-0.0044407468871753425,-0.023478450422255367,0.007006099698997236,1,0.0034754276275634766,,,,,,,,,,,,,,,,,,,,,,1.788898008000615,5,radio://0/80/2M/E7E7E7E705,4.1887902047863905,aborted,cf4 起飞前预检失败（电压或 EKF 对齐）,0.0,0.0,0.0,0,0.0,global_abort:cf4 起飞前预检失败（电压或 EKF 对齐）,,,,,
1.803277861999959,1788688522.547872,control,aborted,1,1,0.006581669000297552,3.8850440979003906,3885.0,0,40.0,1.7747493909992045,3.8850440979003906,1,1,0,1.0810688100734358,0.46813124418258667,-0.04237271472811699,0.0453210324048996,-0.001032847911119461,-0.00012733222683891654,0.0001269675267394632,-0.0350663959980011,0.005906237289309502,0.01023358479142189,-0.00824731681495905,-0.0052146343514323235,0.01397438533604145,-0.052567424963482524,-0.0017365503068066987,3.0413741480106498,0.46813124418258667,-0.04237271472811699,0.0453210324048996,3.0413741480106498,0.0,0.0,0.0,0.0,0.0,0.0,-0.00042765749914698776,-0.00013686879530660232,0.0011407624414148459,0.0,0.0,0.0,-0.052567424963482524,-0.0017365503068066987,3.0413741480106498,0.0,0.0,0.0,0.0,0.0,0.0,zero,0.0,0.0,0.0,0.0,-0.00042765749914698776,-0.00013686879530660232,0.0011407624414148459,-0.014264986387011848,-0.017199095143674938,-0.029261998199136576,1,0.007180452346801758,,,,,,,,,,,,,,,,,,,,,,1.803277861999959,2,radio://0/80/2M/E7E7E7E702,0.0,aborted,cf4 起飞前预检失败（电压或 EKF 对齐）,0.0,0.0,0.0,0,0.0,global_abort:cf4 起飞前预检失败（电压或 EKF 对齐）,,,,,
1.803277861999959,1788688522.5481234,control,aborted,1,1,0.006827401999544236,3.790029287338257,3790.0,0,20.0,1.7369186999985686,nan,1,0,1,1.0,-0.22231259942054749,0.44935426115989685,0.042443450540304184,-0.0005301933269947767,-0.0001798548619262874,-0.001737226266413927,-0.0013790261000394821,-0.0149694187566638,-0.0550629086792469,-0.012389873154461384,-0.013715474866330624,0.008439780212938786,0.0019552047310591636,0.02434183232902254,-0.9870502088060945,-0.22231259942054749,0.44935426115989685,0.042443450540304184,-0.9870502088060945,0.0,0.0,0.0,0.0,0.0,0.0,0.00043068981424268873,-0.000903298454992799,-0.0021014330857911444,0.0,0.0,0.0,0.0019552047310591636,0.02434183232902254,-0.9870502088060945,0.0,0.0,0.0,0.0,0.0,0.0,zero,0.0,0.0,0.0,0.0,0.00043068981424268873,-0.000903298454992799,-0.0021014330857911444,-0.009387184805569652,0.009634665225387258,-0.013540160487551417,1,0.007431745529174805,,,,,,,,,,,,,,,,,,,,,,1.803277861999959,4,radio://0/80/2M/E7E7E7E704,2.0943951023931953,aborted,cf4 起飞前预检失败（电压或 EKF 对齐）,0.0,0.0,0.0,0,0.0,global_abort:cf4 起飞前预检失败（电压或 EKF 对齐）,,,,,
1.803277861999959,1788688522.5483375,control,aborted,1,1,0.00636023699917132,3.9747800827026367,3974.0,0,70.0,1.6978373769998143,3.9747800827026367,1,1,0,1.0566622335352516,-0.35989874601364136,-0.39160361886024475,0.03590914234519005,-0.0006541612092405558,0.0004965204861946404,-0.00046694575576111674,-0.016717514023184776,0.0028736679814755917,0.0010225865989923477,-0.004060135222971439,-0.036590591073036194,0.008120741695165634,-0.010368787985329777,-0.04433569864378257,0.9243425710720998,-0.35989874601364136,-0.39160361886024475,0.03590914234519005,0.9243425710720998,0.0,0.0,0.0,0.0,0.0,0.0,0.0007674444019896436,0.00017960893709932413,-0.0009649280870385142,0.0,0.0,0.0,-0.010368787985329777,-0.04433569864378257,0.9243425710720998,0.0,0.0,0.0,0.0,0.0,0.0,zero,0.0,0.0,0.0,0.0,0.0007674444019896436,0.00017960893709932413,-0.0009649280870385142,-0.00747513951812728,-0.014375764335387632,0.00164996773703453,1,0.007645845413208008,,,,,,,,,,,,,,,,,,,,,,1.803277861999959,5,radio://0/80/2M/E7E7E7E705,4.1887902047863905,aborted,cf4 起飞前预检失败（电压或 EKF 对齐）,0.0,0.0,0.0,0,0.0,global_abort:cf4 起飞前预检失败（电压或 EKF 对齐）,,,,,
1.8175225970007887,1788688522.562112,control,aborted,1,1,0.002313241000592825,3.8850440979003906,3885.0,0,40.0,1.7889941260000342,3.8850440979003906,1,1,0,1.0810688100734358,0.4681227207183838,-0.042363524436950684,0.04534002020955086,-0.0018919920548796654,-0.0010774042457342148,0.0018242555670440197,-0.08734375983476639,-0.06788826733827591,0.1077011227607727,0.02503507398068905,0.003984624054282904,-0.014941542409360409,-0.05167807147729429,-0.0016878784052229991,3.0410288071863,0.4681227207183838,-0.042363524436950684,0.04534002020955086,3.0410288071863,0.0,0.0,0.0,0.0,0.0,0.0,-0.0007538326390755615,-0.0003048962512705303,0.0003757954221259457,0.0,0.0,0.0,-0.05167807147729429,-0.0016878784052229991,3.0410288071863,0.0,0.0,0.0,0.0,0.0,0.0,zero,0.0,0.0,0.0,0.0,-0.0007538326390755615,-0.0003048962512705303,0.0003757954221259457,-0.03973974867343836,-0.019261397667694018,-0.0907437998299705,1,0.00293731689453125,,,,,,,,,,,,,,,,,,,,,,1.8175225970007887,2,radio://0/80/2M/E7E7E7E702,0.0,aborted,cf4 起飞前预检失败（电压或 EKF 对齐）,0.0,0.0,0.0,0,0.0,global_abort:cf4 起飞前预检失败（电压或 EKF 对齐）,,,,,
1.8175225970007887,1788688522.5623596,control,aborted,1,1,0.002521661999708158,3.790029287338257,3790.0,0,20.0,1.7511634349993983,nan,1,0,1,1.0,-0.2223093956708908,0.44940096139907837,0.04247875511646271,-0.003594840643927455,0.0034616633784025908,-0.002262437716126442,-0.21458059549331665,0.19710810482501984,-0.11888862401247025,0.03527374938130379,-0.026666386052966118,0.012964850291609764,0.003166245459173823,0.02459507669755804,-0.9871755982238214,-0.2223093956708908,0.44940096139907837,0.04247875511646271,-0.9871755982238214,0.0,0.0,0.0,0.0,0.0,0.0,3.34366570895609e-05,-0.0005589709163065382,-0.0018698603572817744,0.0,0.0,0.0,0.003166245459173823,0.02459507669755804,-0.9871755982238214,0.0,0.0,0.0,0.0,0.0,0.0,zero,0.0,0.0,0.0,0.0,3.34366570895609e-05,-0.0005589709163065382,-0.0018698603572817744,-0.04988262057076743,0.04508802088968615,0.029960720275363065,1,0.003184795379638672,,,,,,,,,,,,,,,,,,,,,,1.8175225970007887,4,radio://0/80/2M/E7E7E7E704,2.0943951023931953,aborted,cf4 起飞前预检失败（电压或 EKF 对齐）,0.0,0.0,0.0,0,0.0,global_abort:cf4 起飞前预检失败（电压或 EKF 对齐）,,,,,
1.8175225970007887,1788688522.562575,control,aborted,1,1,0.0021286760002112715,3.9747800827026367,3974.0,0,70.0,1.712082112000644,3.9747800827026367,1,1,0,1.0566622335352516,-0.35983386635780334,-0.39164337515830994,0.03593993932008743,0.0012401926796883345,-0.0014892640756443143,0.0002523588773328811,0.060068294405937195,-0.09525018185377121,0.020166397094726562,-0.01615641638636589,0.02589033916592598,-0.011099403724074364,-0.010128469176972053,-0.04239758652229458,0.9238945481449882,-0.35983386635780334,-0.39164337515830994,0.03593993932008743,0.9238945481449882,0.0,0.0,0.0,0.0,0.0,0.0,0.0003041108290204351,0.00018947009510647571,-0.0007688774734070482,0.0,0.0,0.0,-0.010128469176972053,-0.04239758652229458,0.9238945481449882,0.0,0.0,0.0,0.0,0.0,0.0,zero,0.0,0.0,0.0,0.0,0.0003041108290204351,0.00018947009510647571,-0.0007688774734070482,-0.05554809006042692,0.0001105898962105193,0.02588990159248937,1,0.0034003257751464844,,,,,,,,,,,,,,,,,,,,,,1.8175225970007887,5,radio://0/80/2M/E7E7E7E705,4.1887902047863905,aborted,cf4 起飞前预检失败（电压或 EKF 对齐）,0.0,0.0,0.0,0,0.0,global_abort:cf4 起飞前预检失败（电压或 EKF 对齐）,,,,,
1.8317894669999077,1788688522.5763872,control,aborted,1,1,0.007458152998879086,3.8850440979003906,3885.0,0,40.0,1.8032609959991532,3.8850440979003906,1,1,0,1.0810688100734358,0.46816229820251465,-0.04235457256436348,0.04532693326473236,-0.0006024300819262862,-0.0006558309542015195,0.0011581132421270013,-0.040186360478401184,-0.044605039060115814,0.07082478702068329,0.00018340907990932465,0.02457314357161522,-0.00535398768261075,-0.052540335214154264,-0.0007453068457607674,3.0412666785194915,0.46816229820251465,-0.04235457256436348,0.04532693326473236,3.0412666785194915,0.0,0.0,0.0,0.0,0.0,0.0,-0.0008966359461249187,-0.0003818605729013543,0.00026693952306337283,0.0,0.0,0.0,-0.052540335214154264,-0.0007453068457607674,3.0412666785194915,0.0,0.0,0.0,0.0,0.0,0.0,zero,0.0,0.0,0.0,0.0,-0.0008966359461249187,-0.0003818605729013543,0.00026693952306337283,-0.016438249086652215,-0.008859449517618129,-0.012530524819873908,1,0.00852513313293457,,,,,,,,,,,,,,,,,,,,,,1.8317894669999077,2,radio://0/80/2M/E7E7E7E702,0.0,aborted,cf4 起飞前预检失败（电压或 EKF 对齐）,0.0,0.0,0.0,0,0.0,global_abort:cf4 起飞前预检失败（电压或 EKF 对齐）,,,,,
1.8317894669999077,1788688522.57671,control,aborted,1,1,0.008208874000047217,3.790029287338257,3790.0,0,20.0,1.7654303049985174,nan,1,0,1,1.0,-0.22232575714588165,0.44939297437667847,0.042488839477300644,-0.003252550959587097,0.002585451351478696,-0.001577785355038941,-0.1637841910123825,0.13751409947872162,-0.07934864610433578,0.027132704854011536,-0.04507722333073616,0.02073087729513645,0.0031298177912675775,0.023562312461093034,-0.9867287560510101,-0.22232575714588165,0.44939297437667847,0.042488839477300644,-0.9867287560510101,0.0,0.0,0.0,0.0,0.0,0.0,-0.0003584832843903987,-0.00013905353307121725,-0.0017766518521292274,0.0,0.0,0.0,0.0031298177912675775,0.023562312461093034,-0.9867287560510101,0.0,0.0,0.0,0.0,0.0,0.0,zero,0.0,0.0,0.0,0.0,-0.0003584832843903987,-0.00013905353307121725,-0.0017766518521292274,-0.04511434471084778,0.04833716168107802,0.01072933573003673,1,0.008847951889038086,,,,,,,,,,,,,,,,,,,,,,1.8317894669999077,4,radio://0/80/2M/E7E7E7E704,2.0943951023931953,aborted,cf4 起飞前预检失败（电压或 EKF 对齐）,0.0,0.0,0.0,0,0.0,global_abort:cf4 起飞前预检失败（电压或 EKF 对齐）,,,,,
1.8317894669999077,1788688522.5769432,control,aborted,1,1,0.007921383999928366,3.9747800827026367,3974.0,0,70.0,1.726348981999763,3.9747800827026367,1,1,0,1.0566622335352516,-0.3598273694515228,-0.39162611961364746,0.035951439291238785,0.0011417276691645384,-0.0007941494695842266,0.0004666425520554185,0.0457877479493618,-0.06019703298807144,0.021066416054964066,-0.015893705189228058,0.012704425491392612,-0.008976951241493225,-0.010257383848546282,-0.0427454408049236,0.9238938792605672,-0.3598273694515228,-0.39162611961364746,0.035951439291238785,0.9238938792605672,0.0,0.0,0.0,0.0,0.0,0.0,0.0002522470799135856,6.899165252999939e-05,-0.0005972630067777674,0.0,0.0,0.0,-0.010257383848546282,-0.0427454408049236,0.9238938792605672,0.0,0.0,0.0,0.0,0.0,0.0,zero,0.0,0.0,0.0,0.0,0.0002522470799135856,6.899165252999939e-05,-0.0005972630067777674,-0.00597009441869131,-0.013868408859463869,0.019754734029724157,1,0.009081125259399414,,,,,,,,,,,,,,,,,,,,,,1.8317894669999077,5,radio://0/80/2M/E7E7E7E705,4.1887902047863905,aborted,cf4 起飞前预检失败（电压或 EKF 对齐）,0.0,0.0,0.0,0,0.0,global_abort:cf4 起飞前预检失败（电压或 EKF 对齐）,,,,,
1.8461387280003692,1788688522.5907323,control,aborted,1,1,0.004263955999704194,3.8850440979003906,3885.0,0,40.0,1.8176102569996146,3.8850440979003906,1,1,0,1.0810688100734358,0.4681417644023895,-0.04236613214015961,0.04533287510275841,-0.0007152729667723179,-0.0006560180918313563,0.0009940086165443063,-0.033431340008974075,-0.03568615764379501,0.05479508265852928,-0.00209813192486763,0.009033072739839554,-0.003162686713039875,-0.052738069899210274,-0.0016739009656555892,3.0414143585910196,0.4681417644023895,-0.04236613214015961,0.04533287510275841,3.0414143585910196,0.0,0.0,0.0,0.0,0.0,0.0,-0.000966468359464965,-0.0005526100247112863,0.0006178616326055776,0.0,0.0,0.0,-0.052738069899210274,-0.0016739009656555892,3.0414143585910196,0.0,0.0,0.0,0.0,0.0,0.0,zero,0.0,0.0,0.0,0.0,-0.000966468359464965,-0.0005526100247112863,0.0006178616326055776,-0.003967576102323257,-0.009701246342253838,0.019937878543831968,1,0.005269527435302734,,,,,,,,,,,,,,,,,,,,,,1.8461387280003692,2,radio://0/80/2M/E7E7E7E702,0.0,aborted,cf4 起飞前预检失败（电压或 EKF 对齐）,0.0,0.0,0.0,0,0.0,global_abort:cf4 起飞前预检失败（电压或 EKF 对齐）,,,,,
1.8461387280003692,1788688522.5911186,control,aborted,1,1,0.004449820999070653,3.790029287338257,3790.0,0,20.0,1.7797795659989788,nan,1,0,1,1.0,-0.22231586277484894,0.449393093585968,0.04247274249792099,-0.0024896094109863043,0.002069715643301606,-0.0014451409224420786,-0.12235792726278305,0.10415089130401611,-0.06197165697813034,0.002477245405316353,-0.023727070540189743,0.006222729571163654,0.0014156764936754957,0.02464988169798559,-0.9876384401405394,-0.22231586277484894,0.449393093585968,0.04247274249792099,-0.9876384401405394,0.0,0.0,0.0,0.0,0.0,0.0,-0.001554780739913783,0.001076527233421397,-0.0017218974051875235,0.0,0.0,0.0,0.0014156764936754957,0.02464988169798559,-0.9876384401405394,0.0,0.0,0.0,0.0,0.0,0.0,zero,0.0,0.0,0.0,0.0,-0.001554780739913783,0.001076527233421397,-0.0017218974051875235,-0.06796845431493644,0.0690640487547653,0.003110911177077284,1,0.005655765533447266,,,,,,,,,,,,,,,,,,,,,,1.8461387280003692,4,radio://0/80/2M/E7E7E7E704,2.0943951023931953,aborted,cf4 起飞前预检失败（电压或 EKF 对齐）,0.0,0.0,0.0,0,0.0,global_abort:cf4 起飞前预检失败（电压或 EKF 对齐）,,,,,
1.8461387280003692,1788688522.5913563,control,aborted,1,1,0.0047853559990471695,3.9747800827026367,3974.0,0,70.0,1.7406982430002245,3.9747800827026367,1,1,0,1.0566622335352516,-0.35989996790885925,-0.39161890745162964,0.03594539687037468,8.843414252623916e-05,-0.0005533666117116809,0.0003046530473511666,0.024661455303430557,-0.045421574264764786,0.01501242071390152,-0.012100951746106148,0.014797313138842583,-0.012308023869991302,-0.010183967886287167,-0.04234228525410947,0.9234381849595025,-0.35989996790885925,-0.39161890745162964,0.03594539687037468,0.9234381849595025,0.0,0.0,0.0,0.0,0.0,0.0,0.0004828986787268287,-0.0003442951611173618,-0.00016929876214478128,0.0,0.0,0.0,-0.010183967886287167,-0.04234228525410947,0.9234381849595025,0.0,0.0,0.0,0.0,0.0,0.0,zero,0.0,0.0,0.0,0.0,0.0004828986787268287,-0.0003442951611173618,-0.00016929876214478128,0.013104627602627646,-0.02348117166233263,0.02431507989544061,1,0.0058934688568115234,,,,,,,,,,,,,,,,,,,,,,1.8461387280003692,5,radio://0/80/2M/E7E7E7E705,4.1887902047863905,aborted,cf4 起飞前预检失败（电压或 EKF 对齐）,0.0,0.0,0.0,0,0.0,global_abort:cf4 起飞前预检失败（电压或 EKF 对齐）,,,,,
1.8603584930006036,1788688522.6049502,control,aborted,1,1,0.006679886000711122,3.8850440979003906,3885.0,0,40.0,1.8318300219998491,3.8850440979003906,1,1,0,1.0810688100734358,0.4681609570980072,-0.04239152371883392,0.045338355004787445,-0.0002856712671928108,-0.0016408299561589956,0.0004458571784198284,-0.022779859602451324,-0.07051123678684235,0.00571008026599884,-0.0225276667624712,0.034037716686725616,-0.0185198076069355,-0.05307815215915773,-0.0006411681621941795,3.0406025151064306,0.4681609570980072,-0.04239152371883392,0.045338355004787445,3.0406025151064306,0.0,0.0,0.0,0.0,0.0,0.0,-0.0009276809282046331,-0.0007412630761588507,0.0010827999341255885,0.0,0.0,0.0,-0.05307815215915773,-0.0006411681621941795,3.0406025151064306,0.0,0.0,0.0,0.0,0.0,0.0,zero,0.0,0.0,0.0,0.0,-0.0009276809282046331,-0.0007412630761588507,0.0010827999341255885,0.007292292037230645,-0.016627429143335787,0.041044262994583317,1,0.006988525390625,,,,,,,,,,,,,,,,,,,,,,1.8603584930006036,2,radio://0/80/2M/E7E7E7E702,0.0,aborted,cf4 起飞前预检失败（电压或 EKF 对齐）,0.0,0.0,0.0,0,0.0,global_abort:cf4 起飞前预检失败（电压或 EKF 对齐）,,,,,
1.8603584930006036,1788688522.605185,control,aborted,1,1,0.006474252999396413,3.790029287338257,3790.0,0,20.0,1.7939993309992133,nan,1,0,1,1.0,-0.22228169441223145,0.4493337869644165,0.042478591203689575,-0.00023514206986874342,-8.926843293011189e-06,-0.0017241218592971563,0.0029555857181549072,0.01858609914779663,-0.08410564064979553,0.05815635994076729,0.008465820923447609,0.022017808631062508,0.0034384447384604344,0.02499183308219809,-0.987034433116462,-0.22228169441223145,0.4493337869644165,0.042478591203689575,-0.987034433116462,0.0,0.0,0.0,0.0,0.0,0.0,-0.002975126947114842,0.0024445014754248375,-0.0015214788461106997,0.0,0.0,0.0,0.0034384447384604344,0.02499183308219809,-0.987034433116462,0.0,0.0,0.0,0.0,0.0,0.0,zero,0.0,0.0,0.0,0.0,-0.002975126947114842,0.0024445014754248375,-0.0015214788461106997,-0.1197446897880162,0.11267656042058202,0.021849083901436164,1,0.007223367691040039,,,,,,,,,,,,,,,,,,,,,,1.8603584930006036,4,radio://0/80/2M/E7E7E7E704,2.0943951023931953,aborted,cf4 起飞前预检失败（电压或 EKF 对齐）,0.0,0.0,0.0,0,0.0,global_abort:cf4 起飞前预检失败（电压或 EKF 对齐）,,,,,
1.8603584930006036,1788688522.6053886,control,aborted,1,1,0.006272959000853007,3.9747800827026367,3974.0,0,70.0,1.754918008000459,3.9747800827026367,1,1,0,1.0566622335352516,-0.3598836362361908,-0.3916431963443756,0.035953015089035034,-0.00047758675646036863,-0.0003887616330757737,0.0010581063106656075,-0.03860827162861824,0.0006643757224082947,0.05612471327185631,0.0254404004663229,0.05923599749803543,-0.012293023988604546,-0.008733080237154503,-0.04127900472310706,0.9235477049505147,-0.3598836362361908,-0.3916431963443756,0.035953015089035034,0.9235477049505147,0.0,0.0,0.0,0.0,0.0,0.0,0.0007771340805791718,-0.0008968864529642843,0.0003424034452031828,0.0,0.0,0.0,-0.008733080237154503,-0.04127900472310706,0.9235477049505147,0.0,0.0,0.0,0.0,0.0,0.0,zero,0.0,0.0,0.0,0.0,0.0007771340805791718,-0.0008968864529642843,0.0003424034452031828,0.025925040871273567,-0.05001446512847288,0.04425557738040681,1,0.0074269771575927734,,,,,,,,,,,,,,,,,,,,,,1.8603584930006036,5,radio://0/80/2M/E7E7E7E705,4.1887902047863905,aborted,cf4 起飞前预检失败（电压或 EKF 对齐）,0.0,0.0,0.0,0,0.0,global_abort:cf4 起飞前预检失败（电压或 EKF 对齐）,,,,,
1.874606721001328,1788688522.6191907,control,aborted,1,1,0.009792236000066623,3.8850440979003906,3885.0,0,40.0,1.8460782500005735,3.8850440979003906,1,1,0,1.0810688100734358,0.46818363666534424,-0.04236648976802826,0.045286331325769424,0.0001833878632169217,-0.0008579769055359066,-0.0005882108816877007,-0.009704451076686382,-0.04219017177820206,-0.014213524758815765,-0.018914930522441864,-0.007179882377386093,-0.013036612421274185,-0.053127620664262874,-0.0025278307591308767,3.0408008978715175,0.46818363666534424,-0.04236648976802826,0.045286331325769424,3.0408008978715175,0.0,0.0,0.0,0.0,0.0,0.0,-0.0007555892355453036,-0.000845322363518606,0.0010681074619591847,0.0,0.0,0.0,-0.053127620664262874,-0.0025278307591308767,3.0408008978715175,0.0,0.0,0.0,0.0,0.0,0.0,zero,0.0,0.0,0.0,0.0,-0.0007555892355453036,-0.000845322363518606,0.0010681074619591847,0.015630248481762588,-0.009451197167825266,-0.001334445534374971,1,0.01021885871887207,,,,,,,,,,,,,,,,,,,,,,1.874606721001328,2,radio://0/80/2M/E7E7E7E702,0.0,aborted,cf4 起飞前预检失败（电压或 EKF 对齐）,0.0,0.0,0.0,0,0.0,global_abort:cf4 起飞前预检失败（电压或 EKF 对齐）,,,,,
1.874606721001328,1788688522.6194248,control,aborted,1,1,0.00945657400006894,3.790029287338257,3790.0,0,20.0,1.8082475589999376,nan,1,0,1,1.0,-0.22222967445850372,0.44936391711235046,0.04246021434664726,0.000756715249735862,0.000540106906555593,-0.0017130729975178838,0.02037939243018627,0.024840880185365677,-0.06708383560180664,0.051847293972969055,0.0016564112156629562,0.02457853965461254,0.0037409773178115305,0.024708771061919346,-0.9866519520986206,-0.22222967445850372,0.44936391711235046,0.04246021434664726,-0.9866519520986206,0.0,0.0,0.0,0.0,0.0,0.0,-0.002827669885215804,0.0023314946669740835,-0.0014179915452269798,0.0,0.0,0.0,0.0037409773178115305,0.024708771061919346,-0.9866519520986206,0.0,0.0,0.0,0.0,0.0,0.0,zero,0.0,0.0,0.0,0.0,-0.002827669885215804,0.0023314946669740835,-0.0014179915452269798,0.013392805208994872,-0.010263856836557625,0.009399246428016232,1,0.010452985763549805,,,,,,,,,,,,,,,,,,,,,,1.874606721001328,4,radio://0/80/2M/E7E7E7E704,2.0943951023931953,aborted,cf4 起飞前预检失败（电压或 EKF 对齐）,0.0,0.0,0.0,0,0.0,global_abort:cf4 起飞前预检失败（电压或 EKF 对齐）,,,,,
1.874606721001328,1788688522.6196458,control,aborted,1,1,0.009298259001297993,3.9747800827026367,3974.0,0,70.0,1.7691662360011833,3.9747800827026367,1,1,0,1.0566622335352516,-0.3598843812942505,-0.3916221261024475,0.0359216034412384,-0.00039560176082886755,7.168564479798079e-05,0.00027596106519922614,-0.029397539794445038,0.008894519880414009,0.030693810433149338,0.024299336597323418,0.060463760048151016,-0.0010492140427231789,-0.008535312836863283,-0.0405549758766432,0.9240255399176818,-0.3598843812942505,-0.3916221261024475,0.0359216034412384,0.9240255399176818,0.0,0.0,0.0,0.0,0.0,0.0,0.0007202648483797431,-0.0009698560383181028,0.0004748139820011586,0.0,0.0,0.0,-0.008535312836863283,-0.0405549758766432,0.9240255399176818,0.0,0.0,0.0,0.0,0.0,0.0,zero,0.0,0.0,0.0,0.0,0.0007202648483797431,-0.0009698560383181028,0.0004748139820011586,-0.005165154787591872,-0.006627471280378133,0.012026202774662126,1,0.010673999786376953,,,,,,,,,,,,,,,,,,,,,,1.874606721001328,5,radio://0/80/2M/E7E7E7E705,4.1887902047863905,aborted,cf4 起飞前预检失败（电压或 EKF 对齐）,0.0,0.0,0.0,0,0.0,global_abort:cf4 起飞前预检失败（电压或 EKF 对齐）,,,,,
1.8889349450000736,1788688522.6335435,control,aborted,1,1,0.0019644209987745853,3.8850440979003906,3885.0,0,40.0,1.8604064739993191,3.8850440979003906,1,1,0,1.0810688100734358,0.4681520462036133,-0.04236713796854019,0.045350056141614914,0.00025836663553491235,-0.0008876498905010521,0.001109295291826129,0.010402590036392212,-0.03508780896663666,0.03211824223399162,-0.0009317563381046057,0.013026174157857895,-0.015149099752306938,-0.05226056558188629,-0.0014494519455369886,3.040911230737261,0.4681520462036133,-0.04236713796854019,0.045350056141614914,3.040911230737261,0.0,0.0,0.0,0.0,0.0,0.0,-0.00034123441135912866,-0.0009382023924735716,0.00040155828486232534,0.0,0.0,0.0,-0.05226056558188629,-0.0014494519455369886,3.040911230737261,0.0,0.0,0.0,0.0,0.0,0.0,zero,0.0,0.0,0.0,0.0,-0.00034123441135912866,-0.0009382023924735716,0.00040155828486232534,0.024323356787149086,-0.003160161554155832,-0.040712642673575446,1,0.0027589797973632812,,,,,,,,,,,,,,,,,,,,,,1.8889349450000736,2,radio://0/80/2M/E7E7E7E702,0.0,aborted,cf4 起飞前预检失败（电压或 EKF 对齐）,0.0,0.0,0.0,0,0.0,global_abort:cf4 起飞前预检失败（电压或 EKF 对齐）,,,,,
1.8889349450000736,1788688522.6337948,control,aborted,1,1,0.0022611469994444633,3.790029287338257,3790.0,0,20.0,1.8225757829986833,nan,1,0,1,1.0,-0.22228452563285828,0.44936734437942505,0.042484626173973083,0.0004095809126738459,0.00039172638207674026,-0.0001906397519633174,0.02575775608420372,0.012926449999213219,-0.0033575259149074554,0.032058682292699814,0.02531435713171959,0.011362237855792046,0.0030696749015582093,0.024978355442257565,-0.9869754030542374,-0.22228452563285828,0.44936734437942505,0.042484626173973083,-0.9869754030542374,0.0,0.0,0.0,0.0,0.0,0.0,-0.0011963492050665937,0.0012610820981505035,-0.0014522095652084207,0.0,0.0,0.0,0.0030696749015582093,0.024978355442257565,-0.9869754030542374,0.0,0.0,0.0,0.0,0.0,0.0,zero,0.0,0.0,0.0,0.0,-0.0011963492050665937,0.0012610820981505035,-0.0014522095652084207,0.10138024710967533,-0.06656201454190835,-0.0005077219228109441,1,0.003010272979736328,,,,,,,,,,,,,,,,,,,,,,1.8889349450000736,4,radio://0/80/2M/E7E7E7E704,2.0943951023931953,aborted,cf4 起飞前预检失败（电压或 EKF 对齐）,0.0,0.0,0.0,0,0.0,global_abort:cf4 起飞前预检失败（电压或 EKF 对齐）,,,,,
1.8889349450000736,1788688522.6340091,control,aborted,1,1,0.0017507769989606459,3.9747800827026367,3974.0,0,70.0,1.783494459999929,3.9747800827026367,1,1,0,1.0566622335352516,-0.3598301112651825,-0.3916231095790863,0.03593879193067551,0.001361694186925888,0.0007677418179810047,0.0004279735148884356,0.03005923144519329,0.03547478839755058,0.021697547286748886,0.029847130179405212,0.06517346948385239,-0.016677217558026314,-0.008601431346060048,-0.040764115937850995,0.9233373376878775,-0.3598301112651825,-0.3916231095790863,0.03593879193067551,0.9233373376878775,0.0,0.0,0.0,0.0,0.0,0.0,0.00013262495555676693,-0.0006072791950581204,0.0005629943329340617,0.0,0.0,0.0,-0.008601431346060048,-0.040764115937850995,0.9233373376878775,0.0,0.0,0.0,0.0,0.0,0.0,zero,0.0,0.0,0.0,0.0,0.00013262495555676693,-0.0006072791950581204,0.0005629943329340617,-0.03406605165820462,0.024518522504798315,0.003661890376588288,1,0.003224611282348633,,,,,,,,,,,,,,,,,,,,,,1.8889349450000736,5,radio://0/80/2M/E7E7E7E705,4.1887902047863905,aborted,cf4 起飞前预检失败（电压或 EKF 对齐）,0.0,0.0,0.0,0,0.0,global_abort:cf4 起飞前预检失败（电压或 EKF 对齐）,,,,,
1.903308963001109,1788688522.6478975,control,aborted,1,1,0.00819899400084978,3.8850440979003906,3885.0,0,40.0,1.8747804920003546,3.8850440979003906,1,1,0,1.0810688100734358,0.4681524932384491,-0.04233144596219063,0.04536718875169754,0.0002173299144487828,0.00013912393478676677,0.0012950839009135962,0.007345657795667648,-0.003639528527855873,0.030115187168121338,-0.014986482448875904,-0.014055256731808186,-0.01773717626929283,-0.05285873256900809,-0.0024891212064143938,3.04072948336677,0.4681524932384491,-0.04233144596219063,0.04536718875169754,3.04072948336677,0.0,0.0,0.0,0.0,0.0,0.0,-0.00019905336412715354,-0.0009061820559762253,0.0002720242512719786,0.0,0.0,0.0,-0.05285873256900809,-0.0024891212064143938,3.04072948336677,0.0,0.0,0.0,0.0,0.0,0.0,zero,0.0,0.0,0.0,0.0,-0.00019905336412715354,-0.0009061820559762253,0.0002720242512719786,0.016915346337519847,0.003809474555443638,-0.015410725151726727,1,0.008707523345947266,,,,,,,,,,,,,,,,,,,,,,1.903308963001109,2,radio://0/80/2M/E7E7E7E702,0.0,aborted,cf4 起飞前预检失败（电压或 EKF 对齐）,0.0,0.0,0.0,0,0.0,global_abort:cf4 起飞前预检失败（电压或 EKF 对齐）,,,,,
1.903308963001109,1788688522.6481285,control,aborted,1,1,0.008391180001126486,3.790029287338257,3790.0,0,20.0,1.8369498009997187,nan,1,0,1,1.0,-0.22231754660606384,0.449396550655365,0.04247039556503296,-0.0004580254608299583,0.0010083055822178721,-0.0004911102005280554,-3.73348593711853e-05,0.02501184120774269,-0.009835315868258476,0.010155050083994865,0.00708173681050539,0.007627612445503473,0.0024170264235767102,0.02442502960547326,-0.9870383983977,-0.22231754660606384,0.449396550655365,0.04247039556503296,-0.9870383983977,0.0,0.0,0.0,0.0,0.0,0.0,-0.0006392981944875124,0.0009012335133226686,-0.0013635044165564848,0.0,0.0,0.0,0.0024170264235767102,0.02442502960547326,-0.9870383983977,0.0,0.0,0.0,0.0,0.0,0.0,zero,0.0,0.0,0.0,0.0,-0.0006392981944875124,0.0009012335133226686,-0.0013635044165564848,0.06627262180898831,-0.042811356083895254,0.010553293428206198,1,0.00893855094909668,,,,,,,,,,,,,,,,,,,,,,1.903308963001109,4,radio://0/80/2M/E7E7E7E704,2.0943951023931953,aborted,cf4 起飞前预检失败（电压或 EKF 对齐）,0.0,0.0,0.0,0,0.0,global_abort:cf4 起飞前预检失败（电压或 EKF 对齐）,,,,,
1.903308963001109,1788688522.6483297,control,aborted,1,1,0.00802728500093508,3.9747800827026367,3974.0,0,70.0,1.7978684780009644,3.9747800827026367,1,1,0,1.0566622335352516,-0.3598710894584656,-0.39165163040161133,0.03593038395047188,0.00011433369945734739,-6.442161975428462e-05,0.00014232212561182678,-0.00563189759850502,0.008579609915614128,0.010561343282461166,0.020571229979395866,0.052132658660411835,0.00044325925409793854,-0.00876402382304502,-0.040759339892823085,0.9239171125945718,-0.3598710894584656,-0.39165163040161133,0.03593038395047188,0.9239171125945718,0.0,0.0,0.0,0.0,0.0,0.0,3.7834060278172255e-05,-0.000412323448431563,0.0005558365796074127,0.0,0.0,0.0,-0.00876402382304502,-0.040759339892823085,0.9239171125945718,0.0,0.0,0.0,0.0,0.0,0.0,zero,0.0,0.0,0.0,0.0,3.7834060278172255e-05,-0.000412323448431563,0.0005558365796074127,-0.01127731757851626,0.02319397724858194,-0.0008515612936881837,1,0.009139776229858398,,,,,,,,,,,,,,,,,,,,,,1.903308963001109,5,radio://0/80/2M/E7E7E7E705,4.1887902047863905,aborted,cf4 起飞前预检失败（电压或 EKF 对齐）,0.0,0.0,0.0,0,0.0,global_abort:cf4 起飞前预检失败（电压或 EKF 对齐）,,,,,
1.917559939000057,1788688522.662165,control,aborted,1,1,0.0006029099986335495,3.8850440979003906,3885.0,0,40.0,1.8890314679993025,3.8850440979003906,1,1,0,1.0810688100734358,0.46816086769104004,-0.042334988713264465,0.04532499611377716,0.0002699235628824681,0.0007463610963895917,0.001045889570377767,0.0055970014072954655,0.029136136174201965,0.0380321629345417,0.020037688314914703,-0.0007066205143928528,0.002992343157529831,-0.05183092463033343,-0.0015534998473444354,3.0413961030983607,0.46816086769104004,-0.042334988713264465,0.04532499611377716,3.0413961030983607,0.0,0.0,0.0,0.0,0.0,0.0,0.00014512683015209776,-0.0004690434956975847,0.0005868013740696831,0.0,0.0,0.0,-0.05183092463033343,-0.0015534998473444354,3.0413961030983607,0.0,0.0,0.0,0.0,0.0,0.0,zero,0.0,0.0,0.0,0.0,0.00014512683015209776,-0.0004690434956975847,0.0005868013740696831,0.025876094446912298,0.035249276088543065,0.02362796366821296,1,0.0012364387512207031,,,,,,,,,,,,,,,,,,,,,,1.917559939000057,2,radio://0/80/2M/E7E7E7E702,0.0,aborted,cf4 起飞前预检失败（电压或 EKF 对齐）,0.0,0.0,0.0,0,0.0,global_abort:cf4 起飞前预检失败（电压或 EKF 对齐）,,,,,
1.917559939000057,1788688522.6624062,control,aborted,1,1,0.0004343170003267005,3.790029287338257,3790.0,0,20.0,1.8512007769986667,nan,1,0,1,1.0,-0.22225137054920197,0.44936463236808777,0.04250471293926239,0.0017138824332505465,0.00024471283541060984,0.0006691306480206549,0.06932152062654495,0.0033652125857770443,0.028875606134533882,0.0076837120577692986,0.018255144357681274,0.004298325628042221,0.002939545219483633,0.024611841840543137,-0.9872717027559643,-0.22225137054920197,0.44936463236808777,0.04250471293926239,-0.9872717027559643,0.0,0.0,0.0,0.0,0.0,0.0,-7.986277778327657e-06,0.0005608375016409468,-0.0007079170688125733,0.0,0.0,0.0,0.002939545219483633,0.024611841840543137,-0.9872717027559643,0.0,0.0,0.0,0.0,0.0,0.0,zero,0.0,0.0,0.0,0.0,-7.986277778327657e-06,0.0005608375016409468,-0.0007079170688125733,0.047576461777713526,-0.025136074848217296,0.05164249347523146,1,0.0014777183532714844,,,,,,,,,,,,,,,,,,,,,,1.917559939000057,4,radio://0/80/2M/E7E7E7E704,2.0943951023931953,aborted,cf4 起飞前预检失败（电压或 EKF 对齐）,0.0,0.0,0.0,0,0.0,global_abort:cf4 起飞前预检失败（电压或 EKF 对齐）,,,,,
1.917559939000057,1788688522.6626124,control,aborted,1,1,0.0007875179999246029,3.9747800827026367,3974.0,0,70.0,1.8121194539999124,3.9747800827026367,1,1,0,1.0566622335352516,-0.35985109210014343,-0.391618549823761,0.0359356626868248,0.0024641682393848896,0.0011404728284105659,0.00010512722656130791,0.09954513609409332,0.047323692589998245,0.004058849066495895,0.05140749365091324,0.050967101007699966,0.022736206650733948,-0.007662991084839747,-0.040003929562676836,0.9245442719868727,-0.35985109210014343,-0.391618549823761,0.0359356626868248,0.9245442719868727,0.0,0.0,0.0,0.0,0.0,0.0,8.010778845800826e-05,3.8129332884484436e-05,0.00035518285984531675,0.0,0.0,0.0,-0.007662991084839747,-0.040003929562676836,0.9245442719868727,0.0,0.0,0.0,0.0,0.0,0.0,zero,0.0,0.0,0.0,0.0,8.010778845800826e-05,3.8129332884484436e-05,0.00035518285984531675,0.004120540815468589,0.03420661002805498,-0.015848094637798314,1,0.001683950424194336,,,,,,,,,,,,,,,,,,,,,,1.917559939000057,5,radio://0/80/2M/E7E7E7E705,4.1887902047863905,aborted,cf4 起飞前预检失败（电压或 EKF 对齐）,0.0,0.0,0.0,0,0.0,global_abort:cf4 起飞前预检失败（电压或 EKF 对齐）,,,,,
1.931756801001029,1788688522.676352,control,aborted,1,1,0.007786854001096799,3.8850440979003906,3885.0,0,40.0,1.9032283300002746,3.8850440979003906,1,1,0,1.0810688100734358,0.46813273429870605,-0.04235465079545975,0.04531555250287056,-0.000584245310164988,3.784999717026949e-05,0.0005681116599589586,-0.019817102700471878,0.003157077357172966,0.01683652773499489,-0.011991025879979134,-0.0012400876730680466,-0.003382031572982669,-0.052815793703054184,-0.0015878128895611841,3.0411945469012167,0.46813273429870605,-0.04235465079545975,0.04531555250287056,3.0411945469012167,0.0,0.0,0.0,0.0,0.0,0.0,0.00023453616217562452,-0.0002764933988262873,0.0006846679298298684,0.0,0.0,0.0,-0.052815793703054184,-0.0015878128895611841,3.0411945469012167,0.0,0.0,0.0,0.0,0.0,0.0,zero,0.0,0.0,0.0,0.0,0.00023453616217562452,-0.0002764933988262873,0.0006846679298298684,0.01271435561768457,0.02738137452136532,0.013917005807464598,1,0.008391380310058594,,,,,,,,,,,,,,,,,,,,,,1.931756801001029,2,radio://0/80/2M/E7E7E7E702,0.0,aborted,cf4 起飞前预检失败（电压或 EKF 对齐）,0.0,0.0,0.0,0,0.0,global_abort:cf4 起飞前预检失败（电压或 EKF 对齐）,,,,,
1.931756801001029,1788688522.6765943,control,aborted,1,1,0.00797947600040061,3.790029287338257,3790.0,0,20.0,1.8653976389996387,nan,1,0,1,1.0,-0.22227679193019867,0.44935372471809387,0.042441751807928085,0.0006480581942014396,-0.00011447064753156155,-0.001255467883311212,0.025142503902316093,-0.007523908279836178,-0.03163992613554001,0.00981889571994543,0.025944069027900696,-0.0012336017098277807,0.003064597264906625,0.025011032414774682,-0.9874348479334721,-0.22227679193019867,0.44935372471809387,0.042441751807928085,-0.9874348479334721,0.0,0.0,0.0,0.0,0.0,0.0,0.0002455389436598394,0.00043923119420777486,-0.00046380352336659143,0.0,0.0,0.0,0.003064597264906625,0.025011032414774682,-0.9874348479334721,0.0,0.0,0.0,0.0,0.0,0.0,zero,0.0,0.0,0.0,0.0,0.0002455389436598394,0.00043923119420777486,-0.00046380352336659143,0.036052274974707234,-0.01729289105584617,0.0347138979528145,1,0.008633613586425781,,,,,,,,,,,,,,,,,,,,,,1.931756801001029,4,radio://0/80/2M/E7E7E7E704,2.0943951023931953,aborted,cf4 起飞前预检失败（电压或 EKF 对齐）,0.0,0.0,0.0,0,0.0,global_abort:cf4 起飞前预检失败（电压或 EKF 对齐）,,,,,
1.931756801001029,1788688522.6768017,control,aborted,1,1,0.007585016999655636,3.9747800827026367,3974.0,0,70.0,1.8263163160008844,3.9747800827026367,1,1,0,1.0566622335352516,-0.3598526120185852,-0.3916148543357849,0.035908978432416916,0.001928104436956346,0.0010174871422350407,-0.0006748652667738497,0.06438911706209183,0.03436093404889107,-0.018937863409519196,0.023892683908343315,0.01569608598947525,-0.00910884328186512,-0.008230333829621473,-0.04089322384203251,0.9235907351105362,-0.3598526120185852,-0.3916148543357849,0.035908978432416916,0.9235907351105362,0.0,0.0,0.0,0.0,0.0,0.0,0.00020795721068041776,0.0002259114562830575,0.000263093622112266,0.0,0.0,0.0,-0.008230333829621473,-0.04089322384203251,0.9235907351105362,0.0,0.0,0.0,0.0,0.0,0.0,zero,0.0,0.0,0.0,0.0,0.00020795721068041776,0.0002259114562830575,0.000263093622112266,0.01818068632056759,0.026703350103377814,-0.013095448658439928,1,0.00884103775024414,,,,,,,,,,,,,,,,,,,,,,1.931756801001029,5,radio://0/80/2M/E7E7E7E705,4.1887902047863905,aborted,cf4 起飞前预检失败（电压或 EKF 对齐）,0.0,0.0,0.0,0,0.0,global_abort:cf4 起飞前预检失败（电压或 EKF 对齐）,,,,,
1.9461432180014526,1788688522.6907432,control,aborted,1,1,0.003381619000720093,3.8850440979003906,3885.0,0,40.0,1.9176147470006981,3.8850440979003906,1,1,0,1.0810688100734358,0.46815094351768494,-0.042363040149211884,0.04533550143241882,-0.0002757158363237977,-5.803102976642549e-05,0.0006644829409196973,-0.01260592881590128,0.0015163645148277283,0.0144836800172925,-0.01040087454020977,0.008823174051940441,-0.0022301888093352318,-0.0528925501334106,-0.0006543021525348571,3.041190390487433,0.46815094351768494,-0.042363040149211884,0.04533550143241882,3.041190390487433,0.0,0.0,0.0,0.0,0.0,0.0,3.431418252493249e-05,-1.4491154012887398e-05,0.0007268522840596941,0.0,0.0,0.0,-0.0528925501334106,-0.0006543021525348571,3.041190390487433,0.0,0.0,0.0,0.0,0.0,0.0,zero,0.0,0.0,0.0,0.0,3.431418252493249e-05,-1.4491154012887398e-05,0.0007268522840596941,-0.010539291811661558,0.0137912836453631,0.002220501564764626,1,0.0037848949432373047,,,,,,,,,,,,,,,,,,,,,,1.9461432180014526,2,radio://0/80/2M/E7E7E7E702,0.0,aborted,cf4 起飞前预检失败（电压或 EKF 对齐）,0.0,0.0,0.0,0,0.0,global_abort:cf4 起飞前预检失败（电压或 EKF 对齐）,,,,,
1.9461432180014526,1788688522.6910195,control,aborted,1,1,0.002615952000269317,3.790029287338257,3790.0,0,20.0,1.8797840560000623,nan,1,0,1,1.0,-0.22225631773471832,0.44930747151374817,0.042491134256124496,0.0007339693838730454,-0.0005784636014141142,-0.00048454711213707924,0.02101835235953331,-0.010903375223279,-0.01719679869711399,0.00923319160938263,0.01485131774097681,0.006306386087089777,0.0032126066136871187,0.024447997318579495,-0.9867435342478409,-0.22225631773471832,0.44930747151374817,0.042491134256124496,-0.9867435342478409,0.0,0.0,0.0,0.0,0.0,0.0,0.0006228660398637437,0.00015080808593295237,-0.00043852754439074545,0.0,0.0,0.0,0.0032126066136871187,0.024447997318579495,-0.9867435342478409,0.0,0.0,0.0,0.0,0.0,0.0,zero,0.0,0.0,0.0,0.0,0.0006228660398637437,0.00015080808593295237,-0.00043852754439074545,0.019861757346909224,-0.015182026012518775,0.0013304778961660939,1,0.004061222076416016,,,,,,,,,,,,,,,,,,,,,,1.9461432180014526,4,radio://0/80/2M/E7E7E7E704,2.0943951023931953,aborted,cf4 起飞前预检失败（电压或 EKF 对齐）,0.0,0.0,0.0,0,0.0,global_abort:cf4 起飞前预检失败（电压或 EKF 对齐）,,,,,
1.9461432180014526,1788688522.691237,control,aborted,1,1,0.0028158830009488156,3.9747800827026367,3974.0,0,70.0,1.840702733001308,3.9747800827026367,1,1,0,1.0566622335352516,-0.3598879873752594,-0.3916495740413666,0.0359453409910202,0.0011701027397066355,0.0004485107201617211,-0.00015711961896158755,0.04353214427828789,0.021499384194612503,-0.009700210765004158,0.005030417814850807,-0.004448535852134228,-0.006443806458264589,-0.009572202823725083,-0.042507926898419576,0.9236853415637314,-0.3598879873752594,-0.3916495740413666,0.0359453409910202,0.9236853415637314,0.0,0.0,0.0,0.0,0.0,0.0,0.0009668851098049135,0.0005782481489402023,-3.064356565630353e-05,0.0,0.0,0.0,-0.009572202823725083,-0.042507926898419576,0.9236853415637314,0.0,0.0,0.0,0.0,0.0,0.0,zero,0.0,0.0,0.0,0.0,0.0009668851098049135,0.0005782481489402023,-3.064356565630353e-05,0.03994847422265341,0.018546311580515458,-0.015461748721247738,1,0.004278659820556641,,,,,,,,,,,,,,,,,,,,,,1.9461432180014526,5,radio://0/80/2M/E7E7E7E705,4.1887902047863905,aborted,cf4 起飞前预检失败（电压或 EKF 对齐）,0.0,0.0,0.0,0,0.0,global_abort:cf4 起飞前预检失败（电压或 EKF 对齐）,,,,,
1.9603606489999947,1788688522.7049716,control,aborted,1,1,0.0008450799996353453,3.8850440979003906,3885.0,0,40.0,1.9318321779992402,3.8850440979003906,1,1,0,1.0810688100734358,0.46816185116767883,-0.04235479235649109,0.04534154385328293,0.00013865047367289662,0.0004946709959767759,0.001201322884298861,0.007721357978880405,0.031579017639160156,0.05063031613826752,0.017687544226646423,-0.02621546946465969,-0.0030406303703784943,-0.05248991828925261,-0.0017752327035846665,3.040873827496625,0.46816185116767883,-0.04235479235649109,0.04534154385328293,3.040873827496625,0.0,0.0,0.0,0.0,0.0,0.0,-0.0001769829389001242,0.00035729237662312607,0.0009265589126047106,0.0,0.0,0.0,-0.05248991828925261,-0.0017752327035846665,3.040873827496625,0.0,0.0,0.0,0.0,0.0,0.0,zero,0.0,0.0,0.0,0.0,-0.0001769829389001242,0.00035729237662312607,0.0009265589126047106,-0.0035064903976536267,0.012378690312704258,0.012497447781761156,1,0.0014004707336425781,,,,,,,,,,,,,,,,,,,,,,1.9603606489999947,2,radio://0/80/2M/E7E7E7E702,0.0,aborted,cf4 起飞前预检失败（电压或 EKF 对齐）,0.0,0.0,0.0,0,0.0,global_abort:cf4 起飞前预检失败（电压或 EKF 对齐）,,,,,
1.9603606489999947,1788688522.7052364,control,aborted,1,1,0.0010147470002266346,3.790029287338257,3790.0,0,20.0,1.8940014869986044,nan,1,0,1,1.0,-0.22227782011032104,0.4493786692619324,0.04251597449183464,0.0002521257847547531,0.001797356060706079,0.00018795461801346391,0.008175154216587543,0.09021874517202377,0.008151744492352009,0.024924641475081444,0.016140170395374298,-0.0057760560885071754,0.003851068716644981,0.02506959159977767,-0.9872614181842769,-0.22227782011032104,0.4493786692619324,0.04251597449183464,-0.9872614181842769,0.0,0.0,0.0,0.0,0.0,0.0,0.000999046457691003,8.72709707867659e-05,-0.00035500284032503567,0.0,0.0,0.0,0.003851068716644981,0.02506959159977767,-0.9872614181842769,0.0,0.0,0.0,0.0,0.0,0.0,zero,0.0,0.0,0.0,0.0,0.000999046457691003,8.72709707867659e-05,-0.00035500284032503567,0.005754604600691708,0.012942066553558647,0.005219745723758192,1,0.001665353775024414,,,,,,,,,,,,,,,,,,,,,,1.9603606489999947,4,radio://0/80/2M/E7E7E7E704,2.0943951023931953,aborted,cf4 起飞前预检失败（电压或 EKF 对齐）,0.0,0.0,0.0,0,0.0,global_abort:cf4 起飞前预检失败（电压或 EKF 对齐）,,,,,
1.9603606489999947,1788688522.7055464,control,aborted,1,1,0.00065219299904129,3.9747800827026367,3974.0,0,70.0,1.85492016399985,3.9747800827026367,1,1,0,1.0566622335352516,-0.3598966598510742,-0.3916192054748535,0.035936467349529266,0.0020330382976680994,0.0001557823270559311,-0.001231159782037139,0.11109492182731628,-0.02563902549445629,-0.07539556920528412,-0.013148858211934566,4.183780401945114e-05,-0.002028724178671837,-0.009794773683250631,-0.042050823269770894,0.9236973411672573,-0.3598966598510742,-0.3916192054748535,0.035936467349529266,0.9236973411672573,0.0,0.0,0.0,0.0,0.0,0.0,0.002116268359768075,0.0007213324287763746,-0.000643277168687622,0.0,0.0,0.0,-0.009794773683250631,-0.042050823269770894,0.9236973411672573,0.0,0.0,0.0,0.0,0.0,0.0,zero,0.0,0.0,0.0,0.0,0.002116268359768075,0.0007213324287763746,-0.000643277168687622,0.040540034406631245,-0.010018923786395507,-0.028080823102973895,1,0.0019752979278564453,,,,,,,,,,,,,,,,,,,,,,1.9603606489999947,5,radio://0/80/2M/E7E7E7E705,4.1887902047863905,aborted,cf4 起飞前预检失败（电压或 EKF 对齐）,0.0,0.0,0.0,0,0.0,global_abort:cf4 起飞前预检失败（电压或 EKF 对齐）,,,,,
1.974945457001013,1788688522.719578,control,aborted,1,1,0.00058216500110575,3.8850440979003906,3885.0,0,40.0,1.9464169860002585,3.8850440979003906,1,1,0,1.0810688100734358,0.4681759774684906,-0.04237203299999237,0.045323461294174194,0.0002444513374939561,0.00035354855936020613,0.0006204386590979993,0.0013157464563846588,0.032542988657951355,0.025935741141438484,0.010210040956735611,-0.009106874465942383,0.01573503389954567,-0.052385369421327266,-0.0022001740760135505,3.0410363090365284,0.4681759774684906,-0.04237203299999237,0.045323461294174194,3.0410363090365284,0.0,0.0,0.0,0.0,0.0,0.0,-0.00018299565915728288,0.0006219816907483062,0.0011551152110593522,0.0,0.0,0.0,-0.052385369421327266,-0.0022001740760135505,3.0410363090365284,0.0,0.0,0.0,0.0,0.0,0.0,zero,0.0,0.0,0.0,0.0,-0.00018299565915728288,0.0006219816907483062,0.0011551152110593522,0.0020329681253233992,0.012170047150053789,0.00838372410733334,1,0.0010521411895751953,,,,,,,,,,,,,,,,,,,,,,1.974945457001013,2,radio://0/80/2M/E7E7E7E702,0.0,aborted,cf4 起飞前预检失败（电压或 EKF 对齐）,0.0,0.0,0.0,0,0.0,global_abort:cf4 起飞前预检失败（电压或 EKF 对齐）,,,,,
1.974945457001013,1788688522.7198393,control,aborted,1,1,0.010788319999846863,3.790029287338257,3790.0,0,20.0,1.9085862949996226,nan,1,0,1,1.0,-0.22226035594940186,0.44933322072029114,0.042555682361125946,0.0010178242810070515,-0.0006859864806756377,0.002005965681746602,0.04232224076986313,-0.043874941766262054,0.09147949516773224,0.0026373863220214844,0.005563715938478708,-0.013531355187296867,0.003476037269053485,0.02491304424094991,-0.9874527398361771,-0.22226035594940186,0.44933322072029114,0.042555682361125946,-0.9874527398361771,0.0,0.0,0.0,0.0,0.0,0.0,0.0010429452475618154,0.0002476901017887371,-0.0002750879106702649,0.0,0.0,0.0,0.003476037269053485,0.02491304424094991,-0.9874527398361771,0.0,0.0,0.0,0.0,0.0,0.0,zero,0.0,0.0,0.0,0.0,0.0010429452475618154,0.0002476901017887371,-0.0002750879106702649,0.010257081496869729,0.037482402252692996,0.018672358593433434,1,0.011988401412963867,,,,,,,,,,,,,,,,,,,,,,1.974945457001013,4,radio://0/80/2M/E7E7E7E704,2.0943951023931953,aborted,cf4 起飞前预检失败（电压或 EKF 对齐）,0.0,0.0,0.0,0,0.0,global_abort:cf4 起飞前预检失败（电压或 EKF 对齐）,,,,,
1.974945457001013,1788688522.7200592,control,aborted,1,1,0.00021023000044806395,3.9747800827026367,3974.0,0,70.0,1.8695049720008683,3.9747800827026367,1,1,0,1.0566622335352516,-0.3598231077194214,-0.3916456699371338,0.03595783933997154,0.004107033833861351,-0.0006267734570428729,0.0009114061831496656,0.1691010743379593,-0.04243042692542076,0.05718139559030533,0.01597355119884014,0.020821746438741684,0.0017202841117978096,-0.008451193719053974,-0.03981487852496692,0.9234615314512966,-0.3598231077194214,-0.3916456699371338,0.03595783933997154,0.9234615314512966,0.0,0.0,0.0,0.0,0.0,0.0,0.0030363739768766076,0.0003723092095983848,-0.0007363714381505955,0.0,0.0,0.0,-0.008451193719053974,-0.03981487852496692,0.9234615314512966,0.0,0.0,0.0,0.0,0.0,0.0,zero,0.0,0.0,0.0,0.0,0.0030363739768766076,0.0003723092095983848,-0.0007363714381505955,0.04537729499790836,-0.020613530283782665,0.017036533647972578,1,0.0015332698822021484,,,,,,,,,,,,,,,,,,,,,,1.974945457001013,5,radio://0/80/2M/E7E7E7E705,4.1887902047863905,aborted,cf4 起飞前预检失败（电压或 EKF 对齐）,0.0,0.0,0.0,0,0.0,global_abort:cf4 起飞前预检失败（电压或 EKF 对齐）,,,,,
1.9889312550003524,1788688522.7335186,control,aborted,1,1,0.005257180999251432,3.8850440979003906,3885.0,0,40.0,1.9604027839995979,3.8850440979003906,1,1,0,1.0810688100734358,0.4681567847728729,-0.04236314445734024,0.04533100873231888,-0.00021496853150893003,0.0004729637876152992,0.0006577897584065795,-0.008774341084063053,0.02858866937458515,0.021547527983784676,-0.0030873464420437813,0.00483814487233758,0.016842331737279892,-0.05291189309108519,-0.0016236993009858334,3.0412051048405324,0.4681567847728729,-0.04236314445734024,0.04533100873231888,3.0412051048405324,0.0,0.0,0.0,0.0,0.0,0.0,-0.00014343197512950776,0.0006943055639829116,0.001163442463116483,0.0,0.0,0.0,-0.05291189309108519,-0.0016236993009858334,3.0412051048405324,0.0,0.0,0.0,0.0,0.0,0.0,zero,0.0,0.0,0.0,0.0,-0.00014343197512950776,0.0006943055639829116,0.001163442463116483,0.004231274368209325,0.00773492556487833,0.0008905866340005129,1,0.005642414093017578,,,,,,,,,,,,,,,,,,,,,,1.9889312550003524,2,radio://0/80/2M/E7E7E7E702,0.0,aborted,cf4 起飞前预检失败（电压或 EKF 对齐）,0.0,0.0,0.0,0,0.0,global_abort:cf4 起飞前预检失败（电压或 EKF 对齐）,,,,,
1.9889312550003524,1788688522.7337918,control,aborted,1,1,0.0049342120000801515,3.790029287338257,3790.0,0,20.0,1.922572092998962,nan,1,0,1,1.0,-0.22229065001010895,0.44931760430336,0.042510077357292175,0.0001623513817321509,-0.000794815132394433,0.000695355178322643,0.01306852512061596,-0.03169361874461174,0.040332332253456116,0.010910910554230213,0.01913098804652691,-0.004668212495744228,0.0036675339811521306,0.02558835314765205,-0.9873065377355481,-0.22229065001010895,0.44931760430336,0.042510077357292175,-0.9873065377355481,0.0,0.0,0.0,0.0,0.0,0.0,0.0009108167790975864,0.0001924117589804996,0.0002761932551470866,0.0,0.0,0.0,0.0036675339811521306,0.02558835314765205,-0.9873065377355481,0.0,0.0,0.0,0.0,0.0,0.0,zero,0.0,0.0,0.0,0.0,0.0009108167790975864,0.0001924117589804996,0.0002761932551470866,-0.009821308829650679,-0.01014622420565801,0.029249522118457962,1,0.005915641784667969,,,,,,,,,,,,,,,,,,,,,,1.9889312550003524,4,radio://0/80/2M/E7E7E7E704,2.0943951023931953,aborted,cf4 起飞前预检失败（电压或 EKF 对齐）,0.0,0.0,0.0,0,0.0,global_abort:cf4 起飞前预检失败（电压或 EKF 对齐）,,,,,
1.9889312550003524,1788688522.733995,control,aborted,1,1,0.004751181999381515,3.9747800827026367,3974.0,0,70.0,1.8834907700002077,3.9747800827026367,1,1,0,1.0566622335352516,-0.3599194288253784,-0.3916659653186798,0.03595082834362984,0.0012253294698894024,-0.0009355347137898207,0.0005791605217382312,0.07364153861999512,-0.04054871201515198,0.03863842040300369,0.0034238742664456367,0.010227732360363007,0.012262910604476929,-0.008909004649287365,-0.04011104477600973,0.923973510302735,-0.3599194288253784,-0.3916659653186798,0.03595082834362984,0.923973510302735,0.0,0.0,0.0,0.0,0.0,0.0,0.003388469463702461,0.00011496199961879259,-0.0003870912184648597,0.0,0.0,0.0,-0.008909004649287365,-0.04011104477600973,0.923973510302735,0.0,0.0,0.0,0.0,0.0,0.0,zero,0.0,0.0,0.0,0.0,0.003388469463702461,0.00011496199961879259,-0.0003870912184648597,0.037656063766016205,-0.02752288317115211,0.03735497533144884,1,0.0061187744140625,,,,,,,,,,,,,,,,,,,,,,1.9889312550003524,5,radio://0/80/2M/E7E7E7E705,4.1887902047863905,aborted,cf4 起飞前预检失败（电压或 EKF 对齐）,0.0,0.0,0.0,0,0.0,global_abort:cf4 起飞前预检失败（电压或 EKF 对齐）,,,,,
2.0032092110013764,1788688522.7477903,control,aborted,1,1,0.019535137000275427,3.8850440979003906,3885.0,0,40.0,1.9746807400006219,3.8850440979003906,1,1,0,1.0810688100734358,0.4681567847728729,-0.04236314445734024,0.04533100873231888,-0.00021496853150893003,0.0004729637876152992,0.0006577897584065795,-0.008774341084063053,0.02858866937458515,0.021547527983784676,-0.0030873464420437813,0.00483814487233758,0.016842331737279892,-0.05291189309108519,-0.0016236993009858334,3.0412051048405324,0.4681567847728729,-0.04236314445734024,0.04533100873231888,3.0412051048405324,0.0,0.0,0.0,0.0,0.0,0.0,-0.00014343197512950776,0.0006943055639829116,0.001163442463116483,0.0,0.0,0.0,-0.05291189309108519,-0.0016236993009858334,3.0412051048405324,0.0,0.0,0.0,0.0,0.0,0.0,zero,0.0,0.0,0.0,0.0,-0.00014343197512950776,0.0006943055639829116,0.001163442463116483,0.004231274368209325,0.00773492556487833,0.0008905866340005129,1,0.01991415023803711,,,,,,,,,,,,,,,,,,,,,,2.0032092110013764,2,radio://0/80/2M/E7E7E7E702,0.0,aborted,cf4 起飞前预检失败（电压或 EKF 对齐）,0.0,0.0,0.0,0,0.0,global_abort:cf4 起飞前预检失败（电压或 EKF 对齐）,,,,,
2.0032092110013764,1788688522.748021,control,aborted,1,1,0.019212168001104146,3.790029287338257,3790.0,0,20.0,1.936850048999986,nan,1,0,1,1.0,-0.22229065001010895,0.44931760430336,0.042510077357292175,0.0001623513817321509,-0.000794815132394433,0.000695355178322643,0.01306852512061596,-0.03169361874461174,0.040332332253456116,0.010910910554230213,0.01913098804652691,-0.004668212495744228,0.0036675339811521306,0.02558835314765205,-0.9873065377355481,-0.22229065001010895,0.44931760430336,0.042510077357292175,-0.9873065377355481,0.0,0.0,0.0,0.0,0.0,0.0,0.0009108167790975864,0.0001924117589804996,0.0002761932551470866,0.0,0.0,0.0,0.0036675339811521306,0.02558835314765205,-0.9873065377355481,0.0,0.0,0.0,0.0,0.0,0.0,zero,0.0,0.0,0.0,0.0,0.0009108167790975864,0.0001924117589804996,0.0002761932551470866,-0.009821308829650679,-0.01014622420565801,0.029249522118457962,1,0.02014470100402832,,,,,,,,,,,,,,,,,,,,,,2.0032092110013764,4,radio://0/80/2M/E7E7E7E704,2.0943951023931953,aborted,cf4 起飞前预检失败（电压或 EKF 对齐）,0.0,0.0,0.0,0,0.0,global_abort:cf4 起飞前预检失败（电压或 EKF 对齐）,,,,,
2.0032092110013764,1788688522.7482207,control,aborted,1,1,0.01902913800040551,3.9747800827026367,3974.0,0,70.0,1.8977687260012317,3.9747800827026367,1,1,0,1.0566622335352516,-0.3599194288253784,-0.3916659653186798,0.03595082834362984,0.0012253294698894024,-0.0009355347137898207,0.0005791605217382312,0.07364153861999512,-0.04054871201515198,0.03863842040300369,0.0034238742664456367,0.010227732360363007,0.012262910604476929,-0.008909004649287365,-0.04011104477600973,0.923973510302735,-0.3599194288253784,-0.3916659653186798,0.03595082834362984,0.923973510302735,0.0,0.0,0.0,0.0,0.0,0.0,0.003388469463702461,0.00011496199961879259,-0.0003870912184648597,0.0,0.0,0.0,-0.008909004649287365,-0.04011104477600973,0.923973510302735,0.0,0.0,0.0,0.0,0.0,0.0,zero,0.0,0.0,0.0,0.0,0.003388469463702461,0.00011496199961879259,-0.0003870912184648597,0.037656063766016205,-0.02752288317115211,0.03735497533144884,1,0.02034449577331543,,,,,,,,,,,,,,,,,,,,,,2.0032092110013764,5,radio://0/80/2M/E7E7E7E705,4.1887902047863905,aborted,cf4 起飞前预检失败（电压或 EKF 对齐）,0.0,0.0,0.0,0,0.0,global_abort:cf4 起飞前预检失败（电压或 EKF 对齐）,,,,,
2.0175016330013023,1788688522.762085,control,aborted,1,1,0.0037071380011184374,3.8850440979003906,3885.0,0,40.0,1.9889731620005477,3.8850440979003906,1,1,0,1.0810688100734358,0.46818113327026367,-0.042353954166173935,0.0453442819416523,-0.003257480915635824,-0.0005699414759874344,-0.00022100150818005204,-0.6978074312210083,-0.22509388625621796,-0.2400638461112976,-0.003438267856836319,-0.03755893558263779,0.10096767544746399,-0.05366024155222142,-0.0009205567896783324,3.041068073893183,0.46818113327026367,-0.042353954166173935,0.0453442819416523,3.041068073893183,0.0,0.0,0.0,0.0,0.0,0.0,-0.00014873432115163375,0.0002885824612233284,0.00029984973745525196,0.0,0.0,0.0,-0.05366024155222142,-0.0009205567896783324,3.041068073893183,0.0,0.0,0.0,0.0,0.0,0.0,zero,0.0,0.0,0.0,0.0,-0.00014873432115163375,0.0002885824612233284,0.00029984973745525196,-0.025314481553762903,-0.02234918483415089,-0.03770936057327037,1,0.0040781497955322266,,,,,,,,,,,,,,,,,,,,,,2.0175016330013023,2,radio://0/80/2M/E7E7E7E702,0.0,aborted,cf4 起飞前预检失败（电压或 EKF 对齐）,0.0,0.0,0.0,0,0.0,global_abort:cf4 起飞前预检失败（电压或 EKF 对齐）,,,,,
2.0175016330013023,1788688522.7623174,control,aborted,1,1,0.0034299930011911783,3.790029287338257,3790.0,0,20.0,1.951142470999912,nan,1,0,1,1.0,-0.22226311266422272,0.4493560194969177,0.042485982179641724,0.0035173690412193537,-0.002514201682060957,-0.0014445781707763672,0.6539921760559082,-0.6387726664543152,-0.5149003267288208,0.030611056834459305,-0.04430738091468811,0.06809520721435547,0.0030650895270615125,0.024260373938768086,-0.9878163505001342,-0.22226311266422272,0.4493560194969177,0.042485982179641724,-0.9878163505001342,0.0,0.0,0.0,0.0,0.0,0.0,0.00012013082864681087,-0.0012180719792752555,0.0004990181605133985,0.0,0.0,0.0,0.0030650895270615125,0.024260373938768086,-0.9878163505001342,0.0,0.0,0.0,0.0,0.0,0.0,zero,0.0,0.0,0.0,0.0,0.00012013082864681087,-0.0012180719792752555,0.0004990181605133985,-0.00024039493526041946,-0.06599562248081439,-0.016922664011253242,1,0.00431060791015625,,,,,,,,,,,,,,,,,,,,,,2.0175016330013023,4,radio://0/80/2M/E7E7E7E704,2.0943951023931953,aborted,cf4 起飞前预检失败（电压或 EKF 对齐）,0.0,0.0,0.0,0,0.0,global_abort:cf4 起飞前预检失败（电压或 EKF 对齐）,,,,,
2.0175016330013023,1788688522.7625196,control,aborted,1,1,0.003295608999906108,3.9747800827026367,3974.0,0,70.0,1.9120611480011576,3.9747800827026367,1,1,0,1.0566622335352516,-0.35988980531692505,-0.3916412591934204,0.035964030772447586,-0.00211041490547359,0.004910299088805914,-0.007159885484725237,-0.6380596160888672,1.1200824975967407,-1.7923779487609863,-0.06497221440076828,0.010206283070147038,-0.04249008744955063,-0.008796306512489901,-0.03963143825870368,0.9237845524985213,-0.35988980531692505,-0.3916412591934204,0.035964030772447586,0.9237845524985213,0.0,0.0,0.0,0.0,0.0,0.0,0.001374722972270927,-0.0008975800927284384,0.0005840778488883191,0.0,0.0,0.0,-0.008796306512489901,-0.03963143825870368,0.9237845524985213,0.0,0.0,0.0,0.0,0.0,0.0,zero,0.0,0.0,0.0,0.0,0.001374722972270927,-0.0008975800927284384,0.0005840778488883191,-0.09752067282951403,0.013161297510480598,-0.03974101918535214,1,0.004512786865234375,,,,,,,,,,,,,,,,,,,,,,2.0175016330013023,5,radio://0/80/2M/E7E7E7E705,4.1887902047863905,aborted,cf4 起飞前预检失败（电压或 EKF 对齐）,0.0,0.0,0.0,0,0.0,global_abort:cf4 起飞前预检失败（电压或 EKF 对齐）,,,,,
2.0317942510009743,1788688522.7764025,control,aborted,1,1,0.017999756000790512,3.8850440979003906,3885.0,0,40.0,2.00326578000022,3.8850440979003906,1,1,0,1.0810688100734358,0.46818113327026367,-0.042353954166173935,0.0453442819416523,-0.003257480915635824,-0.0005699414759874344,-0.00022100150818005204,-0.6978074312210083,-0.22509388625621796,-0.2400638461112976,-0.003438267856836319,-0.03755893558263779,0.10096767544746399,-0.05366024155222142,-0.0009205567896783324,3.041068073893183,0.46818113327026367,-0.042353954166173935,0.0453442819416523,3.041068073893183,0.0,0.0,0.0,0.0,0.0,0.0,-0.00014873432115163375,0.0002885824612233284,0.00029984973745525196,0.0,0.0,0.0,-0.05366024155222142,-0.0009205567896783324,3.041068073893183,0.0,0.0,0.0,0.0,0.0,0.0,zero,0.0,0.0,0.0,0.0,-0.00014873432115163375,0.0002885824612233284,0.00029984973745525196,-0.025314481553762903,-0.02234918483415089,-0.03770936057327037,1,0.018395662307739258,,,,,,,,,,,,,,,,,,,,,,2.0317942510009743,2,radio://0/80/2M/E7E7E7E702,0.0,aborted,cf4 起飞前预检失败（电压或 EKF 对齐）,0.0,0.0,0.0,0,0.0,global_abort:cf4 起飞前预检失败（电压或 EKF 对齐）,,,,,
2.0317942510009743,1788688522.7766397,control,aborted,1,1,0.017722611000863253,3.790029287338257,3790.0,0,20.0,1.965435088999584,nan,1,0,1,1.0,-0.22226311266422272,0.4493560194969177,0.042485982179641724,0.0035173690412193537,-0.002514201682060957,-0.0014445781707763672,0.6539921760559082,-0.6387726664543152,-0.5149003267288208,0.030611056834459305,-0.04430738091468811,0.06809520721435547,0.0030650895270615125,0.024260373938768086,-0.9878163505001342,-0.22226311266422272,0.4493560194969177,0.042485982179641724,-0.9878163505001342,0.0,0.0,0.0,0.0,0.0,0.0,0.00012013082864681087,-0.0012180719792752555,0.0004990181605133985,0.0,0.0,0.0,0.0030650895270615125,0.024260373938768086,-0.9878163505001342,0.0,0.0,0.0,0.0,0.0,0.0,zero,0.0,0.0,0.0,0.0,0.00012013082864681087,-0.0012180719792752555,0.0004990181605133985,-0.00024039493526041946,-0.06599562248081439,-0.016922664011253242,1,0.018632888793945312,,,,,,,,,,,,,,,,,,,,,,2.0317942510009743,4,radio://0/80/2M/E7E7E7E704,2.0943951023931953,aborted,cf4 起飞前预检失败（电压或 EKF 对齐）,0.0,0.0,0.0,0,0.0,global_abort:cf4 起飞前预检失败（电压或 EKF 对齐）,,,,,
2.0317942510009743,1788688522.7768514,control,aborted,1,1,0.017588226999578183,3.9747800827026367,3974.0,0,70.0,1.9263537660008296,3.9747800827026367,1,1,0,1.0566622335352516,-0.35988980531692505,-0.3916412591934204,0.035964030772447586,-0.00211041490547359,0.004910299088805914,-0.007159885484725237,-0.6380596160888672,1.1200824975967407,-1.7923779487609863,-0.06497221440076828,0.010206283070147038,-0.04249008744955063,-0.008796306512489901,-0.03963143825870368,0.9237845524985213,-0.35988980531692505,-0.3916412591934204,0.035964030772447586,0.9237845524985213,0.0,0.0,0.0,0.0,0.0,0.0,0.001374722972270927,-0.0008975800927284384,0.0005840778488883191,0.0,0.0,0.0,-0.008796306512489901,-0.03963143825870368,0.9237845524985213,0.0,0.0,0.0,0.0,0.0,0.0,zero,0.0,0.0,0.0,0.0,0.001374722972270927,-0.0008975800927284384,0.0005840778488883191,-0.09752067282951403,0.013161297510480598,-0.03974101918535214,1,0.0188446044921875,,,,,,,,,,,,,,,,,,,,,,2.0317942510009743,5,radio://0/80/2M/E7E7E7E705,4.1887902047863905,aborted,cf4 起飞前预检失败（电压或 EKF 对齐）,0.0,0.0,0.0,0,0.0,global_abort:cf4 起飞前预检失败（电压或 EKF 对齐）,,,,,
2.0460795010003494,1788688522.790681,control,aborted,1,1,0.009281155000280705,3.8850440979003906,3885.0,0,40.0,2.017551029999595,3.8850440979003906,1,1,0,1.0810688100734358,0.4681589603424072,-0.04232928529381752,0.04535806179046631,-0.0016459256876260042,0.007714572362601757,0.01457629818469286,-0.13525551557540894,2.0054938793182373,3.799802303314209,-0.10062482208013535,-0.20650623738765717,0.010792836546897888,-0.05331728035912315,-0.0013948655177180092,3.041021818662942,0.4681589603424072,-0.04232928529381752,0.04535806179046631,3.041021818662942,0.0,0.0,0.0,0.0,0.0,0.0,-0.0037584874517690827,-0.0008657012090115955,-0.0007697200703359901,0.0,0.0,0.0,-0.05331728035912315,-0.0013948655177180092,3.041021818662942,0.0,0.0,0.0,0.0,0.0,0.0,zero,0.0,0.0,0.0,0.0,-0.0037584874517690827,-0.0008657012090115955,-0.0007697200703359901,-2.299737905156512,-0.7338722374746219,-0.678637571441978,1,0.009621620178222656,,,,,,,,,,,,,,,,,,,,,,2.0460795010003494,2,radio://0/80/2M/E7E7E7E702,0.0,aborted,cf4 起飞前预检失败（电压或 EKF 对齐）,0.0,0.0,0.0,0,0.0,global_abort:cf4 起飞前预检失败（电压或 EKF 对齐）,,,,,
2.0460795010003494,1788688522.790939,control,aborted,1,1,0.008841865999784204,3.790029287338257,3790.0,0,20.0,1.979720338998959,nan,1,0,1,1.0,-0.22227615118026733,0.44934162497520447,0.04255615919828415,-0.005340672098100185,0.0020650564692914486,-0.0009790346957743168,-1.7539470195770264,0.7262201905250549,-0.4462988078594208,0.03327178582549095,-0.14466968178749084,-0.03531976044178009,0.0034932881236234736,0.024365509999535222,-0.9871016613280356,-0.22227615118026733,0.44934162497520447,0.04255615919828415,-0.9871016613280356,0.0,0.0,0.0,0.0,0.0,0.0,0.0038529255268565372,-0.003387524538331862,-0.0020001420410061897,0.0,0.0,0.0,0.0034932881236234736,0.024365509999535222,-0.9871016613280356,0.0,0.0,0.0,0.0,0.0,0.0,zero,0.0,0.0,0.0,0.0,0.0038529255268565372,-0.003387524538331862,-0.0020001420410061897,2.3768880692683987,-1.3810501104049235,-1.591918773758215,1,0.009879827499389648,,,,,,,,,,,,,,,,,,,,,,2.0460795010003494,4,radio://0/80/2M/E7E7E7E704,2.0943951023931953,aborted,cf4 起飞前预检失败（电压或 EKF 对齐）,0.0,0.0,0.0,0,0.0,global_abort:cf4 起飞前预检失败（电压或 EKF 对齐）,,,,,
2.0460795010003494,1788688522.7912464,control,aborted,1,1,0.009054879999894183,3.9747800827026367,3974.0,0,70.0,1.9406390160002047,3.9747800827026367,1,1,0,1.0566622335352516,-0.35989198088645935,-0.3916550576686859,0.03599061444401741,-0.0015555362915620208,0.0010071767028421164,-0.0026021033991128206,-0.36738258600234985,-0.03996908664703369,-0.36495208740234375,0.31860846281051636,0.2220623791217804,-0.061556898057460785,-0.0076220062680899614,-0.04020283858400626,0.9236599455105464,-0.35989198088645935,-0.3916550576686859,0.03599061444401741,0.9236599455105464,0.0,0.0,0.0,0.0,0.0,0.0,-0.0028823258047274355,0.005610233717414725,-0.008657352215672012,0.0,0.0,0.0,-0.0076220062680899614,-0.04020283858400626,0.9236599455105464,0.0,0.0,0.0,0.0,0.0,0.0,zero,0.0,0.0,0.0,0.0,-0.0028823258047274355,0.005610233717414725,-0.008657352215672012,-2.7122756269880903,4.145934414567146,-5.887197582868484,1,0.010187149047851562,,,,,,,,,,,,,,,,,,,,,,2.0460795010003494,5,radio://0/80/2M/E7E7E7E705,4.1887902047863905,aborted,cf4 起飞前预检失败（电压或 EKF 对齐）,0.0,0.0,0.0,0,0.0,global_abort:cf4 起飞前预检失败（电压或 EKF 对齐）,,,,,
2.060423853001339,1788688522.8049974,control,aborted,1,1,0.006278167000346002,3.8850440979003906,3885.0,0,40.0,2.0318953820005845,3.8850440979003906,1,1,0,1.0810688100734358,0.4681626260280609,-0.04235243424773216,0.04535578936338425,-0.0008830787846818566,0.004590997938066721,0.009382220916450024,-0.0679904967546463,1.2211772203445435,2.324974536895752,-0.04139553755521774,-0.1076703667640686,0.015940837562084198,-0.05230517299752972,-0.00024969778151969743,3.0413783937984413,0.4681626260280609,-0.04235243424773216,0.04535578936338425,3.0413783937984413,0.0,0.0,0.0,0.0,0.0,0.0,-0.004589375983869494,0.0006197515389821905,0.002325814612128705,0.0,0.0,0.0,-0.05230517299752972,-0.00024969778151969743,3.0413783937984413,0.0,0.0,0.0,0.0,0.0,0.0,zero,0.0,0.0,0.0,0.0,-0.004589375983869494,0.0006197515389821905,0.002325814612128705,-0.023475729323621325,0.12292117694691931,0.2441802825693495,1,0.0065996646881103516,,,,,,,,,,,,,,,,,,,,,,2.060423853001339,2,radio://0/80/2M/E7E7E7E702,0.0,aborted,cf4 起飞前预检失败（电压或 EKF 对齐）,0.0,0.0,0.0,0,0.0,global_abort:cf4 起飞前预检失败（电压或 EKF 对齐）,,,,,
2.060423853001339,1788688522.8052695,control,aborted,1,1,0.006061975000193343,3.790029287338257,3790.0,0,20.0,1.9940646909999487,nan,1,0,1,1.0,-0.22226320207118988,0.4493330419063568,0.042478933930397034,-0.003057546680793166,0.00021002814173698425,-0.0016575049376115203,-1.0719565153121948,0.4010475277900696,-0.2848449647426605,0.03697272390127182,-0.0821865051984787,-0.027689579874277115,0.003992620032663937,0.02514505649806718,-0.9872954324164193,-0.22226320207118988,0.4493330419063568,0.042478933930397034,-0.9872954324164193,0.0,0.0,0.0,0.0,0.0,0.0,0.0031109733353652724,-0.002739458643633807,-0.0028420435084100856,0.0,0.0,0.0,0.003992620032663937,0.02514505649806718,-0.9872954324164193,0.0,0.0,0.0,0.0,0.0,0.0,zero,0.0,0.0,0.0,0.0,0.0031109733353652724,-0.002739458643633807,-0.0028420435084100856,-0.09572070918474071,0.07225982428868123,-0.041422059404676935,1,0.006871700286865234,,,,,,,,,,,,,,,,,,,,,,2.060423853001339,4,radio://0/80/2M/E7E7E7E704,2.0943951023931953,aborted,cf4 起飞前预检失败（电压或 EKF 对齐）,0.0,0.0,0.0,0,0.0,global_abort:cf4 起飞前预检失败（电压或 EKF 对齐）,,,,,
2.060423853001339,1788688522.8054192,control,aborted,1,1,0.005799170001409948,3.9747800827026367,3974.0,0,70.0,1.9549833680011943,3.9747800827026367,1,1,0,1.0566622335352516,-0.35994380712509155,-0.3916018009185791,0.035924334079027176,-0.002722597448155284,0.002192276995629072,-0.003527369350194931,-0.2769010365009308,0.011064345017075539,-0.2658913731575012,0.19664660096168518,0.13726961612701416,-0.04929136484861374,-0.008544810286163718,-0.04057776150657275,0.923400769975039,-0.35994380712509155,-0.3916018009185791,0.035924334079027176,0.923400769975039,0.0,0.0,0.0,0.0,0.0,0.0,-0.004144044135923253,0.006960223480892452,-0.010634233264124618,0.0,0.0,0.0,-0.008544810286163718,-0.04057776150657275,0.923400769975039,0.0,0.0,0.0,0.0,0.0,0.0,zero,0.0,0.0,0.0,0.0,-0.004144044135923253,0.006960223480892452,-0.010634233264124618,-0.051889499895842184,0.034107571112956495,-0.05313640293411375,1,0.007021427154541016,,,,,,,,,,,,,,,,,,,,,,2.060423853001339,5,radio://0/80/2M/E7E7E7E705,4.1887902047863905,aborted,cf4 起飞前预检失败（电压或 EKF 对齐）,0.0,0.0,0.0,0,0.0,global_abort:cf4 起飞前预检失败（电压或 EKF 对齐）,,,,,
2.0746312589999434,1788688522.819254,control,aborted,1,1,0.008579404999181861,3.8850440979003906,3885.0,0,40.0,2.046102787999189,3.8850440979003906,1,1,0,1.0810688100734358,0.46818867325782776,-0.04230336472392082,0.04532328248023987,-0.0002655397984199226,0.0045034391805529594,0.006955505348742008,-0.04393879696726799,0.9754595756530762,1.8189005851745605,-0.05008731409907341,-0.11413465440273285,0.00908780936151743,-0.05330757266533572,-0.001912802099487878,3.0412494946555535,0.46818867325782776,-0.04230336472392082,0.04532328248023987,3.0412494946555535,0.0,0.0,0.0,0.0,0.0,0.0,-0.0039433004037063325,0.0018713686551972996,0.004535557661588114,0.0,0.0,0.0,-0.05330757266533572,-0.001912802099487878,3.0412494946555535,0.0,0.0,0.0,0.0,0.0,0.0,zero,0.0,0.0,0.0,0.0,-0.0039433004037063325,0.0018713686551972996,0.004535557661588114,0.05468343033358228,0.10593608469396625,0.18703126044435064,1,0.009041309356689453,,,,,,,,,,,,,,,,,,,,,,2.0746312589999434,2,radio://0/80/2M/E7E7E7E702,0.0,aborted,cf4 起飞前预检失败（电压或 EKF 对齐）,0.0,0.0,0.0,0,0.0,global_abort:cf4 起飞前预检失败（电压或 EKF 对齐）,,,,,
2.0746312589999434,1788688522.819497,control,aborted,1,1,0.008306439998705173,3.790029287338257,3790.0,0,20.0,2.008272096998553,nan,1,0,1,1.0,-0.22228895127773285,0.4493376910686493,0.042478062212467194,-0.0028819157741963863,0.00024672277504578233,-0.0013407602673396468,-0.8545921444892883,0.32145920395851135,-0.22251418232917786,0.018433671444654465,-0.06523888558149338,-0.028485016897320747,0.0033248524968983455,0.02517657331732433,-0.9876696126898005,-0.22228895127773285,0.4493376910686493,0.042478062212467194,-0.9876696126898005,0.0,0.0,0.0,0.0,0.0,0.0,0.0015224301776409145,-0.0017687856291348492,-0.0027864070440301618,0.0,0.0,0.0,0.0033248524968983455,0.02517657331732433,-0.9876696126898005,0.0,0.0,0.0,0.0,0.0,0.0,zero,0.0,0.0,0.0,0.0,0.0015224301776409145,-0.0017687856291348492,-0.0027864070440301618,-0.1344532927175039,0.08215715280809276,0.004709035316205669,1,0.009284496307373047,,,,,,,,,,,,,,,,,,,,,,2.0746312589999434,4,radio://0/80/2M/E7E7E7E704,2.0943951023931953,aborted,cf4 起飞前预检失败（电压或 EKF 对齐）,0.0,0.0,0.0,0,0.0,global_abort:cf4 起飞前预检失败（电压或 EKF 对齐）,,,,,
2.0746312589999434,1788688522.8197048,control,aborted,1,1,0.008099308999589994,3.9747800827026367,3974.0,0,70.0,1.9691907739997987,3.9747800827026367,1,1,0,1.0566622335352516,-0.3598116636276245,-0.3916427195072174,0.03590914607048035,5.882559344172478e-05,0.0010611583711579442,-0.0030789957381784916,-0.17443734407424927,-0.010295918211340904,-0.20512311160564423,0.141349196434021,0.07143259048461914,-0.030251391232013702,-0.009511598416699544,-0.04284022872017902,0.9239640307372113,-0.3598116636276245,-0.3916427195072174,0.03590914607048035,0.9239640307372113,0.0,0.0,0.0,0.0,0.0,0.0,-0.0038144731839567974,0.006017973307592756,-0.009335240599761818,0.0,0.0,0.0,-0.009511598416699544,-0.04284022872017902,0.9239640307372113,0.0,0.0,0.0,0.0,0.0,0.0,zero,0.0,0.0,0.0,0.0,-0.0038144731839567974,0.006017973307592756,-0.009335240599761818,0.027894677875425548,-0.07975146142410673,0.10994592126137723,1,0.009492158889770508,,,,,,,,,,,,,,,,,,,,,,2.0746312589999434,5,radio://0/80/2M/E7E7E7E705,4.1887902047863905,aborted,cf4 起飞前预检失败（电压或 EKF 对齐）,0.0,0.0,0.0,0,0.0,global_abort:cf4 起飞前预检失败（电压或 EKF 对齐）,,,,,
2.088980104001166,1788688522.8335772,control,aborted,1,1,0.00164976599990041,3.8850440979003906,3885.0,0,40.0,2.0604516330004117,3.8850440979003906,1,1,0,1.0810688100734358,0.468132883310318,-0.04232746735215187,0.04535375535488129,-0.0014851478626951575,0.0029660072177648544,0.0052592698484659195,-0.057568758726119995,0.6081483960151672,1.1407724618911743,-0.03608929365873337,-0.06916394829750061,-0.013794142752885818,-0.0534329020998847,-0.001095097087159085,3.040434726539941,0.468132883310318,-0.04232746735215187,0.04535375535488129,3.040434726539941,0.0,0.0,0.0,0.0,0.0,0.0,-0.0019627092747876588,0.0035931738373407773,0.007037930500341245,0.0,0.0,0.0,-0.0534329020998847,-0.001095097087159085,3.040434726539941,0.0,0.0,0.0,0.0,0.0,0.0,zero,0.0,0.0,0.0,0.0,-0.0019627092747876588,0.0035931738373407773,0.007037930500341245,0.1063810173081875,0.07872368864765338,0.10827165028837966,1,0.002122163772583008,,,,,,,,,,,,,,,,,,,,,,2.088980104001166,2,radio://0/80/2M/E7E7E7E702,0.0,aborted,cf4 起飞前预检失败（电压或 EKF 对齐）,0.0,0.0,0.0,0,0.0,global_abort:cf4 起飞前预检失败（电压或 EKF 对齐）,,,,,
2.088980104001166,1788688522.8337643,control,aborted,1,1,0.0010677420013962546,3.790029287338257,3790.0,0,20.0,2.022620941999776,nan,1,0,1,1.0,-0.2222963273525238,0.44935324788093567,0.04254550859332085,-0.002290877513587475,0.0006057447171770036,0.000575415266212076,-0.5436257719993591,0.21605205535888672,-0.10249871015548706,0.00568546075373888,-0.05723965913057327,-0.011202764697372913,0.0032918764294866806,0.024657781657225975,-0.987267165655494,-0.2222963273525238,0.44935324788093567,0.04254550859332085,-0.987267165655494,0.0,0.0,0.0,0.0,0.0,0.0,-0.0013596409418490682,-0.00024132729758425775,-0.002014853238663245,0.0,0.0,0.0,0.0032918764294866806,0.024657781657225975,-0.987267165655494,0.0,0.0,0.0,0.0,0.0,0.0,zero,0.0,0.0,0.0,0.0,-0.0013596409418490682,-0.00024132729758425775,-0.002014853238663245,-0.1449180317969491,0.07700045480282919,0.048818036239482075,1,0.0023093223571777344,,,,,,,,,,,,,,,,,,,,,,2.088980104001166,4,radio://0/80/2M/E7E7E7E704,2.0943951023931953,aborted,cf4 起飞前预检失败（电压或 EKF 对齐）,0.0,0.0,0.0,0,0.0,global_abort:cf4 起飞前预检失败（电压或 EKF 对齐）,,,,,
2.088980104001166,1788688522.833874,control,aborted,1,1,0.0013060420005786,3.9747800827026367,3974.0,0,70.0,1.9835396190010215,3.9747800827026367,1,1,0,1.0566622335352516,-0.35984280705451965,-0.3916341960430145,0.03591752424836159,-4.021730273962021e-05,0.0008487081504426897,-0.001866640872322023,-0.1035270094871521,-0.009759423322975636,-0.11088396608829498,0.08438671380281448,0.04741113632917404,-0.025297876447439194,-0.009721122118534384,-0.04273652566780986,0.9235341127558133,-0.35984280705451965,-0.3916341960430145,0.03591752424836159,0.9235341127558133,0.0,0.0,0.0,0.0,0.0,0.0,-0.002241649026569744,0.0032592362341981955,-0.00559859827787892,0.0,0.0,0.0,-0.009721122118534384,-0.04273652566780986,0.9235341127558133,0.0,0.0,0.0,0.0,0.0,0.0,zero,0.0,0.0,0.0,0.0,-0.002241649026569744,0.0032592362341981955,-0.00559859827787892,0.09047610602295066,-0.1513770251680033,0.20533089669780186,1,0.002418994903564453,,,,,,,,,,,,,,,,,,,,,,2.088980104001166,5,radio://0/80/2M/E7E7E7E705,4.1887902047863905,aborted,cf4 起飞前预检失败（电压或 EKF 对齐）,0.0,0.0,0.0,0,0.0,global_abort:cf4 起飞前预检失败（电压或 EKF 对齐）,,,,,
2.1032010430008086,1788688522.8478181,control,aborted,1,1,0.009291885000493494,3.8850440979003906,3885.0,0,40.0,2.074672572000054,3.8850440979003906,1,1,0,1.0810688100734358,0.468160480260849,-0.04233993589878082,0.045355215668678284,-0.0003441681619733572,0.0019915015436708927,0.004252074286341667,-0.011162381619215012,0.4567170739173889,0.8818166255950928,-0.010376758873462677,-0.061610396951436996,0.005568674765527248,-0.05282878575716888,-0.0012713032048315854,3.040987807884899,0.468160480260849,-0.04233993589878082,0.045355215668678284,3.040987807884899,0.0,0.0,0.0,0.0,0.0,0.0,-0.0012947122285926719,0.003968900264731016,0.007507181663806114,0.0,0.0,0.0,-0.05282878575716888,-0.0012713032048315854,3.040987807884899,0.0,0.0,0.0,0.0,0.0,0.0,zero,0.0,0.0,0.0,0.0,-0.0012947122285926719,0.003968900264731016,0.007507181663806114,0.10213556003367666,0.05744790235158161,0.07174766812209657,1,0.009822845458984375,,,,,,,,,,,,,,,,,,,,,,2.1032010430008086,2,radio://0/80/2M/E7E7E7E702,0.0,aborted,cf4 起飞前预检失败（电压或 EKF 对齐）,0.0,0.0,0.0,0,0.0,global_abort:cf4 起飞前预检失败（电压或 EKF 对齐）,,,,,
2.1032010430008086,1788688522.8480802,control,aborted,1,1,0.008660584000608651,3.790029287338257,3790.0,0,20.0,2.036841880999418,nan,1,0,1,1.0,-0.22228671610355377,0.44937238097190857,0.0424475222826004,-0.0015387777239084244,0.0010697103571146727,-0.0025362148880958557,-0.41190043091773987,0.18703031539916992,-0.17715661227703094,-0.02594229206442833,-0.04920688644051552,-0.01660151034593582,0.002288687422920316,0.02454680337334648,-0.9875173146284123,-0.22228671610355377,0.44937238097190857,0.0424475222826004,-0.9875173146284123,0.0,0.0,0.0,0.0,0.0,0.0,-0.00221408737263379,0.0002460018347735044,-0.001642186393661223,0.0,0.0,0.0,0.002288687422920316,0.02454680337334648,-0.9875173146284123,0.0,0.0,0.0,0.0,0.0,0.0,zero,0.0,0.0,0.0,0.0,-0.00221408737263379,0.0002460018347735044,-0.001642186393661223,-0.13064333925437746,0.07451175740612027,0.05698009764724995,1,0.010084867477416992,,,,,,,,,,,,,,,,,,,,,,2.1032010430008086,4,radio://0/80/2M/E7E7E7E704,2.0943951023931953,aborted,cf4 起飞前预检失败（电压或 EKF 对齐）,0.0,0.0,0.0,0,0.0,global_abort:cf4 起飞前预检失败（电压或 EKF 对齐）,,,,,
2.1032010430008086,1788688522.848343,control,aborted,1,1,0.009018063999974402,3.9747800827026367,3974.0,0,70.0,1.9977605580006639,3.9747800827026367,1,1,0,1.0566622335352516,-0.3599203824996948,-0.3916282057762146,0.035974763333797455,-0.0024045307654887438,0.000862156564835459,0.00025713187642395496,-0.15512534976005554,-0.007396269124001265,-0.023759476840496063,0.1085490733385086,0.09707696735858917,-0.016505233943462372,-0.008383507525514802,-0.04080137126170272,0.9236388098365544,-0.3599203824996948,-0.3916282057762146,0.035974763333797455,0.9236388098365544,0.0,0.0,0.0,0.0,0.0,0.0,-0.0016399821521506622,0.0022495230133766056,-0.004167606047711026,0.0,0.0,0.0,-0.008383507525514802,-0.04080137126170272,0.9236388098365544,0.0,0.0,0.0,0.0,0.0,0.0,zero,0.0,0.0,0.0,0.0,-0.0016399821521506622,0.0022495230133766056,-0.004167606047711026,0.09199379476682167,-0.15438335524004368,0.21879616633720178,1,0.010347604751586914,,,,,,,,,,,,,,,,,,,,,,2.1032010430008086,5,radio://0/80/2M/E7E7E7E705,4.1887902047863905,aborted,cf4 起飞前预检失败（电压或 EKF 对齐）,0.0,0.0,0.0,0,0.0,global_abort:cf4 起飞前预检失败（电压或 EKF 对齐）,,,,,
2.1175163530006103,1788688522.8621192,control,aborted,1,1,0.0027961609994235914,3.8850440979003906,3885.0,0,40.0,2.0889878819998557,3.8850440979003906,1,1,0,1.0810688100734358,0.46817082166671753,-0.04232267662882805,0.045355089008808136,-0.0003176415921188891,0.0016908588586375117,0.0027171438559889793,-0.01609148643910885,0.28803765773773193,0.5210261940956116,0.048796139657497406,-0.07683070003986359,0.005973284598439932,-0.052435449694003135,-0.0019873648408830617,3.041209752587417,0.46817082166671753,-0.04232267662882805,0.045355089008808136,3.041209752587417,0.0,0.0,0.0,0.0,0.0,0.0,-0.00039255909054490014,0.0029937773935751954,0.005637094007820161,0.0,0.0,0.0,-0.052435449694003135,-0.0019873648408830617,3.041209752587417,0.0,0.0,0.0,0.0,0.0,0.0,zero,0.0,0.0,0.0,0.0,-0.00039255909054490014,0.0029937773935751954,0.005637094007820161,0.10482704608654397,-0.11716668851867926,-0.22421868150548416,1,0.003184795379638672,,,,,,,,,,,,,,,,,,,,,,2.1175163530006103,2,radio://0/80/2M/E7E7E7E702,0.0,aborted,cf4 起飞前预检失败（电压或 EKF 对齐）,0.0,0.0,0.0,0,0.0,global_abort:cf4 起飞前预检失败（电压或 EKF 对齐）,,,,,
2.1175163530006103,1788688522.8624663,control,aborted,1,1,0.0024981620008475147,3.790029287338257,3790.0,0,20.0,2.05115719099922,nan,1,0,1,1.0,-0.22228960692882538,0.44934824109077454,0.04246147722005844,-0.0014187970664352179,-0.0007111897575668991,-0.002268468262627721,-0.2737741470336914,0.03494296222925186,-0.13702282309532166,-0.019273051992058754,-0.012019667774438858,0.015136407688260078,0.0022079719322065042,0.025290727167687117,-0.9865394477332351,-0.22228960692882538,0.44934824109077454,0.04246147722005844,-0.9865394477332351,0.0,0.0,0.0,0.0,0.0,0.0,-0.0023432204828675567,0.0009773538665803956,-0.001355832733775213,0.0,0.0,0.0,0.0022079719322065042,0.025290727167687117,-0.9865394477332351,0.0,0.0,0.0,0.0,0.0,0.0,zero,0.0,0.0,0.0,0.0,-0.0023432204828675567,0.0009773538665803956,-0.001355832733775213,-0.011017129050566345,0.08277342303252683,0.0305207458568554,1,0.003531932830810547,,,,,,,,,,,,,,,,,,,,,,2.1175163530006103,4,radio://0/80/2M/E7E7E7E704,2.0943951023931953,aborted,cf4 起飞前预检失败（电压或 EKF 对齐）,0.0,0.0,0.0,0,0.0,global_abort:cf4 起飞前预检失败（电压或 EKF 对齐）,,,,,
2.1175163530006103,1788688522.8627107,control,aborted,1,1,0.0022706859999743756,3.9747800827026367,3974.0,0,70.0,2.0120758680004656,3.9747800827026367,1,1,0,1.0566622335352516,-0.3598520755767822,-0.39165112376213074,0.035935692489147186,0.000433602137491107,0.001466174959205091,-0.0021948835346847773,0.008842036128044128,0.058392949402332306,-0.1437883824110031,0.024531755596399307,-0.05196479707956314,0.014287199825048447,-0.009262289753294805,-0.041806543015298535,0.9239014164920705,-0.3598520755767822,-0.39165112376213074,0.035935692489147186,0.9239014164920705,0.0,0.0,0.0,0.0,0.0,0.0,-0.0012249400798858504,0.0005789682287649835,-0.0006959855113971144,0.0,0.0,0.0,-0.009262289753294805,-0.041806543015298535,0.9239014164920705,0.0,0.0,0.0,0.0,0.0,0.0,zero,0.0,0.0,0.0,0.0,-0.0012249400798858504,0.0005789682287649835,-0.0006959855113971144,0.04786585125319512,-0.19265441362815902,0.40218064116878155,1,0.0037763118743896484,,,,,,,,,,,,,,,,,,,,,,2.1175163530006103,5,radio://0/80/2M/E7E7E7E705,4.1887902047863905,aborted,cf4 起飞前预检失败（电压或 EKF 对齐）,0.0,0.0,0.0,0,0.0,global_abort:cf4 起飞前预检失败（电压或 EKF 对齐）,,,,,
2.1318172870014678,1788688522.8764143,control,aborted,1,1,0.005573031001404161,3.8850440979003906,3885.0,0,40.0,2.1032888160007133,3.8850440979003906,1,1,0,1.0810688100734358,0.46816137433052063,-0.042329613119363785,0.04533448442816734,-0.00041865743696689606,0.0012318743392825127,0.0018148452509194613,-0.014632581733167171,0.22243599593639374,0.4011056423187256,0.04413297772407532,-0.04205676168203354,-0.005284388083964586,-0.05214193884644634,-0.0009047819959731914,3.0405745332279657,0.46816137433052063,-0.042329613119363785,0.04533448442816734,3.0405745332279657,0.0,0.0,0.0,0.0,0.0,0.0,-0.000174462614545681,0.0025094653510593615,0.004658572438345688,0.0,0.0,0.0,-0.05214193884644634,-0.0009047819959731914,3.0405745332279657,0.0,0.0,0.0,0.0,0.0,0.0,zero,0.0,0.0,0.0,0.0,-0.000174462614545681,0.0025094653510593615,0.004658572438345688,0.01899306358967317,-0.04217660729548268,-0.08521514301295727,1,0.0059969425201416016,,,,,,,,,,,,,,,,,,,,,,2.1318172870014678,2,radio://0/80/2M/E7E7E7E702,0.0,aborted,cf4 起飞前预检失败（电压或 EKF 对齐）,0.0,0.0,0.0,0,0.0,global_abort:cf4 起飞前预检失败（电压或 EKF 对齐）,,,,,
2.1318172870014678,1788688522.8766716,control,aborted,1,1,0.005084809001346002,3.790029287338257,3790.0,0,20.0,2.0654581250000774,nan,1,0,1,1.0,-0.22228868305683136,0.44936591386795044,0.04245299473404884,-0.0011189465876668692,-0.0002611452655401081,-0.0019625138957053423,-0.21379682421684265,0.03579279035329819,-0.1042894572019577,-0.003570355474948883,-0.026576237753033638,-0.006711195223033428,0.002861361918379128,0.0243196784870096,-0.9876227735096974,-0.22228868305683136,0.44936591386795044,0.04245299473404884,-0.9876227735096974,0.0,0.0,0.0,0.0,0.0,0.0,-0.0021657833984298474,0.0009158621647257924,-0.0014247933318552995,0.0,0.0,0.0,0.002861361918379128,0.0243196784870096,-0.9876227735096974,0.0,0.0,0.0,0.0,0.0,0.0,zero,0.0,0.0,0.0,0.0,-0.0021657833984298474,0.0009158621647257924,-0.0014247933318552995,0.015452215871216951,-0.005355042066639735,-0.006005475414108313,1,0.0062541961669921875,,,,,,,,,,,,,,,,,,,,,,2.1318172870014678,4,radio://0/80/2M/E7E7E7E704,2.0943951023931953,aborted,cf4 起飞前预检失败（电压或 EKF 对齐）,0.0,0.0,0.0,0,0.0,global_abort:cf4 起飞前预检失败（电压或 EKF 对齐）,,,,,
2.1318172870014678,1788688522.8769732,control,aborted,1,1,0.0053176420005911496,3.9747800827026367,3974.0,0,70.0,2.026376802001323,3.9747800827026367,1,1,0,1.0566622335352516,-0.3598169684410095,-0.3916548192501068,0.03595489263534546,0.0009583423379808664,0.0011085757287219167,-0.0014214981347322464,0.01621302403509617,0.040486060082912445,-0.10156065970659256,0.015696978196501732,-0.03803394362330437,0.01542242057621479,-0.009497329967413539,-0.04160127309700599,0.9241289494077448,-0.3598169684410095,-0.3916548192501068,0.03595489263534546,0.9241289494077448,0.0,0.0,0.0,0.0,0.0,0.0,-0.0008907829039740636,0.0002989853946884916,-6.031635628673594e-05,0.0,0.0,0.0,-0.009497329967413539,-0.04160127309700599,0.9241289494077448,0.0,0.0,0.0,0.0,0.0,0.0,zero,0.0,0.0,0.0,0.0,-0.0008907829039740636,0.0002989853946884916,-6.031635628673594e-05,0.029100279873668818,-0.02438247453228342,0.055357633036897225,1,0.006555795669555664,,,,,,,,,,,,,,,,,,,,,,2.1318172870014678,5,radio://0/80/2M/E7E7E7E705,4.1887902047863905,aborted,cf4 起飞前预检失败（电压或 EKF 对齐）,0.0,0.0,0.0,0,0.0,global_abort:cf4 起飞前预检失败（电压或 EKF 对齐）,,,,,
2.146359594000387,1788688522.8909688,control,aborted,1,1,0.00042858199958573096,3.8850440979003906,3885.0,0,40.0,2.1178311229996325,3.8850440979003906,1,1,0,1.0810688100734358,0.468165785074234,-0.0423407144844532,0.04531722143292427,-0.00029273389372974634,0.000621179467998445,0.0007827391382306814,-0.009475493803620338,0.13177379965782166,0.23592880368232727,0.020279277116060257,-0.03231358528137207,0.013215488754212856,-0.052608677208528645,-0.001122404806247182,3.0413514211044954,0.468165785074234,-0.0423407144844532,0.04531722143292427,3.0413514211044954,0.0,0.0,0.0,0.0,0.0,0.0,-0.0001753277264984883,0.001701693286236573,0.0028215208647718814,0.0,0.0,0.0,-0.052608677208528645,-0.001122404806247182,3.0413514211044954,0.0,0.0,0.0,0.0,0.0,0.0,zero,0.0,0.0,0.0,0.0,-0.0001753277264984883,0.001701693286236573,0.0028215208647718814,-0.007850005595784249,-0.03409184709438587,-0.08201400055803146,1,0.0008683204650878906,,,,,,,,,,,,,,,,,,,,,,2.146359594000387,2,radio://0/80/2M/E7E7E7E702,0.0,aborted,cf4 起飞前预检失败（电压或 EKF 对齐）,0.0,0.0,0.0,0,0.0,global_abort:cf4 起飞前预检失败（电压或 EKF 对齐）,,,,,
2.146359594000387,1788688522.8912222,control,aborted,1,1,0.0002313250006409362,3.790029287338257,3790.0,0,20.0,2.0800004319989966,nan,1,0,1,1.0,-0.22231172025203705,0.4493723213672638,0.04243786633014679,-0.0009873785311356187,-9.407885954715312e-05,-0.00156116031575948,-0.13085882365703583,0.025000184774398804,-0.05990270897746086,-0.00321235042065382,-0.001750157680362463,0.00461450545117259,0.0026988929235434935,0.025031641779027322,-0.9872176474878877,-0.22231172025203705,0.4493723213672638,0.04243786633014679,-0.9872176474878877,0.0,0.0,0.0,0.0,0.0,0.0,-0.0015262157496422706,0.0004502542772149744,-0.0016430898699176205,0.0,0.0,0.0,0.0026988929235434935,0.025031641779027322,-0.9872176474878877,0.0,0.0,0.0,0.0,0.0,0.0,zero,0.0,0.0,0.0,0.0,-0.0015262157496422706,0.0004502542772149744,-0.0016430898699176205,0.03453517039013707,-0.025190959649131796,-0.009882570942158912,1,0.0011217594146728516,,,,,,,,,,,,,,,,,,,,,,2.146359594000387,4,radio://0/80/2M/E7E7E7E704,2.0943951023931953,aborted,cf4 起飞前预检失败（电压或 EKF 对齐）,0.0,0.0,0.0,0,0.0,global_abort:cf4 起飞前预检失败（电压或 EKF 对齐）,,,,,
2.146359594000387,1788688522.891825,control,aborted,1,1,0.011980500999925425,3.9747800827026367,3974.0,0,70.0,2.0409191090002423,3.9747800827026367,1,1,0,1.0566622335352516,-0.3598572611808777,-0.39159950613975525,0.03590196743607521,-0.0002380404039286077,0.0022661134134978056,-0.0024569076485931873,-0.016861824318766594,0.061252474784851074,-0.10706684738397598,0.005875294096767902,-0.05471744388341904,-0.009015216492116451,-0.009729645257030984,-0.04258359144998436,0.9232812769988844,-0.3598572611808777,-0.39159950613975525,0.03590196743607521,0.9232812769988844,0.0,0.0,0.0,0.0,0.0,0.0,-0.0005473786623564447,0.0002466201039302764,0.0001461659540588017,0.0,0.0,0.0,-0.009729645257030984,-0.04258359144998436,0.9232812769988844,0.0,0.0,0.0,0.0,0.0,0.0,zero,0.0,0.0,0.0,0.0,-0.0005473786623564447,0.0002466201039302764,0.0001461659540588017,0.04280743555840774,-0.006527653237683749,0.02573928077426011,1,0.013385534286499023,,,,,,,,,,,,,,,,,,,,,,2.146359594000387,5,radio://0/80/2M/E7E7E7E705,4.1887902047863905,aborted,cf4 起飞前预检失败（电压或 EKF 对齐）,0.0,0.0,0.0,0,0.0,global_abort:cf4 起飞前预检失败（电压或 EKF 对齐）,,,,,
2.16042339500018,1788688522.9050186,control,aborted,1,1,0.004762021999340504,3.8850440979003906,3885.0,0,40.0,2.1318949239994254,3.8850440979003906,1,1,0,1.0810688100734358,0.46818652749061584,-0.042345717549324036,0.045343514531850815,0.00018991343677043915,0.00039465067675337195,0.001163781387731433,0.002287838142365217,0.10078742355108261,0.19653384387493134,0.005801805295050144,-0.03400464355945587,-0.003967218101024628,-0.053117465693459286,-0.0015582169611462462,3.0406623629731313,0.46818652749061584,-0.042345717549324036,0.045343514531850815,3.0406623629731313,0.0,0.0,0.0,0.0,0.0,0.0,-0.00025770706684108977,0.0013452667090184374,0.0020248350003803893,0.0,0.0,0.0,-0.053117465693459286,-0.0015582169611462462,3.0406623629731313,0.0,0.0,0.0,0.0,0.0,0.0,zero,0.0,0.0,0.0,0.0,-0.00025770706684108977,0.0013452667090184374,0.0020248350003803893,-0.008421457913094024,-0.03643670132180495,-0.08144343532040003,1,0.005136013031005859,,,,,,,,,,,,,,,,,,,,,,2.16042339500018,2,radio://0/80/2M/E7E7E7E702,0.0,aborted,cf4 起飞前预检失败（电压或 EKF 对齐）,0.0,0.0,0.0,0,0.0,global_abort:cf4 起飞前预检失败（电压或 EKF 对齐）,,,,,
2.16042339500018,1788688522.9052691,control,aborted,1,1,0.004554140999971423,3.790029287338257,3790.0,0,20.0,2.0940642329987895,nan,1,0,1,1.0,-0.22224575281143188,0.4493703842163086,0.04245205596089363,0.0005588710191659629,-0.0001148701849160716,-0.0009588063112460077,-0.07307235896587372,0.019575048238039017,-0.03560640662908554,0.00446014991030097,-0.007077840622514486,0.009704570285975933,0.003050026319195806,0.02475310552963712,-0.9869242760549743,-0.22224575281143188,0.4493703842163086,0.04245205596089363,-0.9869242760549743,0.0,0.0,0.0,0.0,0.0,0.0,-0.001134581968851686,0.00019736001821752313,-0.0016877511356440215,0.0,0.0,0.0,0.003050026319195806,0.02475310552963712,-0.9869242760549743,0.0,0.0,0.0,0.0,0.0,0.0,zero,0.0,0.0,0.0,0.0,-0.001134581968851686,0.00019736001821752313,-0.0016877511356440215,0.040035855938606174,-0.025852821226206975,-0.004565622498264808,1,0.0053865909576416016,,,,,,,,,,,,,,,,,,,,,,2.16042339500018,4,radio://0/80/2M/E7E7E7E704,2.0943951023931953,aborted,cf4 起飞前预检失败（电压或 EKF 对齐）,0.0,0.0,0.0,0,0.0,global_abort:cf4 起飞前预检失败（电压或 EKF 对齐）,,,,,
2.16042339500018,1788688522.9054873,control,aborted,1,1,0.004337043999839807,3.9747800827026367,3974.0,0,70.0,2.054982910000035,3.9747800827026367,1,1,0,1.0566622335352516,-0.3598957657814026,-0.3916313946247101,0.03593631088733673,-0.0009460264700464904,0.00105926557444036,-0.0009173317230306566,-0.0256972499191761,0.022049807012081146,-0.041156865656375885,0.010379748418927193,-0.01230272464454174,-0.0007904982194304466,-0.009150434259148158,-0.04155614524423059,0.9237885743040886,-0.3598957657814026,-0.3916313946247101,0.03593631088733673,0.9237885743040886,0.0,0.0,0.0,0.0,0.0,0.0,-0.000123089627770624,0.0007630021975934062,-0.0005701598271902464,0.0,0.0,0.0,-0.009150434259148158,-0.04155614524423059,0.9237885743040886,0.0,0.0,0.0,0.0,0.0,0.0,zero,0.0,0.0,0.0,0.0,-0.000123089627770624,0.0007630021975934062,-0.0005701598271902464,0.014159473443062145,0.027057160606658436,-0.040665053304861504,1,0.005604743957519531,,,,,,,,,,,,,,,,,,,,,,2.16042339500018,5,radio://0/80/2M/E7E7E7E705,4.1887902047863905,aborted,cf4 起飞前预检失败（电压或 EKF 对齐）,0.0,0.0,0.0,0,0.0,global_abort:cf4 起飞前预检失败（电压或 EKF 对齐）,,,,,
2.17461275200003,1788688522.9192019,control,aborted,1,1,0.008514201999787474,3.8850440979003906,3885.0,0,40.0,2.1460842809992755,3.8850440979003906,1,1,0,1.0810688100734358,0.4681600034236908,-0.04236753284931183,0.045353591442108154,-0.0003546960942912847,-0.00010096581536345184,0.001123500638641417,-0.008572123944759369,0.07116334140300751,0.15645769238471985,0.005324109923094511,-0.017640337347984314,0.002279864624142647,-0.05308206055341722,-0.001043085717140638,3.040920899278402,0.4681600034236908,-0.04236753284931183,0.045353591442108154,3.040920899278402,0.0,0.0,0.0,0.0,0.0,0.0,-0.00027044091667493934,0.0009979158098559144,0.0014559304946405419,0.0,0.0,0.0,-0.05308206055341722,-0.001043085717140638,3.040920899278402,0.0,0.0,0.0,0.0,0.0,0.0,zero,0.0,0.0,0.0,0.0,-0.00027044091667493934,0.0009979158098559144,0.0014559304946405419,-0.0012161494932148053,-0.0331738339540717,-0.05433336621451067,1,0.00884866714477539,,,,,,,,,,,,,,,,,,,,,,2.17461275200003,2,radio://0/80/2M/E7E7E7E702,0.0,aborted,cf4 起飞前预检失败（电压或 EKF 对齐）,0.0,0.0,0.0,0,0.0,global_abort:cf4 起飞前预检失败（电压或 EKF 对齐）,,,,,
2.17461275200003,1788688522.919435,control,aborted,1,1,0.008332968998729484,3.790029287338257,3790.0,0,20.0,2.1082535899986397,nan,1,0,1,1.0,-0.22230470180511475,0.449379563331604,0.04242616891860962,-0.0006788671598769724,8.343089575646445e-05,-0.0012615043669939041,-0.08209948986768723,0.01944771781563759,-0.03426685184240341,0.010987571440637112,-0.005325742997229099,0.014990774914622307,0.00344783751897081,0.024769495955459315,-0.9865457566805587,-0.22230470180511475,0.449379563331604,0.04242616891860962,-0.9865457566805587,0.0,0.0,0.0,0.0,0.0,0.0,-0.0007720998626242337,2.458778363909319e-05,-0.0016313601738614193,0.0,0.0,0.0,0.00344783751897081,0.024769495955459315,-0.9865457566805587,0.0,0.0,0.0,0.0,0.0,0.0,zero,0.0,0.0,0.0,0.0,-0.0007720998626242337,2.458778363909319e-05,-0.0016313601738614193,0.03461894364547277,-0.016500655203708064,0.00538563282028863,1,0.009081840515136719,,,,,,,,,,,,,,,,,,,,,,2.17461275200003,4,radio://0/80/2M/E7E7E7E704,2.0943951023931953,aborted,cf4 起飞前预检失败（电压或 EKF 对齐）,0.0,0.0,0.0,0,0.0,global_abort:cf4 起飞前预检失败（电压或 EKF 对齐）,,,,,
2.17461275200003,1788688522.919642,control,aborted,1,1,0.008171778999894741,3.9747800827026367,3974.0,0,70.0,2.0691722669998853,3.9747800827026367,1,1,0,1.0566622335352516,-0.35989564657211304,-0.39163345098495483,0.03593689575791359,-0.0007545442203991115,0.000808134616818279,-0.0007226939778774977,-0.01690036617219448,0.01284308172762394,-0.029207786545157433,0.005445270333439112,-0.011706523597240448,0.002482502954080701,-0.00930691815942726,-0.04165223910602283,0.9239527212645461,-0.35989564657211304,-0.39163345098495483,0.03593689575791359,0.9239527212645461,0.0,0.0,0.0,0.0,0.0,0.0,-0.000143100037612846,0.0009416124323550394,-0.0008618278843757612,0.0,0.0,0.0,-0.00930691815942726,-0.04165223910602283,0.9239527212645461,0.0,0.0,0.0,0.0,0.0,0.0,zero,0.0,0.0,0.0,0.0,-0.000143100037612846,0.0009416124323550394,-0.0008618278843757612,-0.0019110991653089034,0.017058214862164023,-0.027855830291810314,1,0.009288787841796875,,,,,,,,,,,,,,,,,,,,,,2.17461275200003,5,radio://0/80/2M/E7E7E7E705,4.1887902047863905,aborted,cf4 起飞前预检失败（电压或 EKF 对齐）,0.0,0.0,0.0,0,0.0,global_abort:cf4 起飞前预检失败（电压或 EKF 对齐）,,,,,
2.1889868390007905,1788688522.9335756,control,aborted,1,1,0.0032083589994726935,3.8850440979003906,3885.0,0,40.0,2.160458368000036,3.8850440979003906,1,1,0,1.0810688100734358,0.46815603971481323,-0.04234393686056137,0.045328326523303986,-5.818484351038933e-05,0.0004190150066278875,0.00032422447111457586,0.005417290143668652,0.056222837418317795,0.08708153665065765,0.013442624360322952,-0.015523737296462059,0.007322634104639292,-0.0527847918222231,-0.0014010392293493314,3.041433408770487,0.46815603971481323,-0.04234393686056137,0.045328326523303986,3.041433408770487,0.0,0.0,0.0,0.0,0.0,0.0,-0.00033276852170721616,0.0004017798529435292,0.0008140140780928159,0.0,0.0,0.0,-0.0527847918222231,-0.0014010392293493314,3.041433408770487,0.0,0.0,0.0,0.0,0.0,0.0,zero,0.0,0.0,0.0,0.0,-0.00033276852170721616,0.0004017798529435292,0.0008140140780928159,-0.004750032051992427,-0.02941646804505857,-0.030589941294241862,1,0.003517627716064453,,,,,,,,,,,,,,,,,,,,,,2.1889868390007905,2,radio://0/80/2M/E7E7E7E702,0.0,aborted,cf4 起飞前预检失败（电压或 EKF 对齐）,0.0,0.0,0.0,0,0.0,global_abort:cf4 起飞前预检失败（电压或 EKF 对齐）,,,,,
2.1889868390007905,1788688522.9338152,control,aborted,1,1,0.0030218640004022745,3.790029287338257,3790.0,0,20.0,2.1226276769994,nan,1,0,1,1.0,-0.22226130962371826,0.44939684867858887,0.04249577969312668,0.00015385412552859634,0.0007178793894127011,0.000575995771214366,-0.04201929271221161,0.03196056932210922,0.014115318655967712,0.004992380738258362,-0.01197508443146944,0.006810382474213839,0.003487408137694186,0.024466707155184786,-0.9869002872965303,-0.22226130962371826,0.44939684867858887,0.04249577969312668,-0.9869002872965303,0.0,0.0,0.0,0.0,0.0,0.0,-0.00024074473813743554,-0.00015529070990916597,-0.0012978972565589,0.0,0.0,0.0,0.003487408137694186,0.024466707155184786,-0.9869002872965303,0.0,0.0,0.0,0.0,0.0,0.0,zero,0.0,0.0,0.0,0.0,-0.00024074473813743554,-0.00015529070990916597,-0.0012978972565589,0.026459126212549033,-0.007414706206961638,0.02261178774134421,1,0.0037572383880615234,,,,,,,,,,,,,,,,,,,,,,2.1889868390007905,4,radio://0/80/2M/E7E7E7E704,2.0943951023931953,aborted,cf4 起飞前预检失败（电压或 EKF 对齐）,0.0,0.0,0.0,0,0.0,global_abort:cf4 起飞前预检失败（电压或 EKF 对齐）,,,,,
2.1889868390007905,1788688522.9340193,control,aborted,1,1,0.002765077000731253,3.9747800827026367,3974.0,0,70.0,2.083546354000646,3.9747800827026367,1,1,0,1.0566622335352516,-0.3598553538322449,-0.3916226923465729,0.035883527249097824,0.0004590473836287856,0.00035763432970270514,-0.0015105714555829763,0.016001444309949875,-0.008109485730528831,-0.034723177552223206,0.0050493571907281876,0.004495956003665924,-0.004125666338950396,-0.009537056817335882,-0.04165066098744522,0.9235531475730799,-0.3598553538322449,-0.3916226923465729,0.035883527249097824,0.9235531475730799,0.0,0.0,0.0,0.0,0.0,0.0,-0.00034734339290613315,0.001122230856641536,-0.0010904054742871898,0.0,0.0,0.0,-0.009537056817335882,-0.04165066098744522,0.9235531475730799,0.0,0.0,0.0,0.0,0.0,0.0,zero,0.0,0.0,0.0,0.0,-0.00034734339290613315,0.001122230856641536,-0.0010904054742871898,-0.009720309702838196,0.0077441381609422814,-0.009683963081515107,1,0.003961324691772461,,,,,,,,,,,,,,,,,,,,,,2.1889868390007905,5,radio://0/80/2M/E7E7E7E705,4.1887902047863905,aborted,cf4 起飞前预检失败（电压或 EKF 对齐）,0.0,0.0,0.0,0,0.0,global_abort:cf4 起飞前预检失败（电压或 EKF 对齐）,,,,,
2.203211325000666,1788688522.947801,control,aborted,1,1,0.005277132000628626,3.8850440979003906,3885.0,0,40.0,2.1746828539999115,3.8850440979003906,1,1,0,1.0810688100734358,0.46812722086906433,-0.04236886650323868,0.04534929245710373,-0.0005263747880235314,-7.986059063114226e-05,0.0006084573687985539,-0.0034614182077348232,0.036672111600637436,0.07439763844013214,0.009766783565282822,-0.007361325901001692,0.004333900287747383,-0.05284395676454418,-0.00110252771774072,3.041325951366046,0.46812722086906433,-0.04236886650323868,0.04534929245710373,3.041325951366046,0.0,0.0,0.0,0.0,0.0,0.0,-0.0003628160588669191,0.00023737981677628503,0.000609520801334119,0.0,0.0,0.0,-0.05284395676454418,-0.00110252771774072,3.041325951366046,0.0,0.0,0.0,0.0,0.0,0.0,zero,0.0,0.0,0.0,0.0,-0.0003628160588669191,0.00023737981677628503,0.000609520801334119,-0.0025014093106621427,-0.013686039523180772,-0.017023737544054732,1,0.005730867385864258,,,,,,,,,,,,,,,,,,,,,,2.203211325000666,2,radio://0/80/2M/E7E7E7E702,0.0,aborted,cf4 起飞前预检失败（电压或 EKF 对齐）,0.0,0.0,0.0,0,0.0,global_abort:cf4 起飞前预检失败（电压或 EKF 对齐）,,,,,
2.203211325000666,1788688522.9480433,control,aborted,1,1,0.0047853110008873045,3.790029287338257,3790.0,0,20.0,2.1368521629992756,nan,1,0,1,1.0,-0.22223736345767975,0.4493211805820465,0.04246605560183525,0.0005217812722548842,-0.0006855523097328842,-3.410238423384726e-05,-0.027489537373185158,0.002201654016971588,0.0011342670768499374,-0.01438949629664421,-0.001583406701683998,-0.004747644066810608,0.002368187365585599,0.024948786082469445,-0.9875114290220962,-0.22223736345767975,0.4493211805820465,0.04246605560183525,-0.9875114290220962,0.0,0.0,0.0,0.0,0.0,0.0,-2.0647270354621252e-05,-0.0001464030029868255,-0.0009142139527333421,0.0,0.0,0.0,0.002368187365585599,0.024948786082469445,-0.9875114290220962,0.0,0.0,0.0,0.0,0.0,0.0,zero,0.0,0.0,0.0,0.0,-2.0647270354621252e-05,-0.0001464030029868255,-0.0009142139527333421,0.018322761437614455,0.0007398873567512919,0.03194102010536795,1,0.005973100662231445,,,,,,,,,,,,,,,,,,,,,,2.203211325000666,4,radio://0/80/2M/E7E7E7E704,2.0943951023931953,aborted,cf4 起飞前预检失败（电压或 EKF 对齐）,0.0,0.0,0.0,0,0.0,global_abort:cf4 起飞前预检失败（电压或 EKF 对齐）,,,,,
2.203211325000666,1788688522.9482486,control,aborted,1,1,0.004974557999958051,3.9747800827026367,3974.0,0,70.0,2.0977708400005213,3.9747800827026367,1,1,0,1.0566622335352516,-0.3598560392856598,-0.39165782928466797,0.03594217449426651,0.0003558252938091755,-0.00029891415033489466,-0.0002319946070201695,0.01108253188431263,-0.017418963834643364,-0.006490541622042656,-0.002778603695333004,-0.019290970638394356,-0.0035913074389100075,-0.009946385708324719,-0.043025426916805165,0.9235490418346359,-0.3598560392856598,-0.39165782928466797,0.03594217449426651,0.9235490418346359,0.0,0.0,0.0,0.0,0.0,0.0,-0.0002883383073438666,0.0010299903135968127,-0.001123025423445786,0.0,0.0,0.0,-0.009946385708324719,-0.043025426916805165,0.9235490418346359,0.0,0.0,0.0,0.0,0.0,0.0,zero,0.0,0.0,0.0,0.0,-0.0002883383073438666,0.0010299903135968127,-0.001123025423445786,0.004912078804242641,-0.007678877372420361,-0.0027155584867057615,1,0.006178379058837891,,,,,,,,,,,,,,,,,,,,,,2.203211325000666,5,radio://0/80/2M/E7E7E7E705,4.1887902047863905,aborted,cf4 起飞前预检失败（电压或 EKF 对齐）,0.0,0.0,0.0,0,0.0,global_abort:cf4 起飞前预检失败（电压或 EKF 对齐）,,,,,
2.217504846999873,1788688522.962123,control,aborted,1,1,0.003008739999131649,3.8850440979003906,3885.0,0,40.0,2.1889763759991183,3.8850440979003906,1,1,0,1.0810688100734358,0.46813297271728516,-0.04232240840792656,0.045310813933610916,-0.00018337485380470753,0.0009161124471575022,-0.0005105608724988997,0.006223268341273069,0.044027697294950485,0.021187836304306984,0.010429158806800842,-0.00921117514371872,-0.0021986139472573996,-0.05269566318386219,-0.0012868723820165166,3.0411116181881543,0.46813297271728516,-0.04232240840792656,0.045310813933610916,3.0411116181881543,0.0,0.0,0.0,0.0,0.0,0.0,-0.00035539065743676944,1.981623782801488e-05,0.0002602374920839425,0.0,0.0,0.0,-0.05269566318386219,-0.0012868723820165166,3.0411116181881543,0.0,0.0,0.0,0.0,0.0,0.0,zero,0.0,0.0,0.0,0.0,-0.00035539065743676944,1.981623782801488e-05,0.0002602374920839425,0.0021671273189638163,-0.009499159682932676,-0.020020248368370363,1,0.003863096237182617,,,,,,,,,,,,,,,,,,,,,,2.217504846999873,2,radio://0/80/2M/E7E7E7E702,0.0,aborted,cf4 起飞前预检失败（电压或 EKF 对齐）,0.0,0.0,0.0,0,0.0,global_abort:cf4 起飞前预检失败（电压或 EKF 对齐）,,,,,
2.217504846999873,1788688522.962387,control,aborted,1,1,0.0032777830001577968,3.790029287338257,3790.0,0,20.0,2.1511456849984825,nan,1,0,1,1.0,-0.22227485477924347,0.4493613839149475,0.042460404336452484,-0.0004947544075548649,0.0004932270967401564,-0.00016185724234674126,-0.04032623767852783,0.029001902788877487,-0.0025527584366500378,0.0059334393590688705,0.003889700397849083,0.0033617960289120674,0.0030069794905169594,0.025114923821722302,-0.987285989051947,-0.22227485477924347,0.4493613839149475,0.042460404336452484,-0.987285989051947,0.0,0.0,0.0,0.0,0.0,0.0,0.00022512304271833953,-8.091043070988687e-05,-0.0003610097037472374,0.0,0.0,0.0,0.0030069794905169594,0.025114923821722302,-0.987285989051947,0.0,0.0,0.0,0.0,0.0,0.0,zero,0.0,0.0,0.0,0.0,0.00022512304271833953,-8.091043070988687e-05,-0.0003610097037472374,0.00830574856605242,0.005516163697811035,0.024696535682598404,1,0.0041272640228271484,,,,,,,,,,,,,,,,,,,,,,2.217504846999873,4,radio://0/80/2M/E7E7E7E704,2.0943951023931953,aborted,cf4 起飞前预检失败（电压或 EKF 对齐）,0.0,0.0,0.0,0,0.0,global_abort:cf4 起飞前预检失败（电压或 EKF 对齐）,,,,,
2.217504846999873,1788688522.9626112,control,aborted,1,1,0.0027824739991046954,3.9747800827026367,3974.0,0,70.0,2.112064361999728,3.9747800827026367,1,1,0,1.0566622335352516,-0.3599119782447815,-0.39160528779029846,0.03592699393630028,-0.0009075738489627838,0.0009633484878577292,-0.0005488437600433826,-0.018279770389199257,0.01686861366033554,-0.013049781322479248,0.045329488813877106,0.060718029737472534,0.01744036190211773,-0.007863907656214931,-0.039767594445384795,0.924459491017553,-0.3599119782447815,-0.39160528779029846,0.03592699393630028,0.924459491017553,0.0,0.0,0.0,0.0,0.0,0.0,-4.2986720284309666e-05,0.0007347464925014419,-0.0010846230942122559,0.0,0.0,0.0,-0.007863907656214931,-0.039767594445384795,0.924459491017553,0.0,0.0,0.0,0.0,0.0,0.0,zero,0.0,0.0,0.0,0.0,-4.2986720284309666e-05,0.0007347464925014419,-0.0010846230942122559,0.015138067152796563,-0.01688361721247074,0.003959347765895374,1,0.004351377487182617,,,,,,,,,,,,,,,,,,,,,,2.217504846999873,5,radio://0/80/2M/E7E7E7E705,4.1887902047863905,aborted,cf4 起飞前预检失败（电压或 EKF 对齐）,0.0,0.0,0.0,0,0.0,global_abort:cf4 起飞前预检失败（电压或 EKF 对齐）,,,,,
2.2318790600002103,1788688522.9764736,control,aborted,1,1,0.007847656999729224,3.8850440979003906,3885.0,0,40.0,2.203350588999456,3.8850440979003906,1,1,0,1.0810688100734358,0.46817928552627563,-0.04231525957584381,0.04535587131977081,0.0007853112183511257,0.0008767549879848957,0.000498297973535955,0.024472709745168686,0.034430116415023804,0.03725281357765198,0.001411569770425558,-0.01353629119694233,-0.0038860535714775324,-0.05303998262011145,-0.001598493076104504,3.0410222605109287,0.46817928552627563,-0.04231525957584381,0.04535587131977081,3.0410222605109287,0.0,0.0,0.0,0.0,0.0,0.0,-0.0002769610577108357,5.046768497125432e-05,7.964731853835324e-05,0.0,0.0,0.0,-0.05303998262011145,-0.001598493076104504,3.0410222605109287,0.0,0.0,0.0,0.0,0.0,0.0,zero,0.0,0.0,0.0,0.0,-0.0002769610577108357,5.046768497125432e-05,7.964731853835324e-05,0.007892077727769365,0.003084340659245664,-0.018172114756080784,1,0.008275985717773438,,,,,,,,,,,,,,,,,,,,,,2.2318790600002103,2,radio://0/80/2M/E7E7E7E702,0.0,aborted,cf4 起飞前预检失败（电压或 EKF 对齐）,0.0,0.0,0.0,0,0.0,global_abort:cf4 起飞前预检失败（电压或 EKF 对齐）,,,,,
2.2318790600002103,1788688522.976712,control,aborted,1,1,0.00737768199905986,3.790029287338257,3790.0,0,20.0,2.16551989799882,nan,1,0,1,1.0,-0.2222910225391388,0.44936251640319824,0.042469482868909836,-0.0007211677730083466,0.0004173721536062658,5.3212977945804596e-05,-0.03681739419698715,0.021674998104572296,0.002285923110321164,0.003053582739084959,0.006174569949507713,0.009896030649542809,0.00293187867729188,0.025266054863051394,-0.9869273048954047,-0.2222910225391388,0.44936251640319824,0.042469482868909836,-0.9869273048954047,0.0,0.0,0.0,0.0,0.0,0.0,0.00017356835361236837,2.7656150104562454e-05,-0.00020520862503810256,0.0,0.0,0.0,0.00293187867729188,0.025266054863051394,-0.9869273048954047,0.0,0.0,0.0,0.0,0.0,0.0,zero,0.0,0.0,0.0,0.0,0.00017356835361236837,2.7656150104562454e-05,-0.00020520862503810256,-0.005187755835514882,0.010924649589184014,0.015677680716713185,1,0.008514404296875,,,,,,,,,,,,,,,,,,,,,,2.2318790600002103,4,radio://0/80/2M/E7E7E7E704,2.0943951023931953,aborted,cf4 起飞前预检失败（电压或 EKF 对齐）,0.0,0.0,0.0,0,0.0,global_abort:cf4 起飞前预检失败（电压或 EKF 对齐）,,,,,
2.2318790600002103,1788688522.976916,control,aborted,1,1,0.007557339000413776,3.9747800827026367,3974.0,0,70.0,2.1264385750000656,3.9747800827026367,1,1,0,1.0566622335352516,-0.35988762974739075,-0.3916449546813965,0.035934533923864365,-0.0002360634971410036,-2.7588161174207926e-05,-0.0002873383346013725,-0.0011101644486188889,-0.006446979008615017,-0.0051772212609648705,0.027884937822818756,0.019215622916817665,0.006120757199823856,-0.008264961662953629,-0.04122956333268973,0.9240818002085786,-0.35988762974739075,-0.3916449546813965,0.035934533923864365,0.9240818002085786,0.0,0.0,0.0,0.0,0.0,0.0,8.41200397511295e-06,0.000619509866325514,-0.0010046732571907429,0.0,0.0,0.0,-0.008264961662953629,-0.04122956333268973,0.9240818002085786,0.0,0.0,0.0,0.0,0.0,0.0,zero,0.0,0.0,0.0,0.0,8.41200397511295e-06,0.000619509866325514,-0.0010046732571907429,0.005172061675452073,-0.011595831344853867,0.008045053529549451,1,0.008718490600585938,,,,,,,,,,,,,,,,,,,,,,2.2318790600002103,5,radio://0/80/2M/E7E7E7E705,4.1887902047863905,aborted,cf4 起飞前预检失败（电压或 EKF 对齐）,0.0,0.0,0.0,0,0.0,global_abort:cf4 起飞前预检失败（电压或 EKF 对齐）,,,,,
2.2460776640000404,1788688522.9906769,control,aborted,1,1,0.0016474269996251678,3.8850440979003906,3885.0,0,40.0,2.217549192999286,3.8850440979003906,1,1,0,1.0810688100734358,0.4681525230407715,-0.042355239391326904,0.04529867321252823,-7.529312279075384e-05,5.5645417887717485e-05,-0.0005166544578969479,-0.0018317997455596924,0.012159379199147224,0.010056734085083008,0.00866504106670618,-0.010602634400129318,0.0073347194120287895,-0.05271065673875175,-0.0018413407957585926,3.0415671179725625,0.4681525230407715,-0.042355239391326904,0.04529867321252823,3.0415671179725625,0.0,0.0,0.0,0.0,0.0,0.0,6.57391878421444e-05,0.00019561744072739523,-0.00014982364304382044,0.0,0.0,0.0,-0.05271065673875175,-0.0018413407957585926,3.0415671179725625,0.0,0.0,0.0,0.0,0.0,0.0,zero,0.0,0.0,0.0,0.0,6.57391878421444e-05,0.00019561744072739523,-0.00014982364304382044,0.01854171324670577,0.004652055308440226,-0.011863803979136679,1,0.0024695396423339844,,,,,,,,,,,,,,,,,,,,,,2.2460776640000404,2,radio://0/80/2M/E7E7E7E702,0.0,aborted,cf4 起飞前预检失败（电压或 EKF 对齐）,0.0,0.0,0.0,0,0.0,global_abort:cf4 起飞前预检失败（电压或 EKF 对齐）,,,,,
2.2460776640000404,1788688522.9909625,control,aborted,1,1,0.0018285189999005524,3.790029287338257,3790.0,0,20.0,2.17971850199865,nan,1,0,1,1.0,-0.22231286764144897,0.4493579566478729,0.04248517006635666,-0.0007209230680018663,0.0001420506159774959,0.00041248026536777616,-0.02058006078004837,0.008003557100892067,0.010013198480010033,-0.0044029182754457,0.0058514149859547615,0.0013654101639986038,0.002638003101563232,0.025248925636879766,-0.9870394086950333,-0.22231286764144897,0.4493579566478729,0.04248517006635666,-0.9870394086950333,0.0,0.0,0.0,0.0,0.0,0.0,-0.00023540450933465912,0.00024468050455238733,-1.562628347353668e-05,0.0,0.0,0.0,0.002638003101563232,0.025248925636879766,-0.9870394086950333,0.0,0.0,0.0,0.0,0.0,0.0,zero,0.0,0.0,0.0,0.0,-0.00023540450933465912,0.00024468050455238733,-1.562628347353668e-05,-0.02411455906164772,0.010042373879838867,0.008692739843430787,1,0.0027551651000976562,,,,,,,,,,,,,,,,,,,,,,2.2460776640000404,4,radio://0/80/2M/E7E7E7E704,2.0943951023931953,aborted,cf4 起飞前预检失败（电压或 EKF 对齐）,0.0,0.0,0.0,0,0.0,global_abort:cf4 起飞前预检失败（电压或 EKF 对齐）,,,,,
2.2460776640000404,1788688522.9912794,control,aborted,1,1,0.0020240300000295974,3.9747800827026367,3974.0,0,70.0,2.1406371789998957,3.9747800827026367,1,1,0,1.0566622335352516,-0.3598784804344177,-0.3916829526424408,0.03595859929919243,-0.00013651754125021398,-0.0008183099562302232,0.00033042579889297485,-0.002279778942465782,-0.020833982154726982,0.00951544102281332,0.0077429660595953465,0.004119498655200005,-0.003120994661003351,-0.008832708661466782,-0.041340567157945665,0.9238171835603195,-0.3598784804344177,-0.3916829526424408,0.03595859929919243,0.9238171835603195,0.0,0.0,0.0,0.0,0.0,0.0,-3.645824307321937e-06,0.00032935045337876276,-0.0006746171196909648,0.0,0.0,0.0,-0.008832708661466782,-0.041340567157945665,0.9238171835603195,0.0,0.0,0.0,0.0,0.0,0.0,zero,0.0,0.0,0.0,0.0,-3.645824307321937e-06,0.00032935045337876276,-0.0006746171196909648,0.00040427672865286376,-0.017554521323835476,0.019247444355395212,1,0.003072023391723633,,,,,,,,,,,,,,,,,,,,,,2.2460776640000404,5,radio://0/80/2M/E7E7E7E705,4.1887902047863905,aborted,cf4 起飞前预检失败（电压或 EKF 对齐）,0.0,0.0,0.0,0,0.0,global_abort:cf4 起飞前预检失败（电压或 EKF 对齐）,,,,,
2.2603641050009173,1788688523.0049493,control,aborted,1,1,0.004896681999525754,3.8850440979003906,3885.0,0,40.0,2.231835634000163,3.8850440979003906,1,1,0,1.0810688100734358,0.4681719243526459,-0.04239044710993767,0.04535204917192459,0.0002809598809108138,-0.0005746518727391958,0.0005253540584817529,0.004799678921699524,-0.001357000321149826,0.026370305567979813,0.012536779046058655,0.00022657867521047592,-0.00860533770173788,-0.052390583780685084,-0.0013900515352503506,3.040719255579536,0.4681719243526459,-0.04239044710993767,0.04535204917192459,3.040719255579536,0.0,0.0,0.0,0.0,0.0,0.0,0.0001758698685991956,0.00014400356168958777,-0.00023587236881446834,0.0,0.0,0.0,-0.052390583780685084,-0.0013900515352503506,3.040719255579536,0.0,0.0,0.0,0.0,0.0,0.0,zero,0.0,0.0,0.0,0.0,0.0001758698685991956,0.00014400356168958777,-0.00023587236881446834,0.009683890038197545,-0.004538454912029182,-0.007566342027143219,1,0.005369424819946289,,,,,,,,,,,,,,,,,,,,,,2.2603641050009173,2,radio://0/80/2M/E7E7E7E702,0.0,aborted,cf4 起飞前预检失败（电压或 EKF 对齐）,0.0,0.0,0.0,0,0.0,global_abort:cf4 起飞前预检失败（电压或 EKF 对齐）,,,,,
2.2603641050009173,1788688523.0051851,control,aborted,1,1,0.004707767000581953,3.790029287338257,3790.0,0,20.0,2.194004942999527,nan,1,0,1,1.0,-0.2223278433084488,0.4493742883205414,0.04247766733169556,-0.0008401027880609035,0.00040085174259729683,0.00019803998293355107,-0.018559960648417473,0.010954161174595356,0.004239379428327084,0.011599462479352951,-0.0007631387561559677,0.0010126637062057853,0.0034977346757407816,0.024939365458451507,-0.9870448584332681,-0.2223278433084488,0.4493742883205414,0.04247766733169556,-0.9870448584332681,0.0,0.0,0.0,0.0,0.0,0.0,-0.00046390982258724174,0.0002971359888598961,7.00152394742366e-05,0.0,0.0,0.0,0.0034977346757407816,0.024939365458451507,-0.9870448584332681,0.0,0.0,0.0,0.0,0.0,0.0,zero,0.0,0.0,0.0,0.0,-0.00046390982258724174,0.0002971359888598961,7.00152394742366e-05,-0.02009267818441426,0.004612458022073822,0.007530536315847741,1,0.005605220794677734,,,,,,,,,,,,,,,,,,,,,,2.2603641050009173,4,radio://0/80/2M/E7E7E7E704,2.0943951023931953,aborted,cf4 起飞前预检失败（电压或 EKF 对齐）,0.0,0.0,0.0,0,0.0,global_abort:cf4 起飞前预检失败（电压或 EKF 对齐）,,,,,
2.2603641050009173,1788688523.0053895,control,aborted,1,1,0.00451566400079173,3.9747800827026367,3974.0,0,70.0,2.1549236200007726,3.9747800827026367,1,1,0,1.0566622335352516,-0.3599202632904053,-0.3916070759296417,0.03587483614683151,-0.0008440136443823576,0.0006797313108108938,-0.0012087307404726744,-0.014265955425798893,0.009677590802311897,-0.01945548504590988,0.0005898885428905487,0.012408265843987465,0.00021913251839578152,-0.009157554210471498,-0.04082102728596539,0.9239671101520929,-0.3599202632904053,-0.3916070759296417,0.03587483614683151,0.9239671101520929,0.0,0.0,0.0,0.0,0.0,0.0,-3.556682332414723e-05,0.0001418242816624355,-0.0004977656698848946,0.0,0.0,0.0,-0.009157554210471498,-0.04082102728596539,0.9239671101520929,0.0,0.0,0.0,0.0,0.0,0.0,zero,0.0,0.0,0.0,0.0,-3.556682332414723e-05,0.0001418242816624355,-0.0004977656698848946,-0.002806842219292797,-0.01648934532776684,0.01555070740728301,1,0.0058095455169677734,,,,,,,,,,,,,,,,,,,,,,2.2603641050009173,5,radio://0/80/2M/E7E7E7E705,4.1887902047863905,aborted,cf4 起飞前预检失败（电压或 EKF 对齐）,0.0,0.0,0.0,0,0.0,global_abort:cf4 起飞前预检失败（电压或 EKF 对齐）,,,,,
2.274607137000203,1788688523.0192077,control,aborted,1,1,0.0037215629999991506,3.8850440979003906,3885.0,0,40.0,2.2460786659994483,3.8850440979003906,1,1,0,1.0810688100734358,0.468131959438324,-0.04233931750059128,0.04529082030057907,-0.0002993652014993131,0.0002108346379827708,-0.0003827230248134583,-0.00377112184651196,0.009215922094881535,0.00918696727603674,0.011197973974049091,-0.014632103033363819,0.006397969089448452,-0.05230354444296043,-0.00246502614244378,3.041789734506088,0.468131959438324,-0.04233931750059128,0.04529082030057907,3.041789734506088,0.0,0.0,0.0,0.0,0.0,0.0,0.00017990809080068815,1.413690940335064e-05,-0.00018699710732683546,0.0,0.0,0.0,-0.05230354444296043,-0.00246502614244378,3.041789734506088,0.0,0.0,0.0,0.0,0.0,0.0,zero,0.0,0.0,0.0,0.0,0.00017990809080068815,1.413690940335064e-05,-0.00018699710732683546,0.00026480201886417147,-0.008515864158197295,0.003204941993943757,1,0.004377841949462891,,,,,,,,,,,,,,,,,,,,,,2.274607137000203,2,radio://0/80/2M/E7E7E7E702,0.0,aborted,cf4 起飞前预检失败（电压或 EKF 对齐）,0.0,0.0,0.0,0,0.0,global_abort:cf4 起飞前预检失败（电压或 EKF 对齐）,,,,,
2.274607137000203,1788688523.0194497,control,aborted,1,1,0.0039352509993477724,3.790029287338257,3790.0,0,20.0,2.2082479749988124,nan,1,0,1,1.0,-0.22230727970600128,0.4493838846683502,0.04242278262972832,-0.000402394070988521,0.00044653587974607944,-0.0005613715620711446,-0.009107492864131927,0.009362468495965004,-0.0065680500119924545,0.0030419579707086086,-0.01648874208331108,-0.0014036567881703377,0.0030179126495926112,0.02372921527469894,-0.9872177202391785,-0.22230727970600128,0.4493838846683502,0.04242278262972832,-0.9872177202391785,0.0,0.0,0.0,0.0,0.0,0.0,-0.0006242050139637067,0.00033274063898742134,0.00010088753306020787,0.0,0.0,0.0,0.0030179126495926112,0.02372921527469894,-0.9872177202391785,0.0,0.0,0.0,0.0,0.0,0.0,zero,0.0,0.0,0.0,0.0,-0.0006242050139637067,0.00033274063898742134,0.00010088753306020787,-0.010511182439395781,0.002334736120076913,0.002024416998527487,1,0.0046198368072509766,,,,,,,,,,,,,,,,,,,,,,2.274607137000203,4,radio://0/80/2M/E7E7E7E704,2.0943951023931953,aborted,cf4 起飞前预检失败（电压或 EKF 对齐）,0.0,0.0,0.0,0,0.0,global_abort:cf4 起飞前预检失败（电压或 EKF 对齐）,,,,,
2.274607137000203,1788688523.0196512,control,aborted,1,1,0.003477477999695111,3.9747800827026367,3974.0,0,70.0,2.169166652000058,3.9747800827026367,1,1,0,1.0566622335352516,-0.3598830997943878,-0.39159172773361206,0.03587770462036133,-0.00018781793187372386,0.0007450740085914731,-0.0009293650509789586,-0.0028068693354725838,0.00859903171658516,-0.011900555342435837,-0.009976186789572239,-0.015061219222843647,0.004179198760539293,-0.009967736306270432,-0.042723332252827304,0.9242908772172189,-0.3598830997943878,-0.39159172773361206,0.03587770462036133,0.9242908772172189,0.0,0.0,0.0,0.0,0.0,0.0,-0.00018871077998058576,0.00012290400444962428,-0.0005060574121859482,0.0,0.0,0.0,-0.009967736306270432,-0.042723332252827304,0.9242908772172189,0.0,0.0,0.0,0.0,0.0,0.0,zero,0.0,0.0,0.0,0.0,-0.00018871077998058576,0.00012290400444962428,-0.0005060574121859482,-0.010042248018071803,-0.001240676553551319,-0.000543721962701538,1,0.004821300506591797,,,,,,,,,,,,,,,,,,,,,,2.274607137000203,5,radio://0/80/2M/E7E7E7E705,4.1887902047863905,aborted,cf4 起飞前预检失败（电压或 EKF 对齐）,0.0,0.0,0.0,0,0.0,global_abort:cf4 起飞前预检失败（电压或 EKF 对齐）,,,,,
2.2889304670006823,1788688523.0335174,control,aborted,1,1,0.0017316159992333269,3.8850440979003906,3885.0,0,40.0,2.2604019959999277,3.8850440979003906,1,1,0,1.0810688100734358,0.468150794506073,-0.0423530638217926,0.04528769850730896,0.0010793154360726476,4.739375435747206e-05,9.310489986091852e-05,0.061023108661174774,0.008920744992792606,0.03159038722515106,-0.008396882563829422,0.018249019980430603,-0.004686766304075718,-0.05284125749799002,-0.0014553434760739643,3.041790282569306,0.468150794506073,-0.0423530638217926,0.04528769850730896,3.041790282569306,0.0,0.0,0.0,0.0,0.0,0.0,0.00041350766093861593,-4.397200634707478e-05,-2.992989641538462e-05,0.0,0.0,0.0,-0.05284125749799002,-0.0014553434760739643,3.041790282569306,0.0,0.0,0.0,0.0,0.0,0.0,zero,0.0,0.0,0.0,0.0,0.00041350766093861593,-4.397200634707478e-05,-2.992989641538462e-05,0.019754996784219922,0.003005086558017988,0.009808064132070337,1,0.002779722213745117,,,,,,,,,,,,,,,,,,,,,,2.2889304670006823,2,radio://0/80/2M/E7E7E7E702,0.0,aborted,cf4 起飞前预检失败（电压或 EKF 对齐）,0.0,0.0,0.0,0,0.0,global_abort:cf4 起飞前预检失败（电压或 EKF 对齐）,,,,,
2.2889304670006823,1788688523.0337567,control,aborted,1,1,0.002321096000741818,3.790029287338257,3790.0,0,20.0,2.222571304999292,nan,1,0,1,1.0,-0.2222706824541092,0.44940197467803955,0.04243035987019539,0.0001806332729756832,0.00039773184107616544,-0.00010567583376541734,-0.003341546282172203,-0.004967918619513512,0.010345546528697014,-0.015320327132940292,0.01770160160958767,0.0058328695595264435,0.0023579627850768546,0.024024388250414457,-0.9869672792630861,-0.2222706824541092,0.44940197467803955,0.04243035987019539,-0.9869672792630861,0.0,0.0,0.0,0.0,0.0,0.0,-0.0007700570962767969,0.0003193752281031197,5.539925249614534e-05,0.0,0.0,0.0,0.0023579627850768546,0.024024388250414457,-0.9869672792630861,0.0,0.0,0.0,0.0,0.0,0.0,zero,0.0,0.0,0.0,0.0,-0.0007700570962767969,0.0003193752281031197,5.539925249614534e-05,-0.0024389629067119874,-0.003320509698671701,-0.004870140984733285,1,0.003019094467163086,,,,,,,,,,,,,,,,,,,,,,2.2889304670006823,4,radio://0/80/2M/E7E7E7E704,2.0943951023931953,aborted,cf4 起飞前预检失败（电压或 EKF 对齐）,0.0,0.0,0.0,0,0.0,global_abort:cf4 起飞前预检失败（电压或 EKF 对齐）,,,,,
2.2889304670006823,1788688523.033964,control,aborted,1,1,0.0019285630005470011,3.9747800827026367,3974.0,0,70.0,2.1834899820005376,3.9747800827026367,1,1,0,1.0566622335352516,-0.35988515615463257,-0.39161044359207153,0.0359385684132576,0.0004362612380646169,-0.00012299387890379876,0.0008197660208679736,0.034106217324733734,-0.02285810187458992,0.039171818643808365,0.023637758567929268,0.05504985526204109,-0.010543420910835266,-0.009195360057440012,-0.040631909111742075,0.9237107448701362,-0.35988515615463257,-0.39161044359207153,0.0359385684132576,0.9237107448701362,0.0,0.0,0.0,0.0,0.0,0.0,-0.00014738195927390695,0.00011837263054305708,-0.0004336169301663319,0.0,0.0,0.0,-0.009195360057440012,-0.040631909111742075,0.9237107448701362,0.0,0.0,0.0,0.0,0.0,0.0,zero,0.0,0.0,0.0,0.0,-0.00014738195927390695,0.00011837263054305708,-0.0004336169301663319,0.013023066368758014,-0.0005788602688778382,0.008026117087780336,1,0.0032262802124023438,,,,,,,,,,,,,,,,,,,,,,2.2889304670006823,5,radio://0/80/2M/E7E7E7E705,4.1887902047863905,aborted,cf4 起飞前预检失败（电压或 EKF 对齐）,0.0,0.0,0.0,0,0.0,global_abort:cf4 起飞前预检失败（电压或 EKF 对齐）,,,,,
2.303309791999709,1788688523.047911,control,aborted,1,1,0.008906236998882378,3.8850440979003906,3885.0,0,40.0,2.2747813209989545,3.8850440979003906,1,1,0,1.0810688100734358,0.46819591522216797,-0.04237303510308266,0.045329898595809937,0.002074197633191943,-0.0004979837103746831,0.0012068585492670536,0.07551462203264236,-0.007497773971408606,0.055158182978630066,-0.007890165783464909,-0.0025992384180426598,-0.02284824103116989,-0.052883740552221975,-0.0021329886324985134,3.041113387433097,0.46819591522216797,-0.04237303510308266,0.045329898595809937,3.041113387433097,0.0,0.0,0.0,0.0,0.0,0.0,0.000658191199308757,-1.4340492199195912e-05,8.846553350268333e-05,0.0,0.0,0.0,-0.052883740552221975,-0.0021329886324985134,3.041113387433097,0.0,0.0,0.0,0.0,0.0,0.0,zero,0.0,0.0,0.0,0.0,0.000658191199308757,-1.4340492199195912e-05,8.846553350268333e-05,0.032829312680977454,0.003975675068504044,0.015885174027928474,1,0.009720087051391602,,,,,,,,,,,,,,,,,,,,,,2.303309791999709,2,radio://0/80/2M/E7E7E7E702,0.0,aborted,cf4 起飞前预检失败（电压或 EKF 对齐）,0.0,0.0,0.0,0,0.0,global_abort:cf4 起飞前预检失败（电压或 EKF 对齐）,,,,,
2.303309791999709,1788688523.0481544,control,aborted,1,1,0.009302189999289112,3.790029287338257,3790.0,0,20.0,2.2369506299983186,nan,1,0,1,1.0,-0.22227288782596588,0.4493275582790375,0.042444709688425064,8.532883657608181e-05,-0.0016786644700914621,0.00030051471549086273,-0.00523058557882905,-0.05969124287366867,0.0191759392619133,0.0007911892607808113,-0.0012949137017130852,0.0014994849916547537,0.0028413621709475895,0.02344869165355571,-0.9870868129468581,-0.22227288782596588,0.4493275582790375,0.042444709688425064,-0.9870868129468581,0.0,0.0,0.0,0.0,0.0,0.0,-0.0007317081806450176,0.0002437610335430933,1.6416258952763963e-05,0.0,0.0,0.0,0.0028413621709475895,0.02344869165355571,-0.9870868129468581,0.0,0.0,0.0,0.0,0.0,0.0,zero,0.0,0.0,0.0,0.0,-0.0007317081806450176,0.0002437610335430933,1.6416258952763963e-05,0.005145293184160275,-0.010145194290006624,-0.005230367734588743,1,0.009963512420654297,,,,,,,,,,,,,,,,,,,,,,2.303309791999709,4,radio://0/80/2M/E7E7E7E704,2.0943951023931953,aborted,cf4 起飞前预检失败（电压或 EKF 对齐）,0.0,0.0,0.0,0,0.0,global_abort:cf4 起飞前预检失败（电压或 EKF 对齐）,,,,,
2.303309791999709,1788688523.0483563,control,aborted,1,1,0.009112087998801144,3.9747800827026367,3974.0,0,70.0,2.1978693069995643,3.9747800827026367,1,1,0,1.0566622335352516,-0.35988396406173706,-0.3916138708591461,0.035917315632104874,0.0003809969930443913,-0.00019036055891774595,8.552707731723785e-05,0.025802042335271835,-0.020094163715839386,0.011635279282927513,0.03402617946267128,0.04420442506670952,0.003650323487818241,-0.008650340306087837,-0.040621759776135406,0.9241614139531199,-0.35988396406173706,-0.3916138708591461,0.035917315632104874,0.9241614139531199,0.0,0.0,0.0,0.0,0.0,0.0,1.612193174449752e-05,9.147967684047362e-05,-0.00030049235201388616,0.0,0.0,0.0,-0.008650340306087837,-0.040621759776135406,0.9241614139531199,0.0,0.0,0.0,0.0,0.0,0.0,zero,0.0,0.0,0.0,0.0,1.612193174449752e-05,9.147967684047362e-05,-0.00030049235201388616,0.021937398807269696,-0.003608241044322338,0.017861391210873472,1,0.01016545295715332,,,,,,,,,,,,,,,,,,,,,,2.303309791999709,5,radio://0/80/2M/E7E7E7E705,4.1887902047863905,aborted,cf4 起飞前预检失败（电压或 EKF 对齐）,0.0,0.0,0.0,0,0.0,global_abort:cf4 起飞前预检失败（电压或 EKF 对齐）,,,,,
2.3176047340002697,1788688523.0622284,control,aborted,1,1,0.011639119999017566,3.8850440979003906,3885.0,0,40.0,2.289076262999515,3.8850440979003906,1,1,0,1.0810688100734358,0.46812859177589417,-0.04236401990056038,0.04533551260828972,0.0004993252223357558,-0.00024304834369104356,0.0010622204281389713,0.03327547758817673,-0.0016054939478635788,0.04163432493805885,-0.005118464585393667,0.011797466315329075,-0.024760963395237923,-0.05281373771876845,-0.0013486306557850593,3.040695168885937,0.46812859177589417,-0.04236401990056038,0.04533551260828972,3.040695168885937,0.0,0.0,0.0,0.0,0.0,0.0,0.0009238199380166282,-5.366782499344366e-05,0.00029839205148228027,0.0,0.0,0.0,-0.05281373771876845,-0.0013486306557850593,3.040695168885937,0.0,0.0,0.0,0.0,0.0,0.0,zero,0.0,0.0,0.0,0.0,0.0009238199380166282,-5.366782499344366e-05,0.00029839205148228027,0.022885353845847195,-0.003388262622439959,0.01808630598089467,1,0.012430667877197266,,,,,,,,,,,,,,,,,,,,,,2.3176047340002697,2,radio://0/80/2M/E7E7E7E702,0.0,aborted,cf4 起飞前预检失败（电压或 EKF 对齐）,0.0,0.0,0.0,0,0.0,global_abort:cf4 起飞前预检失败（电压或 EKF 对齐）,,,,,
2.3176047340002697,1788688523.0624814,control,aborted,1,1,0.011975695999353775,3.790029287338257,3790.0,0,20.0,2.2512455719988793,nan,1,0,1,1.0,-0.22233009338378906,0.4493561089038849,0.042445845901966095,-0.000917431025300175,-0.0008509831968694925,0.00025998958153650165,-0.021462764590978622,-0.033491432666778564,0.014642474241554737,0.006891172379255295,0.0073562064208090305,0.0022718096151947975,0.003206072553470832,0.02393554663768171,-0.9870231090070625,-0.22233009338378906,0.4493561089038849,0.042445845901966095,-0.9870231090070625,0.0,0.0,0.0,0.0,0.0,0.0,-0.0006012045783479351,-1.976269670621257e-05,3.0130466567713766e-05,0.0,0.0,0.0,0.003206072553470832,0.02393554663768171,-0.9870231090070625,0.0,0.0,0.0,0.0,0.0,0.0,zero,0.0,0.0,0.0,0.0,-0.0006012045783479351,-1.976269670621257e-05,3.0130466567713766e-05,0.011243591831420869,-0.02270399597148049,0.0011815532291809137,1,0.012683629989624023,,,,,,,,,,,,,,,,,,,,,,2.3176047340002697,4,radio://0/80/2M/E7E7E7E704,2.0943951023931953,aborted,cf4 起飞前预检失败（电压或 EKF 对齐）,0.0,0.0,0.0,0,0.0,global_abort:cf4 起飞前预检失败（电压或 EKF 对齐）,,,,,
2.3176047340002697,1788688523.0627034,control,aborted,1,1,0.011355418999301037,3.9747800827026367,3974.0,0,70.0,2.212164249000125,3.9747800827026367,1,1,0,1.0566622335352516,-0.3598710894584656,-0.3916250169277191,0.03594424948096275,0.0005266366060823202,-0.00034434348344802856,0.000532511854544282,0.023151112720370293,-0.018728571012616158,0.017010102048516273,0.0036518312990665436,-0.004180740565061569,-0.004068697337061167,-0.010002136620163703,-0.04292042541828443,0.9237768846761731,-0.3598710894584656,-0.3916250169277191,0.03594424948096275,0.9237768846761731,0.0,0.0,0.0,0.0,0.0,0.0,0.00017432562593207301,2.0879906643388764e-05,-0.00010661147781712888,0.0,0.0,0.0,-0.010002136620163703,-0.04292042541828443,0.9237768846761731,0.0,0.0,0.0,0.0,0.0,0.0,zero,0.0,0.0,0.0,0.0,0.00017432562593207301,2.0879906643388764e-05,-0.00010661147781712888,0.013630104704839979,-0.006082552400975985,0.01670388690440104,1,0.012905597686767578,,,,,,,,,,,,,,,,,,,,,,2.3176047340002697,5,radio://0/80/2M/E7E7E7E705,4.1887902047863905,aborted,cf4 起飞前预检失败（电压或 EKF 对齐）,0.0,0.0,0.0,0,0.0,global_abort:cf4 起飞前预检失败（电压或 EKF 对齐）,,,,,
2.331854863001354,1788688523.0764534,control,aborted,1,1,0.005983465000099386,3.8850440979003906,3885.0,0,40.0,2.3033263920005993,3.8850440979003906,1,1,0,1.0810688100734358,0.46812939643859863,-0.04234153404831886,0.04528383910655975,0.00035327926161698997,0.0003954776911996305,-0.0007247135508805513,0.019029129296541214,0.014405597932636738,-0.017989078536629677,-0.010072245262563229,-0.0057711610570549965,-0.0278855599462986,-0.05287691180662732,-0.0017463010937546154,3.0404306288016816,0.46812939643859863,-0.04234153404831886,0.04528383910655975,3.0404306288016816,0.0,0.0,0.0,0.0,0.0,0.0,0.0010420944769856991,-0.00015688371361013975,0.0007230583191313862,0.0,0.0,0.0,-0.05287691180662732,-0.0017463010937546154,3.0404306288016816,0.0,0.0,0.0,0.0,0.0,0.0,zero,0.0,0.0,0.0,0.0,0.0010420944769856991,-0.00015688371361013975,0.0007230583191313862,0.0012850522577332628,-0.004531529374433166,0.02104423746085048,1,0.0063593387603759766,,,,,,,,,,,,,,,,,,,,,,2.331854863001354,2,radio://0/80/2M/E7E7E7E702,0.0,aborted,cf4 起飞前预检失败（电压或 EKF 对齐）,0.0,0.0,0.0,0,0.0,global_abort:cf4 起飞前预检失败（电压或 EKF 对齐）,,,,,
2.331854863001354,1788688523.0766978,control,aborted,1,1,0.0057207320005545625,3.790029287338257,3790.0,0,20.0,2.2654957009999634,nan,1,0,1,1.0,-0.2222839593887329,0.4493228793144226,0.04250766709446907,-0.000111751927761361,-0.0014939126558601856,0.001796271768398583,-0.006714541930705309,-0.04178408533334732,0.050394248217344284,-0.036181870847940445,0.00841080117970705,0.0097611453384161,0.0016970916034071638,0.0241703874985684,-0.9869525620139926,-0.2222839593887329,0.4493228793144226,0.04250766709446907,-0.9869525620139926,0.0,0.0,0.0,0.0,0.0,0.0,-0.0004073057546615799,-0.0006069436287132607,0.0001664306541062784,0.0,0.0,0.0,0.0016970916034071638,0.0241703874985684,-0.9869525620139926,0.0,0.0,0.0,0.0,0.0,0.0,zero,0.0,0.0,0.0,0.0,-0.0004073057546615799,-0.0006069436287132607,0.0001664306541062784,0.011911806632001037,-0.03313469631994404,0.01063406050642497,1,0.006603717803955078,,,,,,,,,,,,,,,,,,,,,,2.331854863001354,4,radio://0/80/2M/E7E7E7E704,2.0943951023931953,aborted,cf4 起飞前预检失败（电压或 EKF 对齐）,0.0,0.0,0.0,0,0.0,global_abort:cf4 起飞前预检失败（电压或 EKF 对齐）,,,,,
2.331854863001354,1788688523.0769083,control,aborted,1,1,0.005503266000232543,3.9747800827026367,3974.0,0,70.0,2.226414378001209,3.9747800827026367,1,1,0,1.0566622335352516,-0.35986414551734924,-0.39160269498825073,0.03587872162461281,-1.279107527807355e-05,0.0005722671048715711,-0.0003957493172492832,-0.006238799542188644,0.01431721169501543,0.0035105114802718163,0.0028420202434062958,-0.03678232431411743,0.004352319985628128,-0.009745661284126782,-0.04329740538135899,0.9237832832039121,-0.35986414551734924,-0.39160269498825073,0.03587872162461281,0.9237832832039121,0.0,0.0,0.0,0.0,0.0,0.0,0.00047815978133285077,-0.00017361755733596057,7.987058926687689e-05,0.0,0.0,0.0,-0.009745661284126782,-0.04329740538135899,0.9237832832039121,0.0,0.0,0.0,0.0,0.0,0.0,zero,0.0,0.0,0.0,0.0,0.00047815978133285077,-0.00017361755733596057,7.987058926687689e-05,0.017424549648125287,-0.010529952660616551,0.0066739768529298655,1,0.006814241409301758,,,,,,,,,,,,,,,,,,,,,,2.331854863001354,5,radio://0/80/2M/E7E7E7E705,4.1887902047863905,aborted,cf4 起飞前预检失败（电压或 EKF 对齐）,0.0,0.0,0.0,0,0.0,global_abort:cf4 起飞前预检失败（电压或 EKF 对齐）,,,,,
2.346078751001187,1788688523.0906773,control,aborted,1,1,0.00995241200143937,3.8850440979003906,3885.0,0,40.0,2.3175502800004324,3.8850440979003906,1,1,0,1.0810688100734358,0.46816977858543396,-0.04234231263399124,0.04529417306184769,0.001122285146266222,0.00030019308906048536,-0.00036489800550043583,0.03121316246688366,0.009543236345052719,-0.0069096568040549755,0.01510246004909277,0.006044098641723394,0.0016349256038665771,-0.051764695523002925,-0.0011740573823205418,3.041553755595378,0.46816977858543396,-0.04234231263399124,0.04529417306184769,3.041553755595378,0.0,0.0,0.0,0.0,0.0,0.0,0.0009807267992888195,-0.00012254395270743586,0.0006825477878470417,0.0,0.0,0.0,-0.051764695523002925,-0.0011740573823205418,3.041553755595378,0.0,0.0,0.0,0.0,0.0,0.0,zero,0.0,0.0,0.0,0.0,0.0009807267992888195,-0.00012254395270743586,0.0006825477878470417,-0.006379999405976923,0.0035700822058609594,-0.004211617177475001,1,0.010964393615722656,,,,,,,,,,,,,,,,,,,,,,2.346078751001187,2,radio://0/80/2M/E7E7E7E702,0.0,aborted,cf4 起飞前预检失败（电压或 EKF 对齐）,0.0,0.0,0.0,0,0.0,global_abort:cf4 起飞前预检失败（电压或 EKF 对齐）,,,,,
2.346078751001187,1788688523.0909376,control,aborted,1,1,0.01017928200053575,3.790029287338257,3790.0,0,20.0,2.2797195889997965,nan,1,0,1,1.0,-0.2223014235496521,0.44938525557518005,0.042484100908041,-0.000452531996415928,0.00010185281280428171,0.000947008200455457,-0.012457437813282013,-0.0002466849982738495,0.022656751796603203,-0.0039026644080877304,0.02034897543489933,0.0013989820145070553,0.0028939672071847614,0.024826142855732307,-0.98725944135682,-0.2223014235496521,0.44938525557518005,0.042484100908041,-0.98725944135682,0.0,0.0,0.0,0.0,0.0,0.0,-0.00032008779322304095,-0.0007824104957453652,0.0003500021229361973,0.0,0.0,0.0,0.0028939672071847614,0.024826142855732307,-0.98725944135682,0.0,0.0,0.0,0.0,0.0,0.0,zero,0.0,0.0,0.0,0.0,-0.00032008779322304095,-0.0007824104957453652,0.0003500021229361973,0.009067485736008074,-0.018242152048885192,0.019084734929585664,1,0.011224746704101562,,,,,,,,,,,,,,,,,,,,,,2.346078751001187,4,radio://0/80/2M/E7E7E7E704,2.0943951023931953,aborted,cf4 起飞前预检失败（电压或 EKF 对齐）,0.0,0.0,0.0,0,0.0,global_abort:cf4 起飞前预检失败（电压或 EKF 对齐）,,,,,
2.346078751001187,1788688523.0911567,control,aborted,1,1,0.010429357000248274,3.9747800827026367,3974.0,0,70.0,2.240638266001042,3.9747800827026367,1,1,0,1.0566622335352516,-0.35990437865257263,-0.3916016221046448,0.03590378537774086,-0.0008467961451970041,0.0004801220493391156,0.0002045485016424209,-0.022332418709993362,0.009537806734442711,0.015290338546037674,0.003632450709119439,-0.008253911510109901,4.2650848627090454e-05,-0.00967280492691187,-0.042280830729905475,0.9236078420988306,-0.35990437865257263,-0.3916016221046448,0.03590378537774086,0.9236078420988306,0.0,0.0,0.0,0.0,0.0,0.0,0.0004924961257371523,-0.00015682645027044307,5.2342966984453916e-05,0.0,0.0,0.0,-0.00967280492691187,-0.042280830729905475,0.9236078420988306,0.0,0.0,0.0,0.0,0.0,0.0,zero,0.0,0.0,0.0,0.0,0.0004924961257371523,-0.00015682645027044307,5.2342966984453916e-05,0.0014904567390526336,0.0017456624908122225,-0.002861868338530037,1,0.011443853378295898,,,,,,,,,,,,,,,,,,,,,,2.346078751001187,5,radio://0/80/2M/E7E7E7E705,4.1887902047863905,aborted,cf4 起飞前预检失败（电压或 EKF 对齐）,0.0,0.0,0.0,0,0.0,global_abort:cf4 起飞前预检失败（电压或 EKF 对齐）,,,,,
2.3603605309999693,1788688523.1049514,control,aborted,1,1,0.00255429400021967,3.8850440979003906,3885.0,0,40.0,2.331832059999215,3.8850440979003906,1,1,0,1.0810688100734358,0.46814069151878357,-0.042326439172029495,0.04533475264906883,-0.0001430831616744399,0.0008065206347964704,0.00030934816459193826,-0.010437464341521263,0.022639289498329163,0.004667425528168678,0.009820003062486649,0.004555257502943277,0.001603047363460064,-0.052074073168098,-0.0011028816497075354,3.041143937543906,0.46814069151878357,-0.042326439172029495,0.04533475264906883,3.041143937543906,0.0,0.0,0.0,0.0,0.0,0.0,0.0008937033811857022,8.390766360367084e-05,0.00021120439405395352,0.0,0.0,0.0,-0.052074073168098,-0.0011028816497075354,3.041143937543906,0.0,0.0,0.0,0.0,0.0,0.0,zero,0.0,0.0,0.0,0.0,0.0008937033811857022,8.390766360367084e-05,0.00021120439405395352,-0.0053687558723363405,0.011899252698620461,-0.02451972148048863,1,0.003262758255004883,,,,,,,,,,,,,,,,,,,,,,2.3603605309999693,2,radio://0/80/2M/E7E7E7E702,0.0,aborted,cf4 起飞前预检失败（电压或 EKF 对齐）,0.0,0.0,0.0,0,0.0,global_abort:cf4 起飞前预检失败（电压或 EKF 对齐）,,,,,
2.3603605309999693,1788688523.1051993,control,aborted,1,1,0.0027762479985540267,3.790029287338257,3790.0,0,20.0,2.294001368998579,nan,1,0,1,1.0,-0.22227559983730316,0.44932976365089417,0.042494721710681915,0.00044493001769296825,-0.0010307022603228688,0.0015712560852989554,0.014437779784202576,-0.023949213325977325,0.0425940677523613,-0.005606316030025482,0.016863202676177025,-0.011567788198590279,0.0029440437628429584,0.024564043972864467,-0.9874846341532487,-0.22227559983730316,0.44932976365089417,0.042494721710681915,-0.9874846341532487,0.0,0.0,0.0,0.0,0.0,0.0,-0.0002754132270599398,-0.000692866816930888,0.0007172979168281295,0.0,0.0,0.0,0.0029440437628429584,0.024564043972864467,-0.9874846341532487,0.0,0.0,0.0,0.0,0.0,0.0,zero,0.0,0.0,0.0,0.0,-0.0002754132270599398,-0.000692866816930888,0.0007172979168281295,0.0025742068861120495,0.007346662342620806,0.01761292352162905,1,0.003510713577270508,,,,,,,,,,,,,,,,,,,,,,2.3603605309999693,4,radio://0/80/2M/E7E7E7E704,2.0943951023931953,aborted,cf4 起飞前预检失败（电压或 EKF 对齐）,0.0,0.0,0.0,0,0.0,global_abort:cf4 起飞前预检失败（电压或 EKF 对齐）,,,,,
2.3603605309999693,1788688523.105407,control,aborted,1,1,0.002335232999030268,3.9747800827026367,3974.0,0,70.0,2.2549200459998247,3.9747800827026367,1,1,0,1.0566622335352516,-0.35982412099838257,-0.3916192948818207,0.03590941056609154,0.0010481758508831263,0.0005068235332146287,-0.00015670718858018517,0.024703487753868103,0.017214510589838028,-0.004771921783685684,0.030888447538018227,0.03531369939446449,0.012339229695498943,-0.008594982589512122,-0.04119967955620243,0.924025339504637,-0.35982412099838257,-0.3916192948818207,0.03590941056609154,0.924025339504637,0.0,0.0,0.0,0.0,0.0,0.0,6.41352922680786e-05,5.9274920411586955e-05,0.00010367252330533463,0.0,0.0,0.0,-0.008594982589512122,-0.04119967955620243,0.924025339504637,0.0,0.0,0.0,0.0,0.0,0.0,zero,0.0,0.0,0.0,0.0,6.41352922680786e-05,5.9274920411586955e-05,0.00010367252330533463,-0.022500468287185094,0.011075939168302048,0.004377230118849962,1,0.0037183761596679688,,,,,,,,,,,,,,,,,,,,,,2.3603605309999693,5,radio://0/80/2M/E7E7E7E705,4.1887902047863905,aborted,cf4 起飞前预检失败（电压或 EKF 对齐）,0.0,0.0,0.0,0,0.0,global_abort:cf4 起飞前预检失败（电压或 EKF 对齐）,,,,,
2.374732944999778,1788688523.119318,control,aborted,1,1,0.0005673109990311787,3.8850440979003906,3885.0,0,40.0,2.3462044739990233,3.8850440979003906,1,1,0,1.0810688100734358,0.46815627813339233,-0.04234080761671066,0.04533756524324417,0.0001878861803561449,0.00020330038387328386,0.0002479520335327834,-0.0010981522500514984,0.0014508538879454136,0.001378579530864954,0.0028581449296325445,-0.01351890992373228,0.002641422674059868,-0.05223147642557907,-0.0018626016636538666,3.0412511575646066,0.46815627813339233,-0.04234080761671066,0.04533756524324417,3.0412511575646066,0.0,0.0,0.0,0.0,0.0,0.0,0.0008136062887672553,0.00028428452934363196,7.881542424067156e-05,0.0,0.0,0.0,-0.05223147642557907,-0.0018626016636538666,3.0412511575646066,0.0,0.0,0.0,0.0,0.0,0.0,zero,0.0,0.0,0.0,0.0,0.0008136062887672553,0.00028428452934363196,7.881542424067156e-05,-0.0030736024411926644,0.01096054717521231,-0.0024059500478530007,1,0.0009539127349853516,,,,,,,,,,,,,,,,,,,,,,2.374732944999778,2,radio://0/80/2M/E7E7E7E702,0.0,aborted,cf4 起飞前预检失败（电压或 EKF 对齐）,0.0,0.0,0.0,0,0.0,global_abort:cf4 起飞前预检失败（电压或 EKF 对齐）,,,,,
2.374732944999778,1788688523.1195583,control,aborted,1,1,0.00033352999889757484,3.790029287338257,3790.0,0,20.0,2.3083737829983875,nan,1,0,1,1.0,-0.22228890657424927,0.4493531286716461,0.04250471666455269,-2.02460796572268e-05,-0.00017801816284190863,0.001219614059664309,-0.0012351907789707184,0.0023888531140983105,0.019654151052236557,0.00966100487858057,0.022451257333159447,-0.005842011887580156,0.003591552765116287,0.025113639054457564,-0.9873857867174446,-0.22228890657424927,0.4493531286716461,0.04250471666455269,-0.9873857867174446,0.0,0.0,0.0,0.0,0.0,0.0,-9.427715985376131e-05,-0.0005658615764539311,0.0009860507930755814,0.0,0.0,0.0,0.003591552765116287,0.025113639054457564,-0.9873857867174446,0.0,0.0,0.0,0.0,0.0,0.0,zero,0.0,0.0,0.0,0.0,-9.427715985376131e-05,-0.0005658615764539311,0.0009860507930755814,0.013019508342094721,0.008459055851386356,0.01563994936145599,1,0.0011942386627197266,,,,,,,,,,,,,,,,,,,,,,2.374732944999778,4,radio://0/80/2M/E7E7E7E704,2.0943951023931953,aborted,cf4 起飞前预检失败（电压或 EKF 对齐）,0.0,0.0,0.0,0,0.0,global_abort:cf4 起飞前预检失败（电压或 EKF 对齐）,,,,,
2.374732944999778,1788688523.1197634,control,aborted,1,1,0.00010515699977986515,3.9747800827026367,3974.0,0,70.0,2.269292459999633,3.9747800827026367,1,1,0,1.0566622335352516,-0.3598696291446686,-0.3916139304637909,0.03597443550825119,-0.00028401854797266424,0.0004937719204463065,0.0012808975297957659,-0.012083813548088074,0.012176774442195892,0.027240175753831863,0.010718699544668198,0.013774147257208824,0.017935296520590782,-0.009054952525948963,-0.04161015613292464,0.9244640503850192,-0.3598696291446686,-0.3916139304637909,0.03597443550825119,0.9244640503850192,0.0,0.0,0.0,0.0,0.0,0.0,-7.806968850325696e-05,7.981756865748656e-05,0.0002759952256937092,0.0,0.0,0.0,-0.009054952525948963,-0.04161015613292464,0.9244640503850192,0.0,0.0,0.0,0.0,0.0,0.0,zero,0.0,0.0,0.0,0.0,-7.806968850325696e-05,7.981756865748656e-05,0.0002759952256937092,-0.005928772818049042,-0.002444394703492311,0.013605106410456399,1,0.0013992786407470703,,,,,,,,,,,,,,,,,,,,,,2.374732944999778,5,radio://0/80/2M/E7E7E7E705,4.1887902047863905,aborted,cf4 起飞前预检失败（电压或 EKF 对齐）,0.0,0.0,0.0,0,0.0,global_abort:cf4 起飞前预检失败（电压或 EKF 对齐）,,,,,
2.388944629999969,1788688523.1335413,control,aborted,1,1,0.004947452998749213,3.8850440979003906,3885.0,0,40.0,2.3604161589992145,3.8850440979003906,1,1,0,1.0810688100734358,0.4681709110736847,-0.042347900569438934,0.04535270854830742,0.00044820160837844014,1.824427454266697e-05,0.0005066441372036934,0.004420895595103502,-0.0026066291611641645,0.006369234062731266,-0.0008191368542611599,0.006391516886651516,-0.009325394406914711,-0.05238315078341748,-0.0010479181219949301,3.040645859613165,0.4681709110736847,-0.042347900569438934,0.04535270854830742,3.040645859613165,0.0,0.0,0.0,0.0,0.0,0.0,0.0007721412810080539,0.0003325681581213907,0.00011208676800254899,0.0,0.0,0.0,-0.05238315078341748,-0.0010479181219949301,3.040645859613165,0.0,0.0,0.0,0.0,0.0,0.0,zero,0.0,0.0,0.0,0.0,0.0007721412810080539,0.0003325681581213907,0.00011208676800254899,-0.004220565629734007,0.004914607161818831,0.0033865636961151638,1,0.00535273551940918,,,,,,,,,,,,,,,,,,,,,,2.388944629999969,2,radio://0/80/2M/E7E7E7E702,0.0,aborted,cf4 起飞前预检失败（电压或 EKF 对齐）,0.0,0.0,0.0,0,0.0,global_abort:cf4 起飞前预检失败（电压或 EKF 对齐）,,,,,
2.388944629999969,1788688523.13378,control,aborted,1,1,0.004464039999220404,3.790029287338257,3790.0,0,20.0,2.3225854679985787,nan,1,0,1,1.0,-0.22228281199932098,0.4493081271648407,0.04253643378615379,0.00010787452629301697,-0.0010585406562313437,0.001621378120034933,0.0016200850950554013,-0.016014309599995613,0.023902304470539093,0.014541734009981155,0.024996750056743622,0.004560457542538643,0.003937716959698137,0.025457537419153416,-0.9869308277420912,-0.22228281199932098,0.4493081271648407,0.04253643378615379,-0.9869308277420912,0.0,0.0,0.0,0.0,0.0,0.0,1.0498206693006901e-05,-0.0004904309516590506,0.0011179418429230724,0.0,0.0,0.0,0.003937716959698137,0.025457537419153416,-0.9869308277420912,0.0,0.0,0.0,0.0,0.0,0.0,zero,0.0,0.0,0.0,0.0,1.0498206693006901e-05,-0.0004904309516590506,0.0011179418429230724,0.010664686558317182,0.007677796765104626,0.013424688959146043,1,0.005591392517089844,,,,,,,,,,,,,,,,,,,,,,2.388944629999969,4,radio://0/80/2M/E7E7E7E704,2.0943951023931953,aborted,cf4 起飞前预检失败（电压或 EKF 对齐）,0.0,0.0,0.0,0,0.0,global_abort:cf4 起飞前预检失败（电压或 EKF 对齐）,,,,,
2.388944629999969,1788688523.1340997,control,aborted,1,1,0.004680124999140389,3.9747800827026367,3974.0,0,70.0,2.2835041449998243,3.9747800827026367,1,1,0,1.0566622335352516,-0.3598927855491638,-0.39167338609695435,0.035958096385002136,-0.0006986254011280835,-0.0008153610397130251,0.000692091416567564,-0.01810748316347599,-0.016909483820199966,0.009805417619645596,0.014723281376063824,0.0163336843252182,0.0055971089750528336,-0.008734998970711241,-0.041352940362595736,0.9240315000971346,-0.3598927855491638,-0.39167338609695435,0.035958096385002136,0.9240315000971346,0.0,0.0,0.0,0.0,0.0,0.0,-0.0001585187605335811,2.5345934156347473e-05,0.0004652722244349308,0.0,0.0,0.0,-0.008734998970711241,-0.041352940362595736,0.9240315000971346,0.0,0.0,0.0,0.0,0.0,0.0,zero,0.0,0.0,0.0,0.0,-0.0001585187605335811,2.5345934156347473e-05,0.0004652722244349308,-0.008188605445994045,-0.005544460758479522,0.019265786709255727,1,0.005911111831665039,,,,,,,,,,,,,,,,,,,,,,2.388944629999969,5,radio://0/80/2M/E7E7E7E705,4.1887902047863905,aborted,cf4 起飞前预检失败（电压或 EKF 对齐）,0.0,0.0,0.0,0,0.0,global_abort:cf4 起飞前预检失败（电压或 EKF 对齐）,,,,,
2.4032221810011833,1788688523.1478193,control,aborted,1,1,0.0083938540010422,3.8850440979003906,3885.0,0,40.0,2.374693710000429,3.8850440979003906,1,1,0,1.0810688100734358,0.4681476652622223,-0.04236868768930435,0.04531965032219887,-6.792537169530988e-05,-0.00036678207106888294,-0.00020119798136875033,-0.005932571832090616,-0.009149311110377312,-0.00789126381278038,-0.004112995695322752,-0.0025710095651447773,-0.005204036831855774,-0.05257179723356792,-0.0014597220004397365,3.0407906413594192,0.4681476652622223,-0.04236868768930435,0.04531965032219887,3.0407906413594192,0.0,0.0,0.0,0.0,0.0,0.0,0.0006629847595482956,0.00029515259823409846,0.00015499453147616493,0.0,0.0,0.0,-0.05257179723356792,-0.0014597220004397365,3.0407906413594192,0.0,0.0,0.0,0.0,0.0,0.0,zero,0.0,0.0,0.0,0.0,0.0006629847595482956,0.00029515259823409846,0.00015499453147616493,-0.010013464734367483,-0.003432313382999637,0.003936140238144465,1,0.008729696273803711,,,,,,,,,,,,,,,,,,,,,,2.4032221810011833,2,radio://0/80/2M/E7E7E7E702,0.0,aborted,cf4 起飞前预检失败（电压或 EKF 对齐）,0.0,0.0,0.0,0,0.0,global_abort:cf4 起飞前预检失败（电压或 EKF 对齐）,,,,,
2.4032221810011833,1788688523.1480582,control,aborted,1,1,0.008125968000967987,3.790029287338257,3790.0,0,20.0,2.336863018999793,nan,1,0,1,1.0,-0.22229957580566406,0.44933608174324036,0.042461615055799484,-0.00022126287512946874,-0.0003339549293741584,-7.558311335742474e-05,-0.0047425562515854836,0.0004823952913284302,-0.012011995539069176,0.005938423331826925,0.001326167955994606,0.0022223694249987602,0.003625275050515391,0.024440156433779146,-0.987012422357229,-0.22229957580566406,0.44933608174324036,0.042461615055799484,-0.987012422357229,0.0,0.0,0.0,0.0,0.0,0.0,6.0853219106810835e-05,-0.00048047353504391784,0.0011813416886461226,0.0,0.0,0.0,0.003625275050515391,0.024440156433779146,-0.987012422357229,0.0,0.0,0.0,0.0,0.0,0.0,zero,0.0,0.0,0.0,0.0,6.0853219106810835e-05,-0.00048047353504391784,0.0011813416886461226,0.004619313021899031,0.0009134428139302297,0.005815979758443907,1,0.008968591690063477,,,,,,,,,,,,,,,,,,,,,,2.4032221810011833,4,radio://0/80/2M/E7E7E7E704,2.0943951023931953,aborted,cf4 起飞前预检失败（电压或 EKF 对齐）,0.0,0.0,0.0,0,0.0,global_abort:cf4 起飞前预检失败（电压或 EKF 对齐）,,,,,
2.4032221810011833,1788688523.1482615,control,aborted,1,1,0.007928257000457961,3.9747800827026367,3974.0,0,70.0,2.2977816960010387,3.9747800827026367,1,1,0,1.0566622335352516,-0.35982879996299744,-0.3916567862033844,0.03595023974776268,0.0006150316330604255,-0.00034773361403495073,0.0004095288459211588,0.009615439921617508,-0.00494811125099659,0.002660210244357586,0.007384377531707287,0.009467782452702522,-0.003787405788898468,-0.008955898478208331,-0.041553094275212775,0.9235823679270512,-0.35982879996299744,-0.3916567862033844,0.03595023974776268,0.9235823679270512,0.0,0.0,0.0,0.0,0.0,0.0,-0.00021776511130926676,-6.975371649144244e-05,0.0006130280657271616,0.0,0.0,0.0,-0.008955898478208331,-0.041553094275212775,0.9235823679270512,0.0,0.0,0.0,0.0,0.0,0.0,zero,0.0,0.0,0.0,0.0,-0.00021776511130926676,-6.975371649144244e-05,0.0006130280657271616,-0.005434959232838929,-0.008723958818744321,0.01355437024092054,1,0.00917196273803711,,,,,,,,,,,,,,,,,,,,,,2.4032221810011833,5,radio://0/80/2M/E7E7E7E705,4.1887902047863905,aborted,cf4 起飞前预检失败（电压或 EKF 对齐）,0.0,0.0,0.0,0,0.0,global_abort:cf4 起飞前预检失败（电压或 EKF 对齐）,,,,,
2.4175611059999937,1788688523.1621602,control,aborted,1,1,0.011901261999810231,3.8850440979003906,3885.0,0,40.0,2.3890326349992392,3.8850440979003906,1,1,0,1.0810688100734358,0.468137264251709,-0.04233928769826889,0.04531613364815712,-0.000250534329097718,0.0002611456729937345,-0.00022729331976734102,-0.008190605789422989,0.0045251366682350636,-0.0068052466958761215,-0.008472954854369164,0.009579366073012352,0.005834935698658228,-0.052847113153992174,-0.0008157742868208565,3.0412874494240896,0.468137264251709,-0.04233928769826889,0.04531613364815712,3.0412874494240896,0.0,0.0,0.0,0.0,0.0,0.0,0.0005015615145660844,0.00020956003203666943,0.00014709856640542126,0.0,0.0,0.0,-0.052847113153992174,-0.0008157742868208565,3.0412874494240896,0.0,0.0,0.0,0.0,0.0,0.0,zero,0.0,0.0,0.0,0.0,0.0005015615145660844,0.00020956003203666943,0.00014709856640542126,-0.015224027210259448,-0.008072341482970372,-0.0007446782964963119,1,0.012467384338378906,,,,,,,,,,,,,,,,,,,,,,2.4175611059999937,2,radio://0/80/2M/E7E7E7E702,0.0,aborted,cf4 起飞前预检失败（电压或 EKF 对齐）,0.0,0.0,0.0,0,0.0,global_abort:cf4 起飞前预检失败（电压或 EKF 对齐）,,,,,
2.4175611059999937,1788688523.1623998,control,aborted,1,1,0.011439809999501449,3.790029287338257,3790.0,0,20.0,2.3512019439986034,nan,1,0,1,1.0,-0.22224900126457214,0.4493650496006012,0.04246024787425995,0.0007769761141389608,0.00027925605536438525,-8.625560440123081e-05,0.015035715885460377,0.0119529003277421,-0.009810911491513252,-0.0010737362317740917,-9.037042036652565e-05,-0.007957600988447666,0.0033038918141755948,0.024380908801326893,-0.9875288469487734,-0.22224900126457214,0.4493650496006012,0.04246024787425995,-0.9875288469487734,0.0,0.0,0.0,0.0,0.0,0.0,9.497150051748226e-05,-0.0004560890884958727,0.0010787837567825258,0.0,0.0,0.0,0.0033038918141755948,0.024380908801326893,-0.9875288469487734,0.0,0.0,0.0,0.0,0.0,0.0,zero,0.0,0.0,0.0,0.0,9.497150051748226e-05,-0.0004560890884958727,0.0010787837567825258,0.003217737597956171,0.0022997275131934414,-0.009672366241252253,1,0.012706995010375977,,,,,,,,,,,,,,,,,,,,,,2.4175611059999937,4,radio://0/80/2M/E7E7E7E704,2.0943951023931953,aborted,cf4 起飞前预检失败（电压或 EKF 对齐）,0.0,0.0,0.0,0,0.0,global_abort:cf4 起飞前预检失败（电压或 EKF 对齐）,,,,,
2.4175611059999937,1788688523.1626096,control,aborted,1,1,0.011643072999504511,3.9747800827026367,3974.0,0,70.0,2.312120620999849,3.9747800827026367,1,1,0,1.0566622335352516,-0.3598807156085968,-0.3916333019733429,0.0359770730137825,-0.00048725836677476764,0.00016479557962156832,0.0008337782928720117,-0.013100119307637215,0.00570933660492301,0.010130776092410088,0.01303720660507679,0.02018791250884533,0.0037609736900776625,-0.008592529661105639,-0.040881261151708495,0.9239368005094458,-0.3598807156085968,-0.3916333019733429,0.0359770730137825,0.9239368005094458,0.0,0.0,0.0,0.0,0.0,0.0,-0.0002113478138770994,-0.00016219747716170307,0.0006851527507352684,0.0,0.0,0.0,-0.008592529661105639,-0.040881261151708495,0.9239368005094458,0.0,0.0,0.0,0.0,0.0,0.0,zero,0.0,0.0,0.0,0.0,-0.0002113478138770994,-0.00016219747716170307,0.0006851527507352684,0.0006052233105238985,-0.008718486163612009,0.0068021688401556524,1,0.012916803359985352,,,,,,,,,,,,,,,,,,,,,,2.4175611059999937,5,radio://0/80/2M/E7E7E7E705,4.1887902047863905,aborted,cf4 起飞前预检失败（电压或 EKF 对齐）,0.0,0.0,0.0,0,0.0,global_abort:cf4 起飞前预检失败（电压或 EKF 对齐）,,,,,
2.4318565060002584,1788688523.1764488,control,aborted,1,1,0.00650554700041539,3.8850440979003906,3885.0,0,40.0,2.403328034999504,3.8850440979003906,1,1,0,1.0810688100734358,0.46813270449638367,-0.04236450418829918,0.04531296342611313,-0.0021438002586364746,-0.002026704140007496,-8.574311505071819e-05,-0.13752882182598114,-0.13497622311115265,0.00461847148835659,-0.01872393488883972,0.040448881685733795,-0.01145952194929123,-0.05287064193890214,-0.0009203551660715546,3.040767612684019,0.46813270449638367,-0.04236450418829918,0.04531296342611313,3.040767612684019,0.0,0.0,0.0,0.0,0.0,0.0,3.734357411494646e-05,0.00010331632168109354,-8.159589437814507e-05,0.0,0.0,0.0,-0.05287064193890214,-0.0009203551660715546,3.040767612684019,0.0,0.0,0.0,0.0,0.0,0.0,zero,0.0,0.0,0.0,0.0,3.734357411494646e-05,0.00010331632168109354,-8.159589437814507e-05,-0.06168846399100172,-0.01488463288632889,-0.029944692788498605,1,0.007284879684448242,,,,,,,,,,,,,,,,,,,,,,2.4318565060002584,2,radio://0/80/2M/E7E7E7E702,0.0,aborted,cf4 起飞前预检失败（电压或 EKF 对齐）,0.0,0.0,0.0,0,0.0,global_abort:cf4 起飞前预检失败（电压或 EKF 对齐）,,,,,
2.4318565060002584,1788688523.1766953,control,aborted,1,1,0.006646218998866971,3.790029287338257,3790.0,0,20.0,2.365497343998868,nan,1,0,1,1.0,-0.22223231196403503,0.44932305812835693,0.04252157360315323,0.0043570431880652905,-0.00021364205167628825,0.0034072173293679953,0.25822097063064575,0.007249483838677406,0.19225728511810303,-0.01443113386631012,0.05369402840733528,-0.013421180658042431,0.0035457808686166644,0.025013305751851195,-0.9872512269761602,-0.22223231196403503,0.44932305812835693,0.04252157360315323,-0.9872512269761602,0.0,0.0,0.0,0.0,0.0,0.0,0.000257977818829766,-0.00018094180429818963,0.00033488715811300985,0.0,0.0,0.0,0.0035457808686166644,0.025013305751851195,-0.9872512269761602,0.0,0.0,0.0,0.0,0.0,0.0,zero,0.0,0.0,0.0,0.0,0.000257977818829766,-0.00018094180429818963,0.00033488715811300985,0.024299339190498478,0.035681307072627205,-0.0944827884745985,1,0.007531404495239258,,,,,,,,,,,,,,,,,,,,,,2.4318565060002584,4,radio://0/80/2M/E7E7E7E704,2.0943951023931953,aborted,cf4 起飞前预检失败（电压或 EKF 对齐）,0.0,0.0,0.0,0,0.0,global_abort:cf4 起飞前预检失败（电压或 EKF 对齐）,,,,,
2.4318565060002584,1788688523.1769032,control,aborted,1,1,0.006861941999886767,3.9747800827026367,3974.0,0,70.0,2.3264160210001137,3.9747800827026367,1,1,0,1.0566622335352516,-0.35983335971832275,-0.3916408121585846,0.035931266844272614,0.0007168463780544698,-0.001137764542363584,-0.000873059150762856,0.034879203885793686,-0.07952229678630829,-0.06812227517366409,-0.005180693231523037,0.007866191677749157,0.015053678303956985,-0.008857197932470666,-0.04115332103725711,0.9237789538532944,-0.35983335971832275,-0.3916408121585846,0.035931266844272614,0.9237789538532944,0.0,0.0,0.0,0.0,0.0,0.0,-0.00012219716547723857,-7.984278775083402e-05,0.0006757845253105657,0.0,0.0,0.0,-0.008857197932470666,-0.04115332103725711,0.9237789538532944,0.0,0.0,0.0,0.0,0.0,0.0,zero,0.0,0.0,0.0,0.0,-0.00012219716547723857,-7.984278775083402e-05,0.0006757845253105657,0.01222256406123581,0.010671670689578684,-0.002961073176772626,1,0.00773930549621582,,,,,,,,,,,,,,,,,,,,,,2.4318565060002584,5,radio://0/80/2M/E7E7E7E705,4.1887902047863905,aborted,cf4 起飞前预检失败（电压或 EKF 对齐）,0.0,0.0,0.0,0,0.0,global_abort:cf4 起飞前预检失败（电压或 EKF 对齐）,,,,,
2.4461612880004395,1788688523.1907525,control,aborted,1,1,0.008481847000439302,3.8850440979003906,3885.0,0,40.0,2.417632816999685,3.8850440979003906,1,1,0,1.0810688100734358,0.468159943819046,-0.04238828644156456,0.04529276862740517,-0.0012829124461859465,-0.0019986475817859173,-0.00038896710611879826,-0.09636583924293518,-0.10753589123487473,-0.0011156026739627123,-0.009568214416503906,0.02233200892806053,-0.010375353507697582,-0.05252950477415714,-0.0015555492426258058,3.040724883152412,0.468159943819046,-0.04238828644156456,0.04529276862740517,3.040724883152412,0.0,0.0,0.0,0.0,0.0,0.0,-0.0003595104074111434,-0.00025116069698842623,-0.00015564192284395206,0.0,0.0,0.0,-0.05252950477415714,-0.0015555492426258058,3.040724883152412,0.0,0.0,0.0,0.0,0.0,0.0,zero,0.0,0.0,0.0,0.0,-0.0003595104074111434,-0.00025116069698842623,-0.00015564192284395206,-0.0314780204264605,-0.02811672643797427,-0.005873249368903499,1,0.00898122787475586,,,,,,,,,,,,,,,,,,,,,,2.4461612880004395,2,radio://0/80/2M/E7E7E7E702,0.0,aborted,cf4 起飞前预检失败（电压或 EKF 对齐）,0.0,0.0,0.0,0,0.0,global_abort:cf4 起飞前预检失败（电压或 EKF 对齐）,,,,,
2.4461612880004395,1788688523.191003,control,aborted,1,1,0.008265552000011667,3.790029287338257,3790.0,0,20.0,2.379802125999049,nan,1,0,1,1.0,-0.22226549685001373,0.44934776425361633,0.04248590022325516,0.0029591857455670834,0.00022102714865468442,0.0021598474122583866,0.1844010055065155,0.012695228680968285,0.13401742279529572,-0.020241212099790573,0.03271101415157318,-0.0037898062728345394,0.0030083689121968116,0.02436612515436237,-0.9868152966545968,-0.22226549685001373,0.44934776425361633,0.04248590022325516,-0.9868152966545968,0.0,0.0,0.0,0.0,0.0,0.0,0.0008696470406430334,-0.0001125793727081054,0.0005976296394014586,0.0,0.0,0.0,0.0030083689121968116,0.02436612515436237,-0.9868152966545968,0.0,0.0,0.0,0.0,0.0,0.0,zero,0.0,0.0,0.0,0.0,0.0008696470406430334,-0.0001125793727081054,0.0005976296394014586,0.048516928529818544,0.005422432728834067,0.020840444037104815,1,0.009231805801391602,,,,,,,,,,,,,,,,,,,,,,2.4461612880004395,4,radio://0/80/2M/E7E7E7E704,2.0943951023931953,aborted,cf4 起飞前预检失败（电压或 EKF 对齐）,0.0,0.0,0.0,0,0.0,global_abort:cf4 起飞前预检失败（电压或 EKF 对齐）,,,,,
2.4461612880004395,1788688523.1912086,control,aborted,1,1,0.008025130000532954,3.9747800827026367,3974.0,0,70.0,2.340720803000295,3.9747800827026367,1,1,0,1.0566622335352516,-0.35986432433128357,-0.39168238639831543,0.035981107503175735,8.225097553804517e-05,-0.0015697501366958022,9.223056258633733e-05,0.0178360678255558,-0.0704709067940712,-0.03918435424566269,0.006866102572530508,0.0032657552510499954,0.0064848545007407665,-0.008148746121156668,-0.04134711287394452,0.9234299143377361,-0.35986432433128357,-0.39168238639831543,0.035981107503175735,0.9234299143377361,0.0,0.0,0.0,0.0,0.0,0.0,9.835082106776554e-06,-0.00023631018836209908,0.00045202135633942524,0.0,0.0,0.0,-0.008148746121156668,-0.04134711287394452,0.9234299143377361,0.0,0.0,0.0,0.0,0.0,0.0,zero,0.0,0.0,0.0,0.0,9.835082106776554e-06,-0.00023631018836209908,0.00045202135633942524,0.010472652360495185,-0.01241082176768531,-0.01774864794471019,1,0.009437322616577148,,,,,,,,,,,,,,,,,,,,,,2.4461612880004395,5,radio://0/80/2M/E7E7E7E705,4.1887902047863905,aborted,cf4 起飞前预检失败（电压或 EKF 对齐）,0.0,0.0,0.0,0,0.0,global_abort:cf4 起飞前预检失败（电压或 EKF 对齐）,,,,,
2.460416374000488,1788688523.2050383,control,aborted,1,1,0.006521093999253935,3.8850440979003906,3885.0,0,40.0,2.4318879029997333,3.8850440979003906,1,1,0,1.0810688100734358,0.46816763281822205,-0.04234261438250542,0.04534062743186951,0.0026033015456050634,-0.002368218032643199,0.0013370506931096315,0.5288428664207458,-0.2908399999141693,0.17659302055835724,-0.09249033778905869,0.04066632688045502,-0.0240922961384058,-0.05322665569637885,-0.0012891641122100355,3.040615727544678,0.46816763281822205,-0.04234261438250542,0.04534062743186951,3.040615727544678,0.0,0.0,0.0,0.0,0.0,0.0,-0.0012940831298271348,-0.0013486306309139933,-0.00021227201874362889,0.0,0.0,0.0,-0.05322665569637885,-0.0012891641122100355,3.040615727544678,0.0,0.0,0.0,0.0,0.0,0.0,zero,0.0,0.0,0.0,0.0,-0.0012940831298271348,-0.0013486306309139933,-0.00021227201874362889,-0.34353747788543193,-0.40511577197849075,-0.020184020907482052,1,0.006951332092285156,,,,,,,,,,,,,,,,,,,,,,2.460416374000488,2,radio://0/80/2M/E7E7E7E702,0.0,aborted,cf4 起飞前预检失败（电压或 EKF 对齐）,0.0,0.0,0.0,0,0.0,global_abort:cf4 起飞前预检失败（电压或 EKF 对齐）,,,,,
2.460416374000488,1788688523.2052853,control,aborted,1,1,0.006087301999286865,3.790029287338257,3790.0,0,20.0,2.3940572119990975,nan,1,0,1,1.0,-0.2222551554441452,0.4493633508682251,0.04247990995645523,-0.00039614480920135975,0.005014243070036173,-0.008579839020967484,-0.36474815011024475,0.7842089533805847,-1.6236721277236938,-0.1971195489168167,-0.14680752158164978,0.1142149493098259,0.002881998533525551,0.02475899020537472,-0.9865508266636578,-0.2222551554441452,0.4493633508682251,0.04247990995645523,-0.9865508266636578,0.0,0.0,0.0,0.0,0.0,0.0,0.002676869603948856,3.154183970944224e-05,0.0019061142755787048,0.0,0.0,0.0,0.002881998533525551,0.02475899020537472,-0.9865508266636578,0.0,0.0,0.0,0.0,0.0,0.0,zero,0.0,0.0,0.0,0.0,0.002676869603948856,3.154183970944224e-05,0.0019061142755787048,0.6659209285936664,0.054750351513067015,0.4799524346791626,1,0.007198333740234375,,,,,,,,,,,,,,,,,,,,,,2.460416374000488,4,radio://0/80/2M/E7E7E7E704,2.0943951023931953,aborted,cf4 起飞前预检失败（电压或 EKF 对齐）,0.0,0.0,0.0,0,0.0,global_abort:cf4 起飞前预检失败（电压或 EKF 对齐）,,,,,
2.460416374000488,1788688523.2054923,control,aborted,1,1,0.006296599000052083,3.9747800827026367,3974.0,0,70.0,2.354975889000343,3.9747800827026367,1,1,0,1.0566622335352516,-0.3598279654979706,-0.39162561297416687,0.03594230115413666,0.005990932229906321,0.005138424225151539,-0.004711625631898642,0.92664635181427,0.90668123960495,-0.744928777217865,-0.27917006611824036,-0.3400004804134369,-0.02326514758169651,-0.010489211778614385,-0.042816200065811376,0.9235240594180696,-0.3598279654979706,-0.39162561297416687,0.03594230115413666,0.9235240594180696,0.0,0.0,0.0,0.0,0.0,0.0,0.00023784882865118305,-0.0009645072635813469,-7.920223812442025e-05,0.0,0.0,0.0,-0.010489211778614385,-0.042816200065811376,0.9235240594180696,0.0,0.0,0.0,0.0,0.0,0.0,zero,0.0,0.0,0.0,0.0,0.00023784882865118305,-0.0009645072635813469,-7.920223812442025e-05,0.085761138560974,-0.26696388048205644,-0.19737362506454015,1,0.007405281066894531,,,,,,,,,,,,,,,,,,,,,,2.460416374000488,5,radio://0/80/2M/E7E7E7E705,4.1887902047863905,aborted,cf4 起飞前预检失败（电压或 EKF 对齐）,0.0,0.0,0.0,0,0.0,global_abort:cf4 起飞前预检失败（电压或 EKF 对齐）,,,,,
2.4746181560003606,1788688523.2192118,control,aborted,1,1,0.00014142500003799796,3.8850440979003906,3885.0,0,40.0,2.446089684999606,3.8850440979003906,1,1,0,1.0810688100734358,0.4681815505027771,-0.042337093502283096,0.045349810272455215,0.003028060542419553,-0.0007389697129838169,0.0015994731802493334,0.3831332325935364,-0.12518233060836792,0.13729138672351837,-0.07929227501153946,0.05927397683262825,-0.002472708933055401,-0.05287041817260715,-0.0005923912524214419,3.0411508957094506,0.4681815505027771,-0.042337093502283096,0.045349810272455215,3.0411508957094506,0.0,0.0,0.0,0.0,0.0,0.0,-4.220651250272172e-05,-0.002014439518968939,0.00042851061119311945,0.0,0.0,0.0,-0.05287041817260715,-0.0005923912524214419,3.0411508957094506,0.0,0.0,0.0,0.0,0.0,0.0,zero,0.0,0.0,0.0,0.0,-4.220651250272172e-05,-0.002014439518968939,0.00042851061119311945,0.12647580863716554,-0.06065570627469812,0.06275248990440653,1,0.0010776519775390625,,,,,,,,,,,,,,,,,,,,,,2.4746181560003606,2,radio://0/80/2M/E7E7E7E702,0.0,aborted,cf4 起飞前预检失败（电压或 EKF 对齐）,0.0,0.0,0.0,0,0.0,global_abort:cf4 起飞前预检失败（电压或 EKF 对齐）,,,,,
2.4746181560003606,1788688523.2195392,control,aborted,1,1,0.0006348619990603765,3.790029287338257,3790.0,0,20.0,2.4082589939989703,nan,1,0,1,1.0,-0.22229765355587006,0.44931691884994507,0.04247603192925453,-0.001493803458288312,0.00226899073459208,-0.007366619072854519,-0.2751401364803314,0.43104374408721924,-1.0648531913757324,-0.13933490216732025,-0.1651032716035843,0.059790607541799545,0.0032835053203682297,0.024080465402041434,-0.9871662867479137,-0.22229765355587006,0.44931691884994507,0.04247603192925453,-0.9871662867479137,0.0,0.0,0.0,0.0,0.0,0.0,0.001915990370237829,0.0019540096227890222,-0.001692219135959249,0.0,0.0,0.0,0.0032835053203682297,0.024080465402041434,-0.9871662867479137,0.0,0.0,0.0,0.0,0.0,0.0,zero,0.0,0.0,0.0,0.0,0.001915990370237829,0.0019540096227890222,-0.001692219135959249,-0.08265726273676428,0.18528612691887097,-0.3573434513868151,1,0.0014050006866455078,,,,,,,,,,,,,,,,,,,,,,2.4746181560003606,4,radio://0/80/2M/E7E7E7E704,2.0943951023931953,aborted,cf4 起飞前预检失败（电压或 EKF 对齐）,0.0,0.0,0.0,0,0.0,global_abort:cf4 起飞前预检失败（电压或 EKF 对齐）,,,,,
2.4746181560003606,1788688523.2197976,control,aborted,1,1,0.0003678619996207999,3.9747800827026367,3974.0,0,70.0,2.369177671000216,3.9747800827026367,1,1,0,1.0566622335352516,-0.3598683476448059,-0.3916330337524414,0.0359957180917263,0.002021968364715576,0.0023699258454144,-0.0015703843673691154,0.4619016647338867,0.4879573583602905,-0.3844790458679199,-0.15549100935459137,-0.11475475877523422,-0.02167394757270813,-0.009518733707191416,-0.04050488511505826,0.9234194868541722,-0.3598683476448059,-0.3916330337524414,0.0359957180917263,0.9234194868541722,0.0,0.0,0.0,0.0,0.0,0.0,0.002527877597178304,0.0012573598629504231,-0.001999014635874036,0.0,0.0,0.0,-0.009518733707191416,-0.04050488511505826,0.9234194868541722,0.0,0.0,0.0,0.0,0.0,0.0,zero,0.0,0.0,0.0,0.0,0.002527877597178304,0.0012573598629504231,-0.001999014635874036,0.22030278151224403,0.21822513540937563,-0.18330221623406617,1,0.0016634464263916016,,,,,,,,,,,,,,,,,,,,,,2.4746181560003606,5,radio://0/80/2M/E7E7E7E705,4.1887902047863905,aborted,cf4 起飞前预检失败（电压或 EKF 对齐）,0.0,0.0,0.0,0,0.0,global_abort:cf4 起飞前预检失败（电压或 EKF 对齐）,,,,,
2.4889310950002255,1788688523.233515,control,aborted,1,1,0.003806726999755483,3.8850440979003906,3885.0,0,40.0,2.460402623999471,3.8850440979003906,1,1,0,1.0810688100734358,0.46815088391304016,-0.04234344884753227,0.045355554670095444,0.0018516662530601025,-0.0007094647153280675,0.0013864962384104729,0.28461095690727234,-0.09959670901298523,0.10586907714605331,-0.06444336473941803,0.04522711783647537,-0.003904903307557106,-0.05292459267711402,-0.000715472963733717,3.041053758487412,0.46815088391304016,-0.04234344884753227,0.045355554670095444,3.041053758487412,0.0,0.0,0.0,0.0,0.0,0.0,0.0006725080350415817,-0.002005858204096755,0.0007380161836317688,0.0,0.0,0.0,-0.05292459267711402,-0.000715472963733717,3.041053758487412,0.0,0.0,0.0,0.0,0.0,0.0,zero,0.0,0.0,0.0,0.0,0.0006725080350415817,-0.002005858204096755,0.0007380161836317688,0.06651423563032821,0.0007986119792686964,0.028803844338718784,1,0.00463557243347168,,,,,,,,,,,,,,,,,,,,,,2.4889310950002255,2,radio://0/80/2M/E7E7E7E702,0.0,aborted,cf4 起飞前预检失败（电压或 EKF 对齐）,0.0,0.0,0.0,0,0.0,global_abort:cf4 起飞前预检失败（电压或 EKF 对齐）,,,,,
2.4889310950002255,1788688523.2337506,control,aborted,1,1,0.004094202000487712,3.790029287338257,3790.0,0,20.0,2.422571932998835,nan,1,0,1,1.0,-0.2222575694322586,0.4493551254272461,0.042455121874809265,-0.00044897664338350296,0.0025263128336519003,-0.006282483693212271,-0.20066526532173157,0.3496244251728058,-0.8317040801048279,-0.10302063077688217,-0.12855413556098938,0.0484226830303669,0.0037381359523944923,0.024269930282592868,-0.9871339327360507,-0.2222575694322586,0.4493551254272461,0.042455121874809265,-0.9871339327360507,0.0,0.0,0.0,0.0,0.0,0.0,0.0012327416248843325,0.0025209405410623817,-0.0034047540787217386,0.0,0.0,0.0,0.0037381359523944923,0.024269930282592868,-0.9871339327360507,0.0,0.0,0.0,0.0,0.0,0.0,zero,0.0,0.0,0.0,0.0,0.0012327416248843325,0.0025209405410623817,-0.0034047540787217386,-0.0635859004111729,0.052760891482784726,-0.15937545010025697,1,0.0048711299896240234,,,,,,,,,,,,,,,,,,,,,,2.4889310950002255,4,radio://0/80/2M/E7E7E7E704,2.0943951023931953,aborted,cf4 起飞前预检失败（电压或 EKF 对齐）,0.0,0.0,0.0,0,0.0,global_abort:cf4 起飞前预检失败（电压或 EKF 对齐）,,,,,
2.4889310950002255,1788688523.2339501,control,aborted,1,1,0.0035205789990868652,3.9747800827026367,3974.0,0,70.0,2.383490610000081,3.9747800827026367,1,1,0,1.0566622335352516,-0.35987189412117004,-0.39166101813316345,0.03591827303171158,0.0015515659470111132,0.0013750812504440546,-0.0026977541856467724,0.3607659935951233,0.3718493580818176,-0.32856643199920654,-0.114748515188694,-0.09413200616836548,-0.023572832345962524,-0.008987025172297184,-0.04063306822888105,0.9230854578982991,-0.35987189412117004,-0.39166101813316345,0.03591827303171158,0.9230854578982991,0.0,0.0,0.0,0.0,0.0,0.0,0.0030751675232349907,0.002012096826364281,-0.002496362938360658,0.0,0.0,0.0,-0.008987025172297184,-0.04063306822888105,0.9230854578982991,0.0,0.0,0.0,0.0,0.0,0.0,zero,0.0,0.0,0.0,0.0,0.0030751675232349907,0.002012096826364281,-0.002496362938360658,0.05093302105702954,0.07023888403547,-0.04628525093773655,1,0.005070686340332031,,,,,,,,,,,,,,,,,,,,,,2.4889310950002255,5,radio://0/80/2M/E7E7E7E705,4.1887902047863905,aborted,cf4 起飞前预检失败（电压或 EKF 对齐）,0.0,0.0,0.0,0,0.0,global_abort:cf4 起飞前预检失败（电压或 EKF 对齐）,,,,,
2.503219763000743,1788688523.247877,control,aborted,1,1,0.009109540000281413,3.8850440979003906,3885.0,0,40.0,2.4746912919999886,3.8850440979003906,1,1,0,1.0810688100734358,0.468176007270813,-0.04235569015145302,0.045346200466156006,0.00202077510766685,-0.0008304138318635523,0.0009083460317924619,0.2313198298215866,-0.08227435499429703,0.07442855089902878,-0.046272892504930496,0.031276240944862366,-0.0034899497404694557,-0.052678600720991654,-0.0009445151131958268,3.0410487954618586,0.468176007270813,-0.04235569015145302,0.045346200466156006,3.0410487954618586,0.0,0.0,0.0,0.0,0.0,0.0,0.0012687994267525067,-0.0018385023155060643,0.000986668797947995,0.0,0.0,0.0,-0.052678600720991654,-0.0009445151131958268,3.0410487954618586,0.0,0.0,0.0,0.0,0.0,0.0,zero,0.0,0.0,0.0,0.0,0.0012687994267525067,-0.0018385023155060643,0.000986668797947995,0.06401728702310587,0.017967171929443214,0.02669511249198845,1,0.009682893753051758,,,,,,,,,,,,,,,,,,,,,,2.503219763000743,2,radio://0/80/2M/E7E7E7E702,0.0,aborted,cf4 起飞前预检失败（电压或 EKF 对齐）,0.0,0.0,0.0,0,0.0,global_abort:cf4 起飞前预检失败（电压或 EKF 对齐）,,,,,
2.503219763000743,1788688523.2481215,control,aborted,1,1,0.008695529000760871,3.790029287338257,3790.0,0,20.0,2.4368606009993528,nan,1,0,1,1.0,-0.2222658395767212,0.449362188577652,0.04248771443963051,-0.000536755658686161,0.002172708511352539,-0.004326167982071638,-0.1624169945716858,0.2721070349216461,-0.6233577728271484,-0.07418341189622879,-0.07635269314050674,0.047398656606674194,0.004131737176654815,0.02550207723149765,-0.9867256024464789,-0.2222658395767212,0.449362188577652,0.04248771443963051,-0.9867256024464789,0.0,0.0,0.0,0.0,0.0,0.0,0.0005960638304881485,0.0028196713658205455,-0.004708058247972204,0.0,0.0,0.0,0.004131737176654815,0.02550207723149765,-0.9867256024464789,0.0,0.0,0.0,0.0,0.0,0.0,zero,0.0,0.0,0.0,0.0,0.0005960638304881485,0.0028196713658205455,-0.004708058247972204,-0.06835313350432815,0.032071462404179005,-0.13992151864195512,1,0.009927511215209961,,,,,,,,,,,,,,,,,,,,,,2.503219763000743,4,radio://0/80/2M/E7E7E7E704,2.0943951023931953,aborted,cf4 起飞前预检失败（电压或 EKF 对齐）,0.0,0.0,0.0,0,0.0,global_abort:cf4 起飞前预检失败（电压或 EKF 对齐）,,,,,
2.503219763000743,1788688523.2483315,control,aborted,1,1,0.008869987999787554,3.9747800827026367,3974.0,0,70.0,2.3977792780005984,3.9747800827026367,1,1,0,1.0566622335352516,-0.3599184453487396,-0.3916190266609192,0.035946641117334366,0.00024171697441488504,0.002001694869250059,-0.001549091306515038,0.2604880928993225,0.3109339475631714,-0.23818935453891754,-0.10763836652040482,-0.10454906523227692,-0.00021647848188877106,-0.009761128572580756,-0.04198681919309305,0.9239671058918029,-0.3599184453487396,-0.3916190266609192,0.035946641117334366,0.9239671058918029,0.0,0.0,0.0,0.0,0.0,0.0,0.003158076305264183,0.002405206549727352,-0.0027276515309689817,0.0,0.0,0.0,-0.009761128572580756,-0.04198681919309305,0.9239671058918029,0.0,0.0,0.0,0.0,0.0,0.0,zero,0.0,0.0,0.0,0.0,0.003158076305264183,0.002405206549727352,-0.0027276515309689817,0.008901009422037713,0.04220389283148928,-0.024830927335196634,1,0.010137557983398438,,,,,,,,,,,,,,,,,,,,,,2.503219763000743,5,radio://0/80/2M/E7E7E7E705,4.1887902047863905,aborted,cf4 起飞前预检失败（电压或 EKF 对齐）,0.0,0.0,0.0,0,0.0,global_abort:cf4 起飞前预检失败（电压或 EKF 对齐）,,,,,
2.5175321309998253,1788688523.262117,control,aborted,1,1,0.0025976159995479975,3.8850440979003906,3885.0,0,40.0,2.489003659999071,3.8850440979003906,1,1,0,1.0810688100734358,0.4681280851364136,-0.04235846549272537,0.045351557433605194,0.000320682767778635,-0.00042559325811453164,0.0006491600070148706,0.11549005657434464,-0.04233451932668686,0.042622700333595276,-0.03470904007554054,0.0196567140519619,-0.011919870972633362,-0.052932540755799264,-0.0010280760872340008,3.0406120204858893,0.4681280851364136,-0.04235846549272537,0.045351557433605194,3.0406120204858893,0.0,0.0,0.0,0.0,0.0,0.0,0.0018480674769847955,-0.0013187813426337011,0.0011427698577600928,0.0,0.0,0.0,-0.052932540755799264,-0.0010280760872340008,3.0406120204858893,0.0,0.0,0.0,0.0,0.0,0.0,zero,0.0,0.0,0.0,0.0,0.0018480674769847955,-0.0013187813426337011,0.0011427698577600928,0.01979608778250422,0.027029021063647917,0.0034760155522022616,1,0.0030455589294433594,,,,,,,,,,,,,,,,,,,,,,2.5175321309998253,2,radio://0/80/2M/E7E7E7E702,0.0,aborted,cf4 起飞前预检失败（电压或 EKF 对齐）,0.0,0.0,0.0,0,0.0,global_abort:cf4 起飞前预检失败（电压或 EKF 对齐）,,,,,
2.5175321309998253,1788688523.262362,control,aborted,1,1,0.0022460629988927394,3.790029287338257,3790.0,0,20.0,2.451172968998435,nan,1,0,1,1.0,-0.2222757488489151,0.44936153292655945,0.04248323664069176,-0.0001875195885077119,0.0020068525336682796,-0.0026150911580771208,-0.09084505587816238,0.18484468758106232,-0.3643771708011627,-0.03414297103881836,-0.07352349162101746,0.027993308380246162,0.004357831961572177,0.024440309403811544,-0.9871047514730471,-0.2222757488489151,0.44936153292655945,0.04248323664069176,-0.9871047514730471,0.0,0.0,0.0,0.0,0.0,0.0,-0.000374848934116097,0.002555032740929857,-0.005498397054011576,0.0,0.0,0.0,0.004357831961572177,0.024440309403811544,-0.9871047514730471,0.0,0.0,0.0,0.0,0.0,0.0,zero,0.0,0.0,0.0,0.0,-0.000374848934116097,0.002555032740929857,-0.005498397054011576,-0.04553076721399215,-0.02369422681754685,-0.01707657861404095,1,0.0032906532287597656,,,,,,,,,,,,,,,,,,,,,,2.5175321309998253,4,radio://0/80/2M/E7E7E7E704,2.0943951023931953,aborted,cf4 起飞前预检失败（电压或 EKF 对齐）,0.0,0.0,0.0,0,0.0,global_abort:cf4 起飞前预检失败（电压或 EKF 对齐）,,,,,
2.5175321309998253,1788688523.2625644,control,aborted,1,1,0.0020180089995847084,3.9747800827026367,3974.0,0,70.0,2.4120916459996806,3.9747800827026367,1,1,0,1.0566622335352516,-0.3598707616329193,-0.39166682958602905,0.035957008600234985,0.0007232101634144783,0.0007533453172072768,-0.0011621217709034681,0.16955457627773285,0.18382298946380615,-0.15330325067043304,-0.06429019570350647,-0.10207751393318176,-0.02165275253355503,-0.009123358279592507,-0.042749606079759264,0.9229569049532795,-0.3598707616329193,-0.39166682958602905,0.035957008600234985,0.9229569049532795,0.0,0.0,0.0,0.0,0.0,0.0,0.0022707031563276407,0.002238557336793188,-0.0023310074381087155,0.0,0.0,0.0,-0.009123358279592507,-0.042749606079759264,0.9229569049532795,0.0,0.0,0.0,0.0,0.0,0.0,zero,0.0,0.0,0.0,0.0,0.0022707031563276407,0.002238557336793188,-0.0023310074381087155,-0.05173459659092382,-0.019380257074116274,0.030768247487618708,1,0.003493070602416992,,,,,,,,,,,,,,,,,,,,,,2.5175321309998253,5,radio://0/80/2M/E7E7E7E705,4.1887902047863905,aborted,cf4 起飞前预检失败（电压或 EKF 对齐）,0.0,0.0,0.0,0,0.0,global_abort:cf4 起飞前预检失败（电压或 EKF 对齐）,,,,,
2.5318032190007216,1788688523.276428,control,aborted,1,1,0.016868704000444268,3.8850440979003906,3885.0,0,40.0,2.503274747999967,3.8850440979003906,1,1,0,1.0810688100734358,0.4681280851364136,-0.04235846549272537,0.045351557433605194,0.000320682767778635,-0.00042559325811453164,0.0006491600070148706,0.11549005657434464,-0.04233451932668686,0.042622700333595276,-0.03470904007554054,0.0196567140519619,-0.011919870972633362,-0.052932540755799264,-0.0010280760872340008,3.0406120204858893,0.4681280851364136,-0.04235846549272537,0.045351557433605194,3.0406120204858893,0.0,0.0,0.0,0.0,0.0,0.0,0.0018480674769847955,-0.0013187813426337011,0.0011427698577600928,0.0,0.0,0.0,-0.052932540755799264,-0.0010280760872340008,3.0406120204858893,0.0,0.0,0.0,0.0,0.0,0.0,zero,0.0,0.0,0.0,0.0,0.0018480674769847955,-0.0013187813426337011,0.0011427698577600928,0.01979608778250422,0.027029021063647917,0.0034760155522022616,1,0.01735663414001465,,,,,,,,,,,,,,,,,,,,,,2.5318032190007216,2,radio://0/80/2M/E7E7E7E702,0.0,aborted,cf4 起飞前预检失败（电压或 EKF 对齐）,0.0,0.0,0.0,0,0.0,global_abort:cf4 起飞前预检失败（电压或 EKF 对齐）,,,,,
2.5318032190007216,1788688523.2766695,control,aborted,1,1,0.01651715099978901,3.790029287338257,3790.0,0,20.0,2.4654440569993312,nan,1,0,1,1.0,-0.2222757488489151,0.44936153292655945,0.04248323664069176,-0.0001875195885077119,0.0020068525336682796,-0.0026150911580771208,-0.09084505587816238,0.18484468758106232,-0.3643771708011627,-0.03414297103881836,-0.07352349162101746,0.027993308380246162,0.004357831961572177,0.024440309403811544,-0.9871047514730471,-0.2222757488489151,0.44936153292655945,0.04248323664069176,-0.9871047514730471,0.0,0.0,0.0,0.0,0.0,0.0,-0.000374848934116097,0.002555032740929857,-0.005498397054011576,0.0,0.0,0.0,0.004357831961572177,0.024440309403811544,-0.9871047514730471,0.0,0.0,0.0,0.0,0.0,0.0,zero,0.0,0.0,0.0,0.0,-0.000374848934116097,0.002555032740929857,-0.005498397054011576,-0.04553076721399215,-0.02369422681754685,-0.01707657861404095,1,0.01759815216064453,,,,,,,,,,,,,,,,,,,,,,2.5318032190007216,4,radio://0/80/2M/E7E7E7E704,2.0943951023931953,aborted,cf4 起飞前预检失败（电压或 EKF 对齐）,0.0,0.0,0.0,0,0.0,global_abort:cf4 起飞前预检失败（电压或 EKF 对齐）,,,,,
2.5318032190007216,1788688523.2768738,control,aborted,1,1,0.01628909700048098,3.9747800827026367,3974.0,0,70.0,2.426362734000577,3.9747800827026367,1,1,0,1.0566622335352516,-0.3598707616329193,-0.39166682958602905,0.035957008600234985,0.0007232101634144783,0.0007533453172072768,-0.0011621217709034681,0.16955457627773285,0.18382298946380615,-0.15330325067043304,-0.06429019570350647,-0.10207751393318176,-0.02165275253355503,-0.009123358279592507,-0.042749606079759264,0.9229569049532795,-0.3598707616329193,-0.39166682958602905,0.035957008600234985,0.9229569049532795,0.0,0.0,0.0,0.0,0.0,0.0,0.0022707031563276407,0.002238557336793188,-0.0023310074381087155,0.0,0.0,0.0,-0.009123358279592507,-0.042749606079759264,0.9229569049532795,0.0,0.0,0.0,0.0,0.0,0.0,zero,0.0,0.0,0.0,0.0,0.0022707031563276407,0.002238557336793188,-0.0023310074381087155,-0.05173459659092382,-0.019380257074116274,0.030768247487618708,1,0.01780247688293457,,,,,,,,,,,,,,,,,,,,,,2.5318032190007216,5,radio://0/80/2M/E7E7E7E705,4.1887902047863905,aborted,cf4 起飞前预检失败（电压或 EKF 对齐）,0.0,0.0,0.0,0,0.0,global_abort:cf4 起飞前预检失败（电压或 EKF 对齐）,,,,,
2.5460873960000754,1788688523.2907066,control,aborted,1,1,0.0013659899996127933,3.8850440979003906,3885.0,0,40.0,2.517558924999321,3.8850440979003906,1,1,0,1.0810688100734358,0.468176007270813,-0.04234654828906059,0.0453203022480011,0.0006208595586940646,0.0009096258436329663,0.0010269773192703724,0.05303487181663513,0.04213687777519226,0.07782384008169174,-0.04983266443014145,0.0005660653114318848,-0.015827860683202744,-0.05254177008854972,-0.002630846150494884,3.0413933150368355,0.468176007270813,-0.04234654828906059,0.0453203022480011,3.0413933150368355,0.0,0.0,0.0,0.0,0.0,0.0,0.0008621705980991021,-0.00033584154751994423,0.0006846262958302312,0.0,0.0,0.0,-0.05254177008854972,-0.002630846150494884,3.0413933150368355,0.0,0.0,0.0,0.0,0.0,0.0,zero,0.0,0.0,0.0,0.0,0.0008621705980991021,-0.00033584154751994423,0.0006846262958302312,-0.03378723900479533,0.03960408850998653,-0.006533037778397397,1,0.002048969268798828,,,,,,,,,,,,,,,,,,,,,,2.5460873960000754,2,radio://0/80/2M/E7E7E7E702,0.0,aborted,cf4 起飞前预检失败（电压或 EKF 对齐）,0.0,0.0,0.0,0,0.0,global_abort:cf4 起飞前预检失败（电压或 EKF 对齐）,,,,,
2.5460873960000754,1788688523.2909937,control,aborted,1,1,0.0015968959996826015,3.790029287338257,3790.0,0,20.0,2.479728233998685,nan,1,0,1,1.0,-0.22225026786327362,0.44933852553367615,0.0425395667552948,0.0005188966169953346,0.0003876836854033172,-0.0017022390384227037,-0.02989489585161209,0.055706918239593506,-0.23884376883506775,-0.03603176772594452,-0.009147180244326591,0.021353984251618385,0.0036678613456390596,0.025736380148515897,-0.9872696192149295,-0.22225026786327362,0.44933852553367615,0.0425395667552948,-0.9872696192149295,0.0,0.0,0.0,0.0,0.0,0.0,-0.0006607830551978447,0.0014196678879747598,-0.0031342674880557053,0.0,0.0,0.0,0.0036678613456390596,0.025736380148515897,-0.9872696192149295,0.0,0.0,0.0,0.0,0.0,0.0,zero,0.0,0.0,0.0,0.0,-0.0006607830551978447,0.0014196678879747598,-0.0031342674880557053,-0.0007643001751097328,-0.03523943296841557,0.06464228991155418,1,0.0023360252380371094,,,,,,,,,,,,,,,,,,,,,,2.5460873960000754,4,radio://0/80/2M/E7E7E7E704,2.0943951023931953,aborted,cf4 起飞前预检失败（电压或 EKF 对齐）,0.0,0.0,0.0,0,0.0,global_abort:cf4 起飞前预检失败（电压或 EKF 对齐）,,,,,
2.5460873960000754,1788688523.2912083,control,aborted,1,1,0.001167481999800657,3.9747800827026367,3974.0,0,70.0,2.4406469109999307,3.9747800827026367,1,1,0,1.0566622335352516,-0.35985201597213745,-0.39159899950027466,0.0359354130923748,0.0002646995126269758,0.0030688552651554346,-0.003305785357952118,0.057926349341869354,0.20254158973693848,-0.21793635189533234,-0.11326755583286285,-0.13519775867462158,-0.015491635538637638,-0.01026344468183592,-0.042958135332970576,0.9237334639795557,-0.35985201597213745,-0.39159899950027466,0.0359354130923748,0.9237334639795557,0.0,0.0,0.0,0.0,0.0,0.0,0.0005406534674833204,0.0008623444056513144,-0.0010058640875474018,0.0,0.0,0.0,-0.01026344468183592,-0.042958135332970576,0.9237334639795557,0.0,0.0,0.0,0.0,0.0,0.0,zero,0.0,0.0,0.0,0.0,0.0005406534674833204,0.0008623444056513144,-0.0010058640875474018,-0.0546919888616986,-0.02103903408071966,0.012737689883114547,1,0.0025506019592285156,,,,,,,,,,,,,,,,,,,,,,2.5460873960000754,5,radio://0/80/2M/E7E7E7E705,4.1887902047863905,aborted,cf4 起飞前预检失败（电压或 EKF 对齐）,0.0,0.0,0.0,0,0.0,global_abort:cf4 起飞前预检失败（电压或 EKF 对齐）,,,,,
2.5604208240001753,1788688523.3050182,control,aborted,1,1,0.00046875000043655746,3.8850440979003906,3885.0,0,40.0,2.531892352999421,3.8850440979003906,1,1,0,1.0810688100734358,0.4681324362754822,-0.04237131029367447,0.0453496091067791,-7.610733155161142e-05,0.00040217331843450665,0.0012068570358678699,0.03326540067791939,0.02703840844333172,0.06462381780147552,-0.04003440588712692,0.023591570556163788,-0.020881135016679764,-0.05255330405321702,-0.0009060115243691392,3.0406765434311263,0.4681324362754822,-0.04237131029367447,0.0453496091067791,3.0406765434311263,0.0,0.0,0.0,0.0,0.0,0.0,0.0006011203751219562,0.00014224221733334988,0.0008637152839295367,0.0,0.0,0.0,-0.05255330405321702,-0.0009060115243691392,3.0406765434311263,0.0,0.0,0.0,0.0,0.0,0.0,zero,0.0,0.0,0.0,0.0,0.0006011203751219562,0.00014224221733334988,0.0008637152839295367,-0.017158321884787348,0.031423513191030525,0.011771169810867212,1,0.0011463165283203125,,,,,,,,,,,,,,,,,,,,,,2.5604208240001753,2,radio://0/80/2M/E7E7E7E702,0.0,aborted,cf4 起飞前预检失败（电压或 EKF 对齐）,0.0,0.0,0.0,0,0.0,global_abort:cf4 起飞前预检失败（电压或 EKF 对齐）,,,,,
2.5604208240001753,1788688523.3052642,control,aborted,1,1,0.0007097449997672811,3.790029287338257,3790.0,0,20.0,2.494061661998785,nan,1,0,1,1.0,-0.22226417064666748,0.4493720531463623,0.042496632784605026,0.0002323478984180838,0.0007509092101827264,-0.0019262118730694056,-0.02768295630812645,0.049340587109327316,-0.1940194070339203,-0.037062354385852814,-0.014391929842531681,0.027045590803027153,0.003060555276693093,0.02519572215379738,-0.9865133445313813,-0.22226417064666748,0.4493720531463623,0.042496632784605026,-0.9865133445313813,0.0,0.0,0.0,0.0,0.0,0.0,-0.0003821200821659965,0.0011015116108959435,-0.0027971278710582207,0.0,0.0,0.0,0.003060555276693093,0.02519572215379738,-0.9865133445313813,0.0,0.0,0.0,0.0,0.0,0.0,zero,0.0,0.0,0.0,0.0,-0.0003821200821659965,0.0011015116108959435,-0.0027971278710582207,0.018315973585936614,-0.020911791415178526,0.022159529314262256,1,0.001392364501953125,,,,,,,,,,,,,,,,,,,,,,2.5604208240001753,4,radio://0/80/2M/E7E7E7E704,2.0943951023931953,aborted,cf4 起飞前预检失败（电压或 EKF 对齐）,0.0,0.0,0.0,0,0.0,global_abort:cf4 起飞前预检失败（电压或 EKF 对齐）,,,,,
2.5604208240001753,1788688523.3054657,control,aborted,1,1,0.0002819359997374704,3.9747800827026367,3974.0,0,70.0,2.4549803390000307,3.9747800827026367,1,1,0,1.0566622335352516,-0.3598169684410095,-0.39160963892936707,0.03591376170516014,0.0006725030252709985,0.002315215766429901,-0.0029292628169059753,0.051702164113521576,0.152125746011734,-0.169399231672287,-0.08647112548351288,-0.09071376919746399,-0.019604571163654327,-0.009924522116138142,-0.041636789131053745,0.9231710784735039,-0.3598169684410095,-0.39160963892936707,0.03591376170516014,0.9231710784735039,0.0,0.0,0.0,0.0,0.0,0.0,0.0002810976853943237,0.0014292024843145894,-0.0017468333408335406,0.0,0.0,0.0,-0.009924522116138142,-0.041636789131053745,0.9231710784735039,0.0,0.0,0.0,0.0,0.0,0.0,zero,0.0,0.0,0.0,0.0,0.0002810976853943237,0.0014292024843145894,-0.0017468333408335406,-0.01706009520064888,0.037258475651821554,-0.048702463493881576,1,0.0015938282012939453,,,,,,,,,,,,,,,,,,,,,,2.5604208240001753,5,radio://0/80/2M/E7E7E7E705,4.1887902047863905,aborted,cf4 起飞前预检失败（电压或 EKF 对齐）,0.0,0.0,0.0,0,0.0,global_abort:cf4 起飞前预检失败（电压或 EKF 对齐）,,,,,
2.57489061600063,1788688523.3194957,control,aborted,1,1,0.00031763299921294674,3.8850440979003906,3885.0,0,40.0,2.5463621449998755,3.8850440979003906,1,1,0,1.0810688100734358,0.4681507349014282,-0.04238371178507805,0.04533099755644798,6.582477362826467e-05,0.00010773178655654192,0.0002453671768307686,0.013859431259334087,0.014659378677606583,0.01347401924431324,-0.030421938747167587,0.0049070874229073524,-0.008532250300049782,-0.052909488464740084,-0.0010980167218588252,3.041017579062898,0.4681507349014282,-0.04238371178507805,0.04533099755644798,3.041017579062898,0.0,0.0,0.0,0.0,0.0,0.0,0.0001279076381482664,0.0007150749890558562,0.0010184550113896457,0.0,0.0,0.0,-0.052909488464740084,-0.0010980167218588252,3.041017579062898,0.0,0.0,0.0,0.0,0.0,0.0,zero,0.0,0.0,0.0,0.0,0.0001279076381482664,0.0007150749890558562,0.0010184550113896457,-0.026458892711098785,0.021691511628655496,0.002125932785379592,1,0.001024007797241211,,,,,,,,,,,,,,,,,,,,,,2.57489061600063,2,radio://0/80/2M/E7E7E7E702,0.0,aborted,cf4 起飞前预检失败（电压或 EKF 对齐）,0.0,0.0,0.0,0,0.0,global_abort:cf4 起飞前预检失败（电压或 EKF 对齐）,,,,,
2.57489061600063,1788688523.319742,control,aborted,1,1,0.0006161370001791511,3.790029287338257,3790.0,0,20.0,2.5085314539992396,nan,1,0,1,1.0,-0.2222888171672821,0.4493582248687744,0.042497262358665466,-0.00033378126681782305,-0.0005170222138985991,-0.0019712503999471664,-0.028629811480641365,-0.024071652442216873,-0.15048319101333618,-0.025257576256990433,-0.03571418672800064,-0.001439238665625453,0.003164055987214505,0.02405076054813876,-0.9871494593234562,-0.2222888171672821,0.4493582248687744,0.042497262358665466,-0.9871494593234562,0.0,0.0,0.0,0.0,0.0,0.0,2.0511766886948578e-05,0.00041682591280384424,-0.0024881166032486766,0.0,0.0,0.0,0.003164055987214505,0.02405076054813876,-0.9871494593234562,0.0,0.0,0.0,0.0,0.0,0.0,zero,0.0,0.0,0.0,0.0,2.0511766886948578e-05,0.00041682591280384424,-0.0024881166032486766,0.01788766649509895,-0.0425693700840272,0.005501626122561037,1,0.001270294189453125,,,,,,,,,,,,,,,,,,,,,,2.57489061600063,4,radio://0/80/2M/E7E7E7E704,2.0943951023931953,aborted,cf4 起飞前预检失败（电压或 EKF 对齐）,0.0,0.0,0.0,0,0.0,global_abort:cf4 起飞前预检失败（电压或 EKF 对齐）,,,,,
2.57489061600063,1788688523.320044,control,aborted,1,1,0.00011625600018305704,3.9747800827026367,3974.0,0,70.0,2.4694501310004853,3.9747800827026367,1,1,0,1.0566622335352516,-0.35983210802078247,-0.3916254937648773,0.03590937703847885,-0.0006075710989534855,0.000852217897772789,-0.0016780925216153264,-0.02315138280391693,0.05043637007474899,-0.06493160128593445,-0.048521436750888824,-0.09301318228244781,-0.0002541993744671345,-0.009384658888455688,-0.04262864809573398,0.9234581139623034,-0.35983210802078247,-0.3916254937648773,0.03590937703847885,0.9234581139623034,0.0,0.0,0.0,0.0,0.0,0.0,-0.00020208759662789953,0.0020184963417254026,-0.002566200168207865,0.0,0.0,0.0,-0.009384658888455688,-0.04262864809573398,0.9234581139623034,0.0,0.0,0.0,0.0,0.0,0.0,zero,0.0,0.0,0.0,0.0,-0.00020208759662789953,0.0020184963417254026,-0.002566200168207865,-0.029113940995557624,0.015719680375931626,-0.025885656989951003,1,0.0015723705291748047,,,,,,,,,,,,,,,,,,,,,,2.57489061600063,5,radio://0/80/2M/E7E7E7E705,4.1887902047863905,aborted,cf4 起飞前预检失败（电压或 EKF 对齐）,0.0,0.0,0.0,0,0.0,global_abort:cf4 起飞前预检失败（电压或 EKF 对齐）,,,,,
2.589029336000749,1788688523.3336139,control,aborted,1,1,0.014456352999332012,3.8850440979003906,3885.0,0,40.0,2.5605008649999945,3.8850440979003906,1,1,0,1.0810688100734358,0.4681507349014282,-0.04238371178507805,0.04533099755644798,6.582477362826467e-05,0.00010773178655654192,0.0002453671768307686,0.013859431259334087,0.014659378677606583,0.01347401924431324,-0.030421938747167587,0.0049070874229073524,-0.008532250300049782,-0.052909488464740084,-0.0010980167218588252,3.041017579062898,0.4681507349014282,-0.04238371178507805,0.04533099755644798,3.041017579062898,0.0,0.0,0.0,0.0,0.0,0.0,0.0001279076381482664,0.0007150749890558562,0.0010184550113896457,0.0,0.0,0.0,-0.052909488464740084,-0.0010980167218588252,3.041017579062898,0.0,0.0,0.0,0.0,0.0,0.0,zero,0.0,0.0,0.0,0.0,0.0001279076381482664,0.0007150749890558562,0.0010184550113896457,-0.026458892711098785,0.021691511628655496,0.002125932785379592,1,0.015142202377319336,,,,,,,,,,,,,,,,,,,,,,2.589029336000749,2,radio://0/80/2M/E7E7E7E702,0.0,aborted,cf4 起飞前预检失败（电压或 EKF 对齐）,0.0,0.0,0.0,0,0.0,global_abort:cf4 起飞前预检失败（电压或 EKF 对齐）,,,,,
2.589029336000749,1788688523.3338497,control,aborted,1,1,0.014754857000298216,3.790029287338257,3790.0,0,20.0,2.5226701739993587,nan,1,0,1,1.0,-0.2222888171672821,0.4493582248687744,0.042497262358665466,-0.00033378126681782305,-0.0005170222138985991,-0.0019712503999471664,-0.028629811480641365,-0.024071652442216873,-0.15048319101333618,-0.025257576256990433,-0.03571418672800064,-0.001439238665625453,0.003164055987214505,0.02405076054813876,-0.9871494593234562,-0.2222888171672821,0.4493582248687744,0.042497262358665466,-0.9871494593234562,0.0,0.0,0.0,0.0,0.0,0.0,2.0511766886948578e-05,0.00041682591280384424,-0.0024881166032486766,0.0,0.0,0.0,0.003164055987214505,0.02405076054813876,-0.9871494593234562,0.0,0.0,0.0,0.0,0.0,0.0,zero,0.0,0.0,0.0,0.0,2.0511766886948578e-05,0.00041682591280384424,-0.0024881166032486766,0.01788766649509895,-0.0425693700840272,0.005501626122561037,1,0.015377998352050781,,,,,,,,,,,,,,,,,,,,,,2.589029336000749,4,radio://0/80/2M/E7E7E7E704,2.0943951023931953,aborted,cf4 起飞前预检失败（电压或 EKF 对齐）,0.0,0.0,0.0,0,0.0,global_abort:cf4 起飞前预检失败（电压或 EKF 对齐）,,,,,
2.589029336000749,1788688523.3340518,control,aborted,1,1,0.014254976000302122,3.9747800827026367,3974.0,0,70.0,2.4835888510006043,3.9747800827026367,1,1,0,1.0566622335352516,-0.35983210802078247,-0.3916254937648773,0.03590937703847885,-0.0006075710989534855,0.000852217897772789,-0.0016780925216153264,-0.02315138280391693,0.05043637007474899,-0.06493160128593445,-0.048521436750888824,-0.09301318228244781,-0.0002541993744671345,-0.009384658888455688,-0.04262864809573398,0.9234581139623034,-0.35983210802078247,-0.3916254937648773,0.03590937703847885,0.9234581139623034,0.0,0.0,0.0,0.0,0.0,0.0,-0.00020208759662789953,0.0020184963417254026,-0.002566200168207865,0.0,0.0,0.0,-0.009384658888455688,-0.04262864809573398,0.9234581139623034,0.0,0.0,0.0,0.0,0.0,0.0,zero,0.0,0.0,0.0,0.0,-0.00020208759662789953,0.0020184963417254026,-0.002566200168207865,-0.029113940995557624,0.015719680375931626,-0.025885656989951003,1,0.015580177307128906,,,,,,,,,,,,,,,,,,,,,,2.589029336000749,5,radio://0/80/2M/E7E7E7E705,4.1887902047863905,aborted,cf4 起飞前预检失败（电压或 EKF 对齐）,0.0,0.0,0.0,0,0.0,global_abort:cf4 起飞前预检失败（电压或 EKF 对齐）,,,,,
2.603195190000406,1788688523.3478124,control,aborted,1,1,0.006193240998982219,3.8850440979003906,3885.0,0,40.0,2.5746667189996515,3.8850440979003906,1,1,0,1.0810688100734358,0.4681537449359894,-0.04237332195043564,0.04534033685922623,4.7278266720240936e-05,-0.00047096930211409926,0.0010520156938582659,0.007558867800980806,-0.017012707889080048,0.03997962176799774,-0.025344669818878174,0.010424108244478703,-0.01236440148204565,-0.052603088858400086,-0.0014645636610163203,3.0410471920828277,0.4681537449359894,-0.04237332195043564,0.04534033685922623,3.0410471920828277,0.0,0.0,0.0,0.0,0.0,0.0,-0.00018857311204316404,0.0006742164703443917,0.0005650463070569874,0.0,0.0,0.0,-0.052603088858400086,-0.0014645636610163203,3.0410471920828277,0.0,0.0,0.0,0.0,0.0,0.0,zero,0.0,0.0,0.0,0.0,-0.00018857311204316404,0.0006742164703443917,0.0005650463070569874,-0.015657500884814022,-0.00519835102482295,-0.028277050055814615,1,0.0069692134857177734,,,,,,,,,,,,,,,,,,,,,,2.603195190000406,2,radio://0/80/2M/E7E7E7E702,0.0,aborted,cf4 起飞前预检失败（电压或 EKF 对齐）,0.0,0.0,0.0,0,0.0,global_abort:cf4 起飞前预检失败（电压或 EKF 对齐）,,,,,
2.603195190000406,1788688523.348073,control,aborted,1,1,0.00646880800013605,3.790029287338257,3790.0,0,20.0,2.5368360279990156,nan,1,0,1,1.0,-0.2223309725522995,0.4493306875228882,0.042484350502491,-0.0019525965908542275,-0.0009234831668436527,-0.0015729012666270137,-0.07146289944648743,-0.026112712919712067,-0.09145576506853104,-0.06141366809606552,-0.004827157594263554,0.009978127665817738,0.001943613578704912,0.02535687595646347,-0.9869290316360825,-0.2223309725522995,0.4493306875228882,0.042484350502491,-0.9869290316360825,0.0,0.0,0.0,0.0,0.0,0.0,5.885554644667435e-05,-0.0005353848476697455,-0.002401690312236502,0.0,0.0,0.0,0.001943613578704912,0.02535687595646347,-0.9869290316360825,0.0,0.0,0.0,0.0,0.0,0.0,zero,0.0,0.0,0.0,0.0,5.885554644667435e-05,-0.0005353848476697455,-0.002401690312236502,-0.0017800693407362463,-0.053912238328431276,0.010089249786906933,1,0.007229804992675781,,,,,,,,,,,,,,,,,,,,,,2.603195190000406,4,radio://0/80/2M/E7E7E7E704,2.0943951023931953,aborted,cf4 起飞前预检失败（电压或 EKF 对齐）,0.0,0.0,0.0,0,0.0,global_abort:cf4 起飞前预检失败（电压或 EKF 对齐）,,,,,
2.603195190000406,1788688523.3483212,control,aborted,1,1,0.006021269999109791,3.9747800827026367,3974.0,0,70.0,2.4977547050002613,3.9747800827026367,1,1,0,1.0566622335352516,-0.35981979966163635,-0.3916254937648773,0.03593667596578598,0.0007434290600940585,-0.0001536848722025752,-0.0004369989619590342,0.030638204887509346,-0.0016443990170955658,-0.014699157327413559,-0.0167244765907526,0.0020041391253471375,0.0005461748223751783,-0.009100950485711894,-0.04034718599176681,0.923660350802521,-0.35981979966163635,-0.3916254937648773,0.03593667596578598,0.923660350802521,0.0,0.0,0.0,0.0,0.0,0.0,-0.0008330289189606877,0.0014999759332363373,-0.0020891457520468082,0.0,0.0,0.0,-0.009100950485711894,-0.04034718599176681,0.923660350802521,0.0,0.0,0.0,0.0,0.0,0.0,zero,0.0,0.0,0.0,0.0,-0.0008330289189606877,0.0014999759332363373,-0.0020891457520468082,-0.03298448434923887,-0.03419978958621817,0.03355835514612882,1,0.007477998733520508,,,,,,,,,,,,,,,,,,,,,,2.603195190000406,5,radio://0/80/2M/E7E7E7E705,4.1887902047863905,aborted,cf4 起飞前预检失败（电压或 EKF 对齐）,0.0,0.0,0.0,0,0.0,global_abort:cf4 起飞前预检失败（电压或 EKF 对齐）,,,,,
2.617530962001183,1788688523.362174,control,aborted,1,1,0.0033839799998531817,3.8850440979003906,3885.0,0,40.0,2.5890024910004286,3.8850440979003906,1,1,0,1.0810688100734358,0.4681224524974823,-0.04236156865954399,0.0453236848115921,-0.0005229006055742502,7.655145600438118e-05,0.0003131885314360261,-0.004742557182908058,0.004217775538563728,0.00958259031176567,-0.007140304893255234,-0.002242170972749591,-0.003755972720682621,-0.05218264991745852,-0.0018900373991895911,3.0412297484853625,0.4681224524974823,-0.04236156865954399,0.0453236848115921,3.0412297484853625,0.0,0.0,0.0,0.0,0.0,0.0,-0.00019583689299532738,0.0005482673023315498,0.00038728870838102274,0.0,0.0,0.0,-0.05218264991745852,-0.0018900373991895911,3.0412297484853625,0.0,0.0,0.0,0.0,0.0,0.0,zero,0.0,0.0,0.0,0.0,-0.00019583689299532738,0.0005482673023315498,0.00038728870838102274,0.0035066050081247776,-0.006191890321481237,-0.004410338144264888,1,0.0038805007934570312,,,,,,,,,,,,,,,,,,,,,,2.617530962001183,2,radio://0/80/2M/E7E7E7E702,0.0,aborted,cf4 起飞前预检失败（电压或 EKF 对齐）,0.0,0.0,0.0,0,0.0,global_abort:cf4 起飞前预检失败（电压或 EKF 对齐）,,,,,
2.617530962001183,1788688523.3624332,control,aborted,1,1,0.002907115000198246,3.790029287338257,3790.0,0,20.0,2.5511717999997927,nan,1,0,1,1.0,-0.22230102121829987,0.44936877489089966,0.04247497022151947,-0.0004560171510092914,0.00020443466200958937,-0.0011254139244556427,-0.009572473354637623,0.007310281507670879,-0.04713330417871475,-0.02587013877928257,-0.045600343495607376,-0.0006916944985277951,0.0024441827940617166,0.023254517328841574,-0.9872458812950033,-0.22230102121829987,0.44936877489089966,0.04247497022151947,-0.9872458812950033,0.0,0.0,0.0,0.0,0.0,0.0,-0.00011960913607088497,-0.0008570446332646013,-0.0020066713265559097,0.0,0.0,0.0,0.0024441827940617166,0.023254517328841574,-0.9872458812950033,0.0,0.0,0.0,0.0,0.0,0.0,zero,0.0,0.0,0.0,0.0,-0.00011960913607088497,-0.0008570446332646013,-0.0020066713265559097,-0.009640253115597264,-0.005743888856158617,0.025578459219912985,1,0.00413966178894043,,,,,,,,,,,,,,,,,,,,,,2.617530962001183,4,radio://0/80/2M/E7E7E7E704,2.0943951023931953,aborted,cf4 起飞前预检失败（电压或 EKF 对齐）,0.0,0.0,0.0,0,0.0,global_abort:cf4 起飞前预检失败（电压或 EKF 对齐）,,,,,
2.617530962001183,1788688523.3626473,control,aborted,1,1,0.003119173001323361,3.9747800827026367,3974.0,0,70.0,2.5120904770010384,3.9747800827026367,1,1,0,1.0566622335352516,-0.3598545491695404,-0.39164963364601135,0.035946428775787354,-0.00043632829328998923,-0.0005647424259223044,-0.0001349358935840428,-0.010392783209681511,-0.008880793116986752,-0.004529719240963459,0.0013691987842321396,-0.032236695289611816,0.00725559750571847,-0.008451116483639198,-0.04186406761664805,0.9240455309706028,-0.3598545491695404,-0.39164963364601135,0.035946428775787354,0.9240455309706028,0.0,0.0,0.0,0.0,0.0,0.0,-0.0009729616143604448,0.0008696035036874942,-0.0014808067579709597,0.0,0.0,0.0,-0.008451116483639198,-0.04186406761664805,0.9240455309706028,0.0,0.0,0.0,0.0,0.0,0.0,zero,0.0,0.0,0.0,0.0,-0.0009729616143604448,0.0008696035036874942,-0.0014808067579709597,-0.0025905557428768876,-0.035486264913366684,0.033078272130655964,1,0.004353761672973633,,,,,,,,,,,,,,,,,,,,,,2.617530962001183,5,radio://0/80/2M/E7E7E7E705,4.1887902047863905,aborted,cf4 起飞前预检失败（电压或 EKF 对齐）,0.0,0.0,0.0,0,0.0,global_abort:cf4 起飞前预检失败（电压或 EKF 对齐）,,,,,
2.6318073060010647,1788688523.376424,control,aborted,1,1,0.0031831859996600542,3.8850440979003906,3885.0,0,40.0,2.60327883500031,3.8850440979003906,1,1,0,1.0810688100734358,0.4681105613708496,-0.04236474633216858,0.0453181229531765,-0.0005827485583722591,1.7300968465860933e-05,0.00017364260565955192,-0.004621610976755619,0.002554917009547353,0.005736459977924824,-0.014093592762947083,0.004046586342155933,-0.0066623748280107975,-0.05278828647053007,-0.001482134729050645,3.040943441735004,0.4681105613708496,-0.04236474633216858,0.0453181229531765,3.040943441735004,0.0,0.0,0.0,0.0,0.0,0.0,-0.00020217635969187056,0.00045301247404094076,0.0003513327478659098,0.0,0.0,0.0,-0.05278828647053007,-0.001482134729050645,3.040943441735004,0.0,0.0,0.0,0.0,0.0,0.0,zero,0.0,0.0,0.0,0.0,-0.00020217635969187056,0.00045301247404094076,0.0003513327478659098,-0.0004383174344028131,-0.006586019605337929,-0.0024860331505593227,1,0.0036673545837402344,,,,,,,,,,,,,,,,,,,,,,2.6318073060010647,2,radio://0/80/2M/E7E7E7E702,0.0,aborted,cf4 起飞前预检失败（电压或 EKF 对齐）,0.0,0.0,0.0,0,0.0,global_abort:cf4 起飞前预检失败（电压或 EKF 对齐）,,,,,
2.6318073060010647,1788688523.3766658,control,aborted,1,1,0.0027633259996946435,3.790029287338257,3790.0,0,20.0,2.5654481439996744,nan,1,0,1,1.0,-0.22226642072200775,0.4493507146835327,0.04244789108633995,0.00011363477096892893,-8.618507126811892e-05,-0.0012747757136821747,0.0002190498635172844,0.0018295957706868649,-0.03977198898792267,-0.01913190633058548,-0.02000591717660427,-0.005521637853235006,0.002548801808135068,0.024446803377332106,-0.987602285665834,-0.22226642072200775,0.4493507146835327,0.04244789108633995,-0.987602285665834,0.0,0.0,0.0,0.0,0.0,0.0,-0.00015361564152111166,-0.0006375194445807735,-0.0016351516627904586,0.0,0.0,0.0,0.002548801808135068,0.024446803377332106,-0.987602285665834,0.0,0.0,0.0,0.0,0.0,0.0,zero,0.0,0.0,0.0,0.0,-0.00015361564152111166,-0.0006375194445807735,-0.0016351516627904586,-0.0023512457648963555,0.015178203797987797,0.02568726261164279,1,0.003909111022949219,,,,,,,,,,,,,,,,,,,,,,2.6318073060010647,4,radio://0/80/2M/E7E7E7E704,2.0943951023931953,aborted,cf4 起飞前预检失败（电压或 EKF 对齐）,0.0,0.0,0.0,0,0.0,global_abort:cf4 起飞前预检失败（电压或 EKF 对齐）,,,,,
2.6318073060010647,1788688523.3768806,control,aborted,1,1,0.002964538000014727,3.9747800827026367,3974.0,0,70.0,2.52636682100092,3.9747800827026367,1,1,0,1.0566622335352516,-0.35986873507499695,-0.39159151911735535,0.03589854761958122,-0.0005452223704196513,0.00035180163104087114,-0.0007700393907725811,-0.009819991886615753,0.0055691455490887165,-0.012405854649841785,-0.018742484971880913,-0.02934330888092518,0.008355379104614258,-0.009893602280185248,-0.04211938167638212,0.9242325210364873,-0.35986873507499695,-0.39159151911735535,0.03589854761958122,0.9242325210364873,0.0,0.0,0.0,0.0,0.0,0.0,-0.0009250082852808219,0.0004197970133425113,-0.001057747956953313,0.0,0.0,0.0,-0.009893602280185248,-0.04211938167638212,0.9242325210364873,0.0,0.0,0.0,0.0,0.0,0.0,zero,0.0,0.0,0.0,0.0,-0.0009250082852808219,0.0004197970133425113,-0.001057747956953313,0.0033155439060379263,-0.031100096626937725,0.029250733088431496,1,0.0041239261627197266,,,,,,,,,,,,,,,,,,,,,,2.6318073060010647,5,radio://0/80/2M/E7E7E7E705,4.1887902047863905,aborted,cf4 起飞前预检失败（电压或 EKF 对齐）,0.0,0.0,0.0,0,0.0,global_abort:cf4 起飞前预检失败（电压或 EKF 对齐）,,,,,
2.646130676001121,1788688523.3907192,control,aborted,1,1,0.0022802490002504783,3.8850440979003906,3885.0,0,40.0,2.6176022050003667,3.8850440979003906,1,1,0,1.0810688100734358,0.46815788745880127,-0.04237567260861397,0.04533662274479866,0.0011819129576906562,5.462439730763435e-06,0.0006537685985676944,0.05563279986381531,0.009249521419405937,0.019223293289542198,-0.01026619877666235,-0.005959496833384037,0.003431834978982806,-0.05298169044778677,-0.001556633629918109,3.041167005717895,0.46815788745880127,-0.04237567260861397,0.04533662274479866,3.041167005717895,0.0,0.0,0.0,0.0,0.0,0.0,6.017956286829488e-07,0.0003439860152311925,0.0003550011420921264,0.0,0.0,0.0,-0.05298169044778677,-0.001556633629918109,3.041167005717895,0.0,0.0,0.0,0.0,0.0,0.0,zero,0.0,0.0,0.0,0.0,6.017956286829488e-07,0.0003439860152311925,0.0003550011420921264,0.019643901259346477,-0.0031647168809806813,0.002866588026576327,1,0.0026171207427978516,,,,,,,,,,,,,,,,,,,,,,2.646130676001121,2,radio://0/80/2M/E7E7E7E702,0.0,aborted,cf4 起飞前预检失败（电压或 EKF 对齐）,0.0,0.0,0.0,0,0.0,global_abort:cf4 起飞前预检失败（电压或 EKF 对齐）,,,,,
2.646130676001121,1788688523.39098,control,aborted,1,1,0.0018854990012187045,3.790029287338257,3790.0,0,20.0,2.579771513999731,nan,1,0,1,1.0,-0.22230245172977448,0.4493556618690491,0.042462147772312164,-0.0008123536827042699,-9.057673742063344e-05,-0.0003181846986990422,-0.02449711598455906,-0.003720986656844616,0.0038512088358402252,-0.010693386197090149,-0.02240425907075405,0.017363836988806725,0.0026548865596920886,0.02390554788893396,-0.9868422773851856,-0.22230245172977448,0.4493556618690491,0.042462147772312164,-0.9868422773851856,0.0,0.0,0.0,0.0,0.0,0.0,-0.00023181503291426088,-0.00034475018923665657,-0.0010542065345910813,0.0,0.0,0.0,0.0026548865596920886,0.02390554788893396,-0.9868422773851856,0.0,0.0,0.0,0.0,0.0,0.0,zero,0.0,0.0,0.0,0.0,-0.00023181503291426088,-0.00034475018923665657,-0.0010542065345910813,-0.005274568223095,0.011378140087727836,0.02869022476087936,1,0.002877950668334961,,,,,,,,,,,,,,,,,,,,,,2.646130676001121,4,radio://0/80/2M/E7E7E7E704,2.0943951023931953,aborted,cf4 起飞前预检失败（电压或 EKF 对齐）,0.0,0.0,0.0,0,0.0,global_abort:cf4 起飞前预检失败（电压或 EKF 对齐）,,,,,
2.646130676001121,1788688523.3911972,control,aborted,1,1,0.0021079090001876466,3.9747800827026367,3974.0,0,70.0,2.5406901910009765,3.9747800827026367,1,1,0,1.0566622335352516,-0.3598969280719757,-0.39163175225257874,0.035876743495464325,-0.0012643601512536407,-0.0010434743016958237,-0.00029414426535367966,-0.032460324466228485,-0.04191679507493973,0.026492338627576828,-0.009437954053282738,-0.004003048408776522,-0.0115529615432024,-0.009970195108188926,-0.04175399657318565,0.9236178671028829,-0.3598969280719757,-0.39163175225257874,0.035876743495464325,0.9236178671028829,0.0,0.0,0.0,0.0,0.0,0.0,-0.0009352540360528408,-0.0002779482646434793,-0.00030301359644073446,0.0,0.0,0.0,-0.009970195108188926,-0.04175399657318565,0.9236178671028829,0.0,0.0,0.0,0.0,0.0,0.0,zero,0.0,0.0,0.0,0.0,-0.0009352540360528408,-0.0002779482646434793,-0.00030301359644073446,-0.004913369764936202,-0.03436616671446938,0.040268275986217184,1,0.0030951499938964844,,,,,,,,,,,,,,,,,,,,,,2.646130676001121,5,radio://0/80/2M/E7E7E7E705,4.1887902047863905,aborted,cf4 起飞前预检失败（电压或 EKF 对齐）,0.0,0.0,0.0,0,0.0,global_abort:cf4 起飞前预检失败（电压或 EKF 对齐）,,,,,
2.6603694260011252,1788688523.4049652,control,aborted,1,1,0.016518999000254553,3.8850440979003906,3885.0,0,40.0,2.6318409550003707,3.8850440979003906,1,1,0,1.0810688100734358,0.46815788745880127,-0.04237567260861397,0.04533662274479866,0.0011819129576906562,5.462439730763435e-06,0.0006537685985676944,0.05563279986381531,0.009249521419405937,0.019223293289542198,-0.01026619877666235,-0.005959496833384037,0.003431834978982806,-0.05298169044778677,-0.001556633629918109,3.041167005717895,0.46815788745880127,-0.04237567260861397,0.04533662274479866,3.041167005717895,0.0,0.0,0.0,0.0,0.0,0.0,6.017956286829488e-07,0.0003439860152311925,0.0003550011420921264,0.0,0.0,0.0,-0.05298169044778677,-0.001556633629918109,3.041167005717895,0.0,0.0,0.0,0.0,0.0,0.0,zero,0.0,0.0,0.0,0.0,6.017956286829488e-07,0.0003439860152311925,0.0003550011420921264,0.019643901259346477,-0.0031647168809806813,0.002866588026576327,1,0.016863107681274414,,,,,,,,,,,,,,,,,,,,,,2.6603694260011252,2,radio://0/80/2M/E7E7E7E702,0.0,aborted,cf4 起飞前预检失败（电压或 EKF 对齐）,0.0,0.0,0.0,0,0.0,global_abort:cf4 起飞前预检失败（电压或 EKF 对齐）,,,,,
2.6603694260011252,1788688523.4052076,control,aborted,1,1,0.01612424900122278,3.790029287338257,3790.0,0,20.0,2.594010263999735,nan,1,0,1,1.0,-0.22230245172977448,0.4493556618690491,0.042462147772312164,-0.0008123536827042699,-9.057673742063344e-05,-0.0003181846986990422,-0.02449711598455906,-0.003720986656844616,0.0038512088358402252,-0.010693386197090149,-0.02240425907075405,0.017363836988806725,0.0026548865596920886,0.02390554788893396,-0.9868422773851856,-0.22230245172977448,0.4493556618690491,0.042462147772312164,-0.9868422773851856,0.0,0.0,0.0,0.0,0.0,0.0,-0.00023181503291426088,-0.00034475018923665657,-0.0010542065345910813,0.0,0.0,0.0,0.0026548865596920886,0.02390554788893396,-0.9868422773851856,0.0,0.0,0.0,0.0,0.0,0.0,zero,0.0,0.0,0.0,0.0,-0.00023181503291426088,-0.00034475018923665657,-0.0010542065345910813,-0.005274568223095,0.011378140087727836,0.02869022476087936,1,0.017105579376220703,,,,,,,,,,,,,,,,,,,,,,2.6603694260011252,4,radio://0/80/2M/E7E7E7E704,2.0943951023931953,aborted,cf4 起飞前预检失败（电压或 EKF 对齐）,0.0,0.0,0.0,0,0.0,global_abort:cf4 起飞前预检失败（电压或 EKF 对齐）,,,,,
2.6603694260011252,1788688523.4054255,control,aborted,1,1,0.01634665900019172,3.9747800827026367,3974.0,0,70.0,2.5549289410009806,3.9747800827026367,1,1,0,1.0566622335352516,-0.3598969280719757,-0.39163175225257874,0.035876743495464325,-0.0012643601512536407,-0.0010434743016958237,-0.00029414426535367966,-0.032460324466228485,-0.04191679507493973,0.026492338627576828,-0.009437954053282738,-0.004003048408776522,-0.0115529615432024,-0.009970195108188926,-0.04175399657318565,0.9236178671028829,-0.3598969280719757,-0.39163175225257874,0.035876743495464325,0.9236178671028829,0.0,0.0,0.0,0.0,0.0,0.0,-0.0009352540360528408,-0.0002779482646434793,-0.00030301359644073446,0.0,0.0,0.0,-0.009970195108188926,-0.04175399657318565,0.9236178671028829,0.0,0.0,0.0,0.0,0.0,0.0,zero,0.0,0.0,0.0,0.0,-0.0009352540360528408,-0.0002779482646434793,-0.00030301359644073446,-0.004913369764936202,-0.03436616671446938,0.040268275986217184,1,0.01732349395751953,,,,,,,,,,,,,,,,,,,,,,2.6603694260011252,5,radio://0/80/2M/E7E7E7E705,4.1887902047863905,aborted,cf4 起飞前预检失败（电压或 EKF 对齐）,0.0,0.0,0.0,0,0.0,global_abort:cf4 起飞前预检失败（电压或 EKF 对齐）,,,,,
2.674601630000325,1788688523.4191658,control,aborted,1,1,0.0006004629995004507,3.8850440979003906,3885.0,0,40.0,2.6460731589995703,3.8850440979003906,1,1,0,1.0810688100734358,0.4681956171989441,-0.04235955327749252,0.045370809733867645,0.0017621233128011227,0.0006134537397883832,0.0006934351986274123,0.07394823431968689,0.04235168173909187,-0.0038089221343398094,0.019644925370812416,0.028079567477107048,-0.014904621988534927,-0.05293032159015668,-0.0011506958335028522,3.04083506408007,0.4681956171989441,-0.04235955327749252,0.045370809733867645,3.04083506408007,0.0,0.0,0.0,0.0,0.0,0.0,0.0014176975695620931,0.00031263127893945135,0.000646446093295124,0.0,0.0,0.0,-0.05293032159015668,-0.0011506958335028522,3.04083506408007,0.0,0.0,0.0,0.0,0.0,0.0,zero,0.0,0.0,0.0,0.0,0.0014176975695620931,0.00031263127893945135,0.000646446093295124,0.03769021903674977,0.0043203449585343945,0.004177105800103061,1,0.0009930133819580078,,,,,,,,,,,,,,,,,,,,,,2.674601630000325,2,radio://0/80/2M/E7E7E7E702,0.0,aborted,cf4 起飞前预检失败（电压或 EKF 对齐）,0.0,0.0,0.0,0,0.0,global_abort:cf4 起飞前预检失败（电压或 EKF 对齐）,,,,,
2.674601630000325,1788688523.4193895,control,aborted,1,1,0.00016823700025270227,3.790029287338257,3790.0,0,20.0,2.6082424679989344,nan,1,0,1,1.0,-0.2222302258014679,0.44938018918037415,0.04248962923884392,-0.0013416880974546075,0.0018031857907772064,0.0005344307282939553,-0.12398383766412735,0.09834621846675873,0.03440455347299576,0.027202196419239044,0.02703283540904522,-0.0306401289999485,0.0030887213489085913,0.02448210855526443,-0.9871262771993783,-0.2222302258014679,0.44938018918037415,0.04248962923884392,-0.9871262771993783,0.0,0.0,0.0,0.0,0.0,0.0,-0.0006088923980443234,-7.875865211966847e-05,-5.5984849950493746e-05,0.0,0.0,0.0,0.0030887213489085913,0.02448210855526443,-0.9871262771993783,0.0,0.0,0.0,0.0,0.0,0.0,zero,0.0,0.0,0.0,0.0,-0.0006088923980443234,-7.875865211966847e-05,-5.5984849950493746e-05,-0.01947986522248377,0.019089272361099075,0.027181548605090488,1,0.0012166500091552734,,,,,,,,,,,,,,,,,,,,,,2.674601630000325,4,radio://0/80/2M/E7E7E7E704,2.0943951023931953,aborted,cf4 起飞前预检失败（电压或 EKF 对齐）,0.0,0.0,0.0,0,0.0,global_abort:cf4 起飞前预检失败（电压或 EKF 对齐）,,,,,
2.674601630000325,1788688523.4195945,control,aborted,1,1,0.00034326000059081707,3.9747800827026367,3974.0,0,70.0,2.56916114500018,3.9747800827026367,1,1,0,1.0566622335352516,-0.35988080501556396,-0.39161980152130127,0.035931263118982315,-0.001369710429571569,0.0009608976542949677,0.0010996616911143064,-0.05772553011775017,0.09263260662555695,0.08109230548143387,-0.00383690744638443,0.06154027208685875,0.006868867203593254,-0.008201411892082655,-0.03997388088635526,0.9245609962630126,-0.35988080501556396,-0.39161980152130127,0.035931263118982315,0.9245609962630126,0.0,0.0,0.0,0.0,0.0,0.0,-0.0012078988570394032,-0.001021891208632486,0.0007502763695512907,0.0,0.0,0.0,-0.008201411892082655,-0.03997388088635526,0.9245609962630126,0.0,0.0,0.0,0.0,0.0,0.0,zero,0.0,0.0,0.0,0.0,-0.0012078988570394032,-0.001021891208632486,0.0007502763695512907,-0.0057816424301764474,0.005618296444273259,0.030735940978069243,1,0.0014216899871826172,,,,,,,,,,,,,,,,,,,,,,2.674601630000325,5,radio://0/80/2M/E7E7E7E705,4.1887902047863905,aborted,cf4 起飞前预检失败（电压或 EKF 对齐）,0.0,0.0,0.0,0,0.0,global_abort:cf4 起飞前预检失败（电压或 EKF 对齐）,,,,,
2.6888955350004835,1788688523.4334779,control,aborted,1,1,0.004915423000056762,3.8850440979003906,3885.0,0,40.0,2.660367063999729,3.8850440979003906,1,1,0,1.0810688100734358,0.4681255519390106,-0.04235297814011574,0.045309923589229584,6.319722160696983e-06,0.0006224603275768459,-0.0006647767149843276,0.023990552872419357,0.034061744809150696,-0.030251577496528625,0.026852909475564957,-0.0008860528469085693,-0.005347784608602524,-0.05237496463964424,-0.0022975622210524393,3.0412242672613186,0.4681255519390106,-0.04235297814011574,0.045309923589229584,3.0412242672613186,0.0,0.0,0.0,0.0,0.0,0.0,0.001622707859807933,0.00039415738485319436,0.0006098022580137959,0.0,0.0,0.0,-0.05237496463964424,-0.0022975622210524393,3.0412242672613186,0.0,0.0,0.0,0.0,0.0,0.0,zero,0.0,0.0,0.0,0.0,0.001622707859807933,0.00039415738485319436,0.0006098022580137959,0.020533849470323974,0.008165662244207565,-0.0036702499019919655,1,0.005321025848388672,,,,,,,,,,,,,,,,,,,,,,2.6888955350004835,2,radio://0/80/2M/E7E7E7E702,0.0,aborted,cf4 起飞前预检失败（电压或 EKF 对齐）,0.0,0.0,0.0,0,0.0,global_abort:cf4 起飞前预检失败（电压或 EKF 对齐）,,,,,
2.6888955350004835,1788688523.4337127,control,aborted,1,1,0.004730263999590534,3.790029287338257,3790.0,0,20.0,2.622536372999093,nan,1,0,1,1.0,-0.2223018854856491,0.4493670165538788,0.04246660694479942,-0.0025086652021855116,0.0011787062976509333,-3.3582706237211823e-05,-0.12256114929914474,0.0661689043045044,0.01614656299352646,0.020518841221928596,0.022110043093562126,-0.018740996718406677,0.0030337268891228314,0.02450537867823151,-0.9868379775881285,-0.2223018854856491,0.4493670165538788,0.04246660694479942,-0.9868379775881285,0.0,0.0,0.0,0.0,0.0,0.0,-0.0009002814599471177,0.0002529976871981962,0.00014993542793314413,0.0,0.0,0.0,0.0030337268891228314,0.02450537867823151,-0.9868379775881285,0.0,0.0,0.0,0.0,0.0,0.0,zero,0.0,0.0,0.0,0.0,-0.0009002814599471177,0.0002529976871981962,0.00014993542793314413,-0.029185555160357667,0.03322874536790231,0.020624993915571065,1,0.005555868148803711,,,,,,,,,,,,,,,,,,,,,,2.6888955350004835,4,radio://0/80/2M/E7E7E7E704,2.0943951023931953,aborted,cf4 起飞前预检失败（电压或 EKF 对齐）,0.0,0.0,0.0,0,0.0,global_abort:cf4 起飞前预检失败（电压或 EKF 对齐）,,,,,
2.6888955350004835,1788688523.4339128,control,aborted,1,1,0.004527704999418347,3.9747800827026367,3974.0,0,70.0,2.583455050000339,3.9747800827026367,1,1,0,1.0566622335352516,-0.35987961292266846,-0.3916144371032715,0.035950981080532074,-0.0010718912817537785,0.0008761652861721814,0.0012746722204610705,-0.04021522402763367,0.07240893691778183,0.0683792382478714,-0.013379303738474846,0.03627797216176987,-0.00830708909779787,-0.008688574767317332,-0.04062643597566396,0.9238768760704328,-0.35987961292266846,-0.3916144371032715,0.035950981080532074,0.9238768760704328,0.0,0.0,0.0,0.0,0.0,0.0,-0.0012542042183170644,-0.0006926325665247004,0.0009992632128945158,0.0,0.0,0.0,-0.008688574767317332,-0.04062643597566396,0.9238768760704328,0.0,0.0,0.0,0.0,0.0,0.0,zero,0.0,0.0,0.0,0.0,-0.0012542042183170644,-0.0006926325665247004,0.0009992632128945158,-0.004637949231739884,0.032978575786303706,0.02493854506117734,1,0.005755901336669922,,,,,,,,,,,,,,,,,,,,,,2.6888955350004835,5,radio://0/80/2M/E7E7E7E705,4.1887902047863905,aborted,cf4 起飞前预检失败（电压或 EKF 对齐）,0.0,0.0,0.0,0,0.0,global_abort:cf4 起飞前预检失败（电压或 EKF 对齐）,,,,,
2.703328469000553,1788688523.4479654,control,aborted,1,1,0.009114042000874178,3.8850440979003906,3885.0,0,40.0,2.6747999979997985,3.8850440979003906,1,1,0,1.0810688100734358,0.46816152334213257,-0.04236190766096115,0.045336462557315826,0.0007105528493411839,0.00032283610198646784,-1.1320051271468401e-05,0.03300436958670616,0.021372949704527855,-0.01138520147651434,0.011505565606057644,-0.005239118356257677,-0.009500192478299141,-0.052883039387387185,-0.002542235113775877,3.040970529498224,0.46816152334213257,-0.04236190766096115,0.045336462557315826,3.040970529498224,0.0,0.0,0.0,0.0,0.0,0.0,0.001579856516322912,0.00046030461192100305,0.000473508194056089,0.0,0.0,0.0,-0.052883039387387185,-0.002542235113775877,3.040970529498224,0.0,0.0,0.0,0.0,0.0,0.0,zero,0.0,0.0,0.0,0.0,0.001579856516322912,0.00046030461192100305,0.000473508194056089,-0.004201593411987674,0.006485765226159344,-0.013363693985881801,1,0.009609699249267578,,,,,,,,,,,,,,,,,,,,,,2.703328469000553,2,radio://0/80/2M/E7E7E7E702,0.0,aborted,cf4 起飞前预检失败（电压或 EKF 对齐）,0.0,0.0,0.0,0,0.0,global_abort:cf4 起飞前预检失败（电压或 EKF 对齐）,,,,,
2.703328469000553,1788688523.4482243,control,aborted,1,1,0.008925460999307688,3.790029287338257,3790.0,0,20.0,2.6369693069991627,nan,1,0,1,1.0,-0.22229455411434174,0.44939321279525757,0.04245053604245186,-0.0018631439888849854,0.0014567445032298565,-0.00034206025884486735,-0.08538848906755447,0.058388207107782364,0.0068671670742332935,0.0018690535798668861,-0.00907478854060173,-0.01927838660776615,0.0022867700731701423,0.02314140105101961,-0.9870602000728634,-0.22229455411434174,0.44939321279525757,0.04245053604245186,-0.9870602000728634,0.0,0.0,0.0,0.0,0.0,0.0,-0.0012298366620329857,0.0006033790499760637,0.00024123772626944565,0.0,0.0,0.0,0.0022867700731701423,0.02314140105101961,-0.9870602000728634,0.0,0.0,0.0,0.0,0.0,0.0,zero,0.0,0.0,0.0,0.0,-0.0012298366620329857,0.0006033790499760637,0.00024123772626944565,-0.03231303509665392,0.034355049475761755,0.008952231225217823,1,0.009868621826171875,,,,,,,,,,,,,,,,,,,,,,2.703328469000553,4,radio://0/80/2M/E7E7E7E704,2.0943951023931953,aborted,cf4 起飞前预检失败（电压或 EKF 对齐）,0.0,0.0,0.0,0,0.0,global_abort:cf4 起飞前预检失败（电压或 EKF 对齐）,,,,,
2.703328469000553,1788688523.448458,control,aborted,1,1,0.0087056529991969,3.9747800827026367,3974.0,0,70.0,2.5978879840004083,3.9747800827026367,1,1,0,1.0566622335352516,-0.3598689138889313,-0.3916332721710205,0.035942692309617996,-0.0006476759444922209,0.00033152534160763025,0.0008571724756620824,-0.023852163925766945,0.04724527895450592,0.0465150848031044,-0.028100859373807907,0.012618036940693855,-0.0017825933173298836,-0.009586117068405935,-0.04146055173170228,0.9241326323407582,-0.3598689138889313,-0.3916332721710205,0.035942692309617996,0.9241326323407582,0.0,0.0,0.0,0.0,0.0,0.0,-0.0012463831414647295,-0.0002977726763865481,0.0011506558359334683,0.0,0.0,0.0,-0.009586117068405935,-0.04146055173170228,0.9241326323407582,0.0,0.0,0.0,0.0,0.0,0.0,zero,0.0,0.0,0.0,0.0,-0.0012463831414647295,-0.0002977726763865481,0.0011506558359334683,0.0007668600866366443,0.03871618899516125,0.014844114462977075,1,0.010102272033691406,,,,,,,,,,,,,,,,,,,,,,2.703328469000553,5,radio://0/80/2M/E7E7E7E705,4.1887902047863905,aborted,cf4 起飞前预检失败（电压或 EKF 对齐）,0.0,0.0,0.0,0,0.0,global_abort:cf4 起飞前预检失败（电压或 EKF 对齐）,,,,,
2.717530981000891,1788688523.462145,control,aborted,1,1,0.0033436710000387393,3.8850440979003906,3885.0,0,40.0,2.6890025100001367,3.8850440979003906,1,1,0,1.0810688100734358,0.4681379795074463,-0.042371965944767,0.04535677656531334,0.000268929754383862,9.385839803144336e-07,0.0006530172540806234,0.0182633139193058,0.006209309678524733,0.014673803001642227,0.019879549741744995,0.0051980759017169476,-0.0015956866554915905,-0.05235552850966304,-0.001793256105692121,3.0410366611822006,0.4681379795074463,-0.042371965944767,0.04535677656531334,3.0410366611822006,0.0,0.0,0.0,0.0,0.0,0.0,0.0009952661979043165,0.00044856770114531317,9.740503633578606e-05,0.0,0.0,0.0,-0.05235552850966304,-0.001793256105692121,3.0410366611822006,0.0,0.0,0.0,0.0,0.0,0.0,zero,0.0,0.0,0.0,0.0,0.0009952661979043165,0.00044856770114531317,9.740503633578606e-05,-0.04555163508552933,-0.002509077300953118,-0.02636769554665352,1,0.004195451736450195,,,,,,,,,,,,,,,,,,,,,,2.717530981000891,2,radio://0/80/2M/E7E7E7E702,0.0,aborted,cf4 起飞前预检失败（电压或 EKF 对齐）,0.0,0.0,0.0,0,0.0,global_abort:cf4 起飞前预检失败（电压或 EKF 对齐）,,,,,
2.717530981000891,1788688523.462498,control,aborted,1,1,0.003699662000144599,3.790029287338257,3790.0,0,20.0,2.651171818999501,nan,1,0,1,1.0,-0.22226768732070923,0.4493574798107147,0.042460471391677856,-0.00037679035449400544,-6.59450888633728e-05,0.00034573732409626245,-0.014106858521699905,-0.0044831447303295135,0.02940942347049713,0.01940874755382538,0.043833523988723755,-0.027018267661333084,0.0028634139510257213,0.024828128131560916,-0.987331987691607,-0.22226768732070923,0.4493574798107147,0.042460471391677856,-0.987331987691607,0.0,0.0,0.0,0.0,0.0,0.0,-0.0017438017944572635,0.0011401691549598437,6.38009580805324e-05,0.0,0.0,0.0,0.0028634139510257213,0.024828128131560916,-0.987331987691607,0.0,0.0,0.0,0.0,0.0,0.0,zero,0.0,0.0,0.0,0.0,-0.0017438017944572635,0.0011401691549598437,6.38009580805324e-05,-0.03379831243912163,0.03654768708472685,-0.014262358936168137,1,0.004548311233520508,,,,,,,,,,,,,,,,,,,,,,2.717530981000891,4,radio://0/80/2M/E7E7E7E704,2.0943951023931953,aborted,cf4 起飞前预检失败（电压或 EKF 对齐）,0.0,0.0,0.0,0,0.0,global_abort:cf4 起飞前预检失败（电压或 EKF 对齐）,,,,,
2.717530981000891,1788688523.4627545,control,aborted,1,1,0.0030686400004924508,3.9747800827026367,3974.0,0,70.0,2.6120904960007465,3.9747800827026367,1,1,0,1.0566622335352516,-0.3598778247833252,-0.391621857881546,0.03589461371302605,0.0009266386041417718,0.0006921818130649626,-0.00019852278637699783,0.058898430317640305,0.04522986710071564,0.010764436796307564,-0.010179000906646252,0.01768527552485466,-0.028541579842567444,-0.008969650097916976,-0.040460362709821326,0.9232899535813974,-0.3598778247833252,-0.391621857881546,0.03589461371302605,0.9232899535813974,0.0,0.0,0.0,0.0,0.0,0.0,-0.0011092987675786264,0.0003157216420277946,0.0010490593665975407,0.0,0.0,0.0,-0.008969650097916976,-0.040460362709821326,0.9232899535813974,0.0,0.0,0.0,0.0,0.0,0.0,zero,0.0,0.0,0.0,0.0,-0.0011092987675786264,0.0003157216420277946,0.0010490593665975407,0.011952386015081655,0.04389088987543544,-0.01215517302568438,1,0.004804849624633789,,,,,,,,,,,,,,,,,,,,,,2.717530981000891,5,radio://0/80/2M/E7E7E7E705,4.1887902047863905,aborted,cf4 起飞前预检失败（电压或 EKF 对齐）,0.0,0.0,0.0,0,0.0,global_abort:cf4 起飞前预检失败（电压或 EKF 对齐）,,,,,
2.731847791999826,1788688523.476429,control,aborted,1,1,0.007299514998521772,3.8850440979003906,3885.0,0,40.0,2.7033193209990714,3.8850440979003906,1,1,0,1.0810688100734358,0.4681474268436432,-0.04231250286102295,0.04530712217092514,0.0004009213298559189,0.0011700650211423635,-0.000454016902949661,0.017206205055117607,0.02795778028666973,-0.010030274279415607,0.0068698422983288765,0.00875824224203825,0.003268846310675144,-0.05281528867229891,-0.0015475177219851073,3.041255190449741,0.4681474268436432,-0.04231250286102295,0.04530712217092514,3.041255190449741,0.0,0.0,0.0,0.0,0.0,0.0,0.0007428566080121473,0.0004235822172591719,3.174111934456489e-05,0.0,0.0,0.0,-0.05281528867229891,-0.0015475177219851073,3.041255190449741,0.0,0.0,0.0,0.0,0.0,0.0,zero,0.0,0.0,0.0,0.0,0.0007428566080121473,0.0004235822172591719,3.174111934456489e-05,-0.024817913463432057,-0.0024566720194471817,-0.006456337139386444,1,0.008308887481689453,,,,,,,,,,,,,,,,,,,,,,2.731847791999826,2,radio://0/80/2M/E7E7E7E702,0.0,aborted,cf4 起飞前预检失败（电压或 EKF 对齐）,0.0,0.0,0.0,0,0.0,global_abort:cf4 起飞前预检失败（电压或 EKF 对齐）,,,,,
2.731847791999826,1788688523.4766681,control,aborted,1,1,0.00785361899943382,3.790029287338257,3790.0,0,20.0,2.6654886299984355,nan,1,0,1,1.0,-0.22228050231933594,0.44937682151794434,0.042453549802303314,-0.0005534333176910877,0.00032758968882262707,0.0001404799841111526,-0.01475908886641264,0.004152163863182068,0.019491247832775116,0.03242645412683487,0.02241874858736992,-0.015534942969679832,0.003730329442609035,0.024183921275853677,-0.9870248114019038,-0.22228050231933594,0.44937682151794434,0.042453549802303314,-0.9870248114019038,0.0,0.0,0.0,0.0,0.0,0.0,-0.0016910025321635442,0.0011299940195511784,2.4346421929848008e-05,0.0,0.0,0.0,0.003730329442609035,0.024183921275853677,-0.9870248114019038,0.0,0.0,0.0,0.0,0.0,0.0,zero,0.0,0.0,0.0,0.0,-0.0016910025321635442,0.0011299940195511784,2.4346421929848008e-05,0.0051914331903885865,-0.0010004597295960034,-0.0038793267099948457,1,0.00854802131652832,,,,,,,,,,,,,,,,,,,,,,2.731847791999826,4,radio://0/80/2M/E7E7E7E704,2.0943951023931953,aborted,cf4 起飞前预检失败（电压或 EKF 对齐）,0.0,0.0,0.0,0,0.0,global_abort:cf4 起飞前预检失败（电压或 EKF 对齐）,,,,,
2.731847791999826,1788688523.4768748,control,aborted,1,1,0.007505964998927084,3.9747800827026367,3974.0,0,70.0,2.626407306999681,3.9747800827026367,1,1,0,1.0566622335352516,-0.35988059639930725,-0.39161866903305054,0.03590540960431099,0.000686808314640075,0.0006164527148939669,5.3477982874028385e-05,0.04240259528160095,0.03469471633434296,0.013567028567194939,0.002160564996302128,-0.009373074397444725,-0.013758881948888302,-0.008465059621484094,-0.041652420421798494,0.9237622630940064,-0.35988059639930725,-0.39161866903305054,0.03590540960431099,0.9237622630940064,0.0,0.0,0.0,0.0,0.0,0.0,-0.0008695178224145318,0.0004897942272566506,0.0008435389794989585,0.0,0.0,0.0,-0.008465059621484094,-0.041652420421798494,0.9237622630940064,0.0,0.0,0.0,0.0,0.0,0.0,zero,0.0,0.0,0.0,0.0,-0.0008695178224145318,0.0004897942272566506,0.0008435389794989585,0.0235762149520733,0.017115508005901153,-0.020207580798188657,1,0.008754730224609375,,,,,,,,,,,,,,,,,,,,,,2.731847791999826,5,radio://0/80/2M/E7E7E7E705,4.1887902047863905,aborted,cf4 起飞前预检失败（电压或 EKF 对齐）,0.0,0.0,0.0,0,0.0,global_abort:cf4 起飞前预检失败（电压或 EKF 对齐）,,,,,
2.746621027999936,1788688523.491202,control,aborted,1,1,0.00010621099863783456,3.8850440979003906,3885.0,0,40.0,2.7180925569991814,3.8850440979003906,1,1,0,1.0810688100734358,0.4681844413280487,-0.042350612580776215,0.04535776004195213,0.001810717978514731,0.001399013795889914,0.001511395093984902,0.06365202367305756,0.054700009524822235,0.05813223496079445,0.025926636531949043,0.008607428520917892,-0.012768554501235485,-0.05205205835005027,-0.0013505966136672595,3.040993022365114,0.4681844413280487,-0.042350612580776215,0.04535776004195213,3.040993022365114,0.0,0.0,0.0,0.0,0.0,0.0,0.0003489153495610448,0.00049300297860259,-0.00011538025819676179,0.0,0.0,0.0,-0.05205205835005027,-0.0013505966136672595,3.040993022365114,0.0,0.0,0.0,0.0,0.0,0.0,zero,0.0,0.0,0.0,0.0,0.0003489153495610448,0.00049300297860259,-0.00011538025819676179,-0.025880146254964553,0.005477125000843074,-0.0092953447370722,1,0.000972747802734375,,,,,,,,,,,,,,,,,,,,,,2.746621027999936,2,radio://0/80/2M/E7E7E7E702,0.0,aborted,cf4 起飞前预检失败（电压或 EKF 对齐）,0.0,0.0,0.0,0,0.0,global_abort:cf4 起飞前预检失败（电压或 EKF 对齐）,,,,,
2.746621027999936,1788688523.4914393,control,aborted,1,1,0.0005800429989903932,3.790029287338257,3790.0,0,20.0,2.6802618659985455,nan,1,0,1,1.0,-0.22229363024234772,0.4493487775325775,0.04251552000641823,-0.0018293441971763968,-0.0009361427510157228,0.001779321813955903,-0.06722138077020645,-0.04038476198911667,0.06289095431566238,-0.019921300932765007,0.013545071706175804,-0.0031897565349936485,0.0022427870088512357,0.02499671634833265,-0.9871978722664421,-0.22229363024234772,0.4493487775325775,0.04251552000641823,-0.9871978722664421,0.0,0.0,0.0,0.0,0.0,0.0,-0.0008696829579085182,0.000584451525029692,0.00014842485054555096,0.0,0.0,0.0,0.0022427870088512357,0.02499671634833265,-0.9871978722664421,0.0,0.0,0.0,0.0,0.0,0.0,zero,0.0,0.0,0.0,0.0,-0.0008696829579085182,0.000584451525029692,0.00014842485054555096,0.05941844278758576,-0.04143313751780329,0.011593875246662798,1,0.0012099742889404297,,,,,,,,,,,,,,,,,,,,,,2.746621027999936,4,radio://0/80/2M/E7E7E7E704,2.0943951023931953,aborted,cf4 起飞前预检失败（电压或 EKF 对齐）,0.0,0.0,0.0,0,0.0,global_abort:cf4 起飞前预检失败（电压或 EKF 对齐）,,,,,
2.746621027999936,1788688523.4916463,control,aborted,1,1,0.0003428089985391125,3.9747800827026367,3974.0,0,70.0,2.641180542999791,3.9747800827026367,1,1,0,1.0566622335352516,-0.35985511541366577,-0.3916499614715576,0.03595762699842453,0.0017607843037694693,-0.0006655305624008179,0.0010363204637542367,0.07183436304330826,-0.01769741252064705,0.03243299946188927,-0.01061759702861309,-0.04649863392114639,-0.0092253303155303,-0.009938998228841171,-0.04354265122498146,0.9237803583397386,-0.35985511541366577,-0.3916499614715576,0.03595762699842453,0.9237803583397386,0.0,0.0,0.0,0.0,0.0,0.0,0.0001828995932452475,0.0006431185763491217,0.00029333090295662815,0.0,0.0,0.0,-0.009938998228841171,-0.04354265122498146,0.9237803583397386,0.0,0.0,0.0,0.0,0.0,0.0,zero,0.0,0.0,0.0,0.0,0.0001828995932452475,0.0006431185763491217,0.00029333090295662815,0.07704070709960743,0.008298472089555864,-0.037288781031327614,1,0.001416921615600586,,,,,,,,,,,,,,,,,,,,,,2.746621027999936,5,radio://0/80/2M/E7E7E7E705,4.1887902047863905,aborted,cf4 起飞前预检失败（电压或 EKF 对齐）,0.0,0.0,0.0,0,0.0,global_abort:cf4 起飞前预检失败（电压或 EKF 对齐）,,,,,
2.760359363999669,1788688523.504948,control,aborted,1,1,0.006100891998357838,3.8850440979003906,3885.0,0,40.0,2.7318308929989144,3.8850440979003906,1,1,0,1.0810688100734358,0.4681857228279114,-0.04237106442451477,0.04532397538423538,0.001479755504988134,0.0006215811590664089,0.00038707494968548417,0.042868711054325104,0.02484368346631527,0.019149072468280792,-0.011785376816987991,0.021223504096269608,-0.015172833576798439,-0.0533886086468095,-0.0007729007072216719,3.0407584900500404,0.4681857228279114,-0.04237106442451477,0.04532397538423538,3.0407584900500404,0.0,0.0,0.0,0.0,0.0,0.0,0.00035477749807987354,0.0005479123780146268,-6.004194202847317e-05,0.0,0.0,0.0,-0.0533886086468095,-0.0007729007072216719,3.0407584900500404,0.0,0.0,0.0,0.0,0.0,0.0,zero,0.0,0.0,0.0,0.0,0.00035477749807987354,0.0005479123780146268,-6.004194202847317e-05,0.0007130777234162987,0.0066792353351556935,0.006731409206749156,1,0.006497621536254883,,,,,,,,,,,,,,,,,,,,,,2.760359363999669,2,radio://0/80/2M/E7E7E7E702,0.0,aborted,cf4 起飞前预检失败（电压或 EKF 对齐）,0.0,0.0,0.0,0,0.0,global_abort:cf4 起飞前预检失败（电压或 EKF 对齐）,,,,,
2.760359363999669,1788688523.5051854,control,aborted,1,1,0.005738763999033836,3.790029287338257,3790.0,0,20.0,2.6940002019982785,nan,1,0,1,1.0,-0.22227580845355988,0.44934386014938354,0.04250919818878174,-0.0010298393899574876,-0.0008685628999955952,0.0012696364428848028,-0.03432372212409973,-0.030663471668958664,0.03791120648384094,0.0071139223873615265,-0.008303163573145866,5.2911462262272835e-05,0.0031927279048087616,0.024209835732710197,-0.9870929643239333,-0.22227580845355988,0.44934386014938354,0.04250919818878174,-0.9870929643239333,0.0,0.0,0.0,0.0,0.0,0.0,-0.0006828332476948653,0.00031288524478420847,0.0003078659956978356,0.0,0.0,0.0,0.0031927279048087616,0.024209835732710197,-0.9870929643239333,0.0,0.0,0.0,0.0,0.0,0.0,zero,0.0,0.0,0.0,0.0,-0.0006828332476948653,0.00031288524478420847,0.0003078659956978356,0.022728589279544256,-0.033033599243025215,0.01939458347718477,1,0.006735086441040039,,,,,,,,,,,,,,,,,,,,,,2.760359363999669,4,radio://0/80/2M/E7E7E7E704,2.0943951023931953,aborted,cf4 起飞前预检失败（电压或 EKF 对齐）,0.0,0.0,0.0,0,0.0,global_abort:cf4 起飞前预检失败（电压或 EKF 对齐）,,,,,
2.760359363999669,1788688523.50539,control,aborted,1,1,0.005525457998373895,3.9747800827026367,3974.0,0,70.0,2.654918878999524,3.9747800827026367,1,1,0,1.0566622335352516,-0.3598972260951996,-0.3916379511356354,0.035873714834451675,0.00038399931509047747,-0.00024019155534915626,-0.0012126765213906765,0.02396785095334053,-0.0038086725398898125,-0.028775712475180626,0.0026929453015327454,0.009572334587574005,-0.007802298292517662,-0.009477696815517848,-0.04162068306877166,0.9237443780114231,-0.3598972260951996,-0.3916379511356354,0.035873714834451675,0.9237443780114231,0.0,0.0,0.0,0.0,0.0,0.0,0.0005515045940951511,0.0005790846220214179,0.00016142826540252756,0.0,0.0,0.0,-0.009477696815517848,-0.04162068306877166,0.9237443780114231,0.0,0.0,0.0,0.0,0.0,0.0,zero,0.0,0.0,0.0,0.0,0.0005515045940951511,0.0005790846220214179,0.00016142826540252756,0.04483748816695438,-0.007789155499333121,-0.016044771332145654,1,0.00693964958190918,,,,,,,,,,,,,,,,,,,,,,2.760359363999669,5,radio://0/80/2M/E7E7E7E705,4.1887902047863905,aborted,cf4 起飞前预检失败（电压或 EKF 对齐）,0.0,0.0,0.0,0,0.0,global_abort:cf4 起飞前预检失败（电压或 EKF 对齐）,,,,,
2.77460743499978,1788688523.5191875,control,aborted,1,1,0.0005527109988179291,3.8850440979003906,3885.0,0,40.0,2.7460789639990253,3.8850440979003906,1,1,0,1.0810688100734358,0.4681221842765808,-0.04233163595199585,0.045316509902477264,-0.00026125303702428937,0.001170620322227478,3.498280420899391e-05,-0.005110493861138821,0.026938512921333313,0.004130900837481022,0.03452582284808159,0.00544761074706912,-0.004435700364410877,-0.05133891233223709,-0.0012514261377451637,3.041205718948771,0.4681221842765808,-0.04233163595199585,0.045316509902477264,3.041205718948771,0.0,0.0,0.0,0.0,0.0,0.0,0.0006032674698774486,0.0006807128856735639,0.0002009980752195518,0.0,0.0,0.0,-0.05133891233223709,-0.0012514261377451637,3.041205718948771,0.0,0.0,0.0,0.0,0.0,0.0,zero,0.0,0.0,0.0,0.0,0.0006032674698774486,0.0006807128856735639,0.0002009980752195518,0.0104915988441913,0.0064586159435263794,0.012460798154068007,1,0.0012238025665283203,,,,,,,,,,,,,,,,,,,,,,2.77460743499978,2,radio://0/80/2M/E7E7E7E702,0.0,aborted,cf4 起飞前预检失败（电压或 EKF 对齐）,0.0,0.0,0.0,0,0.0,global_abort:cf4 起飞前预检失败（电压或 EKF 对齐）,,,,,
2.77460743499978,1788688523.5195158,control,aborted,1,1,0.0008512429994880222,3.790029287338257,3790.0,0,20.0,2.7082482729983894,nan,1,0,1,1.0,-0.22227253019809723,0.44931700825691223,0.04244225099682808,-0.0006864695460535586,-0.0010265809250995517,-0.0003328181919641793,-0.017711345106363297,-0.021941646933555603,-0.0028931901324540377,0.002314443001523614,-0.014066090807318687,-0.0020371531136333942,0.0030492838630043454,0.02400829998111502,-0.9871239964555965,-0.22227253019809723,0.44931700825691223,0.04244225099682808,-0.9871239964555965,0.0,0.0,0.0,0.0,0.0,0.0,-0.0006076870959300755,-0.00032927232570316943,0.0005630929838323904,0.0,0.0,0.0,0.0030492838630043454,0.02400829998111502,-0.9871239964555965,0.0,0.0,0.0,0.0,0.0,0.0,zero,0.0,0.0,0.0,0.0,-0.0006076870959300755,-0.00032927232570316943,0.0005630929838323904,0.0029022821556564456,-0.03271805227150839,0.0064406622555785555,1,0.0015521049499511719,,,,,,,,,,,,,,,,,,,,,,2.77460743499978,4,radio://0/80/2M/E7E7E7E704,2.0943951023931953,aborted,cf4 起飞前预检失败（电压或 EKF 对齐）,0.0,0.0,0.0,0,0.0,global_abort:cf4 起飞前预检失败（电压或 EKF 对齐）,,,,,
2.77460743499978,1788688523.5197616,control,aborted,1,1,0.00031266099904314615,3.9747800827026367,3974.0,0,70.0,2.669166949999635,3.9747800827026367,1,1,0,1.0566622335352516,-0.3598836064338684,-0.39163801074028015,0.03595707565546036,0.000489775266032666,2.3053842596709728e-05,0.0005008545122109354,0.01710166037082672,0.006410930305719376,0.00686365831643343,0.0043055228888988495,-0.010404065251350403,-0.00141953828278929,-0.008809277333203993,-0.0418607204751619,0.9239730255506844,-0.3598836064338684,-0.39163801074028015,0.03595707565546036,0.9239730255506844,0.0,0.0,0.0,0.0,0.0,0.0,0.0008609060220979255,0.00014727856803162617,4.363190761349523e-05,0.0,0.0,0.0,-0.008809277333203993,-0.0418607204751619,0.9239730255506844,0.0,0.0,0.0,0.0,0.0,0.0,zero,0.0,0.0,0.0,0.0,0.0008609060220979255,0.00014727856803162617,4.363190761349523e-05,0.00832902638808868,-0.024556098647725615,-0.0013646615936534292,1,0.0017979145050048828,,,,,,,,,,,,,,,,,,,,,,2.77460743499978,5,radio://0/80/2M/E7E7E7E705,4.1887902047863905,aborted,cf4 起飞前预检失败（电压或 EKF 对齐）,0.0,0.0,0.0,0,0.0,global_abort:cf4 起飞前预检失败（电压或 EKF 对齐）,,,,,
2.788905022000108,1788688523.5335088,control,aborted,1,1,0.005053920998761896,3.8850440979003906,3885.0,0,40.0,2.7603765509993536,3.8850440979003906,1,1,0,1.0810688100734358,0.4681510329246521,-0.04233315959572792,0.04534674435853958,0.00036211920087225735,0.0009063323959708214,0.0006265430129133165,0.008252613246440887,0.016318656504154205,0.015015941113233566,-0.012002240866422653,0.0035871153231710196,-0.009073336608707905,-0.053340001338645866,-0.0013049158674751198,3.040929069899916,0.4681510329246521,-0.04233315959572792,0.04534674435853958,3.040929069899916,0.0,0.0,0.0,0.0,0.0,0.0,0.0005878386613561147,0.0007593132850396932,0.00028321102356456546,0.0,0.0,0.0,-0.053340001338645866,-0.0013049158674751198,3.040929069899916,0.0,0.0,0.0,0.0,0.0,0.0,zero,0.0,0.0,0.0,0.0,0.0005878386613561147,0.0007593132850396932,0.00028321102356456546,-0.0015272251975613,0.007780283894530802,0.008137873129003943,1,0.005442619323730469,,,,,,,,,,,,,,,,,,,,,,2.788905022000108,2,radio://0/80/2M/E7E7E7E702,0.0,aborted,cf4 起飞前预检失败（电压或 EKF 对齐）,0.0,0.0,0.0,0,0.0,global_abort:cf4 起飞前预检失败（电压或 EKF 对齐）,,,,,
2.788905022000108,1788688523.5337698,control,aborted,1,1,0.004837548000068637,3.790029287338257,3790.0,0,20.0,2.722545859998718,nan,1,0,1,1.0,-0.222293421626091,0.44936901330947876,0.042476508766412735,-0.0009627669351175427,0.0002082882565446198,0.0004119524091947824,-0.01963898353278637,0.006893601268529892,0.012429801747202873,0.010081377811729908,-0.006814879365265369,0.0040165940299630165,0.0034718870942602033,0.02423154183162328,-0.9868379664453396,-0.222293421626091,0.44936901330947876,0.042476508766412735,-0.9868379664453396,0.0,0.0,0.0,0.0,0.0,0.0,-0.000603249159196852,-0.000558601284264751,0.0004997356645082769,0.0,0.0,0.0,0.0034718870942602033,0.02423154183162328,-0.9868379664453396,0.0,0.0,0.0,0.0,0.0,0.0,zero,0.0,0.0,0.0,0.0,-0.000603249159196852,-0.000558601284264751,0.0004997356645082769,0.0004392904866756222,-0.022700195129225588,-0.006271443085700953,1,0.00570368766784668,,,,,,,,,,,,,,,,,,,,,,2.788905022000108,4,radio://0/80/2M/E7E7E7E704,2.0943951023931953,aborted,cf4 起飞前预检失败（电压或 EKF 对齐）,0.0,0.0,0.0,0,0.0,global_abort:cf4 起飞前预检失败（电压或 EKF 对齐）,,,,,
2.788905022000108,1788688523.5340207,control,aborted,1,1,0.00464930300040578,3.9747800827026367,3974.0,0,70.0,2.6834645369999635,3.9747800827026367,1,1,0,1.0566622335352516,-0.35986092686653137,-0.3916213810443878,0.03588825464248657,0.0008408115245401859,0.00034766405588015914,-0.0009617778705433011,0.0206308551132679,0.011555109173059464,-0.023465057834982872,-0.01948961429297924,-0.015942608937621117,-0.014887392520904541,-0.009938648187913287,-0.04225208832158521,0.9232814261641575,-0.35986092686653137,-0.3916213810443878,0.03588825464248657,0.9232814261641575,0.0,0.0,0.0,0.0,0.0,0.0,0.0008614533085632397,-2.5202602644955173e-05,7.272793582473788e-05,0.0,0.0,0.0,-0.009938648187913287,-0.04225208832158521,0.9232814261641575,0.0,0.0,0.0,0.0,0.0,0.0,zero,0.0,0.0,0.0,0.0,0.0008614533085632397,-2.5202602644955173e-05,7.272793582473788e-05,5.417331344519322e-05,-0.017073099947925986,0.0028800790010272553,1,0.0059545040130615234,,,,,,,,,,,,,,,,,,,,,,2.788905022000108,5,radio://0/80/2M/E7E7E7E705,4.1887902047863905,aborted,cf4 起飞前预检失败（电压或 EKF 对齐）,0.0,0.0,0.0,0,0.0,global_abort:cf4 起飞前预检失败（电压或 EKF 对齐）,,,,,
2.8032264440007566,1788688523.5478153,control,aborted,1,1,0.005356378000215045,3.8850440979003906,3885.0,0,40.0,2.774697973000002,3.8850440979003906,1,1,0,1.0810688100734358,0.4681425988674164,-0.042361848056316376,0.04535519704222679,0.00016380228043999523,0.0002968403568957001,0.0006274055340327322,0.0036418631207197905,0.003957187756896019,0.012025627307593822,0.0011411570012569427,0.0021424428559839725,-0.016061510890722275,-0.05261949956545575,-0.0013847982334976663,3.040342739166933,0.4681425988674164,-0.042361848056316376,0.04535519704222679,3.040342739166933,0.0,0.0,0.0,0.0,0.0,0.0,0.0004767023493915612,0.0008082677649266471,0.00036641910086524345,0.0,0.0,0.0,-0.05261949956545575,-0.0013847982334976663,3.040342739166933,0.0,0.0,0.0,0.0,0.0,0.0,zero,0.0,0.0,0.0,0.0,0.0004767023493915612,0.0008082677649266471,0.00036641910086524345,-0.008294444346308197,0.0036536232105156717,0.006210074404429668,1,0.006350278854370117,,,,,,,,,,,,,,,,,,,,,,2.8032264440007566,2,radio://0/80/2M/E7E7E7E702,0.0,aborted,cf4 起飞前预检失败（电压或 EKF 对齐）,0.0,0.0,0.0,0,0.0,global_abort:cf4 起飞前预检失败（电压或 EKF 对齐）,,,,,
2.8032264440007566,1788688523.5480618,control,aborted,1,1,0.005597372000920586,3.790029287338257,3790.0,0,20.0,2.7368672819993662,nan,1,0,1,1.0,-0.2222486436367035,0.44935688376426697,0.04249270260334015,-0.00010182359255850315,-1.4424120308831334e-05,0.0005712833371944726,-0.002860098145902157,0.002190508646890521,0.012322135269641876,-0.005329192616045475,0.006839186884462833,0.004913499113172293,0.0025774219523546625,0.025054619901657683,-0.9867214817544966,-0.2222486436367035,0.44935688376426697,0.04249270260334015,-0.9867214817544966,0.0,0.0,0.0,0.0,0.0,0.0,-0.0006195290043616592,-0.000561055198523289,0.0004154234795860873,0.0,0.0,0.0,0.0025774219523546625,0.025054619901657683,-0.9867214817544966,0.0,0.0,0.0,0.0,0.0,0.0,zero,0.0,0.0,0.0,0.0,-0.0006195290043616592,-0.000561055198523289,0.0004154234795860873,-0.001215014852473023,-0.0001831431589573328,-0.006292477347779846,1,0.006596803665161133,,,,,,,,,,,,,,,,,,,,,,2.8032264440007566,4,radio://0/80/2M/E7E7E7E704,2.0943951023931953,aborted,cf4 起飞前预检失败（电压或 EKF 对齐）,0.0,0.0,0.0,0,0.0,global_abort:cf4 起飞前预检失败（电压或 EKF 对齐）,,,,,
2.8032264440007566,1788688523.5482697,control,aborted,1,1,0.005831546999615966,3.9747800827026367,3974.0,0,70.0,2.697785959000612,3.9747800827026367,1,1,0,1.0566622335352516,-0.3598706126213074,-0.39161473512649536,0.03591768443584442,0.0005280723562464118,0.0003773332282435149,-0.0003301311226096004,0.011836504563689232,0.009686951525509357,-0.009343612939119339,-0.00034989695996046066,0.008257881738245487,-0.009086883626878262,-0.008924848956259881,-0.04084269745639157,0.9234573749749441,-0.3598706126213074,-0.39161473512649536,0.03591768443584442,0.9234573749749441,0.0,0.0,0.0,0.0,0.0,0.0,0.0008165047575690747,-2.791751558490347e-05,-3.833128156326856e-05,0.0,0.0,0.0,-0.008924848956259881,-0.04084269745639157,0.9234573749749441,0.0,0.0,0.0,0.0,0.0,0.0,zero,0.0,0.0,0.0,0.0,0.0008165047575690747,-2.791751558490347e-05,-3.833128156326856e-05,-0.0033546484319833185,-0.00020262229227703166,-0.008288690541244238,1,0.006804704666137695,,,,,,,,,,,,,,,,,,,,,,2.8032264440007566,5,radio://0/80/2M/E7E7E7E705,4.1887902047863905,aborted,cf4 起飞前预检失败（电压或 EKF 对齐）,0.0,0.0,0.0,0,0.0,global_abort:cf4 起飞前预检失败（电压或 EKF 对齐）,,,,,
2.8174794260012277,1788688523.5620944,control,aborted,1,1,0.00308006700106489,3.8850440979003906,3885.0,0,40.0,2.788950955000473,3.8850440979003906,1,1,0,1.0810688100734358,0.468167245388031,-0.0422976128757,0.045350175350904465,0.0006634145975112915,0.0015418992843478918,0.00026753474958240986,0.013924513012170792,0.028735436499118805,-0.0007491260766983032,-0.01770194247364998,-0.011397251859307289,0.007393372245132923,-0.05347474153143862,-0.0019697131820068576,3.0411741679416027,0.468167245388031,-0.0422976128757,0.045350175350904465,3.0411741679416027,0.0,0.0,0.0,0.0,0.0,0.0,0.0004345851506893969,0.0007962849217883513,0.000403278989087921,0.0,0.0,0.0,-0.05347474153143862,-0.0019697131820068576,3.0411741679416027,0.0,0.0,0.0,0.0,0.0,0.0,zero,0.0,0.0,0.0,0.0,0.0004345851506893969,0.0007962849217883513,0.000403278989087921,0.0027030215655699887,-0.0016687128624396797,-0.0018813383183317236,1,0.0037720203399658203,,,,,,,,,,,,,,,,,,,,,,2.8174794260012277,2,radio://0/80/2M/E7E7E7E702,0.0,aborted,cf4 起飞前预检失败（电压或 EKF 对齐）,0.0,0.0,0.0,0,0.0,global_abort:cf4 起飞前预检失败（电压或 EKF 对齐）,,,,,
2.8174794260012277,1788688523.562344,control,aborted,1,1,0.0033227490002900595,3.790029287338257,3790.0,0,20.0,2.7511202639998373,nan,1,0,1,1.0,-0.22225724160671234,0.4493515193462372,0.04252409562468529,-0.00026724679628387094,-0.00012438566773198545,0.0010329107753932476,-0.005878280848264694,-0.0009752685436978936,0.017715297639369965,0.04326089471578598,0.012148618698120117,-0.009154055267572403,0.0047718141626832385,0.02548532190186452,-0.9872649463332693,-0.22225724160671234,0.4493515193462372,0.04252409562468529,-0.9872649463332693,0.0,0.0,0.0,0.0,0.0,0.0,-0.0005930496527940287,-0.0004293198334699455,0.0004064774944220986,0.0,0.0,0.0,0.0047718141626832385,0.02548532190186452,-0.9872649463332693,0.0,0.0,0.0,0.0,0.0,0.0,zero,0.0,0.0,0.0,0.0,-0.0005930496527940287,-0.0004293198334699455,0.0004064774944220986,0.0025356787467448755,0.008848958339557607,0.0032779461181994024,1,0.004021644592285156,,,,,,,,,,,,,,,,,,,,,,2.8174794260012277,4,radio://0/80/2M/E7E7E7E704,2.0943951023931953,aborted,cf4 起飞前预检失败（电压或 EKF 对齐）,0.0,0.0,0.0,0,0.0,global_abort:cf4 起飞前预检失败（电压或 EKF 对齐）,,,,,
2.8174794260012277,1788688523.5625508,control,aborted,1,1,0.002885650001189788,3.9747800827026367,3974.0,0,70.0,2.712038941001083,3.9747800827026367,1,1,0,1.0566622335352516,-0.3598676025867462,-0.3916082978248596,0.03596487268805504,0.0003851470828521997,0.00033888971665874124,0.0008270987891592085,0.004047669470310211,0.004298819229006767,0.019692089408636093,0.003926141653209925,-0.003396713174879551,0.0031917253509163857,-0.008729540199426065,-0.041270311735617515,0.9238769231552119,-0.3598676025867462,-0.3916082978248596,0.03596487268805504,0.9238769231552119,0.0,0.0,0.0,0.0,0.0,0.0,0.0006532863717959257,-4.051858055455287e-05,-4.619006639326009e-05,0.0,0.0,0.0,-0.008729540199426065,-0.041270311735617515,0.9238769231552119,0.0,0.0,0.0,0.0,0.0,0.0,zero,0.0,0.0,0.0,0.0,0.0006532863717959257,-4.051858055455287e-05,-4.619006639326009e-05,-0.011039273077033103,-0.002127261483103203,0.007212875862346269,1,0.004228353500366211,,,,,,,,,,,,,,,,,,,,,,2.8174794260012277,5,radio://0/80/2M/E7E7E7E705,4.1887902047863905,aborted,cf4 起飞前预检失败（电压或 EKF 对齐）,0.0,0.0,0.0,0,0.0,global_abort:cf4 起飞前预检失败（电压或 EKF 对齐）,,,,,
2.8317686120008148,1788688523.5763962,control,aborted,1,1,0.002609054999993532,3.8850440979003906,3885.0,0,40.0,2.8032401410000602,3.8850440979003906,1,1,0,1.0810688100734358,0.4681556522846222,-0.04234655946493149,0.04535982012748718,0.00037522814818657935,0.0005769766285084188,0.0003433975507505238,0.0072740353643894196,0.01004540454596281,0.0004182811244390905,-0.007384058088064194,-0.00445621507242322,0.005106599070131779,-0.05296932502844714,-0.0016258795804276968,3.0410955215370805,0.4681556522846222,-0.04234655946493149,0.04535982012748718,3.0410955215370805,0.0,0.0,0.0,0.0,0.0,0.0,0.0005395056618363635,0.0008560532517279836,0.00031970908564165696,0.0,0.0,0.0,-0.05296932502844714,-0.0016258795804276968,3.0410955215370805,0.0,0.0,0.0,0.0,0.0,0.0,zero,0.0,0.0,0.0,0.0,0.0005395056618363635,0.0008560532517279836,0.00031970908564165696,0.007036817928071998,0.004008547528528562,-0.005604873521767232,1,0.003163576126098633,,,,,,,,,,,,,,,,,,,,,,2.8317686120008148,2,radio://0/80/2M/E7E7E7E702,0.0,aborted,cf4 起飞前预检失败（电压或 EKF 对齐）,0.0,0.0,0.0,0,0.0,global_abort:cf4 起飞前预检失败（电压或 EKF 对齐）,,,,,
2.8317686120008148,1788688523.576718,control,aborted,1,1,0.0022608239996770862,3.790029287338257,3790.0,0,20.0,2.7654094499994244,nan,1,0,1,1.0,-0.22228556871414185,0.44932374358177185,0.04248322919011116,-0.0005937617970630527,-0.0004720774304587394,0.0002781686489470303,-0.009082318283617496,-0.005443961825221777,0.004048540256917477,0.020213723182678223,-0.00871272198855877,-0.005902525503188372,0.003701121768853221,0.024110771467415453,-0.9871648070994614,-0.22228556871414185,0.44932374358177185,0.04248322919011116,-0.9871648070994614,0.0,0.0,0.0,0.0,0.0,0.0,-0.0005447024597979582,-0.0003302073029979031,0.0005247045128109772,0.0,0.0,0.0,0.003701121768853221,0.024110771467415453,-0.9871648070994614,0.0,0.0,0.0,0.0,0.0,0.0,zero,0.0,0.0,0.0,0.0,-0.0005447024597979582,-0.0003302073029979031,0.0005247045128109772,0.003242553726889101,0.0066472877771756285,0.007929259908160593,1,0.003485441207885742,,,,,,,,,,,,,,,,,,,,,,2.8317686120008148,4,radio://0/80/2M/E7E7E7E704,2.0943951023931953,aborted,cf4 起飞前预检失败（电压或 EKF 对齐）,0.0,0.0,0.0,0,0.0,global_abort:cf4 起飞前预检失败（电压或 EKF 对齐）,,,,,
2.8317686120008148,1788688523.5769765,control,aborted,1,1,0.0020183249998808606,3.9747800827026367,3974.0,0,70.0,2.72632812700067,3.9747800827026367,1,1,0,1.0566622335352516,-0.3598845303058624,-0.3916394114494324,0.03589358180761337,8.105853339657187e-05,-0.00014622931485064328,-0.00029457779601216316,-0.0008407419081777334,-0.0030680655036121607,0.0007081162184476852,0.006214282009750605,0.0032348870299756527,-0.006208385340869427,-0.008473426119136178,-0.04083219256287138,0.923219356011224,-0.3598845303058624,-0.3916394114494324,0.03589358180761337,0.923219356011224,0.0,0.0,0.0,0.0,0.0,0.0,0.00048162721440314323,-5.36032108840749e-05,0.0001779247949352167,0.0,0.0,0.0,-0.008473426119136178,-0.04083219256287138,0.923219356011224,0.0,0.0,0.0,0.0,0.0,0.0,zero,0.0,0.0,0.0,0.0,0.00048162721440314323,-5.36032108840749e-05,0.0001779247949352167,-0.011512851234276396,-0.0008775611201131403,0.015030954928674973,1,0.003743886947631836,,,,,,,,,,,,,,,,,,,,,,2.8317686120008148,5,radio://0/80/2M/E7E7E7E705,4.1887902047863905,aborted,cf4 起飞前预检失败（电压或 EKF 对齐）,0.0,0.0,0.0,0,0.0,global_abort:cf4 起飞前预检失败（电压或 EKF 对齐）,,,,,
2.84604930200112,1788688523.5906477,control,aborted,1,1,0.00176050800109806,3.8850440979003906,3885.0,0,40.0,2.8175208310003654,3.8850440979003906,1,1,0,1.0810688100734358,0.4681643545627594,-0.04232064634561539,0.04528981074690819,0.0005147354095242918,0.000808870536275208,-0.0013888843823224306,0.009910029359161854,0.0064890217036008835,-0.038666628301143646,0.024252695962786674,0.0027548030484467745,0.010015326552093029,-0.051693716085759386,-0.0013716915447009538,3.041391533529908,0.4681643545627594,-0.04232064634561539,0.04528981074690819,3.041391533529908,0.0,0.0,0.0,0.0,0.0,0.0,0.0005896944814129546,0.0009946229317186986,8.863962309421566e-05,0.0,0.0,0.0,-0.051693716085759386,-0.0013716915447009538,3.041391533529908,0.0,0.0,0.0,0.0,0.0,0.0,zero,0.0,0.0,0.0,0.0,0.0005896944814129546,0.0009946229317186986,8.863962309421566e-05,-0.0001140802595708605,0.00985782843009001,-0.019351722231255673,1,0.002444028854370117,,,,,,,,,,,,,,,,,,,,,,2.84604930200112,2,radio://0/80/2M/E7E7E7E702,0.0,aborted,cf4 起飞前预检失败（电压或 EKF 对齐）,0.0,0.0,0.0,0,0.0,global_abort:cf4 起飞前预检失败（电压或 EKF 对齐）,,,,,
2.84604930200112,1788688523.5909066,control,aborted,1,1,0.0015555059999314835,3.790029287338257,3790.0,0,20.0,2.7796901399997296,nan,1,0,1,1.0,-0.22228598594665527,0.4493134021759033,0.04245828092098236,-0.0003635035827755928,-0.0007361911702901125,-0.00048395825433544815,0.00044575706124305725,-0.015264498069882393,-0.01735898107290268,0.008352460339665413,0.010249219834804535,0.014010149985551834,0.00344559261747328,0.024878316524149766,-0.986476668067652,-0.22228598594665527,0.4493134021759033,0.04245828092098236,-0.986476668067652,0.0,0.0,0.0,0.0,0.0,0.0,-0.0004966926520475663,-0.0001748642975023898,0.000591866249727979,0.0,0.0,0.0,0.00344559261747328,0.024878316524149766,-0.986476668067652,0.0,0.0,0.0,0.0,0.0,0.0,zero,0.0,0.0,0.0,0.0,-0.0004966926520475663,-0.0001748642975023898,0.000591866249727979,0.002056902015244457,0.009706097663824624,-0.00035375633102880776,1,0.002702951431274414,,,,,,,,,,,,,,,,,,,,,,2.84604930200112,4,radio://0/80/2M/E7E7E7E704,2.0943951023931953,aborted,cf4 起飞前预检失败（电压或 EKF 对齐）,0.0,0.0,0.0,0,0.0,global_abort:cf4 起飞前预检失败（电压或 EKF 对齐）,,,,,
2.84604930200112,1788688523.5911283,control,aborted,1,1,0.002066287001071032,3.9747800827026367,3974.0,0,70.0,2.7406088170009753,3.9747800827026367,1,1,0,1.0566622335352516,-0.35988059639930725,-0.3916320502758026,0.03594937548041344,0.00016253322246484458,0.00014637061394751072,0.0013702318537980318,0.0018745561828836799,0.006857394240796566,0.04645402356982231,-0.0020931418985128403,0.00836883019655943,0.010399986058473587,-0.00863441864555352,-0.04071803710272418,0.9237578433422875,-0.35988059639930725,-0.3916320502758026,0.03594937548041344,0.9237578433422875,0.0,0.0,0.0,0.0,0.0,0.0,0.00023384198416413722,-8.450232323790365e-05,0.0003242027240328578,0.0,0.0,0.0,-0.00863441864555352,-0.04071803710272418,0.9237578433422875,0.0,0.0,0.0,0.0,0.0,0.0,zero,0.0,0.0,0.0,0.0,0.00023384198416413722,-8.450232323790365e-05,0.0003242027240328578,-0.014461884822668778,-0.002562344750765441,0.004162780599615636,1,0.002924680709838867,,,,,,,,,,,,,,,,,,,,,,2.84604930200112,5,radio://0/80/2M/E7E7E7E705,4.1887902047863905,aborted,cf4 起飞前预检失败（电压或 EKF 对齐）,0.0,0.0,0.0,0,0.0,global_abort:cf4 起飞前预检失败（电压或 EKF 对齐）,,,,,
2.860333612999966,1788688523.604926,control,aborted,1,1,0.006352782998874318,3.8850440979003906,3885.0,0,40.0,2.8318051419992116,3.8850440979003906,1,1,0,1.0810688100734358,0.4681578576564789,-0.04231411591172218,0.0452941358089447,0.0002774027525447309,0.0007821755134500563,-0.0010216456139460206,0.0030189044773578644,0.004639043007045984,-0.02333713509142399,-0.001930171623826027,-0.004198073409497738,0.01774304360151291,-0.052725766480430085,-0.0016562215310650305,3.0418774836288143,0.4681578576564789,-0.04231411591172218,0.0452941358089447,3.0418774836288143,0.0,0.0,0.0,0.0,0.0,0.0,0.0005534481881822772,0.001048205380950989,-0.00017416113838215273,0.0,0.0,0.0,-0.052725766480430085,-0.0016562215310650305,3.0418774836288143,0.0,0.0,0.0,0.0,0.0,0.0,zero,0.0,0.0,0.0,0.0,0.0005534481881822772,0.001048205380950989,-0.00017416113838215273,-0.0037486862947257644,0.005541636817773211,-0.027179540995275007,1,0.007053375244140625,,,,,,,,,,,,,,,,,,,,,,2.860333612999966,2,radio://0/80/2M/E7E7E7E702,0.0,aborted,cf4 起飞前预检失败（电压或 EKF 对齐）,0.0,0.0,0.0,0,0.0,global_abort:cf4 起飞前预检失败（电压或 EKF 对齐）,,,,,
2.860333612999966,1788688523.6051636,control,aborted,1,1,0.006656566998572089,3.790029287338257,3790.0,0,20.0,2.7939744509985758,nan,1,0,1,1.0,-0.2223115712404251,0.44933080673217773,0.04253010079264641,-0.0008200231241062284,-0.0002289475523866713,0.0010983952088281512,-0.009086296893656254,-0.0017194924876093864,0.018843084573745728,0.006664091255515814,0.00445776991546154,-0.0015548132359981537,0.003429415948344187,0.024699550341362113,-0.9870944648898958,-0.2223115712404251,0.44933080673217773,0.04253010079264641,-0.9870944648898958,0.0,0.0,0.0,0.0,0.0,0.0,-0.0004951261054159774,-0.00014726378084991843,0.0005226120012531198,0.0,0.0,0.0,0.003429415948344187,0.024699550341362113,-0.9870944648898958,0.0,0.0,0.0,0.0,0.0,0.0,zero,0.0,0.0,0.0,0.0,-0.0004951261054159774,-0.00014726378084991843,0.0005226120012531198,0.00016201634331302684,0.002854517504562379,-0.00716245521871769,1,0.007290840148925781,,,,,,,,,,,,,,,,,,,,,,2.860333612999966,4,radio://0/80/2M/E7E7E7E704,2.0943951023931953,aborted,cf4 起飞前预检失败（电压或 EKF 对齐）,0.0,0.0,0.0,0,0.0,global_abort:cf4 起飞前预检失败（电压或 EKF 对齐）,,,,,
2.860333612999966,1788688523.6053784,control,aborted,1,1,0.006114195999543881,3.9747800827026367,3974.0,0,70.0,2.7548931279998214,3.9747800827026367,1,1,0,1.0566622335352516,-0.3598909378051758,-0.3916201889514923,0.03595822677016258,-8.388074638787657e-05,0.0003624426608439535,0.0012792705092579126,-0.003597317263484001,0.0099552683532238,0.035281725227832794,0.004407512955367565,0.002256795298308134,0.022060606628656387,-0.008367590685777004,-0.04092695202085187,0.9244245710335774,-0.3598909378051758,-0.3916201889514923,0.03595822677016258,0.9244245710335774,0.0,0.0,0.0,0.0,0.0,0.0,0.00015005582271256462,-7.497403990392e-05,0.00040700287296641915,0.0,0.0,0.0,-0.008367590685777004,-0.04092695202085187,0.9244245710335774,0.0,0.0,0.0,0.0,0.0,0.0,zero,0.0,0.0,0.0,0.0,0.00015005582271256462,-7.497403990392e-05,0.00040700287296641915,-0.008665383605498133,0.000985439943308123,0.008563407616141834,1,0.007505655288696289,,,,,,,,,,,,,,,,,,,,,,2.860333612999966,5,radio://0/80/2M/E7E7E7E705,4.1887902047863905,aborted,cf4 起飞前预检失败（电压或 EKF 对齐）,0.0,0.0,0.0,0,0.0,global_abort:cf4 起飞前预检失败（电压或 EKF 对齐）,,,,,
2.8747156980007276,1788688523.6195884,control,aborted,1,1,0.00043443899994599633,3.8850440979003906,3885.0,0,40.0,2.846187226999973,3.8850440979003906,1,1,0,1.0810688100734358,0.46815764904022217,-0.04235336184501648,0.045342057943344116,0.00010274519445374608,-0.00021363559062592685,0.00015112322580534965,-0.002609844319522381,-0.01484635379165411,0.00462771113961935,-0.007356022018939257,0.023014338687062263,-0.006972180679440498,-0.05295457916380477,-0.0004549624647680105,3.0407466768350955,0.46815764904022217,-0.04235336184501648,0.045342057943344116,3.0407466768350955,0.0,0.0,0.0,0.0,0.0,0.0,0.0004570860202733936,0.0008968170699058795,-0.000558157151943791,0.0,0.0,0.0,-0.05295457916380477,-0.0004549624647680105,3.0407466768350955,0.0,0.0,0.0,0.0,0.0,0.0,zero,0.0,0.0,0.0,0.0,0.0004570860202733936,0.0008968170699058795,-0.000558157151943791,-0.005042550632248386,-0.011913402681181936,-0.01265568157256458,1,0.0010509490966796875,,,,,,,,,,,,,,,,,,,,,,2.8747156980007276,2,radio://0/80/2M/E7E7E7E702,0.0,aborted,cf4 起飞前预检失败（电压或 EKF 对齐）,0.0,0.0,0.0,0,0.0,global_abort:cf4 起飞前预检失败（电压或 EKF 对齐）,,,,,
2.8747156980007276,1788688523.6198516,control,aborted,1,1,-0.0002495659991836874,3.790029287338257,3790.0,0,20.0,2.808356535999337,nan,1,0,1,1.0,-0.22230206429958344,0.4492887854576111,0.04254545643925667,-0.0007756764534860849,-0.0009705566917546093,0.0010176422074437141,-0.014021161943674088,-0.01585944928228855,0.011683877557516098,-0.0036031827330589294,0.013393962755799294,-0.008516146801412106,0.0030624582411057084,0.025486524635125865,-0.9875129487084998,-0.22230206429958344,0.4492887854576111,0.04254545643925667,-0.9875129487084998,0.0,0.0,0.0,0.0,0.0,0.0,-0.00035981805767696274,-0.00021807728915039358,0.0005636880248319858,0.0,0.0,0.0,0.0030624582411057084,0.025486524635125865,-0.9875129487084998,0.0,0.0,0.0,0.0,0.0,0.0,zero,0.0,0.0,0.0,0.0,-0.00035981805767696274,-0.00021807728915039358,0.0005636880248319858,0.009737996678443349,-0.004960104957490614,0.005715610077777495,1,0.0013141632080078125,,,,,,,,,,,,,,,,,,,,,,2.8747156980007276,4,radio://0/80/2M/E7E7E7E704,2.0943951023931953,aborted,cf4 起飞前预检失败（电压或 EKF 对齐）,0.0,0.0,0.0,0,0.0,global_abort:cf4 起飞前预检失败（电压或 EKF 对齐）,,,,,
2.8747156980007276,1788688523.6200933,control,aborted,1,1,0.00019367400091141462,3.9747800827026367,3974.0,0,70.0,2.769275213000583,3.9747800827026367,1,1,0,1.0566622335352516,-0.3598621189594269,-0.39160844683647156,0.035956934094429016,0.0005935197696089745,0.0006741711986251175,0.000757632136810571,0.012495582923293114,0.01686086133122444,0.01276148110628128,-0.013020932674407959,0.03453131765127182,0.00016578566282987595,-0.009042445628859603,-0.03945168604296264,0.9236226276554046,-0.3598621189594269,-0.39160844683647156,0.035956934094429016,0.9236226276554046,0.0,0.0,0.0,0.0,0.0,0.0,1.1516557508564843e-05,-1.106045177012945e-05,0.0007630494928119242,0.0,0.0,0.0,-0.009042445628859603,-0.03945168604296264,0.9236226276554046,0.0,0.0,0.0,0.0,0.0,0.0,zero,0.0,0.0,0.0,0.0,1.1516557508564843e-05,-1.106045177012945e-05,0.0007630494928119242,-0.005798243771310174,0.0029478614112125484,0.017197681834552978,1,0.0015559196472167969,,,,,,,,,,,,,,,,,,,,,,2.8747156980007276,5,radio://0/80/2M/E7E7E7E705,4.1887902047863905,aborted,cf4 起飞前预检失败（电压或 EKF 对齐）,0.0,0.0,0.0,0,0.0,global_abort:cf4 起飞前预检失败（电压或 EKF 对齐）,,,,,
2.888904844001445,1788688523.6335027,control,aborted,1,1,0.003647836001618998,3.8850440979003906,3885.0,0,40.0,2.8603763730006904,3.8850440979003906,1,1,0,1.0810688100734358,0.4681333601474762,-0.0422830767929554,0.04534246772527695,-0.0003833066439256072,0.0011761223431676626,0.0001287521590711549,-0.01140318252146244,0.014757980592548847,0.00327342189848423,0.014212413690984249,-0.011890457943081856,0.005340298172086477,-0.051906753152843155,-0.0020040218403603767,3.041398424079528,0.4681333601474762,-0.0422830767929554,0.04534246772527695,3.041398424079528,0.0,0.0,0.0,0.0,0.0,0.0,0.0003705686244874589,0.000737035499085702,-0.0005287017515984645,0.0,0.0,0.0,-0.051906753152843155,-0.0020040218403603767,3.041398424079528,0.0,0.0,0.0,0.0,0.0,0.0,zero,0.0,0.0,0.0,0.0,0.0003705686244874589,0.000737035499085702,-0.0005287017515984645,-0.008290426520173835,-0.015310878929367703,0.0028225286945695633,1,0.004529476165771484,,,,,,,,,,,,,,,,,,,,,,2.888904844001445,2,radio://0/80/2M/E7E7E7E702,0.0,aborted,cf4 起飞前预检失败（电压或 EKF 对齐）,0.0,0.0,0.0,0,0.0,global_abort:cf4 起飞前预检失败（电压或 EKF 对齐）,,,,,
2.888904844001445,1788688523.63376,control,aborted,1,1,0.003428507001444814,3.790029287338257,3790.0,0,20.0,2.8225456820000545,nan,1,0,1,1.0,-0.22230614721775055,0.44939228892326355,0.04247931018471718,-0.0006987913511693478,0.001207224908284843,-0.0004535958869382739,-0.009743407368659973,0.029050175100564957,-0.01884954795241356,-0.025426696985960007,-0.007791957817971706,0.013874826952815056,0.001913087564670657,0.02451818000526111,-0.986435611300829,-0.22230614721775055,0.44939228892326355,0.04247931018471718,-0.986435611300829,0.0,0.0,0.0,0.0,0.0,0.0,-0.00030428226942484106,-0.0002486138735453985,0.0006006817727780194,0.0,0.0,0.0,0.001913087564670657,0.02451818000526111,-0.986435611300829,0.0,0.0,0.0,0.0,0.0,0.0,zero,0.0,0.0,0.0,0.0,-0.00030428226942484106,-0.0002486138735453985,0.0006006817727780194,0.005321650837518607,-0.0029261318698294947,0.0035448818849247326,1,0.00478672981262207,,,,,,,,,,,,,,,,,,,,,,2.888904844001445,4,radio://0/80/2M/E7E7E7E704,2.0943951023931953,aborted,cf4 起飞前预检失败（电压或 EKF 对齐）,0.0,0.0,0.0,0,0.0,global_abort:cf4 起飞前预检失败（电压或 EKF 对齐）,,,,,
2.888904844001445,1788688523.6339874,control,aborted,1,1,0.003875339001751854,3.9747800827026367,3974.0,0,70.0,2.7834643590013,3.9747800827026367,1,1,0,1.0566622335352516,-0.3598634898662567,-0.3916443884372711,0.03593787923455238,0.00044854203588329256,-0.0001494928728789091,0.00024091449449770153,0.0072179315611720085,-0.0022970400750637054,0.00030616018921136856,-0.005686822813004255,-0.00862862542271614,0.004312444943934679,-0.008805145598188872,-0.04134129748888252,0.9238577832895657,-0.3598634898662567,-0.3916443884372711,0.03593787923455238,0.9238577832895657,0.0,0.0,0.0,0.0,0.0,0.0,3.175808536880145e-05,3.544959738143266e-05,0.000846719043305757,0.0,0.0,0.0,-0.008805145598188872,-0.04134129748888252,0.9238577832895657,0.0,0.0,0.0,0.0,0.0,0.0,zero,0.0,0.0,0.0,0.0,3.175808536880145e-05,3.544959738143266e-05,0.000846719043305757,0.0019396203255649135,0.004456770126261533,0.00801753513318144,1,0.005014181137084961,,,,,,,,,,,,,,,,,,,,,,2.888904844001445,5,radio://0/80/2M/E7E7E7E705,4.1887902047863905,aborted,cf4 起飞前预检失败（电压或 EKF 对齐）,0.0,0.0,0.0,0,0.0,global_abort:cf4 起飞前预检失败（电压或 EKF 对齐）,,,,,
2.9031815210000786,1788688523.6477606,control,aborted,1,1,0.007560906999060535,3.8850440979003906,3885.0,0,40.0,2.874653049999324,3.8850440979003906,1,1,0,1.0810688100734358,0.4681335985660553,-0.042355217039585114,0.04533212631940842,-0.00030225139926187694,-0.00038860965287312865,-8.758503827266395e-05,-0.007628739345818758,-0.01703082025051117,-0.0013682455755770206,-0.008939986117184162,-0.007578545715659857,0.0041623907163739204,-0.05300876580021045,-0.001899548043580091,3.041386965934049,0.4681335985660553,-0.042355217039585114,0.04533212631940842,3.041386965934049,0.0,0.0,0.0,0.0,0.0,0.0,0.0002232051549415334,0.000605069808099052,-0.0004109475974880498,0.0,0.0,0.0,-0.05300876580021045,-0.001899548043580091,3.041386965934049,0.0,0.0,0.0,0.0,0.0,0.0,zero,0.0,0.0,0.0,0.0,0.0002232051549415334,0.000605069808099052,-0.0004109475974880498,-0.013579260271334964,-0.012160384594065295,0.010850818806202709,1,0.007935285568237305,,,,,,,,,,,,,,,,,,,,,,2.9031815210000786,2,radio://0/80/2M/E7E7E7E702,0.0,aborted,cf4 起飞前预检失败（电压或 EKF 对齐）,0.0,0.0,0.0,0,0.0,global_abort:cf4 起飞前预检失败（电压或 EKF 对齐）,,,,,
2.9031815210000786,1788688523.6479964,control,aborted,1,1,0.007140124000216019,3.790029287338257,3790.0,0,20.0,2.8368223589986883,nan,1,0,1,1.0,-0.22225698828697205,0.44937047362327576,0.04247458279132843,0.0003469407092779875,0.0005637352005578578,-0.0004500001377891749,0.011477576568722725,0.011380956508219242,-0.015013370662927628,-0.0021400079131126404,0.0005029491148889065,0.0032248375937342644,0.002890174077609709,0.024884733924165833,-0.9868621499633328,-0.22225698828697205,0.44937047362327576,0.04247458279132843,-0.9868621499633328,0.0,0.0,0.0,0.0,0.0,0.0,-0.0003016751806363999,-0.00013754961926079243,0.0005038667827783425,0.0,0.0,0.0,0.002890174077609709,0.024884733924165833,-0.9868621499633328,0.0,0.0,0.0,0.0,0.0,0.0,zero,0.0,0.0,0.0,0.0,-0.0003016751806363999,-0.00013754961926079243,0.0005038667827783425,0.00024023821723123242,0.010234357404990234,-0.008921315108983556,1,0.00817108154296875,,,,,,,,,,,,,,,,,,,,,,2.9031815210000786,4,radio://0/80/2M/E7E7E7E704,2.0943951023931953,aborted,cf4 起飞前预检失败（电压或 EKF 对齐）,0.0,0.0,0.0,0,0.0,global_abort:cf4 起飞前预检失败（电压或 EKF 对齐）,,,,,
2.9031815210000786,1788688523.6482186,control,aborted,1,1,0.007332876999498694,3.9747800827026367,3974.0,0,70.0,2.797741035999934,3.9747800827026367,1,1,0,1.0566622335352516,-0.35984915494918823,-0.39164915680885315,0.0359649620950222,0.0006230187718756497,-0.00020747292728628963,0.0006918548024259508,0.008989861235022545,-0.0029061746317893267,0.008555525913834572,-0.0005207043141126633,0.0024964045733213425,0.012280658818781376,-0.008606054039781501,-0.04082713157075761,0.9243328276472027,-0.35984915494918823,-0.39164915680885315,0.0359649620950222,0.9243328276472027,0.0,0.0,0.0,0.0,0.0,0.0,0.0001258670854244249,6.024530734501422e-05,0.0008279642732901954,0.0,0.0,0.0,-0.008606054039781501,-0.04082713157075761,0.9243328276472027,0.0,0.0,0.0,0.0,0.0,0.0,zero,0.0,0.0,0.0,0.0,0.0001258670854244249,6.024530734501422e-05,0.0008279642732901954,0.008671963340494799,0.0022848769796579302,-0.0017282159829371435,1,0.008393287658691406,,,,,,,,,,,,,,,,,,,,,,2.9031815210000786,5,radio://0/80/2M/E7E7E7E705,4.1887902047863905,aborted,cf4 起飞前预检失败（电压或 EKF 对齐）,0.0,0.0,0.0,0,0.0,global_abort:cf4 起飞前预检失败（电压或 EKF 对齐）,,,,,
2.917533267000181,1788688523.6621149,control,aborted,1,1,0.0003625070003181463,3.8850440979003906,3885.0,0,40.0,2.8890047959994263,3.8850440979003906,1,1,0,1.0810688100734358,0.4681714177131653,-0.04237009584903717,0.045350272208452225,0.0004245825402904302,-0.000465701159555465,0.0001755113189574331,0.007254639640450478,-0.011526813730597496,0.0020825983956456184,0.0004285397008061409,0.010973634198307991,-0.003812003880739212,-0.05273468404218581,-0.0009964114405916487,3.040939848140113,0.4681714177131653,-0.04237009584903717,0.045350272208452225,3.040939848140113,0.0,0.0,0.0,0.0,0.0,0.0,4.749665244768077e-06,0.00023119065657021528,-0.0002497060992781107,0.0,0.0,0.0,-0.05273468404218581,-0.0009964114405916487,3.040939848140113,0.0,0.0,0.0,0.0,0.0,0.0,zero,0.0,0.0,0.0,0.0,4.749665244768077e-06,0.00023119065657021528,-0.0002497060992781107,-0.00611637772621553,-0.018343391784382726,0.004837965706552276,1,0.00081634521484375,,,,,,,,,,,,,,,,,,,,,,2.917533267000181,2,radio://0/80/2M/E7E7E7E702,0.0,aborted,cf4 起飞前预检失败（电压或 EKF 对齐）,0.0,0.0,0.0,0,0.0,global_abort:cf4 起飞前预检失败（电压或 EKF 对齐）,,,,,
2.917533267000181,1788688523.6623526,control,aborted,1,1,0.012687259999438538,3.790029287338257,3790.0,0,20.0,2.8511741049987904,nan,1,0,1,1.0,-0.22228053212165833,0.44934773445129395,0.042496830224990845,-0.0002632442628964782,-7.132577593438327e-05,0.00015101867029443383,-0.004833756946027279,-0.0054824501276016235,0.001794576644897461,-0.0009847544133663177,-0.01749386638402939,-0.008782340213656425,0.0029096608518365806,0.024107050516629647,-0.9873592439706791,-0.22228053212165833,0.44934773445129395,0.042496830224990845,-0.9873592439706791,0.0,0.0,0.0,0.0,0.0,0.0,-0.00027326997272491497,7.694364561717333e-06,0.00035532829474207685,0.0,0.0,0.0,0.0029096608518365806,0.024107050516629647,-0.9873592439706791,0.0,0.0,0.0,0.0,0.0,0.0,zero,0.0,0.0,0.0,0.0,-0.00027326997272491497,7.694364561717333e-06,0.00035532829474207685,0.0032623241282577443,0.016681199954071413,-0.017059572139224023,1,0.013820171356201172,,,,,,,,,,,,,,,,,,,,,,2.917533267000181,4,radio://0/80/2M/E7E7E7E704,2.0943951023931953,aborted,cf4 起飞前预检失败（电压或 EKF 对齐）,0.0,0.0,0.0,0,0.0,global_abort:cf4 起飞前预检失败（电压或 EKF 对齐）,,,,,
2.917533267000181,1788688523.6625638,control,aborted,1,1,0.0001350250004179543,3.9747800827026367,3974.0,0,70.0,2.812092782000036,3.9747800827026367,1,1,0,1.0566622335352516,-0.3598387539386749,-0.39166077971458435,0.03588647395372391,0.0003986929077655077,-0.0002615977427922189,-0.0008415108895860612,-0.0018424242734909058,-0.001371667254716158,-0.02017722837626934,0.012087593786418438,0.008388862013816833,0.0007323022000491619,-0.007883950057342765,-0.04048476662316318,0.9240078473969751,-0.3598387539386749,-0.39166077971458435,0.03588647395372391,0.9240078473969751,0.0,0.0,0.0,0.0,0.0,0.0,0.0001343966139160693,5.196802419294516e-05,0.0005752963565312022,0.0,0.0,0.0,-0.007883950057342765,-0.04048476662316318,0.9240078473969751,0.0,0.0,0.0,0.0,0.0,0.0,zero,0.0,0.0,0.0,0.0,0.0001343966139160693,5.196802419294516e-05,0.0005752963565312022,-0.004312123193043544,-0.0006127880600119562,-0.015353363910019433,1,0.0012652873992919922,,,,,,,,,,,,,,,,,,,,,,2.917533267000181,5,radio://0/80/2M/E7E7E7E705,4.1887902047863905,aborted,cf4 起飞前预检失败（电压或 EKF 对齐）,0.0,0.0,0.0,0,0.0,global_abort:cf4 起飞前预检失败（电压或 EKF 对齐）,,,,,
2.9317551470012404,1788688523.6763406,control,aborted,1,1,0.0035776050008280436,3.8850440979003906,3885.0,0,40.0,2.903226676000486,3.8850440979003906,1,1,0,1.0810688100734358,0.46815213561058044,-0.04235346242785454,0.045325931161642075,-2.7917238185182214e-05,-5.54706493858248e-05,-0.00032361509511247277,-0.002822491340339184,-0.0014010453596711159,-0.007848989218473434,-0.006101805716753006,0.015810508280992508,0.003161814995110035,-0.053072994023896,-0.0006108448140403629,3.0412457226487506,0.46815213561058044,-0.04235346242785454,0.045325931161642075,3.0412457226487506,0.0,0.0,0.0,0.0,0.0,0.0,-5.037749058123545e-06,2.6194135773515342e-05,-0.00019727320873704583,0.0,0.0,0.0,-0.053072994023896,-0.0006108448140403629,3.0412457226487506,0.0,0.0,0.0,0.0,0.0,0.0,zero,0.0,0.0,0.0,0.0,-5.037749058123545e-06,2.6194135773515342e-05,-0.00019727320873704583,-0.0009327953591373478,-0.019537315711869885,0.004997147913562014,1,0.004549503326416016,,,,,,,,,,,,,,,,,,,,,,2.9317551470012404,2,radio://0/80/2M/E7E7E7E702,0.0,aborted,cf4 起飞前预检失败（电压或 EKF 对齐）,0.0,0.0,0.0,0,0.0,global_abort:cf4 起飞前预检失败（电压或 EKF 对齐）,,,,,
2.9317551470012404,1788688523.6766095,control,aborted,1,1,0.004101479000382824,3.790029287338257,3790.0,0,20.0,2.86539598499985,nan,1,0,1,1.0,-0.22226367890834808,0.44932135939598083,0.04250701889395714,-6.009309436194599e-05,-0.000506024167407304,3.118382301181555e-05,-0.002900091465562582,-0.01122411247342825,-0.005007421597838402,0.004982392303645611,-0.006116906180977821,-0.001799886580556631,0.0033352575960560018,0.02462436019396929,-0.9871666638105163,-0.22226367890834808,0.44932135939598083,0.04250701889395714,-0.9871666638105163,0.0,0.0,0.0,0.0,0.0,0.0,-0.00010905115946306096,7.80505282242808e-05,0.00021089373160717613,0.0,0.0,0.0,0.0033352575960560018,0.02462436019396929,-0.9871666638105163,0.0,0.0,0.0,0.0,0.0,0.0,zero,0.0,0.0,0.0,0.0,-0.00010905115946306096,7.80505282242808e-05,0.00021089373160717613,0.00797346231121936,-0.0007951340482858529,-0.0029660051152866455,1,0.004818439483642578,,,,,,,,,,,,,,,,,,,,,,2.9317551470012404,4,radio://0/80/2M/E7E7E7E704,2.0943951023931953,aborted,cf4 起飞前预检失败（电压或 EKF 对齐）,0.0,0.0,0.0,0,0.0,global_abort:cf4 起飞前预检失败（电压或 EKF 对齐）,,,,,
2.9317551470012404,1788688523.6768339,control,aborted,1,1,0.003783891999773914,3.9747800827026367,3974.0,0,70.0,2.8263146620010957,3.9747800827026367,1,1,0,1.0566622335352516,-0.3598497807979584,-0.3916202187538147,0.0358801893889904,0.00010874442523345351,0.0005639533628709614,-0.0007930141873657703,-0.00700135575607419,0.014640512876212597,-0.015217268839478493,-0.0300014428794384,-0.009086612612009048,-0.006314725615084171,-0.009950467278886443,-0.04131665622679418,0.9236529963550951,-0.3598497807979584,-0.3916202187538147,0.0358801893889904,0.9236529963550951,0.0,0.0,0.0,0.0,0.0,0.0,8.521948468521888e-05,5.261400634505946e-05,0.00028672148852779735,0.0,0.0,0.0,-0.009950467278886443,-0.04131665622679418,0.9236529963550951,0.0,0.0,0.0,0.0,0.0,0.0,zero,0.0,0.0,0.0,0.0,8.521948468521888e-05,5.261400634505946e-05,0.00028672148852779735,-0.004686855639561745,6.156571438891185e-05,-0.02750279995378566,1,0.0050427913665771484,,,,,,,,,,,,,,,,,,,,,,2.9317551470012404,5,radio://0/80/2M/E7E7E7E705,4.1887902047863905,aborted,cf4 起飞前预检失败（电压或 EKF 对齐）,0.0,0.0,0.0,0,0.0,global_abort:cf4 起飞前预检失败（电压或 EKF 对齐）,,,,,
2.9460702920005133,1788688523.690684,control,aborted,1,1,0.011597112999879755,3.8850440979003906,3885.0,0,40.0,2.917541820999759,3.8850440979003906,1,1,0,1.0810688100734358,0.46812909841537476,-0.042313236743211746,0.04534940794110298,-0.0006890192744322121,0.0011197356507182121,0.000420514727011323,-0.021389970555901527,0.032889075577259064,0.015255570411682129,0.02220771834254265,-0.019151579588651657,-0.01173485815525055,-0.05213642230986375,-0.0017340847061091311,3.040811283177913,0.46812909841537476,-0.042313236743211746,0.04534940794110298,3.040811283177913,0.0,0.0,0.0,0.0,0.0,0.0,-1.7082705824446114e-05,-9.890357594329344e-05,-0.0001491996108627682,0.0,0.0,0.0,-0.05213642230986375,-0.0017340847061091311,3.040811283177913,0.0,0.0,0.0,0.0,0.0,0.0,zero,0.0,0.0,0.0,0.0,-1.7082705824446114e-05,-9.890357594329344e-05,-0.0001491996108627682,-0.0017430378948666099,-0.018103016583103017,0.006956779045627731,1,0.01198267936706543,,,,,,,,,,,,,,,,,,,,,,2.9460702920005133,2,radio://0/80/2M/E7E7E7E702,0.0,aborted,cf4 起飞前预检失败（电压或 EKF 对齐）,0.0,0.0,0.0,0,0.0,global_abort:cf4 起飞前预检失败（电压或 EKF 对齐）,,,,,
2.9460702920005133,1788688523.691116,control,aborted,1,1,0.011381463000361691,3.790029287338257,3790.0,0,20.0,2.879711129999123,nan,1,0,1,1.0,-0.222306028008461,0.4492962062358856,0.042503006756305695,-0.001273637288250029,-0.0011327398242428899,-9.116228466155007e-05,-0.03743946552276611,-0.027116142213344574,-0.007546574808657169,0.021672645583748817,-0.017782310023903847,0.018348488956689835,0.0039630690603637405,0.02417649761013474,-0.9864843037648412,-0.222306028008461,0.4492962062358856,0.042503006756305695,-0.9864843037648412,0.0,0.0,0.0,0.0,0.0,0.0,-6.70477876307446e-05,2.3146195353675285e-05,0.0001882141383634029,0.0,0.0,0.0,0.0039630690603637405,0.02417649761013474,-0.9864843037648412,0.0,0.0,0.0,0.0,0.0,0.0,zero,0.0,0.0,0.0,0.0,-6.70477876307446e-05,2.3146195353675285e-05,0.0001882141383634029,0.006078350486122407,-0.007945261626294239,-0.0032819869121146505,1,0.012414693832397461,,,,,,,,,,,,,,,,,,,,,,2.9460702920005133,4,radio://0/80/2M/E7E7E7E704,2.0943951023931953,aborted,cf4 起飞前预检失败（电压或 EKF 对齐）,0.0,0.0,0.0,0,0.0,global_abort:cf4 起飞前预检失败（电压或 EKF 对齐）,,,,,
2.9460702920005133,1788688523.691273,control,aborted,1,1,0.011170382000273094,3.9747800827026367,3974.0,0,70.0,2.8406298070003686,3.9747800827026367,1,1,0,1.0566622335352516,-0.3598501980304718,-0.39161741733551025,0.03594546392560005,7.49210303183645e-05,0.0005322343786247075,0.0012546025682240725,-0.00657991785556078,0.010794478468596935,0.04708324000239372,-0.013078359887003899,-0.019929736852645874,-0.016743354499340057,-0.009556415377989973,-0.04175805377577725,0.9232528837435067,-0.3598501980304718,-0.39161741733551025,0.03594546392560005,0.9232528837435067,0.0,0.0,0.0,0.0,0.0,0.0,5.9844821593980313e-05,7.550569283353803e-05,5.5073521304166114e-05,0.0,0.0,0.0,-0.009556415377989973,-0.04175805377577725,0.9232528837435067,0.0,0.0,0.0,0.0,0.0,0.0,zero,0.0,0.0,0.0,0.0,5.9844821593980313e-05,7.550569283353803e-05,5.5073521304166114e-05,-0.003671993199773471,0.003312679140400622,-0.0335220119899926,1,0.012571573257446289,,,,,,,,,,,,,,,,,,,,,,2.9460702920005133,5,radio://0/80/2M/E7E7E7E705,4.1887902047863905,aborted,cf4 起飞前预检失败（电压或 EKF 对齐）,0.0,0.0,0.0,0,0.0,global_abort:cf4 起飞前预检失败（电压或 EKF 对齐）,,,,,
2.9604157940011646,1788688523.7049742,control,aborted,1,1,0.000907927000298514,3.8850440979003906,3885.0,0,40.0,2.93188732300041,3.8850440979003906,1,1,0,1.0810688100734358,0.4681386351585388,-0.04235042259097099,0.04533383622765541,-0.0004841899499297142,0.00037115736631676555,0.00015760070527903736,-0.01405488234013319,0.013605828396975994,0.008023573085665703,0.0186026468873024,-0.0028940076008439064,-0.0019863443449139595,-0.05228188362780092,-0.0012488713495491573,3.041301346237398,0.4681386351585388,-0.04235042259097099,0.04533383622765541,3.041301346237398,0.0,0.0,0.0,0.0,0.0,0.0,-0.00022149307742891104,0.00018923117772428827,3.055013476244652e-05,0.0,0.0,0.0,-0.05228188362780092,-0.0012488713495491573,3.041301346237398,0.0,0.0,0.0,0.0,0.0,0.0,zero,0.0,0.0,0.0,0.0,-0.00022149307742891104,0.00018923117772428827,3.055013476244652e-05,-0.009502458288300283,0.014364300295053692,0.008171648154876624,1,0.0017802715301513672,,,,,,,,,,,,,,,,,,,,,,2.9604157940011646,2,radio://0/80/2M/E7E7E7E702,0.0,aborted,cf4 起飞前预检失败（电压或 EKF 对齐）,0.0,0.0,0.0,0,0.0,global_abort:cf4 起飞前预检失败（电压或 EKF 对齐）,,,,,
2.9604157940011646,1788688523.7051203,control,aborted,1,1,0.001439133000531001,3.790029287338257,3790.0,0,20.0,2.8940566319997743,nan,1,0,1,1.0,-0.2222658097743988,0.4493931233882904,0.042487505823373795,-0.0005090379854664207,0.0009000572608783841,-0.00045964494347572327,-0.017849134281277657,0.016827423125505447,-0.013591594994068146,-0.00090412562713027,0.006552313920110464,0.006637233309447765,0.0029649374958702996,0.025564081262594487,-0.9867872344803957,-0.2222658097743988,0.4493931233882904,0.042487505823373795,-0.9867872344803957,0.0,0.0,0.0,0.0,0.0,0.0,-0.00035960198366212455,-0.00036446771330199494,5.4851784262933086e-05,0.0,0.0,0.0,0.0029649374958702996,0.025564081262594487,-0.9867872344803957,0.0,0.0,0.0,0.0,0.0,0.0,zero,0.0,0.0,0.0,0.0,-0.00035960198366212455,-0.00036446771330199494,5.4851784262933086e-05,-0.013297861015665624,-0.01383515333685136,-0.006708287061452334,1,0.001926422119140625,,,,,,,,,,,,,,,,,,,,,,2.9604157940011646,4,radio://0/80/2M/E7E7E7E704,2.0943951023931953,aborted,cf4 起飞前预检失败（电压或 EKF 对齐）,0.0,0.0,0.0,0,0.0,global_abort:cf4 起飞前预检失败（电压或 EKF 对齐）,,,,,
2.9604157940011646,1788688523.705268,control,aborted,1,1,0.001196476001496194,3.9747800827026367,3974.0,0,70.0,2.85497530900102,3.9747800827026367,1,1,0,1.0566622335352516,-0.359887957572937,-0.3916325271129608,0.03595851734280586,-0.0003766532754525542,-0.00014477031072601676,0.001260568154975772,-0.008531279861927032,-0.008152819238603115,0.035195447504520416,0.008189724758267403,-0.030649268999695778,0.002173156477510929,-0.008547008217446465,-0.04210085165814421,0.9239565038171113,-0.359887957572937,-0.3916325271129608,0.03595851734280586,0.9239565038171113,0.0,0.0,0.0,0.0,0.0,0.0,-5.040525762789294e-05,0.0003396420049732544,0.00026558814629770093,0.0,0.0,0.0,-0.008547008217446465,-0.04210085165814421,0.9239565038171113,0.0,0.0,0.0,0.0,0.0,0.0,zero,0.0,0.0,0.0,0.0,-5.040525762789294e-05,0.0003396420049732544,0.00026558814629770093,-0.006910024065868347,0.011346704715166236,0.01552955810397953,1,0.002074003219604492,,,,,,,,,,,,,,,,,,,,,,2.9604157940011646,5,radio://0/80/2M/E7E7E7E705,4.1887902047863905,aborted,cf4 起飞前预检失败（电压或 EKF 对齐）,0.0,0.0,0.0,0,0.0,global_abort:cf4 起飞前预检失败（电压或 EKF 对齐）,,,,,
2.9746140019997256,1788688523.7192461,control,aborted,1,1,0.00991751899891824,3.8850440979003906,3885.0,0,40.0,2.946085530998971,3.8850440979003906,1,1,0,1.0810688100734358,0.46813899278640747,-0.042343515902757645,0.045329440385103226,-0.0003746272705029696,0.0005426715360954404,-3.0327122658491135e-05,-0.007345575839281082,0.016987279057502747,-0.0002677678130567074,0.017904099076986313,-0.009696882218122482,0.0007313253590837121,-0.05219705838123335,-0.0014526453144717442,3.041377304062611,0.46813899278640747,-0.042343515902757645,0.045329440385103226,3.041377304062611,0.0,0.0,0.0,0.0,0.0,0.0,-0.0002974808821492714,0.0003019759036802209,9.118658158051925e-05,0.0,0.0,0.0,-0.05219705838123335,-0.0014526453144717442,3.041377304062611,0.0,0.0,0.0,0.0,0.0,0.0,zero,0.0,0.0,0.0,0.0,-0.0002974808821492714,0.0003019759036802209,9.118658158051925e-05,-0.013514075359982463,0.02005112173744369,0.010783908218912387,1,0.01042938232421875,,,,,,,,,,,,,,,,,,,,,,2.9746140019997256,2,radio://0/80/2M/E7E7E7E702,0.0,aborted,cf4 起飞前预检失败（电压或 EKF 对齐）,0.0,0.0,0.0,0,0.0,global_abort:cf4 起飞前预检失败（电压或 EKF 对齐）,,,,,
2.9746140019997256,1788688523.719506,control,aborted,1,1,0.00965448699935223,3.790029287338257,3790.0,0,20.0,2.9082548399983352,nan,1,0,1,1.0,-0.22231179475784302,0.44939836859703064,0.042543258517980576,-0.002043413929641247,0.0009066746570169926,0.0016160106752067804,-0.06887366622686386,0.013697391375899315,0.06298025697469711,0.0006381754064932466,-0.03859557583928108,0.001231522299349308,0.0030002493185753297,0.024332375024555326,-0.9869055778126056,-0.22231179475784302,0.44939836859703064,0.042543258517980576,-0.9869055778126056,0.0,0.0,0.0,0.0,0.0,0.0,-0.0004784657074419019,-0.0004147811815110725,1.4246665772117231e-05,0.0,0.0,0.0,0.0030002493185753297,0.024332375024555326,-0.9869055778126056,0.0,0.0,0.0,0.0,0.0,0.0,zero,0.0,0.0,0.0,0.0,-0.0004784657074419019,-0.0004147811815110725,1.4246665772117231e-05,-0.021139356856530497,-0.008948014796608157,-0.007221430245357144,1,0.010689258575439453,,,,,,,,,,,,,,,,,,,,,,2.9746140019997256,4,radio://0/80/2M/E7E7E7E704,2.0943951023931953,aborted,cf4 起飞前预检失败（电压或 EKF 对齐）,0.0,0.0,0.0,0,0.0,global_abort:cf4 起飞前预检失败（电压或 EKF 对齐）,,,,,
2.9746140019997256,1788688523.7197144,control,aborted,1,1,0.009425181999176857,3.9747800827026367,3974.0,0,70.0,2.869173516999581,3.9747800827026367,1,1,0,1.0566622335352516,-0.3599016070365906,-0.39164867997169495,0.03597509488463402,-0.0007869817782193422,-0.0006905482150614262,0.0015982971526682377,-0.021424848586320877,-0.025941481813788414,0.040173035115003586,-0.023420440033078194,0.007648872211575508,0.00940939411520958,-0.009398022530789456,-0.04119486364111422,0.9241641277493937,-0.3599016070365906,-0.39164867997169495,0.03597509488463402,0.9241641277493937,0.0,0.0,0.0,0.0,0.0,0.0,-0.00012297564871774802,0.0003996352995503439,0.0004248047832440711,0.0,0.0,0.0,-0.009398022530789456,-0.04119486364111422,0.9241641277493937,0.0,0.0,0.0,0.0,0.0,0.0,zero,0.0,0.0,0.0,0.0,-0.00012297564871774802,0.0003996352995503439,0.0004248047832440711,-0.012906304343187906,0.010669526603539042,0.028315933565582943,1,0.010897636413574219,,,,,,,,,,,,,,,,,,,,,,2.9746140019997256,5,radio://0/80/2M/E7E7E7E705,4.1887902047863905,aborted,cf4 起飞前预检失败（电压或 EKF 对齐）,0.0,0.0,0.0,0,0.0,global_abort:cf4 起飞前预检失败（电压或 EKF 对齐）,,,,,
2.9889259270003095,1788688523.733515,control,aborted,1,1,0.004077364999830024,3.8850440979003906,3885.0,0,40.0,2.960397455999555,3.8850440979003906,1,1,0,1.0810688100734358,0.4681434631347656,-0.042376067489385605,0.04530377313494682,-0.0003191281866747886,-0.00042183720506727695,-0.0002553949598222971,-0.007300288882106543,-0.010426423512399197,0.0009326618164777756,0.013061273843050003,0.00706898607313633,-0.0009140372276306152,-0.05229840429656367,-0.0011831650448586475,3.0413836609063853,0.4681434631347656,-0.042376067489385605,0.04530377313494682,3.0413836609063853,0.0,0.0,0.0,0.0,0.0,0.0,-0.0002972713479501716,0.00045776735099862706,-3.9850347490378885e-05,0.0,0.0,0.0,-0.05229840429656367,-0.0011831650448586475,3.0413836609063853,0.0,0.0,0.0,0.0,0.0,0.0,zero,0.0,0.0,0.0,0.0,-0.0002972713479501716,0.00045776735099862706,-3.9850347490378885e-05,0.002997555305725553,0.005925129002581535,-0.011367594424328357,1,0.004842281341552734,,,,,,,,,,,,,,,,,,,,,,2.9889259270003095,2,radio://0/80/2M/E7E7E7E702,0.0,aborted,cf4 起飞前预检失败（电压或 EKF 对齐）,0.0,0.0,0.0,0,0.0,global_abort:cf4 起飞前预检失败（电压或 EKF 对齐）,,,,,
2.9889259270003095,1788688523.7337584,control,aborted,1,1,0.004297714000131236,3.790029287338257,3790.0,0,20.0,2.922566764998919,nan,1,0,1,1.0,-0.2222612500190735,0.4493747353553772,0.0424654558300972,-0.0006955725257284939,0.0003768573806155473,-0.0006072445539757609,-0.02673441171646118,0.004311786033213139,-0.004716943949460983,0.02015073038637638,-0.03934605047106743,0.0007259491831064224,0.004161171615563735,0.024052880086112546,-0.9872125676808776,-0.2222612500190735,0.4493747353553772,0.0424654558300972,-0.9872125676808776,0.0,0.0,0.0,0.0,0.0,0.0,-0.0007382438432360226,-0.0001598306020299384,0.00033104151409093363,0.0,0.0,0.0,0.004161171615563735,0.024052880086112546,-0.9872125676808776,0.0,0.0,0.0,0.0,0.0,0.0,zero,0.0,0.0,0.0,0.0,-0.0007382438432360226,-0.0001598306020299384,0.00033104151409093363,-0.009902129975499269,0.013356779932823092,0.018950647736557576,1,0.00508570671081543,,,,,,,,,,,,,,,,,,,,,,2.9889259270003095,4,radio://0/80/2M/E7E7E7E704,2.0943951023931953,aborted,cf4 起飞前预检失败（电压或 EKF 对齐）,0.0,0.0,0.0,0,0.0,global_abort:cf4 起飞前预检失败（电压或 EKF 对齐）,,,,,
2.9889259270003095,1788688523.73396,control,aborted,1,1,0.004518166999332607,3.9747800827026367,3974.0,0,70.0,2.8834854420001648,3.9747800827026367,1,1,0,1.0566622335352516,-0.3598524332046509,-0.39166441559791565,0.035912469029426575,0.0006784539436921477,-0.001019735704176128,-0.00015119084855541587,0.01906580477952957,-0.0290563702583313,-0.0065147243440151215,-0.04092152416706085,-0.03183617815375328,-0.010563632473349571,-0.010287549311081966,-0.042201430379722904,0.923354925498065,-0.3598524332046509,-0.39166441559791565,0.035912469029426575,0.923354925498065,0.0,0.0,0.0,0.0,0.0,0.0,-0.000392647751931715,0.00021041872169370583,0.000781052519507174,0.0,0.0,0.0,-0.010287549311081966,-0.042201430379722904,0.923354925498065,0.0,0.0,0.0,0.0,0.0,0.0,zero,0.0,0.0,0.0,0.0,-0.000392647751931715,0.00021041872169370583,0.000781052519507174,-0.013405770001743854,-0.012124146112301445,0.014201745778511455,1,0.00528717041015625,,,,,,,,,,,,,,,,,,,,,,2.9889259270003095,5,radio://0/80/2M/E7E7E7E705,4.1887902047863905,aborted,cf4 起飞前预检失败（电压或 EKF 对齐）,0.0,0.0,0.0,0,0.0,global_abort:cf4 起飞前预检失败（电压或 EKF 对齐）,,,,,
3.0032059850000223,1788688523.74779,control,aborted,1,1,0.008171362000211957,3.8850440979003906,3885.0,0,40.0,2.974677513999268,3.8850440979003906,1,1,0,1.0810688100734358,0.4681253135204315,-0.04233013093471527,0.045298125594854355,-0.0006022711750119925,0.0005407055141404271,-0.0003122807538602501,-0.0112531129270792,0.010059919208288193,-0.0003413638914935291,0.008366637863218784,-0.0031641023233532906,-0.0011692135594785213,-0.052407335472566895,-0.0016450615103613814,3.0413849124129513,0.4681253135204315,-0.04233013093471527,0.045298125594854355,3.0413849124129513,0.0,0.0,0.0,0.0,0.0,0.0,-0.0002705080533568412,0.000433849764970464,-0.0001684231213330426,0.0,0.0,0.0,-0.052407335472566895,-0.0016450615103613814,3.0413849124129513,0.0,0.0,0.0,0.0,0.0,0.0,zero,0.0,0.0,0.0,0.0,-0.0002705080533568412,0.000433849764970464,-0.0001684231213330426,0.0025581903729713757,-0.00228618110182927,-0.012289728797159978,1,0.008655548095703125,,,,,,,,,,,,,,,,,,,,,,3.0032059850000223,2,radio://0/80/2M/E7E7E7E702,0.0,aborted,cf4 起飞前预检失败（电压或 EKF 对齐）,0.0,0.0,0.0,0,0.0,global_abort:cf4 起飞前预检失败（电压或 EKF 对齐）,,,,,
3.0032059850000223,1788688523.7480528,control,aborted,1,1,0.0075902339995082,3.790029287338257,3790.0,0,20.0,2.936846822998632,nan,1,0,1,1.0,-0.22230088710784912,0.4493564963340759,0.04245453700423241,-0.0013142055831849575,-4.7191919293254614e-05,-0.0006945322966203094,-0.033214021474123,-0.004657178185880184,-0.0054422467947006226,-0.009660603478550911,-0.020870119333267212,0.0013521806104108691,0.0028136106291554827,0.024607563773139166,-0.9871703048675123,-0.22230088710784912,0.4493564963340759,0.04245453700423241,-0.9871703048675123,0.0,0.0,0.0,0.0,0.0,0.0,-0.0007774811305746678,-5.370842612273231e-05,0.0003526492892417972,0.0,0.0,0.0,0.0028136106291554827,0.024607563773139166,-0.9871703048675123,0.0,0.0,0.0,0.0,0.0,0.0,zero,0.0,0.0,0.0,0.0,-0.0007774811305746678,-5.370842612273231e-05,0.0003526492892417972,-0.0037505266917417703,0.010143770895540067,0.002065396028859792,1,0.008918285369873047,,,,,,,,,,,,,,,,,,,,,,3.0032059850000223,4,radio://0/80/2M/E7E7E7E704,2.0943951023931953,aborted,cf4 起飞前预检失败（电压或 EKF 对齐）,0.0,0.0,0.0,0,0.0,global_abort:cf4 起飞前预检失败（电压或 EKF 对齐）,,,,,
3.0032059850000223,1788688523.748271,control,aborted,1,1,0.007926946998850326,3.9747800827026367,3974.0,0,70.0,2.8977654999998776,3.9747800827026367,1,1,0,1.0566622335352516,-0.35986316204071045,-0.391653835773468,0.0359087698161602,0.0003376585664227605,-0.000613532611168921,-0.00019167104619555175,0.008737613447010517,-0.015479656867682934,-0.005985644645988941,-0.02509479597210884,-0.03772501274943352,-0.006647124886512756,-0.009892069682956821,-0.0428415530604898,0.9234558394322199,-0.35986316204071045,-0.391653835773468,0.0359087698161602,0.9234558394322199,0.0,0.0,0.0,0.0,0.0,0.0,-0.00037919662373721037,2.6617840463264705e-05,0.0007405112783415021,0.0,0.0,0.0,-0.009892069682956821,-0.0428415530604898,0.9234558394322199,0.0,0.0,0.0,0.0,0.0,0.0,zero,0.0,0.0,0.0,0.0,-0.00037919662373721037,2.6617840463264705e-05,0.0007405112783415021,0.00128573657225897,-0.01756875048651696,-0.0038751661345975924,1,0.009136438369750977,,,,,,,,,,,,,,,,,,,,,,3.0032059850000223,5,radio://0/80/2M/E7E7E7E705,4.1887902047863905,aborted,cf4 起飞前预检失败（电压或 EKF 对齐）,0.0,0.0,0.0,0,0.0,global_abort:cf4 起飞前预检失败（电压或 EKF 对齐）,,,,,
3.017562844001077,1788688523.762177,control,aborted,1,1,0.01202474300043832,3.8850440979003906,3885.0,0,40.0,2.9890343730003224,3.8850440979003906,1,1,0,1.0810688100734358,0.4681588411331177,-0.042362622916698456,0.04532064497470856,0.00015008309856057167,-0.00017981696873903275,0.00017460159142501652,0.0051772454753518105,-0.005531862378120422,0.008903255686163902,0.010783038102090359,0.004249760881066322,-0.005487579386681318,-0.05218995875136784,-0.001298388004024017,3.041124905149142,0.4681588411331177,-0.042362622916698456,0.04532064497470856,3.041124905149142,0.0,0.0,0.0,0.0,0.0,0.0,-0.0002684963817472211,0.0003705285479407227,-0.0002362070483558573,0.0,0.0,0.0,-0.05218995875136784,-0.001298388004024017,3.041124905149142,0.0,0.0,0.0,0.0,0.0,0.0,zero,0.0,0.0,0.0,0.0,-0.0002684963817472211,0.0003705285479407227,-0.0002362070483558573,0.00018954850786081178,-0.0059664023424700575,-0.00638689841954216,1,0.012429475784301758,,,,,,,,,,,,,,,,,,,,,,3.017562844001077,2,radio://0/80/2M/E7E7E7E702,0.0,aborted,cf4 起飞前预检失败（电压或 EKF 对齐）,0.0,0.0,0.0,0,0.0,global_abort:cf4 起飞前预检失败（电压或 EKF 对齐）,,,,,
3.017562844001077,1788688523.7624185,control,aborted,1,1,0.011592476001169416,3.790029287338257,3790.0,0,20.0,2.9512036819996865,nan,1,0,1,1.0,-0.2222864180803299,0.4493979215621948,0.042435139417648315,-0.0007786644855514169,0.0007429940742440522,-0.0009212151053361595,-0.0164777934551239,0.011167014017701149,-0.008626123890280724,0.003726180177181959,-0.020020311698317528,0.008500532247126102,0.0034310196489411296,0.024429957661196988,-0.9867770607815383,-0.2222864180803299,0.4493979215621948,0.042435139417648315,-0.9867770607815383,0.0,0.0,0.0,0.0,0.0,0.0,-0.0008380572804527618,5.150734682276921e-05,0.00018820078470012104,0.0,0.0,0.0,0.0034310196489411296,0.024429957661196988,-0.9867770607815383,0.0,0.0,0.0,0.0,0.0,0.0,zero,0.0,0.0,0.0,0.0,-0.0008380572804527618,5.150734682276921e-05,0.00018820078470012104,-0.005707750095212499,0.00991389085070784,-0.015495058192774644,1,0.01267099380493164,,,,,,,,,,,,,,,,,,,,,,3.017562844001077,4,radio://0/80/2M/E7E7E7E704,2.0943951023931953,aborted,cf4 起飞前预检失败（电压或 EKF 对齐）,0.0,0.0,0.0,0,0.0,global_abort:cf4 起飞前预检失败（电压或 EKF 对齐）,,,,,
3.017562844001077,1788688523.7626238,control,aborted,1,1,0.011884278999787057,3.9747800827026367,3974.0,0,70.0,2.912122359000932,3.9747800827026367,1,1,0,1.0566622335352516,-0.3599025011062622,-0.39163681864738464,0.035977352410554886,-0.00047130254097282887,-0.00017010170267894864,0.001139249885454774,-0.008256522938609123,-0.004026315174996853,0.020295556634664536,-0.011289721354842186,0.011495772749185562,0.0039973510429263115,-0.009445635539741854,-0.04062562443658411,0.9239290402485238,-0.3599025011062622,-0.39163681864738464,0.035977352410554886,0.9239290402485238,0.0,0.0,0.0,0.0,0.0,0.0,-0.00027488383713385525,-0.0001708380066458752,0.0006238884960945491,0.0,0.0,0.0,-0.009445635539741854,-0.04062562443658411,0.9239290402485238,0.0,0.0,0.0,0.0,0.0,0.0,zero,0.0,0.0,0.0,0.0,-0.00027488383713385525,-0.0001708380066458752,0.0006238884960945491,0.009828807523511677,-0.0186051545435875,-0.010988709216640248,1,0.012876272201538086,,,,,,,,,,,,,,,,,,,,,,3.017562844001077,5,radio://0/80/2M/E7E7E7E705,4.1887902047863905,aborted,cf4 起飞前预检失败（电压或 EKF 对齐）,0.0,0.0,0.0,0,0.0,global_abort:cf4 起飞前预检失败（电压或 EKF 对齐）,,,,,
3.0317873880012485,1788688523.77638,control,aborted,1,1,0.004838769000343746,3.8850440979003906,3885.0,0,40.0,3.003258917000494,3.8850440979003906,1,1,0,1.0810688100734358,0.46816277503967285,-0.042362015694379807,0.045351557433605194,0.00037567666731774807,2.930693153757602e-05,0.0011175505351275206,0.01337815448641777,0.004177208058536053,0.037268977612257004,-0.02328142151236534,-0.012406246736645699,-0.00046841148287057877,-0.05340258772265125,-0.0015643689725630245,3.0411983936701086,0.46816277503967285,-0.042362015694379807,0.045351557433605194,3.0411983936701086,0.0,0.0,0.0,0.0,0.0,0.0,-0.000147088624602226,0.00011811306747792617,-0.00010798336473985456,0.0,0.0,0.0,-0.05340258772265125,-0.0015643689725630245,3.0411983936701086,0.0,0.0,0.0,0.0,0.0,0.0,zero,0.0,0.0,0.0,0.0,-0.000147088624602226,0.00011811306747792617,-0.00010798336473985456,0.010163110753250151,-0.019036081231003938,0.011911232432877518,1,0.005536079406738281,,,,,,,,,,,,,,,,,,,,,,3.0317873880012485,2,radio://0/80/2M/E7E7E7E702,0.0,aborted,cf4 起飞前预检失败（电压或 EKF 对齐）,0.0,0.0,0.0,0,0.0,global_abort:cf4 起飞前预检失败（电压或 EKF 对齐）,,,,,
3.0317873880012485,1788688523.7766228,control,aborted,1,1,0.005171611001060228,3.790029287338257,3790.0,0,20.0,2.965428225999858,nan,1,0,1,1.0,-0.2222563922405243,0.4493304193019867,0.04243092238903046,0.0008118312689475715,-0.0008742281352169812,-0.0028478773310780525,0.04247617349028587,-0.031056733801960945,-0.10099393874406815,-0.037916820496320724,-0.06945358216762543,-0.017032697796821594,0.0025313852130502074,0.024004555409680432,-0.9876496769577817,-0.2222563922405243,0.4493304193019867,0.04243092238903046,-0.9876496769577817,0.0,0.0,0.0,0.0,0.0,0.0,-0.0008909463886289005,0.00027139821215447466,-0.0002953378225065014,0.0,0.0,0.0,0.0025313852130502074,0.024004555409680432,-0.9876496769577817,0.0,0.0,0.0,0.0,0.0,0.0,zero,0.0,0.0,0.0,0.0,-0.0008909463886289005,0.00027139821215447466,-0.0002953378225065014,-0.0006728632867103661,0.013550061529509364,-0.03565684718707497,1,0.005778789520263672,,,,,,,,,,,,,,,,,,,,,,3.0317873880012485,4,radio://0/80/2M/E7E7E7E704,2.0943951023931953,aborted,cf4 起飞前预检失败（电压或 EKF 对齐）,0.0,0.0,0.0,0,0.0,global_abort:cf4 起飞前预检失败（电压或 EKF 对齐）,,,,,
3.0317873880012485,1788688523.7768223,control,aborted,1,1,0.0046603440005128505,3.9747800827026367,3974.0,0,70.0,2.926346903001104,3.9747800827026367,1,1,0,1.0566622335352516,-0.35987889766693115,-0.3916669487953186,0.03591403737664223,0.0002636187127791345,-0.0012289253063499928,-0.0014274170389398932,0.013935297727584839,-0.03979017585515976,-0.0671619176864624,-0.0605008564889431,-0.03285008668899536,-0.0005336042959243059,-0.010307739817572567,-0.041446610156997375,0.9238694307376789,-0.35987889766693115,-0.3916669487953186,0.03591403737664223,0.9238694307376789,0.0,0.0,0.0,0.0,0.0,0.0,-0.00017314968018626017,-0.0003488476139880453,0.0006016000968061761,0.0,0.0,0.0,-0.010307739817572567,-0.041446610156997375,0.9238694307376789,0.0,0.0,0.0,0.0,0.0,0.0,zero,0.0,0.0,0.0,0.0,-0.00017314968018626017,-0.0003488476139880453,0.0006016000968061761,0.006994362546374698,-0.012461305688258244,-0.0027136428186478163,1,0.00597834587097168,,,,,,,,,,,,,,,,,,,,,,3.0317873880012485,5,radio://0/80/2M/E7E7E7E705,4.1887902047863905,aborted,cf4 起飞前预检失败（电压或 EKF 对齐）,0.0,0.0,0.0,0,0.0,global_abort:cf4 起飞前预检失败（电压或 EKF 对齐）,,,,,
3.0460402450007678,1788688523.7906318,control,aborted,1,1,0.0011879089997819392,3.8850440979003906,3885.0,0,40.0,3.0175117740000132,3.8850440979003906,1,1,0,1.0810688100734358,0.46817052364349365,-0.042304933071136475,0.045338284224271774,0.0005390442092902958,0.0012916678097099066,0.0004516438930295408,0.015345380641520023,0.031007975339889526,0.01073412224650383,-0.005682481452822685,-0.011690467596054077,-0.0010950500145554543,-0.0529236714677069,-0.0018245257224449535,3.0410061842000724,0.46817052364349365,-0.042304933071136475,0.045338284224271774,3.0410061842000724,0.0,0.0,0.0,0.0,0.0,0.0,1.3448435390561018e-05,4.137416004071186e-05,0.00023077942891570544,0.0,0.0,0.0,-0.0529236714677069,-0.0018245257224449535,3.0410061842000724,0.0,0.0,0.0,0.0,0.0,0.0,zero,0.0,0.0,0.0,0.0,1.3448435390561018e-05,4.137416004071186e-05,0.00023077942891570544,0.00941972792594437,-3.713746516739781e-05,0.020715637981677103,1,0.0016126632690429688,,,,,,,,,,,,,,,,,,,,,,3.0460402450007678,2,radio://0/80/2M/E7E7E7E702,0.0,aborted,cf4 起飞前预检失败（电压或 EKF 对齐）,0.0,0.0,0.0,0,0.0,global_abort:cf4 起飞前预检失败（电压或 EKF 对齐）,,,,,
3.0460402450007678,1788688523.7908888,control,aborted,1,1,0.0007195859998319065,3.790029287338257,3790.0,0,20.0,2.9796810829993774,nan,1,0,1,1.0,-0.22226329147815704,0.4493534564971924,0.04243559390306473,0.0008462350233457983,-0.00013272288197185844,-0.001681085559539497,0.03925599902868271,-0.0060137477703392506,-0.04047457128763199,-0.010897031053900719,-0.01763905957341194,-0.0006049689836800098,0.0031375360595448745,0.024962989695400617,-0.9869654029364489,-0.22226329147815704,0.4493534564971924,0.04243559390306473,-0.9869654029364489,0.0,0.0,0.0,0.0,0.0,0.0,-0.0006005297011007866,9.945362293637704e-05,-0.0010189778386270492,0.0,0.0,0.0,0.0031375360595448745,0.024962989695400617,-0.9869654029364489,0.0,0.0,0.0,0.0,0.0,0.0,zero,0.0,0.0,0.0,0.0,-0.0006005297011007866,9.945362293637704e-05,-0.0010189778386270492,0.019512559338153327,-0.012765519019026653,-0.045529878716994716,1,0.0018696784973144531,,,,,,,,,,,,,,,,,,,,,,3.0460402450007678,4,radio://0/80/2M/E7E7E7E704,2.0943951023931953,aborted,cf4 起飞前预检失败（电压或 EKF 对齐）,0.0,0.0,0.0,0,0.0,global_abort:cf4 起飞前预检失败（电压或 EKF 对齐）,,,,,
3.0460402450007678,1788688523.7912314,control,aborted,1,1,0.0009197190011036582,3.9747800827026367,3974.0,0,70.0,2.940599760000623,3.9747800827026367,1,1,0,1.0566622335352516,-0.3598780930042267,-0.3916202485561371,0.03589455410838127,0.0001219166733790189,0.00030281575163826346,-0.0011335014132782817,0.004587794188410044,0.008711360394954681,-0.033119626343250275,0.02415097877383232,0.018243582919239998,0.012613238766789436,-0.00752449905729172,-0.03986775139452431,0.924261314224181,-0.3598780930042267,-0.3916202485561371,0.03589455410838127,0.924261314224181,0.0,0.0,0.0,0.0,0.0,0.0,-1.7465704435316363e-05,-0.000553834391290511,3.806890918393879e-05,0.0,0.0,0.0,-0.00752449905729172,-0.03986775139452431,0.924261314224181,0.0,0.0,0.0,0.0,0.0,0.0,zero,0.0,0.0,0.0,0.0,-1.7465704435316363e-05,-0.000553834391290511,3.806890918393879e-05,0.010068814539822718,-0.010933334761114083,-0.040431627322801186,1,0.0022122859954833984,,,,,,,,,,,,,,,,,,,,,,3.0460402450007678,5,radio://0/80/2M/E7E7E7E705,4.1887902047863905,aborted,cf4 起飞前预检失败（电压或 EKF 对齐）,0.0,0.0,0.0,0,0.0,global_abort:cf4 起飞前预检失败（电压或 EKF 对齐）,,,,,
3.0603470930000185,1788688523.8049111,control,aborted,1,1,0.005991475998598617,3.8850440979003906,3885.0,0,40.0,3.031818621999264,3.8850440979003906,1,1,0,1.0810688100734358,0.468151330947876,-0.042367637157440186,0.04533442109823227,2.5601882953196764e-05,-0.0002919030375778675,0.0002796687767840922,0.0014248117804527283,-0.008662048727273941,0.004952641203999519,-0.0036551188677549362,-0.003105870448052883,0.010967324487864971,-0.052882421497026454,-0.001499751869736435,3.041550148754872,0.468151330947876,-0.042367637157440186,0.04533442109823227,3.041550148754872,0.0,0.0,0.0,0.0,0.0,0.0,9.17899997557618e-05,0.00012036607228994013,0.00036098647882638955,0.0,0.0,0.0,-0.052882421497026454,-0.001499751869736435,3.041550148754872,0.0,0.0,0.0,0.0,0.0,0.0,zero,0.0,0.0,0.0,0.0,9.17899997557618e-05,0.00012036607228994013,0.00036098647882638955,0.008279912732347716,0.008348647940395292,0.013761571129358247,1,0.006430387496948242,,,,,,,,,,,,,,,,,,,,,,3.0603470930000185,2,radio://0/80/2M/E7E7E7E702,0.0,aborted,cf4 起飞前预检失败（电压或 EKF 对齐）,0.0,0.0,0.0,0,0.0,global_abort:cf4 起飞前预检失败（电压或 EKF 对齐）,,,,,
3.0603470930000185,1788688523.8050597,control,aborted,1,1,0.005735093998737284,3.790029287338257,3790.0,0,20.0,2.993987930998628,nan,1,0,1,1.0,-0.22223147749900818,0.4494076371192932,0.04242163524031639,0.001349369646050036,0.001038917456753552,-0.0016398817533627152,0.0420384407043457,0.019951367750763893,-0.03150882199406624,-0.018831968307495117,-0.030692264437675476,-0.019012102857232094,0.002637370309291814,0.02418098736609281,-0.9878445833701176,-0.22223147749900818,0.4494076371192932,0.04242163524031639,-0.9878445833701176,0.0,0.0,0.0,0.0,0.0,0.0,-0.000352125149469461,4.023560909947582e-05,-0.0013406302663429399,0.0,0.0,0.0,0.002637370309291814,0.02418098736609281,-0.9878445833701176,0.0,0.0,0.0,0.0,0.0,0.0,zero,0.0,0.0,0.0,0.0,-0.000352125149469461,4.023560909947582e-05,-0.0013406302663429399,0.026253854215080648,-0.006258746435886862,-0.033995415501536376,1,0.006578922271728516,,,,,,,,,,,,,,,,,,,,,,3.0603470930000185,4,radio://0/80/2M/E7E7E7E704,2.0943951023931953,aborted,cf4 起飞前预检失败（电压或 EKF 对齐）,0.0,0.0,0.0,0,0.0,global_abort:cf4 起飞前预检失败（电压或 EKF 对齐）,,,,,
3.0603470930000185,1788688523.8051708,control,aborted,1,1,0.006188829000166152,3.9747800827026367,3974.0,0,70.0,2.954906607999874,3.9747800827026367,1,1,0,1.0566622335352516,-0.35985732078552246,-0.39164432883262634,0.035961445420980453,0.0005365497199818492,-0.00026667886413633823,0.000506932323332876,0.012433415278792381,-0.005067057441920042,0.008174514397978783,0.0024817176163196564,-0.005561701022088528,0.004184970632195473,-0.008310272954780384,-0.040823651871917714,0.9239892374654748,-0.35985732078552246,-0.39164432883262634,0.035961445420980453,0.9239892374654748,0.0,0.0,0.0,0.0,0.0,0.0,7.078284658993778e-05,-0.0005507042662687984,-0.0002743189362439465,0.0,0.0,0.0,-0.008310272954780384,-0.040823651871917714,0.9239892374654748,0.0,0.0,0.0,0.0,0.0,0.0,zero,0.0,0.0,0.0,0.0,7.078284658993778e-05,-0.0005507042662687984,-0.0002743189362439465,0.009326981241260615,0.0003308226256537494,-0.033016242651620537,1,0.006690025329589844,,,,,,,,,,,,,,,,,,,,,,3.0603470930000185,5,radio://0/80/2M/E7E7E7E705,4.1887902047863905,aborted,cf4 起飞前预检失败（电压或 EKF 对齐）,0.0,0.0,0.0,0,0.0,global_abort:cf4 起飞前预检失败（电压或 EKF 对齐）,,,,,
3.0746152350002376,1788688523.8192065,control,aborted,1,1,0.007132479999199859,3.8850440979003906,3885.0,0,40.0,3.046086763999483,3.8850440979003906,1,1,0,1.0810688100734358,0.4681544601917267,-0.042374998331069946,0.04533768445253372,6.809735350543633e-05,-0.00034553304431028664,0.00027339154621586204,0.0017864778637886047,-0.007745695300400257,0.003866596147418022,0.002173579065129161,0.0010861011687666178,0.003444964997470379,-0.05254690601964653,-0.0012838628951211267,3.041188065548123,0.4681544601917267,-0.042374998331069946,0.04533768445253372,3.041188065548123,0.0,0.0,0.0,0.0,0.0,0.0,0.00014352880856788582,0.00014834197625086985,0.0004092581432773965,0.0,0.0,0.0,-0.05254690601964653,-0.0012838628951211267,3.041188065548123,0.0,0.0,0.0,0.0,0.0,0.0,zero,0.0,0.0,0.0,0.0,0.00014352880856788582,0.00014834197625086985,0.0004092581432773965,0.00393594436847605,0.0021282206563334252,0.0036721870915664484,1,0.00758051872253418,,,,,,,,,,,,,,,,,,,,,,3.0746152350002376,2,radio://0/80/2M/E7E7E7E702,0.0,aborted,cf4 起飞前预检失败（电压或 EKF 对齐）,0.0,0.0,0.0,0,0.0,global_abort:cf4 起飞前预检失败（电压或 EKF 对齐）,,,,,
3.0746152350002376,1788688523.819365,control,aborted,1,1,0.00665456400020048,3.790029287338257,3790.0,0,20.0,3.0082560729988472,nan,1,0,1,1.0,-0.22226567566394806,0.44937562942504883,0.042461395263671875,0.00055912253446877,0.00034409185172989964,-0.0007069007260724902,0.02160603180527687,0.0053883446380496025,-0.011010438203811646,-0.004582490772008896,0.0002011619508266449,-0.008232371881604195,0.0033378869203704964,0.025806470235144825,-0.9873810270862391,-0.22226567566394806,0.44937562942504883,0.042461395263671875,-0.9873810270862391,0.0,0.0,0.0,0.0,0.0,0.0,8.092746754701546e-05,0.00013877467527957676,-0.0015008728249476674,0.0,0.0,0.0,0.0033378869203704964,0.025806470235144825,-0.9873810270862391,0.0,0.0,0.0,0.0,0.0,0.0,zero,0.0,0.0,0.0,0.0,8.092746754701546e-05,0.00013877467527957676,-0.0015008728249476674,0.03294376210687722,0.0074961965980858275,-0.01219018780313853,1,0.007739067077636719,,,,,,,,,,,,,,,,,,,,,,3.0746152350002376,4,radio://0/80/2M/E7E7E7E704,2.0943951023931953,aborted,cf4 起飞前预检失败（电压或 EKF 对齐）,0.0,0.0,0.0,0,0.0,global_abort:cf4 起飞前预检失败（电压或 EKF 对齐）,,,,,
3.0746152350002376,1788688523.8196118,control,aborted,1,1,0.006872824998936267,3.9747800827026367,3974.0,0,70.0,2.969174750000093,3.9747800827026367,1,1,0,1.0566622335352516,-0.3598940968513489,-0.39167794585227966,0.03596891835331917,-0.00013035981100983918,-0.0007248733891174197,0.0005192570388317108,-0.0002012336626648903,-0.011025721207261086,0.006727149710059166,-0.004562003538012505,-0.028524503111839294,0.0028355394024401903,-0.008739717411530016,-0.04240606380690469,0.923969028201617,-0.3598940968513489,-0.39167794585227966,0.03596891835331917,0.923969028201617,0.0,0.0,0.0,0.0,0.0,0.0,0.00015564710300281312,-0.00047620325243333207,-0.00032483081931665084,0.0,0.0,0.0,-0.008739717411530016,-0.04240606380690469,0.923969028201617,0.0,0.0,0.0,0.0,0.0,0.0,zero,0.0,0.0,0.0,0.0,0.00015564710300281312,-0.00047620325243333207,-0.00032483081931665084,0.006455908046241928,0.005667541495132889,-0.003842608020665207,1,0.007985830307006836,,,,,,,,,,,,,,,,,,,,,,3.0746152350002376,5,radio://0/80/2M/E7E7E7E705,4.1887902047863905,aborted,cf4 起飞前预检失败（电压或 EKF 对齐）,0.0,0.0,0.0,0,0.0,global_abort:cf4 起飞前预检失败（电压或 EKF 对齐）,,,,,
3.088923651001096,1788688523.833504,control,aborted,1,1,0.004283260999727645,3.8850440979003906,3885.0,0,40.0,3.0603951800003415,3.8850440979003906,1,1,0,1.0810688100734358,0.4681643843650818,-0.04237835854291916,0.04529930278658867,0.00035612951614893973,-0.00046182010555639863,-0.0006846009637229145,0.009925414808094501,-0.011946270242333412,-0.018790025264024734,-0.011727102100849152,-0.01408233679831028,-0.004220327362418175,-0.053027138937202484,-0.0019035689424890278,3.0409203497158797,0.4681643843650818,-0.04237835854291916,0.04529930278658867,3.0409203497158797,0.0,0.0,0.0,0.0,0.0,0.0,0.00012451243366122446,0.0001541465752150632,0.000360772482551309,0.0,0.0,0.0,-0.053027138937202484,-0.0019035689424890278,3.0409203497158797,0.0,0.0,0.0,0.0,0.0,0.0,zero,0.0,0.0,0.0,0.0,0.00012451243366122446,0.0001541465752150632,0.000360772482551309,-0.0032342192506828005,0.0008426067276009897,-0.0065707827719417465,1,0.005278825759887695,,,,,,,,,,,,,,,,,,,,,,3.088923651001096,2,radio://0/80/2M/E7E7E7E702,0.0,aborted,cf4 起飞前预检失败（电压或 EKF 对齐）,0.0,0.0,0.0,0,0.0,global_abort:cf4 起飞前预检失败（电压或 EKF 对齐）,,,,,
3.088923651001096,1788688523.833705,control,aborted,1,1,0.0045321119996515336,3.790029287338257,3790.0,0,20.0,3.0225644889997056,nan,1,0,1,1.0,-0.22227250039577484,0.449381560087204,0.042439475655555725,0.00026004124083556235,0.00034526517265476286,-0.0008465399732813239,0.008762072771787643,0.0033781565725803375,-0.00786359142512083,-0.006483384873718023,-0.03367898240685463,-0.0028731056954711676,0.003103411233977122,0.024156505162003516,-0.98724884355034,-0.22227250039577484,0.449381560087204,0.042439475655555725,-0.98724884355034,0.0,0.0,0.0,0.0,0.0,0.0,0.0005630319221080136,0.0003081862704828898,-0.00154060133963032,0.0,0.0,0.0,0.003103411233977122,0.024156505162003516,-0.98724884355034,0.0,0.0,0.0,0.0,0.0,0.0,zero,0.0,0.0,0.0,0.0,0.0005630319221080136,0.0003081862704828898,-0.00154060133963032,0.01942130735267299,0.008337681509685972,0.002154374242438076,1,0.0054798126220703125,,,,,,,,,,,,,,,,,,,,,,3.088923651001096,4,radio://0/80/2M/E7E7E7E704,2.0943951023931953,aborted,cf4 起飞前预检失败（电压或 EKF 对齐）,0.0,0.0,0.0,0,0.0,global_abort:cf4 起飞前预检失败（电压或 EKF 对齐）,,,,,
3.088923651001096,1788688523.833816,control,aborted,1,1,0.004780818000654108,3.9747800827026367,3974.0,0,70.0,2.9834831660009513,3.9747800827026367,1,1,0,1.0566622335352516,-0.35988837480545044,-0.3916186988353729,0.03594205528497696,-5.806115223094821e-05,0.0007039460469968617,-0.00022116675972938538,-0.001224135048687458,0.0204370878636837,-0.010787352919578552,-0.035735104233026505,-0.030317869037389755,0.0007050670683383942,-0.010460308444738936,-0.04276618342622598,0.923789166676472,-0.35988837480545044,-0.3916186988353729,0.03594205528497696,0.923789166676472,0.0,0.0,0.0,0.0,0.0,0.0,0.0002560075168169691,-0.000263607194006592,-0.00023091430883417853,0.0,0.0,0.0,-0.010460308444738936,-0.04276618342622598,0.923789166676472,0.0,0.0,0.0,0.0,0.0,0.0,zero,0.0,0.0,0.0,0.0,0.0002560075168169691,-0.000263607194006592,-0.00023091430883417853,0.004857589537655713,0.016311256811836622,0.006580817376296469,1,0.005590915679931641,,,,,,,,,,,,,,,,,,,,,,3.088923651001096,5,radio://0/80/2M/E7E7E7E705,4.1887902047863905,aborted,cf4 起飞前预检失败（电压或 EKF 对齐）,0.0,0.0,0.0,0,0.0,global_abort:cf4 起飞前预检失败（电压或 EKF 对齐）,,,,,
3.1032187239998166,1788688523.8478096,control,aborted,1,1,0.0089526339997974,3.8850440979003906,3885.0,0,40.0,3.074690252999062,3.8850440979003906,1,1,0,1.0810688100734358,0.46816229820251465,-0.042322367429733276,0.045332301408052444,0.00024316800408996642,0.0007506981492042542,0.00011248735245317221,0.005680432543158531,0.014700537547469139,0.0009144721552729607,0.005989472381770611,-0.00806742999702692,0.00429802481085062,-0.052259485413920156,-0.0017237306297108942,3.0412950158853724,0.46816229820251465,-0.042322367429733276,0.045332301408052444,3.0412950158853724,0.0,0.0,0.0,0.0,0.0,0.0,0.00010818053048022913,0.00015994322093613035,0.0002299130203216844,0.0,0.0,0.0,-0.052259485413920156,-0.0017237306297108942,3.0412950158853724,0.0,0.0,0.0,0.0,0.0,0.0,zero,0.0,0.0,0.0,0.0,0.00010818053048022913,0.00015994322093613035,0.0002299130203216844,-0.0016336982313298696,0.0005798448446089884,-0.013090015880457032,1,0.009587526321411133,,,,,,,,,,,,,,,,,,,,,,3.1032187239998166,2,radio://0/80/2M/E7E7E7E702,0.0,aborted,cf4 起飞前预检失败（电压或 EKF 对齐）,0.0,0.0,0.0,0,0.0,global_abort:cf4 起飞前预检失败（电压或 EKF 对齐）,,,,,
3.1032187239998166,1788688523.847986,control,aborted,1,1,0.008727265998459188,3.790029287338257,3790.0,0,20.0,3.036859561998426,nan,1,0,1,1.0,-0.2222558856010437,0.44936567544937134,0.04249901697039604,0.0005404273979365826,-4.157479270361364e-05,0.0005139473942108452,0.01261904463171959,-0.0050365678034722805,0.02092694118618965,0.002778125461190939,-0.000934068113565445,0.0038700406439602375,0.0035092948338343844,0.025455550564605856,-0.9869360430219917,-0.2222558856010437,0.44936567544937134,0.04249901697039604,-0.9869360430219917,0.0,0.0,0.0,0.0,0.0,0.0,0.0006092140792748922,0.0003386609764664684,-0.001399395078269805,0.0,0.0,0.0,0.0035092948338343844,0.025455550564605856,-0.9869360430219917,0.0,0.0,0.0,0.0,0.0,0.0,zero,0.0,0.0,0.0,0.0,0.0006092140792748922,0.0003386609764664684,-0.001399395078269805,0.004619651956443295,0.0030484183449975616,0.014125017573323469,1,0.009763956069946289,,,,,,,,,,,,,,,,,,,,,,3.1032187239998166,4,radio://0/80/2M/E7E7E7E704,2.0943951023931953,aborted,cf4 起飞前预检失败（电压或 EKF 对齐）,0.0,0.0,0.0,0,0.0,global_abort:cf4 起飞前预检失败（电压或 EKF 对齐）,,,,,
3.1032187239998166,1788688523.8480973,control,aborted,1,1,0.009215161999236443,3.9747800827026367,3974.0,0,70.0,2.997778238999672,3.9747800827026367,1,1,0,1.0566622335352516,-0.3598852753639221,-0.3916409909725189,0.03595399856567383,1.5558285667793825e-05,0.00011718194582499564,6.200301868375391e-05,0.0004935171455144882,0.004610910080373287,-0.002964808139950037,-0.024309027940034866,-0.012130246497690678,-0.0033185516949743032,-0.010237907663696368,-0.04216220313106773,0.9235886809421211,-0.3598852753639221,-0.3916409909725189,0.03595399856567383,0.9235886809421211,0.0,0.0,0.0,0.0,0.0,0.0,0.0002608147654054329,-6.007202724849314e-05,-0.000184854495326377,0.0,0.0,0.0,-0.010237907663696368,-0.04216220313106773,0.9235886809421211,0.0,0.0,0.0,0.0,0.0,0.0,zero,0.0,0.0,0.0,0.0,0.0002608147654054329,-6.007202724849314e-05,-0.000184854495326377,0.0004808743616405443,0.020359846507850252,0.004607413785714906,1,0.009875297546386719,,,,,,,,,,,,,,,,,,,,,,3.1032187239998166,5,radio://0/80/2M/E7E7E7E705,4.1887902047863905,aborted,cf4 起飞前预检失败（电压或 EKF 对齐）,0.0,0.0,0.0,0,0.0,global_abort:cf4 起飞前预检失败（电压或 EKF 对齐）,,,,,
3.117533796999851,1788688523.862143,control,aborted,1,1,0.003531841999574681,3.8850440979003906,3885.0,0,40.0,3.0890053259990964,3.8850440979003906,1,1,0,1.0810688100734358,0.4681953191757202,-0.04233837127685547,0.04534345120191574,0.0014710971154272556,0.0008558621630072594,-0.00023584035807289183,0.0514814518392086,0.030423346906900406,-0.021539172157645226,0.023091673851013184,-0.02875255048274994,-0.009508716873824596,-0.052515268714430574,-0.0016517219801967056,3.0409453466935576,0.4681953191757202,-0.04233837127685547,0.04534345120191574,3.0409453466935576,0.0,0.0,0.0,0.0,0.0,0.0,0.00018001824302014583,0.00023412328483410444,3.518595750572648e-05,0.0,0.0,0.0,-0.052515268714430574,-0.0016517219801967056,3.0409453466935576,0.0,0.0,0.0,0.0,0.0,0.0,zero,0.0,0.0,0.0,0.0,0.00018001824302014583,0.00023412328483410444,3.518595750572648e-05,0.00738819123842954,0.006990450592586503,-0.014454696603407593,1,0.003941535949707031,,,,,,,,,,,,,,,,,,,,,,3.117533796999851,2,radio://0/80/2M/E7E7E7E702,0.0,aborted,cf4 起飞前预检失败（电压或 EKF 对齐）,0.0,0.0,0.0,0,0.0,global_abort:cf4 起飞前预检失败（电压或 EKF 对齐）,,,,,
3.117533796999851,1788688523.8624895,control,aborted,1,1,0.0032756330001575407,3.790029287338257,3790.0,0,20.0,3.0511746349984605,nan,1,0,1,1.0,-0.2222566306591034,0.44936373829841614,0.04250623658299446,0.00016292030340991914,0.00010914109589066356,-0.00033238378819078207,-0.00517302518710494,0.004959514364600182,-0.027867797762155533,0.007079921662807465,0.01177709735929966,0.02238747850060463,0.003525203711576998,0.025518063273315687,-0.9866510295845224,-0.2222566306591034,0.44936373829841614,0.04250623658299446,-0.9866510295845224,0.0,0.0,0.0,0.0,0.0,0.0,0.0005646273145308133,0.00019699714646617306,-0.000437644004905038,0.0,0.0,0.0,0.003525203711576998,0.025518063273315687,-0.9866510295845224,0.0,0.0,0.0,0.0,0.0,0.0,zero,0.0,0.0,0.0,0.0,0.0005646273145308133,0.00019699714646617306,-0.000437644004905038,-0.004225201774405543,-0.012536229504956689,0.08094252861261936,1,0.0042879581451416016,,,,,,,,,,,,,,,,,,,,,,3.117533796999851,4,radio://0/80/2M/E7E7E7E704,2.0943951023931953,aborted,cf4 起飞前预检失败（电压或 EKF 对齐）,0.0,0.0,0.0,0,0.0,global_abort:cf4 起飞前预检失败（电压或 EKF 对齐）,,,,,
3.117533796999851,1788688523.8627236,control,aborted,1,1,0.003083962999880896,3.9747800827026367,3974.0,0,70.0,3.012093311999706,3.9747800827026367,1,1,0,1.0566622335352516,-0.35982784628868103,-0.3916485607624054,0.03591297194361687,0.001319010858424008,-0.0006380019476637244,-0.0011162209557369351,0.03732158988714218,-0.030225802212953568,-0.0400894433259964,0.009320227429270744,-0.011882171966135502,-0.016824744641780853,-0.009784177022656802,-0.04324805122528011,0.9232913122377784,-0.35982784628868103,-0.3916485607624054,0.03591297194361687,0.9232913122377784,0.0,0.0,0.0,0.0,0.0,0.0,0.00020551297396962962,0.00025617085681144423,-0.00010267927502162664,0.0,0.0,0.0,-0.009784177022656802,-0.04324805122528011,0.9232913122377784,0.0,0.0,0.0,0.0,0.0,0.0,zero,0.0,0.0,0.0,0.0,0.00020551297396962962,0.00025617085681144423,-0.00010267927502162664,-0.00248866285763789,0.0237564298393981,0.005245946456473827,1,0.004522085189819336,,,,,,,,,,,,,,,,,,,,,,3.117533796999851,5,radio://0/80/2M/E7E7E7E705,4.1887902047863905,aborted,cf4 起飞前预检失败（电压或 EKF 对齐）,0.0,0.0,0.0,0,0.0,global_abort:cf4 起飞前预检失败（电压或 EKF 对齐）,,,,,
3.1318613900002674,1788688523.87646,control,aborted,1,1,0.007002194999586209,3.8850440979003906,3885.0,0,40.0,3.103332918999513,3.8850440979003906,1,1,0,1.0810688100734358,0.4681074619293213,-0.0423324853181839,0.04530809074640274,-0.000567668816074729,0.0008015648927539587,-0.000890810857526958,0.00070219486951828,0.02326051890850067,-0.030236829072237015,0.019080795347690582,-0.028693191707134247,0.004354090895503759,-0.05248577546014779,-0.0019063284397164678,3.0415619384791928,0.4681074619293213,-0.0423324853181839,0.04530809074640274,3.0415619384791928,0.0,0.0,0.0,0.0,0.0,0.0,0.00026800649857056585,0.00031605863091262697,-4.497136522921284e-05,0.0,0.0,0.0,-0.05248577546014779,-0.0019063284397164678,3.0415619384791928,0.0,0.0,0.0,0.0,0.0,0.0,zero,0.0,0.0,0.0,0.0,0.00026800649857056585,0.00031605863091262697,-4.497136522921284e-05,0.008734899223861512,0.008134005912391273,-0.007957495369856732,1,0.008185386657714844,,,,,,,,,,,,,,,,,,,,,,3.1318613900002674,2,radio://0/80/2M/E7E7E7E702,0.0,aborted,cf4 起飞前预检失败（电压或 EKF 对齐）,0.0,0.0,0.0,0,0.0,global_abort:cf4 起飞前预检失败（电压或 EKF 对齐）,,,,,
3.1318613900002674,1788688523.8767898,control,aborted,1,1,0.007543507999798749,3.790029287338257,3790.0,0,20.0,3.065502227998877,nan,1,0,1,1.0,-0.2223050743341446,0.44934213161468506,0.042469460517168045,-0.0008315906161442399,-0.00034172250889241695,-0.0009961548494175076,-0.02388603240251541,-0.004985008854418993,-0.03547447919845581,0.005814432632178068,0.002611887641251087,0.024606486782431602,0.0035413040274878673,0.02517392432511435,-0.9863148335126032,-0.2223050743341446,0.44934213161468506,0.042469460517168045,-0.9863148335126032,0.0,0.0,0.0,0.0,0.0,0.0,0.00046904033205781,0.00012152126192855686,-0.0001658050958019067,0.0,0.0,0.0,0.0035413040274878673,0.02517392432511435,-0.9863148335126032,0.0,0.0,0.0,0.0,0.0,0.0,zero,0.0,0.0,0.0,0.0,0.00046904033205781,0.00012152126192855686,-0.0001658050958019067,-0.00948925119371474,-0.007492752767329273,0.026986391096021304,1,0.008515119552612305,,,,,,,,,,,,,,,,,,,,,,3.1318613900002674,4,radio://0/80/2M/E7E7E7E704,2.0943951023931953,aborted,cf4 起飞前预检失败（电压或 EKF 对齐）,0.0,0.0,0.0,0,0.0,global_abort:cf4 起飞前预检失败（电压或 EKF 对齐）,,,,,
3.1318613900002674,1788688523.8770263,control,aborted,1,1,0.007153798998842831,3.9747800827026367,3974.0,0,70.0,3.0264209050001227,3.9747800827026367,1,1,0,1.0566622335352516,-0.3598315417766571,-0.39166364073753357,0.03591549023985863,0.0009818288963288069,-0.0008098386460915208,-0.0008429719600826502,0.023161983117461205,-0.02759273536503315,-0.026645759120583534,0.003567715873941779,-0.0055416724644601345,-0.010566025972366333,-0.00998621325649714,-0.043046984965769884,0.9234352495505352,-0.3598315417766571,-0.39166364073753357,0.03591549023985863,0.9234352495505352,0.0,0.0,0.0,0.0,0.0,0.0,0.0003182821928856863,0.00022194897039438992,-0.00019132394615064852,0.0,0.0,0.0,-0.00998621325649714,-0.043046984965769884,0.9234352495505352,0.0,0.0,0.0,0.0,0.0,0.0,zero,0.0,0.0,0.0,0.0,0.0003182821928856863,0.00022194897039438992,-0.00019132394615064852,0.011194991384058986,-0.0033973253274934096,-0.008800063874441207,1,0.008751630783081055,,,,,,,,,,,,,,,,,,,,,,3.1318613900002674,5,radio://0/80/2M/E7E7E7E705,4.1887902047863905,aborted,cf4 起飞前预检失败（电压或 EKF 对齐）,0.0,0.0,0.0,0,0.0,global_abort:cf4 起飞前预检失败（电压或 EKF 对齐）,,,,,
3.1460895800009894,1788688523.8906775,control,aborted,1,1,0.0019863070010615047,3.8850440979003906,3885.0,0,40.0,3.117561109000235,3.8850440979003906,1,1,0,1.0810688100734358,0.46813198924064636,-0.04236570745706558,0.04532821103930473,8.887903823051602e-05,-8.301230263896286e-05,-0.00019860465545207262,0.012354319915175438,-0.0007903752848505974,-0.0068527464754879475,0.008386444300413132,-0.001961825415492058,-0.0070001352578401566,-0.05274432335616685,-0.0010797789580876123,3.0410202349204725,0.46813198924064636,-0.04236570745706558,0.04532821103930473,3.0410202349204725,0.0,0.0,0.0,0.0,0.0,0.0,0.00020236574908970742,0.00045434799242551543,-0.00030222086397738656,0.0,0.0,0.0,-0.05274432335616685,-0.0010797789580876123,3.0410202349204725,0.0,0.0,0.0,0.0,0.0,0.0,zero,0.0,0.0,0.0,0.0,0.00020236574908970742,0.00045434799242551543,-0.00030222086397738656,-0.007507643022421306,0.003918798499038232,-0.012470228965854969,1,0.0023145675659179688,,,,,,,,,,,,,,,,,,,,,,3.1460895800009894,2,radio://0/80/2M/E7E7E7E702,0.0,aborted,cf4 起飞前预检失败（电压或 EKF 对齐）,0.0,0.0,0.0,0,0.0,global_abort:cf4 起飞前预检失败（电压或 EKF 对齐）,,,,,
3.1460895800009894,1788688523.8909385,control,aborted,1,1,0.00159544500093034,3.790029287338257,3790.0,0,20.0,3.079730417999599,nan,1,0,1,1.0,-0.22226499021053314,0.4493356943130493,0.04248855262994766,0.00021837084204889834,-0.00038276275154203176,-8.515152148902416e-05,0.004017905332148075,-0.004994920454919338,-0.0019194111227989197,0.006563762202858925,0.008745917119085789,-0.004766551312059164,0.003638690890597586,0.025433096240085724,-0.9874681073231621,-0.22226499021053314,0.4493356943130493,0.04248855262994766,-0.9874681073231621,0.0,0.0,0.0,0.0,0.0,0.0,7.890431789656603e-05,-3.739860430774025e-05,-0.000299565723557321,0.0,0.0,0.0,0.003638690890597586,0.025433096240085724,-0.9874681073231621,0.0,0.0,0.0,0.0,0.0,0.0,zero,0.0,0.0,0.0,0.0,7.890431789656603e-05,-3.739860430774025e-05,-0.000299565723557321,-0.019676248154417625,-0.007711308303867025,-0.015040561380153824,1,0.0025756359100341797,,,,,,,,,,,,,,,,,,,,,,3.1460895800009894,4,radio://0/80/2M/E7E7E7E704,2.0943951023931953,aborted,cf4 起飞前预检失败（电压或 EKF 对齐）,0.0,0.0,0.0,0,0.0,global_abort:cf4 起飞前预检失败（电压或 EKF 对齐）,,,,,
3.1460895800009894,1788688523.8911622,control,aborted,1,1,0.0018044490007014247,3.9747800827026367,3974.0,0,70.0,3.0406490950008447,3.9747800827026367,1,1,0,1.0566622335352516,-0.3598983585834503,-0.3916405141353607,0.03593789041042328,-0.0006764273857697845,-0.00020747349481098354,-0.0001779625890776515,-0.016915131360292435,-0.009287125431001186,-0.006161148194223642,7.335841655731201e-05,0.007174614816904068,0.005822950042784214,-0.010040421267427156,-0.042435153062202996,0.9240366329190174,-0.3598983585834503,-0.3916405141353607,0.03593789041042328,0.9240366329190174,0.0,0.0,0.0,0.0,0.0,0.0,0.0005625052262521109,-2.177962217332684e-06,-0.00039260178247060894,0.0,0.0,0.0,-0.010040421267427156,-0.042435153062202996,0.9240366329190174,0.0,0.0,0.0,0.0,0.0,0.0,zero,0.0,0.0,0.0,0.0,0.0005625052262521109,-2.177962217332684e-06,-0.00039260178247060894,0.008158451108501268,-0.009922091543173505,-0.007171012293181772,1,0.0027992725372314453,,,,,,,,,,,,,,,,,,,,,,3.1460895800009894,5,radio://0/80/2M/E7E7E7E705,4.1887902047863905,aborted,cf4 起飞前预检失败（电压或 EKF 对齐）,0.0,0.0,0.0,0,0.0,global_abort:cf4 起飞前预检失败（电压或 EKF 对齐）,,,,,
3.1604239770003915,1788688523.9050124,control,aborted,1,1,0.0038869500003784196,3.8850440979003906,3885.0,0,40.0,3.131895505999637,3.8850440979003906,1,1,0,1.0810688100734358,0.4681490957736969,-0.042370591312646866,0.04533696547150612,0.0003477685386314988,-0.00014539681433234364,-1.7297628801316023e-05,0.014070495963096619,-0.0016412497498095036,-0.0025499046314507723,0.013500107452273369,-0.008021564222872257,0.0002998756244778633,-0.052324920090973365,-0.001459013377247882,3.041405486390604,0.4681490957736969,-0.042370591312646866,0.04533696547150612,3.041405486390604,0.0,0.0,0.0,0.0,0.0,0.0,0.00013644372652974105,0.0003771395663612069,-0.0003501979035423574,0.0,0.0,0.0,-0.052324920090973365,-0.001459013377247882,3.041405486390604,0.0,0.0,0.0,0.0,0.0,0.0,zero,0.0,0.0,0.0,0.0,0.00013644372652974105,0.0003771395663612069,-0.0003501979035423574,-0.005330782041169067,-0.006243456664518266,-0.003879661620951561,1,0.00428318977355957,,,,,,,,,,,,,,,,,,,,,,3.1604239770003915,2,radio://0/80/2M/E7E7E7E702,0.0,aborted,cf4 起飞前预检失败（电压或 EKF 对齐）,0.0,0.0,0.0,0,0.0,global_abort:cf4 起飞前预检失败（电压或 EKF 对齐）,,,,,
3.1604239770003915,1788688523.905264,control,aborted,1,1,0.0036413239995454205,3.790029287338257,3790.0,0,20.0,3.094064814999001,nan,1,0,1,1.0,-0.2222486138343811,0.44935038685798645,0.04249386116862297,0.00043955305591225624,-6.858653796371073e-05,1.773418625816703e-05,0.006791521329432726,0.001085259485989809,0.00012844952289015055,0.003167254151776433,-0.012961454689502716,-0.005265010520815849,0.0035075109638243477,0.024199387245589756,-0.987562364401274,-0.2222486138343811,0.44935038685798645,0.04249386116862297,-0.987562364401274,0.0,0.0,0.0,0.0,0.0,0.0,-9.656326056301212e-06,-0.00011209521088316739,-0.00041677327273256933,0.0,0.0,0.0,0.0035075109638243477,0.024199387245589756,-0.987562364401274,0.0,0.0,0.0,0.0,0.0,0.0,zero,0.0,0.0,0.0,0.0,-9.656326056301212e-06,-0.00011209521088316739,-0.00041677327273256933,-0.007161453365737775,-0.00604033846968729,-0.009477984351352295,1,0.004534721374511719,,,,,,,,,,,,,,,,,,,,,,3.1604239770003915,4,radio://0/80/2M/E7E7E7E704,2.0943951023931953,aborted,cf4 起飞前预检失败（电压或 EKF 对齐）,0.0,0.0,0.0,0,0.0,global_abort:cf4 起飞前预检失败（电压或 EKF 对齐）,,,,,
3.1604239770003915,1788688523.905472,control,aborted,1,1,0.0034402900000714,3.9747800827026367,3974.0,0,70.0,3.0549834920002468,3.9747800827026367,1,1,0,1.0566622335352516,-0.3598865270614624,-0.3916565179824829,0.03592490777373314,-0.0003497897705528885,-0.00042481024865992367,-0.0003523392661008984,-0.008249369449913502,-0.01094470452517271,-0.0077491262927651405,0.0005066109588369727,0.009000811725854874,-0.01325451023876667,-0.009965717742233995,-0.04224460580214561,0.9229260718048179,-0.3598865270614624,-0.3916565179824829,0.03592490777373314,0.9229260718048179,0.0,0.0,0.0,0.0,0.0,0.0,0.00043402910061782,-8.13621644664193e-05,-0.00039192865527360517,0.0,0.0,0.0,-0.009965717742233995,-0.04224460580214561,0.9229260718048179,0.0,0.0,0.0,0.0,0.0,0.0,zero,0.0,0.0,0.0,0.0,0.00043402910061782,-8.13621644664193e-05,-0.00039192865527360517,-0.01038921739130888,-0.006403227736372194,5.4432407166300936e-05,1,0.004742860794067383,,,,,,,,,,,,,,,,,,,,,,3.1604239770003915,5,radio://0/80/2M/E7E7E7E705,4.1887902047863905,aborted,cf4 起飞前预检失败（电压或 EKF 对齐）,0.0,0.0,0.0,0,0.0,global_abort:cf4 起飞前预检失败（电压或 EKF 对齐）,,,,,
3.174685597001371,1788688523.9192717,control,aborted,1,1,9.854800009634346e-05,3.8850440979003906,3885.0,0,40.0,3.1461571260006167,3.8850440979003906,1,1,0,1.0810688100734358,0.46816420555114746,-0.042344991117715836,0.04530508816242218,0.0014909188030287623,0.002615509321913123,-0.0012603042414411902,0.12769684195518494,0.2771497964859009,-0.10265221446752548,0.010971617884933949,0.002605886198580265,-0.04827165603637695,-0.05249099121695183,-0.0014652767990189636,3.0412191987087445,0.46816420555114746,-0.042344991117715836,0.04530508816242218,3.0412191987087445,0.0,0.0,0.0,0.0,0.0,0.0,0.00017578345698184475,2.2695132942697417e-05,-0.0002537827789399656,0.0,0.0,0.0,-0.05249099121695183,-0.0014652767990189636,3.0412191987087445,0.0,0.0,0.0,0.0,0.0,0.0,zero,0.0,0.0,0.0,0.0,0.00017578345698184475,2.2695132942697417e-05,-0.0002537827789399656,0.010224532863141659,-0.08348783410935065,0.02258277220343955,1,0.0007958412170410156,,,,,,,,,,,,,,,,,,,,,,3.174685597001371,2,radio://0/80/2M/E7E7E7E702,0.0,aborted,cf4 起飞前预检失败（电压或 EKF 对齐）,0.0,0.0,0.0,0,0.0,global_abort:cf4 起飞前预检失败（电压或 EKF 对齐）,,,,,
3.174685597001371,1788688523.9195116,control,aborted,1,1,0.00031959800071490463,3.790029287338257,3790.0,0,20.0,3.108326434999981,nan,1,0,1,1.0,-0.22225558757781982,0.44935107231140137,0.04245739057660103,0.0006093725096434355,0.002524140290915966,-0.0048707458190619946,0.04264061152935028,0.29346469044685364,-0.5093251466751099,-0.02572023682296276,0.08150051534175873,0.02818145602941513,0.0034649673617735206,0.025340478533387004,-0.9869742085213338,-0.22225558757781982,0.44935107231140137,0.04245739057660103,-0.9869742085213338,0.0,0.0,0.0,0.0,0.0,0.0,0.00013098868002229782,-0.0002321525470312578,-0.00023631719220456823,0.0,0.0,0.0,0.0034649673617735206,0.025340478533387004,-0.9869742085213338,0.0,0.0,0.0,0.0,0.0,0.0,zero,0.0,0.0,0.0,0.0,0.00013098868002229782,-0.0002321525470312578,-0.00023631719220456823,0.033981015934682744,-0.02738636011647535,0.04132119853568279,1,0.0010356903076171875,,,,,,,,,,,,,,,,,,,,,,3.174685597001371,4,radio://0/80/2M/E7E7E7E704,2.0943951023931953,aborted,cf4 起飞前预检失败（电压或 EKF 对齐）,0.0,0.0,0.0,0,0.0,global_abort:cf4 起飞前预检失败（电压或 EKF 对齐）,,,,,
3.174685597001371,1788688523.919715,control,aborted,1,1,0.0005132230016897665,3.9747800827026367,3974.0,0,70.0,3.0692451120012265,3.9747800827026367,1,1,0,1.0566622335352516,-0.3598569929599762,-0.3916282057762146,0.035929396748542786,-0.0005536380340345204,0.0009025241597555578,-1.1068288586102426e-05,-0.07435295730829239,0.098124198615551,0.020114455372095108,0.033105626702308655,0.06339336931705475,-0.030348703265190125,-0.009556542034647142,-0.04256661906527614,0.923353446504234,-0.3598569929599762,-0.3916282057762146,0.035929396748542786,0.923353446504234,0.0,0.0,0.0,0.0,0.0,0.0,-9.861106687980478e-05,-0.00026126646739153847,-0.00032498177816673055,0.0,0.0,0.0,-0.009556542034647142,-0.04256661906527614,0.923353446504234,0.0,0.0,0.0,0.0,0.0,0.0,zero,0.0,0.0,0.0,0.0,-9.861106687980478e-05,-0.00026126646739153847,-0.00032498177816673055,-0.12705265935276094,-0.04226007568547802,0.016171104487202537,1,0.0012390613555908203,,,,,,,,,,,,,,,,,,,,,,3.174685597001371,5,radio://0/80/2M/E7E7E7E705,4.1887902047863905,aborted,cf4 起飞前预检失败（电压或 EKF 对齐）,0.0,0.0,0.0,0,0.0,global_abort:cf4 起飞前预检失败（电压或 EKF 对齐）,,,,,
3.188998491001257,1788688523.9335763,control,aborted,1,1,0.00504304000060074,3.8850440979003906,3885.0,0,40.0,3.1604700200005027,3.8850440979003906,1,1,0,1.0810688100734358,0.46814239025115967,-0.042384758591651917,0.04531729593873024,0.0007414602441713214,0.0012697711354121566,-0.0007557113422080874,0.08665405213832855,0.19388169050216675,-0.07168368250131607,0.0027898880653083324,0.017750846222043037,-0.03318645805120468,-0.052780668912003295,-0.0006951892299039654,3.041441519846098,0.46814239025115967,-0.042384758591651917,0.04531729593873024,3.041441519846098,0.0,0.0,0.0,0.0,0.0,0.0,0.00030178977855096817,0.0001485653889272416,-0.00031720668910779817,0.0,0.0,0.0,-0.052780668912003295,-0.0006951892299039654,3.041441519846098,0.0,0.0,0.0,0.0,0.0,0.0,zero,0.0,0.0,0.0,0.0,0.00030178977855096817,0.0001485653889272416,-0.00031720668910779817,0.013034795505910832,0.013020720124229212,-0.00656092241189219,1,0.005433559417724609,,,,,,,,,,,,,,,,,,,,,,3.188998491001257,2,radio://0/80/2M/E7E7E7E702,0.0,aborted,cf4 起飞前预检失败（电压或 EKF 对齐）,0.0,0.0,0.0,0,0.0,global_abort:cf4 起飞前预检失败（电压或 EKF 对齐）,,,,,
3.188998491001257,1788688523.933806,control,aborted,1,1,0.004657336001400836,3.790029287338257,3790.0,0,20.0,3.122639328999867,nan,1,0,1,1.0,-0.22223936021327972,0.44932815432548523,0.042550064623355865,0.0008231799583882093,0.0015452270163223147,-0.0019795261323451996,0.03853534534573555,0.21452179551124573,-0.3476518988609314,-0.03860344737768173,0.056498728692531586,0.02762139029800892,0.0025996375880458934,0.024919083389073796,-0.9867300243400757,-0.22223936021327972,0.44932815432548523,0.042550064623355865,-0.9867300243400757,0.0,0.0,0.0,0.0,0.0,0.0,0.0002272831573713776,-1.64725276247136e-05,-0.0005567069991292354,0.0,0.0,0.0,0.0025996375880458934,0.024919083389073796,-0.9867300243400757,0.0,0.0,0.0,0.0,0.0,0.0,zero,0.0,0.0,0.0,0.0,0.0002272831573713776,-1.64725276247136e-05,-0.0005567069991292354,0.0099612369043347,0.022311142113080107,-0.03314290555772109,1,0.005663156509399414,,,,,,,,,,,,,,,,,,,,,,3.188998491001257,4,radio://0/80/2M/E7E7E7E704,2.0943951023931953,aborted,cf4 起飞前预检失败（电压或 EKF 对齐）,0.0,0.0,0.0,0,0.0,global_abort:cf4 起飞前预检失败（电压或 EKF 对齐）,,,,,
3.188998491001257,1788688523.934011,control,aborted,1,1,0.004862499999944703,3.9747800827026367,3974.0,0,70.0,3.0835580060011125,3.9747800827026367,1,1,0,1.0566622335352516,-0.3598814904689789,-0.3916276693344116,0.03597141429781914,-0.0009496698621660471,0.0007331162923946977,0.0008603272726759315,-0.06767474114894867,0.07499496638774872,0.03411739319562912,0.05769820511341095,0.13763202726840973,-0.014762728475034237,-0.008064746263961637,-0.03836101561569953,0.9237767647379174,-0.3598814904689789,-0.3916276693344116,0.03597141429781914,0.9237767647379174,0.0,0.0,0.0,0.0,0.0,0.0,-0.00028729820403218336,-0.000187164223059757,-0.00024233303290802118,0.0,0.0,0.0,-0.008064746263961637,-0.03836101561569953,0.9237767647379174,0.0,0.0,0.0,0.0,0.0,0.0,zero,0.0,0.0,0.0,0.0,-0.00028729820403218336,-0.000187164223059757,-0.00024233303290802118,-0.019518848076426037,0.00766554875474198,0.008549646397513584,1,0.005868196487426758,,,,,,,,,,,,,,,,,,,,,,3.188998491001257,5,radio://0/80/2M/E7E7E7E705,4.1887902047863905,aborted,cf4 起飞前预检失败（电压或 EKF 对齐）,0.0,0.0,0.0,0,0.0,global_abort:cf4 起飞前预检失败（电压或 EKF 对齐）,,,,,
3.203266053000334,1788688523.947857,control,aborted,1,1,0.0193106019996776,3.8850440979003906,3885.0,0,40.0,3.1747375819995796,3.8850440979003906,1,1,0,1.0810688100734358,0.46814239025115967,-0.042384758591651917,0.04531729593873024,0.0007414602441713214,0.0012697711354121566,-0.0007557113422080874,0.08665405213832855,0.19388169050216675,-0.07168368250131607,0.0027898880653083324,0.017750846222043037,-0.03318645805120468,-0.052780668912003295,-0.0006951892299039654,3.041441519846098,0.46814239025115967,-0.042384758591651917,0.04531729593873024,3.041441519846098,0.0,0.0,0.0,0.0,0.0,0.0,0.00030178977855096817,0.0001485653889272416,-0.00031720668910779817,0.0,0.0,0.0,-0.052780668912003295,-0.0006951892299039654,3.041441519846098,0.0,0.0,0.0,0.0,0.0,0.0,zero,0.0,0.0,0.0,0.0,0.00030178977855096817,0.0001485653889272416,-0.00031720668910779817,0.013034795505910832,0.013020720124229212,-0.00656092241189219,1,0.0197141170501709,,,,,,,,,,,,,,,,,,,,,,3.203266053000334,2,radio://0/80/2M/E7E7E7E702,0.0,aborted,cf4 起飞前预检失败（电压或 EKF 对齐）,0.0,0.0,0.0,0,0.0,global_abort:cf4 起飞前预检失败（电压或 EKF 对齐）,,,,,
3.203266053000334,1788688523.9480884,control,aborted,1,1,0.018924898000477697,3.790029287338257,3790.0,0,20.0,3.1369068909989437,nan,1,0,1,1.0,-0.22223936021327972,0.44932815432548523,0.042550064623355865,0.0008231799583882093,0.0015452270163223147,-0.0019795261323451996,0.03853534534573555,0.21452179551124573,-0.3476518988609314,-0.03860344737768173,0.056498728692531586,0.02762139029800892,0.0025996375880458934,0.024919083389073796,-0.9867300243400757,-0.22223936021327972,0.44932815432548523,0.042550064623355865,-0.9867300243400757,0.0,0.0,0.0,0.0,0.0,0.0,0.0002272831573713776,-1.64725276247136e-05,-0.0005567069991292354,0.0,0.0,0.0,0.0025996375880458934,0.024919083389073796,-0.9867300243400757,0.0,0.0,0.0,0.0,0.0,0.0,zero,0.0,0.0,0.0,0.0,0.0002272831573713776,-1.64725276247136e-05,-0.0005567069991292354,0.0099612369043347,0.022311142113080107,-0.03314290555772109,1,0.019945621490478516,,,,,,,,,,,,,,,,,,,,,,3.203266053000334,4,radio://0/80/2M/E7E7E7E704,2.0943951023931953,aborted,cf4 起飞前预检失败（电压或 EKF 对齐）,0.0,0.0,0.0,0,0.0,global_abort:cf4 起飞前预检失败（电压或 EKF 对齐）,,,,,
3.203266053000334,1788688523.9483018,control,aborted,1,1,0.019130061999021564,3.9747800827026367,3974.0,0,70.0,3.0978255680001894,3.9747800827026367,1,1,0,1.0566622335352516,-0.3598814904689789,-0.3916276693344116,0.03597141429781914,-0.0009496698621660471,0.0007331162923946977,0.0008603272726759315,-0.06767474114894867,0.07499496638774872,0.03411739319562912,0.05769820511341095,0.13763202726840973,-0.014762728475034237,-0.008064746263961637,-0.03836101561569953,0.9237767647379174,-0.3598814904689789,-0.3916276693344116,0.03597141429781914,0.9237767647379174,0.0,0.0,0.0,0.0,0.0,0.0,-0.00028729820403218336,-0.000187164223059757,-0.00024233303290802118,0.0,0.0,0.0,-0.008064746263961637,-0.03836101561569953,0.9237767647379174,0.0,0.0,0.0,0.0,0.0,0.0,zero,0.0,0.0,0.0,0.0,-0.00028729820403218336,-0.000187164223059757,-0.00024233303290802118,-0.019518848076426037,0.00766554875474198,0.008549646397513584,1,0.020159006118774414,,,,,,,,,,,,,,,,,,,,,,3.203266053000334,5,radio://0/80/2M/E7E7E7E705,4.1887902047863905,aborted,cf4 起飞前预检失败（电压或 EKF 对齐）,0.0,0.0,0.0,0,0.0,global_abort:cf4 起飞前预检失败（电压或 EKF 对齐）,,,,,
3.217465906000143,1788688523.9620507,control,aborted,1,1,0.012022142998830532,3.8850440979003906,3885.0,0,40.0,3.1889374349993886,3.8850440979003906,1,1,0,1.0810688100734358,0.468119740486145,-0.04236069321632385,0.04530377686023712,-0.010317248292267323,-0.0012035103281959891,-0.0011904005659744143,-2.450968027114868,-0.44979310035705566,-0.1529826670885086,-0.01845058612525463,-0.0839570015668869,0.016957271844148636,-0.0525480661582326,-0.0023871365736369316,3.0411727945243934,0.468119740486145,-0.04236069321632385,0.04530377686023712,3.0411727945243934,0.0,0.0,0.0,0.0,0.0,0.0,0.0009732791738807381,0.0015820232653782605,-0.0008634090861448841,0.0,0.0,0.0,-0.0525480661582326,-0.0023871365736369316,3.0411727945243934,0.0,0.0,0.0,0.0,0.0,0.0,zero,0.0,0.0,0.0,0.0,0.0009732791738807381,0.0015820232653782605,-0.0008634090861448841,0.3640367729295168,0.7817725265267793,-0.29815864019978316,1,0.012920141220092773,,,,,,,,,,,,,,,,,,,,,,3.217465906000143,2,radio://0/80/2M/E7E7E7E702,0.0,aborted,cf4 起飞前预检失败（电压或 EKF 对齐）,0.0,0.0,0.0,0,0.0,global_abort:cf4 起飞前预检失败（电压或 EKF 对齐）,,,,,
3.217465906000143,1788688523.9622815,control,aborted,1,1,0.01261840599909192,3.790029287338257,3790.0,0,20.0,3.151106743998753,nan,1,0,1,1.0,-0.22225147485733032,0.449341744184494,0.04247225448489189,0.002055967692285776,0.004219296388328075,-0.006512370891869068,0.37922507524490356,0.8060784339904785,-1.2038426399230957,-0.13338923454284668,0.27725979685783386,0.042662061750888824,0.002975713931331233,0.025889692817608823,-0.986917312853656,-0.22225147485733032,0.449341744184494,0.04247225448489189,-0.986917312853656,0.0,0.0,0.0,0.0,0.0,0.0,0.0006994588320462726,0.0016982911327588735,-0.0027551216216922594,0.0,0.0,0.0,0.002975713931331233,0.025889692817608823,-0.986917312853656,0.0,0.0,0.0,0.0,0.0,0.0,zero,0.0,0.0,0.0,0.0,0.0006994588320462726,0.0016982911327588735,-0.0027551216216922594,0.25798229643342974,0.9364127614948665,-1.2005144186792613,1,0.013150930404663086,,,,,,,,,,,,,,,,,,,,,,3.217465906000143,4,radio://0/80/2M/E7E7E7E704,2.0943951023931953,aborted,cf4 起飞前预检失败（电压或 EKF 对齐）,0.0,0.0,0.0,0,0.0,global_abort:cf4 起飞前预检失败（电压或 EKF 对齐）,,,,,
3.217465906000143,1788688523.962479,control,aborted,1,1,0.012196010999105056,3.9747800827026367,3974.0,0,70.0,3.1120254209999985,3.9747800827026367,1,1,0,1.0566622335352516,-0.3598923683166504,-0.39165541529655457,0.035908862948417664,-0.003177925478667021,0.0009772247867658734,-0.016905566677451134,-0.5857549905776978,0.20153680443763733,-3.9618301391601562,-0.017012113705277443,-0.12035908550024033,-0.1451667994260788,-0.009351107029603139,-0.04223446792901949,0.923438348406336,-0.3598923683166504,-0.39165541529655457,0.035908862948417664,0.923438348406336,0.0,0.0,0.0,0.0,0.0,0.0,-0.000869693850532463,0.0006367906226832582,0.000610286489892049,0.0,0.0,0.0,-0.009351107029603139,-0.04223446792901949,0.923438348406336,0.0,0.0,0.0,0.0,0.0,0.0,zero,0.0,0.0,0.0,0.0,-0.000869693850532463,0.0006367906226832582,0.000610286489892049,-0.3184000673879356,0.4497433664113401,0.4618309988755573,1,0.013348579406738281,,,,,,,,,,,,,,,,,,,,,,3.217465906000143,5,radio://0/80/2M/E7E7E7E705,4.1887902047863905,aborted,cf4 起飞前预检失败（电压或 EKF 对齐）,0.0,0.0,0.0,0,0.0,global_abort:cf4 起飞前预检失败（电压或 EKF 对齐）,,,,,
3.2318487820011796,1788688523.9764583,control,aborted,1,1,0.0077557810000143945,3.8850440979003906,3885.0,0,40.0,3.203320311000425,3.8850440979003906,1,1,0,1.0810688100734358,0.4681580662727356,-0.04233458265662193,0.04534256085753441,-0.00664894562214613,-0.0004983017570339143,0.0010204326827079058,-1.503308892250061,-0.27765655517578125,-0.01280616968870163,-0.031428366899490356,-0.03906600922346115,-0.00621233694255352,-0.05305689475824772,-0.0017274972489562147,3.0409302362603574,0.4681580662727356,-0.04233458265662193,0.04534256085753441,3.0409302362603574,0.0,0.0,0.0,0.0,0.0,0.0,-0.00253585703722621,0.0011256940538355608,-0.0011185415611354942,0.0,0.0,0.0,-0.05305689475824772,-0.0017274972489562147,3.0409302362603574,0.0,0.0,0.0,0.0,0.0,0.0,zero,0.0,0.0,0.0,0.0,-0.00253585703722621,0.0011256940538355608,-0.0011185415611354942,-0.3315153478551533,-0.04867690324575153,-0.0194869157112744,1,0.008489847183227539,,,,,,,,,,,,,,,,,,,,,,3.2318487820011796,2,radio://0/80/2M/E7E7E7E702,0.0,aborted,cf4 起飞前预检失败（电压或 EKF 对齐）,0.0,0.0,0.0,0,0.0,global_abort:cf4 起飞前预检失败（电压或 EKF 对齐）,,,,,
3.2318487820011796,1788688523.9767108,control,aborted,1,1,0.008113415000480018,3.790029287338257,3790.0,0,20.0,3.1654896199997893,nan,1,0,1,1.0,-0.22223560512065887,0.44937410950660706,0.0424715131521225,0.002082276623696089,0.0041036480106413364,-0.005194872617721558,0.25737038254737854,0.5368576645851135,-0.7692111134529114,-0.11093075573444366,0.1546745002269745,0.0413578525185585,0.003051816953837922,0.025276998419571647,-0.9869535733649507,-0.22223560512065887,0.44937410950660706,0.0424715131521225,-0.9869535733649507,0.0,0.0,0.0,0.0,0.0,0.0,0.001274481807755553,0.003052525282799346,-0.0045861098313667295,0.0,0.0,0.0,0.003051816953837922,0.025276998419571647,-0.9869535733649507,0.0,0.0,0.0,0.0,0.0,0.0,zero,0.0,0.0,0.0,0.0,0.001274481807755553,0.003052525282799346,-0.0045861098313667295,0.052645412984935074,0.1210051865249137,-0.16243011778964858,1,0.008742332458496094,,,,,,,,,,,,,,,,,,,,,,3.2318487820011796,4,radio://0/80/2M/E7E7E7E704,2.0943951023931953,aborted,cf4 起飞前预检失败（电压或 EKF 对齐）,0.0,0.0,0.0,0,0.0,global_abort:cf4 起飞前预检失败（电压或 EKF 对齐）,,,,,
3.2318487820011796,1788688523.9769175,control,aborted,1,1,0.007922652001070674,3.9747800827026367,3974.0,0,70.0,3.126408297001035,3.9747800827026367,1,1,0,1.0566622335352516,-0.3598523437976837,-0.3916477859020233,0.035998061299324036,-0.0002972797956317663,0.0004356321587692946,-0.009256403893232346,-0.2756527066230774,0.10569614917039871,-2.354512929916382,0.00991866271942854,-0.026719503104686737,-0.08084526658058167,-0.00884835812498314,-0.04101500217357843,0.9243877096605061,-0.3598523437976837,-0.3916477859020233,0.035998061299324036,0.9243877096605061,0.0,0.0,0.0,0.0,0.0,0.0,-0.0018030920721296049,0.0010115455479575459,-0.004839611035847269,0.0,0.0,0.0,-0.00884835812498314,-0.04101500217357843,0.9243877096605061,0.0,0.0,0.0,0.0,0.0,0.0,zero,0.0,0.0,0.0,0.0,-0.0018030920721296049,0.0010115455479575459,-0.004839611035847269,-0.08288761585288047,0.031847023706747704,-0.5124862040777657,1,0.008949041366577148,,,,,,,,,,,,,,,,,,,,,,3.2318487820011796,5,radio://0/80/2M/E7E7E7E705,4.1887902047863905,aborted,cf4 起飞前预检失败（电压或 EKF 对齐）,0.0,0.0,0.0,0,0.0,global_abort:cf4 起飞前预检失败（电压或 EKF 对齐）,,,,,
3.24606609500006,1788688523.9906232,control,aborted,1,1,0.001516102000095998,3.8850440979003906,3885.0,0,40.0,3.2175376239993057,3.8850440979003906,1,1,0,1.0810688100734358,0.4681759774684906,-0.04234180599451065,0.045356933027505875,-0.0038334254641085863,-0.0005235792486928403,0.0008367749978788197,-0.910507082939148,-0.17981913685798645,-0.012974180281162262,-0.01838887296617031,-0.028662648051977158,-0.0066580153070390224,-0.05286267609238473,-0.0018572024470880522,3.040891093104454,0.4681759774684906,-0.04234180599451065,0.045356933027505875,3.040891093104454,0.0,0.0,0.0,0.0,0.0,0.0,-0.005034292334986845,0.00041698730366437474,-0.0005019092107809776,0.0,0.0,0.0,-0.05286267609238473,-0.0018572024470880522,3.040891093104454,0.0,0.0,0.0,0.0,0.0,0.0,zero,0.0,0.0,0.0,0.0,-0.005034292334986845,0.00041698730366437474,-0.0005019092107809776,-0.09895917392951874,-0.03437284142605471,0.04082593540811316,1,0.002357959747314453,,,,,,,,,,,,,,,,,,,,,,3.24606609500006,2,radio://0/80/2M/E7E7E7E702,0.0,aborted,cf4 起飞前预检失败（电压或 EKF 对齐）,0.0,0.0,0.0,0,0.0,global_abort:cf4 起飞前预检失败（电压或 EKF 对齐）,,,,,
3.24606609500006,1788688523.990775,control,aborted,1,1,0.0009658149992901599,3.790029287338257,3790.0,0,20.0,3.17970693299867,nan,1,0,1,1.0,-0.22228245437145233,0.4493103623390198,0.04252123460173607,0.00035716837737709284,0.0015033112140372396,-0.002663655439391732,0.13132941722869873,0.2982005774974823,-0.45278605818748474,-0.08945750445127487,0.09983246773481369,0.021959638223052025,0.00228621458495308,0.02537497146460432,-0.9873071894323439,-0.22228245437145233,0.4493103623390198,0.04252123460173607,-0.9873071894323439,0.0,0.0,0.0,0.0,0.0,0.0,0.0016492298146549979,0.0035445410726648637,-0.004938730186447476,0.0,0.0,0.0,0.00228621458495308,0.02537497146460432,-0.9873071894323439,0.0,0.0,0.0,0.0,0.0,0.0,zero,0.0,0.0,0.0,0.0,0.0016492298146549979,0.0035445410726648637,-0.004938730186447476,0.013498739348801555,0.009589834943029651,0.005155996642830062,1,0.0025098323822021484,,,,,,,,,,,,,,,,,,,,,,3.24606609500006,4,radio://0/80/2M/E7E7E7E704,2.0943951023931953,aborted,cf4 起飞前预检失败（电压或 EKF 对齐）,0.0,0.0,0.0,0,0.0,global_abort:cf4 起飞前预检失败（电压或 EKF 对齐）,,,,,
3.24606609500006,1788688523.9908931,control,aborted,1,1,0.001860911999756354,3.9747800827026367,3974.0,0,70.0,3.1406256099999155,3.9747800827026367,1,1,0,1.0566622335352516,-0.35985860228538513,-0.39164572954177856,0.03596844896674156,-0.00022829632507637143,0.00027156283613294363,-0.0063011827878654,-0.17361073195934296,0.06381348520517349,-1.451865553855896,0.011982375755906105,-0.01210745982825756,-0.06031975522637367,-0.00856976856652412,-0.040938971760168974,0.9238480099219816,-0.35985860228538513,-0.39164572954177856,0.03596844896674156,0.9238480099219816,0.0,0.0,0.0,0.0,0.0,0.0,-0.0017352394528858776,0.000968033243797596,-0.008254274062472105,0.0,0.0,0.0,-0.00856976856652412,-0.040938971760168974,0.9238480099219816,0.0,0.0,0.0,0.0,0.0,0.0,zero,0.0,0.0,0.0,0.0,-0.0017352394528858776,0.000968033243797596,-0.008254274062472105,0.016153371673881204,-0.006943174874159461,-0.1275428128509207,1,0.002627849578857422,,,,,,,,,,,,,,,,,,,,,,3.24606609500006,5,radio://0/80/2M/E7E7E7E705,4.1887902047863905,aborted,cf4 起飞前预检失败（电压或 EKF 对齐）,0.0,0.0,0.0,0,0.0,global_abort:cf4 起飞前预检失败（电压或 EKF 对齐）,,,,,
3.260383347000243,1788688524.0049736,control,aborted,1,1,0.005690005000360543,3.8850440979003906,3885.0,0,40.0,3.2318548759994883,3.8850440979003906,1,1,0,1.0810688100734358,0.4681786596775055,-0.042342301458120346,0.04534289613366127,-0.003016064874827862,-0.00042822433169931173,0.0004042172513436526,-0.7129630446434021,-0.1420537531375885,-0.018551772460341454,-0.01980731263756752,-0.006642257794737816,0.0021987860091030598,-0.05313291258021345,-0.0009752146358411062,3.0412431687191033,0.4681786596775055,-0.042342301458120346,0.04534289613366127,3.0412431687191033,0.0,0.0,0.0,0.0,0.0,0.0,-0.00540459092204798,0.0001056958302251375,-6.76441798154645e-05,0.0,0.0,0.0,-0.05313291258021345,-0.0009752146358411062,3.0412431687191033,0.0,0.0,0.0,0.0,0.0,0.0,zero,0.0,0.0,0.0,0.0,-0.00540459092204798,0.0001056958302251375,-6.76441798154645e-05,-0.03498467946626578,-0.029409867602479704,0.041028033707371896,1,0.006123781204223633,,,,,,,,,,,,,,,,,,,,,,3.260383347000243,2,radio://0/80/2M/E7E7E7E702,0.0,aborted,cf4 起飞前预检失败（电压或 EKF 对齐）,0.0,0.0,0.0,0,0.0,global_abort:cf4 起飞前预检失败（电压或 EKF 对齐）,,,,,
3.260383347000243,1788688524.0052109,control,aborted,1,1,0.005364970000300673,3.790029287338257,3790.0,0,20.0,3.1940241849988524,nan,1,0,1,1.0,-0.2222519963979721,0.44934964179992676,0.042493786662817,0.0008611853118054569,0.0019447662634775043,-0.0026495056226849556,0.11458606272935867,0.2469009906053543,-0.3619615137577057,-0.0377020426094532,0.051435716450214386,0.039908938109874725,0.004107600144687326,0.02386641539915109,-0.9861291305353298,-0.2222519963979721,0.44934964179992676,0.042493786662817,-0.9861291305353298,0.0,0.0,0.0,0.0,0.0,0.0,0.0015967544877692106,0.0033280917901873,-0.004537310410503915,0.0,0.0,0.0,0.004107600144687326,0.02386641539915109,-0.9861291305353298,0.0,0.0,0.0,0.0,0.0,0.0,zero,0.0,0.0,0.0,0.0,0.0015967544877692106,0.0033280917901873,-0.004537310410503915,-0.004957708603634759,-0.020449467086220852,0.03792491433537972,1,0.0063610076904296875,,,,,,,,,,,,,,,,,,,,,,3.260383347000243,4,radio://0/80/2M/E7E7E7E704,2.0943951023931953,aborted,cf4 起飞前预检失败（电压或 EKF 对齐）,0.0,0.0,0.0,0,0.0,global_abort:cf4 起飞前预检失败（电压或 EKF 对齐）,,,,,
3.260383347000243,1788688524.0054102,control,aborted,1,1,0.005145994999111281,3.9747800827026367,3974.0,0,70.0,3.154942862000098,3.9747800827026367,1,1,0,1.0566622335352516,-0.35988980531692505,-0.3916183412075043,0.035920627415180206,-0.0007721642032265663,0.0007347053033299744,-0.005944451782852411,-0.14916402101516724,0.05980106443166733,-1.1547526121139526,0.0200412105768919,-0.013478902168571949,-0.057817742228507996,-0.007995665826477314,-0.04114391601588861,0.9233431340965079,-0.35988980531692505,-0.3916183412075043,0.035920627415180206,0.9233431340965079,0.0,0.0,0.0,0.0,0.0,0.0,-0.0014467157385775465,0.000850698883460378,-0.008685344696371836,0.0,0.0,0.0,-0.007995665826477314,-0.04114391601588861,0.9233431340965079,0.0,0.0,0.0,0.0,0.0,0.0,zero,0.0,0.0,0.0,0.0,-0.0014467157385775465,0.000850698883460378,-0.008685344696371836,0.02725883926159006,-0.011085391978822728,-0.04072623682955694,1,0.006560325622558594,,,,,,,,,,,,,,,,,,,,,,3.260383347000243,5,radio://0/80/2M/E7E7E7E705,4.1887902047863905,aborted,cf4 起飞前预检失败（电压或 EKF 对齐）,0.0,0.0,0.0,0,0.0,global_abort:cf4 起飞前预检失败（电压或 EKF 对齐）,,,,,
3.2746122520002245,1788688524.0191967,control,aborted,1,1,0.006490599998869584,3.8850440979003906,3885.0,0,40.0,3.24608378099947,3.8850440979003906,1,1,0,1.0810688100734358,0.4681915044784546,-0.04234565421938896,0.04532578960061073,-0.002221260452643037,-0.0003925888449884951,6.821486749686301e-05,-0.5585152506828308,-0.1131114736199379,-0.01985318772494793,-0.019457915797829628,-0.0035414951853454113,-0.0034570591524243355,-0.05337474569642108,-0.0008751764876353873,3.0408876427245963,0.4681915044784546,-0.04234565421938896,0.04532578960061073,3.0408876427245963,0.0,0.0,0.0,0.0,0.0,0.0,-0.004988034200794471,-0.00016295326435095445,0.00024174216518904325,0.0,0.0,0.0,-0.05337474569642108,-0.0008751764876353873,3.0408876427245963,0.0,0.0,0.0,0.0,0.0,0.0,zero,0.0,0.0,0.0,0.0,-0.004988034200794471,-0.00016295326435095445,0.00024174216518904325,0.031065690904864413,-0.020035134012142044,0.023073209658394888,1,0.006937980651855469,,,,,,,,,,,,,,,,,,,,,,3.2746122520002245,2,radio://0/80/2M/E7E7E7E702,0.0,aborted,cf4 起飞前预检失败（电压或 EKF 对齐）,0.0,0.0,0.0,0,0.0,global_abort:cf4 起飞前预检失败（电压或 EKF 对齐）,,,,,
3.2746122520002245,1788688524.0194335,control,aborted,1,1,0.006281541998760076,3.790029287338257,3790.0,0,20.0,3.208253089998834,nan,1,0,1,1.0,-0.22224022448062897,0.4493723511695862,0.042454082518815994,0.0008645367342978716,0.0018945431802421808,-0.0027118264697492123,0.09171883761882782,0.19677166640758514,-0.2904987931251526,-0.04597862809896469,0.046387191861867905,0.01848641037940979,0.0030255456614107284,0.024220837275631877,-0.9870292534109582,-0.22224022448062897,0.4493723511695862,0.042454082518815994,-0.9870292534109582,0.0,0.0,0.0,0.0,0.0,0.0,0.001365187079251397,0.002868590640429387,-0.003909371554979051,0.0,0.0,0.0,0.0030255456614107284,0.024220837275631877,-0.9870292534109582,0.0,0.0,0.0,0.0,0.0,0.0,zero,0.0,0.0,0.0,0.0,0.001365187079251397,0.002868590640429387,-0.003909371554979051,-0.017269680621182046,-0.03426837201390826,0.04683000752979784,1,0.00717473030090332,,,,,,,,,,,,,,,,,,,,,,3.2746122520002245,4,radio://0/80/2M/E7E7E7E704,2.0943951023931953,aborted,cf4 起飞前预检失败（电压或 EKF 对齐）,0.0,0.0,0.0,0,0.0,global_abort:cf4 起飞前预检失败（电压或 EKF 对齐）,,,,,
3.2746122520002245,1788688524.0196326,control,aborted,1,1,0.006058420000044862,3.9747800827026367,3974.0,0,70.0,3.16917176700008,3.9747800827026367,1,1,0,1.0566622335352516,-0.35986316204071045,-0.3916066288948059,0.03588378056883812,-0.00022032359265722334,0.0007624636637046933,-0.005305164493620396,-0.11110003292560577,0.048254892230033875,-0.9142665266990662,0.00744977593421936,-0.026503238826990128,-0.05005135387182236,-0.008560857221219742,-0.04219990335578528,0.9230970919479012,-0.35986316204071045,-0.3916066288948059,0.03588378056883812,0.9230970919479012,0.0,0.0,0.0,0.0,0.0,0.0,-0.0010910775995750066,0.0007450818892793366,-0.00819131300948973,0.0,0.0,0.0,-0.008560857221219742,-0.04219990335578528,0.9230970919479012,0.0,0.0,0.0,0.0,0.0,0.0,zero,0.0,0.0,0.0,0.0,-0.0010910775995750066,0.0007450818892793366,-0.00819131300948973,0.026522545277838393,-0.007876634148779694,0.036843567511537195,1,0.007373809814453125,,,,,,,,,,,,,,,,,,,,,,3.2746122520002245,5,radio://0/80/2M/E7E7E7E705,4.1887902047863905,aborted,cf4 起飞前预检失败（电压或 EKF 对齐）,0.0,0.0,0.0,0,0.0,global_abort:cf4 起飞前预检失败（电压或 EKF 对齐）,,,,,
3.2889367990010214,1788688524.0335214,control,aborted,1,1,0.004683560000557918,3.8850440979003906,3885.0,0,40.0,3.260408328000267,3.8850440979003906,1,1,0,1.0810688100734358,0.4681686758995056,-0.042346611618995667,0.04530107229948044,-0.0018024713499471545,-0.0007663191063329577,-0.0003633697924669832,-0.3435567021369934,-0.09625475108623505,-0.018814830109477043,-0.015125812031328678,-0.03763843700289726,-0.007074611261487007,-0.052874258897965,-0.002111631422352697,3.040845085709463,0.4681686758995056,-0.042346611618995667,0.04530107229948044,3.040845085709463,0.0,0.0,0.0,0.0,0.0,0.0,-0.0037990586183126534,-0.0004237601868896251,0.0004269139455096303,0.0,0.0,0.0,-0.052874258897965,-0.002111631422352697,3.040845085709463,0.0,0.0,0.0,0.0,0.0,0.0,zero,0.0,0.0,0.0,0.0,-0.0037990586183126534,-0.0004237601868896251,0.0004269139455096303,0.09855438028438075,-0.018336508209745465,0.009926658793576357,1,0.005065441131591797,,,,,,,,,,,,,,,,,,,,,,3.2889367990010214,2,radio://0/80/2M/E7E7E7E702,0.0,aborted,cf4 起飞前预检失败（电压或 EKF 对齐）,0.0,0.0,0.0,0,0.0,global_abort:cf4 起飞前预检失败（电压或 EKF 对齐）,,,,,
3.2889367990010214,1788688524.0337486,control,aborted,1,1,0.004173348999756854,3.790029287338257,3790.0,0,20.0,3.222577636999631,nan,1,0,1,1.0,-0.22226294875144958,0.4493682384490967,0.04244394972920418,0.0013085756218060851,0.0012039081193506718,-0.0018087506759911776,0.10733069479465485,0.11179524660110474,-0.1595960259437561,-0.03835831210017204,-0.012459889054298401,0.00592151889577508,0.002665149228552434,0.023513692512797835,-0.987386016289054,-0.22226294875144958,0.4493682384490967,0.04244394972920418,-0.987386016289054,0.0,0.0,0.0,0.0,0.0,0.0,0.0008609340422706912,0.002113547041363622,-0.002950741277676353,0.0,0.0,0.0,0.002665149228552434,0.023513692512797835,-0.987386016289054,0.0,0.0,0.0,0.0,0.0,0.0,zero,0.0,0.0,0.0,0.0,0.0008609340422706912,0.002113547041363622,-0.002950741277676353,-0.04175175619202991,-0.060123733163541325,0.07509400959870331,1,0.005292654037475586,,,,,,,,,,,,,,,,,,,,,,3.2889367990010214,4,radio://0/80/2M/E7E7E7E704,2.0943951023931953,aborted,cf4 起飞前预检失败（电压或 EKF 对齐）,0.0,0.0,0.0,0,0.0,global_abort:cf4 起飞前预检失败（电压或 EKF 对齐）,,,,,
3.2889367990010214,1788688524.0339472,control,aborted,1,1,0.00439413900130603,3.9747800827026367,3974.0,0,70.0,3.1834963140008767,3.9747800827026367,1,1,0,1.0566622335352516,-0.3598220944404602,-0.39161786437034607,0.03593483939766884,0.00160879734903574,0.0012478022836148739,-0.0030507680494338274,-0.0018602162599563599,0.07295916229486465,-0.5546305179595947,-0.03048357553780079,-0.04032453894615173,-0.021588675677776337,-0.009186619841675996,-0.04139846364227631,0.9236549239826273,-0.3598220944404602,-0.39161786437034607,0.03593483939766884,0.9236549239826273,0.0,0.0,0.0,0.0,0.0,0.0,-0.0005455900739277322,0.0005486605103678529,-0.006641661558065502,0.0,0.0,0.0,-0.009186619841675996,-0.04139846364227631,0.9236549239826273,0.0,0.0,0.0,0.0,0.0,0.0,zero,0.0,0.0,0.0,0.0,-0.0005455900739277322,0.0005486605103678529,-0.006641661558065502,0.04451915701001384,-0.016345784781245366,0.13355761874348096,1,0.0054912567138671875,,,,,,,,,,,,,,,,,,,,,,3.2889367990010214,5,radio://0/80/2M/E7E7E7E705,4.1887902047863905,aborted,cf4 起飞前预检失败（电压或 EKF 对齐）,0.0,0.0,0.0,0,0.0,global_abort:cf4 起飞前预检失败（电压或 EKF 对齐）,,,,,
3.303215318999719,1788688524.0478113,control,aborted,1,1,0.0022617869999521645,3.8850440979003906,3885.0,0,40.0,3.2746868479989644,3.8850440979003906,1,1,0,1.0810688100734358,0.468166321516037,-0.042347826063632965,0.045347824692726135,-0.001470325980335474,-0.0006276782951317728,0.00027224523364566267,-0.27084603905677795,-0.07533443719148636,-0.007398484740406275,-0.012070282362401485,-0.02086176723241806,-0.0009154640138149261,-0.05287234188022805,-0.001323751596010885,3.0411979501512993,0.468166321516037,-0.042347826063632965,0.045347824692726135,3.0411979501512993,0.0,0.0,0.0,0.0,0.0,0.0,-0.00290934669151563,-0.0004888968434479553,0.00022623516765070197,0.0,0.0,0.0,-0.05287234188022805,-0.001323751596010885,3.0411979501512993,0.0,0.0,0.0,0.0,0.0,0.0,zero,0.0,0.0,0.0,0.0,-0.00290934669151563,-0.0004888968434479553,0.00022623516765070197,0.05356513547895649,-0.003921554525804622,-0.012081872345426306,1,0.002745389938354492,,,,,,,,,,,,,,,,,,,,,,3.303215318999719,2,radio://0/80/2M/E7E7E7E702,0.0,aborted,cf4 起飞前预检失败（电压或 EKF 对齐）,0.0,0.0,0.0,0,0.0,global_abort:cf4 起飞前预检失败（电压或 EKF 对齐）,,,,,
3.303215318999719,1788688524.0480618,control,aborted,1,1,0.0019671229983941885,3.790029287338257,3790.0,0,20.0,3.2368561569983285,nan,1,0,1,1.0,-0.2222760170698166,0.4493738114833832,0.042496178299188614,0.0008895060745999217,0.0010302308946847916,-0.0008181213052012026,0.08081858605146408,0.08734496682882309,-0.11574875563383102,-0.01729533262550831,0.005359631963074207,0.015187556855380535,0.003798364224994933,0.024783836677980967,-0.9865136757760592,-0.2222760170698166,0.4493738114833832,0.042496178299188614,-0.9865136757760592,0.0,0.0,0.0,0.0,0.0,0.0,0.000712354179973259,0.0016760293618510481,-0.002370202340916593,0.0,0.0,0.0,0.003798364224994933,0.024783836677980967,-0.9865136757760592,0.0,0.0,0.0,0.0,0.0,0.0,zero,0.0,0.0,0.0,0.0,0.000712354179973259,0.0016760293618510481,-0.002370202340916593,-0.008945255440216593,-0.026340766119544504,0.03495136556199072,1,0.0029959678649902344,,,,,,,,,,,,,,,,,,,,,,3.303215318999719,4,radio://0/80/2M/E7E7E7E704,2.0943951023931953,aborted,cf4 起飞前预检失败（电压或 EKF 对齐）,0.0,0.0,0.0,0,0.0,global_abort:cf4 起飞前预检失败（电压或 EKF 对齐）,,,,,
3.303215318999719,1788688524.0482628,control,aborted,1,1,0.001674508999712998,3.9747800827026367,3974.0,0,70.0,3.197774833999574,3.9747800827026367,1,1,0,1.0566622335352516,-0.3598487079143524,-0.3916269838809967,0.03588559851050377,0.0009665875695645809,0.0008884347043931484,-0.0030335192568600178,-0.00922095961868763,0.05404021963477135,-0.4434967339038849,-0.022387858480215073,-0.04258747026324272,-0.013834623619914055,-0.009032872436564225,-0.04225355733843258,0.9239483768942468,-0.3598487079143524,-0.3916269838809967,0.03588559851050377,0.9239483768942468,0.0,0.0,0.0,0.0,0.0,0.0,5.6597997094180524e-05,0.0005756161340288186,-0.005105547531881227,0.0,0.0,0.0,-0.009032872436564225,-0.04225355733843258,0.9239483768942468,0.0,0.0,0.0,0.0,0.0,0.0,zero,0.0,0.0,0.0,0.0,5.6597997094180524e-05,0.0005756161340288186,-0.005105547531881227,0.0362547523940961,0.0016228641988844516,0.09248179488826574,1,0.0031969547271728516,,,,,,,,,,,,,,,,,,,,,,3.303215318999719,5,radio://0/80/2M/E7E7E7E705,4.1887902047863905,aborted,cf4 起飞前预检失败（电压或 EKF 对齐）,0.0,0.0,0.0,0,0.0,global_abort:cf4 起飞前预检失败（电压或 EKF 对齐）,,,,,
3.3174748600013118,1788688524.0620713,control,aborted,1,1,0.0010979660000884905,3.8850440979003906,3885.0,0,40.0,3.2889463890005572,3.8850440979003906,1,1,0,1.0810688100734358,0.46819648146629333,-0.04232895374298096,0.04538358375430107,-8.539878763258457e-06,9.683813550509512e-05,0.0010257076937705278,-0.1325448751449585,-0.029676757752895355,0.0130313066765666,-0.015502664260566235,-0.025053653866052628,-0.01047965232282877,-0.05321951799657915,-0.0016329824972137013,3.040909648733053,0.46819648146629333,-0.04232895374298096,0.04538358375430107,3.040909648733053,0.0,0.0,0.0,0.0,0.0,0.0,-0.0017106908305001432,-0.0005567787486925121,6.994183536194185e-05,0.0,0.0,0.0,-0.05321951799657915,-0.0016329824972137013,3.040909648733053,0.0,0.0,0.0,0.0,0.0,0.0,zero,0.0,0.0,0.0,0.0,-0.0017106908305001432,-0.0005567787486925121,6.994183536194185e-05,0.07315001515885101,-0.0023116930928360436,-0.004627985889089038,1,0.0018911361694335938,,,,,,,,,,,,,,,,,,,,,,3.3174748600013118,2,radio://0/80/2M/E7E7E7E702,0.0,aborted,cf4 起飞前预检失败（电压或 EKF 对齐）,0.0,0.0,0.0,0,0.0,global_abort:cf4 起飞前预检失败（电压或 EKF 对齐）,,,,,
3.3174748600013118,1788688524.0623155,control,aborted,1,1,0.0014713100008520996,3.790029287338257,3790.0,0,20.0,3.2511156979999214,nan,1,0,1,1.0,-0.22226940095424652,0.4493330121040344,0.04253591597080231,0.0004181376425549388,-0.00042932399082928896,0.000864038709551096,0.031500618904829025,0.018023425713181496,-0.021389231085777283,-0.02617894671857357,0.016514234244823456,-0.00920878630131483,0.003065550859381128,0.02527727150263137,-0.9872826704674822,-0.22226940095424652,0.4493330121040344,0.04253591597080231,-0.9872826704674822,0.0,0.0,0.0,0.0,0.0,0.0,0.0006893914177074606,0.0010576164161188175,-0.0015174452903832236,0.0,0.0,0.0,0.003065550859381128,0.02527727150263137,-0.9872826704674822,0.0,0.0,0.0,0.0,0.0,0.0,zero,0.0,0.0,0.0,0.0,0.0006893914177074606,0.0010576164161188175,-0.0015174452903832236,0.0025355753211888906,-0.03964336464211243,0.05437224140703016,1,0.0021352767944335938,,,,,,,,,,,,,,,,,,,,,,3.3174748600013118,4,radio://0/80/2M/E7E7E7E704,2.0943951023931953,aborted,cf4 起飞前预检失败（电压或 EKF 对齐）,0.0,0.0,0.0,0,0.0,global_abort:cf4 起飞前预检失败（电压或 EKF 对齐）,,,,,
3.3174748600013118,1788688524.0625167,control,aborted,1,1,0.0008974490010587033,3.9747800827026367,3974.0,0,70.0,3.212034375001167,3.9747800827026367,1,1,0,1.0566622335352516,-0.35982784628868103,-0.39161527156829834,0.03593851253390312,0.0014239546144381166,0.000935397925786674,-0.0011326288804411888,0.013982975855469704,0.03828340396285057,-0.25231021642684937,0.010052382946014404,-0.004663113970309496,-0.005807272624224424,-0.00804446355791085,-0.04121710582853122,0.9240081514639514,-0.35982784628868103,-0.39161527156829834,0.03593851253390312,0.9240081514639514,0.0,0.0,0.0,0.0,0.0,0.0,0.0008037484289692773,0.0006647941145465954,-0.0029079335947517805,0.0,0.0,0.0,-0.00804446355791085,-0.04121710582853122,0.9240081514639514,0.0,0.0,0.0,0.0,0.0,0.0,zero,0.0,0.0,0.0,0.0,0.0008037484289692773,0.0006647941145465954,-0.0029079335947517805,0.04157718288606734,0.0057137962359994545,0.13854660073959166,1,0.0023365020751953125,,,,,,,,,,,,,,,,,,,,,,3.3174748600013118,5,radio://0/80/2M/E7E7E7E705,4.1887902047863905,aborted,cf4 起飞前预检失败（电压或 EKF 对齐）,0.0,0.0,0.0,0,0.0,global_abort:cf4 起飞前预检失败（电压或 EKF 对齐）,,,,,
3.3317897409997386,1788688524.0763845,control,aborted,1,1,0.0031548369988740887,3.8850440979003906,3885.0,0,40.0,3.303261269998984,3.8850440979003906,1,1,0,1.0810688100734358,0.46813341975212097,-0.042344700545072556,0.045360445976257324,-0.0010085412068292499,-0.0001726609334582463,0.00045303208753466606,-0.12192051112651825,-0.028022289276123047,0.0013283295556902885,0.004089088179171085,-0.02205336093902588,-0.0041765193454921246,-0.05218178730695392,-0.0017454196819996317,3.0411808149789747,0.46813341975212097,-0.042344700545072556,0.045360445976257324,3.0411808149789747,0.0,0.0,0.0,0.0,0.0,0.0,-0.0012338766065137503,-0.00046425532465769055,0.00021360465857944477,0.0,0.0,0.0,-0.05218178730695392,-0.0017454196819996317,3.0411808149789747,0.0,0.0,0.0,0.0,0.0,0.0,zero,0.0,0.0,0.0,0.0,-0.0012338766065137503,-0.00046425532465769055,0.00021360465857944477,0.03787409679045193,0.00734927974249959,0.011411361905773527,1,0.0036149024963378906,,,,,,,,,,,,,,,,,,,,,,3.3317897409997386,2,radio://0/80/2M/E7E7E7E702,0.0,aborted,cf4 起飞前预检失败（电压或 EKF 对齐）,0.0,0.0,0.0,0,0.0,global_abort:cf4 起飞前预检失败（电压或 EKF 对齐）,,,,,
3.3317897409997386,1788688524.0766225,control,aborted,1,1,0.002828878999935114,3.790029287338257,3790.0,0,20.0,3.265430578998348,nan,1,0,1,1.0,-0.2222849279642105,0.4493529200553894,0.04245612025260925,8.786996477283537e-05,-2.7229601982980967e-05,-0.0005762910004705191,0.01995432935655117,0.02080584317445755,-0.03999042510986328,-0.03285035118460655,-0.005144636146724224,0.0027371696196496487,0.0023315798028470587,0.024119973400158472,-0.9866495602504399,-0.2222849279642105,0.4493529200553894,0.04245612025260925,-0.9866495602504399,0.0,0.0,0.0,0.0,0.0,0.0,0.0006954341188980387,0.0006849554717169862,-0.0010301420731421904,0.0,0.0,0.0,0.0023315798028470587,0.024119973400158472,-0.9866495602504399,0.0,0.0,0.0,0.0,0.0,0.0,zero,0.0,0.0,0.0,0.0,0.0006954341188980387,0.0006849554717169862,-0.0010301420731421904,0.0004799811713969944,-0.02960103949981779,0.038707253868777644,1,0.00385284423828125,,,,,,,,,,,,,,,,,,,,,,3.3317897409997386,4,radio://0/80/2M/E7E7E7E704,2.0943951023931953,aborted,cf4 起飞前预检失败（电压或 EKF 对齐）,0.0,0.0,0.0,0,0.0,global_abort:cf4 起飞前预检失败（电压或 EKF 对齐）,,,,,
3.3317897409997386,1788688524.0768266,control,aborted,1,1,0.002569443999163923,3.9747800827026367,3974.0,0,70.0,3.226349255999594,3.9747800827026367,1,1,0,1.0566622335352516,-0.3598940968513489,-0.39161133766174316,0.03594597429037094,8.680089376866817e-05,0.0008108068141154945,-0.0007875761948525906,-0.010053754784166813,0.028647644445300102,-0.19636715948581696,-0.024405062198638916,-0.0036517889238893986,-0.01891402341425419,-0.010050087853487679,-0.04122027884527231,0.9231091207062505,-0.3598940968513489,-0.39161133766174316,0.03594597429037094,0.9231091207062505,0.0,0.0,0.0,0.0,0.0,0.0,0.0009279345454231808,0.0007165184896219804,-0.0020014747775506784,0.0,0.0,0.0,-0.010050087853487679,-0.04122027884527231,0.9231091207062505,0.0,0.0,0.0,0.0,0.0,0.0,zero,0.0,0.0,0.0,0.0,0.0009279345454231808,0.0007165184896219804,-0.0020014747775506784,0.009864296738638617,0.004108547709949768,0.07200143630826929,1,0.0040569305419921875,,,,,,,,,,,,,,,,,,,,,,3.3317897409997386,5,radio://0/80/2M/E7E7E7E705,4.1887902047863905,aborted,cf4 起飞前预检失败（电压或 EKF 对齐）,0.0,0.0,0.0,0,0.0,global_abort:cf4 起飞前预检失败（电压或 EKF 对齐）,,,,,
3.3461366960000305,1788688524.0907512,control,aborted,1,1,0.007687027999054408,3.8850440979003906,3885.0,0,40.0,3.317608224999276,3.8850440979003906,1,1,0,1.0810688100734358,0.4681442379951477,-0.042342301458120346,0.045369282364845276,-0.0005870381719432771,-8.938636165112257e-05,0.0005419550579972565,-0.08897271007299423,-0.02072593756020069,0.002869316376745701,-0.011124532669782639,0.0009744223207235336,-0.007660971023142338,-0.052890007169708354,-0.0008415193553857438,3.0409203734630874,0.4681442379951477,-0.042342301458120346,0.045369282364845276,3.0409203734630874,0.0,0.0,0.0,0.0,0.0,0.0,-0.0008926007022483976,-0.00036001879032263154,0.00034914340520133646,0.0,0.0,0.0,-0.052890007169708354,-0.0008415193553857438,3.0409203734630874,0.0,0.0,0.0,0.0,0.0,0.0,zero,0.0,0.0,0.0,0.0,-0.0008926007022483976,-0.00036001879032263154,0.00034914340520133646,0.03466902950890782,0.01058902617970537,0.013768908813969841,1,0.008137702941894531,,,,,,,,,,,,,,,,,,,,,,3.3461366960000305,2,radio://0/80/2M/E7E7E7E702,0.0,aborted,cf4 起飞前预检失败（电压或 EKF 对齐）,0.0,0.0,0.0,0,0.0,global_abort:cf4 起飞前预检失败（电压或 EKF 对齐）,,,,,
3.3461366960000305,1788688524.091017,control,aborted,1,1,0.007135957999707898,3.790029287338257,3790.0,0,20.0,3.27977753399864,nan,1,0,1,1.0,-0.22227294743061066,0.4493310749530792,0.042456600815057755,0.0003137051244266331,-0.0004656118107959628,-0.0004512692103162408,0.020551767200231552,0.007738039828836918,-0.029452268034219742,-0.013145572505891323,-0.003323872573673725,-0.010323431342840195,0.002963201082785032,0.02416057781365074,-0.987265513336631,-0.22227294743061066,0.4493310749530792,0.042456600815057755,-0.987265513336631,0.0,0.0,0.0,0.0,0.0,0.0,0.0006320303193270264,0.00035155887502938356,-0.0006455369085976584,0.0,0.0,0.0,0.002963201082785032,0.02416057781365074,-0.987265513336631,0.0,0.0,0.0,0.0,0.0,0.0,zero,0.0,0.0,0.0,0.0,0.0006320303193270264,0.00035155887502938356,-0.0006455369085976584,-0.00644097098808117,-0.033868598117448134,0.039070698025329115,1,0.008403539657592773,,,,,,,,,,,,,,,,,,,,,,3.3461366960000305,4,radio://0/80/2M/E7E7E7E704,2.0943951023931953,aborted,cf4 起飞前预检失败（电压或 EKF 对齐）,0.0,0.0,0.0,0,0.0,global_abort:cf4 起飞前预检失败（电压或 EKF 对齐）,,,,,
3.3461366960000305,1788688524.0912247,control,aborted,1,1,0.007431191999785369,3.9747800827026367,3974.0,0,70.0,3.240696210999886,3.9747800827026367,1,1,0,1.0566622335352516,-0.35987815260887146,-0.3916710913181305,0.035974856466054916,0.00039338076021522284,-0.0005653727566823363,-4.326028283685446e-05,-0.0018142047338187695,-0.005041796714067459,-0.1419714242219925,0.028904924169182777,-0.009275879710912704,0.009342911653220654,-0.007716407081433917,-0.04152233293123575,0.9243174904879483,-0.35987815260887146,-0.3916710913181305,0.035974856466054916,0.9243174904879483,0.0,0.0,0.0,0.0,0.0,0.0,0.000934069481331512,0.0007134625034594889,-0.0013228345854062681,0.0,0.0,0.0,-0.007716407081433917,-0.04152233293123575,0.9243174904879483,0.0,0.0,0.0,0.0,0.0,0.0,zero,0.0,0.0,0.0,0.0,0.000934069481331512,0.0007134625034594889,-0.0013228345854062681,0.000623226754021921,-0.0003104469818175412,0.06894069154408226,1,0.008611202239990234,,,,,,,,,,,,,,,,,,,,,,3.3461366960000305,5,radio://0/80/2M/E7E7E7E705,4.1887902047863905,aborted,cf4 起飞前预检失败（电压或 EKF 对齐）,0.0,0.0,0.0,0,0.0,global_abort:cf4 起飞前预检失败（电压或 EKF 对齐）,,,,,
3.3603676950006047,1788688524.1049688,control,aborted,1,1,0.01238212700081931,3.8850440979003906,3885.0,0,40.0,3.33183922399985,3.8850440979003906,1,1,0,1.0810688100734358,0.4681263566017151,-0.0423353835940361,0.04529934376478195,-0.0008499171817675233,7.561430538771674e-05,-0.0010538321221247315,-0.07676886022090912,-0.013071653433144093,-0.031642429530620575,0.002678835764527321,-0.0200064554810524,0.011316874995827675,-0.05234671653450643,-0.001774397881605411,3.0417909513623798,0.4681263566017151,-0.0423353835940361,0.04529934376478195,3.0417909513623798,0.0,0.0,0.0,0.0,0.0,0.0,-0.0006847209160891495,-0.00026369259790363263,0.0003946970205274503,0.0,0.0,0.0,-0.05234671653450643,-0.001774397881605411,3.0417909513623798,0.0,0.0,0.0,0.0,0.0,0.0,zero,0.0,0.0,0.0,0.0,-0.0006847209160891495,-0.00026369259790363263,0.0003946970205274503,0.022104475056582047,0.010242650124674275,0.004843851209957677,1,0.012950897216796875,,,,,,,,,,,,,,,,,,,,,,3.3603676950006047,2,radio://0/80/2M/E7E7E7E702,0.0,aborted,cf4 起飞前预检失败（电压或 EKF 对齐）,0.0,0.0,0.0,0,0.0,global_abort:cf4 起飞前预检失败（电压或 EKF 对齐）,,,,,
3.3603676950006047,1788688524.1052125,control,aborted,1,1,0.011992533000011463,3.790029287338257,3790.0,0,20.0,3.2940085329992144,nan,1,0,1,1.0,-0.22230908274650574,0.4493800103664398,0.0424463264644146,-0.0005175318801775575,0.0006682283710688353,-0.0005795217584818602,-0.0012366455048322678,0.03030400536954403,-0.026289382949471474,-0.002526119351387024,0.03383257985115051,0.0013232119381427765,0.0033503225678345803,0.025875014581723064,-0.9868093957435597,-0.22230908274650574,0.4493800103664398,0.0424463264644146,-0.9868093957435597,0.0,0.0,0.0,0.0,0.0,0.0,0.0005201751432442385,0.00011002968236987267,-0.0004139684014286151,0.0,0.0,0.0,0.0033503225678345803,0.025875014581723064,-0.9868093957435597,0.0,0.0,0.0,0.0,0.0,0.0,zero,0.0,0.0,0.0,0.0,0.0005201751432442385,0.00011002968236987267,-0.0004139684014286151,-0.011893893078076857,-0.025682516387084728,0.024623367116064068,1,0.013194561004638672,,,,,,,,,,,,,,,,,,,,,,3.3603676950006047,4,radio://0/80/2M/E7E7E7E704,2.0943951023931953,aborted,cf4 起飞前预检失败（电压或 EKF 对齐）,0.0,0.0,0.0,0,0.0,global_abort:cf4 起飞前预检失败（电压或 EKF 对齐）,,,,,
3.3603676950006047,1788688524.1054144,control,aborted,1,1,0.011775376999139553,3.9747800827026367,3974.0,0,70.0,3.25492721000046,3.9747800827026367,1,1,0,1.0566622335352516,-0.35993677377700806,-0.39163923263549805,0.03598857671022415,-0.0009320018580183387,0.00022524589439854026,0.00025718254619278014,-0.02963850274682045,0.01278078556060791,-0.10718757659196854,0.005003400146961212,0.02139773778617382,0.0024963770993053913,-0.008558437163645394,-0.040169212328197756,0.9240722548765582,-0.35993677377700806,-0.39163923263549805,0.03598857671022415,0.9240722548765582,0.0,0.0,0.0,0.0,0.0,0.0,0.0008128934177071795,0.0006149468760051903,-0.0007910961397302931,0.0,0.0,0.0,-0.008558437163645394,-0.040169212328197756,0.9240722548765582,0.0,0.0,0.0,0.0,0.0,0.0,zero,0.0,0.0,0.0,0.0,0.0008128934177071795,0.0006149468760051903,-0.0007910961397302931,-0.0128850107330154,-0.01047545925450817,0.05654132816966725,1,0.013396501541137695,,,,,,,,,,,,,,,,,,,,,,3.3603676950006047,5,radio://0/80/2M/E7E7E7E705,4.1887902047863905,aborted,cf4 起飞前预检失败（电压或 EKF 对齐）,0.0,0.0,0.0,0,0.0,global_abort:cf4 起飞前预检失败（电压或 EKF 对齐）,,,,,
3.3746133200002078,1788688524.1192021,control,aborted,1,1,0.009458927999730804,3.8850440979003906,3885.0,0,40.0,3.3460848489994532,3.8850440979003906,1,1,0,1.0810688100734358,0.468145489692688,-0.04235205799341202,0.04536106809973717,-0.0015218185726553202,0.0008573830127716064,0.006530237849801779,-0.2603883147239685,0.18829476833343506,1.3022260665893555,-0.11713224649429321,0.17479334771633148,-0.042832545936107635,-0.052616027516486835,-0.0007449207693878842,3.0412263995783726,0.468145489692688,-0.04235205799341202,0.04536106809973717,3.0412263995783726,0.0,0.0,0.0,0.0,0.0,0.0,-0.0005225256666183621,-4.9298878109039666e-05,-0.0001635742105644146,0.0,0.0,0.0,-0.052616027516486835,-0.0007449207693878842,3.0412263995783726,0.0,0.0,0.0,0.0,0.0,0.0,zero,0.0,0.0,0.0,0.0,-0.0005225256666183621,-4.9298878109039666e-05,-0.0001635742105644146,0.07283717550916945,0.09680583678624077,-0.2502912530516933,1,0.009922504425048828,,,,,,,,,,,,,,,,,,,,,,3.3746133200002078,2,radio://0/80/2M/E7E7E7E702,0.0,aborted,cf4 起飞前预检失败（电压或 EKF 对齐）,0.0,0.0,0.0,0,0.0,global_abort:cf4 起飞前预检失败（电压或 EKF 对齐）,,,,,
3.3746133200002078,1788688524.1194406,control,aborted,1,1,0.008986794000520604,3.790029287338257,3790.0,0,20.0,3.3082541579988174,nan,1,0,1,1.0,-0.2222483605146408,0.44933784008026123,0.04248591512441635,0.01275373250246048,-0.009887595660984516,0.004786308389157057,2.4749271869659424,-1.9536755084991455,0.9348376989364624,-0.06940843909978867,0.10516619682312012,-0.18361683189868927,0.0038600655541956358,0.024509195982796737,-0.9873724363810026,-0.2222483605146408,0.44933784008026123,0.04248591512441635,-0.9873724363810026,0.0,0.0,0.0,0.0,0.0,0.0,-9.104885829484973e-05,0.00011648049116559756,-0.00028859606584242137,0.0,0.0,0.0,0.0038600655541956358,0.024509195982796737,-0.9873724363810026,0.0,0.0,0.0,0.0,0.0,0.0,zero,0.0,0.0,0.0,0.0,-9.104885829484973e-05,0.00011648049116559756,-0.00028859606584242137,-0.27247286291958134,0.0007579754176179817,0.05773580663109174,1,0.01016092300415039,,,,,,,,,,,,,,,,,,,,,,3.3746133200002078,4,radio://0/80/2M/E7E7E7E704,2.0943951023931953,aborted,cf4 起飞前预检失败（电压或 EKF 对齐）,0.0,0.0,0.0,0,0.0,global_abort:cf4 起飞前预检失败（电压或 EKF 对齐）,,,,,
3.3746133200002078,1788688524.1196437,control,aborted,1,1,0.009193967000101111,3.9747800827026367,3974.0,0,70.0,3.269172835000063,3.9747800827026367,1,1,0,1.0566622335352516,-0.35988280177116394,-0.39160779118537903,0.03591284528374672,0.0001735630794428289,0.0023578801192343235,0.002141637960448861,0.0393846295773983,0.36836326122283936,0.4902176856994629,-0.11093894392251968,-0.1952025294303894,-0.035229165107011795,-0.010278781037717762,-0.04335650596272157,0.923794749961802,-0.35988280177116394,-0.39160779118537903,0.03591284528374672,0.923794749961802,0.0,0.0,0.0,0.0,0.0,0.0,-4.938786832881133e-05,0.00020177403216124822,2.5240540217811073e-05,0.0,0.0,0.0,-0.010278781037717762,-0.04335650596272157,0.923794749961802,0.0,0.0,0.0,0.0,0.0,0.0,zero,0.0,0.0,0.0,0.0,-4.938786832881133e-05,0.00020177403216124822,2.5240540217811073e-05,-0.3888093449204651,-0.18552153385452536,0.36802620025677996,1,0.010364055633544922,,,,,,,,,,,,,,,,,,,,,,3.3746133200002078,5,radio://0/80/2M/E7E7E7E705,4.1887902047863905,aborted,cf4 起飞前预检失败（电压或 EKF 对齐）,0.0,0.0,0.0,0,0.0,global_abort:cf4 起飞前预检失败（电压或 EKF 对齐）,,,,,
3.388986265999847,1788688524.133565,control,aborted,1,1,0.008949548999225954,3.8850440979003906,3885.0,0,40.0,3.3604577949990926,3.8850440979003906,1,1,0,1.0810688100734358,0.4681566059589386,-0.042306285351514816,0.04533102735877037,-0.0010663606226444244,0.0013080565258860588,0.004815870895981789,-0.20211997628211975,0.15676146745681763,1.0184788703918457,-0.09368645399808884,0.12325632572174072,-0.034637898206710815,-0.05261465539180808,-0.0019643698781588387,3.041263221034558,0.4681566059589386,-0.042306285351514816,0.04533102735877037,3.041263221034558,0.0,0.0,0.0,0.0,0.0,0.0,-0.0006598690102346053,0.0002055677328076334,0.0010032250636420473,0.0,0.0,0.0,-0.05261465539180808,-0.0019643698781588387,3.041263221034558,0.0,0.0,0.0,0.0,0.0,0.0,zero,0.0,0.0,0.0,0.0,-0.0006598690102346053,0.0002055677328076334,0.0010032250636420473,-0.00933479826129836,0.017322487816341423,0.0793037037643412,1,0.009572267532348633,,,,,,,,,,,,,,,,,,,,,,3.388986265999847,2,radio://0/80/2M/E7E7E7E702,0.0,aborted,cf4 起飞前预检失败（电压或 EKF 对齐）,0.0,0.0,0.0,0,0.0,global_abort:cf4 起飞前预检失败（电压或 EKF 对齐）,,,,,
3.388986265999847,1788688524.1337986,control,aborted,1,1,0.008686167999258032,3.790029287338257,3790.0,0,20.0,3.3226271039984567,nan,1,0,1,1.0,-0.22229191660881042,0.44932734966278076,0.04248562827706337,0.009610963985323906,-0.008052663877606392,0.003825147869065404,1.9372246265411377,-1.5379997491836548,0.7348058819770813,-0.05522463843226433,0.10303881764411926,-0.1395210474729538,0.003896102041224093,0.025898018371869114,-0.9868244616140109,-0.22229191660881042,0.44932734966278076,0.04248562827706337,-0.9868244616140109,0.0,0.0,0.0,0.0,0.0,0.0,0.0022678955831512246,-0.001838353536382381,0.0007458377748039395,0.0,0.0,0.0,0.003896102041224093,0.025898018371869114,-0.9868244616140109,0.0,0.0,0.0,0.0,0.0,0.0,zero,0.0,0.0,0.0,0.0,0.0022678955831512246,-0.001838353536382381,0.0007458377748039395,0.16033008874487586,-0.13286396559901148,0.0703072385078575,1,0.009805917739868164,,,,,,,,,,,,,,,,,,,,,,3.388986265999847,4,radio://0/80/2M/E7E7E7E704,2.0943951023931953,aborted,cf4 起飞前预检失败（电压或 EKF 对齐）,0.0,0.0,0.0,0,0.0,global_abort:cf4 起飞前预检失败（电压或 EKF 对齐）,,,,,
3.388986265999847,1788688524.1340022,control,aborted,1,1,0.00917688499976066,3.9747800827026367,3974.0,0,70.0,3.2835457809997024,3.9747800827026367,1,1,0,1.0566622335352516,-0.3598484396934509,-0.3916492760181427,0.03595180809497833,0.0006059060688130558,0.0013224347494542599,0.002242899965494871,0.037384189665317535,0.2806166410446167,0.3935505151748657,-0.07775628566741943,-0.14998969435691833,-0.031487151980400085,-0.00945918668440947,-0.04290481668861291,0.9235470101579146,-0.3598484396934509,-0.3916492760181427,0.03595180809497833,0.9235470101579146,0.0,0.0,0.0,0.0,0.0,0.0,-0.00014249615398111279,0.000523260499095917,0.0005742713832848164,0.0,0.0,0.0,-0.00945918668440947,-0.04290481668861291,0.9235470101579146,0.0,0.0,0.0,0.0,0.0,0.0,zero,0.0,0.0,0.0,0.0,-0.00014249615398111279,0.000523260499095917,0.0005742713832848164,-0.006328279479259623,0.021850431433779217,0.037315912255502466,1,0.010009527206420898,,,,,,,,,,,,,,,,,,,,,,3.388986265999847,5,radio://0/80/2M/E7E7E7E705,4.1887902047863905,aborted,cf4 起飞前预检失败（电压或 EKF 对齐）,0.0,0.0,0.0,0,0.0,global_abort:cf4 起飞前预检失败（电压或 EKF 对齐）,,,,,
3.403272501000174,1788688524.1478615,control,aborted,1,1,0.006457168999986607,3.8850440979003906,3885.0,0,40.0,3.3747440299994196,3.8850440979003906,1,1,0,1.0810688100734358,0.468147873878479,-0.042354412376880646,0.045343067497015,-0.005882881581783295,0.0017463265685364604,0.007058306131511927,-1.3297712802886963,0.41080325841903687,1.3980565071105957,0.17683124542236328,-0.10000879317522049,-0.05404432490468025,-0.05258370547409044,-0.002085349423546161,3.041259802335243,0.468147873878479,-0.042354412376880646,0.045343067497015,3.041259802335243,0.0,0.0,0.0,0.0,0.0,0.0,-0.0010267763631046757,0.0008653048283099211,0.004360134103015355,0.0,0.0,0.0,-0.05258370547409044,-0.002085349423546161,3.041259802335243,0.0,0.0,0.0,0.0,0.0,0.0,zero,0.0,0.0,0.0,0.0,-0.0010267763631046757,0.0008653048283099211,0.004360134103015355,-0.20735276439661093,0.37133212651811576,1.8895135563765473,1,0.007102489471435547,,,,,,,,,,,,,,,,,,,,,,3.403272501000174,2,radio://0/80/2M/E7E7E7E702,0.0,aborted,cf4 起飞前预检失败（电压或 EKF 对齐）,0.0,0.0,0.0,0,0.0,global_abort:cf4 起飞前预检失败（电压或 EKF 对齐）,,,,,
3.403272501000174,1788688524.1480975,control,aborted,1,1,0.006745497999872896,3.790029287338257,3790.0,0,20.0,3.3369133389987837,nan,1,0,1,1.0,-0.22226688265800476,0.44934767484664917,0.042477693408727646,0.00689703831449151,-0.013942265883088112,0.0033145020715892315,0.9740965366363525,-2.8712472915649414,0.5553383827209473,-0.1217353492975235,0.1110498383641243,-0.14442187547683716,0.0028595861535059435,0.025390855857503232,-0.9870187079971674,-0.22226688265800476,0.44934767484664917,0.042477693408727646,-0.9870187079971674,0.0,0.0,0.0,0.0,0.0,0.0,0.008842426483701721,-0.007088737987157645,0.0034433066458527707,0.0,0.0,0.0,0.0028595861535059435,0.025390855857503232,-0.9870187079971674,0.0,0.0,0.0,0.0,0.0,0.0,zero,0.0,0.0,0.0,0.0,0.008842426483701721,-0.007088737987157645,0.0034433066458527707,3.6991954738726065,-2.955688424645094,1.5178237006996207,1,0.007338523864746094,,,,,,,,,,,,,,,,,,,,,,3.403272501000174,4,radio://0/80/2M/E7E7E7E704,2.0943951023931953,aborted,cf4 起飞前预检失败（电压或 EKF 对齐）,0.0,0.0,0.0,0,0.0,global_abort:cf4 起飞前预检失败（电压或 EKF 对齐）,,,,,
3.403272501000174,1788688524.1482975,control,aborted,1,1,0.006243149000511039,3.9747800827026367,3974.0,0,70.0,3.2978320160000294,3.9747800827026367,1,1,0,1.0566622335352516,-0.35987070202827454,-0.39162805676460266,0.03597209230065346,0.00712105305865407,-0.006786836311221123,0.01838545687496662,1.7059686183929443,-1.7939257621765137,4.236291885375977,0.3008999228477478,0.5763538479804993,0.02487707883119583,-0.00855078647695312,-0.041338597934772674,0.9237942853646575,-0.35987070202827454,-0.39162805676460266,0.03597209230065346,0.9237942853646575,0.0,0.0,0.0,0.0,0.0,0.0,6.940039404151715e-05,0.0014909118689850256,0.001833486430104037,0.0,0.0,0.0,-0.00855078647695312,-0.041338597934772674,0.9237942853646575,0.0,0.0,0.0,0.0,0.0,0.0,zero,0.0,0.0,0.0,0.0,6.940039404151715e-05,0.0014909118689850256,0.001833486430104037,0.12072382004944718,0.5428932130683991,0.7118631125392081,1,0.007538557052612305,,,,,,,,,,,,,,,,,,,,,,3.403272501000174,5,radio://0/80/2M/E7E7E7E705,4.1887902047863905,aborted,cf4 起飞前预检失败（电压或 EKF 对齐）,0.0,0.0,0.0,0,0.0,global_abort:cf4 起飞前预检失败（电压或 EKF 对齐）,,,,,
3.4176174710009946,1788688524.162201,control,aborted,1,1,0.00581335599963495,3.8850440979003906,3885.0,0,40.0,3.38908900000024,3.8850440979003906,1,1,0,1.0810688100734358,0.4681656062602997,-0.042317986488342285,0.04532965272665024,-0.004473039880394936,0.0018762359395623207,0.0054701766930520535,-1.0452709197998047,0.3303515315055847,1.0975537300109863,0.1394752711057663,-0.06654790788888931,-0.04444471746683121,-0.05273473238060228,-0.0010684704540731642,3.04111415171084,0.4681656062602997,-0.042317986488342285,0.04532965272665024,3.04111415171084,0.0,0.0,0.0,0.0,0.0,0.0,-0.002055376157606328,0.0011606579041841395,0.005442493959472976,0.0,0.0,0.0,-0.05273473238060228,-0.0010684704540731642,3.04111415171084,0.0,0.0,0.0,0.0,0.0,0.0,zero,0.0,0.0,0.0,0.0,-0.002055376157606328,0.0011606579041841395,0.005442493959472976,-0.06765450661728203,0.019426376257296457,0.07119048872304141,1,0.006238222122192383,,,,,,,,,,,,,,,,,,,,,,3.4176174710009946,2,radio://0/80/2M/E7E7E7E702,0.0,aborted,cf4 起飞前预检失败（电压或 EKF 对齐）,0.0,0.0,0.0,0,0.0,global_abort:cf4 起飞前预检失败（电压或 EKF 对齐）,,,,,
3.4176174710009946,1788688524.1625195,control,aborted,1,1,0.005401600999903167,3.790029287338257,3790.0,0,20.0,3.351258308999604,nan,1,0,1,1.0,-0.2222609668970108,0.4493144154548645,0.042457323521375656,0.005595451220870018,-0.011591332964599133,0.002383640268817544,0.7621551752090454,-2.2660717964172363,0.43202540278434753,-0.0881171002984047,0.08717572689056396,-0.11072791367769241,0.0035736143530937263,0.025263175320862478,-0.986653388487703,-0.2222609668970108,0.4493144154548645,0.042457323521375656,-0.986653388487703,0.0,0.0,0.0,0.0,0.0,0.0,0.009492854238737445,-0.009344665358328222,0.003817264023874017,0.0,0.0,0.0,0.0035736143530937263,0.025263175320862478,-0.986653388487703,0.0,0.0,0.0,0.0,0.0,0.0,zero,0.0,0.0,0.0,0.0,0.009492854238737445,-0.009344665358328222,0.003817264023874017,0.04278084546813272,-0.1483800153148118,0.024596448532422096,1,0.00655674934387207,,,,,,,,,,,,,,,,,,,,,,3.4176174710009946,4,radio://0/80/2M/E7E7E7E704,2.0943951023931953,aborted,cf4 起飞前预检失败（电压或 EKF 对齐）,0.0,0.0,0.0,0,0.0,global_abort:cf4 起飞前预检失败（电压或 EKF 对齐）,,,,,
3.4176174710009946,1788688524.162763,control,aborted,1,1,0.005576348999966285,3.9747800827026367,3974.0,0,70.0,3.31217698600085,3.9747800827026367,1,1,0,1.0566622335352516,-0.3598977327346802,-0.39166292548179626,0.035965174436569214,0.0053412592969834805,-0.005888159386813641,0.014617362059652805,1.3413621187210083,-1.4233187437057495,3.3394651412963867,0.2316499948501587,0.453849732875824,0.014620842412114143,-0.00922375124300903,-0.04189200743251856,0.9233973535571893,-0.3598977327346802,-0.39166292548179626,0.035965174436569214,0.9233973535571893,0.0,0.0,0.0,0.0,0.0,0.0,0.0015411996900945855,-9.655192511108063e-05,0.005454199387828448,0.0,0.0,0.0,-0.00922375124300903,-0.04189200743251856,0.9233973535571893,0.0,0.0,0.0,0.0,0.0,0.0,zero,0.0,0.0,0.0,0.0,0.0015411996900945855,-9.655192511108063e-05,0.005454199387828448,0.09680524509765824,-0.10441289249372697,0.23814660479912383,1,0.006800413131713867,,,,,,,,,,,,,,,,,,,,,,3.4176174710009946,5,radio://0/80/2M/E7E7E7E705,4.1887902047863905,aborted,cf4 起飞前预检失败（电压或 EKF 对齐）,0.0,0.0,0.0,0,0.0,global_abort:cf4 起飞前预检失败（电压或 EKF 对齐）,,,,,
3.431851766001273,1788688524.1764536,control,aborted,1,1,0.004037504000734771,3.8850440979003906,3885.0,0,40.0,3.4033232950005186,3.8850440979003906,1,1,0,1.0810688100734358,0.468170166015625,-0.04238203540444374,0.04532657191157341,-0.0035211117938160896,-4.651158815249801e-05,0.004029507748782635,-0.6690505146980286,0.16839411854743958,0.6841893196105957,0.11368218064308167,-0.03692105785012245,0.002499144524335861,-0.05263505211774804,-0.0012576947537213915,3.0419429506939317,0.468170166015625,-0.04238203540444374,0.04532657191157341,3.0419429506939317,0.0,0.0,0.0,0.0,0.0,0.0,-0.0036744086339908,0.0014950259345957906,0.0063535508732929765,0.0,0.0,0.0,-0.05263505211774804,-0.0012576947537213915,3.0419429506939317,0.0,0.0,0.0,0.0,0.0,0.0,zero,0.0,0.0,0.0,0.0,-0.0036744086339908,0.0014950259345957906,0.0063535508732929765,-0.14178300131173768,0.025664838930687734,0.07045535507938819,1,0.004931449890136719,,,,,,,,,,,,,,,,,,,,,,3.431851766001273,2,radio://0/80/2M/E7E7E7E702,0.0,aborted,cf4 起飞前预检失败（电压或 EKF 对齐）,0.0,0.0,0.0,0,0.0,global_abort:cf4 起飞前预检失败（电压或 EKF 对齐）,,,,,
3.431851766001273,1788688524.176784,control,aborted,1,1,0.004465414000151213,3.790029287338257,3790.0,0,20.0,3.3654926039998827,nan,1,0,1,1.0,-0.22227299213409424,0.44936874508857727,0.04246092587709427,0.003362045856192708,-0.0068867262452840805,0.0027862167917191982,0.4307478666305542,-1.3499823808670044,0.3259968161582947,-0.08944396674633026,0.03777747601270676,-0.10535349696874619,0.002437147628074721,0.02459848366959766,-0.9876749933103856,-0.22227299213409424,0.44936874508857727,0.04246092587709427,-0.9876749933103856,0.0,0.0,0.0,0.0,0.0,0.0,0.00877747271865027,-0.011829536362569885,0.0036431907526973035,0.0,0.0,0.0,0.002437147628074721,0.02459848366959766,-0.9876749933103856,0.0,0.0,0.0,0.0,0.0,0.0,zero,0.0,0.0,0.0,0.0,0.00877747271865027,-0.011829536362569885,0.0036431907526973035,-0.08444099413606089,-0.2035802038172388,-0.024125996991032544,1,0.005261898040771484,,,,,,,,,,,,,,,,,,,,,,3.431851766001273,4,radio://0/80/2M/E7E7E7E704,2.0943951023931953,aborted,cf4 起飞前预检失败（电压或 EKF 对齐）,0.0,0.0,0.0,0,0.0,global_abort:cf4 起飞前预检失败（电压或 EKF 对齐）,,,,,
3.431851766001273,1788688524.1770191,control,aborted,1,1,0.004261538000719156,3.9747800827026367,3974.0,0,70.0,3.3264112810011284,3.9747800827026367,1,1,0,1.0566622335352516,-0.3598361313343048,-0.39160653948783875,0.035881124436855316,0.005732204765081406,-0.002469632774591446,0.0076193977147340775,0.8981249928474426,-0.8208343982696533,1.9593403339385986,0.17289860546588898,0.2254534363746643,0.019852494820952415,-0.009236118432244861,-0.043172183770341044,0.9239130994331911,-0.3598361313343048,-0.39160653948783875,0.035881124436855316,0.9239130994331911,0.0,0.0,0.0,0.0,0.0,0.0,0.004077738656411612,-0.003178488654832024,0.011345606061720363,0.0,0.0,0.0,-0.009236118432244861,-0.043172183770341044,0.9239130994331911,0.0,0.0,0.0,0.0,0.0,0.0,zero,0.0,0.0,0.0,0.0,0.004077738656411612,-0.003178488654832024,0.011345606061720363,0.22798474425074647,-0.2760943687234919,0.5167029093001276,1,0.005496978759765625,,,,,,,,,,,,,,,,,,,,,,3.431851766001273,5,radio://0/80/2M/E7E7E7E705,4.1887902047863905,aborted,cf4 起飞前预检失败（电压或 EKF 对齐）,0.0,0.0,0.0,0,0.0,global_abort:cf4 起飞前预检失败（电压或 EKF 对齐）,,,,,
3.4461235840008158,1788688524.1907067,control,aborted,1,1,0.0020674839997809613,3.8850440979003906,3885.0,0,40.0,3.4175951130000612,3.8850440979003906,1,1,0,1.0810688100734358,0.46816617250442505,-0.04235098138451576,0.0453023687005043,4.202546551823616e-05,-0.005809171125292778,-0.019802797585725784,0.5079630613327026,-1.8723570108413696,-6.881262302398682,-0.14463254809379578,0.11367619782686234,-0.07351908832788467,-0.05279271495549156,-0.0014534096376150835,3.0411959482135615,0.46816617250442505,-0.04235098138451576,0.0453023687005043,3.0411959482135615,0.0,0.0,0.0,0.0,0.0,0.0,-0.003918911192121909,0.0008126696287025902,0.005103212670683669,0.0,0.0,0.0,-0.05279271495549156,-0.0014534096376150835,3.0411959482135615,0.0,0.0,0.0,0.0,0.0,0.0,zero,0.0,0.0,0.0,0.0,-0.003918911192121909,0.0008126696287025902,0.005103212670683669,-0.1843641946889019,-0.5184886576499559,-0.9522661130406203,1,0.002753019332885742,,,,,,,,,,,,,,,,,,,,,,3.4461235840008158,2,radio://0/80/2M/E7E7E7E702,0.0,aborted,cf4 起飞前预检失败（电压或 EKF 对齐）,0.0,0.0,0.0,0,0.0,global_abort:cf4 起飞前预检失败（电压或 EKF 对齐）,,,,,
3.4461235840008158,1788688524.191062,control,aborted,1,1,0.0018958620003104443,3.790029287338257,3790.0,0,20.0,3.3797644219994254,nan,1,0,1,1.0,-0.22230391204357147,0.44937124848365784,0.04252073913812637,-0.00575370155274868,0.001591636799275875,0.02496377006173134,-2.321725368499756,1.4125699996948242,7.2943501472473145,-0.02427317202091217,0.4197370707988739,0.07408700883388519,0.0024931912542308617,0.025069164882661893,-0.9867026272180879,-0.22230391204357147,0.44937124848365784,0.04252073913812637,-0.9867026272180879,0.0,0.0,0.0,0.0,0.0,0.0,0.005108113008084173,-0.009476342857784129,0.002640203501273755,0.0,0.0,0.0,0.0024931912542308617,0.025069164882661893,-0.9867026272180879,0.0,0.0,0.0,0.0,0.0,0.0,zero,0.0,0.0,0.0,0.0,0.005108113008084173,-0.009476342857784129,0.002640203501273755,-2.784288890555952,1.7871335070741898,-0.7569854640590455,1,0.0031082630157470703,,,,,,,,,,,,,,,,,,,,,,3.4461235840008158,4,radio://0/80/2M/E7E7E7E704,2.0943951023931953,aborted,cf4 起飞前预检失败（电压或 EKF 对齐）,0.0,0.0,0.0,0,0.0,global_abort:cf4 起飞前预检失败（电压或 EKF 对齐）,,,,,
3.4461235840008158,1788688524.1912897,control,aborted,1,1,0.002261448000353994,3.9747800827026367,3974.0,0,70.0,3.340683099000671,3.9747800827026367,1,1,0,1.0566622335352516,-0.3598991632461548,-0.3916160464286804,0.03592194244265556,-0.002694337395951152,-0.004057509824633598,0.008219036273658276,-1.5222349166870117,-1.158374547958374,1.7777552604675293,-0.12204690277576447,-0.47124621272087097,-0.0947616696357727,-0.009079192915531418,-0.04304915720772332,0.9244020949981132,-0.3598991632461548,-0.3916160464286804,0.03592194244265556,0.9244020949981132,0.0,0.0,0.0,0.0,0.0,0.0,0.005467588154100382,-0.003901843591329222,0.011161694792217972,0.0,0.0,0.0,-0.009079192915531418,-0.04304915720772332,0.9244020949981132,0.0,0.0,0.0,0.0,0.0,0.0,zero,0.0,0.0,0.0,0.0,0.005467588154100382,-0.003901843591329222,0.011161694792217972,1.051883028173183,-0.5475393281237649,-0.14188897467311187,1,0.0033359527587890625,,,,,,,,,,,,,,,,,,,,,,3.4461235840008158,5,radio://0/80/2M/E7E7E7E705,4.1887902047863905,aborted,cf4 起飞前预检失败（电压或 EKF 对齐）,0.0,0.0,0.0,0,0.0,global_abort:cf4 起飞前预检失败（电压或 EKF 对齐）,,,,,
3.460353409000163,1788688524.2049353,control,aborted,1,1,0.0020040239996887976,3.8850440979003906,3885.0,0,40.0,3.4318249379994086,3.8850440979003906,1,1,0,1.0810688100734358,0.4681480824947357,-0.04234088584780693,0.04536711424589157,-0.00021944878972135484,-0.004506106022745371,-0.014936484396457672,0.4027125835418701,-1.479656457901001,-5.4369330406188965,-0.11146572232246399,0.09521882236003876,-0.061792273074388504,-0.0524893106992726,-0.0011592380924710353,3.0409673419872476,0.4681480824947357,-0.04234088584780693,0.04536711424589157,3.0409673419872476,0.0,0.0,0.0,0.0,0.0,0.0,-0.0031187144391050577,-0.0005929275619916269,4.6342506584881246e-05,0.0,0.0,0.0,-0.0524893106992726,-0.0011592380924710353,3.0409673419872476,0.0,0.0,0.0,0.0,0.0,0.0,zero,0.0,0.0,0.0,0.0,-0.0031187144391050577,-0.0005929275619916269,4.6342506584881246e-05,0.05596672350657161,-0.09830915838712531,-0.3536835824636096,1,0.002683877944946289,,,,,,,,,,,,,,,,,,,,,,3.460353409000163,2,radio://0/80/2M/E7E7E7E702,0.0,aborted,cf4 起飞前预检失败（电压或 EKF 对齐）,0.0,0.0,0.0,0,0.0,global_abort:cf4 起飞前预检失败（电压或 EKF 对齐）,,,,,
3.460353409000163,1788688524.2052567,control,aborted,1,1,0.0022374599993781885,3.790029287338257,3790.0,0,20.0,3.3939942469987727,nan,1,0,1,1.0,-0.2223079651594162,0.4493195414543152,0.04253009334206581,-0.004659662023186684,0.0005499569233506918,0.02010187692940235,-1.842075228691101,1.1154835224151611,5.767465114593506,-0.0069239260628819466,0.33541402220726013,0.046393513679504395,0.0033632654824247905,0.02504500939325127,-0.9876234267202564,-0.2223079651594162,0.4493195414543152,0.04253009334206581,-0.9876234267202564,0.0,0.0,0.0,0.0,0.0,0.0,0.0020701152690298505,-0.006574076999039653,0.0065926201729807595,0.0,0.0,0.0,0.0033632654824247905,0.02504500939325127,-0.9876234267202564,0.0,0.0,0.0,0.0,0.0,0.0,zero,0.0,0.0,0.0,0.0,0.0020701152690298505,-0.006574076999039653,0.0065926201729807595,-0.21248121644360424,0.20298796545540845,0.2764367765980319,1,0.0030052661895751953,,,,,,,,,,,,,,,,,,,,,,3.460353409000163,4,radio://0/80/2M/E7E7E7E704,2.0943951023931953,aborted,cf4 起飞前预检失败（电压或 EKF 对齐）,0.0,0.0,0.0,0,0.0,global_abort:cf4 起飞前预检失败（电压或 EKF 对齐）,,,,,
3.460353409000163,1788688524.2054849,control,aborted,1,1,0.0017435569989174837,3.9747800827026367,3974.0,0,70.0,3.3549129240000184,3.9747800827026367,1,1,0,1.0566622335352516,-0.35990190505981445,-0.39163482189178467,0.035942308604717255,-0.0021938264835625887,-0.0035086662974208593,0.00686014024540782,-1.2107861042022705,-0.9190216064453125,1.4031940698623657,-0.10065718740224838,-0.35819631814956665,-0.0906507819890976,-0.00924953622019885,-0.04171501800467051,0.9233279738805902,-0.35990190505981445,-0.39163482189178467,0.035942308604717255,0.9233279738805902,0.0,0.0,0.0,0.0,0.0,0.0,0.004030791713880931,-0.003913568625349727,0.010120051586667117,0.0,0.0,0.0,-0.00924953622019885,-0.04171501800467051,0.9233279738805902,0.0,0.0,0.0,0.0,0.0,0.0,zero,0.0,0.0,0.0,0.0,0.004030791713880931,-0.003913568625349727,0.010120051586667117,-0.10049127143020907,-0.0008200629840807728,-0.07285377884598326,1,0.0032334327697753906,,,,,,,,,,,,,,,,,,,,,,3.460353409000163,5,radio://0/80/2M/E7E7E7E705,4.1887902047863905,aborted,cf4 起飞前预检失败（电压或 EKF 对齐）,0.0,0.0,0.0,0,0.0,global_abort:cf4 起飞前预检失败（电压或 EKF 对齐）,,,,,
3.4746972100001585,1788688524.219282,control,aborted,1,1,0.00040290499964612536,3.8850440979003906,3885.0,0,40.0,3.446168738999404,3.8850440979003906,1,1,0,1.0810688100734358,0.4681621789932251,-0.04235561937093735,0.045341432094573975,0.0001751780800987035,-0.0033556523267179728,-0.01031599659472704,0.2670176923274994,-0.9237191677093506,-3.3749265670776367,-0.09976349771022797,0.0511401891708374,-0.03805134445428848,-0.05364439463707729,-0.0015188427810159,3.0409636447012476,0.4681621789932251,-0.04235561937093735,0.045341432094573975,3.0409636447012476,0.0,0.0,0.0,0.0,0.0,0.0,-0.0016575356824792297,-0.0028118938407314807,-0.007965171012137702,0.0,0.0,0.0,-0.05364439463707729,-0.0015188427810159,3.0409636447012476,0.0,0.0,0.0,0.0,0.0,0.0,zero,0.0,0.0,0.0,0.0,-0.0016575356824792297,-0.0028118938407314807,-0.007965171012137702,0.07417662911532148,-0.1014108107107724,-0.3646938117667884,1,0.0011332035064697266,,,,,,,,,,,,,,,,,,,,,,3.4746972100001585,2,radio://0/80/2M/E7E7E7E702,0.0,aborted,cf4 起飞前预检失败（电压或 EKF 对齐）,0.0,0.0,0.0,0,0.0,global_abort:cf4 起飞前预检失败（电压或 EKF 对齐）,,,,,
3.4746972100001585,1788688524.219529,control,aborted,1,1,0.0006660969993390609,3.790029287338257,3790.0,0,20.0,3.408338047998768,nan,1,0,1,1.0,-0.22231586277484894,0.44938474893569946,0.04245943948626518,-0.002977972850203514,0.0020072725601494312,0.011196150444447994,-1.1334792375564575,0.7538934946060181,3.4772608280181885,-0.01872066780924797,0.20470812916755676,0.044833287596702576,0.0026272506582043793,0.024578610446129884,-0.9871964074600746,-0.22231586277484894,0.44938474893569946,0.04245943948626518,-0.9871964074600746,0.0,0.0,0.0,0.0,0.0,0.0,-0.002166219856370574,-0.0019528612660076683,0.012732247008992083,0.0,0.0,0.0,0.0026272506582043793,0.024578610446129884,-0.9871964074600746,0.0,0.0,0.0,0.0,0.0,0.0,zero,0.0,0.0,0.0,0.0,-0.002166219856370574,-0.0019528612660076683,0.012732247008992083,-0.1780152064032242,0.21905694561882164,0.2662502838914848,1,0.0013802051544189453,,,,,,,,,,,,,,,,,,,,,,3.4746972100001585,4,radio://0/80/2M/E7E7E7E704,2.0943951023931953,aborted,cf4 起飞前预检失败（电压或 EKF 对齐）,0.0,0.0,0.0,0,0.0,global_abort:cf4 起飞前预检失败（电压或 EKF 对齐）,,,,,
3.4746972100001585,1788688524.2197442,control,aborted,1,1,0.00014385400027094875,3.9747800827026367,3974.0,0,70.0,3.369256725000014,3.9747800827026367,1,1,0,1.0566622335352516,-0.35991036891937256,-0.3916417956352234,0.035976484417915344,-0.0013425997458398342,-0.0024851178750395775,0.0048077404499053955,-0.7471268177032471,-0.5662527680397034,0.8386148810386658,-0.06755758821964264,-0.20656496286392212,-0.049034133553504944,-0.009443958320594342,-0.04080568376964065,0.9234545751046629,-0.35991036891937256,-0.3916417956352234,0.035976484417915344,0.9234545751046629,0.0,0.0,0.0,0.0,0.0,0.0,0.0014179524775324616,-0.0037904262952472598,0.008080601239188965,0.0,0.0,0.0,-0.009443958320594342,-0.04080568376964065,0.9234545751046629,0.0,0.0,0.0,0.0,0.0,0.0,zero,0.0,0.0,0.0,0.0,0.0014179524775324616,-0.0037904262952472598,0.008080601239188965,-0.12899189077454787,0.011396110676606636,-0.11226709959837067,1,0.0015954971313476562,,,,,,,,,,,,,,,,,,,,,,3.4746972100001585,5,radio://0/80/2M/E7E7E7E705,4.1887902047863905,aborted,cf4 起飞前预检失败（电压或 EKF 对齐）,0.0,0.0,0.0,0,0.0,global_abort:cf4 起飞前预检失败（电压或 EKF 对齐）,,,,,
3.488937791000353,1788688524.23355,control,aborted,1,1,0.0043075479989056475,3.8850440979003906,3885.0,0,40.0,3.4604093199995987,3.8850440979003906,1,1,0,1.0810688100734358,0.46815112233161926,-0.042356640100479126,0.04533081129193306,-7.991383608896285e-05,-0.0027048371266573668,-0.008464179001748562,0.20853716135025024,-0.7260224223136902,-2.663085460662842,-0.06851764023303986,0.04868287593126297,-0.02523653581738472,-0.053077293119021436,-0.0011150135598098827,3.0412039491234966,0.46815112233161926,-0.042356640100479126,0.04533081129193306,3.0412039491234966,0.0,0.0,0.0,0.0,0.0,0.0,-0.0010105607981199904,-0.003447852397687042,-0.010281691523024265,0.0,0.0,0.0,-0.053077293119021436,-0.0011150135598098827,3.0412039491234966,0.0,0.0,0.0,0.0,0.0,0.0,zero,0.0,0.0,0.0,0.0,-0.0010105607981199904,-0.003447852397687042,-0.010281691523024265,0.06438134582949762,-0.0632850961890659,-0.2305200893234372,1,0.0053522586822509766,,,,,,,,,,,,,,,,,,,,,,3.488937791000353,2,radio://0/80/2M/E7E7E7E702,0.0,aborted,cf4 起飞前预检失败（电压或 EKF 对齐）,0.0,0.0,0.0,0,0.0,global_abort:cf4 起飞前预检失败（电压或 EKF 对齐）,,,,,
3.488937791000353,1788688524.2338188,control,aborted,1,1,0.004035095000290312,3.790029287338257,3790.0,0,20.0,3.422578628998963,nan,1,0,1,1.0,-0.2223152220249176,0.44934672117233276,0.042426832020282745,-0.0023696257267147303,0.0008489667088724673,0.008307946845889091,-0.8946757316589355,0.5800614953041077,2.7243258953094482,0.0021321410313248634,0.15341907739639282,0.04890036955475807,0.0035027638554100335,0.024056702425231367,-0.9865428705883292,-0.2223152220249176,0.44934672117233276,0.042426832020282745,-0.9865428705883292,0.0,0.0,0.0,0.0,0.0,0.0,-0.0032031661447148407,-0.00024398067003587615,0.013944004564581045,0.0,0.0,0.0,0.0035027638554100335,0.024056702425231367,-0.9865428705883292,0.0,0.0,0.0,0.0,0.0,0.0,zero,0.0,0.0,0.0,0.0,-0.0032031661447148407,-0.00024398067003587615,0.013944004564581045,-0.10318792770854615,0.17005301950715015,0.12058363335872742,1,0.0056209564208984375,,,,,,,,,,,,,,,,,,,,,,3.488937791000353,4,radio://0/80/2M/E7E7E7E704,2.0943951023931953,aborted,cf4 起飞前预检失败（电压或 EKF 对齐）,0.0,0.0,0.0,0,0.0,global_abort:cf4 起飞前预检失败（电压或 EKF 对齐）,,,,,
3.488937791000353,1788688524.2340398,control,aborted,1,1,0.004659799998989911,3.9747800827026367,3974.0,0,70.0,3.3834973060002085,3.9747800827026367,1,1,0,1.0566622335352516,-0.3599538207054138,-0.3916207253932953,0.035902902483940125,-0.00193888321518898,-0.0015687417471781373,0.0023817208129912615,-0.6095690727233887,-0.43476393818855286,0.6226078271865845,-0.04066601023077965,-0.17717912793159485,-0.03404679149389267,-0.008782615893328039,-0.04140255932727915,0.9237205950266553,-0.3599538207054138,-0.3916207253932953,0.035902902483940125,0.9237205950266553,0.0,0.0,0.0,0.0,0.0,0.0,0.00033431110517376564,-0.003534324207241294,0.006886191288799695,0.0,0.0,0.0,-0.008782615893328039,-0.04140255932727915,0.9237205950266553,0.0,0.0,0.0,0.0,0.0,0.0,zero,0.0,0.0,0.0,0.0,0.00033431110517376564,-0.003534324207241294,0.006886191288799695,-0.1078346186777757,0.025485065176677348,-0.11885734970123889,1,0.005841970443725586,,,,,,,,,,,,,,,,,,,,,,3.488937791000353,5,radio://0/80/2M/E7E7E7E705,4.1887902047863905,aborted,cf4 起飞前预检失败（电压或 EKF 对齐）,0.0,0.0,0.0,0,0.0,global_abort:cf4 起飞前预检失败（电压或 EKF 对齐）,,,,,
3.5038472160013043,1788688524.2484357,control,aborted,1,1,0.000756916000682395,3.8850440979003906,3885.0,0,40.0,3.47531874500055,3.8850440979003906,1,1,0,1.0810688100734358,0.4681738317012787,-0.042336564511060715,0.04534659534692764,0.00017612421652302146,-0.0019516556058079004,-0.00660449406132102,0.16953624784946442,-0.5728562474250793,-2.1108100414276123,-0.05791478604078293,0.0363079234957695,-0.018461115658283234,-0.05337083560020038,-0.0013555550276599215,3.041380476458401,0.4681738317012787,-0.042336564511060715,0.04534659534692764,3.041380476458401,0.0,0.0,0.0,0.0,0.0,0.0,-0.0003536748407827335,-0.003317337699551345,-0.010226878634004472,0.0,0.0,0.0,-0.05337083560020038,-0.0013555550276599215,3.041380476458401,0.0,0.0,0.0,0.0,0.0,0.0,zero,0.0,0.0,0.0,0.0,-0.0003536748407827335,-0.003317337699551345,-0.010226878634004472,0.03471923230005905,0.006898259998605619,0.002897095615546075,1,0.0013179779052734375,,,,,,,,,,,,,,,,,,,,,,3.5038472160013043,2,radio://0/80/2M/E7E7E7E702,0.0,aborted,cf4 起飞前预检失败（电压或 EKF 对齐）,0.0,0.0,0.0,0,0.0,global_abort:cf4 起飞前预检失败（电压或 EKF 对齐）,,,,,
3.5038472160013043,1788688524.2486725,control,aborted,1,1,0.00010418900092190597,3.790029287338257,3790.0,0,20.0,3.437488053999914,nan,1,0,1,1.0,-0.22231684625148773,0.4493683874607086,0.04245143011212349,-0.001912869862280786,0.0009082024917006493,0.006906378082931042,-0.7109123468399048,0.4646753668785095,2.164645195007324,-0.0020385750103741884,0.12690943479537964,0.03537644445896149,0.0031399908678774583,0.024452753516750053,-0.9868958434427162,-0.22231684625148773,0.4493683874607086,0.04245143011212349,-0.9868958434427162,0.0,0.0,0.0,0.0,0.0,0.0,-0.0031867023834090988,0.0008910760752568946,0.01206485525128187,0.0,0.0,0.0,0.0031399908678774583,0.024452753516750053,-0.9868958434427162,0.0,0.0,0.0,0.0,0.0,0.0,zero,0.0,0.0,0.0,0.0,-0.0031867023834090988,0.0008910760752568946,0.01206485525128187,0.0008701801993512613,0.05999260354615215,-0.09932107819658227,1,0.001554727554321289,,,,,,,,,,,,,,,,,,,,,,3.5038472160013043,4,radio://0/80/2M/E7E7E7E704,2.0943951023931953,aborted,cf4 起飞前预检失败（电压或 EKF 对齐）,0.0,0.0,0.0,0,0.0,global_abort:cf4 起飞前预检失败（电压或 EKF 对齐）,,,,,
3.5038472160013043,1788688524.2488756,control,aborted,1,1,0.0003893920002155937,3.9747800827026367,3974.0,0,70.0,3.3984067310011596,3.9747800827026367,1,1,0,1.0566622335352516,-0.3599132001399994,-0.3916511833667755,0.03596138209104538,-0.0011217163410037756,-0.001576957292854786,0.0025235505308955908,-0.4790171682834625,-0.347898006439209,0.49958550930023193,-0.036449771374464035,-0.1450246125459671,-0.02680772915482521,-0.009154966787005652,-0.041712596418569566,0.9237640498670608,-0.3599132001399994,-0.3916511833667755,0.03596138209104538,0.9237640498670608,0.0,0.0,0.0,0.0,0.0,0.0,-0.0008290187901143498,-0.002709858475095379,0.004854583775897346,0.0,0.0,0.0,-0.009154966787005652,-0.041712596418569566,0.9237640498670608,0.0,0.0,0.0,0.0,0.0,0.0,zero,0.0,0.0,0.0,0.0,-0.0008290187901143498,-0.002709858475095379,0.004854583775897346,-0.06148696044566918,0.043576540125542365,-0.10737914609854797,1,0.0017578601837158203,,,,,,,,,,,,,,,,,,,,,,3.5038472160013043,5,radio://0/80/2M/E7E7E7E705,4.1887902047863905,aborted,cf4 起飞前预检失败（电压或 EKF 对齐）,0.0,0.0,0.0,0,0.0,global_abort:cf4 起飞前预检失败（电压或 EKF 对齐）,,,,,
3.5176147900001524,1788688524.2622113,control,aborted,1,1,0.0005466949987749103,3.8850440979003906,3885.0,0,40.0,3.489086318999398,3.8850440979003906,1,1,0,1.0810688100734358,0.4681378901004791,-0.04236931353807449,0.04531215876340866,-0.0011405616533011198,-0.004068280570209026,-0.004787870682775974,0.022740161046385765,-0.5937039256095886,-1.2414366006851196,0.036493126302957535,0.03203727677464485,-0.0223277285695076,-0.052485098065458265,-0.0014775390011960744,3.041744959779111,0.4681378901004791,-0.04236931353807449,0.04531215876340866,3.041744959779111,0.0,0.0,0.0,0.0,0.0,0.0,0.0003148486416273747,-0.0033257779494321738,-0.009180149449704243,0.0,0.0,0.0,-0.052485098065458265,-0.0014775390011960744,3.041744959779111,0.0,0.0,0.0,0.0,0.0,0.0,zero,0.0,0.0,0.0,0.0,0.0003148486416273747,-0.0033257779494321738,-0.009180149449704243,0.007607074474590188,-0.01050809096537164,0.08104245753361182,1,0.0010044574737548828,,,,,,,,,,,,,,,,,,,,,,3.5176147900001524,2,radio://0/80/2M/E7E7E7E702,0.0,aborted,cf4 起飞前预检失败（电压或 EKF 对齐）,0.0,0.0,0.0,0,0.0,global_abort:cf4 起飞前预检失败（电压或 EKF 对齐）,,,,,
3.5176147900001524,1788688524.2624493,control,aborted,1,1,9.807799870031886e-05,3.790029287338257,3790.0,0,20.0,3.451255627998762,nan,1,0,1,1.0,-0.22230085730552673,0.44939061999320984,0.04251762852072716,-0.00010418170131742954,0.0012913667596876621,0.007526907604187727,-0.3216404318809509,0.3251038193702698,1.5034769773483276,0.017644308507442474,0.1787959337234497,0.028055228292942047,0.002841560801993379,0.024776109932421547,-0.9870947368734316,-0.22230085730552673,0.44939061999320984,0.04251762852072716,-0.9870947368734316,0.0,0.0,0.0,0.0,0.0,0.0,-0.00263166520339477,0.0022201654685790268,0.009100901713896785,0.0,0.0,0.0,0.002841560801993379,0.024776109932421547,-0.9870947368734316,0.0,0.0,0.0,0.0,0.0,0.0,zero,0.0,0.0,0.0,0.0,-0.00263166520339477,0.0022201654685790268,0.009100901713896785,0.04406916045248404,0.027837058312767934,-0.10701391738993356,1,0.0012423992156982422,,,,,,,,,,,,,,,,,,,,,,3.5176147900001524,4,radio://0/80/2M/E7E7E7E704,2.0943951023931953,aborted,cf4 起飞前预检失败（电压或 EKF 对齐）,0.0,0.0,0.0,0,0.0,global_abort:cf4 起飞前预检失败（电压或 EKF 对齐）,,,,,
3.5176147900001524,1788688524.2626536,control,aborted,1,1,0.0003368239995324984,3.9747800827026367,3974.0,0,70.0,3.4121743050000077,3.9747800827026367,1,1,0,1.0566622335352516,-0.35993197560310364,-0.3916337788105011,0.03595498949289322,0.001743227825500071,0.0006451751105487347,-0.0025055590085685253,0.016697216778993607,-0.038100771605968475,-0.17328156530857086,0.08516678959131241,0.11216489970684052,0.036094967275857925,-0.008415686235039988,-0.039226930976389594,0.9238422441909173,-0.35993197560310364,-0.3916337788105011,0.03595498949289322,0.9238422441909173,0.0,0.0,0.0,0.0,0.0,0.0,-0.0015709535709913997,-0.0011818183132902699,0.001128527822095787,0.0,0.0,0.0,-0.008415686235039988,-0.039226930976389594,0.9238422441909173,0.0,0.0,0.0,0.0,0.0,0.0,zero,0.0,0.0,0.0,0.0,-0.0015709535709913997,-0.0011818183132902699,0.001128527822095787,0.022755289698618394,0.0660640562364643,-0.1596725046996242,1,0.0014467239379882812,,,,,,,,,,,,,,,,,,,,,,3.5176147900001524,5,radio://0/80/2M/E7E7E7E705,4.1887902047863905,aborted,cf4 起飞前预检失败（电压或 EKF 对齐）,0.0,0.0,0.0,0,0.0,global_abort:cf4 起飞前预检失败（电压或 EKF 对齐）,,,,,
3.5318411230000493,1788688524.2764168,control,aborted,1,1,0.01477302799867175,3.8850440979003906,3885.0,0,40.0,3.5033126519992948,3.8850440979003906,1,1,0,1.0810688100734358,0.4681378901004791,-0.04236931353807449,0.04531215876340866,-0.0011405616533011198,-0.004068280570209026,-0.004787870682775974,0.022740161046385765,-0.5937039256095886,-1.2414366006851196,0.036493126302957535,0.03203727677464485,-0.0223277285695076,-0.052485098065458265,-0.0014775390011960744,3.041744959779111,0.4681378901004791,-0.04236931353807449,0.04531215876340866,3.041744959779111,0.0,0.0,0.0,0.0,0.0,0.0,0.0003148486416273747,-0.0033257779494321738,-0.009180149449704243,0.0,0.0,0.0,-0.052485098065458265,-0.0014775390011960744,3.041744959779111,0.0,0.0,0.0,0.0,0.0,0.0,zero,0.0,0.0,0.0,0.0,0.0003148486416273747,-0.0033257779494321738,-0.009180149449704243,0.007607074474590188,-0.01050809096537164,0.08104245753361182,1,0.01520991325378418,,,,,,,,,,,,,,,,,,,,,,3.5318411230000493,2,radio://0/80/2M/E7E7E7E702,0.0,aborted,cf4 起飞前预检失败（电压或 EKF 对齐）,0.0,0.0,0.0,0,0.0,global_abort:cf4 起飞前预检失败（电压或 EKF 对齐）,,,,,
3.5318411230000493,1788688524.276644,control,aborted,1,1,0.014324410998597159,3.790029287338257,3790.0,0,20.0,3.465481960998659,nan,1,0,1,1.0,-0.22230085730552673,0.44939061999320984,0.04251762852072716,-0.00010418170131742954,0.0012913667596876621,0.007526907604187727,-0.3216404318809509,0.3251038193702698,1.5034769773483276,0.017644308507442474,0.1787959337234497,0.028055228292942047,0.002841560801993379,0.024776109932421547,-0.9870947368734316,-0.22230085730552673,0.44939061999320984,0.04251762852072716,-0.9870947368734316,0.0,0.0,0.0,0.0,0.0,0.0,-0.00263166520339477,0.0022201654685790268,0.009100901713896785,0.0,0.0,0.0,0.002841560801993379,0.024776109932421547,-0.9870947368734316,0.0,0.0,0.0,0.0,0.0,0.0,zero,0.0,0.0,0.0,0.0,-0.00263166520339477,0.0022201654685790268,0.009100901713896785,0.04406916045248404,0.027837058312767934,-0.10701391738993356,1,0.015437126159667969,,,,,,,,,,,,,,,,,,,,,,3.5318411230000493,4,radio://0/80/2M/E7E7E7E704,2.0943951023931953,aborted,cf4 起飞前预检失败（电压或 EKF 对齐）,0.0,0.0,0.0,0,0.0,global_abort:cf4 起飞前预检失败（电压或 EKF 对齐）,,,,,
3.5318411230000493,1788688524.276845,control,aborted,1,1,0.014563156999429339,3.9747800827026367,3974.0,0,70.0,3.4264006379999046,3.9747800827026367,1,1,0,1.0566622335352516,-0.35993197560310364,-0.3916337788105011,0.03595498949289322,0.001743227825500071,0.0006451751105487347,-0.0025055590085685253,0.016697216778993607,-0.038100771605968475,-0.17328156530857086,0.08516678959131241,0.11216489970684052,0.036094967275857925,-0.008415686235039988,-0.039226930976389594,0.9238422441909173,-0.35993197560310364,-0.3916337788105011,0.03595498949289322,0.9238422441909173,0.0,0.0,0.0,0.0,0.0,0.0,-0.0015709535709913997,-0.0011818183132902699,0.001128527822095787,0.0,0.0,0.0,-0.008415686235039988,-0.039226930976389594,0.9238422441909173,0.0,0.0,0.0,0.0,0.0,0.0,zero,0.0,0.0,0.0,0.0,-0.0015709535709913997,-0.0011818183132902699,0.001128527822095787,0.022755289698618394,0.0660640562364643,-0.1596725046996242,1,0.015638113021850586,,,,,,,,,,,,,,,,,,,,,,3.5318411230000493,5,radio://0/80/2M/E7E7E7E705,4.1887902047863905,aborted,cf4 起飞前预检失败（电压或 EKF 对齐）,0.0,0.0,0.0,0,0.0,global_abort:cf4 起飞前预检失败（电压或 EKF 对齐）,,,,,
3.546117026000502,1788688524.2906911,control,aborted,1,1,0.00899375799963309,3.8850440979003906,3885.0,0,40.0,3.5175885549997474,3.8850440979003906,1,1,0,1.0810688100734358,0.46819236874580383,-0.04233817756175995,0.0453622043132782,0.0010162313701584935,-0.001197715988382697,-0.0023578645195811987,0.09907286614179611,-0.2733091115951538,-0.7351747155189514,0.03284692391753197,-0.015558680519461632,-0.02787085995078087,-0.05305468738107841,-0.0018657452976568914,3.041226547857348,0.46819236874580383,-0.04233817756175995,0.0453622043132782,3.041226547857348,0.0,0.0,0.0,0.0,0.0,0.0,-0.00035190337249663205,-0.003852190719296062,-0.005775150872897286,0.0,0.0,0.0,-0.05305468738107841,-0.0018657452976568914,3.041226547857348,0.0,0.0,0.0,0.0,0.0,0.0,zero,0.0,0.0,0.0,0.0,-0.00035190337249663205,-0.003852190719296062,-0.005775150872897286,-0.07165580570814235,-0.05286910902170046,0.37571443318093106,1,0.00953054428100586,,,,,,,,,,,,,,,,,,,,,,3.546117026000502,2,radio://0/80/2M/E7E7E7E702,0.0,aborted,cf4 起飞前预检失败（电压或 EKF 对齐）,0.0,0.0,0.0,0,0.0,global_abort:cf4 起飞前预检失败（电压或 EKF 对齐）,,,,,
3.546117026000502,1788688524.290925,control,aborted,1,1,0.00867598500008171,3.790029287338257,3790.0,0,20.0,3.4797578639991116,nan,1,0,1,1.0,-0.22228847444057465,0.4493604600429535,0.04247184470295906,0.00041313996189273894,-0.0010788717772811651,0.0042551732622087,-0.18308714032173157,0.09744128584861755,0.8823014497756958,0.020050086081027985,0.11465784162282944,0.011886806227266788,0.003430496411649251,0.024759063822674704,-0.9867305403109562,-0.22228847444057465,0.4493604600429535,0.04247184470295906,-0.9867305403109562,0.0,0.0,0.0,0.0,0.0,0.0,-0.0007947877586220965,0.0018552648744453368,0.007163918518210718,0.0,0.0,0.0,0.003430496411649251,0.024759063822674704,-0.9867305403109562,0.0,0.0,0.0,0.0,0.0,0.0,zero,0.0,0.0,0.0,0.0,-0.0007947877586220965,0.0018552648744453368,0.007163918518210718,0.20098151241457068,-0.04414693491263822,-0.2142963557774132,1,0.009764432907104492,,,,,,,,,,,,,,,,,,,,,,3.546117026000502,4,radio://0/80/2M/E7E7E7E704,2.0943951023931953,aborted,cf4 起飞前预检失败（电压或 EKF 对齐）,0.0,0.0,0.0,0,0.0,global_abort:cf4 起飞前预检失败（电压或 EKF 对齐）,,,,,
3.546117026000502,1788688524.2911253,control,aborted,1,1,0.008479054000417818,3.9747800827026367,3974.0,0,70.0,3.4406765410003572,3.9747800827026367,1,1,0,1.0566622335352516,-0.35990428924560547,-0.39164817333221436,0.03597891703248024,0.000289271236397326,-0.0003229058929719031,-0.0009492696262896061,-0.07384759932756424,-0.06685557961463928,-0.06105831637978554,0.040101710706949234,0.03515606373548508,0.0014257803559303284,-0.00968393102218866,-0.04095422233830795,0.923566351042712,-0.35990428924560547,-0.39164817333221436,0.03597891703248024,0.923566351042712,0.0,0.0,0.0,0.0,0.0,0.0,0.0008547051314901009,0.0004252521637929668,-0.0024150309975766956,0.0,0.0,0.0,-0.00968393102218866,-0.04095422233830795,0.923566351042712,0.0,0.0,0.0,0.0,0.0,0.0,zero,0.0,0.0,0.0,0.0,0.0008547051314901009,0.0004252521637929668,-0.0024150309975766956,0.2637243705012194,0.17250382651192886,-0.3785270092443165,1,0.009964704513549805,,,,,,,,,,,,,,,,,,,,,,3.546117026000502,5,radio://0/80/2M/E7E7E7E705,4.1887902047863905,aborted,cf4 起飞前预检失败（电压或 EKF 对齐）,0.0,0.0,0.0,0,0.0,global_abort:cf4 起飞前预检失败（电压或 EKF 对齐）,,,,,
3.5603214830007346,1788688524.3049111,control,aborted,1,1,0.005014065000068513,3.8850440979003906,3885.0,0,40.0,3.53179301199998,3.8850440979003906,1,1,0,1.0810688100734358,0.4681292772293091,-0.042355041950941086,0.04530520364642143,-0.001013200031593442,-0.0015041058650240302,-0.00314773665741086,0.011547088623046875,-0.19142374396324158,-0.49959492683410645,0.05882278084754944,-0.007482565939426422,-0.007480103522539139,-0.051732044733112374,-0.0015031923106101003,3.041356663595343,0.4681292772293091,-0.042355041950941086,0.04530520364642143,3.041356663595343,0.0,0.0,0.0,0.0,0.0,0.0,-0.0002906167701471111,-0.003170671242201733,-0.003378273556470589,0.0,0.0,0.0,-0.051732044733112374,-0.0015031923106101003,3.041356663595343,0.0,0.0,0.0,0.0,0.0,0.0,zero,0.0,0.0,0.0,0.0,-0.0002906167701471111,-0.003170671242201733,-0.003378273556470589,0.00822032534555145,0.05459589695405048,0.1429476624388818,1,0.005530834197998047,,,,,,,,,,,,,,,,,,,,,,3.5603214830007346,2,radio://0/80/2M/E7E7E7E702,0.0,aborted,cf4 起飞前预检失败（电压或 EKF 对齐）,0.0,0.0,0.0,0,0.0,global_abort:cf4 起飞前预检失败（电压或 EKF 对齐）,,,,,
3.5603214830007346,1788688524.305149,control,aborted,1,1,0.004452012999536237,3.790029287338257,3790.0,0,20.0,3.4939623209993442,nan,1,0,1,1.0,-0.22234958410263062,0.4493829905986786,0.04238426685333252,-0.0013042354257777333,8.377752965316176e-05,0.000587451970204711,-0.16127288341522217,0.09436476230621338,0.47979748249053955,0.025359494611620903,0.06381410360336304,0.011628798209130764,0.0034857422691345107,0.024283616073578308,-0.9867297678161615,-0.22234958410263062,0.4493829905986786,0.04238426685333252,-0.9867297678161615,0.0,0.0,0.0,0.0,0.0,0.0,0.00018701740952051178,0.0008621895316958349,0.00532543572195521,0.0,0.0,0.0,0.0034857422691345107,0.024283616073578308,-0.9867297678161615,0.0,0.0,0.0,0.0,0.0,0.0,zero,0.0,0.0,0.0,0.0,0.00018701740952051178,0.0008621895316958349,0.00532543572195521,0.052831847477315126,-0.0680052368153554,-0.12253836125708902,1,0.005768775939941406,,,,,,,,,,,,,,,,,,,,,,3.5603214830007346,4,radio://0/80/2M/E7E7E7E704,2.0943951023931953,aborted,cf4 起飞前预检失败（电压或 EKF 对齐）,0.0,0.0,0.0,0,0.0,global_abort:cf4 起飞前预检失败（电压或 EKF 对齐）,,,,,
3.5603214830007346,1788688524.3053546,control,aborted,1,1,0.004698721999375266,3.9747800827026367,3974.0,0,70.0,3.45488099800059,3.9747800827026367,1,1,0,1.0566622335352516,-0.3599136173725128,-0.3916007876396179,0.035877034068107605,-0.0003684372641146183,0.0008280168403871357,-0.0027564167976379395,-0.07001956552267075,-0.0168865155428648,-0.0792713612318039,-0.0041441284120082855,-0.029323939234018326,0.0008120797574520111,-0.010087412994164604,-0.042691232993320276,0.9238378242061792,-0.3599136173725128,-0.3916007876396179,0.035877034068107605,0.9238378242061792,0.0,0.0,0.0,0.0,0.0,0.0,0.001660194683649988,0.000852758998709536,-0.003308529233487031,0.0,0.0,0.0,-0.010087412994164604,-0.042691232993320276,0.9238378242061792,0.0,0.0,0.0,0.0,0.0,0.0,zero,0.0,0.0,0.0,0.0,0.001660194683649988,0.000852758998709536,-0.003308529233487031,0.03534029950464395,0.019139214462025107,-0.03890728284758102,1,0.005974292755126953,,,,,,,,,,,,,,,,,,,,,,3.5603214830007346,5,radio://0/80/2M/E7E7E7E705,4.1887902047863905,aborted,cf4 起飞前预检失败（电压或 EKF 对齐）,0.0,0.0,0.0,0,0.0,global_abort:cf4 起飞前预检失败（电压或 EKF 对齐）,,,,,
3.574647031000495,1788688524.3192506,control,aborted,1,1,0.006412094999177498,3.8850440979003906,3885.0,0,40.0,3.5461185599997407,3.8850440979003906,1,1,0,1.0810688100734358,0.46815717220306396,-0.04235995560884476,0.04533733054995537,-0.00036602243199013174,-0.0012815893860533834,-0.002006211318075657,0.019551169127225876,-0.14959295094013214,-0.3814844489097595,0.03179624304175377,-0.002758149988949299,-0.009928522631525993,-0.05268937813208416,-0.0013138324614387657,3.0410989181747463,0.46815717220306396,-0.04235995560884476,0.04533733054995537,3.0410989181747463,0.0,0.0,0.0,0.0,0.0,0.0,-0.0002910319553826381,-0.0025642709969486335,-0.0027145942432458435,0.0,0.0,0.0,-0.05268937813208416,-0.0013138324614387657,3.0410989181747463,0.0,0.0,0.0,0.0,0.0,0.0,zero,0.0,0.0,0.0,0.0,-0.0002910319553826381,-0.0025642709969486335,-0.0027145942432458435,-3.308532686308753e-05,0.048322889658130794,0.052887350347224284,1,0.007321357727050781,,,,,,,,,,,,,,,,,,,,,,3.574647031000495,2,radio://0/80/2M/E7E7E7E702,0.0,aborted,cf4 起飞前预检失败（电压或 EKF 对齐）,0.0,0.0,0.0,0,0.0,global_abort:cf4 起飞前预检失败（电压或 EKF 对齐）,,,,,
3.574647031000495,1788688524.3195093,control,aborted,1,1,0.0061527060006483225,3.790029287338257,3790.0,0,20.0,3.508287868999105,nan,1,0,1,1.0,-0.22229407727718353,0.44933992624282837,0.042398810386657715,-0.0001588250743225217,-0.0006192566361278296,0.0007017290336079895,-0.11076491326093674,0.0642881691455841,0.3856591284275055,0.011295326985418797,0.06632187962532043,0.005536817945539951,0.002915694346565973,0.025242604734361438,-0.9869631119802971,-0.22229407727718353,0.44933992624282837,0.042398810386657715,-0.9869631119802971,0.0,0.0,0.0,0.0,0.0,0.0,0.0001827050752719166,0.00036481469125376395,0.004027271525805877,0.0,0.0,0.0,0.002915694346565973,0.025242604734361438,-0.9869631119802971,0.0,0.0,0.0,0.0,0.0,0.0,zero,0.0,0.0,0.0,0.0,0.0001827050752719166,0.00036481469125376395,0.004027271525805877,-0.00034364176745487303,-0.03963486116893149,-0.10344825171117399,1,0.0075800418853759766,,,,,,,,,,,,,,,,,,,,,,3.574647031000495,4,radio://0/80/2M/E7E7E7E704,2.0943951023931953,aborted,cf4 起飞前预检失败（电压或 EKF 对齐）,0.0,0.0,0.0,0,0.0,global_abort:cf4 起飞前预检失败（电压或 EKF 对齐）,,,,,
3.574647031000495,1788688524.3197312,control,aborted,1,1,0.006742780000422499,3.9747800827026367,3974.0,0,70.0,3.4692065460003505,3.9747800827026367,1,1,0,1.0566622335352516,-0.3598962426185608,-0.3916459083557129,0.03591037169098854,-1.7863698303699493e-05,-5.663558840751648e-05,-0.0016738611739128828,-0.05042887106537819,-0.027607137337327003,-0.046165354549884796,-0.0022537673357874155,-0.015702184289693832,-0.015496171079576015,-0.009977558517458332,-0.04221466839454923,0.9228188846031257,-0.3598962426185608,-0.3916459083557129,0.03591037169098854,0.9228188846031257,0.0,0.0,0.0,0.0,0.0,0.0,0.0014132894560843646,0.0008252076131955056,-0.00320228362520339,0.0,0.0,0.0,-0.009977558517458332,-0.04221466839454923,0.9228188846031257,0.0,0.0,0.0,0.0,0.0,0.0,zero,0.0,0.0,0.0,0.0,0.0014132894560843646,0.0008252076131955056,-0.00320228362520339,-0.01967541101948179,-0.0021955178490527015,0.008466511756782846,1,0.007802009582519531,,,,,,,,,,,,,,,,,,,,,,3.574647031000495,5,radio://0/80/2M/E7E7E7E705,4.1887902047863905,aborted,cf4 起飞前预检失败（电压或 EKF 对齐）,0.0,0.0,0.0,0,0.0,global_abort:cf4 起飞前预检失败（电压或 EKF 对齐）,,,,,
3.588943050001035,1788688524.3335576,control,aborted,1,1,0.004522757000813726,3.8850440979003906,3885.0,0,40.0,3.5604145790002804,3.8850440979003906,1,1,0,1.0810688100734358,0.4681639075279236,-0.04232272878289223,0.04537453129887581,-8.051953773247078e-05,0.00018456269754096866,-0.00026205898029729724,0.019235242158174515,-0.056686677038669586,-0.1981530338525772,0.004531608894467354,-0.003889848478138447,-0.011668378487229347,-0.05301721171422713,-0.001421171400597788,3.04098499316257,0.4681639075279236,-0.04232272878289223,0.04537453129887581,3.04098499316257,0.0,0.0,0.0,0.0,0.0,0.0,-0.00033326965862933886,-0.0016014929839340804,-0.001910559480608082,0.0,0.0,0.0,-0.05301721171422713,-0.001421171400597788,3.04098499316257,0.0,0.0,0.0,0.0,0.0,0.0,zero,0.0,0.0,0.0,0.0,-0.00033326965862933886,-0.0016014929839340804,-0.001910559480608082,-0.0021130224555805017,0.07029405907620256,0.05788109985773593,1,0.0054280757904052734,,,,,,,,,,,,,,,,,,,,,,3.588943050001035,2,radio://0/80/2M/E7E7E7E702,0.0,aborted,cf4 起飞前预检失败（电压或 EKF 对齐）,0.0,0.0,0.0,0,0.0,global_abort:cf4 起飞前预检失败（电压或 EKF 对齐）,,,,,
3.588943050001035,1788688524.3338056,control,aborted,1,1,0.004689225001129671,3.790029287338257,3790.0,0,20.0,3.5225838879996445,nan,1,0,1,1.0,-0.22226561605930328,0.44935327768325806,0.042538125067949295,0.0002830301527865231,0.000682173646055162,0.003197533544152975,-0.06783458590507507,0.09386354684829712,0.294508695602417,-0.01855500601232052,0.027427220717072487,0.012161021120846272,0.002648419552258164,0.02476295620031117,-0.9871320169683958,-0.22226561605930328,0.44935327768325806,0.042538125067949295,-0.9871320169683958,0.0,0.0,0.0,0.0,0.0,0.0,8.068166299055507e-05,-0.00036211155347524315,0.0021253809083750107,0.0,0.0,0.0,0.002648419552258164,0.02476295620031117,-0.9871320169683958,0.0,0.0,0.0,0.0,0.0,0.0,zero,0.0,0.0,0.0,0.0,8.068166299055507e-05,-0.00036211155347524315,0.0021253809083750107,-0.0054519337277038685,-0.05045643266856535,-0.12601824246584614,1,0.0056760311126708984,,,,,,,,,,,,,,,,,,,,,,3.588943050001035,4,radio://0/80/2M/E7E7E7E704,2.0943951023931953,aborted,cf4 起飞前预检失败（电压或 EKF 对齐）,0.0,0.0,0.0,0,0.0,global_abort:cf4 起飞前预检失败（电压或 EKF 对齐）,,,,,
3.588943050001035,1788688524.3340073,control,aborted,1,1,0.004919580000205315,3.9747800827026367,3974.0,0,70.0,3.48350256500089,3.9747800827026367,1,1,0,1.0566622335352516,-0.3598766624927521,-0.3915974199771881,0.035917412489652634,0.00031243712874129415,0.0015526039060205221,-0.000711896806024015,-0.027850914746522903,0.034348055720329285,-0.0014218147844076157,-0.014090318232774734,-0.0241166390478611,-0.008865523152053356,-0.010215663168654647,-0.04278516029375398,0.9229922094830197,-0.3598766624927521,-0.3915974199771881,0.035917412489652634,0.9229922094830197,0.0,0.0,0.0,0.0,0.0,0.0,0.0007933622156000233,0.0006130070852185307,-0.002689574936825126,0.0,0.0,0.0,-0.010215663168654647,-0.04278516029375398,0.9229922094830197,0.0,0.0,0.0,0.0,0.0,0.0,zero,0.0,0.0,0.0,0.0,0.0007933622156000233,0.0006130070852185307,-0.002689574936825126,-0.044857482583061055,-0.016009376681216065,0.04270352003028766,1,0.00587773323059082,,,,,,,,,,,,,,,,,,,,,,3.588943050001035,5,radio://0/80/2M/E7E7E7E705,4.1887902047863905,aborted,cf4 起飞前预检失败（电压或 EKF 对齐）,0.0,0.0,0.0,0,0.0,global_abort:cf4 起飞前预检失败（电压或 EKF 对齐）,,,,,
3.6032201220004936,1788688524.3478084,control,aborted,1,1,0.0027359750001778593,3.8850440979003906,3885.0,0,40.0,3.574691650999739,3.8850440979003906,1,1,0,1.0810688100734358,0.4681650698184967,-0.04234518110752106,0.04534599184989929,-4.988753062207252e-05,-0.00013299364945851266,-0.000566377304494381,0.015771079808473587,-0.049318648874759674,-0.16232626140117645,0.00574829988181591,-0.0009263537358492613,-0.002830302808433771,-0.05284803732970772,-0.0012190361905690449,3.041495384386853,0.4681650698184967,-0.04234518110752106,0.04534599184989929,3.041495384386853,0.0,0.0,0.0,0.0,0.0,0.0,-0.0002642562687269822,-0.0009607560295870111,-0.001355244616716053,0.0,0.0,0.0,-0.05284803732970772,-0.0012190361905690449,3.041495384386853,0.0,0.0,0.0,0.0,0.0,0.0,zero,0.0,0.0,0.0,0.0,-0.0002642562687269822,-0.0009607560295870111,-0.001355244616716053,0.004313328127688002,0.040045978491196864,0.0347071086572858,1,0.0036787986755371094,,,,,,,,,,,,,,,,,,,,,,3.6032201220004936,2,radio://0/80/2M/E7E7E7E702,0.0,aborted,cf4 起飞前预检失败（电压或 EKF 对齐）,0.0,0.0,0.0,0,0.0,global_abort:cf4 起飞前预检失败（电压或 EKF 对齐）,,,,,
3.6032201220004936,1788688524.3480523,control,aborted,1,1,0.0030064040001889225,3.790029287338257,3790.0,0,20.0,3.536860959999103,nan,1,0,1,1.0,-0.2222694754600525,0.44934964179992676,0.04251546040177345,0.00017818337073549628,0.0005002920515835285,0.0022747288458049297,-0.05557820945978165,0.07281740009784698,0.22407232224941254,-0.01333101000636816,0.03206486254930496,0.005213929805904627,0.0027604240803317595,0.02557380713366093,-0.9874912020471278,-0.2222694754600525,0.44934964179992676,0.04251546040177345,-0.9874912020471278,0.0,0.0,0.0,0.0,0.0,0.0,0.00014631367739498797,-0.00031785517087556974,0.0020671642023893113,0.0,0.0,0.0,0.0027604240803317595,0.02557380713366093,-0.9874912020471278,0.0,0.0,0.0,0.0,0.0,0.0,zero,0.0,0.0,0.0,0.0,0.00014631367739498797,-0.00031785517087556974,0.0020671642023893113,0.0041019925873514804,0.0027660183069832746,-0.003638536750400736,1,0.003922700881958008,,,,,,,,,,,,,,,,,,,,,,3.6032201220004936,4,radio://0/80/2M/E7E7E7E704,2.0943951023931953,aborted,cf4 起飞前预检失败（电压或 EKF 对齐）,0.0,0.0,0.0,0,0.0,global_abort:cf4 起飞前预检失败（电压或 EKF 对齐）,,,,,
3.6032201220004936,1788688524.3482556,control,aborted,1,1,0.0031960699998307973,3.9747800827026367,3974.0,0,70.0,3.497779637000349,3.9747800827026367,1,1,0,1.0566622335352516,-0.3598693907260895,-0.39164143800735474,0.03592345118522644,0.0003408434859011322,0.0006918778526596725,-0.0004940364742651582,-0.0219256654381752,0.016719762235879898,0.0015857029939070344,0.0005186302587389946,-0.014646600000560284,0.0027665761299431324,-0.009305817654003517,-0.042405724118225165,0.9237779667354579,-0.3598693907260895,-0.39164143800735474,0.03592345118522644,0.9237779667354579,0.0,0.0,0.0,0.0,0.0,0.0,0.0005389018271658666,0.0006773320767245775,-0.0019926277122532914,0.0,0.0,0.0,-0.009305817654003517,-0.042405724118225165,0.9237779667354579,0.0,0.0,0.0,0.0,0.0,0.0,zero,0.0,0.0,0.0,0.0,0.0005389018271658666,0.0006773320767245775,-0.0019926277122532914,-0.01590374204728036,0.004020303821749365,0.04355911326067358,1,0.004126071929931641,,,,,,,,,,,,,,,,,,,,,,3.6032201220004936,5,radio://0/80/2M/E7E7E7E705,4.1887902047863905,aborted,cf4 起飞前预检失败（电压或 EKF 对齐）,0.0,0.0,0.0,0,0.0,global_abort:cf4 起飞前预检失败（电压或 EKF 对齐）,,,,,
3.617502183000397,1788688524.3621,control,aborted,1,1,0.002396533000137424,3.8850440979003906,3885.0,0,40.0,3.5889737119996425,3.8850440979003906,1,1,0,1.0810688100734358,0.4681668281555176,-0.042374998331069946,0.04534735158085823,-0.00034652772592380643,-0.0013491993304342031,-0.00035279482835903764,-0.008111495524644852,-0.07745422422885895,-0.09939445555210114,0.0203612819314003,0.02609160915017128,-0.0037643611431121826,-0.05219291915409089,-0.00046022299498970536,3.041205811829523,0.4681668281555176,-0.042374998331069946,0.04534735158085823,3.041205811829523,0.0,0.0,0.0,0.0,0.0,0.0,-7.012669325930388e-05,-6.876835985076657e-05,-0.000608769310910421,0.0,0.0,0.0,-0.05219291915409089,-0.00046022299498970536,3.041205811829523,0.0,0.0,0.0,0.0,0.0,0.0,zero,0.0,0.0,0.0,0.0,-7.012669325930388e-05,-6.876835985076657e-05,-0.000608769310910421,0.015324029416150695,0.05543557919188855,0.046168549188951344,1,0.0033941268920898438,,,,,,,,,,,,,,,,,,,,,,3.617502183000397,2,radio://0/80/2M/E7E7E7E702,0.0,aborted,cf4 起飞前预检失败（电压或 EKF 对齐）,0.0,0.0,0.0,0,0.0,global_abort:cf4 起飞前预检失败（电压或 EKF 对齐）,,,,,
3.617502183000397,1788688524.3623416,control,aborted,1,1,0.002690408000489697,3.790029287338257,3790.0,0,20.0,3.5511430209990067,nan,1,0,1,1.0,-0.22222957015037537,0.44931814074516296,0.042530037462711334,0.0009344437276013196,-0.0006057956488803029,0.002125722821801901,-0.022117311134934425,0.015017230063676834,0.14923784136772156,0.022440820932388306,0.009857706725597382,0.023005634546279907,0.003595911486336798,0.024564401047697578,-0.9866498872676235,-0.22222957015037537,0.44931814074516296,0.042530037462711334,-0.9866498872676235,0.0,0.0,0.0,0.0,0.0,0.0,0.00031184134813351115,-0.00011363955455463625,0.001995151075686797,0.0,0.0,0.0,0.003595911486336798,0.024564401047697578,-0.9866498872676235,0.0,0.0,0.0,0.0,0.0,0.0,zero,0.0,0.0,0.0,0.0,0.00031184134813351115,-0.00011363955455463625,0.001995151075686797,0.013901235762707197,0.014372103045344331,-0.006928766577871434,1,0.003635883331298828,,,,,,,,,,,,,,,,,,,,,,3.617502183000397,4,radio://0/80/2M/E7E7E7E704,2.0943951023931953,aborted,cf4 起飞前预检失败（电压或 EKF 对齐）,0.0,0.0,0.0,0,0.0,global_abort:cf4 起飞前预检失败（电压或 EKF 对齐）,,,,,
3.617502183000397,1788688524.3625455,control,aborted,1,1,0.0029821099997207057,3.9747800827026367,3974.0,0,70.0,3.5120616980002524,3.9747800827026367,1,1,0,1.0566622335352516,-0.3598806858062744,-0.3916359543800354,0.035933967679739,-0.00012532545952126384,0.0004168120212852955,0.00011318246833980083,-0.027409734204411507,-0.0009642913937568665,0.0210574921220541,0.012546723708510399,0.004233046900480986,0.003212100826203823,-0.009037760224143461,-0.04174778888903543,0.9236419440077985,-0.3598806858062744,-0.3916359543800354,0.035933967679739,0.9236419440077985,0.0,0.0,0.0,0.0,0.0,0.0,0.00023550396400075511,0.0008024234963458882,-0.0010002620032747362,0.0,0.0,0.0,-0.009037760224143461,-0.04174778888903543,0.9236419440077985,0.0,0.0,0.0,0.0,0.0,0.0,zero,0.0,0.0,0.0,0.0,0.00023550396400075511,0.0008024234963458882,-0.0010002620032747362,-0.018344456505198014,0.007816837895234885,0.06307552413791007,1,0.003839731216430664,,,,,,,,,,,,,,,,,,,,,,3.617502183000397,5,radio://0/80/2M/E7E7E7E705,4.1887902047863905,aborted,cf4 起飞前预检失败（电压或 EKF 对齐）,0.0,0.0,0.0,0,0.0,global_abort:cf4 起飞前预检失败（电压或 EKF 对齐）,,,,,
3.6317522959998314,1788688524.3763294,control,aborted,1,1,0.0007544229993072804,3.8850440979003906,3885.0,0,40.0,3.603223824999077,3.8850440979003906,1,1,0,1.0810688100734358,0.4681430160999298,-0.04232340306043625,0.045349184423685074,-0.0005752621218562126,-0.0004335750709287822,-0.0002592953678686172,-0.009352115914225578,-0.05050310492515564,-0.07834529876708984,0.008928481489419937,0.009264945983886719,-0.006403419189155102,-0.05278078360196421,-0.0014006179505188432,3.0409838337171107,0.4681430160999298,-0.04232340306043625,0.045349184423685074,3.0409838337171107,0.0,0.0,0.0,0.0,0.0,0.0,-2.008474361346492e-05,-6.461867792890101e-05,-0.000399858067726022,0.0,0.0,0.0,-0.05278078360196421,-0.0014006179505188432,3.0409838337171107,0.0,0.0,0.0,0.0,0.0,0.0,zero,0.0,0.0,0.0,0.0,-2.008474361346492e-05,-6.461867792890101e-05,-0.000399858067726022,0.003131675413555862,0.0002596912578497861,0.013073875189240807,1,0.0016443729400634766,,,,,,,,,,,,,,,,,,,,,,3.6317522959998314,2,radio://0/80/2M/E7E7E7E702,0.0,aborted,cf4 起飞前预检失败（电压或 EKF 对齐）,0.0,0.0,0.0,0,0.0,global_abort:cf4 起飞前预检失败（电压或 EKF 对齐）,,,,,
3.6317522959998314,1788688524.3766038,control,aborted,1,1,0.000521313999342965,3.790029287338257,3790.0,0,20.0,3.565393133998441,nan,1,0,1,1.0,-0.22223836183547974,0.44935885071754456,0.04245447739958763,0.000637515215203166,2.4903682060539722e-05,0.0007548422436229885,-0.02141031064093113,0.019907837733626366,0.10223185271024704,0.022076351568102837,0.007246023043990135,0.01685425266623497,0.003922331196523673,0.02451372268777027,-0.986773994349358,-0.22223836183547974,0.44935885071754456,0.04245447739958763,-0.986773994349358,0.0,0.0,0.0,0.0,0.0,0.0,0.0005485882676112011,-0.00010070513535016245,0.0018198361899142237,0.0,0.0,0.0,0.003922331196523673,0.02451372268777027,-0.986773994349358,0.0,0.0,0.0,0.0,0.0,0.0,zero,0.0,0.0,0.0,0.0,0.0005485882676112011,-0.00010070513535016245,0.0018198361899142237,0.014815859737891334,0.0008094489303064853,-0.010971381436773694,1,0.001918792724609375,,,,,,,,,,,,,,,,,,,,,,3.6317522959998314,4,radio://0/80/2M/E7E7E7E704,2.0943951023931953,aborted,cf4 起飞前预检失败（电压或 EKF 对齐）,0.0,0.0,0.0,0,0.0,global_abort:cf4 起飞前预检失败（电压或 EKF 对齐）,,,,,
3.6317522959998314,1788688524.3768187,control,aborted,1,1,0.0011097159986093175,3.9747800827026367,3974.0,0,70.0,3.5263118109996867,3.9747800827026367,1,1,0,1.0566622335352516,-0.3598414361476898,-0.3916126489639282,0.035907626152038574,0.00039100198773667216,0.0006251482991501689,-0.0002391537418588996,-0.01546525303274393,0.0018361762631684542,0.012436030432581902,0.007893468253314495,0.019606538116931915,-0.0003764017019420862,-0.009198885295045126,-0.04045407877950588,0.9233945427863822,-0.3598414361476898,-0.3916126489639282,0.035907626152038574,0.9233945427863822,0.0,0.0,0.0,0.0,0.0,0.0,0.0001494286157448168,0.0007728553048973126,-0.000578163935175528,0.0,0.0,0.0,-0.009198885295045126,-0.04045407877950588,0.9233945427863822,0.0,0.0,0.0,0.0,0.0,0.0,zero,0.0,0.0,0.0,0.0,0.0001494286157448168,0.0007728553048973126,-0.000578163935175528,-0.005386681649179003,-0.001850407085218683,0.026415320572659447,1,0.002133607864379883,,,,,,,,,,,,,,,,,,,,,,3.6317522959998314,5,radio://0/80/2M/E7E7E7E705,4.1887902047863905,aborted,cf4 起飞前预检失败（电压或 EKF 对齐）,0.0,0.0,0.0,0,0.0,global_abort:cf4 起飞前预检失败（电压或 EKF 对齐）,,,,,
3.6460376880004333,1788688524.3906207,control,aborted,1,1,0.011581082999327919,3.8850440979003906,3885.0,0,40.0,3.6175092169996788,3.8850440979003906,1,1,0,1.0810688100734358,0.46811267733573914,-0.04235593229532242,0.04532039910554886,-0.002164734760299325,-0.0021744524128735065,-0.001824683859013021,-0.09678315371274948,-0.13821032643318176,-0.1506245881319046,0.008695568889379501,0.019820276647806168,0.01706915907561779,-0.05275363251128012,-0.0011592375357877076,3.0413666258868157,0.46811267733573914,-0.04235593229532242,0.04532039910554886,3.0413666258868157,0.0,0.0,0.0,0.0,0.0,0.0,2.7360117308262397e-07,-8.407128935641207e-05,-0.00023849783671048595,0.0,0.0,0.0,-0.05275363251128012,-0.0011592375357877076,3.0413666258868157,0.0,0.0,0.0,0.0,0.0,0.0,zero,0.0,0.0,0.0,0.0,2.7360117308262397e-07,-8.407128935641207e-05,-0.00023849783671048595,0.005716998324290005,-0.005462651708680726,0.04531292597679345,1,0.012374639511108398,,,,,,,,,,,,,,,,,,,,,,3.6460376880004333,2,radio://0/80/2M/E7E7E7E702,0.0,aborted,cf4 起飞前预检失败（电压或 EKF 对齐）,0.0,0.0,0.0,0,0.0,global_abort:cf4 起飞前预检失败（电压或 EKF 对齐）,,,,,
3.6460376880004333,1788688524.39086,control,aborted,1,1,0.011957085000176448,3.790029287338257,3790.0,0,20.0,3.579678525999043,nan,1,0,1,1.0,-0.22224098443984985,0.4493334889411926,0.04247049614787102,0.00036266620736569166,-0.0014049796154722571,0.001503856386989355,-0.032570112496614456,-0.06440896540880203,0.12386740744113922,-0.014954915270209312,-0.01290544867515564,-0.019458472728729248,0.0033274932271241107,0.024182969832616582,-0.9873617029485181,-0.22224098443984985,0.4493334889411926,0.04247049614787102,-0.9873617029485181,0.0,0.0,0.0,0.0,0.0,0.0,0.0007403810060101666,-9.89291893829314e-05,0.0016675562883881763,0.0,0.0,0.0,0.0033274932271241107,0.024182969832616582,-0.9873617029485181,0.0,0.0,0.0,0.0,0.0,0.0,zero,0.0,0.0,0.0,0.0,0.0007403810060101666,-9.89291893829314e-05,0.0016675562883881763,0.05385893477756657,0.0004987183499023208,-0.04276300214852079,1,0.012614011764526367,,,,,,,,,,,,,,,,,,,,,,3.6460376880004333,4,radio://0/80/2M/E7E7E7E704,2.0943951023931953,aborted,cf4 起飞前预检失败（电压或 EKF 对齐）,0.0,0.0,0.0,0,0.0,global_abort:cf4 起飞前预检失败（电压或 EKF 对齐）,,,,,
3.6460376880004333,1788688524.3910842,control,aborted,1,1,0.011783504000050016,3.9747800827026367,3974.0,0,70.0,3.5405972030002886,3.9747800827026367,1,1,0,1.0566622335352516,-0.35986751317977905,-0.3916737139225006,0.035954248160123825,-0.0011522863060235977,-0.002930698450654745,0.0024280447978526354,-0.09907888621091843,-0.19830946624279022,0.1598002314567566,-0.024869419634342194,-0.11352676153182983,-0.01684406027197838,-0.009742579756557438,-0.042756603987848134,0.9231216662787951,-0.35986751317977905,-0.3916737139225006,0.035954248160123825,0.9231216662787951,0.0,0.0,0.0,0.0,0.0,0.0,7.442809960641765e-05,0.0007251563876946301,-0.00021580913951010634,0.0,0.0,0.0,-0.009742579756557438,-0.042756603987848134,0.9231216662787951,0.0,0.0,0.0,0.0,0.0,0.0,zero,0.0,0.0,0.0,0.0,7.442809960641765e-05,0.0007251563876946301,-0.00021580913951010634,-0.021061526837262458,-0.01339473481647563,0.10175590311185462,1,0.012838125228881836,,,,,,,,,,,,,,,,,,,,,,3.6460376880004333,5,radio://0/80/2M/E7E7E7E705,4.1887902047863905,aborted,cf4 起飞前预检失败（电压或 EKF 对齐）,0.0,0.0,0.0,0,0.0,global_abort:cf4 起飞前预检失败（电压或 EKF 对齐）,,,,,
3.6603904040002817,1788688524.4049895,control,aborted,1,1,0.009390237999468809,3.8850440979003906,3885.0,0,40.0,3.631861932999527,3.8850440979003906,1,1,0,1.0810688100734358,0.4681592583656311,-0.04231909662485123,0.04533481225371361,-0.0011840673396363854,-0.0013064317172393203,-0.0012902709422633052,-0.06589540094137192,-0.10036168992519379,-0.11421580612659454,-0.0016826698556542397,0.008009807206690311,0.012581175193190575,-0.05348826411727557,-0.0018304466275619383,3.0413108382223135,0.4681592583656311,-0.04231909662485123,0.04533481225371361,3.0413108382223135,0.0,0.0,0.0,0.0,0.0,0.0,-0.0005415738313977685,-0.000609466452606008,-0.0005646178248341069,0.0,0.0,0.0,-0.05348826411727557,-0.0018304466275619383,3.0413108382223135,0.0,0.0,0.0,0.0,0.0,0.0,zero,0.0,0.0,0.0,0.0,-0.0005415738313977685,-0.000609466452606008,-0.0005646178248341069,-0.03185647599307062,-0.030889208656991535,-0.01917335572345294,1,0.009734392166137695,,,,,,,,,,,,,,,,,,,,,,3.6603904040002817,2,radio://0/80/2M/E7E7E7E702,0.0,aborted,cf4 起飞前预检失败（电压或 EKF 对齐）,0.0,0.0,0.0,0,0.0,global_abort:cf4 起飞前预检失败（电压或 EKF 对齐）,,,,,
3.6603904040002817,1788688524.4052255,control,aborted,1,1,0.008977170000434853,3.790029287338257,3790.0,0,20.0,3.5940312419988913,nan,1,0,1,1.0,-0.22230958938598633,0.4493407905101776,0.04242628440260887,-0.0005165544571354985,-0.0010381286265328526,0.0006832238286733627,-0.036394357681274414,-0.04721357673406601,0.08944457024335861,-0.015015271492302418,-0.01717890240252018,-0.01264069601893425,0.0030738947044551867,0.023599230188306196,-0.9871146421701021,-0.22230958938598633,0.4493407905101776,0.04242628440260887,-0.9871146421701021,0.0,0.0,0.0,0.0,0.0,0.0,0.0006169113633009277,-0.00040728053137950246,0.0014136664980750843,0.0,0.0,0.0,0.0030738947044551867,0.023599230188306196,-0.9871146421701021,0.0,0.0,0.0,0.0,0.0,0.0,zero,0.0,0.0,0.0,0.0,0.0006169113633009277,-0.00040728053137950246,0.0014136664980750843,-0.007259068646275374,-0.01812869552069057,-0.014926773707536527,1,0.009970426559448242,,,,,,,,,,,,,,,,,,,,,,3.6603904040002817,4,radio://0/80/2M/E7E7E7E704,2.0943951023931953,aborted,cf4 起飞前预检失败（电压或 EKF 对齐）,0.0,0.0,0.0,0,0.0,global_abort:cf4 起飞前预检失败（电压或 EKF 对齐）,,,,,
3.6603904040002817,1788688524.4054265,control,aborted,1,1,0.009180093999020755,3.9747800827026367,3974.0,0,70.0,3.554949919000137,3.9747800827026367,1,1,0,1.0566622335352516,-0.3598605692386627,-0.3916158080101013,0.035936929285526276,-0.000840179156512022,-0.0016636752989143133,0.0017387928673997521,-0.07559321820735931,-0.14374935626983643,0.11973565816879272,-0.011216242797672749,-0.07291474938392639,-0.008857996203005314,-0.009020342846991953,-0.04123010567638653,0.9235003562763443,-0.3598605692386627,-0.3916158080101013,0.035936929285526276,0.9235003562763443,0.0,0.0,0.0,0.0,0.0,0.0,-0.00022693282811231784,-0.00017504274576954414,0.0005619357283454904,0.0,0.0,0.0,-0.009020342846991953,-0.04123010567638653,0.9235003562763443,0.0,0.0,0.0,0.0,0.0,0.0,zero,0.0,0.0,0.0,0.0,-0.00022693282811231784,-0.00017504274576954414,0.0005619357283454904,-0.01771771273986071,-0.05292480938429963,0.045725437129087075,1,0.01017141342163086,,,,,,,,,,,,,,,,,,,,,,3.6603904040002817,5,radio://0/80/2M/E7E7E7E705,4.1887902047863905,aborted,cf4 起飞前预检失败（电压或 EKF 对齐）,0.0,0.0,0.0,0,0.0,global_abort:cf4 起飞前预检失败（电压或 EKF 对齐）,,,,,
3.6746129450002627,1788688524.419198,control,aborted,1,1,0.007565889000034076,3.8850440979003906,3885.0,0,40.0,3.646084473999508,3.8850440979003906,1,1,0,1.0810688100734358,0.4681781232357025,-0.04231561720371246,0.04531646519899368,-0.001067847479134798,-0.0006321644177660346,-0.0020514721982181072,-0.062472231686115265,-0.043333932757377625,-0.11770480871200562,-0.004199058748781681,0.010626187548041344,0.025791248306632042,-0.053576968650855726,-0.0015396838875114363,3.0413212764360398,0.4681781232357025,-0.04231561720371246,0.04531646519899368,3.0413212764360398,0.0,0.0,0.0,0.0,0.0,0.0,-0.0011797346347811434,-0.0013176301693480442,-0.0010570471446040004,0.0,0.0,0.0,-0.053576968650855726,-0.0015396838875114363,3.0413212764360398,0.0,0.0,0.0,0.0,0.0,0.0,zero,0.0,0.0,0.0,0.0,-0.0011797346347811434,-0.0013176301693480442,-0.0010570471446040004,-0.04864184249990689,-0.05585288164994653,-0.040221821980560936,1,0.008087158203125,,,,,,,,,,,,,,,,,,,,,,3.6746129450002627,2,radio://0/80/2M/E7E7E7E702,0.0,aborted,cf4 起飞前预检失败（电压或 EKF 对齐）,0.0,0.0,0.0,0,0.0,global_abort:cf4 起飞前预检失败（电压或 EKF 对齐）,,,,,
3.6746129450002627,1788688524.419466,control,aborted,1,1,0.007741164999970351,3.790029287338257,3790.0,0,20.0,3.6082537829988723,nan,1,0,1,1.0,-0.22228436172008514,0.44934946298599243,0.04252288490533829,0.00030206539668142796,-0.0005442097899504006,0.002650853246450424,-0.0008080173283815384,-0.020200328901410103,0.10740217566490173,0.0034297541715204716,-0.008452581241726875,-0.02520739659667015,0.0038362054838779465,0.024315069044396547,-0.9870869097942182,-0.22228436172008514,0.44934946298599243,0.04252288490533829,-0.9870869097942182,0.0,0.0,0.0,0.0,0.0,0.0,0.0002546666915771332,-0.0008581489352838902,0.0011373267358816767,0.0,0.0,0.0,0.0038362054838779465,0.024315069044396547,-0.9870869097942182,0.0,0.0,0.0,0.0,0.0,0.0,zero,0.0,0.0,0.0,0.0,0.0002546666915771332,-0.0008581489352838902,0.0011373267358816767,-0.03132492025723693,-0.03578957779275289,-0.01937259661333363,1,0.008355140686035156,,,,,,,,,,,,,,,,,,,,,,3.6746129450002627,4,radio://0/80/2M/E7E7E7E704,2.0943951023931953,aborted,cf4 起飞前预检失败（电压或 EKF 对齐）,0.0,0.0,0.0,0,0.0,global_abort:cf4 起飞前预检失败（电压或 EKF 对齐）,,,,,
3.6746129450002627,1788688524.4196775,control,aborted,1,1,0.0073947290002251975,3.9747800827026367,3974.0,0,70.0,3.569172460000118,3.9747800827026367,1,1,0,1.0566622335352516,-0.3598942458629608,-0.39163848757743835,0.035942092537879944,-0.002022127853706479,-0.0006129363318905234,0.0004574706545099616,-0.10076476633548737,-0.035152092576026917,0.020087137818336487,-0.029004573822021484,-0.009490005671977997,-0.033257123082876205,-0.00913708296836161,-0.04047227493909447,0.9232807560503778,-0.3598942458629608,-0.39163848757743835,0.035942092537879944,0.9232807560503778,0.0,0.0,0.0,0.0,0.0,0.0,-0.0006848764504345975,-0.001568091375283021,0.0016728089004001644,0.0,0.0,0.0,-0.00913708296836161,-0.04047227493909447,0.9232807560503778,0.0,0.0,0.0,0.0,0.0,0.0,zero,0.0,0.0,0.0,0.0,-0.0006848764504345975,-0.001568091375283021,0.0016728089004001644,-0.03851627828908275,-0.11390303319672544,0.08955331509017539,1,0.008566617965698242,,,,,,,,,,,,,,,,,,,,,,3.6746129450002627,5,radio://0/80/2M/E7E7E7E705,4.1887902047863905,aborted,cf4 起飞前预检失败（电压或 EKF 对齐）,0.0,0.0,0.0,0,0.0,global_abort:cf4 起飞前预检失败（电压或 EKF 对齐）,,,,,
3.6889227900010155,1788688524.4334903,control,aborted,1,1,0.004349818000264349,3.8850440979003906,3885.0,0,40.0,3.660394319000261,3.8850440979003906,1,1,0,1.0810688100734358,0.4682048559188843,-0.04232681170105934,0.04533529281616211,0.0003087540972046554,-0.0006058448925614357,-0.001908924663439393,0.0015351437032222748,-0.026288023218512535,-0.09898898005485535,0.02111925557255745,0.007182336412370205,-0.0008515850640833378,-0.05272020478332732,-0.001462929711743415,3.040403745164257,0.4682048559188843,-0.04232681170105934,0.04533529281616211,3.040403745164257,0.0,0.0,0.0,0.0,0.0,0.0,-0.0012750763290116933,-0.001373975712603248,-0.0012681395170035016,0.0,0.0,0.0,-0.05272020478332732,-0.001462929711743415,3.040403745164257,0.0,0.0,0.0,0.0,0.0,0.0,zero,0.0,0.0,0.0,0.0,-0.0012750763290116933,-0.001373975712603248,-0.0012681395170035016,-0.002289663274678526,0.0014620709776876834,-0.011440664977041088,1,0.005131244659423828,,,,,,,,,,,,,,,,,,,,,,3.6889227900010155,2,radio://0/80/2M/E7E7E7E702,0.0,aborted,cf4 起飞前预检失败（电压或 EKF 对齐）,0.0,0.0,0.0,0,0.0,global_abort:cf4 起飞前预检失败（电压或 EKF 对齐）,,,,,
3.6889227900010155,1788688524.4337425,control,aborted,1,1,0.004776957999638398,3.790029287338257,3790.0,0,20.0,3.622563627999625,nan,1,0,1,1.0,-0.2222578227519989,0.4493204951286316,0.04255659878253937,0.0005002756952308118,-0.0011537672253325582,0.0019220276735723019,-0.002908596768975258,-0.031543463468551636,0.04004030302166939,-0.014099937863647938,0.0009557567536830902,-0.029796963557600975,0.003655787542073885,0.025564994908661418,-0.9875937445781482,-0.2222578227519989,0.4493204951286316,0.04255659878253937,-0.9875937445781482,0.0,0.0,0.0,0.0,0.0,0.0,0.00016525517185344998,-0.0009273378429730534,0.0015228971251919896,0.0,0.0,0.0,0.003655787542073885,0.025564994908661418,-0.9875937445781482,0.0,0.0,0.0,0.0,0.0,0.0,zero,0.0,0.0,0.0,0.0,0.00016525517185344998,-0.0009273378429730534,0.0015228971251919896,-0.0022712154871970774,-0.002546576056463948,0.031760674169357656,1,0.005383491516113281,,,,,,,,,,,,,,,,,,,,,,3.6889227900010155,4,radio://0/80/2M/E7E7E7E704,2.0943951023931953,aborted,cf4 起飞前预检失败（电压或 EKF 对齐）,0.0,0.0,0.0,0,0.0,global_abort:cf4 起飞前预检失败（电压或 EKF 对齐）,,,,,
3.6889227900010155,1788688524.4339392,control,aborted,1,1,0.004542345999652753,3.9747800827026367,3974.0,0,70.0,3.583482305000871,3.9747800827026367,1,1,0,1.0566622335352516,-0.3598794639110565,-0.39163944125175476,0.03588608279824257,-0.001372962025925517,-0.0003280915261711925,-0.0011188143398612738,-0.06092085316777229,-0.01406189613044262,-0.027797577902674675,-0.028103753924369812,-0.03560064360499382,-0.00706858653575182,-0.008855261209410803,-0.04118893544162062,0.924079923977032,-0.3598794639110565,-0.39163944125175476,0.03588608279824257,0.924079923977032,0.0,0.0,0.0,0.0,0.0,0.0,-0.001071274436185226,-0.001866840802763952,0.0017045876494499847,0.0,0.0,0.0,-0.008855261209410803,-0.04118893544162062,0.924079923977032,0.0,0.0,0.0,0.0,0.0,0.0,zero,0.0,0.0,0.0,0.0,-0.001071274436185226,-0.001866840802763952,0.0017045876494499847,-0.025365196067357678,-0.009344439089736586,-0.010606000991350048,1,0.00558018684387207,,,,,,,,,,,,,,,,,,,,,,3.6889227900010155,5,radio://0/80/2M/E7E7E7E705,4.1887902047863905,aborted,cf4 起飞前预检失败（电压或 EKF 对齐）,0.0,0.0,0.0,0,0.0,global_abort:cf4 起飞前预检失败（电压或 EKF 对齐）,,,,,
