control_time_s,ros_time_s,mode,flight_phase,state_valid,derivatives_valid,state_age_s,battery_voltage_v,battery_voltage_mv,battery_state,battery_level_percent,battery_age_s,preflight_voltage_v,preflight_voltage_sample_count,preflight_voltage_ready,preflight_voltage_failed,thrust_raw_scale,position_x,position_y,position_z,velocity_x,velocity_y,velocity_z,acceleration_x,acceleration_y,acceleration_z,body_rate_x,body_rate_y,body_rate_z,roll_rad,pitch_rad,yaw_rad,target_x,target_y,target_z,target_yaw_rad,target_jerk_x,target_jerk_y,target_jerk_z,position_error_x,position_error_y,position_error_z,velocity_error_x,velocity_error_y,velocity_error_z,desired_force_x,desired_force_y,desired_force_z,desired_roll_rad,desired_pitch_rad,desired_yaw_rad,attitude_error_x,attitude_error_y,attitude_error_z,computed_rate_x,computed_rate_y,computed_rate_z,omega_c_method,command_rate_x,command_rate_y,command_rate_z,command_thrust_newton,filtered_velocity_x,filtered_velocity_y,filtered_velocity_z,filtered_acceleration_x,filtered_acceleration_y,filtered_acceleration_z,filter_derivatives_valid,mocap_sample_age_s,ekf_position_x,ekf_position_y,ekf_position_z,ekf_velocity_x,ekf_velocity_y,ekf_velocity_z,ekf_acceleration_x,ekf_acceleration_y,ekf_acceleration_z,ekf_state_valid,ekf_state_age_s,ekf_kinematics_weight_effective,control_velocity_x,control_velocity_y,control_velocity_z,mixed_acceleration_x,mixed_acceleration_y,mixed_acceleration_z,control_acceleration_x,control_acceleration_y,control_acceleration_z,mission_time_s,vehicle_id,radio_uri,orbit_phase_rad,formation_state,global_abort_reason,position_integral_x,position_integral_y,position_integral_z,command_raw_thrust,command_raw_thrust_age_s,invalid_reason,ekf_position_error_m,ekf_position_consistent,ekf_kinematics_held,ekf_fault_age_s,ekf_status
0.10177939500044886,1788684524.7981787,control,waiting_for_ekf,1,1,0.01053350500023953,4.170087814331055,4170.0,0,90.0,0.06844201199965028,4.170087814331055,1,1,0,1.0071730349577168,0.37471798062324524,0.0036849852185696363,0.04586237668991089,-0.005645854398608208,-0.0031139689963310957,-0.0024071536026895046,-4.215533256530762,-8.017784118652344,-20.53279685974121,0.1561175286769867,-0.02777968719601631,0.02464289963245392,-0.03443503967678325,0.0024375686832462415,3.1251298915408396,0.37471798062324524,0.0036849852185696363,0.04586237668991089,3.1251298915408396,0.0,0.0,0.0,0.0,0.0,0.0,-0.00509528318821033,-0.0016126773458368642,-0.011467736831522548,0.0,0.0,0.0,-0.03443503967678325,0.0024375686832462415,3.1251298915408396,0.0,0.0,0.0,0.0,0.0,0.0,zero,0.0,0.0,0.0,0.0,-0.00509528318821033,-0.0016126773458368642,-0.011467736831522548,2.4825872670265294,3.8085111629341335,3.8525763680426377,1,0.01370096206665039,0.3735350966453552,0.0032604087609797716,0.044756241142749786,-0.005626066075470332,0.003099968993437064,-0.003186388403515902,0.020161587604841023,-0.00903007736228684,-0.0009187494442792257,1,0.00661153400051262,1.0,-0.005626066075470332,0.003099968993437064,-0.003186388403515902,0.020161587604841023,-0.00903007736228684,-0.0009187494442792257,0.020161587604841023,-0.00903007736228684,-0.0009187494442792257,0.10177939500044886,2,radio://0/80/2M/E7E7E7E702,0.0,waiting_for_ekf,,0.0,0.0,0.0,0,0.0,,0.0016742208701906252,1,0,0.0,fresh
0.10177939500044886,1788684524.8007722,control,waiting_for_ekf,1,1,0.010970151000037731,4.122580528259277,4122.0,0,90.0,0.038045672999942326,4.122580528259277,1,1,0,1.0187793716120355,-0.31365296244621277,0.31572267413139343,0.0402691513299942,0.0158085860311985,-0.013270856812596321,0.008539663627743721,28.95575714111328,3.422935962677002,-13.749768257141113,-0.22600726783275604,-0.27339574694633484,-0.08281640708446503,-0.006073877604579982,-0.012055882009415295,-0.595725422103642,-0.31365296244621277,0.31572267413139343,0.0402691513299942,-0.595725422103642,0.0,0.0,0.0,0.0,0.0,0.0,0.014955291510201519,0.007080907596950969,-0.010928293474029916,0.0,0.0,0.0,-0.006073877604579982,-0.012055882009415295,-0.595725422103642,0.0,0.0,0.0,0.0,0.0,0.0,zero,0.0,0.0,0.0,0.0,0.014955291510201519,0.007080907596950969,-0.010928293474029916,-0.3120792074720779,-0.13900933928052336,0.25259430014051076,1,0.016294479370117188,-0.3128414750099182,0.3149442672729492,0.040059637278318405,0.004653886359715335,-0.0013803113276861297,0.001946409108373726,-0.0022592333761647914,-0.004272200622993341,0.0004782230658406246,1,0.005196381000132533,1.0,0.004653886359715335,-0.0013803113276861297,0.001946409108373726,-0.0022592333761647914,-0.004272200622993341,0.0004782230658406246,-0.0022592333761647914,-0.004272200622993341,0.0004782230658406246,0.10177939500044886,4,radio://0/80/2M/E7E7E7E704,2.0943951023931953,waiting_for_ekf,,0.0,0.0,0.0,0,0.0,,0.0011438204554852607,1,0,0.0,fresh
0.10177939500044886,1788684524.802593,control,preflight_voltage_failed,1,1,-0.003630958999565337,3.763636350631714,3763.0,0,10.0,0.010324116999981925,nan,1,0,1,1.0,-0.28665217757225037,-0.4440261721611023,0.03563917428255081,-0.01480744406580925,-0.007776960264891386,-0.002656036987900734,-22.534353256225586,-23.495485305786133,-4.7204413414001465,-0.31855350732803345,-0.7143750786781311,0.06291321665048599,-0.0035472502507157004,-0.049257757654398784,0.968179690536063,-0.28665217757225037,-0.4440261721611023,0.03563917428255081,0.968179690536063,0.0,0.0,0.0,0.0,0.0,0.0,-0.012101907079821738,-0.01175114087756237,-0.004354722291693268,0.0,0.0,0.0,-0.0035472502507157004,-0.049257757654398784,0.968179690536063,0.0,0.0,0.0,0.0,0.0,0.0,zero,0.0,0.0,0.0,0.0,-0.012101907079821738,-0.01175114087756237,-0.004354722291693268,-0.09476858286517678,0.039914070802773136,0.027440146548321647,1,0.0039501190185546875,,,,,,,,,,,,,,,,,,,,,,0.10177939500044886,5,radio://0/80/2M/E7E7E7E705,4.1887902047863905,preflight_voltage_failed,,0.0,0.0,0.0,0,0.0,,,,,,
0.11608573800003796,1788684524.8102558,control,aborted,1,1,0.0007544430000052671,4.170087814331055,4170.0,0,90.0,0.08274835499923938,4.170087814331055,1,1,0,1.0071730349577168,0.374706506729126,0.0036827505100518465,0.04585438594222069,-0.003609561827033758,-0.001882858108729124,-0.0014463391853496432,-2.6641762256622314,-5.110250473022461,-13.122612953186035,0.07672882080078125,-0.016089649870991707,0.014521305449306965,-0.03549300737903319,0.0020567639169088185,3.1247751116835696,0.374706506729126,0.0036827505100518465,0.04585438594222069,3.1247751116835696,0.0,0.0,0.0,0.0,0.0,0.0,-0.003994413537253324,-0.00047214488836870864,-0.005651193615867604,0.0,0.0,0.0,-0.03549300737903319,0.0020567639169088185,3.1247751116835696,0.0,0.0,0.0,0.0,0.0,0.0,zero,0.0,0.0,0.0,0.0,-0.003994413537253324,-0.00047214488836870864,-0.005651193615867604,0.03318640584493443,0.019803349954896885,0.2571170591197617,1,0.0014090538024902344,,,,,,,,,,,,,,,,,,,,,,0.11608573800003796,2,radio://0/80/2M/E7E7E7E702,0.0,aborted,cf5 起飞前预检失败（电压或 EKF 对齐）,0.0,0.0,0.0,0,0.0,global_abort:cf5 起飞前预检失败（电压或 EKF 对齐）,,,,,
0.11608573800003796,1788684524.8104684,control,aborted,1,1,0.0011460870000519208,4.122580528259277,4122.0,0,90.0,0.05235201599953143,4.122580528259277,1,1,0,1.0187793716120355,-0.31366828083992004,0.31580811738967896,0.040222037583589554,0.00993158295750618,-0.0073964823968708515,0.004491798114031553,18.444360733032227,2.275620222091675,-8.865717887878418,-0.16790850460529327,-0.16458913683891296,-0.06337151676416397,-0.007411380594008821,-0.011571122157452427,-0.5963796018676096,-0.31366828083992004,0.31580811738967896,0.040222037583589554,-0.5963796018676096,0.0,0.0,0.0,0.0,0.0,0.0,0.014145918532221406,-0.0009373359148268277,-0.002738970231646573,0.0,0.0,0.0,-0.007411380594008821,-0.011571122157452427,-0.5963796018676096,0.0,0.0,0.0,0.0,0.0,0.0,zero,0.0,0.0,0.0,0.0,0.014145918532221406,-0.0009373359148268277,-0.002738970231646573,-0.0465062972331683,-0.39974252442309766,0.410595603422297,1,0.0016217231750488281,,,,,,,,,,,,,,,,,,,,,,0.11608573800003796,4,radio://0/80/2M/E7E7E7E704,2.0943951023931953,aborted,cf5 起飞前预检失败（电压或 EKF 对齐）,0.0,0.0,0.0,0,0.0,global_abort:cf5 起飞前预检失败（电压或 EKF 对齐）,,,,,
0.11608573800003796,1788684524.8106582,control,aborted,1,1,0.0009195489992634975,3.763636350631714,3763.0,0,10.0,0.02463045999957103,nan,1,0,1,1.0,-0.2866734564304352,-0.4440060555934906,0.03568471595644951,-0.012263039126992226,-0.0058272662572562695,-0.0012321739923208952,-17.977609634399414,-18.7581729888916,-3.748444080352783,-0.24252599477767944,-0.5689641833305359,0.05935337394475937,-0.0029415110482146766,-0.049126884345645196,0.9686401731103504,-0.2866734564304352,-0.4440060555934906,0.03568471595644951,0.9686401731103504,0.0,0.0,0.0,0.0,0.0,0.0,-0.013279799841711824,-0.010872024013394752,-0.0038450907922963694,0.0,0.0,0.0,-0.0029415110482146766,-0.049126884345645196,0.9686401731103504,0.0,0.0,0.0,0.0,0.0,0.0,zero,0.0,0.0,0.0,0.0,-0.013279799841711824,-0.010872024013394752,-0.0038450907922963694,-0.11543624287972881,0.08615550679577783,0.04994507772434246,1,0.0018115043640136719,,,,,,,,,,,,,,,,,,,,,,0.11608573800003796,5,radio://0/80/2M/E7E7E7E705,4.1887902047863905,aborted,cf5 起飞前预检失败（电压或 EKF 对齐）,0.0,0.0,0.0,0,0.0,global_abort:cf5 起飞前预检失败（电压或 EKF 对齐）,,,,,
0.1303776230006406,1788684524.8245544,control,aborted,1,1,0.005676894000316679,4.170087814331055,4170.0,0,90.0,0.09704023999984202,4.170087814331055,1,1,0,1.0071730349577168,0.37473854422569275,0.003631747094914317,0.04589223489165306,-0.002235783264040947,-0.002544051967561245,-0.0003869595821015537,-2.103388786315918,-4.101654052734375,-10.47653579711914,0.06546282768249512,0.012762488797307014,0.02454559877514839,-0.03529090034705223,0.003338311819995702,3.1253655404976057,0.37473854422569275,0.003631747094914317,0.04589223489165306,3.1253655404976057,0.0,0.0,0.0,0.0,0.0,0.0,-0.0037531789145113033,-0.000616952672186675,-0.00362455385831571,0.0,0.0,0.0,-0.03529090034705223,0.003338311819995702,3.1253655404976057,0.0,0.0,0.0,0.0,0.0,0.0,zero,0.0,0.0,0.0,0.0,-0.0037531789145113033,-0.000616952672186675,-0.00362455385831571,0.024546016426223234,-0.014734428250135401,0.20621390169231554,1,0.005879878997802734,,,,,,,,,,,,,,,,,,,,,,0.1303776230006406,2,radio://0/80/2M/E7E7E7E702,0.0,aborted,cf5 起飞前预检失败（电压或 EKF 对齐）,0.0,0.0,0.0,0,0.0,global_abort:cf5 起飞前预检失败（电压或 EKF 对齐）,,,,,
0.1303776230006406,1788684524.8247733,control,aborted,1,1,0.005348845000298752,4.122580528259277,4122.0,0,90.0,0.06664390100013406,4.122580528259277,1,1,0,1.0187793716120355,-0.313667356967926,0.3157358169555664,0.04021046683192253,0.007964064367115498,-0.007388281170278788,0.0033580088056623936,14.715455055236816,1.8206630945205688,-7.1156439781188965,-0.13622097671031952,-0.1306135654449463,-0.046590760350227356,-0.007506800147783286,-0.011517631789286168,-0.5961781895609147,-0.313667356967926,0.3157358169555664,0.04021046683192253,-0.5961781895609147,0.0,0.0,0.0,0.0,0.0,0.0,0.013309828403671646,-0.004147709254405376,0.0006077549055713192,0.0,0.0,0.0,-0.007506800147783286,-0.011517631789286168,-0.5961781895609147,0.0,0.0,0.0,0.0,0.0,0.0,zero,0.0,0.0,0.0,0.0,0.013309828403671646,-0.004147709254405376,0.0006077549055713192,-0.08507353461916922,-0.32666072486566716,0.3405347427266091,1,0.006098747253417969,,,,,,,,,,,,,,,,,,,,,,0.1303776230006406,4,radio://0/80/2M/E7E7E7E704,2.0943951023931953,aborted,cf5 起飞前预检失败（电压或 EKF 对齐）,0.0,0.0,0.0,0,0.0,global_abort:cf5 起飞前预检失败（电压或 EKF 对齐）,,,,,
0.1303776230006406,1788684524.8249562,control,aborted,1,1,0.005529054999897198,3.763636350631714,3763.0,0,10.0,0.038922345000173664,nan,1,0,1,1.0,-0.28668391704559326,-0.4440883994102478,0.0356452614068985,-0.010023273527622223,-0.006337260827422142,-0.0017885200213640928,-14.336515426635742,-15.016915321350098,-3.010075092315674,-0.22051188349723816,-0.4807630181312561,0.05258605629205704,-0.0042561901511189,-0.050383737032316744,0.9688958186876675,-0.28668391704559326,-0.4440883994102478,0.0356452614068985,0.9688958186876675,0.0,0.0,0.0,0.0,0.0,0.0,-0.013785852824165588,-0.009766056440718134,-0.003267833978297091,0.0,0.0,0.0,-0.0042561901511189,-0.050383737032316744,0.9688958186876675,0.0,0.0,0.0,0.0,0.0,0.0,zero,0.0,0.0,0.0,0.0,-0.013785852824165588,-0.009766056440718134,-0.003267833978297091,-0.05149171656480319,0.11253400485063018,0.05873682259004949,1,0.006281614303588867,,,,,,,,,,,,,,,,,,,,,,0.1303776230006406,5,radio://0/80/2M/E7E7E7E705,4.1887902047863905,aborted,cf5 起飞前预检失败（电压或 EKF 对齐）,0.0,0.0,0.0,0,0.0,global_abort:cf5 起飞前预检失败（电压或 EKF 对齐）,,,,,
0.14473079800063715,1788684524.8389401,control,aborted,1,1,0.008046460000514344,4.170087814331055,4170.0,0,90.0,0.11139341499983857,4.170087814331055,1,1,0,1.0071730349577168,0.37471455335617065,0.003656142158433795,0.045801326632499695,-0.01901368424296379,-0.01211177371442318,-0.00573137030005455,-16.39070701599121,-12.055510520935059,-10.074984550476074,-0.1094362884759903,-0.049188558012247086,0.14635391533374786,-0.034274405774595916,0.0023188546189862203,3.1247807703919475,0.37471455335617065,0.003656142158433795,0.045801326632499695,3.1247807703919475,0.0,0.0,0.0,0.0,0.0,0.0,-0.0030920365615300835,-0.0012442442245123144,-0.0007072231711754682,0.0,0.0,0.0,-0.034274405774595916,0.0023188546189862203,3.1247807703919475,0.0,0.0,0.0,0.0,0.0,0.0,zero,0.0,0.0,0.0,0.0,-0.0030920365615300835,-0.0012442442245123144,-0.0007072231711754682,1.4318781100124638,-1.3599134030549418,6.320936771476649,1,0.00932168960571289,,,,,,,,,,,,,,,,,,,,,,0.14473079800063715,2,radio://0/80/2M/E7E7E7E702,0.0,aborted,cf5 起飞前预检失败（电压或 EKF 对齐）,0.0,0.0,0.0,0,0.0,global_abort:cf5 起飞前预检失败（电压或 EKF 对齐）,,,,,
0.14473079800063715,1788684524.8392525,control,aborted,1,1,0.00816719300019031,4.122580528259277,4122.0,0,90.0,0.08099707600013062,4.122580528259277,1,1,0,1.0187793716120355,-0.31364673376083374,0.3157626986503601,0.0402245856821537,0.0597521997988224,-0.021654430776834488,0.03357298672199249,56.921409606933594,-13.385114669799805,22.896034240722656,0.9365310072898865,0.29496315121650696,0.755850076675415,-0.005880773249633097,-0.011229941011650193,-0.5952933025830002,-0.31364673376083374,0.3157626986503601,0.0402245856821537,-0.5952933025830002,0.0,0.0,0.0,0.0,0.0,0.0,0.01067122434437023,-0.008294541566326322,0.00492982216273868,0.0,0.0,0.0,-0.005880773249633097,-0.011229941011650193,-0.5952933025830002,0.0,0.0,0.0,0.0,0.0,0.0,zero,0.0,0.0,0.0,0.0,0.01067122434437023,-0.008294541566326322,0.00492982216273868,-5.715375743431783,-8.985769274544046,9.366348890350972,1,0.009634017944335938,,,,,,,,,,,,,,,,,,,,,,0.14473079800063715,4,radio://0/80/2M/E7E7E7E704,2.0943951023931953,aborted,cf5 起飞前预检失败（电压或 EKF 对齐）,0.0,0.0,0.0,0,0.0,global_abort:cf5 起飞前预检失败（电压或 EKF 对齐）,,,,,
0.14473079800063715,1788684524.8393767,control,aborted,1,1,0.008708549000402854,3.763636350631714,3763.0,0,10.0,0.05327552000017022,nan,1,0,1,1.0,-0.28667977452278137,-0.4440518021583557,0.035655319690704346,0.008866245858371258,-0.031788405030965805,-0.0020581302233040333,5.889410018920898,-34.15619659423828,-2.653425931930542,0.5187279582023621,0.23154205083847046,0.3164913058280945,-0.002831517602687373,-0.04844195362091158,0.9684228476525354,-0.28667977452278137,-0.4440518021583557,0.035655319690704346,0.9684228476525354,0.0,0.0,0.0,0.0,0.0,0.0,-0.013108291999203426,-0.0072621210297729045,-0.0021015836323806793,0.0,0.0,0.0,-0.002831517602687373,-0.04844195362091158,0.9684228476525354,0.0,0.0,0.0,0.0,0.0,0.0,zero,0.0,0.0,0.0,0.0,-0.013108291999203426,-0.0072621210297729045,-0.0021015836323806793,1.470077057291963,5.424656977798727,2.527172405039424,1,0.009758234024047852,,,,,,,,,,,,,,,,,,,,,,0.14473079800063715,5,radio://0/80/2M/E7E7E7E705,4.1887902047863905,aborted,cf5 起飞前预检失败（电压或 EKF 对齐）,0.0,0.0,0.0,0,0.0,global_abort:cf5 起飞前预检失败（电压或 EKF 对齐）,,,,,
0.15902287700009765,1788684524.8532183,control,aborted,1,1,0.022338538999974844,4.170087814331055,4170.0,0,90.0,0.12568549399929907,4.170087814331055,1,1,0,1.0071730349577168,0.37471455335617065,0.003656142158433795,0.045801326632499695,-0.01901368424296379,-0.01211177371442318,-0.00573137030005455,-16.39070701599121,-12.055510520935059,-10.074984550476074,-0.1094362884759903,-0.049188558012247086,0.14635391533374786,-0.034274405774595916,0.0023188546189862203,3.1247807703919475,0.37471455335617065,0.003656142158433795,0.045801326632499695,3.1247807703919475,0.0,0.0,0.0,0.0,0.0,0.0,-0.0030920365615300835,-0.0012442442245123144,-0.0007072231711754682,0.0,0.0,0.0,-0.034274405774595916,0.0023188546189862203,3.1247807703919475,0.0,0.0,0.0,0.0,0.0,0.0,zero,0.0,0.0,0.0,0.0,-0.0030920365615300835,-0.0012442442245123144,-0.0007072231711754682,1.4318781100124638,-1.3599134030549418,6.320936771476649,1,0.023599863052368164,,,,,,,,,,,,,,,,,,,,,,0.15902287700009765,2,radio://0/80/2M/E7E7E7E702,0.0,aborted,cf5 起飞前预检失败（电压或 EKF 对齐）,0.0,0.0,0.0,0,0.0,global_abort:cf5 起飞前预检失败（电压或 EKF 对齐）,,,,,
0.15902287700009765,1788684524.853357,control,aborted,1,1,0.02245927199965081,4.122580528259277,4122.0,0,90.0,0.09528915499959112,4.122580528259277,1,1,0,1.0187793716120355,-0.31364673376083374,0.3157626986503601,0.0402245856821537,0.0597521997988224,-0.021654430776834488,0.03357298672199249,56.921409606933594,-13.385114669799805,22.896034240722656,0.9365310072898865,0.29496315121650696,0.755850076675415,-0.005880773249633097,-0.011229941011650193,-0.5952933025830002,-0.31364673376083374,0.3157626986503601,0.0402245856821537,-0.5952933025830002,0.0,0.0,0.0,0.0,0.0,0.0,0.01067122434437023,-0.008294541566326322,0.00492982216273868,0.0,0.0,0.0,-0.005880773249633097,-0.011229941011650193,-0.5952933025830002,0.0,0.0,0.0,0.0,0.0,0.0,zero,0.0,0.0,0.0,0.0,0.01067122434437023,-0.008294541566326322,0.00492982216273868,-5.715375743431783,-8.985769274544046,9.366348890350972,1,0.023738622665405273,,,,,,,,,,,,,,,,,,,,,,0.15902287700009765,4,radio://0/80/2M/E7E7E7E704,2.0943951023931953,aborted,cf5 起飞前预检失败（电压或 EKF 对齐）,0.0,0.0,0.0,0,0.0,global_abort:cf5 起飞前预检失败（电压或 EKF 对齐）,,,,,
0.15902287700009765,1788684524.853454,control,aborted,1,1,0.023000627999863354,3.763636350631714,3763.0,0,10.0,0.06756759899963072,nan,1,0,1,1.0,-0.28667977452278137,-0.4440518021583557,0.035655319690704346,0.008866245858371258,-0.031788405030965805,-0.0020581302233040333,5.889410018920898,-34.15619659423828,-2.653425931930542,0.5187279582023621,0.23154205083847046,0.3164913058280945,-0.002831517602687373,-0.04844195362091158,0.9684228476525354,-0.28667977452278137,-0.4440518021583557,0.035655319690704346,0.9684228476525354,0.0,0.0,0.0,0.0,0.0,0.0,-0.013108291999203426,-0.0072621210297729045,-0.0021015836323806793,0.0,0.0,0.0,-0.002831517602687373,-0.04844195362091158,0.9684228476525354,0.0,0.0,0.0,0.0,0.0,0.0,zero,0.0,0.0,0.0,0.0,-0.013108291999203426,-0.0072621210297729045,-0.0021015836323806793,1.470077057291963,5.424656977798727,2.527172405039424,1,0.02383565902709961,,,,,,,,,,,,,,,,,,,,,,0.15902287700009765,5,radio://0/80/2M/E7E7E7E705,4.1887902047863905,aborted,cf5 起飞前预检失败（电压或 EKF 对齐）,0.0,0.0,0.0,0,0.0,global_abort:cf5 起飞前预检失败（电压或 EKF 对齐）,,,,,
0.17324750800071342,1788684524.8673968,control,aborted,1,1,0.005462504000206536,4.170087814331055,4170.0,0,90.0,0.13991012499991484,4.170087814331055,1,1,0,1.0071730349577168,0.37471073865890503,0.0036490473430603743,0.045837368816137314,-0.012745615094900131,-0.008695288561284542,-0.0009706891141831875,-10.30992603302002,-7.640385627746582,-6.202681541442871,-0.01697879657149315,-0.018799234181642532,0.07349154353141785,-0.03424430100886223,0.0020325241285604834,3.124907893051192,0.37471073865890503,0.0036490473430603743,0.045837368816137314,3.124907893051192,0.0,0.0,0.0,0.0,0.0,0.0,-0.019564054928300868,-0.01309458237178252,-0.006078278996639684,0.0,0.0,0.0,-0.03424430100886223,0.0020325241285604834,3.124907893051192,0.0,0.0,0.0,0.0,0.0,0.0,zero,0.0,0.0,0.0,0.0,-0.019564054928300868,-0.01309458237178252,-0.006078278996639684,-2.451262142261075,-1.7629839823907627,-0.7969818565750638,1,0.005682229995727539,,,,,,,,,,,,,,,,,,,,,,0.17324750800071342,2,radio://0/80/2M/E7E7E7E702,0.0,aborted,cf5 起飞前预检失败（电压或 EKF 对齐）,0.0,0.0,0.0,0,0.0,global_abort:cf5 起飞前预检失败（电压或 EKF 对齐）,,,,,
0.17324750800071342,1788684524.8675292,control,aborted,1,1,0.005279005000375037,4.122580528259277,4122.0,0,90.0,0.10951378600020689,4.122580528259277,1,1,0,1.0187793716120355,-0.3136849105358124,0.3157762289047241,0.04021221026778221,0.03437254577875137,-0.013993406668305397,0.02346004545688629,35.47509765625,-8.331584930419922,14.413116455078125,0.6056064367294312,0.1084185466170311,0.48299461603164673,-0.00622084355269605,-0.012101155106600932,-0.5957437209073994,-0.3136849105358124,0.3157762289047241,0.04021221026778221,-0.5957437209073994,0.0,0.0,0.0,0.0,0.0,0.0,0.06083697218402455,-0.021584727256567404,0.03530235707020576,0.0,0.0,0.0,-0.00622084355269605,-0.012101155106600932,-0.5957437209073994,0.0,0.0,0.0,0.0,0.0,0.0,zero,0.0,0.0,0.0,0.0,0.06083697218402455,-0.021584727256567404,0.03530235707020576,7.462285226267201,-1.975344882454662,4.518867355997295,1,0.005814552307128906,,,,,,,,,,,,,,,,,,,,,,0.17324750800071342,4,radio://0/80/2M/E7E7E7E704,2.0943951023931953,aborted,cf5 起飞前预检失败（电压或 EKF 对齐）,0.0,0.0,0.0,0,0.0,global_abort:cf5 起飞前预检失败（电压或 EKF 对齐）,,,,,
0.17324750800071342,1788684524.8676312,control,aborted,1,1,0.005081966000034299,3.763636350631714,3763.0,0,10.0,0.08179223000024649,nan,1,0,1,1.0,-0.2866653800010681,-0.4440283477306366,0.03570055589079857,0.005387307610362768,-0.01725207082927227,0.001633913954719901,3.6392974853515625,-21.278682708740234,-1.481198787689209,0.2961307168006897,0.16738632321357727,0.2278899848461151,-0.004159444965702242,-0.048837670389480635,0.9690299670217601,-0.2866653800010681,-0.4440283477306366,0.03570055589079857,0.9690299670217601,0.0,0.0,0.0,0.0,0.0,0.0,0.01386679064165735,-0.0316436061956427,-0.001333606139488333,0.0,0.0,0.0,-0.004159444965702242,-0.048837670389480635,0.9690299670217601,0.0,0.0,0.0,0.0,0.0,0.0,zero,0.0,0.0,0.0,0.0,0.01386679064165735,-0.0316436061956427,-0.001333606139488333,4.014040880968765,-3.626505843426115,0.11605123605314821,1,0.005916595458984375,,,,,,,,,,,,,,,,,,,,,,0.17324750800071342,5,radio://0/80/2M/E7E7E7E705,4.1887902047863905,aborted,cf5 起飞前预检失败（电压或 EKF 对齐）,0.0,0.0,0.0,0,0.0,global_abort:cf5 起飞前预检失败（电压或 EKF 对齐）,,,,,
0.18757924000055937,1788684524.8817387,control,aborted,1,1,0.002704061999793339,4.170087814331055,4170.0,0,90.0,0.15424185699976078,4.170087814331055,1,1,0,1.0071730349577168,0.3747158348560333,0.003646107390522957,0.04583633318543434,-0.00799441710114479,-0.0056772842071950436,-0.000573416764382273,-6.493293285369873,-4.825387954711914,-3.959146738052368,-0.02263699099421501,0.0008226628415286541,0.04760793596506119,-0.03477169710012526,0.002626909897887732,3.1249012661425652,0.3747158348560333,0.003646107390522957,0.04583633318543434,3.1249012661425652,0.0,0.0,0.0,0.0,0.0,0.0,-0.024241789992415032,-0.016683102547550878,-0.007007083028105392,0.0,0.0,0.0,-0.03477169710012526,0.002626909897887732,3.1249012661425652,0.0,0.0,0.0,0.0,0.0,0.0,zero,0.0,0.0,0.0,0.0,-0.024241789992415032,-0.016683102547550878,-0.007007083028105392,-0.03523067524235278,-0.043623263930027176,0.03193011923319453,1,0.003201723098754883,,,,,,,,,,,,,,,,,,,,,,0.18757924000055937,2,radio://0/80/2M/E7E7E7E702,0.0,aborted,cf5 起飞前预检失败（电压或 EKF 对齐）,0.0,0.0,0.0,0,0.0,global_abort:cf5 起飞前预检失败（电压或 EKF 对齐）,,,,,
0.18757924000055937,1788684524.8818736,control,aborted,1,1,0.0029262210000524647,4.122580528259277,4122.0,0,90.0,0.12384551800005283,4.122580528259277,1,1,0,1.0187793716120355,-0.31366294622421265,0.31572940945625305,0.04025318846106529,0.02253081277012825,-0.00999533012509346,0.015893908217549324,22.44756507873535,-5.246065139770508,9.059492111206055,0.38829341530799866,0.060517944395542145,0.29639577865600586,-0.006033021327990623,-0.012558807978758859,-0.5962784348878617,-0.31366294622421265,0.31572940945625305,0.04025318846106529,-0.5962784348878617,0.0,0.0,0.0,0.0,0.0,0.0,0.07426769064056629,-0.024925301630498137,0.044274495658835164,0.0,0.0,0.0,-0.006033021327990623,-0.012558807978758859,-0.5962784348878617,0.0,0.0,0.0,0.0,0.0,0.0,zero,0.0,0.0,0.0,0.0,0.07426769064056629,-0.024925301630498137,0.044274495658835164,0.05040077385262067,0.002589051981167807,0.09415359824280069,1,0.003336668014526367,,,,,,,,,,,,,,,,,,,,,,0.18757924000055937,4,radio://0/80/2M/E7E7E7E704,2.0943951023931953,aborted,cf5 起飞前预检失败（电压或 EKF 对齐）,0.0,0.0,0.0,0,0.0,global_abort:cf5 起飞前预检失败（电压或 EKF 对齐）,,,,,
0.18757924000055937,1788684524.881972,control,aborted,1,1,0.0025088379998123855,3.763636350631714,3763.0,0,10.0,0.09612396200009243,nan,1,0,1,1.0,-0.2866477072238922,-0.44407880306243896,0.03562582656741142,0.003917565103620291,-0.01210943702608347,-0.0006003594608046114,2.29959774017334,-13.505910873413086,-0.9979602694511414,0.1969447284936905,0.10556788742542267,0.13671568036079407,-0.0038073464890673358,-0.04889280641643179,0.9686023966187777,-0.2866477072238922,-0.44407880306243896,0.03562582656741142,0.9686023966187777,0.0,0.0,0.0,0.0,0.0,0.0,0.022882255667526212,-0.03785054776710424,-0.0006041812221955065,0.0,0.0,0.0,-0.0038073464890673358,-0.04889280641643179,0.9686023966187777,0.0,0.0,0.0,0.0,0.0,0.0,zero,0.0,0.0,0.0,0.0,0.022882255667526212,-0.03785054776710424,-0.0006041812221955065,0.16812698804513024,-0.0006517426990974681,0.03720865937744241,1,0.0034351348876953125,,,,,,,,,,,,,,,,,,,,,,0.18757924000055937,5,radio://0/80/2M/E7E7E7E705,4.1887902047863905,aborted,cf5 起飞前预检失败（电压或 EKF 对齐）,0.0,0.0,0.0,0,0.0,global_abort:cf5 起飞前预检失败（电压或 EKF 对齐）,,,,,
0.20186217200080137,1788684524.8960264,control,aborted,1,1,0.004206249000162643,4.170087814331055,4170.0,0,90.0,0.16852478900000278,4.170087814331055,1,1,0,1.0071730349577168,0.37471288442611694,0.0036589507944881916,0.045804463326931,-0.006443455815315247,-0.004333220422267914,-0.0009763746638782322,-5.169443607330322,-3.838479518890381,-3.1738624572753906,-0.014652440324425697,-0.015528308227658272,0.03733397275209427,-0.034558870955351,0.0016293451835763908,3.124889512333668,0.37471288442611694,0.0036589507944881916,0.045804463326931,3.124889512333668,0.0,0.0,0.0,0.0,0.0,0.0,-0.020998225156959205,-0.014600254944710393,-0.005505579798899529,0.0,0.0,0.0,-0.034558870955351,0.0016293451835763908,3.124889512333668,0.0,0.0,0.0,0.0,0.0,0.0,zero,0.0,0.0,0.0,0.0,-0.020998225156959205,-0.014600254944710393,-0.005505579798899529,0.26341311138326945,0.16915011582442846,0.12193856371659667,1,0.00517582893371582,,,,,,,,,,,,,,,,,,,,,,0.20186217200080137,2,radio://0/80/2M/E7E7E7E702,0.0,aborted,cf5 起飞前预检失败（电压或 EKF 对齐）,0.0,0.0,0.0,0,0.0,global_abort:cf5 起飞前预检失败（电压或 EKF 对齐）,,,,,
0.20186217200080137,1788684524.8961604,control,aborted,1,1,0.004872698000326636,4.122580528259277,4122.0,0,90.0,0.13812845000029483,4.122580528259277,1,1,0,1.0187793716120355,-0.3136509656906128,0.315766841173172,0.04019976407289505,0.018219243735074997,-0.007388284895569086,0.011847388930618763,17.88802146911621,-4.154507637023926,7.181869029998779,0.30642929673194885,0.07685590535402298,0.23993772268295288,-0.0062938432842512704,-0.010806696818595007,-0.5961155236525411,-0.3136509656906128,0.315766841173172,0.04019976407289505,-0.5961155236525411,0.0,0.0,0.0,0.0,0.0,0.0,0.06372915679593041,-0.02175728039088051,0.0387204002163056,0.0,0.0,0.0,-0.0062938432842512704,-0.010806696818595007,-0.5961155236525411,0.0,0.0,0.0,0.0,0.0,0.0,zero,0.0,0.0,0.0,0.0,0.06372915679593041,-0.02175728039088051,0.0387204002163056,-0.8558447665632397,0.2572781411778646,-0.451053589385318,1,0.0053098201751708984,,,,,,,,,,,,,,,,,,,,,,0.20186217200080137,4,radio://0/80/2M/E7E7E7E704,2.0943951023931953,aborted,cf5 起飞前预检失败（电压或 EKF 对齐）,0.0,0.0,0.0,0,0.0,global_abort:cf5 起飞前预检失败（电压或 EKF 对齐）,,,,,
0.20186217200080137,1788684524.896258,control,aborted,1,1,0.004372838000563206,3.763636350631714,3763.0,0,10.0,0.11040689400033443,nan,1,0,1,1.0,-0.28665661811828613,-0.444094717502594,0.0356304831802845,0.00298931822180748,-0.009946037083864212,-0.00040465325582772493,1.8246012926101685,-10.7695894241333,-0.7951894998550415,0.15403763949871063,0.08343639969825745,0.10330437868833542,-0.0040056737187269525,-0.04895693244340817,0.9682285989850369,-0.28665661811828613,-0.444094717502594,0.0356304831802845,0.9682285989850369,0.0,0.0,0.0,0.0,0.0,0.0,0.019710149081390425,-0.03245477866656501,-0.0003934876106284102,0.0,0.0,0.0,-0.0040056737187269525,-0.04895693244340817,0.9682285989850369,0.0,0.0,0.0,0.0,0.0,0.0,zero,0.0,0.0,0.0,0.0,0.019710149081390425,-0.03245477866656501,-0.0003934876106284102,-0.25760991621305546,0.4381957504108293,0.017110636779877213,1,0.005407571792602539,,,,,,,,,,,,,,,,,,,,,,0.20186217200080137,5,radio://0/80/2M/E7E7E7E705,4.1887902047863905,aborted,cf5 起飞前预检失败（电压或 EKF 对齐）,0.0,0.0,0.0,0,0.0,global_abort:cf5 起飞前预检失败（电压或 EKF 对齐）,,,,,
0.2160980920007205,1788684524.9102676,control,aborted,1,1,0.0014102960003583576,4.170087814331055,4170.0,0,90.0,0.18276070899992192,4.170087814331055,1,1,0,1.0071730349577168,0.37475496530532837,0.00369072868488729,0.04584485664963722,-0.003276645438745618,-0.002127371495589614,0.0002133715752279386,-3.2439541816711426,-2.4115657806396484,-2.0065646171569824,-0.009099507704377174,-0.004196622874587774,0.026852473616600037,-0.03454512880273661,0.0019053548497716952,3.125038402170477,0.37475496530532837,0.00369072868488729,0.04584485664963722,3.125038402170477,0.0,0.0,0.0,0.0,0.0,0.0,-0.014022432993583021,-0.009839144849802067,-0.00277192597139752,0.0,0.0,0.0,-0.03454512880273661,0.0019053548497716952,3.125038402170477,0.0,0.0,0.0,0.0,0.0,0.0,zero,0.0,0.0,0.0,0.0,-0.014022432993583021,-0.009839144849802067,-0.00277192597139752,0.36563529233080894,0.2546085280458629,0.13548747528689659,1,0.0017604827880859375,,,,,,,,,,,,,,,,,,,,,,0.2160980920007205,2,radio://0/80/2M/E7E7E7E702,0.0,aborted,cf5 起飞前预检失败（电压或 EKF 对齐）,0.0,0.0,0.0,0,0.0,global_abort:cf5 起飞前预检失败（电压或 EKF 对齐）,,,,,
0.2160980920007205,1788684524.9104097,control,aborted,1,1,0.001161778000096092,4.122580528259277,4122.0,0,90.0,0.15236437000021397,4.122580528259277,1,1,0,1.0187793716120355,-0.3136480748653412,0.31575751304626465,0.04021574929356575,0.011708094738423824,-0.004908155649900436,0.007922502234578133,11.314887046813965,-2.607893466949463,4.516490936279297,0.1776873767375946,0.03317635506391525,0.15004439651966095,-0.007193185404340251,-0.011604988102104733,-0.596292311760747,-0.3136480748653412,0.31575751304626465,0.04021574929356575,-0.596292311760747,0.0,0.0,0.0,0.0,0.0,0.0,0.04165159845032864,-0.01488933233099333,0.026406299005082404,0.0,0.0,0.0,-0.007193185404340251,-0.011604988102104733,-0.596292311760747,0.0,0.0,0.0,0.0,0.0,0.0,zero,0.0,0.0,0.0,0.0,0.04165159845032864,-0.01488933233099333,0.026406299005082404,-1.143438712627311,0.36217653074701106,-0.649788211600556,1,0.0019025802612304688,,,,,,,,,,,,,,,,,,,,,,0.2160980920007205,4,radio://0/80/2M/E7E7E7E704,2.0943951023931953,aborted,cf5 起飞前预检失败（电压或 EKF 对齐）,0.0,0.0,0.0,0,0.0,global_abort:cf5 起飞前预检失败（电压或 EKF 对齐）,,,,,
0.2160980920007205,1788684524.910509,control,aborted,1,1,0.0009596750005584909,3.763636350631714,3763.0,0,10.0,0.12464281400025357,nan,1,0,1,1.0,-0.28664782643318176,-0.44406694173812866,0.03560248389840126,0.0020797806791961193,-0.005781230982393026,-0.0008500496624037623,1.1488205194473267,-6.806903839111328,-0.5185467004776001,0.11581511795520782,0.038170378655195236,0.07862350344657898,-0.0031897482027245273,-0.04970052268452355,0.9688442574244978,-0.28664782643318176,-0.44406694173812866,0.03560248389840126,0.9688442574244978,0.0,0.0,0.0,0.0,0.0,0.0,0.012278021067174722,-0.02122706855787102,-0.0003642652096359857,0.0,0.0,0.0,-0.0031897482027245273,-0.04970052268452355,0.9688442574244978,0.0,0.0,0.0,0.0,0.0,0.0,zero,0.0,0.0,0.0,0.0,0.012278021067174722,-0.02122706855787102,-0.0003642652096359857,-0.3946862395635203,0.5826334874520248,-0.006780517104576793,1,0.0020020008087158203,,,,,,,,,,,,,,,,,,,,,,0.2160980920007205,5,radio://0/80/2M/E7E7E7E705,4.1887902047863905,aborted,cf5 起飞前预检失败（电压或 EKF 对齐）,0.0,0.0,0.0,0,0.0,global_abort:cf5 起飞前预检失败（电压或 EKF 对齐）,,,,,
0.2303729380000732,1788684524.9245791,control,aborted,1,1,0.01568514199971105,4.170087814331055,4170.0,0,90.0,0.1970355549992746,4.170087814331055,1,1,0,1.0071730349577168,0.37475496530532837,0.00369072868488729,0.04584485664963722,-0.003276645438745618,-0.002127371495589614,0.0002133715752279386,-3.2439541816711426,-2.4115657806396484,-2.0065646171569824,-0.009099507704377174,-0.004196622874587774,0.026852473616600037,-0.03454512880273661,0.0019053548497716952,3.125038402170477,0.37475496530532837,0.00369072868488729,0.04584485664963722,3.125038402170477,0.0,0.0,0.0,0.0,0.0,0.0,-0.014022432993583021,-0.009839144849802067,-0.00277192597139752,0.0,0.0,0.0,-0.03454512880273661,0.0019053548497716952,3.125038402170477,0.0,0.0,0.0,0.0,0.0,0.0,zero,0.0,0.0,0.0,0.0,-0.014022432993583021,-0.009839144849802067,-0.00277192597139752,0.36563529233080894,0.2546085280458629,0.13548747528689659,1,0.01607203483581543,,,,,,,,,,,,,,,,,,,,,,0.2303729380000732,2,radio://0/80/2M/E7E7E7E702,0.0,aborted,cf5 起飞前预检失败（电压或 EKF 对齐）,0.0,0.0,0.0,0,0.0,global_abort:cf5 起飞前预检失败（电压或 EKF 对齐）,,,,,
0.2303729380000732,1788684524.9248073,control,aborted,1,1,0.015436623999448784,4.122580528259277,4122.0,0,90.0,0.16663921599956666,4.122580528259277,1,1,0,1.0187793716120355,-0.3136480748653412,0.31575751304626465,0.04021574929356575,0.011708094738423824,-0.004908155649900436,0.007922502234578133,11.314887046813965,-2.607893466949463,4.516490936279297,0.1776873767375946,0.03317635506391525,0.15004439651966095,-0.007193185404340251,-0.011604988102104733,-0.596292311760747,-0.3136480748653412,0.31575751304626465,0.04021574929356575,-0.596292311760747,0.0,0.0,0.0,0.0,0.0,0.0,0.04165159845032864,-0.01488933233099333,0.026406299005082404,0.0,0.0,0.0,-0.007193185404340251,-0.011604988102104733,-0.596292311760747,0.0,0.0,0.0,0.0,0.0,0.0,zero,0.0,0.0,0.0,0.0,0.04165159845032864,-0.01488933233099333,0.026406299005082404,-1.143438712627311,0.36217653074701106,-0.649788211600556,1,0.016300201416015625,,,,,,,,,,,,,,,,,,,,,,0.2303729380000732,4,radio://0/80/2M/E7E7E7E704,2.0943951023931953,aborted,cf5 起飞前预检失败（电压或 EKF 对齐）,0.0,0.0,0.0,0,0.0,global_abort:cf5 起飞前预检失败（电压或 EKF 对齐）,,,,,
0.2303729380000732,1788684524.924991,control,aborted,1,1,0.015234520999911183,3.763636350631714,3763.0,0,10.0,0.13891765999960626,nan,1,0,1,1.0,-0.28664782643318176,-0.44406694173812866,0.03560248389840126,0.0020797806791961193,-0.005781230982393026,-0.0008500496624037623,1.1488205194473267,-6.806903839111328,-0.5185467004776001,0.11581511795520782,0.038170378655195236,0.07862350344657898,-0.0031897482027245273,-0.04970052268452355,0.9688442574244978,-0.28664782643318176,-0.44406694173812866,0.03560248389840126,0.9688442574244978,0.0,0.0,0.0,0.0,0.0,0.0,0.012278021067174722,-0.02122706855787102,-0.0003642652096359857,0.0,0.0,0.0,-0.0031897482027245273,-0.04970052268452355,0.9688442574244978,0.0,0.0,0.0,0.0,0.0,0.0,zero,0.0,0.0,0.0,0.0,0.012278021067174722,-0.02122706855787102,-0.0003642652096359857,-0.3946862395635203,0.5826334874520248,-0.006780517104576793,1,0.016483783721923828,,,,,,,,,,,,,,,,,,,,,,0.2303729380000732,5,radio://0/80/2M/E7E7E7E705,4.1887902047863905,aborted,cf5 起飞前预检失败（电压或 EKF 对齐）,0.0,0.0,0.0,0,0.0,global_abort:cf5 起飞前预检失败（电压或 EKF 对齐）,,,,,
0.24463838700012275,1788684524.9388363,control,aborted,1,1,0.008533694999641739,4.170087814331055,4170.0,0,90.0,0.21130100399932417,4.170087814331055,1,1,0,1.0071730349577168,0.37474554777145386,0.00364906364120543,0.045853737741708755,0.008196206763386726,-0.008614445105195045,0.0011227866634726524,0.37479209899902344,-3.0095393657684326,-1.0888577699661255,-0.3098004162311554,-0.12067202478647232,0.13467705249786377,-0.03520380516011995,0.0019659501361424265,3.125299145750484,0.37474554777145386,0.00364906364120543,0.045853737741708755,3.125299145750484,0.0,0.0,0.0,0.0,0.0,0.0,-0.0022282277877019394,-0.001282404273009916,0.0008546100777406958,0.0,0.0,0.0,-0.03520380516011995,0.0019659501361424265,3.125299145750484,0.0,0.0,0.0,0.0,0.0,0.0,zero,0.0,0.0,0.0,0.0,-0.0022282277877019394,-0.001282404273009916,0.0008546100777406958,6.175350376394898,4.4769677275384625,1.8979401717754574,1,0.008904457092285156,,,,,,,,,,,,,,,,,,,,,,0.24463838700012275,2,radio://0/80/2M/E7E7E7E702,0.0,aborted,cf5 起飞前预检失败（电压或 EKF 对齐）,0.0,0.0,0.0,0,0.0,global_abort:cf5 起飞前预检失败（电压或 EKF 对齐）,,,,,
0.24463838700012275,1788684524.9390795,control,aborted,1,1,0.00823356899945793,4.122580528259277,4122.0,0,90.0,0.18090466499961622,4.122580528259277,1,1,0,1.0187793716120355,-0.3136802613735199,0.31574708223342896,0.04021601751446724,-9.943172335624695e-05,-9.224191308021545e-05,0.002696131356060505,5.18165397644043,-0.7854394316673279,2.0715057849884033,0.04040081799030304,-0.2018856406211853,0.18157446384429932,-0.00671635246196839,-0.011418970240350764,-0.5954704349864797,-0.3136802613735199,0.31574708223342896,0.04021601751446724,-0.5954704349864797,0.0,0.0,0.0,0.0,0.0,0.0,0.006893787727305929,-0.003371895017543876,0.005480997610638118,0.0,0.0,0.0,-0.00671635246196839,-0.011418970240350764,-0.5954704349864797,0.0,0.0,0.0,0.0,0.0,0.0,zero,0.0,0.0,0.0,0.0,0.006893787727305929,-0.003371895017543876,0.005480997610638118,-18.193354001537905,6.028837576771518,-10.952997884023882,1,0.00914764404296875,,,,,,,,,,,,,,,,,,,,,,0.24463838700012275,4,radio://0/80/2M/E7E7E7E704,2.0943951023931953,aborted,cf5 起飞前预检失败（电压或 EKF 对齐）,0.0,0.0,0.0,0,0.0,global_abort:cf5 起飞前预检失败（电压或 EKF 对齐）,,,,,
0.24463838700012275,1788684524.9392698,control,aborted,1,1,0.008020813999792153,3.763636350631714,3763.0,0,10.0,0.15318310899965581,nan,1,0,1,1.0,-0.2866864502429962,-0.44404327869415283,0.035660527646541595,-0.010479513555765152,-0.007831143215298653,-0.00399618549272418,-1.912857174873352,-5.126625061035156,-1.19892418384552,-0.02976354956626892,-0.1737971007823944,-0.016167469322681427,-0.0034161283757840667,-0.04848750296263497,0.9683686428646724,-0.2866864502429962,-0.44404327869415283,0.035660527646541595,0.9683686428646724,0.0,0.0,0.0,0.0,0.0,0.0,0.000296891211495837,-0.0031926321576864237,-0.0008282603350958849,0.0,0.0,0.0,-0.0034161283757840667,-0.04848750296263497,0.9683686428646724,0.0,0.0,0.0,0.0,0.0,0.0,zero,0.0,0.0,0.0,0.0,0.000296891211495837,-0.0031926321576864237,-0.0008282603350958849,-6.272859148076344,9.43806082031723,-0.243191259605207,1,0.009337902069091797,,,,,,,,,,,,,,,,,,,,,,0.24463838700012275,5,radio://0/80/2M/E7E7E7E705,4.1887902047863905,aborted,cf5 起飞前预检失败（电压或 EKF 对齐）,0.0,0.0,0.0,0,0.0,global_abort:cf5 起飞前预检失败（电压或 EKF 对齐）,,,,,
0.25893484100015485,1788684524.9531507,control,aborted,1,1,0.0025640919993747957,4.170087814331055,4170.0,0,90.0,0.22559745799935627,4.170087814331055,1,1,0,1.0071730349577168,0.37470924854278564,0.0036671236157417297,0.045816291123628616,0.004584478214383125,-0.00521427858620882,8.022115798667073e-05,0.17471307516098022,-1.8656007051467896,-0.7149680256843567,-0.18737632036209106,-0.07877079397439957,0.0932731032371521,-0.03459670915594603,0.0019013409625203512,3.1257489515271857,0.37470924854278564,0.0036671236157417297,0.045816291123628616,3.1257489515271857,0.0,0.0,0.0,0.0,0.0,0.0,0.004733015263071794,1.1035649427266906e-05,0.002179956196190936,0.0,0.0,0.0,-0.03459670915594603,0.0019013409625203512,3.1257489515271857,0.0,0.0,0.0,0.0,0.0,0.0,zero,0.0,0.0,0.0,0.0,0.004733015263071794,1.1035649427266906e-05,0.002179956196190936,0.24236312802533677,-0.046826084983373976,0.02529421297162769,1,0.002955198287963867,,,,,,,,,,,,,,,,,,,,,,0.25893484100015485,2,radio://0/80/2M/E7E7E7E702,0.0,aborted,cf5 起飞前预检失败（电压或 EKF 对齐）,0.0,0.0,0.0,0,0.0,global_abort:cf5 起飞前预检失败（电压或 EKF 对齐）,,,,,
0.25893484100015485,1788684524.953444,control,aborted,1,1,0.002123340999787615,4.122580528259277,4122.0,0,90.0,0.19520111899964832,4.122580528259277,1,1,0,1.0187793716120355,-0.3136453926563263,0.3157510757446289,0.04019728675484657,0.0005610351799987257,-1.3486423995345831e-05,0.0013989253202453256,3.32822322845459,-0.5018380880355835,1.3026316165924072,0.03789591044187546,-0.1368577629327774,0.09512297064065933,-0.005999393229468036,-0.011865581695450865,-0.5966332144274292,-0.3136453926563263,0.3157510757446289,0.04019728675484657,-0.5966332144274292,0.0,0.0,0.0,0.0,0.0,0.0,-0.007814446649717019,0.001775133894470538,-0.0031638664647999004,0.0,0.0,0.0,-0.005999393229468036,-0.011865581695450865,-0.5966332144274292,0.0,0.0,0.0,0.0,0.0,0.0,zero,0.0,0.0,0.0,0.0,-0.007814446649717019,0.001775133894470538,-0.0031638664647999004,-0.3718778789161663,0.1402069788160458,-0.21274195043635097,1,0.003248453140258789,,,,,,,,,,,,,,,,,,,,,,0.25893484100015485,4,radio://0/80/2M/E7E7E7E704,2.0943951023931953,aborted,cf5 起飞前预检失败（电压或 EKF 对齐）,0.0,0.0,0.0,0,0.0,global_abort:cf5 起飞前预检失败（电压或 EKF 对齐）,,,,,
0.25893484100015485,1788684524.953682,control,aborted,1,1,0.0023672139996051555,3.763636350631714,3763.0,0,10.0,0.16747956299968791,nan,1,0,1,1.0,-0.28663894534111023,-0.4440723657608032,0.035658787935972214,-0.005816311109811068,-0.005483398679643869,-0.0025743653532117605,-1.1395305395126343,-3.2379086017608643,-0.7414893507957458,-0.033387307077646255,-0.15656986832618713,-0.0059733763337135315,-0.004212889402092317,-0.051026704817783416,0.9685793619498733,-0.28663894534111023,-0.4440723657608032,0.035658787935972214,0.9685793619498733,0.0,0.0,0.0,0.0,0.0,0.0,-0.006623948122955947,0.0024004937870699882,-0.0017135956805733703,0.0,0.0,0.0,-0.004212889402092317,-0.051026704817783416,0.9685793619498733,0.0,0.0,0.0,0.0,0.0,0.0,zero,0.0,0.0,0.0,0.0,-0.006623948122955947,0.0024004937870699882,-0.0017135956805733703,-0.23578796780162317,0.07163231129071836,-0.04638581041322334,1,0.0034863948822021484,,,,,,,,,,,,,,,,,,,,,,0.25893484100015485,5,radio://0/80/2M/E7E7E7E705,4.1887902047863905,aborted,cf5 起飞前预检失败（电压或 EKF 对齐）,0.0,0.0,0.0,0,0.0,global_abort:cf5 起飞前预检失败（电压或 EKF 对齐）,,,,,
0.27323194300061004,1788684524.9674673,control,aborted,1,1,0.008384020999983477,4.170087814331055,4170.0,0,90.0,0.23989455999981146,4.170087814331055,1,1,0,1.0071730349577168,0.3746678829193115,0.0036600297316908836,0.04583586007356644,0.002681924030184746,-0.0043404558673501015,0.0005304652149789035,0.09443646669387817,-1.4716591835021973,-0.5612460374832153,-0.1538170725107193,-0.03544158488512039,0.05260378122329712,-0.0347634280915598,0.0030258665387066916,3.1247854743620853,0.3746678829193115,0.0036600297316908836,0.04583586007356644,3.1247854743620853,0.0,0.0,0.0,0.0,0.0,0.0,0.006374421710197005,-0.0009000129973088823,0.0021657640748181236,0.0,0.0,0.0,-0.0347634280915598,0.0030258665387066916,3.1247854743620853,0.0,0.0,0.0,0.0,0.0,0.0,zero,0.0,0.0,0.0,0.0,0.006374421710197005,-0.0009000129973088823,0.0021657640748181236,0.19556180055684194,-0.10854490919213776,-0.0016908894285442859,1,0.008878469467163086,,,,,,,,,,,,,,,,,,,,,,0.27323194300061004,2,radio://0/80/2M/E7E7E7E702,0.0,aborted,cf5 起飞前预检失败（电压或 EKF 对齐）,0.0,0.0,0.0,0,0.0,global_abort:cf5 起飞前预检失败（电压或 EKF 对齐）,,,,,
0.27323194300061004,1788684524.9677262,control,aborted,1,1,0.008155449000696535,4.122580528259277,4122.0,0,90.0,0.2094982210001035,4.122580528259277,1,1,0,1.0187793716120355,-0.3136387765407562,0.31572526693344116,0.04017413407564163,0.0006064767367206514,-0.0006257605855353177,0.0005674590938724577,2.663661479949951,-0.4160597324371338,1.022293210029602,0.019176984205842018,-0.0986277237534523,0.09065743535757065,-0.00647397679924207,-0.01140607589691072,-0.5960249971855953,-0.3136387765407562,0.31572526693344116,0.04017413407564163,-0.5960249971855953,0.0,0.0,0.0,0.0,0.0,0.0,-0.00948614101208808,0.002521933499644421,-0.0041463323382121935,0.0,0.0,0.0,-0.00647397679924207,-0.01140607589691072,-0.5960249971855953,0.0,0.0,0.0,0.0,0.0,0.0,zero,0.0,0.0,0.0,0.0,-0.00948614101208808,0.002521933499644421,-0.0041463323382121935,-0.19917038833287107,0.08897581442958864,-0.11705375930907495,1,0.009137392044067383,,,,,,,,,,,,,,,,,,,,,,0.27323194300061004,4,radio://0/80/2M/E7E7E7E704,2.0943951023931953,aborted,cf5 起飞前预检失败（电压或 EKF 对齐）,0.0,0.0,0.0,0,0.0,global_abort:cf5 起飞前预检失败（电压或 EKF 对齐）,,,,,
0.27323194300061004,1788684524.967934,control,aborted,1,1,0.007911020000392455,3.763636350631714,3763.0,0,10.0,0.1817766650001431,nan,1,0,1,1.0,-0.28665071725845337,-0.44404661655426025,0.03565394878387451,-0.004933550022542477,-0.0037731677293777466,-0.002174799330532551,-0.8905900120735168,-2.5495758056640625,-0.5836706757545471,-0.0333525687456131,-0.11832220107316971,-0.003697885200381279,-0.004493913183886615,-0.050735518551832684,0.9686235026804588,-0.28665071725845337,-0.44404661655426025,0.03565394878387451,0.9686235026804588,0.0,0.0,0.0,0.0,0.0,0.0,-0.008175435851216451,0.002086843764844893,-0.002126003366545917,0.0,0.0,0.0,-0.004493913183886615,-0.050735518551832684,0.9686235026804588,0.0,0.0,0.0,0.0,0.0,0.0,zero,0.0,0.0,0.0,0.0,-0.008175435851216451,0.002086843764844893,-0.002126003366545917,-0.18484863039978264,-0.03736914960853331,-0.04913541662610488,1,0.009345054626464844,,,,,,,,,,,,,,,,,,,,,,0.27323194300061004,5,radio://0/80/2M/E7E7E7E705,4.1887902047863905,aborted,cf5 起飞前预检失败（电压或 EKF 对齐）,0.0,0.0,0.0,0,0.0,global_abort:cf5 起飞前预检失败（电压或 EKF 对齐）,,,,,
0.2874994190005964,1788684524.9817386,control,aborted,1,1,0.010417563000373775,4.170087814331055,4170.0,0,90.0,0.2541620359997978,4.170087814331055,1,1,0,1.0071730349577168,0.3747399151325226,0.003643637290224433,0.04582569748163223,0.0033407830633223057,-0.0037443675100803375,0.0002557424013502896,0.08648175001144409,-1.1674363613128662,-0.4535553753376007,-0.10143566876649857,-0.04196090251207352,0.04160946607589722,-0.03346060532489362,0.002205296399644211,3.124784918721279,0.3747399151325226,0.003643637290224433,0.04582569748163223,3.124784918721279,0.0,0.0,0.0,0.0,0.0,0.0,0.006533892258758049,-0.002040987704073107,0.0017916651660996464,0.0,0.0,0.0,-0.03346060532489362,0.002205296399644211,3.124784918721279,0.0,0.0,0.0,0.0,0.0,0.0,zero,0.0,0.0,0.0,0.0,0.006533892258758049,-0.002040987704073107,0.0017916651660996464,0.013229453899637665,-0.0946536675266523,-0.031034722783946356,1,0.011095523834228516,,,,,,,,,,,,,,,,,,,,,,0.2874994190005964,2,radio://0/80/2M/E7E7E7E702,0.0,aborted,cf5 起飞前预检失败（电压或 EKF 对齐）,0.0,0.0,0.0,0,0.0,global_abort:cf5 起飞前预检失败（电压或 EKF 对齐）,,,,,
0.2874994190005964,1788684524.9819725,control,aborted,1,1,0.010116694000316784,4.122580528259277,4122.0,0,90.0,0.22376569700008986,4.122580528259277,1,1,0,1.0187793716120355,-0.31367945671081543,0.31577515602111816,0.04022840037941933,-0.00018983217887580395,0.000327210349496454,0.0013544181128963828,2.117715835571289,-0.3170349895954132,0.8308926820755005,0.019057437777519226,-0.06710772216320038,0.07751362770795822,-0.006253310461884273,-0.01069337578295385,-0.5957288856224366,-0.31367945671081543,0.31577515602111816,0.04022840037941933,-0.5957288856224366,0.0,0.0,0.0,0.0,0.0,0.0,-0.008278616345966395,0.0023178742094810234,-0.0035760935946254715,0.0,0.0,0.0,-0.006253310461884273,-0.01069337578295385,-0.5957288856224366,0.0,0.0,0.0,0.0,0.0,0.0,zero,0.0,0.0,0.0,0.0,-0.008278616345966395,0.0023178742094810234,-0.0035760935946254715,0.10017455917270614,-0.016928473604491765,0.04730620944205309,1,0.011329412460327148,,,,,,,,,,,,,,,,,,,,,,0.2874994190005964,4,radio://0/80/2M/E7E7E7E704,2.0943951023931953,aborted,cf5 起飞前预检失败（电压或 EKF 对齐）,0.0,0.0,0.0,0,0.0,global_abort:cf5 起飞前预检失败（电压或 EKF 对齐）,,,,,
0.2874994190005964,1788684524.9821777,control,aborted,1,1,0.010609595000460104,3.763636350631714,3763.0,0,10.0,0.19604414100012946,nan,1,0,1,1.0,-0.28668442368507385,-0.44406548142433167,0.03566238284111023,-0.0045061372220516205,-0.003331562504172325,-0.0015998915769159794,-0.7053799033164978,-2.0323331356048584,-0.4573970139026642,-0.01707448437809944,-0.08624772727489471,-0.009133817628026009,-0.0038959969867082807,-0.05023024636017483,0.9682487183037352,-0.28668442368507385,-0.44406548142433167,0.03566238284111023,0.9682487183037352,0.0,0.0,0.0,0.0,0.0,0.0,-0.00827700394698727,0.0006891283944343619,-0.002322166047285241,0.0,0.0,0.0,-0.0038959969867082807,-0.05023024636017483,0.9682487183037352,0.0,0.0,0.0,0.0,0.0,0.0,zero,0.0,0.0,0.0,0.0,-0.00827700394698727,0.0006891283944343619,-0.002322166047285241,-0.008425947316282476,-0.11595251426994939,-0.016273381919651688,1,0.011534690856933594,,,,,,,,,,,,,,,,,,,,,,0.2874994190005964,5,radio://0/80/2M/E7E7E7E705,4.1887902047863905,aborted,cf5 起飞前预检失败（电压或 EKF 对齐）,0.0,0.0,0.0,0,0.0,global_abort:cf5 起飞前预检失败（电压或 EKF 对齐）,,,,,
0.3017808700005844,1788684524.9960086,control,aborted,1,1,0.0013537080003516166,4.170087814331055,4170.0,0,90.0,0.2684434869997858,4.170087814331055,1,1,0,1.0071730349577168,0.37475869059562683,0.003652473445981741,0.04584246501326561,0.0025067701935768127,-0.002160396659746766,0.0004146307474002242,0.04432837665081024,-0.721383273601532,-0.28797292709350586,-0.07948997616767883,-0.023995451629161835,0.031774215400218964,-0.03458306010611741,0.0024909343434378534,3.12508284605145,0.37475869059562683,0.003652473445981741,0.04584246501326561,3.12508284605145,0.0,0.0,0.0,0.0,0.0,0.0,0.004979917919411608,-0.0034126965516341427,0.0009175315550625705,0.0,0.0,0.0,-0.03458306010611741,0.0024909343434378534,3.12508284605145,0.0,0.0,0.0,0.0,0.0,0.0,zero,0.0,0.0,0.0,0.0,0.004979917919411608,-0.0034126965516341427,0.0009175315550625705,-0.07888130595934471,-0.04076321661702195,-0.03511600811349138,1,0.001771688461303711,,,,,,,,,,,,,,,,,,,,,,0.3017808700005844,2,radio://0/80/2M/E7E7E7E702,0.0,aborted,cf5 起飞前预检失败（电压或 EKF 对齐）,0.0,0.0,0.0,0,0.0,global_abort:cf5 起飞前预检失败（电压或 EKF 对齐）,,,,,
0.3017808700005844,1788684524.9962988,control,aborted,1,1,0.0011157550006828387,4.122580528259277,4122.0,0,90.0,0.23804714800007787,4.122580528259277,1,1,0,1.0187793716120355,-0.3136596381664276,0.3157718777656555,0.0402364619076252,7.43010314181447e-05,0.00031800236320123076,0.0009756652289070189,1.3573107719421387,-0.20005346834659576,0.5257968306541443,0.008720566518604755,-0.04303886368870735,0.05266866832971573,-0.006457230889035309,-0.011001907450056582,-0.5956012094042293,-0.3136596381664276,0.3157718777656555,0.0402364619076252,-0.5956012094042293,0.0,0.0,0.0,0.0,0.0,0.0,-0.0037413352490567224,0.0011069560772968673,-0.0011103254368628826,0.0,0.0,0.0,-0.006457230889035309,-0.011001907450056582,-0.5956012094042293,0.0,0.0,0.0,0.0,0.0,0.0,zero,0.0,0.0,0.0,0.0,-0.0037413352490567224,0.0011069560772968673,-0.0011103254368628826,0.19550355144490877,-0.053983841423720674,0.10808089352695864,1,0.0020618438720703125,,,,,,,,,,,,,,,,,,,,,,0.3017808700005844,4,radio://0/80/2M/E7E7E7E704,2.0943951023931953,aborted,cf5 起飞前预检失败（电压或 EKF 对齐）,0.0,0.0,0.0,0,0.0,global_abort:cf5 起飞前预检失败（电压或 EKF 对齐）,,,,,
0.3017808700005844,1788684524.9965253,control,aborted,1,1,0.0009168420001515187,3.763636350631714,3763.0,0,10.0,0.21032559200011747,nan,1,0,1,1.0,-0.28662174940109253,-0.444062739610672,0.03568043187260628,-0.001940045040100813,-0.002252074657008052,-0.0006894198013469577,-0.4130057990550995,-1.2874717712402344,-0.27789971232414246,-0.014753470197319984,-0.03650086373090744,-0.0060080490075051785,-0.0040376834110696855,-0.04910661449674143,0.9683197442068715,-0.28662174940109253,-0.444062739610672,0.03568043187260628,0.9683197442068715,0.0,0.0,0.0,0.0,0.0,0.0,-0.006319407801650056,-0.0017150464085417803,-0.0020819443605907904,0.0,0.0,0.0,-0.0040376834110696855,-0.04910661449674143,0.9683197442068715,0.0,0.0,0.0,0.0,0.0,0.0,zero,0.0,0.0,0.0,0.0,-0.006319407801650056,-0.0017150464085417803,-0.0020819443605907904,0.10330191549470877,-0.08469269419617707,0.017959217639565043,1,0.002288341522216797,,,,,,,,,,,,,,,,,,,,,,0.3017808700005844,5,radio://0/80/2M/E7E7E7E705,4.1887902047863905,aborted,cf5 起飞前预检失败（电压或 EKF 对齐）,0.0,0.0,0.0,0,0.0,global_abort:cf5 起飞前预检失败（电压或 EKF 对齐）,,,,,
0.31607001400061563,1788684525.0103014,control,aborted,1,1,0.007497219000470068,4.170087814331055,4170.0,0,90.0,0.28273263099981705,4.170087814331055,1,1,0,1.0071730349577168,0.37475261092185974,0.003644490148872137,0.04583846405148506,0.0018558281008154154,-0.0019247434101998806,0.00023326238442678005,0.019446510821580887,-0.5713084936141968,-0.23484084010124207,-0.04576496034860611,-0.01341509260237217,0.013780461624264717,-0.03385976965031472,0.0027095785042884368,3.124602043829492,0.37475261092185974,0.003644490148872137,0.04583846405148506,3.124602043829492,0.0,0.0,0.0,0.0,0.0,0.0,0.004153268481336769,-0.0035993863366256046,0.0006124619407821695,0.0,0.0,0.0,-0.03385976965031472,0.0027095785042884368,3.124602043829492,0.0,0.0,0.0,0.0,0.0,0.0,zero,0.0,0.0,0.0,0.0,0.004153268481336769,-0.0035993863366256046,0.0006124619407821695,-0.10169587155262069,-0.022966906550971684,-0.037530201896367195,1,0.007935762405395508,,,,,,,,,,,,,,,,,,,,,,0.31607001400061563,2,radio://0/80/2M/E7E7E7E702,0.0,aborted,cf5 起飞前预检失败（电压或 EKF 对齐）,0.0,0.0,0.0,0,0.0,global_abort:cf5 起飞前预检失败（电压或 EKF 对齐）,,,,,
0.31607001400061563,1788684525.010578,control,aborted,1,1,0.00707766100003937,4.122580528259277,4122.0,0,90.0,0.2523362920001091,4.122580528259277,1,1,0,1.0187793716120355,-0.31362098455429077,0.315762996673584,0.04019228368997574,0.0010104988468810916,3.588588151615113e-05,-0.00030645664082840085,1.1088835000991821,-0.16698415577411652,0.3890913128852844,0.013796760700643063,-0.05194166302680969,0.013487337157130241,-0.006166857305881673,-0.011720920690753141,-0.5967610907948884,-0.31362098455429077,0.315762996673584,0.04019228368997574,-0.5967610907948884,0.0,0.0,0.0,0.0,0.0,0.0,-0.0019369032252226927,0.0006170008546072488,-0.00016081564843508007,0.0,0.0,0.0,-0.006166857305881673,-0.011720920690753141,-0.5967610907948884,0.0,0.0,0.0,0.0,0.0,0.0,zero,0.0,0.0,0.0,0.0,-0.0019369032252226927,0.0006170008546072488,-0.00016081564843508007,0.22198440943553605,-0.06027515546277813,0.11681036850008464,1,0.00821232795715332,,,,,,,,,,,,,,,,,,,,,,0.31607001400061563,4,radio://0/80/2M/E7E7E7E704,2.0943951023931953,aborted,cf5 起飞前预检失败（电压或 EKF 对齐）,0.0,0.0,0.0,0,0.0,global_abort:cf5 起飞前预检失败（电压或 EKF 对齐）,,,,,
0.31607001400061563,1788684525.0107896,control,aborted,1,1,0.007266495999829203,3.763636350631714,3763.0,0,10.0,0.2246147360001487,nan,1,0,1,1.0,-0.28662237524986267,-0.44406577944755554,0.035642027854919434,-0.0015674348687753081,-0.001876453752629459,-0.0014964526053518057,-0.3212366998195648,-1.0207353830337524,-0.24217651784420013,-0.026903297752141953,-0.04398617893457413,-0.010943952947854996,-0.004639206401975895,-0.04970861572461031,0.9680725882486402,-0.28662237524986267,-0.44406577944755554,0.035642027854919434,0.9680725882486402,0.0,0.0,0.0,0.0,0.0,0.0,-0.005162673653823396,-0.002349548389208656,-0.0018523513257980978,0.0,0.0,0.0,-0.004639206401975895,-0.04970861572461031,0.9680725882486402,0.0,0.0,0.0,0.0,0.0,0.0,zero,0.0,0.0,0.0,0.0,-0.005162673653823396,-0.002349548389208656,-0.0018523513257980978,0.1423034746045038,-0.0780575525171291,0.02824493999539888,1,0.008424043655395508,,,,,,,,,,,,,,,,,,,,,,0.31607001400061563,5,radio://0/80/2M/E7E7E7E705,4.1887902047863905,aborted,cf5 起飞前预检失败（电压或 EKF 对齐）,0.0,0.0,0.0,0,0.0,global_abort:cf5 起飞前预检失败（电压或 EKF 对齐）,,,,,
0.3306204640002761,1788684525.0248556,control,aborted,1,1,0.0005459699996208656,4.170087814331055,4170.0,0,90.0,0.29728308099947753,4.170087814331055,1,1,0,1.0071730349577168,0.37473973631858826,0.0036444778088480234,0.04577513784170151,0.0009283786057494581,-0.001155634643509984,-0.0010951826116070151,-0.005277867894619703,-0.35003775358200073,-0.1784338355064392,-0.051244284957647324,-0.02098790556192398,0.020247800275683403,-0.035245654361787164,0.0019596808475774883,3.1249402688902275,0.37473973631858826,0.0036444778088480234,0.04577513784170151,3.1249402688902275,0.0,0.0,0.0,0.0,0.0,0.0,0.002484182698913938,-0.0028710875713889553,0.00015376346315836562,0.0,0.0,0.0,-0.035245654361787164,0.0019596808475774883,3.1249402688902275,0.0,0.0,0.0,0.0,0.0,0.0,zero,0.0,0.0,0.0,0.0,0.002484182698913938,-0.0028710875713889553,0.00015376346315836562,-0.0971427363667626,0.048748611992590965,-0.028103546112387585,1,0.0009765625,,,,,,,,,,,,,,,,,,,,,,0.3306204640002761,2,radio://0/80/2M/E7E7E7E702,0.0,aborted,cf5 起飞前预检失败（电压或 EKF 对齐）,0.0,0.0,0.0,0,0.0,global_abort:cf5 起飞前预检失败（电压或 EKF 对齐）,,,,,
0.3306204640002761,1788684525.0251553,control,aborted,1,1,0.0001178659995275666,4.122580528259277,4122.0,0,90.0,0.2668867419997696,4.122580528259277,1,1,0,1.0187793716120355,-0.31367039680480957,0.3157588243484497,0.04022829979658127,0.0003523226478137076,-0.00024079150171019137,0.00039295523311011493,0.7098187804222107,-0.11623565107584,0.26133084297180176,0.012508979067206383,-0.035807784646749496,0.021698638796806335,-0.006284489829555142,-0.01167856543495899,-0.5956908897241716,-0.31367039680480957,0.3157588243484497,0.04022829979658127,-0.5956908897241716,0.0,0.0,0.0,0.0,0.0,0.0,0.0003818537159360606,6.047294471868051e-05,0.0005848513467489695,0.0,0.0,0.0,-0.006284489829555142,-0.01167856543495899,-0.5956908897241716,0.0,0.0,0.0,0.0,0.0,0.0,zero,0.0,0.0,0.0,0.0,0.0003818537159360606,6.047294471868051e-05,0.0005848513467489695,0.12228104588355113,-0.029753380211057685,0.03567664925822435,1,0.001276254653930664,,,,,,,,,,,,,,,,,,,,,,0.3306204640002761,4,radio://0/80/2M/E7E7E7E704,2.0943951023931953,aborted,cf5 起飞前预检失败（电压或 EKF 对齐）,0.0,0.0,0.0,0,0.0,global_abort:cf5 起飞前预检失败（电压或 EKF 对齐）,,,,,
0.3306204640002761,1788684525.0253878,control,aborted,1,1,0.00032310200003848877,3.763636350631714,3763.0,0,10.0,0.23916518599980918,nan,1,0,1,1.0,-0.2866213321685791,-0.4440246522426605,0.03567172586917877,-0.0007898928597569466,-0.0005136127583682537,-0.0002313199220225215,-0.18714678287506104,-0.6287021040916443,-0.12699230015277863,-0.017664335668087006,-0.03483280912041664,-0.00026574963703751564,-0.00412508184231585,-0.04912714658053593,0.9684383878988357,-0.2866213321685791,-0.4440246522426605,0.03567172586917877,0.9684383878988357,0.0,0.0,0.0,0.0,0.0,0.0,-0.0026731046778742957,-0.0024288576585202396,-0.0013730277450791487,0.0,0.0,0.0,-0.00412508184231585,-0.04912714658053593,0.9684383878988357,0.0,0.0,0.0,0.0,0.0,0.0,zero,0.0,0.0,0.0,0.0,-0.0026731046778742957,-0.0024288576585202396,-0.0013730277450791487,0.14294491060367961,0.005648171617360178,0.028333885180254464,1,0.0015087127685546875,,,,,,,,,,,,,,,,,,,,,,0.3306204640002761,5,radio://0/80/2M/E7E7E7E705,4.1887902047863905,aborted,cf5 起飞前预检失败（电压或 EKF 对齐）,0.0,0.0,0.0,0,0.0,global_abort:cf5 起飞前预检失败（电压或 EKF 对齐）,,,,,
0.3447183510006653,1788684525.0389357,control,aborted,1,1,0.007102039000528748,4.170087814331055,4170.0,0,90.0,0.3113809679998667,4.170087814331055,1,1,0,1.0071730349577168,0.37472769618034363,0.003624328412115574,0.0458233542740345,0.0004225589509587735,-0.0014602746814489365,0.0004059156053699553,-0.017671898007392883,-0.288130521774292,-0.10283328592777252,-0.03503859415650368,-0.004682938568294048,0.019966963678598404,-0.03502134852096384,0.002419719127056111,3.125065923958826,0.37472769618034363,0.003624328412115574,0.0458233542740345,3.125065923958826,0.0,0.0,0.0,0.0,0.0,0.0,0.001881527973372044,-0.002503362348860928,-3.848444393068261e-05,0.0,0.0,0.0,-0.03502134852096384,0.002419719127056111,3.125065923958826,0.0,0.0,0.0,0.0,0.0,0.0,zero,0.0,0.0,0.0,0.0,0.001881527973372044,-0.002503362348860928,-3.848444393068261e-05,-0.08012289609354852,0.048889038029358296,-0.025559343403550885,1,0.007534980773925781,,,,,,,,,,,,,,,,,,,,,,0.3447183510006653,2,radio://0/80/2M/E7E7E7E702,0.0,aborted,cf5 起飞前预检失败（电压或 EKF 对齐）,0.0,0.0,0.0,0,0.0,global_abort:cf5 起飞前预检失败（电压或 EKF 对齐）,,,,,
0.3447183510006653,1788684525.0391805,control,aborted,1,1,0.006720872000187228,4.122580528259277,4122.0,0,90.0,0.28098462900015875,4.122580528259277,1,1,0,1.0187793716120355,-0.3136655390262604,0.3157840073108673,0.04021327942609787,0.0004110251029487699,0.00047697481932118535,-8.502331911586225e-05,0.5694159269332886,-0.07390330731868744,0.19635535776615143,0.013816965743899345,-0.010884478688240051,0.014285847544670105,-0.006139850127662683,-0.011011303033122258,-0.595810648544592,-0.3136655390262604,0.3157840073108673,0.04021327942609787,-0.595810648544592,0.0,0.0,0.0,0.0,0.0,0.0,0.000954090066463803,-8.335971298340643e-05,0.0007217271560221153,0.0,0.0,0.0,-0.006139850127662683,-0.011011303033122258,-0.595810648544592,0.0,0.0,0.0,0.0,0.0,0.0,zero,0.0,0.0,0.0,0.0,0.000954090066463803,-8.335971298340643e-05,0.0007217271560221153,0.07607877564232002,-0.019122539987653547,0.01819762756236821,1,0.007779836654663086,,,,,,,,,,,,,,,,,,,,,,0.3447183510006653,4,radio://0/80/2M/E7E7E7E704,2.0943951023931953,aborted,cf5 起飞前预检失败（电压或 EKF 对齐）,0.0,0.0,0.0,0,0.0,global_abort:cf5 起飞前预检失败（电压或 EKF 对齐）,,,,,
0.3447183510006653,1788684525.0392933,control,aborted,1,1,0.0064703960006227135,3.763636350631714,3763.0,0,10.0,0.25326307300019835,nan,1,0,1,1.0,-0.28666937351226807,-0.4440222978591919,0.03562721237540245,-0.0019093204755336046,-0.00034828780917450786,-0.0013686573365703225,-0.17948271334171295,-0.49856576323509216,-0.13183532655239105,0.021989628672599792,-0.02826603129506111,0.006794115994125605,-0.0027795788945235247,-0.049141269162092105,0.9687022495132961,-0.28666937351226807,-0.4440222978591919,0.03562721237540245,0.9687022495132961,0.0,0.0,0.0,0.0,0.0,0.0,-0.0018619112196152855,-0.0022426007571777866,-0.0011820106973945987,0.0,0.0,0.0,-0.0027795788945235247,-0.049141269162092105,0.9687022495132961,0.0,0.0,0.0,0.0,0.0,0.0,zero,0.0,0.0,0.0,0.0,-0.0018619112196152855,-0.0022426007571777866,-0.0011820106973945987,0.1078481034217573,0.024762839683284396,0.02539570074716302,1,0.007892608642578125,,,,,,,,,,,,,,,,,,,,,,0.3447183510006653,5,radio://0/80/2M/E7E7E7E705,4.1887902047863905,aborted,cf5 起飞前预检失败（电压或 EKF 对齐）,0.0,0.0,0.0,0,0.0,global_abort:cf5 起飞前预检失败（电压或 EKF 对齐）,,,,,
0.35890479200043046,1788684525.0531158,control,aborted,1,1,0.0024325240001417114,4.170087814331055,4170.0,0,90.0,0.3255674089996319,4.170087814331055,1,1,0,1.0071730349577168,0.37475454807281494,0.003619933733716607,0.04583827033638954,0.0007874929578974843,-0.0010121074737980962,0.0005370064754970372,-0.00427538575604558,-0.1756717562675476,-0.0635145828127861,-0.010197526775300503,-0.001352052204310894,0.010880508460104465,-0.03438979232968241,0.0024892713389318235,3.1249694112596975,0.37475454807281494,0.003619933733716607,0.04583827033638954,3.1249694112596975,0.0,0.0,0.0,0.0,0.0,0.0,0.000990690047693628,-0.0018745098078760648,-4.528936438774001e-05,0.0,0.0,0.0,-0.03438979232968241,0.0024892713389318235,3.1249694112596975,0.0,0.0,0.0,0.0,0.0,0.0,zero,0.0,0.0,0.0,0.0,0.000990690047693628,-0.0018745098078760648,-4.528936438774001e-05,-0.03791072613848753,0.02839693920300756,0.008131737804702872,1,0.0029354095458984375,,,,,,,,,,,,,,,,,,,,,,0.35890479200043046,2,radio://0/80/2M/E7E7E7E702,0.0,aborted,cf5 起飞前预检失败（电压或 EKF 对齐）,0.0,0.0,0.0,0,0.0,global_abort:cf5 起飞前预检失败（电压或 EKF 对齐）,,,,,
0.35890479200043046,1788684525.0532975,control,aborted,1,1,0.0021708300000682357,4.122580528259277,4122.0,0,90.0,0.29517106999992393,4.122580528259277,1,1,0,1.0187793716120355,-0.31369543075561523,0.3156982362270355,0.0402274988591671,-0.00031204434344545007,-0.0013344325125217438,0.00022165419068187475,0.3505476415157318,-0.08183355629444122,0.13161601126194,0.006209895480424166,-0.015341213904321194,0.012368375435471535,-0.00629683183539792,-0.011454483830046968,-0.5956458295347915,-0.31369543075561523,0.3156982362270355,0.0402274988591671,-0.5956458295347915,0.0,0.0,0.0,0.0,0.0,0.0,0.00119047001875448,-0.0002713817903916104,0.0006142267706205553,0.0,0.0,0.0,-0.00629683183539792,-0.011454483830046968,-0.5956458295347915,0.0,0.0,0.0,0.0,0.0,0.0,zero,0.0,0.0,0.0,0.0,0.00119047001875448,-0.0002713817903916104,0.0006142267706205553,-0.003266890666142687,-0.0106530096451377,-0.010945115120720723,1,0.003117084503173828,,,,,,,,,,,,,,,,,,,,,,0.35890479200043046,4,radio://0/80/2M/E7E7E7E704,2.0943951023931953,aborted,cf5 起飞前预检失败（电压或 EKF 对齐）,0.0,0.0,0.0,0,0.0,global_abort:cf5 起飞前预检失败（电压或 EKF 对齐）,,,,,
0.35890479200043046,1788684525.053405,control,aborted,1,1,0.0018927339997389936,3.763636350631714,3763.0,0,10.0,0.26744951399996353,nan,1,0,1,1.0,-0.2866438031196594,-0.4440518319606781,0.03568558394908905,-0.0007321999873965979,-0.0007792838732711971,0.00023971981136128306,-0.09236619621515274,-0.3270910680294037,-0.05369327962398529,-0.0005639698356389999,-0.020256953313946724,-0.004872510209679604,-0.003536062585310368,-0.04926551964212512,0.9682320260633125,-0.2866438031196594,-0.4440518319606781,0.03568558394908905,0.9682320260633125,0.0,0.0,0.0,0.0,0.0,0.0,-0.0010534312474602286,-0.0016297823955086872,-0.0008551952902384302,0.0,0.0,0.0,-0.003536062585310368,-0.04926551964212512,0.9682320260633125,0.0,0.0,0.0,0.0,0.0,0.0,zero,0.0,0.0,0.0,0.0,-0.0010534312474602286,-0.0016297823955086872,-0.0008551952902384302,0.0275964327107658,0.0312594212149608,0.016831239128081633,1,0.003224611282348633,,,,,,,,,,,,,,,,,,,,,,0.35890479200043046,5,radio://0/80/2M/E7E7E7E705,4.1887902047863905,aborted,cf5 起飞前预检失败（电压或 EKF 对齐）,0.0,0.0,0.0,0,0.0,global_abort:cf5 起飞前预检失败（电压或 EKF 对齐）,,,,,
0.37322107500040147,1788684525.0674121,control,aborted,1,1,0.01674880700011272,4.170087814331055,4170.0,0,90.0,0.3398836919996029,4.170087814331055,1,1,0,1.0071730349577168,0.37475454807281494,0.003619933733716607,0.04583827033638954,0.0007874929578974843,-0.0010121074737980962,0.0005370064754970372,-0.00427538575604558,-0.1756717562675476,-0.0635145828127861,-0.010197526775300503,-0.001352052204310894,0.010880508460104465,-0.03438979232968241,0.0024892713389318235,3.1249694112596975,0.37475454807281494,0.003619933733716607,0.04583827033638954,3.1249694112596975,0.0,0.0,0.0,0.0,0.0,0.0,0.000990690047693628,-0.0018745098078760648,-4.528936438774001e-05,0.0,0.0,0.0,-0.03438979232968241,0.0024892713389318235,3.1249694112596975,0.0,0.0,0.0,0.0,0.0,0.0,zero,0.0,0.0,0.0,0.0,0.000990690047693628,-0.0018745098078760648,-4.528936438774001e-05,-0.03791072613848753,0.02839693920300756,0.008131737804702872,1,0.01723170280456543,,,,,,,,,,,,,,,,,,,,,,0.37322107500040147,2,radio://0/80/2M/E7E7E7E702,0.0,aborted,cf5 起飞前预检失败（电压或 EKF 对齐）,0.0,0.0,0.0,0,0.0,global_abort:cf5 起飞前预检失败（电压或 EKF 对齐）,,,,,
0.37322107500040147,1788684525.0675647,control,aborted,1,1,0.016487113000039244,4.122580528259277,4122.0,0,90.0,0.30948735299989494,4.122580528259277,1,1,0,1.0187793716120355,-0.31369543075561523,0.3156982362270355,0.0402274988591671,-0.00031204434344545007,-0.0013344325125217438,0.00022165419068187475,0.3505476415157318,-0.08183355629444122,0.13161601126194,0.006209895480424166,-0.015341213904321194,0.012368375435471535,-0.00629683183539792,-0.011454483830046968,-0.5956458295347915,-0.31369543075561523,0.3156982362270355,0.0402274988591671,-0.5956458295347915,0.0,0.0,0.0,0.0,0.0,0.0,0.00119047001875448,-0.0002713817903916104,0.0006142267706205553,0.0,0.0,0.0,-0.00629683183539792,-0.011454483830046968,-0.5956458295347915,0.0,0.0,0.0,0.0,0.0,0.0,zero,0.0,0.0,0.0,0.0,0.00119047001875448,-0.0002713817903916104,0.0006142267706205553,-0.003266890666142687,-0.0106530096451377,-0.010945115120720723,1,0.01738429069519043,,,,,,,,,,,,,,,,,,,,,,0.37322107500040147,4,radio://0/80/2M/E7E7E7E704,2.0943951023931953,aborted,cf5 起飞前预检失败（电压或 EKF 对齐）,0.0,0.0,0.0,0,0.0,global_abort:cf5 起飞前预检失败（电压或 EKF 对齐）,,,,,
0.37322107500040147,1788684525.0676787,control,aborted,1,1,0.016209016999710002,3.763636350631714,3763.0,0,10.0,0.28176579699993454,nan,1,0,1,1.0,-0.2866438031196594,-0.4440518319606781,0.03568558394908905,-0.0007321999873965979,-0.0007792838732711971,0.00023971981136128306,-0.09236619621515274,-0.3270910680294037,-0.05369327962398529,-0.0005639698356389999,-0.020256953313946724,-0.004872510209679604,-0.003536062585310368,-0.04926551964212512,0.9682320260633125,-0.2866438031196594,-0.4440518319606781,0.03568558394908905,0.9682320260633125,0.0,0.0,0.0,0.0,0.0,0.0,-0.0010534312474602286,-0.0016297823955086872,-0.0008551952902384302,0.0,0.0,0.0,-0.003536062585310368,-0.04926551964212512,0.9682320260633125,0.0,0.0,0.0,0.0,0.0,0.0,zero,0.0,0.0,0.0,0.0,-0.0010534312474602286,-0.0016297823955086872,-0.0008551952902384302,0.0275964327107658,0.0312594212149608,0.016831239128081633,1,0.017498254776000977,,,,,,,,,,,,,,,,,,,,,,0.37322107500040147,5,radio://0/80/2M/E7E7E7E705,4.1887902047863905,aborted,cf5 起飞前预检失败（电压或 EKF 对齐）,0.0,0.0,0.0,0,0.0,global_abort:cf5 起飞前预检失败（电压或 EKF 对齐）,,,,,
0.3877239510002255,1788684525.0819077,control,aborted,1,1,9.389400020154426e-05,4.170087814331055,4170.0,0,90.0,0.3543865679994269,4.170087814331055,1,1,0,1.0071730349577168,0.37476620078086853,0.0036247388925403357,0.04580269753932953,0.005236778408288956,-0.012132100760936737,-0.014856984838843346,1.1043388843536377,-3.0165441036224365,-3.8589115142822266,0.007744962349534035,0.19659949839115143,0.16906334459781647,-0.034482058894148224,0.002648187453627797,3.1252938340593777,0.37476620078086853,0.0036247388925403357,0.04580269753932953,3.1252938340593777,0.0,0.0,0.0,0.0,0.0,0.0,0.00033713697769185763,-0.0005916443381860786,0.0007267343476937897,0.0,0.0,0.0,-0.034482058894148224,0.002648187453627797,3.1252938340593777,0.0,0.0,0.0,0.0,0.0,0.0,zero,0.0,0.0,0.0,0.0,0.00033713697769185763,-0.0005916443381860786,0.0007267343476937897,-0.2093882148867933,0.4642723294748408,0.25359978773126096,1,0.0006840229034423828,,,,,,,,,,,,,,,,,,,,,,0.3877239510002255,2,radio://0/80/2M/E7E7E7E702,0.0,aborted,cf5 起飞前预检失败（电压或 EKF 对齐）,0.0,0.0,0.0,0,0.0,global_abort:cf5 起飞前预检失败（电压或 EKF 对齐）,,,,,
0.3877239510002255,1788684525.082072,control,aborted,1,1,0.0005182320001040353,4.122580528259277,4122.0,0,90.0,0.32399022899971897,4.122580528259277,1,1,0,1.0187793716120355,-0.31366482377052307,0.3157624900341034,0.04019029438495636,-7.812005060259253e-05,6.853078957647085e-05,-0.00042643610504455864,0.22343355417251587,-0.031360458582639694,0.07366505265235901,-0.01255219615995884,-0.023807544261217117,0.001424327027052641,-0.007774720361371392,-0.012138474658496337,-0.5961567939338629,-0.31366482377052307,0.3157624900341034,0.04019029438495636,-0.5961567939338629,0.0,0.0,0.0,0.0,0.0,0.0,0.00016963481613314446,-0.000890767768950016,0.0001329382026097753,0.0,0.0,0.0,-0.007774720361371392,-0.012138474658496337,-0.5961567939338629,0.0,0.0,0.0,0.0,0.0,0.0,zero,0.0,0.0,0.0,0.0,0.00016963481613314446,-0.000890767768950016,0.0001329382026097753,-0.04038910702292976,-0.021290957682709007,-0.019872788628404015,1,0.0016679763793945312,,,,,,,,,,,,,,,,,,,,,,0.3877239510002255,4,radio://0/80/2M/E7E7E7E704,2.0943951023931953,aborted,cf5 起飞前预检失败（电压或 EKF 对齐）,0.0,0.0,0.0,0,0.0,global_abort:cf5 起飞前预检失败（电压或 EKF 对齐）,,,,,
0.3877239510002255,1788684525.0821874,control,aborted,1,1,0.0002989719996548956,3.763636350631714,3763.0,0,10.0,0.29626867299975856,nan,1,0,1,1.0,-0.2866803705692291,-0.4440403878688812,0.035667918622493744,-0.012436702847480774,0.004376016557216644,0.00044121849350631237,-2.9085776805877686,1.1101058721542358,0.16298004984855652,-0.012743216939270496,-0.056753069162368774,0.009387561120092869,-0.004211635282547183,-0.04982623227310751,0.9684134351797051,-0.2866803705692291,-0.4440403878688812,0.035667918622493744,0.9684134351797051,0.0,0.0,0.0,0.0,0.0,0.0,-0.0004535688154235891,-0.0004833203159051926,0.0003200980490416051,0.0,0.0,0.0,-0.004211635282547183,-0.04982623227310751,0.9684134351797051,0.0,0.0,0.0,0.0,0.0,0.0,zero,0.0,0.0,0.0,0.0,-0.0004535688154235891,-0.0004833203159051926,0.0003200980490416051,0.20958753737222038,0.39113303904834573,0.39500608863072184,1,0.0009636878967285156,,,,,,,,,,,,,,,,,,,,,,0.3877239510002255,5,radio://0/80/2M/E7E7E7E705,4.1887902047863905,aborted,cf5 起飞前预检失败（电压或 EKF 对齐）,0.0,0.0,0.0,0,0.0,global_abort:cf5 起飞前预检失败（电压或 EKF 对齐）,,,,,
0.40187474499998643,1788684525.096073,control,aborted,1,1,0.01424468799996248,4.170087814331055,4170.0,0,90.0,0.36853736199918785,4.170087814331055,1,1,0,1.0071730349577168,0.37476620078086853,0.0036247388925403357,0.04580269753932953,0.005236778408288956,-0.012132100760936737,-0.014856984838843346,1.1043388843536377,-3.0165441036224365,-3.8589115142822266,0.007744962349534035,0.19659949839115143,0.16906334459781647,-0.034482058894148224,0.002648187453627797,3.1252938340593777,0.37476620078086853,0.0036247388925403357,0.04580269753932953,3.1252938340593777,0.0,0.0,0.0,0.0,0.0,0.0,0.00033713697769185763,-0.0005916443381860786,0.0007267343476937897,0.0,0.0,0.0,-0.034482058894148224,0.002648187453627797,3.1252938340593777,0.0,0.0,0.0,0.0,0.0,0.0,zero,0.0,0.0,0.0,0.0,0.00033713697769185763,-0.0005916443381860786,0.0007267343476937897,-0.2093882148867933,0.4642723294748408,0.25359978773126096,1,0.014849185943603516,,,,,,,,,,,,,,,,,,,,,,0.40187474499998643,2,radio://0/80/2M/E7E7E7E702,0.0,aborted,cf5 起飞前预检失败（电压或 EKF 对齐）,0.0,0.0,0.0,0,0.0,global_abort:cf5 起飞前预检失败（电压或 EKF 对齐）,,,,,
0.40187474499998643,1788684525.0962498,control,aborted,1,1,0.013532388999919931,4.122580528259277,4122.0,0,90.0,0.3381410229994799,4.122580528259277,1,1,0,1.0187793716120355,-0.31363317370414734,0.3157527446746826,0.0402083545923233,0.007656938396394253,-0.0023220633156597614,0.004063725937157869,2.0653235912323,-0.6081530451774597,1.1540801525115967,0.24194560945034027,0.04711885750293732,0.12276053428649902,-0.00674752094966908,-0.011863581114389342,-0.5956600478035589,-0.31363317370414734,0.3157527446746826,0.0402083545923233,-0.5956600478035589,0.0,0.0,0.0,0.0,0.0,0.0,-0.0002206600391033644,-0.0010974867959822132,-5.9327521941916685e-05,0.0,0.0,0.0,-0.00674752094966908,-0.011863581114389342,-0.5956600478035589,0.0,0.0,0.0,0.0,0.0,0.0,zero,0.0,0.0,0.0,0.0,-0.0002206600391033644,-0.0010974867959822132,-5.9327521941916685e-05,-0.4761533660552385,-0.2521938458281714,-0.2345610522251483,1,0.015026092529296875,,,,,,,,,,,,,,,,,,,,,,0.40187474499998643,4,radio://0/80/2M/E7E7E7E704,2.0943951023931953,aborted,cf5 起飞前预检失败（电压或 EKF 对齐）,0.0,0.0,0.0,0,0.0,global_abort:cf5 起飞前预检失败（电压或 EKF 对齐）,,,,,
0.40187474499998643,1788684525.0963695,control,aborted,1,1,0.014449765999415831,3.763636350631714,3763.0,0,10.0,0.3104194669995195,nan,1,0,1,1.0,-0.2866803705692291,-0.4440403878688812,0.035667918622493744,-0.012436702847480774,0.004376016557216644,0.00044121849350631237,-2.9085776805877686,1.1101058721542358,0.16298004984855652,-0.012743216939270496,-0.056753069162368774,0.009387561120092869,-0.004211635282547183,-0.04982623227310751,0.9684134351797051,-0.2866803705692291,-0.4440403878688812,0.035667918622493744,0.9684134351797051,0.0,0.0,0.0,0.0,0.0,0.0,-0.0004535688154235891,-0.0004833203159051926,0.0003200980490416051,0.0,0.0,0.0,-0.004211635282547183,-0.04982623227310751,0.9684134351797051,0.0,0.0,0.0,0.0,0.0,0.0,zero,0.0,0.0,0.0,0.0,-0.0004535688154235891,-0.0004833203159051926,0.0003200980490416051,0.20958753737222038,0.39113303904834573,0.39500608863072184,1,0.01514577865600586,,,,,,,,,,,,,,,,,,,,,,0.40187474499998643,5,radio://0/80/2M/E7E7E7E705,4.1887902047863905,aborted,cf5 起飞前预检失败（电压或 EKF 对齐）,0.0,0.0,0.0,0,0.0,global_abort:cf5 起飞前预检失败（电压或 EKF 对齐）,,,,,
0.4161493240007985,1788684525.1103501,control,aborted,1,1,0.0009510240006420645,4.170087814331055,4170.0,0,90.0,0.38281194099999993,4.170087814331055,1,1,0,1.0071730349577168,0.37472355365753174,0.0036148494109511375,0.0458378866314888,0.018338549882173538,-0.011053461581468582,-0.03627882897853851,21.93492889404297,-5.56205940246582,-39.007713317871094,-0.792510449886322,0.49678537249565125,-0.12788818776607513,-0.0346645974943833,0.0021963158641213868,3.124530606078323,0.37472355365753174,0.0036148494109511375,0.0458378866314888,3.124530606078323,0.0,0.0,0.0,0.0,0.0,0.0,0.005648739299134567,-0.008812426515536993,-0.013619045643371365,0.0,0.0,0.0,-0.0346645974943833,0.0021963158641213868,3.124530606078323,0.0,0.0,0.0,0.0,0.0,0.0,zero,0.0,0.0,0.0,0.0,0.005648739299134567,-0.008812426515536993,-0.013619045643371365,0.2829852311739578,-0.2431644790955983,-0.6281816698096839,1,0.0014917850494384766,,,,,,,,,,,,,,,,,,,,,,0.4161493240007985,2,radio://0/80/2M/E7E7E7E702,0.0,aborted,cf5 起飞前预检失败（电压或 EKF 对齐）,0.0,0.0,0.0,0,0.0,global_abort:cf5 起飞前预检失败（电压或 EKF 对齐）,,,,,
0.4161493240007985,1788684525.1106346,control,aborted,1,1,0.0006673490006505745,4.122580528259277,4122.0,0,90.0,0.352415602000292,4.122580528259277,1,1,0,1.0187793716120355,-0.31370335817337036,0.3157980740070343,0.040209636092185974,-0.004608518909662962,-0.020295163616538048,0.01855890080332756,-10.410636901855469,-26.454566955566406,22.071836471557617,-0.6796608567237854,-1.6062109470367432,0.13494572043418884,-0.00587455655557742,-0.011437449196907005,-0.5955792293706067,-0.31370335817337036,0.3157980740070343,0.040209636092185974,-0.5955792293706067,0.0,0.0,0.0,0.0,0.0,0.0,0.004044426604542672,-0.003965756720504175,0.004584372138133955,0.0,0.0,0.0,-0.00587455655557742,-0.011437449196907005,-0.5955792293706067,0.0,0.0,0.0,0.0,0.0,0.0,zero,0.0,0.0,0.0,0.0,0.004044426604542672,-0.003965756720504175,0.004584372138133955,0.02852095941863519,-0.25189012614084266,0.27211648645523306,1,0.0017762184143066406,,,,,,,,,,,,,,,,,,,,,,0.4161493240007985,4,radio://0/80/2M/E7E7E7E704,2.0943951023931953,aborted,cf5 起飞前预检失败（电压或 EKF 对齐）,0.0,0.0,0.0,0,0.0,global_abort:cf5 起飞前预检失败（电压或 EKF 对齐）,,,,,
0.4161493240007985,1788684525.1108532,control,aborted,1,1,0.00031896200016490184,3.763636350631714,3763.0,0,10.0,0.3246940460003316,nan,1,0,1,1.0,-0.28662219643592834,-0.44405362010002136,0.035657625645399094,-0.010869871824979782,0.0011683746706694365,0.07486237585544586,-6.528088569641113,-1.4900119304656982,100.90186309814453,-0.7029337286949158,0.1833324134349823,0.8890455961227417,-0.0037453078342348646,-0.04696113483733262,0.9693693891336342,-0.28662219643592834,-0.44405362010002136,0.035657625645399094,0.9693693891336342,0.0,0.0,0.0,0.0,0.0,0.0,-0.00930294266564754,0.0029801224684915003,0.00931943235838398,0.0,0.0,0.0,-0.0037453078342348646,-0.04696113483733262,0.9693693891336342,0.0,0.0,0.0,0.0,0.0,0.0,zero,0.0,0.0,0.0,0.0,-0.00930294266564754,0.0029801224684915003,0.00931943235838398,-0.25814897721328717,0.07224644021301535,0.9317422037065336,1,0.0019948482513427734,,,,,,,,,,,,,,,,,,,,,,0.4161493240007985,5,radio://0/80/2M/E7E7E7E705,4.1887902047863905,aborted,cf5 起飞前预检失败（电压或 EKF 对齐）,0.0,0.0,0.0,0,0.0,global_abort:cf5 起飞前预检失败（电压或 EKF 对齐）,,,,,
0.43038154500027304,1788684525.1246188,control,aborted,1,1,0.015183245000116585,4.170087814331055,4170.0,0,90.0,0.39704416199947445,4.170087814331055,1,1,0,1.0071730349577168,0.37472355365753174,0.0036148494109511375,0.0458378866314888,0.018338549882173538,-0.011053461581468582,-0.03627882897853851,21.93492889404297,-5.56205940246582,-39.007713317871094,-0.792510449886322,0.49678537249565125,-0.12788818776607513,-0.0346645974943833,0.0021963158641213868,3.124530606078323,0.37472355365753174,0.0036148494109511375,0.0458378866314888,3.124530606078323,0.0,0.0,0.0,0.0,0.0,0.0,0.005648739299134567,-0.008812426515536993,-0.013619045643371365,0.0,0.0,0.0,-0.0346645974943833,0.0021963158641213868,3.124530606078323,0.0,0.0,0.0,0.0,0.0,0.0,zero,0.0,0.0,0.0,0.0,0.005648739299134567,-0.008812426515536993,-0.013619045643371365,0.2829852311739578,-0.2431644790955983,-0.6281816698096839,1,0.015760421752929688,,,,,,,,,,,,,,,,,,,,,,0.43038154500027304,2,radio://0/80/2M/E7E7E7E702,0.0,aborted,cf5 起飞前预检失败（电压或 EKF 对齐）,0.0,0.0,0.0,0,0.0,global_abort:cf5 起飞前预检失败（电压或 EKF 对齐）,,,,,
0.43038154500027304,1788684525.124812,control,aborted,1,1,0.014899570000125095,4.122580528259277,4122.0,0,90.0,0.3666478229997665,4.122580528259277,1,1,0,1.0187793716120355,-0.31370335817337036,0.3157980740070343,0.040209636092185974,-0.004608518909662962,-0.020295163616538048,0.01855890080332756,-10.410636901855469,-26.454566955566406,22.071836471557617,-0.6796608567237854,-1.6062109470367432,0.13494572043418884,-0.00587455655557742,-0.011437449196907005,-0.5955792293706067,-0.31370335817337036,0.3157980740070343,0.040209636092185974,-0.5955792293706067,0.0,0.0,0.0,0.0,0.0,0.0,0.004044426604542672,-0.003965756720504175,0.004584372138133955,0.0,0.0,0.0,-0.00587455655557742,-0.011437449196907005,-0.5955792293706067,0.0,0.0,0.0,0.0,0.0,0.0,zero,0.0,0.0,0.0,0.0,0.004044426604542672,-0.003965756720504175,0.004584372138133955,0.02852095941863519,-0.25189012614084266,0.27211648645523306,1,0.015953540802001953,,,,,,,,,,,,,,,,,,,,,,0.43038154500027304,4,radio://0/80/2M/E7E7E7E704,2.0943951023931953,aborted,cf5 起飞前预检失败（电压或 EKF 对齐）,0.0,0.0,0.0,0,0.0,global_abort:cf5 起飞前预检失败（电压或 EKF 对齐）,,,,,
0.43038154500027304,1788684525.1250188,control,aborted,1,1,0.014551182999639423,3.763636350631714,3763.0,0,10.0,0.3389262669998061,nan,1,0,1,1.0,-0.28662219643592834,-0.44405362010002136,0.035657625645399094,-0.010869871824979782,0.0011683746706694365,0.07486237585544586,-6.528088569641113,-1.4900119304656982,100.90186309814453,-0.7029337286949158,0.1833324134349823,0.8890455961227417,-0.0037453078342348646,-0.04696113483733262,0.9693693891336342,-0.28662219643592834,-0.44405362010002136,0.035657625645399094,0.9693693891336342,0.0,0.0,0.0,0.0,0.0,0.0,-0.00930294266564754,0.0029801224684915003,0.00931943235838398,0.0,0.0,0.0,-0.0037453078342348646,-0.04696113483733262,0.9693693891336342,0.0,0.0,0.0,0.0,0.0,0.0,zero,0.0,0.0,0.0,0.0,-0.00930294266564754,0.0029801224684915003,0.00931943235838398,-0.25814897721328717,0.07224644021301535,0.9317422037065336,1,0.01616048812866211,,,,,,,,,,,,,,,,,,,,,,0.43038154500027304,5,radio://0/80/2M/E7E7E7E705,4.1887902047863905,aborted,cf5 起飞前预检失败（电压或 EKF 对齐）,0.0,0.0,0.0,0,0.0,global_abort:cf5 起飞前预检失败（电压或 EKF 对齐）,,,,,
0.44467529200028366,1788684525.1389172,control,aborted,1,1,0.00838334499985649,4.170087814331055,4170.0,0,90.0,0.4113379089994851,4.170087814331055,1,1,0,1.0071730349577168,0.37467160820961,0.0036668642424046993,0.04589860513806343,-0.047767285257577896,0.035282060503959656,0.08946060389280319,-67.059326171875,53.55438232421875,129.4156036376953,0.14222502708435059,1.744023323059082,0.6345813870429993,-0.0345331121997311,0.003311415895759332,3.1251158759528805,0.37467160820961,0.0036668642424046993,0.04589860513806343,3.1251158759528805,0.0,0.0,0.0,0.0,0.0,0.0,0.019724302848282853,-0.012282312225600028,-0.039322405948903516,0.0,0.0,0.0,-0.0345331121997311,0.003311415895759332,3.1251158759528805,0.0,0.0,0.0,0.0,0.0,0.0,zero,0.0,0.0,0.0,0.0,0.019724302848282853,-0.012282312225600028,-0.039322405948903516,45.122673676518446,-11.122198192191528,-82.39815055122587,1,0.009749412536621094,,,,,,,,,,,,,,,,,,,,,,0.44467529200028366,2,radio://0/80/2M/E7E7E7E702,0.0,aborted,cf5 起飞前预检失败（电压或 EKF 对齐）,0.0,0.0,0.0,0,0.0,global_abort:cf5 起飞前预检失败（电压或 EKF 对齐）,,,,,
0.44467529200028366,1788684525.1392205,control,aborted,1,1,0.008624860999589146,4.122580528259277,4122.0,0,90.0,0.38094156999977713,4.122580528259277,1,1,0,1.0187793716120355,-0.3136836290359497,0.31578168272972107,0.040225010365247726,-0.050220102071762085,0.04266190901398659,0.035443902015686035,-67.85619354248047,60.412025451660156,40.900794982910156,0.25498905777931213,0.5283652544021606,-1.0609937906265259,-0.005806106265208631,-0.011227912553210158,-0.596174515037206,-0.3136836290359497,0.31578168272972107,0.040225010365247726,-0.596174515037206,0.0,0.0,0.0,0.0,0.0,0.0,-0.003702427745899307,-0.021324616985442944,0.019559581755312708,0.0,0.0,0.0,-0.005806106265208631,-0.011227912553210158,-0.596174515037206,0.0,0.0,0.0,0.0,0.0,0.0,zero,0.0,0.0,0.0,0.0,-0.003702427745899307,-0.021324616985442944,0.019559581755312708,-24.837813756756145,-55.64897099662985,48.010071540894735,1,0.010052680969238281,,,,,,,,,,,,,,,,,,,,,,0.44467529200028366,4,radio://0/80/2M/E7E7E7E704,2.0943951023931953,aborted,cf5 起飞前预检失败（电压或 EKF 对齐）,0.0,0.0,0.0,0,0.0,global_abort:cf5 起飞前预检失败（电压或 EKF 对齐）,,,,,
0.44467529200028366,1788684525.139503,control,aborted,1,1,0.00795807899976353,3.763636350631714,3763.0,0,10.0,0.35322001399981673,nan,1,0,1,1.0,-0.2866431474685669,-0.4440401792526245,0.035632696002721786,-0.001387104857712984,0.03954309597611427,0.0028708092868328094,5.663645267486572,49.43375015258789,-9.772247314453125,0.250664621591568,-0.3807772397994995,0.4707629680633545,-0.003828010256219397,-0.05021315432648386,0.9684719021753205,-0.2866431474685669,-0.4440401792526245,0.035632696002721786,0.9684719021753205,0.0,0.0,0.0,0.0,0.0,0.0,-0.012606139843659044,0.0016443322310392395,0.07759810152939174,0.0,0.0,0.0,-0.003828010256219397,-0.05021315432648386,0.9684719021753205,0.0,0.0,0.0,0.0,0.0,0.0,zero,0.0,0.0,0.0,0.0,-0.012606139843659044,0.0016443322310392395,0.07759810152939174,-10.589145216759437,-4.281146259456696,218.89420544476067,1,0.010335206985473633,,,,,,,,,,,,,,,,,,,,,,0.44467529200028366,5,radio://0/80/2M/E7E7E7E705,4.1887902047863905,aborted,cf5 起飞前预检失败（电压或 EKF 对齐）,0.0,0.0,0.0,0,0.0,global_abort:cf5 起飞前预检失败（电压或 EKF 对齐）,,,,,
0.4589069260000542,1788684525.1531017,control,aborted,1,1,0.004327988000113692,4.170087814331055,4170.0,0,90.0,0.42556954299925565,4.170087814331055,1,1,0,1.0071730349577168,0.3747183084487915,0.0036351396702229977,0.045818764716386795,-0.029909728094935417,0.022342313081026077,0.055955056101083755,-42.58125305175781,34.035640716552734,82.1893310546875,0.08516030013561249,1.1067839860916138,0.40071210265159607,-0.03464267996208728,0.0025761435774461715,3.124483489159313,0.3747183084487915,0.0036351396702229977,0.045818764716386795,3.124483489159313,0.0,0.0,0.0,0.0,0.0,0.0,0.005667334667435303,-5.50698601813936e-05,-0.011948556835761803,0.0,0.0,0.0,-0.03464267996208728,0.0025761435774461715,3.124483489159313,0.0,0.0,0.0,0.0,0.0,0.0,zero,0.0,0.0,0.0,0.0,0.005667334667435303,-5.50698601813936e-05,-0.011948556835761803,-1.0750745862182367,0.85591505986477,2.0796180158569637,1,0.004686117172241211,,,,,,,,,,,,,,,,,,,,,,0.4589069260000542,2,radio://0/80/2M/E7E7E7E702,0.0,aborted,cf5 起飞前预检失败（电压或 EKF 对齐）,0.0,0.0,0.0,0,0.0,global_abort:cf5 起飞前预检失败（电压或 EKF 对齐）,,,,,
0.4589069260000542,1788684525.153315,control,aborted,1,1,0.0040447479996146285,4.122580528259277,4122.0,0,90.0,0.3951732039995477,4.122580528259277,1,1,0,1.0187793716120355,-0.31364965438842773,0.315785676240921,0.04021795839071274,-0.03172833099961281,0.027751600369811058,0.02253868617117405,-43.07937240600586,38.38724899291992,25.92918586730957,0.17531608045101166,0.3239578306674957,-0.6684513092041016,-0.00596792003560112,-0.011448065806369317,-0.5957695965742802,-0.31364965438842773,0.315785676240921,0.04021795839071274,-0.5957695965742802,0.0,0.0,0.0,0.0,0.0,0.0,-0.019028403891995192,-0.009378519359871156,0.02849886207642545,0.0,0.0,0.0,-0.00596792003560112,-0.011448065806369317,-0.5957695965742802,0.0,0.0,0.0,0.0,0.0,0.0,zero,0.0,0.0,0.0,0.0,-0.019028403891995192,-0.009378519359871156,0.02849886207642545,-0.9608032555961401,0.9659457110047444,0.4631333581005968,1,0.004899501800537109,,,,,,,,,,,,,,,,,,,,,,0.4589069260000542,4,radio://0/80/2M/E7E7E7E704,2.0943951023931953,aborted,cf5 起飞前预检失败（电压或 EKF 对齐）,0.0,0.0,0.0,0,0.0,global_abort:cf5 起飞前预检失败（电压或 EKF 对齐）,,,,,
0.4589069260000542,1788684525.1534376,control,aborted,1,1,0.003680904999782797,3.763636350631714,3763.0,0,10.0,0.3674516479995873,nan,1,0,1,1.0,-0.28666040301322937,-0.4440489113330841,0.035647083073854446,-0.0010440762853249907,0.025195946916937828,0.0014382031513378024,3.6352789402008057,31.36423683166504,-6.297644138336182,0.16181276738643646,-0.21312910318374634,0.29899176955223083,-0.0036547458341380733,-0.04916321486013068,0.9683040562563467,-0.28666040301322937,-0.4440489113330841,0.035647083073854446,0.9683040562563467,0.0,0.0,0.0,0.0,0.0,0.0,-0.010168759482466209,0.011351964821584492,0.0790266684721597,0.0,0.0,0.0,-0.0036547458341380733,-0.04916321486013068,0.9683040562563467,0.0,0.0,0.0,0.0,0.0,0.0,zero,0.0,0.0,0.0,0.0,-0.010168759482466209,0.011351964821584492,0.0790266684721597,0.1959444487385548,0.665401735463239,-0.5330303202338865,1,0.0050220489501953125,,,,,,,,,,,,,,,,,,,,,,0.4589069260000542,5,radio://0/80/2M/E7E7E7E705,4.1887902047863905,aborted,cf5 起飞前预检失败（电压或 EKF 对齐）,0.0,0.0,0.0,0,0.0,global_abort:cf5 起飞前预检失败（电压或 EKF 对齐）,,,,,
0.4732330320002802,1788684525.1675048,control,aborted,1,1,0.018654094000339683,4.170087814331055,4170.0,0,90.0,0.43989564899948164,4.170087814331055,1,1,0,1.0071730349577168,0.3747183084487915,0.0036351396702229977,0.045818764716386795,-0.029909728094935417,0.022342313081026077,0.055955056101083755,-42.58125305175781,34.035640716552734,82.1893310546875,0.08516030013561249,1.1067839860916138,0.40071210265159607,-0.03464267996208728,0.0025761435774461715,3.124483489159313,0.3747183084487915,0.0036351396702229977,0.045818764716386795,3.124483489159313,0.0,0.0,0.0,0.0,0.0,0.0,0.005667334667435303,-5.50698601813936e-05,-0.011948556835761803,0.0,0.0,0.0,-0.03464267996208728,0.0025761435774461715,3.124483489159313,0.0,0.0,0.0,0.0,0.0,0.0,zero,0.0,0.0,0.0,0.0,0.005667334667435303,-5.50698601813936e-05,-0.011948556835761803,-1.0750745862182367,0.85591505986477,2.0796180158569637,1,0.019089221954345703,,,,,,,,,,,,,,,,,,,,,,0.4732330320002802,2,radio://0/80/2M/E7E7E7E702,0.0,aborted,cf5 起飞前预检失败（电压或 EKF 对齐）,0.0,0.0,0.0,0,0.0,global_abort:cf5 起飞前预检失败（电压或 EKF 对齐）,,,,,
0.4732330320002802,1788684525.1678665,control,aborted,1,1,0.01837085399984062,4.122580528259277,4122.0,0,90.0,0.4094993099997737,4.122580528259277,1,1,0,1.0187793716120355,-0.31364965438842773,0.315785676240921,0.04021795839071274,-0.03172833099961281,0.027751600369811058,0.02253868617117405,-43.07937240600586,38.38724899291992,25.92918586730957,0.17531608045101166,0.3239578306674957,-0.6684513092041016,-0.00596792003560112,-0.011448065806369317,-0.5957695965742802,-0.31364965438842773,0.315785676240921,0.04021795839071274,-0.5957695965742802,0.0,0.0,0.0,0.0,0.0,0.0,-0.019028403891995192,-0.009378519359871156,0.02849886207642545,0.0,0.0,0.0,-0.00596792003560112,-0.011448065806369317,-0.5957695965742802,0.0,0.0,0.0,0.0,0.0,0.0,zero,0.0,0.0,0.0,0.0,-0.019028403891995192,-0.009378519359871156,0.02849886207642545,-0.9608032555961401,0.9659457110047444,0.4631333581005968,1,0.019450902938842773,,,,,,,,,,,,,,,,,,,,,,0.4732330320002802,4,radio://0/80/2M/E7E7E7E704,2.0943951023931953,aborted,cf5 起飞前预检失败（电压或 EKF 对齐）,0.0,0.0,0.0,0,0.0,global_abort:cf5 起飞前预检失败（电压或 EKF 对齐）,,,,,
0.4732330320002802,1788684525.1681156,control,aborted,1,1,0.018007011000008788,3.763636350631714,3763.0,0,10.0,0.3817777539998133,nan,1,0,1,1.0,-0.28666040301322937,-0.4440489113330841,0.035647083073854446,-0.0010440762853249907,0.025195946916937828,0.0014382031513378024,3.6352789402008057,31.36423683166504,-6.297644138336182,0.16181276738643646,-0.21312910318374634,0.29899176955223083,-0.0036547458341380733,-0.04916321486013068,0.9683040562563467,-0.28666040301322937,-0.4440489113330841,0.035647083073854446,0.9683040562563467,0.0,0.0,0.0,0.0,0.0,0.0,-0.010168759482466209,0.011351964821584492,0.0790266684721597,0.0,0.0,0.0,-0.0036547458341380733,-0.04916321486013068,0.9683040562563467,0.0,0.0,0.0,0.0,0.0,0.0,zero,0.0,0.0,0.0,0.0,-0.010168759482466209,0.011351964821584492,0.0790266684721597,0.1959444487385548,0.665401735463239,-0.5330303202338865,1,0.019700050354003906,,,,,,,,,,,,,,,,,,,,,,0.4732330320002802,5,radio://0/80/2M/E7E7E7E705,4.1887902047863905,aborted,cf5 起飞前预检失败（电压或 EKF 对齐）,0.0,0.0,0.0,0,0.0,global_abort:cf5 起飞前预检失败（电压或 EKF 对齐）,,,,,
0.48754673300027207,1788684525.1817722,control,aborted,1,1,0.0028743539996867185,4.170087814331055,4170.0,0,90.0,0.4542093499994735,4.170087814331055,1,1,0,1.0071730349577168,0.3747437298297882,0.0036199097521603107,0.045831531286239624,-0.021901819854974747,0.011312299408018589,0.024371301755309105,-22.48512840270996,16.781343460083008,38.821998596191406,0.2019815444946289,0.7071058750152588,0.23576074838638306,-0.03409136236190338,0.0022673774314051318,3.1250728734347653,0.3747437298297882,0.0036199097521603107,0.045831531286239624,3.1250728734347653,0.0,0.0,0.0,0.0,0.0,0.0,-0.04823358361801517,0.03440906427418773,0.09016005133680502,0.0,0.0,0.0,-0.03409136236190338,0.0022673774314051318,3.1250728734347653,0.0,0.0,0.0,0.0,0.0,0.0,zero,0.0,0.0,0.0,0.0,-0.04823358361801517,0.03440906427418773,0.09016005133680502,-1.5991081543654295,0.9780565263830036,2.8889995401215733,1,0.0033485889434814453,,,,,,,,,,,,,,,,,,,,,,0.48754673300027207,2,radio://0/80/2M/E7E7E7E702,0.0,aborted,cf5 起飞前预检失败（电压或 EKF 对齐）,0.0,0.0,0.0,0,0.0,global_abort:cf5 起飞前预检失败（电压或 EKF 对齐）,,,,,
0.48754673300027207,1788684525.1820326,control,aborted,1,1,0.002620039000248653,4.122580528259277,4122.0,0,90.0,0.42381301099976554,4.122580528259277,1,1,0,1.0187793716120355,-0.31367307901382446,0.3157653212547302,0.04020418971776962,-0.015921706333756447,0.007842573337256908,0.015476465225219727,-20.66588020324707,16.982545852661133,13.49185562133789,0.3009454905986786,0.15652494132518768,-0.26892954111099243,-0.006587387112942775,-0.011767089886890587,-0.5956475951480508,-0.31367307901382446,0.3157653212547302,0.04020418971776962,-0.5956475951480508,0.0,0.0,0.0,0.0,0.0,0.0,-0.040578736015117856,0.04484947264056613,0.022583219740081508,0.0,0.0,0.0,-0.006587387112942775,-0.011767089886890587,-0.5956475951480508,0.0,0.0,0.0,0.0,0.0,0.0,zero,0.0,0.0,0.0,0.0,-0.040578736015117856,0.04484947264056613,0.022583219740081508,-0.528672796114136,1.5153913579174885,-0.24280638824341277,1,0.0036089420318603516,,,,,,,,,,,,,,,,,,,,,,0.48754673300027207,4,radio://0/80/2M/E7E7E7E704,2.0943951023931953,aborted,cf5 起飞前预检失败（电压或 EKF 对齐）,0.0,0.0,0.0,0,0.0,global_abort:cf5 起飞前预检失败（电压或 EKF 对齐）,,,,,
0.48754673300027207,1788684525.1822495,control,aborted,1,1,0.0023780339997756528,3.763636350631714,3763.0,0,10.0,0.39609145499980514,nan,1,0,1,1.0,-0.28663891553878784,-0.44404610991477966,0.03564450889825821,0.006701674312353134,-0.0004396906588226557,0.005055386573076248,3.7795908451080322,11.635080337524414,-2.002250909805298,0.07235321402549744,-0.0472777858376503,0.14791885018348694,-0.004403920271157995,-0.04951746576266204,0.9685667471838828,-0.28663891553878784,-0.44404610991477966,0.03564450889825821,0.9685667471838828,0.0,0.0,0.0,0.0,0.0,0.0,0.0038176545190671232,0.03225444451827304,-0.028673770962647845,0.0,0.0,0.0,-0.004403920271157995,-0.04951746576266204,0.9685667471838828,0.0,0.0,0.0,0.0,0.0,0.0,zero,0.0,0.0,0.0,0.0,0.0038176545190671232,0.03225444451827304,-0.028673770962647845,0.4932269906298467,0.4367567709303161,-3.3067852140373817,1,0.0038259029388427734,,,,,,,,,,,,,,,,,,,,,,0.48754673300027207,5,radio://0/80/2M/E7E7E7E705,4.1887902047863905,aborted,cf5 起飞前预检失败（电压或 EKF 对齐）,0.0,0.0,0.0,0,0.0,global_abort:cf5 起飞前预检失败（电压或 EKF 对齐）,,,,,
0.5018239420005557,1788684525.1960728,control,aborted,1,1,0.017151562999970338,4.170087814331055,4170.0,0,90.0,0.4684865589997571,4.170087814331055,1,1,0,1.0071730349577168,0.3747437298297882,0.0036199097521603107,0.045831531286239624,-0.021901819854974747,0.011312299408018589,0.024371301755309105,-22.48512840270996,16.781343460083008,38.821998596191406,0.2019815444946289,0.7071058750152588,0.23576074838638306,-0.03409136236190338,0.0022673774314051318,3.1250728734347653,0.3747437298297882,0.0036199097521603107,0.045831531286239624,3.1250728734347653,0.0,0.0,0.0,0.0,0.0,0.0,-0.04823358361801517,0.03440906427418773,0.09016005133680502,0.0,0.0,0.0,-0.03409136236190338,0.0022673774314051318,3.1250728734347653,0.0,0.0,0.0,0.0,0.0,0.0,zero,0.0,0.0,0.0,0.0,-0.04823358361801517,0.03440906427418773,0.09016005133680502,-1.5991081543654295,0.9780565263830036,2.8889995401215733,1,0.017649173736572266,,,,,,,,,,,,,,,,,,,,,,0.5018239420005557,2,radio://0/80/2M/E7E7E7E702,0.0,aborted,cf5 起飞前预检失败（电压或 EKF 对齐）,0.0,0.0,0.0,0,0.0,global_abort:cf5 起飞前预检失败（电压或 EKF 对齐）,,,,,
0.5018239420005557,1788684525.1963174,control,aborted,1,1,0.016897248000532272,4.122580528259277,4122.0,0,90.0,0.43809022000004916,4.122580528259277,1,1,0,1.0187793716120355,-0.31367307901382446,0.3157653212547302,0.04020418971776962,-0.015921706333756447,0.007842573337256908,0.015476465225219727,-20.66588020324707,16.982545852661133,13.49185562133789,0.3009454905986786,0.15652494132518768,-0.26892954111099243,-0.006587387112942775,-0.011767089886890587,-0.5956475951480508,-0.31367307901382446,0.3157653212547302,0.04020418971776962,-0.5956475951480508,0.0,0.0,0.0,0.0,0.0,0.0,-0.040578736015117856,0.04484947264056613,0.022583219740081508,0.0,0.0,0.0,-0.006587387112942775,-0.011767089886890587,-0.5956475951480508,0.0,0.0,0.0,0.0,0.0,0.0,zero,0.0,0.0,0.0,0.0,-0.040578736015117856,0.04484947264056613,0.022583219740081508,-0.528672796114136,1.5153913579174885,-0.24280638824341277,1,0.01789379119873047,,,,,,,,,,,,,,,,,,,,,,0.5018239420005557,4,radio://0/80/2M/E7E7E7E704,2.0943951023931953,aborted,cf5 起飞前预检失败（电压或 EKF 对齐）,0.0,0.0,0.0,0,0.0,global_abort:cf5 起飞前预检失败（电压或 EKF 对齐）,,,,,
0.5018239420005557,1788684525.1965194,control,aborted,1,1,0.016655243000059272,3.763636350631714,3763.0,0,10.0,0.41036866400008876,nan,1,0,1,1.0,-0.28663891553878784,-0.44404610991477966,0.03564450889825821,0.006701674312353134,-0.0004396906588226557,0.005055386573076248,3.7795908451080322,11.635080337524414,-2.002250909805298,0.07235321402549744,-0.0472777858376503,0.14791885018348694,-0.004403920271157995,-0.04951746576266204,0.9685667471838828,-0.28663891553878784,-0.44404610991477966,0.03564450889825821,0.9685667471838828,0.0,0.0,0.0,0.0,0.0,0.0,0.0038176545190671232,0.03225444451827304,-0.028673770962647845,0.0,0.0,0.0,-0.004403920271157995,-0.04951746576266204,0.9685667471838828,0.0,0.0,0.0,0.0,0.0,0.0,zero,0.0,0.0,0.0,0.0,0.0038176545190671232,0.03225444451827304,-0.028673770962647845,0.4932269906298467,0.4367567709303161,-3.3067852140373817,1,0.018095731735229492,,,,,,,,,,,,,,,,,,,,,,0.5018239420005557,5,radio://0/80/2M/E7E7E7E705,4.1887902047863905,aborted,cf5 起飞前预检失败（电压或 EKF 对齐）,0.0,0.0,0.0,0,0.0,global_abort:cf5 起飞前预检失败（电压或 EKF 对齐）,,,,,
0.5160625600001367,1788684525.210286,control,aborted,1,1,0.0012023509998471127,4.170087814331055,4170.0,0,90.0,0.48272517699933815,4.170087814331055,1,1,0,1.0071730349577168,0.37472352385520935,0.0036594639532268047,0.045897409319877625,-0.0120188407599926,0.0071698324754834175,0.015553032048046589,-11.141154289245605,8.431678771972656,19.58556365966797,0.09444300830364227,0.36505115032196045,0.12888848781585693,-0.03410561777289199,0.0021989124032207913,3.1245792070973,0.37472352385520935,0.0036594639532268047,0.045897409319877625,3.1245792070973,0.0,0.0,0.0,0.0,0.0,0.0,-0.019292342988747924,0.007437490288014662,0.012264599025865783,0.0,0.0,0.0,-0.03410561777289199,0.0021989124032207913,3.1245792070973,0.0,0.0,0.0,0.0,0.0,0.0,zero,0.0,0.0,0.0,0.0,-0.019292342988747924,0.007437490288014662,0.012264599025865783,1.3400490081402383,-1.2107227472631474,-3.4631444277824337,1,0.0017430782318115234,,,,,,,,,,,,,,,,,,,,,,0.5160625600001367,2,radio://0/80/2M/E7E7E7E702,0.0,aborted,cf5 起飞前预检失败（电压或 EKF 对齐）,0.0,0.0,0.0,0,0.0,global_abort:cf5 起飞前预检失败（电压或 EKF 对齐）,,,,,
0.5160625600001367,1788684525.2106004,control,aborted,1,1,0.0008941269998103962,4.122580528259277,4122.0,0,90.0,0.4523288379996302,4.122580528259277,1,1,0,1.0187793716120355,-0.31368348002433777,0.31577956676483154,0.040259141474962234,-0.009979835711419582,0.0033753211610019207,0.012524954043328762,-10.454337120056152,8.409085273742676,6.971911907196045,0.08203735202550888,0.04550355672836304,-0.08372286707162857,-0.0070935919432054215,-0.011595578829571724,-0.5960357597525588,-0.31368348002433777,0.31577956676483154,0.040259141474962234,-0.5960357597525588,0.0,0.0,0.0,0.0,0.0,0.0,-0.008644778209730537,0.0003425042572721103,0.011718380344453523,0.0,0.0,0.0,-0.0070935919432054215,-0.011595578829571724,-0.5960357597525588,0.0,0.0,0.0,0.0,0.0,0.0,zero,0.0,0.0,0.0,0.0,-0.008644778209730537,0.0003425042572721103,0.011718380344453523,1.409908079169415,-1.976315435347922,-0.4769888476103241,1,0.0020575523376464844,,,,,,,,,,,,,,,,,,,,,,0.5160625600001367,4,radio://0/80/2M/E7E7E7E704,2.0943951023931953,aborted,cf5 起飞前预检失败（电压或 EKF 对齐）,0.0,0.0,0.0,0,0.0,global_abort:cf5 起飞前预检失败（电压或 EKF 对齐）,,,,,
0.5160625600001367,1788684525.2108376,control,aborted,1,1,0.0006508169999506208,3.763636350631714,3763.0,0,10.0,0.4246072819996698,nan,1,0,1,1.0,-0.28663623332977295,-0.4440457820892334,0.035707131028175354,0.003737855702638626,-0.0028283409774303436,0.005125844851136208,1.8868885040283203,5.732079029083252,-1.0137624740600586,-0.014924025163054466,-0.14610205590724945,0.06146003305912018,-0.0049788076218187,-0.049773767375693355,0.9682240316177569,-0.28663623332977295,-0.4440457820892334,0.035707131028175354,0.9682240316177569,0.0,0.0,0.0,0.0,0.0,0.0,0.010401571238468896,-0.011204953606289241,0.003066734372258958,0.0,0.0,0.0,-0.0049788076218187,-0.049773767375693355,0.9682240316177569,0.0,0.0,0.0,0.0,0.0,0.0,zero,0.0,0.0,0.0,0.0,0.010401571238468896,-0.011204953606289241,0.003066734372258958,0.2562541792252578,-1.882254487905897,1.4326339117192506,1,0.002294778823852539,,,,,,,,,,,,,,,,,,,,,,0.5160625600001367,5,radio://0/80/2M/E7E7E7E705,4.1887902047863905,aborted,cf5 起飞前预检失败（电压或 EKF 对齐）,0.0,0.0,0.0,0,0.0,global_abort:cf5 起飞前预检失败（电压或 EKF 对齐）,,,,,
0.530366019000212,1788684525.2245507,control,aborted,1,1,0.005261969999992289,4.170087814331055,4170.0,0,90.0,0.4970286359994134,4.170087814331055,1,1,0,1.0071730349577168,0.3747105002403259,0.0036446598824113607,0.04586357995867729,-0.009878947399556637,0.005435917992144823,0.011757002212107182,-8.869566917419434,6.710212230682373,15.59153938293457,0.06461450457572937,0.30164802074432373,0.11188856512308121,-0.03464454205891832,0.0026876848276518117,3.124995887987318,0.3747105002403259,0.0036446598824113607,0.04586357995867729,3.124995887987318,0.0,0.0,0.0,0.0,0.0,0.0,-0.014054175236942659,0.0035608270269154568,0.001845360534072752,0.0,0.0,0.0,-0.03464454205891832,0.0026876848276518117,3.124995887987318,0.0,0.0,0.0,0.0,0.0,0.0,zero,0.0,0.0,0.0,0.0,-0.014054175236942659,0.0035608270269154568,0.001845360534072752,0.5306619958955566,-0.39273233714993094,-1.055539676418566,1,0.006136894226074219,,,,,,,,,,,,,,,,,,,,,,0.530366019000212,2,radio://0/80/2M/E7E7E7E702,0.0,aborted,cf5 起飞前预检失败（电压或 EKF 对齐）,0.0,0.0,0.0,0,0.0,global_abort:cf5 起飞前预检失败（电压或 EKF 对齐）,,,,,
0.530366019000212,1788684525.2247148,control,aborted,1,1,0.005704792999495112,4.122580528259277,4122.0,0,90.0,0.46663229699970543,4.122580528259277,1,1,0,1.0187793716120355,-0.3136633634567261,0.3157789707183838,0.04026059806346893,-0.0075762830674648285,0.0026881801895797253,0.01004947628825903,-8.31477165222168,6.713346004486084,5.527373313903809,0.0897468850016594,0.07256198674440384,-0.08498331904411316,-0.005893649594811619,-0.009816735923239277,-0.5969359885820852,-0.3136633634567261,0.3157789707183838,0.04026059806346893,-0.5969359885820852,0.0,0.0,0.0,0.0,0.0,0.0,-0.0044426189993149005,-0.0054596673564773195,0.010312026813346942,0.0,0.0,0.0,-0.005893649594811619,-0.009816735923239277,-0.5969359885820852,0.0,0.0,0.0,0.0,0.0,0.0,zero,0.0,0.0,0.0,0.0,-0.0044426189993149005,-0.0054596673564773195,0.010312026813346942,0.4257072891377988,-0.5877994205167791,-0.14247317136694987,1,0.006300926208496094,,,,,,,,,,,,,,,,,,,,,,0.530366019000212,4,radio://0/80/2M/E7E7E7E704,2.0943951023931953,aborted,cf5 起飞前预检失败（电压或 EKF 对齐）,0.0,0.0,0.0,0,0.0,global_abort:cf5 起飞前预检失败（电压或 EKF 对齐）,,,,,
0.530366019000212,1788684525.224836,control,aborted,1,1,0.00542679499994847,3.763636350631714,3763.0,0,10.0,0.43891074099974503,nan,1,0,1,1.0,-0.28668102622032166,-0.4440747797489166,0.035681940615177155,0.0020827273838222027,-0.0028502000495791435,0.0035902883391827345,1.4759759902954102,4.5852203369140625,-0.8421221971511841,0.0031543588265776634,-0.10102490335702896,0.06949417293071747,-0.004283256503182162,-0.04898651021733956,0.9692248246221373,-0.28668102622032166,-0.4440747797489166,0.035681940615177155,0.9692248246221373,0.0,0.0,0.0,0.0,0.0,0.0,0.0102682837760711,-0.015877532060023757,0.007695751885222103,0.0,0.0,0.0,-0.004283256503182162,-0.04898651021733956,0.9692248246221373,0.0,0.0,0.0,0.0,0.0,0.0,zero,0.0,0.0,0.0,0.0,0.0102682837760711,-0.015877532060023757,0.007695751885222103,-0.013502925865536137,-0.47336395581886126,0.46895093644489083,1,0.006422281265258789,,,,,,,,,,,,,,,,,,,,,,0.530366019000212,5,radio://0/80/2M/E7E7E7E705,4.1887902047863905,aborted,cf5 起飞前预检失败（电压或 EKF 对齐）,0.0,0.0,0.0,0,0.0,global_abort:cf5 起飞前预检失败（电压或 EKF 对齐）,,,,,
0.5450280140003088,1788684525.2392805,control,aborted,1,1,0.0004348229995230213,4.170087814331055,4170.0,0,90.0,0.5116906309995102,4.170087814331055,1,1,0,1.0071730349577168,0.3747113347053528,0.003597998758777976,0.04580916836857796,-0.006363332737237215,0.002610074356198311,0.006375997792929411,-5.615144729614258,4.243586540222168,9.879007339477539,0.041902076452970505,0.19551537930965424,0.061010994017124176,-0.03456935296336371,0.0027144477281565373,3.1244547734801444,0.3747113347053528,0.003597998758777976,0.04580916836857796,3.1244547734801444,0.0,0.0,0.0,0.0,0.0,0.0,-0.008389982194375239,0.0011429542914985053,-0.002697219567808896,0.0,0.0,0.0,-0.03456935296336371,0.0027144477281565373,3.1244547734801444,0.0,0.0,0.0,0.0,0.0,0.0,zero,0.0,0.0,0.0,0.0,-0.008389982194375239,0.0011429542914985053,-0.002697219567808896,0.2288433025809027,-0.06596414343009864,-0.05569535833305862,1,0.0009000301361083984,,,,,,,,,,,,,,,,,,,,,,0.5450280140003088,2,radio://0/80/2M/E7E7E7E702,0.0,aborted,cf5 起飞前预检失败（电压或 EKF 对齐）,0.0,0.0,0.0,0,0.0,global_abort:cf5 起飞前预检失败（电压或 EKF 对齐）,,,,,
0.5450280140003088,1788684525.2395508,control,aborted,1,1,0.0001813990002119681,4.122580528259277,4122.0,0,90.0,0.4812942919998022,4.122580528259277,1,1,0,1.0187793716120355,-0.313679963350296,0.3157415986061096,0.04022776708006859,-0.005164065398275852,0.0010532813612371683,0.005708817858248949,-5.278841495513916,4.267569065093994,3.457286834716797,0.05399749428033829,0.016242755576968193,-0.040168289095163345,-0.006285740116154247,-0.011641577302304218,-0.5959621108549459,-0.313679963350296,0.3157415986061096,0.04022776708006859,-0.5959621108549459,0.0,0.0,0.0,0.0,0.0,0.0,-0.002277369685503564,-0.007056901989019478,0.008927463806525995,0.0,0.0,0.0,-0.006285740116154247,-0.011641577302304218,-0.5959621108549459,0.0,0.0,0.0,0.0,0.0,0.0,zero,0.0,0.0,0.0,0.0,-0.002277369685503564,-0.007056901989019478,0.008927463806525995,0.04447134337501298,0.028171272455223873,-0.06345180698024602,1,0.0011703968048095703,,,,,,,,,,,,,,,,,,,,,,0.5450280140003088,4,radio://0/80/2M/E7E7E7E704,2.0943951023931953,aborted,cf5 起飞前预检失败（电压或 EKF 对齐）,0.0,0.0,0.0,0,0.0,global_abort:cf5 起飞前预检失败（电压或 EKF 对齐）,,,,,
0.5450280140003088,1788684525.2397852,control,aborted,1,1,0.009551008999551414,3.763636350631714,3763.0,0,10.0,0.4535727359998418,nan,1,0,1,1.0,-0.286609411239624,-0.44404181838035583,0.03567906469106674,0.003077425993978977,-0.0016306235920637846,0.0028155578766018152,1.2003822326660156,3.692209482192993,-0.6889646053314209,0.011495796032249928,-0.08596938103437424,0.038086045533418655,-0.0037843223076673756,-0.04925140854069695,0.968336260332239,-0.286609411239624,-0.44404181838035583,0.03567906469106674,0.968336260332239,0.0,0.0,0.0,0.0,0.0,0.0,0.009067493524713238,-0.016361167924820078,0.009571309965069505,0.0,0.0,0.0,-0.0037843223076673756,-0.04925140854069695,0.968336260332239,0.0,0.0,0.0,0.0,0.0,0.0,zero,0.0,0.0,0.0,0.0,0.009067493524713238,-0.016361167924820078,0.009571309965069505,-0.11829385932053939,-0.04764458479562825,0.18476749240267473,1,0.011220455169677734,,,,,,,,,,,,,,,,,,,,,,0.5450280140003088,5,radio://0/80/2M/E7E7E7E705,4.1887902047863905,aborted,cf5 起飞前预检失败（电压或 EKF 对齐）,0.0,0.0,0.0,0,0.0,global_abort:cf5 起飞前预检失败（电压或 EKF 对齐）,,,,,
0.5589544610002122,1788684525.2531722,control,aborted,1,1,0.0038344770000549033,4.170087814331055,4170.0,0,90.0,0.5256170779994136,4.170087814331055,1,1,0,1.0071730349577168,0.374751478433609,0.003600682597607374,0.04580516368150711,-0.004325452726334333,0.00213921838440001,0.005024461541324854,-4.453270435333252,3.3858938217163086,7.877443313598633,0.0434928759932518,0.14736343920230865,0.0479925237596035,-0.03404632116328779,0.002238547790702937,3.124428259853775,0.374751478433609,0.003600682597607374,0.04580516368150711,3.124428259853775,0.0,0.0,0.0,0.0,0.0,0.0,-0.006867390851742967,0.0010755331694304662,-0.001464881766693172,0.0,0.0,0.0,-0.03404632116328779,0.002238547790702937,3.124428259853775,0.0,0.0,0.0,0.0,0.0,0.0,zero,0.0,0.0,0.0,0.0,-0.006867390851742967,0.0010755331694304662,-0.001464881766693172,0.14511477364951617,-0.006425756271006738,0.11745135812967838,1,0.0042994022369384766,,,,,,,,,,,,,,,,,,,,,,0.5589544610002122,2,radio://0/80/2M/E7E7E7E702,0.0,aborted,cf5 起飞前预检失败（电压或 EKF 对齐）,0.0,0.0,0.0,0,0.0,global_abort:cf5 起飞前预检失败（电压或 EKF 对齐）,,,,,
0.5589544610002122,1788684525.253466,control,aborted,1,1,0.0035004430001208675,4.122580528259277,4122.0,0,90.0,0.49522073899970565,4.122580528259277,1,1,0,1.0187793716120355,-0.31361302733421326,0.3157293200492859,0.0402318574488163,-0.0028553276788443327,0.000608573027420789,0.004645024426281452,-4.179064750671387,3.405578374862671,2.745551586151123,0.04129428043961525,0.029026951640844345,-0.03590332716703415,-0.006383332898177029,-0.010801756436648699,-0.5961651630345381,-0.31361302733421326,0.3157293200492859,0.0402318574488163,-0.5961651630345381,0.0,0.0,0.0,0.0,0.0,0.0,-0.002456958226648578,-0.005612459644267955,0.00815038628598735,0.0,0.0,0.0,-0.006383332898177029,-0.010801756436648699,-0.5961651630345381,0.0,0.0,0.0,0.0,0.0,0.0,zero,0.0,0.0,0.0,0.0,-0.002456958226648578,-0.005612459644267955,0.00815038628598735,-0.017116181977792588,0.13766656754137185,-0.0740615195579287,1,0.0045931339263916016,,,,,,,,,,,,,,,,,,,,,,0.5589544610002122,4,radio://0/80/2M/E7E7E7E704,2.0943951023931953,aborted,cf5 起飞前预检失败（电压或 EKF 对齐）,0.0,0.0,0.0,0,0.0,global_abort:cf5 起飞前预检失败（电压或 EKF 对齐）,,,,,
0.5589544610002122,1788684525.2536721,control,aborted,1,1,0.003240605999963009,3.763636350631714,3763.0,0,10.0,0.46749918299974524,nan,1,0,1,1.0,-0.2866484522819519,-0.44403037428855896,0.03566610440611839,0.0012025388423353434,-0.0008843551622703671,0.001603750977665186,0.7337422370910645,2.3751380443573,-0.4614851474761963,0.008292202837765217,-0.035237234085798264,0.025746800005435944,-0.0037515230775318634,-0.04815495384801967,0.9684258184485073,-0.2866484522819519,-0.44403037428855896,0.03566610440611839,0.9684258184485073,0.0,0.0,0.0,0.0,0.0,0.0,0.005890828344551977,-0.011466304415535996,0.008452661535044571,0.0,0.0,0.0,-0.0037515230775318634,-0.04815495384801967,0.9684258184485073,0.0,0.0,0.0,0.0,0.0,0.0,zero,0.0,0.0,0.0,0.0,0.005890828344551977,-0.011466304415535996,0.008452661535044571,-0.1548687009358568,0.29430971421077773,-0.11206753716555452,1,0.004799365997314453,,,,,,,,,,,,,,,,,,,,,,0.5589544610002122,5,radio://0/80/2M/E7E7E7E705,4.1887902047863905,aborted,cf5 起飞前预检失败（电压或 EKF 对齐）,0.0,0.0,0.0,0,0.0,global_abort:cf5 起飞前预检失败（电压或 EKF 对齐）,,,,,
0.5732360680003694,1788684525.2674494,control,aborted,1,1,0.00802699100040627,4.170087814331055,4170.0,0,90.0,0.5398986849995708,4.170087814331055,1,1,0,1.0071730349577168,0.3747458755970001,0.003639543429017067,0.04581059515476227,-0.0035759068559855223,0.0025127828121185303,0.0041315797716379166,-3.547158718109131,2.716418981552124,6.283541202545166,0.03198297321796417,0.11660175025463104,0.03333656117320061,-0.034183176182919155,0.002167714583345206,3.1241852947056694,0.3747458755970001,0.003639543429017067,0.04581059515476227,3.1241852947056694,0.0,0.0,0.0,0.0,0.0,0.0,-0.005726262928981498,0.0012154434349925256,0.0001254626730457912,0.0,0.0,0.0,-0.034183176182919155,0.002167714583345206,3.1241852947056694,0.0,0.0,0.0,0.0,0.0,0.0,zero,0.0,0.0,0.0,0.0,-0.005726262928981498,0.0012154434349925256,0.0001254626730457912,0.11763843609472845,0.014423295150371327,0.1639479930436733,1,0.008876323699951172,,,,,,,,,,,,,,,,,,,,,,0.5732360680003694,2,radio://0/80/2M/E7E7E7E702,0.0,aborted,cf5 起飞前预检失败（电压或 EKF 对齐）,0.0,0.0,0.0,0,0.0,global_abort:cf5 起飞前预检失败（电压或 EKF 对齐）,,,,,
0.5732360680003694,1788684525.2676878,control,aborted,1,1,0.00833852800042223,4.122580528259277,4122.0,0,90.0,0.5095023459998629,4.122580528259277,1,1,0,1.0187793716120355,-0.31364381313323975,0.3157542049884796,0.040208879858255386,-0.00291914283297956,0.0010000485926866531,0.0032421639189124107,-3.3445680141448975,2.7325360774993896,2.167510986328125,0.03914332762360573,0.02663859724998474,-0.026017198339104652,-0.006088551145377266,-0.010635247832060666,-0.5960349873740799,-0.31364381313323975,0.3157542049884796,0.040208879858255386,-0.5960349873740799,0.0,0.0,0.0,0.0,0.0,0.0,-0.00269275591167853,-0.003930162900467798,0.007227194566078492,0.0,0.0,0.0,-0.006088551145377266,-0.010635247832060666,-0.5960349873740799,0.0,0.0,0.0,0.0,0.0,0.0,zero,0.0,0.0,0.0,0.0,-0.00269275591167853,-0.003930162900467798,0.007227194566078492,-0.024308292127804873,0.17342732049618975,-0.09517147725459857,1,0.009114742279052734,,,,,,,,,,,,,,,,,,,,,,0.5732360680003694,4,radio://0/80/2M/E7E7E7E704,2.0943951023931953,aborted,cf5 起飞前预检失败（电压或 EKF 对齐）,0.0,0.0,0.0,0,0.0,global_abort:cf5 起飞前预检失败（电压或 EKF 对齐）,,,,,
0.5732360680003694,1788684525.2679243,control,aborted,1,1,0.007801382000252488,3.763636350631714,3763.0,0,10.0,0.4817807899999025,nan,1,0,1,1.0,-0.28659188747406006,-0.44407305121421814,0.03561311215162277,0.0021285396069288254,-0.0015875897370278835,0.00019016710575670004,0.6060903072357178,1.8856079578399658,-0.39833977818489075,0.005849764682352543,-0.04114606976509094,0.022526051849126816,-0.003794189741054326,-0.04878285626032249,0.9685218005774692,-0.28659188747406006,-0.44407305121421814,0.03561311215162277,0.9685218005774692,0.0,0.0,0.0,0.0,0.0,0.0,0.004432941781533907,-0.008332623289437282,0.00682026151493105,0.0,0.0,0.0,-0.003794189741054326,-0.04878285626032249,0.9685218005774692,0.0,0.0,0.0,0.0,0.0,0.0,zero,0.0,0.0,0.0,0.0,0.004432941781533907,-0.008332623289437282,0.00682026151493105,-0.15029296177586743,0.3230499749771504,-0.16828348655464342,1,0.009351253509521484,,,,,,,,,,,,,,,,,,,,,,0.5732360680003694,5,radio://0/80/2M/E7E7E7E705,4.1887902047863905,aborted,cf5 起飞前预检失败（电压或 EKF 对齐）,0.0,0.0,0.0,0,0.0,global_abort:cf5 起飞前预检失败（电压或 EKF 对齐）,,,,,
0.5875193410001884,1788684525.2817035,control,aborted,1,1,0.0026710820002335822,4.170087814331055,4170.0,0,90.0,0.5541819579993899,4.170087814331055,1,1,0,1.0071730349577168,0.37474194169044495,0.0036036616656929255,0.04582175239920616,-0.002536286134272814,0.0008191764354705811,0.0028837884310632944,-2.255478620529175,1.705041766166687,3.9999020099639893,0.018293047323822975,0.06794875115156174,0.033846646547317505,-0.0344813176199179,0.002135029109270821,3.124813268235714,0.37474194169044495,0.0036036616656929255,0.04582175239920616,3.124813268235714,0.0,0.0,0.0,0.0,0.0,0.0,-0.00393932744504789,0.0016638382250222412,0.002602350678519901,0.0,0.0,0.0,-0.0344813176199179,0.002135029109270821,3.124813268235714,0.0,0.0,0.0,0.0,0.0,0.0,zero,0.0,0.0,0.0,0.0,-0.00393932744504789,0.0016638382250222412,0.002602350678519901,0.08450824546275386,0.020910590433737535,0.10539783644689185,1,0.003318309783935547,,,,,,,,,,,,,,,,,,,,,,0.5875193410001884,2,radio://0/80/2M/E7E7E7E702,0.0,aborted,cf5 起飞前预检失败（电压或 EKF 对齐）,0.0,0.0,0.0,0,0.0,global_abort:cf5 起飞前预检失败（电压或 EKF 对齐）,,,,,
0.5875193410001884,1788684525.2818663,control,aborted,1,1,0.0028444820000004256,4.122580528259277,4122.0,0,90.0,0.5237856189996819,4.122580528259277,1,1,0,1.0187793716120355,-0.31364303827285767,0.315733939409256,0.04020491614937782,-0.001791132614016533,0.0002396894560661167,0.0020262100733816624,-2.1188676357269287,1.7344574928283691,1.365908145904541,0.01783319003880024,0.007794950623065233,-0.006462378427386284,-0.006516355203926207,-0.01139404938483568,-0.5954987721069319,-0.31364303827285767,0.315733939409256,0.04020491614937782,-0.5954987721069319,0.0,0.0,0.0,0.0,0.0,0.0,-0.0028694982130255445,-0.001034721561404832,0.005083550363000204,0.0,0.0,0.0,-0.006516355203926207,-0.01139404938483568,-0.5954987721069319,0.0,0.0,0.0,0.0,0.0,0.0,zero,0.0,0.0,0.0,0.0,-0.0028694982130255445,-0.001034721561404832,0.005083550363000204,-0.0030319193171683156,0.13162373595670612,-0.11059573088209136,1,0.003481149673461914,,,,,,,,,,,,,,,,,,,,,,0.5875193410001884,4,radio://0/80/2M/E7E7E7E704,2.0943951023931953,aborted,cf5 起飞前预检失败（电压或 EKF 对齐）,0.0,0.0,0.0,0,0.0,global_abort:cf5 起飞前预检失败（电压或 EKF 对齐）,,,,,
0.5875193410001884,1788684525.2819858,control,aborted,1,1,0.002402100999461254,3.763636350631714,3763.0,0,10.0,0.4960640629997215,nan,1,0,1,1.0,-0.28666314482688904,-0.44403791427612305,0.03569566830992699,0.00017122577992267907,-0.00043969828402623534,0.0018240143544971943,0.35509800910949707,1.2259966135025024,-0.22107869386672974,0.012050206772983074,-0.045398786664009094,0.016074977815151215,-0.00337249931862062,-0.04957182390355162,0.9686064658630965,-0.28666314482688904,-0.44403791427612305,0.03569566830992699,0.9686064658630965,0.0,0.0,0.0,0.0,0.0,0.0,0.0022206694856188795,-0.003443190700117996,0.003407009414938816,0.0,0.0,0.0,-0.00337249931862062,-0.04957182390355162,0.9686064658630965,0.0,0.0,0.0,0.0,0.0,0.0,zero,0.0,0.0,0.0,0.0,0.0022206694856188795,-0.003443190700117996,0.003407009414938816,-0.10145487386909197,0.21941144405089652,-0.1640841287696646,1,0.003600597381591797,,,,,,,,,,,,,,,,,,,,,,0.5875193410001884,5,radio://0/80/2M/E7E7E7E705,4.1887902047863905,aborted,cf5 起飞前预检失败（电压或 EKF 对齐）,0.0,0.0,0.0,0,0.0,global_abort:cf5 起飞前预检失败（电压或 EKF 对齐）,,,,,
0.6018265100001372,1788684525.2961037,control,aborted,1,1,0.007147401000111131,4.170087814331055,4170.0,0,90.0,0.5684891269993386,4.170087814331055,1,1,0,1.0071730349577168,0.37475746870040894,0.0036142810713499784,0.045833684504032135,-0.0017200151924043894,0.0008666852954775095,0.002544499933719635,-1.7881377935409546,1.3649789094924927,3.193169116973877,0.014485343359410763,0.055433064699172974,0.0261214729398489,-0.034488916932914365,0.0021873095066059713,3.1247634068989525,0.37475746870040894,0.0036142810713499784,0.045833684504032135,3.1247634068989525,0.0,0.0,0.0,0.0,0.0,0.0,-0.003239074518765894,0.001705730899056927,0.0032006333749460616,0.0,0.0,0.0,-0.034488916932914365,0.0021873095066059713,3.1247634068989525,0.0,0.0,0.0,0.0,0.0,0.0,zero,0.0,0.0,0.0,0.0,-0.003239074518765894,0.001705730899056927,0.0032006333749460616,0.06967980948770566,0.004168598853511857,0.059533095460393134,1,0.007668972015380859,,,,,,,,,,,,,,,,,,,,,,0.6018265100001372,2,radio://0/80/2M/E7E7E7E702,0.0,aborted,cf5 起飞前预检失败（电压或 EKF 对齐）,0.0,0.0,0.0,0,0.0,global_abort:cf5 起飞前预检失败（电压或 EKF 对齐）,,,,,
0.6018265100001372,1788684525.2964709,control,aborted,1,1,0.006635124999775144,4.122580528259277,4122.0,0,90.0,0.5380927879996307,4.122580528259277,1,1,0,1.0187793716120355,-0.3136923015117645,0.31575679779052734,0.04022866114974022,-0.002413327805697918,0.0006466719787567854,0.0020935337524861097,-1.7074768543243408,1.3956656455993652,1.0940665006637573,0.02888016775250435,-0.02226542867720127,-0.013882786966860294,-0.0057768680443121235,-0.012828821175206938,-0.5959277784500185,-0.3136923015117645,0.31575679779052734,0.04022866114974022,-0.5959277784500185,0.0,0.0,0.0,0.0,0.0,0.0,-0.002780090243550357,-0.00011857136166400673,0.0040668551460892035,0.0,0.0,0.0,-0.0057768680443121235,-0.012828821175206938,-0.5959277784500185,0.0,0.0,0.0,0.0,0.0,0.0,zero,0.0,0.0,0.0,0.0,-0.002780090243550357,-0.00011857136166400673,0.0040668551460892035,0.008896685820067326,0.0911630197948742,-0.10116791570948912,1,0.008036136627197266,,,,,,,,,,,,,,,,,,,,,,0.6018265100001372,4,radio://0/80/2M/E7E7E7E704,2.0943951023931953,aborted,cf5 起飞前预检失败（电压或 EKF 对齐）,0.0,0.0,0.0,0,0.0,global_abort:cf5 起飞前预检失败（电压或 EKF 对齐）,,,,,
0.6018265100001372,1788684525.2967367,control,aborted,1,1,0.006841388999418996,3.763636350631714,3763.0,0,10.0,0.5103712319996703,nan,1,0,1,1.0,-0.2866130769252777,-0.44402915239334106,0.03567030653357506,0.0011334165465086699,-0.00017738236056175083,0.0009544692002236843,0.30322763323783875,0.9860178232192993,-0.19416837394237518,-0.0051790764555335045,-0.04754635691642761,0.011194511316716671,-0.004113048681311555,-0.05013627000072382,0.9685247467833596,-0.2866130769252777,-0.44402915239334106,0.03567030653357506,0.9685247467833596,0.0,0.0,0.0,0.0,0.0,0.0,0.001430440260813682,-0.0018395843540676168,0.0022095284361646826,0.0,0.0,0.0,-0.004113048681311555,-0.05013627000072382,0.9685247467833596,0.0,0.0,0.0,0.0,0.0,0.0,zero,0.0,0.0,0.0,0.0,0.001430440260813682,-0.0018395843540676168,0.0022095284361646826,-0.07863304781659604,0.15956946482086998,-0.11915729779118556,1,0.008301973342895508,,,,,,,,,,,,,,,,,,,,,,0.6018265100001372,5,radio://0/80/2M/E7E7E7E705,4.1887902047863905,aborted,cf5 起飞前预检失败（电压或 EKF 对齐）,0.0,0.0,0.0,0,0.0,global_abort:cf5 起飞前预检失败（电压或 EKF 对齐）,,,,,
0.6160683530006281,1788684525.310292,control,aborted,1,1,0.021389244000602048,4.170087814331055,4170.0,0,90.0,0.5827309699998295,4.170087814331055,1,1,0,1.0071730349577168,0.37475746870040894,0.0036142810713499784,0.045833684504032135,-0.0017200151924043894,0.0008666852954775095,0.002544499933719635,-1.7881377935409546,1.3649789094924927,3.193169116973877,0.014485343359410763,0.055433064699172974,0.0261214729398489,-0.034488916932914365,0.0021873095066059713,3.1247634068989525,0.37475746870040894,0.0036142810713499784,0.045833684504032135,3.1247634068989525,0.0,0.0,0.0,0.0,0.0,0.0,-0.003239074518765894,0.001705730899056927,0.0032006333749460616,0.0,0.0,0.0,-0.034488916932914365,0.0021873095066059713,3.1247634068989525,0.0,0.0,0.0,0.0,0.0,0.0,zero,0.0,0.0,0.0,0.0,-0.003239074518765894,0.001705730899056927,0.0032006333749460616,0.06967980948770566,0.004168598853511857,0.059533095460393134,1,0.021857261657714844,,,,,,,,,,,,,,,,,,,,,,0.6160683530006281,2,radio://0/80/2M/E7E7E7E702,0.0,aborted,cf5 起飞前预检失败（电压或 EKF 对齐）,0.0,0.0,0.0,0,0.0,global_abort:cf5 起飞前预检失败（电压或 EKF 对齐）,,,,,
0.6160683530006281,1788684525.3105726,control,aborted,1,1,0.02087696800026606,4.122580528259277,4122.0,0,90.0,0.5523346310001216,4.122580528259277,1,1,0,1.0187793716120355,-0.3136923015117645,0.31575679779052734,0.04022866114974022,-0.002413327805697918,0.0006466719787567854,0.0020935337524861097,-1.7074768543243408,1.3956656455993652,1.0940665006637573,0.02888016775250435,-0.02226542867720127,-0.013882786966860294,-0.0057768680443121235,-0.012828821175206938,-0.5959277784500185,-0.3136923015117645,0.31575679779052734,0.04022866114974022,-0.5959277784500185,0.0,0.0,0.0,0.0,0.0,0.0,-0.002780090243550357,-0.00011857136166400673,0.0040668551460892035,0.0,0.0,0.0,-0.0057768680443121235,-0.012828821175206938,-0.5959277784500185,0.0,0.0,0.0,0.0,0.0,0.0,zero,0.0,0.0,0.0,0.0,-0.002780090243550357,-0.00011857136166400673,0.0040668551460892035,0.008896685820067326,0.0911630197948742,-0.10116791570948912,1,0.022137880325317383,,,,,,,,,,,,,,,,,,,,,,0.6160683530006281,4,radio://0/80/2M/E7E7E7E704,2.0943951023931953,aborted,cf5 起飞前预检失败（电压或 EKF 对齐）,0.0,0.0,0.0,0,0.0,global_abort:cf5 起飞前预检失败（电压或 EKF 对齐）,,,,,
0.6160683530006281,1788684525.3108077,control,aborted,1,1,0.021083231999909913,3.763636350631714,3763.0,0,10.0,0.5246130750001612,nan,1,0,1,1.0,-0.2866130769252777,-0.44402915239334106,0.03567030653357506,0.0011334165465086699,-0.00017738236056175083,0.0009544692002236843,0.30322763323783875,0.9860178232192993,-0.19416837394237518,-0.0051790764555335045,-0.04754635691642761,0.011194511316716671,-0.004113048681311555,-0.05013627000072382,0.9685247467833596,-0.2866130769252777,-0.44402915239334106,0.03567030653357506,0.9685247467833596,0.0,0.0,0.0,0.0,0.0,0.0,0.001430440260813682,-0.0018395843540676168,0.0022095284361646826,0.0,0.0,0.0,-0.004113048681311555,-0.05013627000072382,0.9685247467833596,0.0,0.0,0.0,0.0,0.0,0.0,zero,0.0,0.0,0.0,0.0,0.001430440260813682,-0.0018395843540676168,0.0022095284361646826,-0.07863304781659604,0.15956946482086998,-0.11915729779118556,1,0.022372961044311523,,,,,,,,,,,,,,,,,,,,,,0.6160683530006281,5,radio://0/80/2M/E7E7E7E705,4.1887902047863905,aborted,cf5 起飞前预检失败（电压或 EKF 对齐）,0.0,0.0,0.0,0,0.0,global_abort:cf5 起飞前预检失败（电压或 EKF 对齐）,,,,,
0.630467809000038,1788684525.3247018,control,aborted,1,1,0.01340522600003169,4.170087814331055,4170.0,0,90.0,0.5971304259992394,4.170087814331055,1,1,0,1.0071730349577168,0.37473052740097046,0.003663930343464017,0.04587462544441223,-0.0016185789136216044,0.0011403667740523815,0.0024042127188295126,-1.429597020149231,1.0944472551345825,2.553272247314453,0.004324856214225292,0.04157284274697304,0.020019130781292915,-0.03529582083995128,0.0018760369107832162,3.1246766916463202,0.37473052740097046,0.003663930343464017,0.04587462544441223,3.1246766916463202,0.0,0.0,0.0,0.0,0.0,0.0,-0.0023117754573247014,0.0012819876987203056,0.0030199220022494684,0.0,0.0,0.0,-0.03529582083995128,0.0018760369107832162,3.1246766916463202,0.0,0.0,0.0,0.0,0.0,0.0,zero,0.0,0.0,0.0,0.0,-0.0023117754573247014,0.0012819876987203056,0.0030199220022494684,0.04174267950200204,-0.019074942851029696,-0.008134783293231146,1,0.014052391052246094,,,,,,,,,,,,,,,,,,,,,,0.630467809000038,2,radio://0/80/2M/E7E7E7E702,0.0,aborted,cf5 起飞前预检失败（电压或 EKF 对齐）,0.0,0.0,0.0,0,0.0,global_abort:cf5 起飞前预检失败（电压或 EKF 对齐）,,,,,
0.630467809000038,1788684525.3249946,control,aborted,1,1,0.012602733999301563,4.122580528259277,4122.0,0,90.0,0.5667340869995314,4.122580528259277,1,1,0,1.0187793716120355,-0.3136540651321411,0.31573212146759033,0.0402102954685688,-0.0015863999724388123,0.0002951636561192572,0.00150947121437639,-1.3585362434387207,1.1133677959442139,0.869994580745697,0.014025690965354443,-0.00020062550902366638,-0.007190278265625238,-0.006790196389649543,-0.010870035897522716,-0.5955051672858642,-0.3136540651321411,0.31573212146759033,0.0402102954685688,-0.5955051672858642,0.0,0.0,0.0,0.0,0.0,0.0,-0.002351778440222883,0.0004402661517228339,0.0026149035513239414,0.0,0.0,0.0,-0.006790196389649543,-0.010870035897522716,-0.5955051672858642,0.0,0.0,0.0,0.0,0.0,0.0,zero,0.0,0.0,0.0,0.0,-0.002351778440222883,0.0004402661517228339,0.0026149035513239414,0.019280600053057543,0.025156258843557596,-0.0653600899568588,1,0.014345169067382812,,,,,,,,,,,,,,,,,,,,,,0.630467809000038,4,radio://0/80/2M/E7E7E7E704,2.0943951023931953,aborted,cf5 起飞前预检失败（电压或 EKF 对齐）,0.0,0.0,0.0,0,0.0,global_abort:cf5 起飞前预检失败（电压或 EKF 对齐）,,,,,
0.630467809000038,1788684525.3251498,control,aborted,1,1,0.012948404999406193,3.763636350631714,3763.0,0,10.0,0.539012530999571,nan,1,0,1,1.0,-0.2866666913032532,-0.44405800104141235,0.03561437875032425,0.00042401475366204977,-0.00040164549136534333,0.00026002805680036545,0.23619499802589417,0.7867950797080994,-0.16158711910247803,-0.004823803436011076,-0.033631205558776855,0.00935219507664442,-0.004190734076170059,-0.04964674067960889,0.9685668116399114,-0.2866666913032532,-0.44405800104141235,0.03561437875032425,0.9685668116399114,0.0,0.0,0.0,0.0,0.0,0.0,0.0008270827085242839,-0.0005653277077345486,0.0012241663093401581,0.0,0.0,0.0,-0.004190734076170059,-0.04964674067960889,0.9685668116399114,0.0,0.0,0.0,0.0,0.0,0.0,zero,0.0,0.0,0.0,0.0,0.0008270827085242839,-0.0005653277077345486,0.0012241663093401581,-0.027160343386076,0.05736109201761603,-0.0443564079419223,1,0.01450037956237793,,,,,,,,,,,,,,,,,,,,,,0.630467809000038,5,radio://0/80/2M/E7E7E7E705,4.1887902047863905,aborted,cf5 起飞前预检失败（电压或 EKF 对齐）,0.0,0.0,0.0,0,0.0,global_abort:cf5 起飞前预检失败（电压或 EKF 对齐）,,,,,
0.644678983000631,1788684525.3389227,control,aborted,1,1,0.008376970999961486,4.170087814331055,4170.0,0,90.0,0.6113415999998324,4.170087814331055,1,1,0,1.0071730349577168,0.3747596740722656,0.003683540504425764,0.04579219967126846,0.0006237495690584183,0.001690023927949369,0.00039585845661349595,-0.8137022256851196,0.7364230155944824,1.5919468402862549,0.04325777292251587,0.028507761657238007,-0.017587827518582344,-0.03393686613131354,0.001925440733593183,3.1241896183255125,0.3747596740722656,0.003683540504425764,0.04579219967126846,3.1241896183255125,0.0,0.0,0.0,0.0,0.0,0.0,-0.00125659080640256,0.0008498436632009244,0.0023458377501872707,0.0,0.0,0.0,-0.03393686613131354,0.001925440733593183,3.1241896183255125,0.0,0.0,0.0,0.0,0.0,0.0,zero,0.0,0.0,0.0,0.0,-0.00125659080640256,0.0008498436632009244,0.0023458377501872707,0.11741901464554204,-0.04631297420345008,-0.07885373064377826,1,0.00898432731628418,,,,,,,,,,,,,,,,,,,,,,0.644678983000631,2,radio://0/80/2M/E7E7E7E702,0.0,aborted,cf5 起飞前预检失败（电压或 EKF 对齐）,0.0,0.0,0.0,0,0.0,global_abort:cf5 起飞前预检失败（电压或 EKF 对齐）,,,,,
0.644678983000631,1788684525.3391218,control,aborted,1,1,0.008627952000097139,4.122580528259277,4122.0,0,90.0,0.5809452610001244,4.122580528259277,1,1,0,1.0187793716120355,-0.31369712948799133,0.3157663941383362,0.04024164378643036,-0.0013309880159795284,0.0011858391808345914,0.0021444412413984537,-0.8453739881515503,0.7497823238372803,0.5951179265975952,0.010999753139913082,-0.011636544018983841,-0.01297457329928875,-0.006509070031226176,-0.012018544356858302,-0.5956340678877432,-0.31369712948799133,0.3157663941383362,0.04024164378643036,-0.5956340678877432,0.0,0.0,0.0,0.0,0.0,0.0,-0.0017852248585572348,0.0008187207960475699,0.0010681665636997663,0.0,0.0,0.0,-0.006509070031226176,-0.012018544356858302,-0.5956340678877432,0.0,0.0,0.0,0.0,0.0,0.0,zero,0.0,0.0,0.0,0.0,-0.0017852248585572348,0.0008187207960475699,0.0010681665636997663,0.06281574915664782,0.04081134784166117,-0.1682110161269792,1,0.009183406829833984,,,,,,,,,,,,,,,,,,,,,,0.644678983000631,4,radio://0/80/2M/E7E7E7E704,2.0943951023931953,aborted,cf5 起飞前预检失败（电压或 EKF 对齐）,0.0,0.0,0.0,0,0.0,global_abort:cf5 起飞前预检失败（电压或 EKF 对齐）,,,,,
0.644678983000631,1788684525.3392901,control,aborted,1,1,0.008133925000038289,3.763636350631714,3763.0,0,10.0,0.553223705000164,nan,1,0,1,1.0,-0.28661730885505676,-0.4440515637397766,0.03567211702466011,0.0018199507612735033,-0.003027530387043953,0.0013324673054739833,0.211839497089386,0.32987335324287415,-0.07048235833644867,-0.0032798917964100838,-3.0103139579296112e-05,0.04039785638451576,-0.0038442401809271826,-0.04871433615846748,0.9689763486931641,-0.28661730885505676,-0.4440515637397766,0.03567211702466011,0.9689763486931641,0.0,0.0,0.0,0.0,0.0,0.0,0.0003271361144172733,0.0005677142601863027,0.00019225712197561931,0.0,0.0,0.0,-0.0038442401809271826,-0.04871433615846748,0.9689763486931641,0.0,0.0,0.0,0.0,0.0,0.0,zero,0.0,0.0,0.0,0.0,0.0003271361144172733,0.0005677142601863027,0.00019225712197561931,-0.05283182284084159,0.12048284756074121,-0.11122173780182391,1,0.009351730346679688,,,,,,,,,,,,,,,,,,,,,,0.644678983000631,5,radio://0/80/2M/E7E7E7E705,4.1887902047863905,aborted,cf5 起飞前预检失败（电压或 EKF 对齐）,0.0,0.0,0.0,0,0.0,global_abort:cf5 起飞前预检失败（电压或 EKF 对齐）,,,,,
0.6589182880006774,1788684525.353158,control,aborted,1,1,0.003421111000534438,4.170087814331055,4170.0,0,90.0,0.6255809049998788,4.170087814331055,1,1,0,1.0071730349577168,0.37473684549331665,0.0036651091650128365,0.045806046575307846,-0.07598058879375458,0.005871751811355352,-0.050711676478385925,-143.72813415527344,9.332202911376953,-95.11601257324219,0.023485949262976646,0.2838021218776703,-1.2842565774917603,-0.03378100418147744,0.0032669118504166424,3.1240914806079285,0.37473684549331665,0.0036651091650128365,0.045806046575307846,3.1240914806079285,0.0,0.0,0.0,0.0,0.0,0.0,0.00020781971668520048,0.0011503693309820955,0.0007114600827185804,0.0,0.0,0.0,-0.03378100418147744,0.0032669118504166424,3.1240914806079285,0.0,0.0,0.0,0.0,0.0,0.0,zero,0.0,0.0,0.0,0.0,0.00020781971668520048,0.0011503693309820955,0.0007114600827185804,6.84582668894308,1.4054273154603245,-7.643871191364552,1,0.004534721374511719,,,,,,,,,,,,,,,,,,,,,,0.6589182880006774,2,radio://0/80/2M/E7E7E7E702,0.0,aborted,cf5 起飞前预检失败（电压或 EKF 对齐）,0.0,0.0,0.0,0,0.0,global_abort:cf5 起飞前预检失败（电压或 EKF 对齐）,,,,,
0.6589182880006774,1788684525.3534155,control,aborted,1,1,0.00380789700011519,4.122580528259277,4122.0,0,90.0,0.5951845660001709,4.122580528259277,1,1,0,1.0187793716120355,-0.3136725425720215,0.3157205283641815,0.04019622877240181,0.04473739117383957,-0.06894892454147339,0.002137904055416584,85.00367736816406,-129.90005493164062,2.0874319076538086,-1.3979527950286865,-2.7153515815734863,0.26420313119888306,-0.007094129759531919,-0.011736923306009681,-0.5953756712971925,-0.3136725425720215,0.3157205283641815,0.04019622877240181,-0.5953756712971925,0.0,0.0,0.0,0.0,0.0,0.0,-0.0013043662405973833,0.0010114676085266282,0.0011687371364050227,0.0,0.0,0.0,-0.007094129759531919,-0.011736923306009681,-0.5953756712971925,0.0,0.0,0.0,0.0,0.0,0.0,zero,0.0,0.0,0.0,0.0,-0.0013043662405973833,0.0010114676085266282,0.0011687371364050227,2.249749206327737,0.8995001623626567,0.4703324776990574,1,0.004792213439941406,,,,,,,,,,,,,,,,,,,,,,0.6589182880006774,4,radio://0/80/2M/E7E7E7E704,2.0943951023931953,aborted,cf5 起飞前预检失败（电压或 EKF 对齐）,0.0,0.0,0.0,0,0.0,global_abort:cf5 起飞前预检失败（电压或 EKF 对齐）,,,,,
0.6589182880006774,1788684525.3536007,control,aborted,1,1,0.003235655000025872,3.763636350631714,3763.0,0,10.0,0.5674630100002105,nan,1,0,1,1.0,-0.2866760492324829,-0.4440792202949524,0.035598237067461014,-0.03358200937509537,-0.02666523866355419,-0.005905869882553816,-64.50190734863281,-44.773494720458984,-11.656143188476562,0.6219456195831299,1.7313456535339355,0.8585408926010132,-0.0038051153148454288,-0.048518191147814645,0.968607359687686,-0.2866760492324829,-0.4440792202949524,0.035598237067461014,0.968607359687686,0.0,0.0,0.0,0.0,0.0,0.0,0.0010200927986841767,-0.0012372504371444054,0.000524434015879809,0.0,0.0,0.0,-0.0038051153148454288,-0.048518191147814645,0.968607359687686,0.0,0.0,0.0,0.0,0.0,0.0,zero,0.0,0.0,0.0,0.0,0.0010200927986841767,-0.0012372504371444054,0.000524434015879809,3.2394752201930217,-8.44099581095192,1.553141728774258,1,0.00497746467590332,,,,,,,,,,,,,,,,,,,,,,0.6589182880006774,5,radio://0/80/2M/E7E7E7E705,4.1887902047863905,aborted,cf5 起飞前预检失败（电压或 EKF 对齐）,0.0,0.0,0.0,0,0.0,global_abort:cf5 起飞前预检失败（电压或 EKF 对齐）,,,,,
0.6732257700004993,1788684525.3674219,control,aborted,1,1,0.008294293000290054,4.170087814331055,4170.0,0,90.0,0.6398883869997007,4.170087814331055,1,1,0,1.0071730349577168,0.37476712465286255,0.0036723529919981956,0.04580181837081909,-0.060175471007823944,0.004843094851821661,-0.04065438359975815,-114.66461944580078,7.44507360458374,-75.89053344726562,-0.0010077208280563354,0.22274400293827057,-1.026020884513855,-0.03476503655563423,0.003055715593956474,3.1241675923943526,0.37476712465286255,0.0036723529919981956,0.04580181837081909,3.1241675923943526,0.0,0.0,0.0,0.0,0.0,0.0,-0.00708670176477351,0.0017059110514704213,-0.0049487229064821975,0.0,0.0,0.0,-0.03476503655563423,0.003055715593956474,3.1241675923943526,0.0,0.0,0.0,0.0,0.0,0.0,zero,0.0,0.0,0.0,0.0,-0.00708670176477351,0.0017059110514704213,-0.0049487229064821975,-0.7335628806887934,0.05586724034744094,-0.5692080212989542,1,0.00885462760925293,,,,,,,,,,,,,,,,,,,,,,0.6732257700004993,2,radio://0/80/2M/E7E7E7E702,0.0,aborted,cf5 起飞前预检失败（电压或 EKF 对齐）,0.0,0.0,0.0,0,0.0,global_abort:cf5 起飞前预检失败（电压或 EKF 对齐）,,,,,
0.6732257700004993,1788684525.3676703,control,aborted,1,1,0.008053661000303691,4.122580528259277,4122.0,0,90.0,0.6094920479999928,4.122580528259277,1,1,0,1.0187793716120355,-0.3137122690677643,0.31573566794395447,0.04022222012281418,0.03499090299010277,-0.05485464259982109,0.0022330814972519875,67.80691528320312,-103.63656616210938,1.671859860420227,-1.1091773509979248,-2.1682631969451904,0.20701920986175537,-0.006634928584393618,-0.011538630852785685,-0.5955930278341633,-0.3137122690677643,0.31573566794395447,0.04022222012281418,-0.5955930278341633,0.0,0.0,0.0,0.0,0.0,0.0,0.003483060534904144,-0.0060331987128300416,0.0013063581954041526,0.0,0.0,0.0,-0.006634928584393618,-0.011538630852785685,-0.5955930278341633,0.0,0.0,0.0,0.0,0.0,0.0,zero,0.0,0.0,0.0,0.0,0.003483060534904144,-0.0060331987128300416,0.0013063581954041526,0.48144056953565645,-0.7084365620583957,0.013839660454691823,1,0.009103059768676758,,,,,,,,,,,,,,,,,,,,,,0.6732257700004993,4,radio://0/80/2M/E7E7E7E704,2.0943951023931953,aborted,cf5 起飞前预检失败（电压或 EKF 对齐）,0.0,0.0,0.0,0,0.0,global_abort:cf5 起飞前预检失败（电压或 EKF 对齐）,,,,,
0.6732257700004993,1788684525.3677988,control,aborted,1,1,0.007870022000133758,3.763636350631714,3763.0,0,10.0,0.5817704920000324,nan,1,0,1,1.0,-0.28669264912605286,-0.4440980553627014,0.03558887541294098,-0.027199476957321167,-0.021711016073822975,-0.004912984557449818,-51.4731559753418,-35.719154357910156,-9.30494499206543,0.5088082551956177,1.3833476305007935,0.6798460483551025,-0.0032288174038387417,-0.04860537219869527,0.9682599043855092,-0.28669264912605286,-0.4440980553627014,0.03558887541294098,0.9682599043855092,0.0,0.0,0.0,0.0,0.0,0.0,-0.002322087893631571,-0.004354051800127849,-5.6938561144954155e-05,0.0,0.0,0.0,-0.0032288174038387417,-0.04860537219869527,0.9682599043855092,0.0,0.0,0.0,0.0,0.0,0.0,zero,0.0,0.0,0.0,0.0,-0.002322087893631571,-0.004354051800127849,-5.6938561144954155e-05,-0.33610151161654145,-0.3134365690986599,-0.05846488264374394,1,0.0092315673828125,,,,,,,,,,,,,,,,,,,,,,0.6732257700004993,5,radio://0/80/2M/E7E7E7E705,4.1887902047863905,aborted,cf5 起飞前预检失败（电压或 EKF 对齐）,0.0,0.0,0.0,0,0.0,global_abort:cf5 起飞前预检失败（电压或 EKF 对齐）,,,,,
0.6875185440003406,1788684525.3817165,control,aborted,1,1,0.002540939999562397,4.170087814331055,4170.0,0,90.0,0.654181160999542,4.170087814331055,1,1,0,1.0071730349577168,0.374758243560791,0.0036009028553962708,0.045793600380420685,-0.03855010122060776,0.0017731322441250086,-0.02635308727622032,-72.99542999267578,4.709107875823975,-48.31804656982422,0.008049927651882172,0.10961687564849854,-0.644545316696167,-0.0345269707503256,0.0015640423732532199,3.1250296145580014,0.374758243560791,0.0036009028553962708,0.045793600380420685,3.1250296145580014,0.0,0.0,0.0,0.0,0.0,0.0,-0.0302633400006308,0.003004764063902875,-0.02096415280338159,0.0,0.0,0.0,-0.0345269707503256,0.0015640423732532199,3.1250296145580014,0.0,0.0,0.0,0.0,0.0,0.0,zero,0.0,0.0,0.0,0.0,-0.0302633400006308,0.003004764063902875,-0.02096415280338159,-1.1425324623049087,0.05648984517941527,-0.778136385781005,1,0.003238677978515625,,,,,,,,,,,,,,,,,,,,,,0.6875185440003406,2,radio://0/80/2M/E7E7E7E702,0.0,aborted,cf5 起飞前预检失败（电压或 EKF 对齐）,0.0,0.0,0.0,0,0.0,global_abort:cf5 起飞前预检失败（电压或 EKF 对齐）,,,,,
0.6875185440003406,1788684525.3819053,control,aborted,1,1,0.0022829720001027454,4.122580528259277,4122.0,0,90.0,0.6237848219998341,4.122580528259277,1,1,0,1.0187793716120355,-0.3136233985424042,0.3157453238964081,0.04021510109305382,0.024266986176371574,-0.03495460003614426,0.001302091171965003,43.21037673950195,-65.97161102294922,1.0533583164215088,-0.7080496549606323,-1.410248041152954,0.12500528991222382,-0.006362486103643562,-0.012678649287498098,-0.5960304596606818,-0.3136233985424042,0.3157453238964081,0.04021510109305382,-0.5960304596606818,0.0,0.0,0.0,0.0,0.0,0.0,0.017654899520034375,-0.027507779015106808,0.0016399004105883729,0.0,0.0,0.0,-0.006362486103643562,-0.012678649287498098,-0.5960304596606818,0.0,0.0,0.0,0.0,0.0,0.0,zero,0.0,0.0,0.0,0.0,0.017654899520034375,-0.027507779015106808,0.0016399004105883729,0.6958288788754822,-1.0531650519758948,0.0147605880037336,1,0.0034275054931640625,,,,,,,,,,,,,,,,,,,,,,0.6875185440003406,4,radio://0/80/2M/E7E7E7E704,2.0943951023931953,aborted,cf5 起飞前预检失败（电压或 EKF 对齐）,0.0,0.0,0.0,0,0.0,global_abort:cf5 起飞前预检失败（电压或 EKF 对齐）,,,,,
0.6875185440003406,1788684525.3820643,control,aborted,1,1,0.0028026640002281056,3.763636350631714,3763.0,0,10.0,0.5960632659998737,nan,1,0,1,1.0,-0.28667008876800537,-0.44405224919319153,0.035634979605674744,-0.017301302403211594,-0.013349990360438824,-0.0027618631720542908,-32.7723503112793,-22.71689796447754,-5.9267473220825195,0.3159121870994568,0.8519170880317688,0.4415440559387207,-0.0039276708839173,-0.05035557854693498,0.9686429418696216,-0.28667008876800537,-0.44405224919319153,0.035634979605674744,0.9686429418696216,0.0,0.0,0.0,0.0,0.0,0.0,-0.012924857534979458,-0.012182002039999702,-0.0018544903372449265,0.0,0.0,0.0,-0.0039276708839173,-0.05035557854693498,0.9686429418696216,0.0,0.0,0.0,0.0,0.0,0.0,zero,0.0,0.0,0.0,0.0,-0.012924857534979458,-0.012182002039999702,-0.0018544903372449265,-0.5217696781787323,-0.3686732971123219,-0.0847946934214173,1,0.0035865306854248047,,,,,,,,,,,,,,,,,,,,,,0.6875185440003406,5,radio://0/80/2M/E7E7E7E705,4.1887902047863905,aborted,cf5 起飞前预检失败（电压或 EKF 对齐）,0.0,0.0,0.0,0,0.0,global_abort:cf5 起飞前预检失败（电压或 EKF 对齐）,,,,,
0.7018300300005649,1788684525.396075,control,aborted,1,1,0.007104758999957994,4.170087814331055,4170.0,0,90.0,0.6684926469997663,4.170087814331055,1,1,0,1.0071730349577168,0.3747517764568329,0.0036186750512570143,0.04583803191781044,-0.030969912186264992,0.0017752901185303926,-0.020190488547086716,-58.24416732788086,3.767329692840576,-38.53071975708008,0.006199427880346775,0.09360657632350922,-0.5281034111976624,-0.03454002598295047,0.0018369681488927178,3.124398799204488,0.3747517764568329,0.0036186750512570143,0.04583803191781044,3.124398799204488,0.0,0.0,0.0,0.0,0.0,0.0,-0.03736971172074499,0.0031674905960063816,-0.025686517613480293,0.0,0.0,0.0,-0.03454002598295047,0.0018369681488927178,3.124398799204488,0.0,0.0,0.0,0.0,0.0,0.0,zero,0.0,0.0,0.0,0.0,-0.03736971172074499,0.0031674905960063816,-0.025686517613480293,-0.7132566783402768,0.01633263644757872,-0.4739772096115301,1,0.00763392448425293,,,,,,,,,,,,,,,,,,,,,,0.7018300300005649,2,radio://0/80/2M/E7E7E7E702,0.0,aborted,cf5 起飞前预检失败（电压或 EKF 对齐）,0.0,0.0,0.0,0,0.0,global_abort:cf5 起飞前预检失败（电压或 EKF 对齐）,,,,,
0.7018300300005649,1788684525.3964002,control,aborted,1,1,0.006783169000300404,4.122580528259277,4122.0,0,90.0,0.6380963080000583,4.122580528259277,1,1,0,1.0187793716120355,-0.3136518597602844,0.3157670795917511,0.04022219032049179,0.018842216581106186,-0.02752692624926567,0.001183992251753807,34.45939636230469,-52.628177642822266,0.8403157591819763,-0.5664862990379333,-1.1096916198730469,0.09461958706378937,-0.006361456323243088,-0.011758505110140729,-0.596304538472139,-0.3136518597602844,0.3157670795917511,0.04022219032049179,-0.596304538472139,0.0,0.0,0.0,0.0,0.0,0.0,0.02209437213570259,-0.033995155697148824,0.0016763889830364214,0.0,0.0,0.0,-0.006361456323243088,-0.011758505110140729,-0.596304538472139,0.0,0.0,0.0,0.0,0.0,0.0,zero,0.0,0.0,0.0,0.0,0.02209437213570259,-0.033995155697148824,0.0016763889830364214,0.445583712215838,-0.6511290044508258,0.0036623074343281616,1,0.007959127426147461,,,,,,,,,,,,,,,,,,,,,,0.7018300300005649,4,radio://0/80/2M/E7E7E7E704,2.0943951023931953,aborted,cf5 起飞前预检失败（电压或 EKF 对齐）,0.0,0.0,0.0,0,0.0,global_abort:cf5 起飞前预检失败（电压或 EKF 对齐）,,,,,
0.7018300300005649,1788684525.3965998,control,aborted,1,1,0.006529416999910609,3.763636350631714,3763.0,0,10.0,0.6103747520000979,nan,1,0,1,1.0,-0.28665682673454285,-0.4440614879131317,0.03563578054308891,-0.01357480138540268,-0.010865463875234127,-0.0021934115793555975,-26.143068313598633,-18.123641967773438,-4.72998571395874,0.246276393532753,0.6955007910728455,0.34057533740997314,-0.004217418898650728,-0.04966242269584764,0.9680086755084817,-0.28665682673454285,-0.4440614879131317,0.03563578054308891,0.9680086755084817,0.0,0.0,0.0,0.0,0.0,0.0,-0.016197536855472188,-0.014232489496676135,-0.0023693659683238404,0.0,0.0,0.0,-0.004217418898650728,-0.04966242269584764,0.9680086755084817,0.0,0.0,0.0,0.0,0.0,0.0,zero,0.0,0.0,0.0,0.0,-0.016197536855472188,-0.014232489496676135,-0.0023693659683238404,-0.3284742866462452,-0.20580458353843809,-0.051677353345062405,1,0.008158683776855469,,,,,,,,,,,,,,,,,,,,,,0.7018300300005649,5,radio://0/80/2M/E7E7E7E705,4.1887902047863905,aborted,cf5 起飞前预检失败（电压或 EKF 对齐）,0.0,0.0,0.0,0,0.0,global_abort:cf5 起飞前预检失败（电压或 EKF 对齐）,,,,,
0.7161136849999821,1788684525.4103532,control,aborted,1,1,0.01139525100006722,4.170087814331055,4170.0,0,90.0,0.6827763019991835,4.170087814331055,1,1,0,1.0071730349577168,0.3747451603412628,0.0036635876167565584,0.04584374651312828,-0.024908004328608513,0.0023167976178228855,-0.016038313508033752,-46.47432327270508,3.0246737003326416,-30.741687774658203,-0.0028622709214687347,0.1001400351524353,-0.41173791885375977,-0.03493063143852417,0.0031200104480819646,3.1248927917979126,0.3747451603412628,0.0036635876167565584,0.04584374651312828,3.1248927917979126,0.0,0.0,0.0,0.0,0.0,0.0,-0.04029948232973689,0.0030702822846155704,-0.02748771979350343,0.0,0.0,0.0,-0.03493063143852417,0.0031200104480819646,3.1248927917979126,0.0,0.0,0.0,0.0,0.0,0.0,zero,0.0,0.0,0.0,0.0,-0.04029948232973689,0.0030702822846155704,-0.02748771979350343,-0.292454390603483,-0.009703489202240114,-0.1797988840135124,1,0.01189422607421875,,,,,,,,,,,,,,,,,,,,,,0.7161136849999821,2,radio://0/80/2M/E7E7E7E702,0.0,aborted,cf5 起飞前预检失败（电压或 EKF 对齐）,0.0,0.0,0.0,0,0.0,global_abort:cf5 起飞前预检失败（电压或 EKF 对齐）,,,,,
0.7161136849999821,1788684525.410543,control,aborted,1,1,0.010776344999612775,4.122580528259277,4122.0,0,90.0,0.6523799629994755,4.122580528259277,1,1,0,1.0187793716120355,-0.31368106603622437,0.3157922923564911,0.04023352265357971,0.014490744099020958,-0.02151823230087757,0.0011734151048585773,27.48065185546875,-41.98259353637695,0.6720414757728577,-0.46690601110458374,-0.8739956021308899,0.08151287585496902,-0.007051868072381252,-0.011067387305125178,-0.5960176893738504,-0.31368106603622437,0.3157922923564911,0.04023352265357971,-0.5960176893738504,0.0,0.0,0.0,0.0,0.0,0.0,0.024038696877354812,-0.03657908718037324,0.001627650760219294,0.0,0.0,0.0,-0.007051868072381252,-0.011067387305125178,-0.5960176893738504,0.0,0.0,0.0,0.0,0.0,0.0,zero,0.0,0.0,0.0,0.0,0.024038696877354812,-0.03657908718037324,0.001627650760219294,0.19408560714957604,-0.25793217563458765,-0.004865127395753454,1,0.012084007263183594,,,,,,,,,,,,,,,,,,,,,,0.7161136849999821,4,radio://0/80/2M/E7E7E7E704,2.0943951023931953,aborted,cf5 起飞前预检失败（电压或 EKF 对齐）,0.0,0.0,0.0,0,0.0,global_abort:cf5 起飞前预检失败（电压或 EKF 对齐）,,,,,
0.7161136849999821,1788684525.4106638,control,aborted,1,1,0.010390669999651436,3.763636350631714,3763.0,0,10.0,0.6246584069995151,nan,1,0,1,1.0,-0.2866458296775818,-0.44408392906188965,0.035645708441734314,-0.010640312917530537,-0.00914035178720951,-0.0015565439825877547,-20.85587501525879,-14.464476585388184,-3.771275281906128,0.20341859757900238,0.5299443602561951,0.28250622749328613,-0.003922558450853087,-0.050985663598988665,0.9685179079749958,-0.2866458296775818,-0.44408392906188965,0.035645708441734314,0.9685179079749958,0.0,0.0,0.0,0.0,0.0,0.0,-0.01759781139050624,-0.014866508744432346,-0.0026173158584214705,0.0,0.0,0.0,-0.003922558450853087,-0.050985663598988665,0.9685179079749958,0.0,0.0,0.0,0.0,0.0,0.0,zero,0.0,0.0,0.0,0.0,-0.01759781139050624,-0.014866508744432346,-0.0026173158584214705,-0.13977764489960168,-0.06328881591082075,-0.024750754815461233,1,0.012204885482788086,,,,,,,,,,,,,,,,,,,,,,0.7161136849999821,5,radio://0/80/2M/E7E7E7E705,4.1887902047863905,aborted,cf5 起飞前预检失败（电压或 EKF 对齐）,0.0,0.0,0.0,0,0.0,global_abort:cf5 起飞前预检失败（电压或 EKF 对齐）,,,,,
0.7303661700007069,1788684525.4246037,control,aborted,1,1,0.005669323000802251,4.170087814331055,4170.0,0,90.0,0.6970287869999083,4.170087814331055,1,1,0,1.0071730349577168,0.3747529983520508,0.0036767167039215565,0.045823805034160614,-0.01539294421672821,0.0018172342097386718,-0.0103612020611763,-29.560317993164062,1.9289186000823975,-19.5649356842041,0.01659291237592697,0.07214263081550598,-0.26139676570892334,-0.034272813087685094,0.003354288302841626,3.125009767972117,0.3747529983520508,0.0036767167039215565,0.045823805034160614,3.125009767972117,0.0,0.0,0.0,0.0,0.0,0.0,-0.035963782535152714,0.002588994417939754,-0.024087470595632026,0.0,0.0,0.0,-0.034272813087685094,0.003354288302841626,3.125009767972117,0.0,0.0,0.0,0.0,0.0,0.0,zero,0.0,0.0,0.0,0.0,-0.035963782535152714,0.002588994417939754,-0.024087470595632026,0.34217983319063094,-0.028719230546831117,0.25563733993452015,1,0.006083488464355469,,,,,,,,,,,,,,,,,,,,,,0.7303661700007069,2,radio://0/80/2M/E7E7E7E702,0.0,aborted,cf5 起飞前预检失败（电压或 EKF 对齐）,0.0,0.0,0.0,0,0.0,global_abort:cf5 起飞前预检失败（电压或 EKF 对齐）,,,,,
0.7303661700007069,1788684525.4247756,control,aborted,1,1,0.005098063000332331,4.122580528259277,4122.0,0,90.0,0.6666324480002004,4.122580528259277,1,1,0,1.0187793716120355,-0.3136267364025116,0.31576672196388245,0.04015333205461502,0.010172011330723763,-0.014115803875029087,-0.0007256197277456522,17.50691032409668,-26.73092269897461,0.3945333659648895,-0.26824289560317993,-0.5422645807266235,0.07053890079259872,-0.005646202956183229,-0.010290084121734712,-0.5951609796486793,-0.3136267364025116,0.31576672196388245,0.04015333205461502,-0.5951609796486793,0.0,0.0,0.0,0.0,0.0,0.0,0.021587084897475763,-0.03224460398618586,0.0012425268617655267,0.0,0.0,0.0,-0.005646202956183229,-0.010290084121734712,-0.5951609796486793,0.0,0.0,0.0,0.0,0.0,0.0,zero,0.0,0.0,0.0,0.0,0.021587084897475763,-0.03224460398618586,0.0012425268617655267,-0.19730235131783463,0.3325606649204451,-0.027358450379184794,1,0.006255388259887695,,,,,,,,,,,,,,,,,,,,,,0.7303661700007069,4,radio://0/80/2M/E7E7E7E704,2.0943951023931953,aborted,cf5 起飞前预检失败（电压或 EKF 对齐）,0.0,0.0,0.0,0,0.0,global_abort:cf5 起飞前预检失败（电压或 EKF 对齐）,,,,,
0.7303661700007069,1788684525.4248927,control,aborted,1,1,0.005384830999901169,3.763636350631714,3763.0,0,10.0,0.63891089200024,nan,1,0,1,1.0,-0.2866576313972473,-0.4440348446369171,0.03566388413310051,-0.006650920491665602,-0.004992252681404352,-0.0007155041676014662,-13.266364097595215,-9.181968688964844,-2.3992810249328613,0.12531107664108276,0.3503391444683075,0.18611273169517517,-0.003923578471467177,-0.049508366365853894,0.9685687329534841,-0.2866576313972473,-0.4440348446369171,0.03566388413310051,0.9685687329534841,0.0,0.0,0.0,0.0,0.0,0.0,-0.015786721821010534,-0.012782064834313232,-0.002329888991860772,0.0,0.0,0.0,-0.003923578471467177,-0.049508366365853894,0.9685687329534841,0.0,0.0,0.0,0.0,0.0,0.0,zero,0.0,0.0,0.0,0.0,-0.015786721821010534,-0.012782064834313232,-0.002329888991860772,0.1456413209496478,0.15042377157544365,0.02463134565692377,1,0.0063724517822265625,,,,,,,,,,,,,,,,,,,,,,0.7303661700007069,5,radio://0/80/2M/E7E7E7E705,4.1887902047863905,aborted,cf5 起飞前预检失败（电压或 EKF 对齐）,0.0,0.0,0.0,0,0.0,global_abort:cf5 起飞前预检失败（电压或 EKF 对齐）,,,,,
0.7449536970007102,1788684525.4391685,control,aborted,1,1,0.009606772000552155,4.170087814331055,4170.0,0,90.0,0.7116163139999117,4.170087814331055,1,1,0,1.0071730349577168,0.37476059794425964,0.003624770324677229,0.04581701382994652,-0.012170222587883472,0.00046857399865984917,-0.008417763747274876,-23.58713150024414,1.5175563097000122,-15.615089416503906,0.01918133534491062,0.06873171031475067,-0.2238103449344635,-0.0339642452344691,0.003908438360625017,3.124215697888304,0.37476059794425964,0.003624770324677229,0.04581701382994652,3.124215697888304,0.0,0.0,0.0,0.0,0.0,0.0,-0.031265600577469535,0.0022878054339965353,-0.020830477401984217,0.0,0.0,0.0,-0.0339642452344691,0.003908438360625017,3.124215697888304,0.0,0.0,0.0,0.0,0.0,0.0,zero,0.0,0.0,0.0,0.0,-0.031265600577469535,0.0022878054339965353,-0.020830477401984217,0.44546530829727793,-0.02855769418819462,0.30881679130323225,1,0.010101556777954102,,,,,,,,,,,,,,,,,,,,,,0.7449536970007102,2,radio://0/80/2M/E7E7E7E702,0.0,aborted,cf5 起飞前预检失败（电压或 EKF 对齐）,0.0,0.0,0.0,0,0.0,global_abort:cf5 起飞前预检失败（电压或 EKF 对齐）,,,,,
0.7449536970007102,1788684525.4393218,control,aborted,1,1,8.430400066572474e-05,4.122580528259277,4122.0,0,90.0,0.6812199750002037,4.122580528259277,1,1,0,1.0187793716120355,-0.31364113092422485,0.3157924711704254,0.04020494595170021,0.006288350559771061,-0.008537931367754936,0.00028041761834174395,11.135644912719727,-17.007083892822266,0.2663063704967499,-0.18461938202381134,-0.34080326557159424,0.025951601564884186,-0.006386241153123201,-0.010175549990471364,-0.5961551013088399,-0.31364113092422485,0.3157924711704254,0.04020494595170021,-0.5961551013088399,0.0,0.0,0.0,0.0,0.0,0.0,0.015983121749377098,-0.023339376481200807,0.0006045317435303822,0.0,0.0,0.0,-0.006386241153123201,-0.010175549990471364,-0.5961551013088399,0.0,0.0,0.0,0.0,0.0,0.0,zero,0.0,0.0,0.0,0.0,0.015983121749377098,-0.023339376481200807,0.0006045317435303822,-0.31161623051006404,0.4904210991513224,-0.03114868180472417,1,0.0009021759033203125,,,,,,,,,,,,,,,,,,,,,,0.7449536970007102,4,radio://0/80/2M/E7E7E7E704,2.0943951023931953,aborted,cf5 起飞前预检失败（电压或 EKF 对齐）,0.0,0.0,0.0,0,0.0,global_abort:cf5 起飞前预检失败（电压或 EKF 对齐）,,,,,
0.7449536970007102,1788684525.4394388,control,aborted,1,1,0.00031722000039735576,3.763636350631714,3763.0,0,10.0,0.6534984190002433,nan,1,0,1,1.0,-0.2866823971271515,-0.4440711438655853,0.03559313341975212,-0.004901832435280085,-0.003642156720161438,-0.0017828402342274785,-8.463526725769043,-5.847550392150879,-1.5556869506835938,0.08449438214302063,0.2628593444824219,0.1308666467666626,-0.003605881654878865,-0.04764090698868305,0.9689989962182193,-0.2866823971271515,-0.4440711438655853,0.03559313341975212,0.9689989962182193,0.0,0.0,0.0,0.0,0.0,0.0,-0.011492155595135107,-0.009117026569475639,-0.0017013995260708801,0.0,0.0,0.0,-0.003605881654878865,-0.04764090698868305,0.9689989962182193,0.0,0.0,0.0,0.0,0.0,0.0,zero,0.0,0.0,0.0,0.0,-0.011492155595135107,-0.009117026569475639,-0.0017013995260708801,0.2392202018482842,0.19671859167783082,0.03119368712184109,1,0.0010192394256591797,,,,,,,,,,,,,,,,,,,,,,0.7449536970007102,5,radio://0/80/2M/E7E7E7E705,4.1887902047863905,aborted,cf5 起飞前预检失败（电压或 EKF 对齐）,0.0,0.0,0.0,0,0.0,global_abort:cf5 起飞前预检失败（电压或 EKF 对齐）,,,,,
0.7589011410000239,1788684525.4530785,control,aborted,1,1,0.004024408000077528,4.170087814331055,4170.0,0,90.0,0.7255637579992253,4.170087814331055,1,1,0,1.0071730349577168,0.37475553154945374,0.0036552520468831062,0.04583517089486122,-0.007910987362265587,0.0009101084433495998,-0.005033633206039667,-15.01899528503418,0.9804065227508545,-9.931678771972656,0.008410419337451458,0.022897226735949516,-0.1398293673992157,-0.0343545738091644,0.0025504467981683735,3.124477262817364,0.37475553154945374,0.0036552520468831062,0.04583517089486122,3.124477262817364,0.0,0.0,0.0,0.0,0.0,0.0,-0.02097801550124912,0.0015020773660943535,-0.013959816651783271,0.0,0.0,0.0,-0.0343545738091644,0.0025504467981683735,3.124477262817364,0.0,0.0,0.0,0.0,0.0,0.0,zero,0.0,0.0,0.0,0.0,-0.02097801550124912,0.0015020773660943535,-0.013959816651783271,0.5070620292826815,-0.040705465264937596,0.3360265952384185,1,0.004411935806274414,,,,,,,,,,,,,,,,,,,,,,0.7589011410000239,2,radio://0/80/2M/E7E7E7E702,0.0,aborted,cf5 起飞前预检失败（电压或 EKF 对齐）,0.0,0.0,0.0,0,0.0,global_abort:cf5 起飞前预检失败（电压或 EKF 对齐）,,,,,
0.7589011410000239,1788684525.4532783,control,aborted,1,1,0.0037052759998914553,4.122580528259277,4122.0,0,90.0,0.6951674189995174,4.122580528259277,1,1,0,1.0187793716120355,-0.3136906921863556,0.3157915472984314,0.04023164138197899,0.0040632882155478,-0.006848378572613001,0.0007454055594280362,8.865084648132324,-13.572688102722168,0.22212126851081848,-0.1499301642179489,-0.29029160737991333,0.04311776161193848,-0.0065129566461495335,-0.011072332685835322,-0.5950038591574655,-0.3136906921863556,0.3157915472984314,0.04023164138197899,-0.5950038591574655,0.0,0.0,0.0,0.0,0.0,0.0,0.012936687554126537,-0.018687227596609894,0.00042764066020397587,0.0,0.0,0.0,-0.0065129566461495335,-0.011072332685835322,-0.5950038591574655,0.0,0.0,0.0,0.0,0.0,0.0,zero,0.0,0.0,0.0,0.0,0.012936687554126537,-0.018687227596609894,0.00042764066020397587,-0.29730033576575093,0.4540014117414366,-0.017262732459114433,1,0.0046117305755615234,,,,,,,,,,,,,,,,,,,,,,0.7589011410000239,4,radio://0/80/2M/E7E7E7E704,2.0943951023931953,aborted,cf5 起飞前预检失败（电压或 EKF 对齐）,0.0,0.0,0.0,0,0.0,global_abort:cf5 起飞前预检失败（电压或 EKF 对齐）,,,,,
0.7589011410000239,1788684525.4533904,control,aborted,1,1,0.0035521479994713445,3.763636350631714,3763.0,0,10.0,0.667445862999557,nan,1,0,1,1.0,-0.2866728603839874,-0.4440346956253052,0.03565379977226257,-0.003735317150130868,-0.0022022875491529703,-0.00024211814161390066,-6.74805212020874,-4.649935722351074,-1.2144761085510254,0.04367304593324661,0.17707502841949463,0.08934999257326126,-0.004793668474241914,-0.049345725024499264,0.9682191843458164,-0.2866728603839874,-0.4440346956253052,0.03565379977226257,0.9682191843458164,0.0,0.0,0.0,0.0,0.0,0.0,-0.009260274698243757,-0.007304591768629172,-0.001476385626347897,0.0,0.0,0.0,-0.004793668474241914,-0.049345725024499264,0.9682191843458164,0.0,0.0,0.0,0.0,0.0,0.0,zero,0.0,0.0,0.0,0.0,-0.009260274698243757,-0.007304591768629172,-0.001476385626347897,0.21780839417750472,0.17687481176689873,0.021959019513336918,1,0.004723787307739258,,,,,,,,,,,,,,,,,,,,,,0.7589011410000239,5,radio://0/80/2M/E7E7E7E705,4.1887902047863905,aborted,cf5 起飞前预检失败（电压或 EKF 对齐）,0.0,0.0,0.0,0,0.0,global_abort:cf5 起飞前预检失败（电压或 EKF 对齐）,,,,,
0.7732012680007756,1788684525.467422,control,aborted,1,1,0.0183245350008292,4.170087814331055,4170.0,0,90.0,0.739863884999977,4.170087814331055,1,1,0,1.0071730349577168,0.37475553154945374,0.0036552520468831062,0.04583517089486122,-0.007910987362265587,0.0009101084433495998,-0.005033633206039667,-15.01899528503418,0.9804065227508545,-9.931678771972656,0.008410419337451458,0.022897226735949516,-0.1398293673992157,-0.0343545738091644,0.0025504467981683735,3.124477262817364,0.37475553154945374,0.0036552520468831062,0.04583517089486122,3.124477262817364,0.0,0.0,0.0,0.0,0.0,0.0,-0.02097801550124912,0.0015020773660943535,-0.013959816651783271,0.0,0.0,0.0,-0.0343545738091644,0.0025504467981683735,3.124477262817364,0.0,0.0,0.0,0.0,0.0,0.0,zero,0.0,0.0,0.0,0.0,-0.02097801550124912,0.0015020773660943535,-0.013959816651783271,0.5070620292826815,-0.040705465264937596,0.3360265952384185,1,0.018755435943603516,,,,,,,,,,,,,,,,,,,,,,0.7732012680007756,2,radio://0/80/2M/E7E7E7E702,0.0,aborted,cf5 起飞前预检失败（电压或 EKF 对齐）,0.0,0.0,0.0,0,0.0,global_abort:cf5 起飞前预检失败（电压或 EKF 对齐）,,,,,
0.7732012680007756,1788684525.467668,control,aborted,1,1,0.018005403000643128,4.122580528259277,4122.0,0,90.0,0.7094675460002691,4.122580528259277,1,1,0,1.0187793716120355,-0.3136906921863556,0.3157915472984314,0.04023164138197899,0.0040632882155478,-0.006848378572613001,0.0007454055594280362,8.865084648132324,-13.572688102722168,0.22212126851081848,-0.1499301642179489,-0.29029160737991333,0.04311776161193848,-0.0065129566461495335,-0.011072332685835322,-0.5950038591574655,-0.3136906921863556,0.3157915472984314,0.04023164138197899,-0.5950038591574655,0.0,0.0,0.0,0.0,0.0,0.0,0.012936687554126537,-0.018687227596609894,0.00042764066020397587,0.0,0.0,0.0,-0.0065129566461495335,-0.011072332685835322,-0.5950038591574655,0.0,0.0,0.0,0.0,0.0,0.0,zero,0.0,0.0,0.0,0.0,0.012936687554126537,-0.018687227596609894,0.00042764066020397587,-0.29730033576575093,0.4540014117414366,-0.017262732459114433,1,0.019001483917236328,,,,,,,,,,,,,,,,,,,,,,0.7732012680007756,4,radio://0/80/2M/E7E7E7E704,2.0943951023931953,aborted,cf5 起飞前预检失败（电压或 EKF 对齐）,0.0,0.0,0.0,0,0.0,global_abort:cf5 起飞前预检失败（电压或 EKF 对齐）,,,,,
0.7732012680007756,1788684525.4678442,control,aborted,1,1,0.017852275000223017,3.763636350631714,3763.0,0,10.0,0.6817459900003087,nan,1,0,1,1.0,-0.2866728603839874,-0.4440346956253052,0.03565379977226257,-0.003735317150130868,-0.0022022875491529703,-0.00024211814161390066,-6.74805212020874,-4.649935722351074,-1.2144761085510254,0.04367304593324661,0.17707502841949463,0.08934999257326126,-0.004793668474241914,-0.049345725024499264,0.9682191843458164,-0.2866728603839874,-0.4440346956253052,0.03565379977226257,0.9682191843458164,0.0,0.0,0.0,0.0,0.0,0.0,-0.009260274698243757,-0.007304591768629172,-0.001476385626347897,0.0,0.0,0.0,-0.004793668474241914,-0.049345725024499264,0.9682191843458164,0.0,0.0,0.0,0.0,0.0,0.0,zero,0.0,0.0,0.0,0.0,-0.009260274698243757,-0.007304591768629172,-0.001476385626347897,0.21780839417750472,0.17687481176689873,0.021959019513336918,1,0.019177675247192383,,,,,,,,,,,,,,,,,,,,,,0.7732012680007756,5,radio://0/80/2M/E7E7E7E705,4.1887902047863905,aborted,cf5 起飞前预检失败（电压或 EKF 对齐）,0.0,0.0,0.0,0,0.0,global_abort:cf5 起飞前预检失败（电压或 EKF 对齐）,,,,,
0.7875147499999002,1788684525.4817011,control,aborted,1,1,0.0024205899999287794,4.170087814331055,4170.0,0,90.0,0.7541773669991017,4.170087814331055,1,1,0,1.0071730349577168,0.37471985816955566,0.0036269710399210453,0.045845601707696915,-0.043813422322273254,0.013660740107297897,0.04439760744571686,-70.97772216796875,22.76093864440918,72.22688293457031,-0.43595629930496216,-0.7992578744888306,-0.11059505492448807,-0.034253977125807376,0.0028409705155770307,3.12518188466433,0.37471985816955566,0.0036269710399210453,0.045845601707696915,3.12518188466433,0.0,0.0,0.0,0.0,0.0,0.0,-0.006969007973316141,0.001963654296213242,0.0047472886299597325,0.0,0.0,0.0,-0.034253977125807376,0.0028409705155770307,3.12518188466433,0.0,0.0,0.0,0.0,0.0,0.0,zero,0.0,0.0,0.0,0.0,-0.006969007973316141,0.001963654296213242,0.0047472886299597325,-0.100539768558455,0.14768833432456457,0.8729223809657884,1,0.0031349658966064453,,,,,,,,,,,,,,,,,,,,,,0.7875147499999002,2,radio://0/80/2M/E7E7E7E702,0.0,aborted,cf5 起飞前预检失败（电压或 EKF 对齐）,0.0,0.0,0.0,0,0.0,global_abort:cf5 起飞前预检失败（电压或 EKF 对齐）,,,,,
0.7875147499999002,1788684525.4818685,control,aborted,1,1,0.002691312999559159,4.122580528259277,4122.0,0,90.0,0.7237810279993937,4.122580528259277,1,1,0,1.0187793716120355,-0.31370630860328674,0.315755158662796,0.04022825136780739,0.06715606153011322,0.015674078837037086,-0.006681999657303095,111.35755157470703,26.12520980834961,-12.377970695495605,1.6819950342178345,-2.233339786529541,-0.11146953701972961,-0.00680604263209181,-0.012008671903789887,-0.5959483125675172,-0.31370630860328674,0.315755158662796,0.04022825136780739,-0.5959483125675172,0.0,0.0,0.0,0.0,0.0,0.0,0.009036657321234237,0.0008526592592830833,-0.0006189886871709497,0.0,0.0,0.0,-0.00680604263209181,-0.012008671903789887,-0.5959483125675172,0.0,0.0,0.0,0.0,0.0,0.0,zero,0.0,0.0,0.0,0.0,0.009036657321234237,0.0008526592592830833,-0.0006189886871709497,0.5755190340156146,0.612059322429588,-0.099682690806376,1,0.003302335739135742,,,,,,,,,,,,,,,,,,,,,,0.7875147499999002,4,radio://0/80/2M/E7E7E7E704,2.0943951023931953,aborted,cf5 起飞前预检失败（电压或 EKF 对齐）,0.0,0.0,0.0,0,0.0,global_abort:cf5 起飞前预检失败（电压或 EKF 对齐）,,,,,
0.7875147499999002,1788684525.4819813,control,aborted,1,1,0.00220306199935294,3.763636350631714,3763.0,0,10.0,0.6960594719994333,nan,1,0,1,1.0,-0.28663691878318787,-0.4440765082836151,0.03565125912427902,-0.05304693058133125,-0.04922102391719818,-0.0036428191233426332,-87.93099975585938,-79.90904235839844,-6.361917972564697,-1.1302978992462158,-0.214725524187088,-0.49092233180999756,-0.004001647259049862,-0.0481066929120804,0.9685712113217007,-0.28663691878318787,-0.4440765082836151,0.03565125912427902,0.9685712113217007,0.0,0.0,0.0,0.0,0.0,0.0,-0.007815180236088346,-0.006395230004370296,-0.0007149611370453577,0.0,0.0,0.0,-0.004001647259049862,-0.0481066929120804,0.9685712113217007,0.0,0.0,0.0,0.0,0.0,0.0,zero,0.0,0.0,0.0,0.0,-0.007815180236088346,-0.006395230004370296,-0.0007149611370453577,-0.48885390833702136,-0.4620438468053588,-0.01547548802765707,1,0.0034151077270507812,,,,,,,,,,,,,,,,,,,,,,0.7875147499999002,5,radio://0/80/2M/E7E7E7E705,4.1887902047863905,aborted,cf5 起飞前预检失败（电压或 EKF 对齐）,0.0,0.0,0.0,0,0.0,global_abort:cf5 起飞前预检失败（电压或 EKF 对齐）,,,,,
0.8018758900007015,1788684525.4960809,control,aborted,1,1,0.016781730000730022,4.170087814331055,4170.0,0,90.0,0.7685385069999029,4.170087814331055,1,1,0,1.0071730349577168,0.37471985816955566,0.0036269710399210453,0.045845601707696915,-0.043813422322273254,0.013660740107297897,0.04439760744571686,-70.97772216796875,22.76093864440918,72.22688293457031,-0.43595629930496216,-0.7992578744888306,-0.11059505492448807,-0.034253977125807376,0.0028409705155770307,3.12518188466433,0.37471985816955566,0.0036269710399210453,0.045845601707696915,3.12518188466433,0.0,0.0,0.0,0.0,0.0,0.0,-0.006969007973316141,0.001963654296213242,0.0047472886299597325,0.0,0.0,0.0,-0.034253977125807376,0.0028409705155770307,3.12518188466433,0.0,0.0,0.0,0.0,0.0,0.0,zero,0.0,0.0,0.0,0.0,-0.006969007973316141,0.001963654296213242,0.0047472886299597325,-0.100539768558455,0.14768833432456457,0.8729223809657884,1,0.017514705657958984,,,,,,,,,,,,,,,,,,,,,,0.8018758900007015,2,radio://0/80/2M/E7E7E7E702,0.0,aborted,cf5 起飞前预检失败（电压或 EKF 对齐）,0.0,0.0,0.0,0,0.0,global_abort:cf5 起飞前预检失败（电压或 EKF 对齐）,,,,,
0.8018758900007015,1788684525.4962552,control,aborted,1,1,0.0170524530003604,4.122580528259277,4122.0,0,90.0,0.7381421680001949,4.122580528259277,1,1,0,1.0187793716120355,-0.31370630860328674,0.315755158662796,0.04022825136780739,0.06715606153011322,0.015674078837037086,-0.006681999657303095,111.35755157470703,26.12520980834961,-12.377970695495605,1.6819950342178345,-2.233339786529541,-0.11146953701972961,-0.00680604263209181,-0.012008671903789887,-0.5959483125675172,-0.31370630860328674,0.315755158662796,0.04022825136780739,-0.5959483125675172,0.0,0.0,0.0,0.0,0.0,0.0,0.009036657321234237,0.0008526592592830833,-0.0006189886871709497,0.0,0.0,0.0,-0.00680604263209181,-0.012008671903789887,-0.5959483125675172,0.0,0.0,0.0,0.0,0.0,0.0,zero,0.0,0.0,0.0,0.0,0.009036657321234237,0.0008526592592830833,-0.0006189886871709497,0.5755190340156146,0.612059322429588,-0.099682690806376,1,0.017688989639282227,,,,,,,,,,,,,,,,,,,,,,0.8018758900007015,4,radio://0/80/2M/E7E7E7E704,2.0943951023931953,aborted,cf5 起飞前预检失败（电压或 EKF 对齐）,0.0,0.0,0.0,0,0.0,global_abort:cf5 起飞前预检失败（电压或 EKF 对齐）,,,,,
0.8018758900007015,1788684525.4963713,control,aborted,1,1,0.016564202000154182,3.763636350631714,3763.0,0,10.0,0.7104206120002345,nan,1,0,1,1.0,-0.28663691878318787,-0.4440765082836151,0.03565125912427902,-0.05304693058133125,-0.04922102391719818,-0.0036428191233426332,-87.93099975585938,-79.90904235839844,-6.361917972564697,-1.1302978992462158,-0.214725524187088,-0.49092233180999756,-0.004001647259049862,-0.0481066929120804,0.9685712113217007,-0.28663691878318787,-0.4440765082836151,0.03565125912427902,0.9685712113217007,0.0,0.0,0.0,0.0,0.0,0.0,-0.007815180236088346,-0.006395230004370296,-0.0007149611370453577,0.0,0.0,0.0,-0.004001647259049862,-0.0481066929120804,0.9685712113217007,0.0,0.0,0.0,0.0,0.0,0.0,zero,0.0,0.0,0.0,0.0,-0.007815180236088346,-0.006395230004370296,-0.0007149611370453577,-0.48885390833702136,-0.4620438468053588,-0.01547548802765707,1,0.017805099487304688,,,,,,,,,,,,,,,,,,,,,,0.8018758900007015,5,radio://0/80/2M/E7E7E7E705,4.1887902047863905,aborted,cf5 起飞前预检失败（电压或 EKF 对齐）,0.0,0.0,0.0,0,0.0,global_abort:cf5 起飞前预检失败（电压或 EKF 对齐）,,,,,
0.8161680060002254,1788684525.510384,control,aborted,1,1,0.008312007999847992,4.170087814331055,4170.0,0,90.0,0.7828306229994269,4.170087814331055,1,1,0,1.0071730349577168,0.3747720420360565,0.0036619717720896006,0.04581155627965927,0.065543994307518,-0.003690374083817005,-0.027012012898921967,69.53358459472656,-2.5738563537597656,-25.217575073242188,0.7112492322921753,0.5094438791275024,-1.0001083612442017,-0.03344018099985744,0.003294588289688377,3.1243354495932385,0.3747720420360565,0.0036619717720896006,0.04581155627965927,3.1243354495932385,0.0,0.0,0.0,0.0,0.0,0.0,-0.04939229490068122,0.016252394368199787,0.053942798789007894,0.0,0.0,0.0,-0.03344018099985744,0.003294588289688377,3.1243354495932385,0.0,0.0,0.0,0.0,0.0,0.0,zero,0.0,0.0,0.0,0.0,-0.04939229490068122,0.016252394368199787,0.053942798789007894,-119.24064517048477,40.162629021002296,138.27751244623548,1,0.009304523468017578,,,,,,,,,,,,,,,,,,,,,,0.8161680060002254,2,radio://0/80/2M/E7E7E7E702,0.0,aborted,cf5 起飞前预检失败（电压或 EKF 对齐）,0.0,0.0,0.0,0,0.0,global_abort:cf5 起飞前预检失败（电压或 EKF 对齐）,,,,,
0.8161680060002254,1788684525.5106392,control,aborted,1,1,0.008483147999868379,4.122580528259277,4122.0,0,90.0,0.7524342839997189,4.122580528259277,1,1,0,1.0187793716120355,-0.3136703073978424,0.3157760500907898,0.040198151022195816,0.006061408668756485,0.01817633956670761,-0.018669378012418747,16.1798095703125,22.978904724121094,-22.91175079345703,1.3920965194702148,-1.3395832777023315,0.9379410743713379,-0.006906009839197306,-0.011953259658233496,-0.5956961215185568,-0.3136703073978424,0.3157760500907898,0.040198151022195816,-0.5956961215185568,0.0,0.0,0.0,0.0,0.0,0.0,0.07828209324090003,0.020702109310894085,-0.008330148001871748,0.0,0.0,0.0,-0.006906009839197306,-0.011953259658233496,-0.5956961215185568,0.0,0.0,0.0,0.0,0.0,0.0,zero,0.0,0.0,0.0,0.0,0.07828209324090003,0.020702109310894085,-0.008330148001871748,194.63538197449185,55.793521525919985,-21.675316245409302,1,0.00955963134765625,,,,,,,,,,,,,,,,,,,,,,0.8161680060002254,4,radio://0/80/2M/E7E7E7E704,2.0943951023931953,aborted,cf5 起飞前预检失败（电压或 EKF 对齐）,0.0,0.0,0.0,0,0.0,global_abort:cf5 起飞前预检失败（电压或 EKF 对齐）,,,,,
0.8161680060002254,1788684525.5108244,control,aborted,1,1,0.008112098000310652,3.763636350631714,3763.0,0,10.0,0.7247127279997585,nan,1,0,1,1.0,-0.28669309616088867,-0.44406116008758545,0.03566259518265724,-0.08563018590211868,-0.0689389631152153,-0.012105141766369343,-105.29178619384766,-85.23827362060547,-14.739198684692383,0.194038987159729,0.137160524725914,-0.33597689867019653,-0.004163389144365146,-0.05002700097620716,0.9685713322447705,-0.28669309616088867,-0.44406116008758545,0.03566259518265724,0.9685713322447705,0.0,0.0,0.0,0.0,0.0,0.0,-0.06195112760610183,-0.057044457273530975,-0.004085047414332161,0.0,0.0,0.0,-0.004163389144365146,-0.05002700097620716,0.9685713322447705,0.0,0.0,0.0,0.0,0.0,0.0,zero,0.0,0.0,0.0,0.0,-0.06195112760610183,-0.057044457273530975,-0.004085047414332161,-152.16892340550862,-142.3678067784823,-9.473135484469633,1,0.009744882583618164,,,,,,,,,,,,,,,,,,,,,,0.8161680060002254,5,radio://0/80/2M/E7E7E7E705,4.1887902047863905,aborted,cf5 起飞前预检失败（电压或 EKF 对齐）,0.0,0.0,0.0,0,0.0,global_abort:cf5 起飞前预检失败（电压或 EKF 对齐）,,,,,
0.8303878149999946,1788684525.5246782,control,aborted,1,1,0.012734365999676811,4.170087814331055,4170.0,0,90.0,0.797050431999196,4.170087814331055,1,1,0,1.0071730349577168,0.3746988773345947,0.003631175495684147,0.0458400696516037,0.05089513212442398,-0.0036005391739308834,-0.021009422838687897,55.318519592285156,-2.057194232940674,-20.047710418701172,0.5447207093238831,0.376290500164032,-0.7899560332298279,-0.03459224213983308,0.0018265109933388495,3.124866968601105,0.3746988773345947,0.003631175495684147,0.0458400696516037,3.124866968601105,0.0,0.0,0.0,0.0,0.0,0.0,-0.04957403875306763,0.01802820303837076,0.058967993405823614,0.0,0.0,0.0,-0.03459224213983308,0.0018265109933388495,3.124866968601105,0.0,0.0,0.0,0.0,0.0,0.0,zero,0.0,0.0,0.0,0.0,-0.04957403875306763,0.01802820303837076,0.058967993405823614,-0.019130397948144834,0.18692201190887142,0.5289530926315317,1,0.014098405838012695,,,,,,,,,,,,,,,,,,,,,,0.8303878149999946,2,radio://0/80/2M/E7E7E7E702,0.0,aborted,cf5 起飞前预检失败（电压或 EKF 对齐）,0.0,0.0,0.0,0,0.0,global_abort:cf5 起飞前预检失败（电压或 EKF 对齐）,,,,,
0.8303878149999946,1788684525.5250611,control,aborted,1,1,0.013097590999677777,4.122580528259277,4122.0,0,90.0,0.7666540929994881,4.122580528259277,1,1,0,1.0187793716120355,-0.31368303298950195,0.31574103236198425,0.040176406502723694,0.004581262357532978,0.01380397379398346,-0.015393209643661976,12.912692070007324,18.291088104248047,-18.260440826416016,1.1226015090942383,-1.0648243427276611,0.7578643560409546,-0.006486219866124084,-0.011625815276943929,-0.5953414444538875,-0.31368303298950195,0.31574103236198425,0.040176406502723694,-0.5953414444538875,0.0,0.0,0.0,0.0,0.0,0.0,0.08926842163114318,0.025502848759903177,-0.011287543728836601,0.0,0.0,0.0,-0.006486219866124084,-0.011625815276943929,-0.5953414444538875,0.0,0.0,0.0,0.0,0.0,0.0,zero,0.0,0.0,0.0,0.0,0.08926842163114318,0.025502848759903177,-0.011287543728836601,1.1564233471154766,0.5053268922111234,-0.31129612586120886,1,0.014481306076049805,,,,,,,,,,,,,,,,,,,,,,0.8303878149999946,4,radio://0/80/2M/E7E7E7E704,2.0943951023931953,aborted,cf5 起飞前预检失败（电压或 EKF 对齐）,0.0,0.0,0.0,0,0.0,global_abort:cf5 起飞前预检失败（电压或 EKF 对齐）,,,,,
0.8303878149999946,1788684525.5255256,control,aborted,1,1,0.01214883699958591,3.763636350631714,3763.0,0,10.0,0.7389325369995277,nan,1,0,1,1.0,-0.2866998314857483,-0.44406449794769287,0.03560352697968483,-0.06864592432975769,-0.05522143095731735,-0.010927457362413406,-83.87592315673828,-67.9018783569336,-11.766569137573242,0.16575099527835846,0.1104041188955307,-0.2843603193759918,-0.00362656981458927,-0.049997784458812776,0.9678302553705687,-0.2866998314857483,-0.44406449794769287,0.03560352697968483,0.9678302553705687,0.0,0.0,0.0,0.0,0.0,0.0,-0.07802447858746206,-0.07112849692056039,-0.005733339969096618,0.0,0.0,0.0,-0.00362656981458927,-0.049997784458812776,0.9678302553705687,0.0,0.0,0.0,0.0,0.0,0.0,zero,0.0,0.0,0.0,0.0,-0.07802447858746206,-0.07112849692056039,-0.005733339969096618,-1.6918844659453192,-1.482489116563206,-0.17349963750392197,1,0.014945745468139648,,,,,,,,,,,,,,,,,,,,,,0.8303878149999946,5,radio://0/80/2M/E7E7E7E705,4.1887902047863905,aborted,cf5 起飞前预检失败（电压或 EKF 对齐）,0.0,0.0,0.0,0,0.0,global_abort:cf5 起飞前预检失败（电压或 EKF 对齐）,,,,,
0.8446431290003602,1788684525.5388849,control,aborted,1,1,0.008262860999820987,4.170087814331055,4170.0,0,90.0,0.8113057459995616,4.170087814331055,1,1,0,1.0071730349577168,0.3747158348560333,0.0036660279147326946,0.04581133648753166,0.017128868028521538,0.08320511132478714,-0.009990270249545574,-7.08135986328125,151.86099243164062,-0.08835792541503906,-0.14336955547332764,-0.8780531883239746,-0.46242278814315796,-0.035082022899127235,0.002158282289231255,3.1246842949334086,0.3747158348560333,0.0036660279147326946,0.04581133648753166,3.1246842949334086,0.0,0.0,0.0,0.0,0.0,0.0,0.0325882501437284,0.0017709236380429663,-0.0029422824038089143,0.0,0.0,0.0,-0.035082022899127235,0.002158282289231255,3.1246842949334086,0.0,0.0,0.0,0.0,0.0,0.0,zero,0.0,0.0,0.0,0.0,0.0325882501437284,0.0017709236380429663,-0.0029422824038089143,369.27956760809036,-73.0666856328092,-278.25764630489556,1,0.00990438461303711,,,,,,,,,,,,,,,,,,,,,,0.8446431290003602,2,radio://0/80/2M/E7E7E7E702,0.0,aborted,cf5 起飞前预检失败（电压或 EKF 对齐）,0.0,0.0,0.0,0,0.0,global_abort:cf5 起飞前预检失败（电压或 EKF 对齐）,,,,,
0.8446431290003602,1788684525.5391634,control,aborted,1,1,0.008701779999682913,4.122580528259277,4122.0,0,90.0,0.7809094069998537,4.122580528259277,1,1,0,1.0187793716120355,-0.31366536021232605,0.31574809551239014,0.0402357317507267,-0.05285629257559776,-0.06411390006542206,-0.030390243977308273,-93.09571075439453,-122.75386047363281,-45.144474029541016,3.2021372318267822,0.46604275703430176,0.39018714427948,-0.005351208906656955,-0.010628884169995353,-0.5960975571615604,-0.31366536021232605,0.31574809551239014,0.0402357317507267,-0.5960975571615604,0.0,0.0,0.0,0.0,0.0,0.0,0.028062971114986332,0.01957632245322365,-0.01640874087622589,0.0,0.0,0.0,-0.005351208906656955,-0.010628884169995353,-0.5960975571615604,0.0,0.0,0.0,0.0,0.0,0.0,zero,0.0,0.0,0.0,0.0,0.028062971114986332,0.01957632245322365,-0.01640874087622589,-275.0924468056233,-26.639645596613803,-23.01734633786367,1,0.010182857513427734,,,,,,,,,,,,,,,,,,,,,,0.8446431290003602,4,radio://0/80/2M/E7E7E7E704,2.0943951023931953,aborted,cf5 起飞前预检失败（电压或 EKF 对齐）,0.0,0.0,0.0,0,0.0,global_abort:cf5 起飞前预检失败（电压或 EKF 对齐）,,,,,
0.8446431290003602,1788684525.5400712,control,aborted,1,1,0.008425990999967325,3.763636350631714,3763.0,0,10.0,0.7531878509998933,nan,1,0,1,1.0,-0.2866135835647583,-0.4440726339817047,0.035692695528268814,0.009708821773529053,-0.09646546840667725,0.09813956171274185,60.14469909667969,-136.75039672851562,181.7590789794922,-1.1782665252685547,-0.8031873106956482,-0.04026341438293457,-0.004100550118181285,-0.05014105864365538,0.9684366473464331,-0.2866135835647583,-0.4440726339817047,0.035692695528268814,0.9684366473464331,0.0,0.0,0.0,0.0,0.0,0.0,-0.08137887173765168,-0.0678593658701627,-0.0107338695478127,0.0,0.0,0.0,-0.004100550118181285,-0.05014105864365538,0.9684366473464331,0.0,0.0,0.0,0.0,0.0,0.0,zero,0.0,0.0,0.0,0.0,-0.08137887173765168,-0.0678593658701627,-0.0107338695478127,-15.072110821953123,14.693991840593217,-22.47188076764633,1,0.011090755462646484,,,,,,,,,,,,,,,,,,,,,,0.8446431290003602,5,radio://0/80/2M/E7E7E7E705,4.1887902047863905,aborted,cf5 起飞前预检失败（电压或 EKF 对齐）,0.0,0.0,0.0,0,0.0,global_abort:cf5 起飞前预检失败（电压或 EKF 对齐）,,,,,
0.859078812000007,1788684525.553315,control,aborted,1,1,0.01327080000010028,4.170087814331055,4170.0,0,90.0,0.8257414289992084,4.170087814331055,1,1,0,1.0071730349577168,0.3747052550315857,0.0036686905659735203,0.0458221398293972,0.01348888035863638,0.06661800295114517,-0.007773476652801037,-5.738788604736328,121.15294647216797,-0.025802001357078552,-0.11438729614019394,-0.696407675743103,-0.366138756275177,-0.03506638504503634,0.00246273690933373,3.124861380396966,0.3747052550315857,0.0036686905659735203,0.0458221398293972,3.124861380396966,0.0,0.0,0.0,0.0,0.0,0.0,0.05325804174932755,0.0053663250888967545,-0.020825571737329455,0.0,0.0,0.0,-0.03506638504503634,0.00246273690933373,3.124861380396966,0.0,0.0,0.0,0.0,0.0,0.0,zero,0.0,0.0,0.0,0.0,0.05325804174932755,0.0053663250888967545,-0.020825571737329455,2.092474165150872,0.3639748669367119,-1.810386946918868,1,0.01445627212524414,,,,,,,,,,,,,,,,,,,,,,0.859078812000007,2,radio://0/80/2M/E7E7E7E702,0.0,aborted,cf5 起飞前预检失败（电压或 EKF 对齐）,0.0,0.0,0.0,0,0.0,global_abort:cf5 起飞前预检失败（电压或 EKF 对齐）,,,,,
0.859078812000007,1788684525.5536273,control,aborted,1,1,0.013469881999299105,4.122580528259277,4122.0,0,90.0,0.7953450899995005,4.122580528259277,1,1,0,1.0187793716120355,-0.31368696689605713,0.3157724440097809,0.04026072844862938,-0.042722515761852264,-0.05079812556505203,-0.023806078359484673,-74.2713851928711,-97.93347930908203,-35.982269287109375,2.541311740875244,0.3797890245914459,0.31581369042396545,-0.006360527337128318,-0.01028433823827413,-0.5959186492397902,-0.31368696689605713,0.3157724440097809,0.04026072844862938,-0.5959186492397902,0.0,0.0,0.0,0.0,0.0,0.0,0.0023741506905201396,0.009180219602090213,-0.018881297245896614,0.0,0.0,0.0,-0.006360527337128318,-0.01028433823827413,-0.5959186492397902,0.0,0.0,0.0,0.0,0.0,0.0,zero,0.0,0.0,0.0,0.0,0.0023741506905201396,0.009180219602090213,-0.018881297245896614,-2.6005677317440687,-1.052433282798812,-0.250305393694135,1,0.014768600463867188,,,,,,,,,,,,,,,,,,,,,,0.859078812000007,4,radio://0/80/2M/E7E7E7E704,2.0943951023931953,aborted,cf5 起飞前预检失败（电压或 EKF 对齐）,0.0,0.0,0.0,0,0.0,global_abort:cf5 起飞前预检失败（电压或 EKF 对齐）,,,,,
0.859078812000007,1788684525.5538568,control,aborted,1,1,0.013637183999890112,3.763636350631714,3763.0,0,10.0,0.7676235339995401,nan,1,0,1,1.0,-0.28664958477020264,-0.44405868649482727,0.03562679514288902,0.0070381262339651585,-0.07688997685909271,0.07717733830213547,48.06168746948242,-109.00396728515625,144.98284912109375,-0.9287464022636414,-0.6226909160614014,-0.030515123158693314,-0.003419661743705855,-0.04915993923502818,0.9685168441370001,-0.28664958477020264,-0.44405868649482727,0.03562679514288902,0.9685168441370001,0.0,0.0,0.0,0.0,0.0,0.0,-0.0716274598206923,-0.06849085044857786,-0.0010574588384612074,0.0,0.0,0.0,-0.003419661743705855,-0.04915993923502818,0.9685168441370001,0.0,0.0,0.0,0.0,0.0,0.0,zero,0.0,0.0,0.0,0.0,-0.0716274598206923,-0.06849085044857786,-0.0010574588384612074,0.9871690000229392,-0.0639273579162251,0.9795763695664174,1,0.014998197555541992,,,,,,,,,,,,,,,,,,,,,,0.859078812000007,5,radio://0/80/2M/E7E7E7E705,4.1887902047863905,aborted,cf5 起飞前预检失败（电压或 EKF 对齐）,0.0,0.0,0.0,0,0.0,global_abort:cf5 起飞前预检失败（电压或 EKF 对齐）,,,,,
0.8732059570002093,1788684525.567426,control,aborted,1,1,0.008181934999811347,4.170087814331055,4170.0,0,90.0,0.8398685739994107,4.170087814331055,1,1,0,1.0071730349577168,0.37473028898239136,0.0036165229976177216,0.045825667679309845,-0.0009519373998045921,0.017320169135928154,-0.03753234073519707,-14.866164207458496,44.45673751831055,-29.27098846435547,-0.6477242708206177,-0.7339851260185242,0.0663667768239975,-0.03526968803365768,0.0024018466687914276,3.1249742560593594,0.37473028898239136,0.0036165229976177216,0.045825667679309845,3.1249742560593594,0.0,0.0,0.0,0.0,0.0,0.0,0.02976206748537042,0.0638158459488015,-0.019695396940651255,0.0,0.0,0.0,-0.03526968803365768,0.0024018466687914276,3.1249742560593594,0.0,0.0,0.0,0.0,0.0,0.0,zero,0.0,0.0,0.0,0.0,0.02976206748537042,0.0638158459488015,-0.019695396940651255,-53.84901299099645,133.9425516220697,2.5911117672956854,1,0.008677005767822266,,,,,,,,,,,,,,,,,,,,,,0.8732059570002093,2,radio://0/80/2M/E7E7E7E702,0.0,aborted,cf5 起飞前预检失败（电压或 EKF 对齐）,0.0,0.0,0.0,0,0.0,global_abort:cf5 起飞前预检失败（电压或 EKF 对齐）,,,,,
0.8732059570002093,1788684525.5676963,control,aborted,1,1,0.007867874000112351,4.122580528259277,4122.0,0,90.0,0.8094722349997028,4.122580528259277,1,1,0,1.0187793716120355,-0.31370794773101807,0.31576526165008545,0.040249720215797424,-0.042454686015844345,-0.04145785793662071,-0.05559355765581131,-55.06049346923828,-63.37465286254883,-57.03208923339844,1.7374370098114014,0.9191970825195312,0.9275409579277039,-0.00669459422944234,-0.0117854152412596,-0.5948979330803107,-0.31370794773101807,0.31576526165008545,0.040249720215797424,-0.5948979330803107,0.0,0.0,0.0,0.0,0.0,0.0,-0.054266535506814706,-0.05219605941220756,-0.02516594579219602,0.0,0.0,0.0,-0.00669459422944234,-0.0117854152412596,-0.5948979330803107,0.0,0.0,0.0,0.0,0.0,0.0,zero,0.0,0.0,0.0,0.0,-0.054266535506814706,-0.05219605941220756,-0.02516594579219602,-129.7974263780636,-140.65123238810753,-14.403075031096607,1,0.008947372436523438,,,,,,,,,,,,,,,,,,,,,,0.8732059570002093,4,radio://0/80/2M/E7E7E7E704,2.0943951023931953,aborted,cf5 起飞前预检失败（电压或 EKF 对齐）,0.0,0.0,0.0,0,0.0,global_abort:cf5 起飞前预检失败（电压或 EKF 对齐）,,,,,
0.8732059570002093,1788684525.5679233,control,aborted,1,1,0.007582917000036105,3.763636350631714,3763.0,0,10.0,0.7817506789997424,nan,1,0,1,1.0,-0.2866465747356415,-0.444019615650177,0.035661473870277405,0.024950945749878883,-0.0449928343296051,0.0364857092499733,48.760807037353516,-54.713722229003906,68.89493560791016,-0.17834672331809998,-0.21042749285697937,-0.2670319378376007,-0.0039164005170769295,-0.04977294145465952,0.9684003874253068,-0.2866465747356415,-0.444019615650177,0.035661473870277405,0.9684003874253068,0.0,0.0,0.0,0.0,0.0,0.0,0.005867390616380017,-0.07736594545425787,0.07712530240439187,0.0,0.0,0.0,-0.0039164005170769295,-0.04977294145465952,0.9684003874253068,0.0,0.0,0.0,0.0,0.0,0.0,zero,0.0,0.0,0.0,0.0,0.005867390616380017,-0.07736594545425787,0.07712530240439187,177.59225758577327,-20.335210351324516,179.1640066848681,1,0.009174346923828125,,,,,,,,,,,,,,,,,,,,,,0.8732059570002093,5,radio://0/80/2M/E7E7E7E705,4.1887902047863905,aborted,cf5 起飞前预检失败（电压或 EKF 对齐）,0.0,0.0,0.0,0,0.0,global_abort:cf5 起飞前预检失败（电压或 EKF 对齐）,,,,,
0.8874853940005778,1788684525.5816975,control,aborted,1,1,0.022461372000179836,4.170087814331055,4170.0,0,90.0,0.8541480109997792,4.170087814331055,1,1,0,1.0071730349577168,0.37473028898239136,0.0036165229976177216,0.045825667679309845,-0.0009519373998045921,0.017320169135928154,-0.03753234073519707,-14.866164207458496,44.45673751831055,-29.27098846435547,-0.6477242708206177,-0.7339851260185242,0.0663667768239975,-0.03526968803365768,0.0024018466687914276,3.1249742560593594,0.37473028898239136,0.0036165229976177216,0.045825667679309845,3.1249742560593594,0.0,0.0,0.0,0.0,0.0,0.0,0.02976206748537042,0.0638158459488015,-0.019695396940651255,0.0,0.0,0.0,-0.03526968803365768,0.0024018466687914276,3.1249742560593594,0.0,0.0,0.0,0.0,0.0,0.0,zero,0.0,0.0,0.0,0.0,0.02976206748537042,0.0638158459488015,-0.019695396940651255,-53.84901299099645,133.9425516220697,2.5911117672956854,1,0.022948503494262695,,,,,,,,,,,,,,,,,,,,,,0.8874853940005778,2,radio://0/80/2M/E7E7E7E702,0.0,aborted,cf5 起飞前预检失败（电压或 EKF 对齐）,0.0,0.0,0.0,0,0.0,global_abort:cf5 起飞前预检失败（电压或 EKF 对齐）,,,,,
0.8874853940005778,1788684525.581953,control,aborted,1,1,0.02214731100048084,4.122580528259277,4122.0,0,90.0,0.8237516720000713,4.122580528259277,1,1,0,1.0187793716120355,-0.31370794773101807,0.31576526165008545,0.040249720215797424,-0.042454686015844345,-0.04145785793662071,-0.05559355765581131,-55.06049346923828,-63.37465286254883,-57.03208923339844,1.7374370098114014,0.9191970825195312,0.9275409579277039,-0.00669459422944234,-0.0117854152412596,-0.5948979330803107,-0.31370794773101807,0.31576526165008545,0.040249720215797424,-0.5948979330803107,0.0,0.0,0.0,0.0,0.0,0.0,-0.054266535506814706,-0.05219605941220756,-0.02516594579219602,0.0,0.0,0.0,-0.00669459422944234,-0.0117854152412596,-0.5948979330803107,0.0,0.0,0.0,0.0,0.0,0.0,zero,0.0,0.0,0.0,0.0,-0.054266535506814706,-0.05219605941220756,-0.02516594579219602,-129.7974263780636,-140.65123238810753,-14.403075031096607,1,0.02320408821105957,,,,,,,,,,,,,,,,,,,,,,0.8874853940005778,4,radio://0/80/2M/E7E7E7E704,2.0943951023931953,aborted,cf5 起飞前预检失败（电压或 EKF 对齐）,0.0,0.0,0.0,0,0.0,global_abort:cf5 起飞前预检失败（电压或 EKF 对齐）,,,,,
0.8874853940005778,1788684525.5821881,control,aborted,1,1,0.021862354000404594,3.763636350631714,3763.0,0,10.0,0.7960301160001109,nan,1,0,1,1.0,-0.2866465747356415,-0.444019615650177,0.035661473870277405,0.024950945749878883,-0.0449928343296051,0.0364857092499733,48.760807037353516,-54.713722229003906,68.89493560791016,-0.17834672331809998,-0.21042749285697937,-0.2670319378376007,-0.0039164005170769295,-0.04977294145465952,0.9684003874253068,-0.2866465747356415,-0.444019615650177,0.035661473870277405,0.9684003874253068,0.0,0.0,0.0,0.0,0.0,0.0,0.005867390616380017,-0.07736594545425787,0.07712530240439187,0.0,0.0,0.0,-0.0039164005170769295,-0.04977294145465952,0.9684003874253068,0.0,0.0,0.0,0.0,0.0,0.0,zero,0.0,0.0,0.0,0.0,0.005867390616380017,-0.07736594545425787,0.07712530240439187,177.59225758577327,-20.335210351324516,179.1640066848681,1,0.02343916893005371,,,,,,,,,,,,,,,,,,,,,,0.8874853940005778,5,radio://0/80/2M/E7E7E7E705,4.1887902047863905,aborted,cf5 起飞前预检失败（电压或 EKF 对齐）,0.0,0.0,0.0,0,0.0,global_abort:cf5 起飞前预检失败（电压或 EKF 对齐）,,,,,
0.9017664060002062,1788684525.595965,control,aborted,1,1,0.0042051149994222214,4.170087814331055,4170.0,0,90.0,0.8684290229994076,4.170087814331055,1,1,0,1.0071730349577168,0.37476417422294617,0.003635234432294965,0.04585820809006691,0.0013637146912515163,0.011440552771091461,-0.022578315809369087,-9.420615196228027,28.328624725341797,-18.379131317138672,-0.3986286520957947,-0.45014625787734985,0.02943851612508297,-0.03404575710225361,0.002459538381473496,3.1242519142401455,0.37476417422294617,0.003635234432294965,0.04585820809006691,3.1242519142401455,0.0,0.0,0.0,0.0,0.0,0.0,-0.012744041431953934,0.020010981487425063,-0.030749558981204725,0.0,0.0,0.0,-0.03404575710225361,0.002459538381473496,3.1242519142401455,0.0,0.0,0.0,0.0,0.0,0.0,zero,0.0,0.0,0.0,0.0,-0.012744041431953934,0.020010981487425063,-0.030749558981204725,-3.8015692020600045,-4.00583664516766,-1.0005837085163625,1,0.004603385925292969,,,,,,,,,,,,,,,,,,,,,,0.9017664060002062,2,radio://0/80/2M/E7E7E7E702,0.0,aborted,cf5 起飞前预检失败（电压或 EKF 对齐）,0.0,0.0,0.0,0,0.0,global_abort:cf5 起飞前预检失败（电压或 EKF 对齐）,,,,,
0.9017664060002062,1788684525.5962563,control,aborted,1,1,0.003686547999677714,4.122580528259277,4122.0,0,90.0,0.8380326839996997,4.122580528259277,1,1,0,1.0187793716120355,-0.31371304392814636,0.31579098105430603,0.0402490608394146,-0.027204599231481552,-0.024989431723952293,-0.0360281839966774,-34.90678405761719,-40.167781829833984,-36.08744430541992,1.1164348125457764,0.6139565110206604,0.5977515578269958,-0.007014392574669593,-0.0111776922038705,-0.5958439261231757,-0.31371304392814636,0.31579098105430603,0.0402490608394146,-0.5958439261231757,0.0,0.0,0.0,0.0,0.0,0.0,-0.041573896840331755,-0.04437230130120331,-0.05184773301032716,0.0,0.0,0.0,-0.007014392574669593,-0.0111776922038705,-0.5958439261231757,0.0,0.0,0.0,0.0,0.0,0.0,zero,0.0,0.0,0.0,0.0,-0.041573896840331755,-0.04437230130120331,-0.05184773301032716,1.1865374371646757,0.7631362191268565,-2.391238730411617,1,0.004894733428955078,,,,,,,,,,,,,,,,,,,,,,0.9017664060002062,4,radio://0/80/2M/E7E7E7E704,2.0943951023931953,aborted,cf5 起飞前预检失败（电压或 EKF 对齐）,0.0,0.0,0.0,0,0.0,global_abort:cf5 起飞前预检失败（电压或 EKF 对齐）,,,,,
0.9017664060002062,1788684525.5964913,control,aborted,1,1,0.003961716000048909,3.763636350631714,3763.0,0,10.0,0.8103111279997393,nan,1,0,1,1.0,-0.28667402267456055,-0.4440701901912689,0.03563830628991127,0.013421077281236649,-0.030756188556551933,0.023676425218582153,30.89546775817871,-34.745567321777344,43.83025360107422,-0.12077368050813675,-0.17171481251716614,-0.16393525898456573,-0.003970453916641611,-0.05014371797085252,0.968542518754833,-0.28667402267456055,-0.4440701901912689,0.03563830628991127,0.968542518754833,0.0,0.0,0.0,0.0,0.0,0.0,0.03718150969762749,-0.03605169760556824,0.03989169741773409,0.0,0.0,0.0,-0.003970453916641611,-0.05014371797085252,0.968542518754833,0.0,0.0,0.0,0.0,0.0,0.0,zero,0.0,0.0,0.0,0.0,0.03718150969762749,-0.03605169760556824,0.03989169741773409,2.7612497519794243,3.7477513026914036,-3.4305026311568887,1,0.005129814147949219,,,,,,,,,,,,,,,,,,,,,,0.9017664060002062,5,radio://0/80/2M/E7E7E7E705,4.1887902047863905,aborted,cf5 起飞前预检失败（电压或 EKF 对齐）,0.0,0.0,0.0,0,0.0,global_abort:cf5 起飞前预检失败（电压或 EKF 对齐）,,,,,
0.9160800520003249,1788684525.6103218,control,aborted,1,1,0.012413602000378887,4.170087814331055,4170.0,0,90.0,0.8827426689995264,4.170087814331055,1,1,0,1.0071730349577168,0.37472712993621826,0.0036867824383080006,0.04584025591611862,-0.0006041765445843339,0.011511281132698059,-0.018884144723415375,-7.626543045043945,22.6661376953125,-14.534259796142578,-0.37102773785591125,-0.38346341252326965,0.012010712176561356,-0.03518535870641523,0.0019409245559901935,3.1240175345229204,0.37472712993621826,0.0036867824383080006,0.04584025591611862,3.1240175345229204,0.0,0.0,0.0,0.0,0.0,0.0,-0.02621491468421097,0.005112471461036754,-0.03417205627133494,0.0,0.0,0.0,-0.03518535870641523,0.0019409245559901935,3.1240175345229204,0.0,0.0,0.0,0.0,0.0,0.0,zero,0.0,0.0,0.0,0.0,-0.02621491468421097,0.005112471461036754,-0.03417205627133494,-3.0820934740036385,-3.4087322822234665,-0.7830566263354964,1,0.014589548110961914,,,,,,,,,,,,,,,,,,,,,,0.9160800520003249,2,radio://0/80/2M/E7E7E7E702,0.0,aborted,cf5 起飞前预检失败（电压或 EKF 对齐）,0.0,0.0,0.0,0,0.0,global_abort:cf5 起飞前预检失败（电压或 EKF 对齐）,,,,,
0.9160800520003249,1788684525.6106176,control,aborted,1,1,0.013377391999711108,4.122580528259277,4122.0,0,90.0,0.8523463299998184,4.122580528259277,1,1,0,1.0187793716120355,-0.3136659264564514,0.3157258629798889,0.04020193591713905,-0.019607583060860634,-0.022971350699663162,-0.030978985130786896,-27.577789306640625,-32.0418815612793,-28.63890266418457,0.9147804379463196,0.5159651637077332,0.48658287525177,-0.006543612396089216,-0.010634507757288919,-0.5956643853524424,-0.3136659264564514,0.3157258629798889,0.04020193591713905,-0.5956643853524424,0.0,0.0,0.0,0.0,0.0,0.0,-0.03676426858684259,-0.041004719216391705,-0.06010109545898392,0.0,0.0,0.0,-0.006543612396089216,-0.010634507757288919,-0.5956643853524424,0.0,0.0,0.0,0.0,0.0,0.0,zero,0.0,0.0,0.0,0.0,-0.03676426858684259,-0.041004719216391705,-0.06010109545898392,1.100427832321766,0.7704921999047374,-1.8883433958024676,1,0.014885425567626953,,,,,,,,,,,,,,,,,,,,,,0.9160800520003249,4,radio://0/80/2M/E7E7E7E704,2.0943951023931953,aborted,cf5 起飞前预检失败（电压或 EKF 对齐）,0.0,0.0,0.0,0,0.0,global_abort:cf5 起飞前预检失败（电压或 EKF 对齐）,,,,,
0.9160800520003249,1788684525.6108427,control,aborted,1,1,0.013169916000151716,3.763636350631714,3763.0,0,10.0,0.824624773999858,nan,1,0,1,1.0,-0.2866562306880951,-0.4440629780292511,0.03568480536341667,0.0115510243922472,-0.024274922907352448,0.021068939939141273,24.630802154541016,-27.49987030029297,34.94488525390625,-0.11874929070472717,-0.09707832336425781,-0.13414573669433594,-0.004450624286090813,-0.04926345811045405,0.9684731745244418,-0.2866562306880951,-0.4440629780292511,0.03568480536341667,0.9684731745244418,0.0,0.0,0.0,0.0,0.0,0.0,0.04654281042373,-0.022172061010727807,0.026848509374243906,0.0,0.0,0.0,-0.004450624286090813,-0.04926345811045405,0.9684731745244418,0.0,0.0,0.0,0.0,0.0,0.0,zero,0.0,0.0,0.0,0.0,0.04654281042373,-0.022172061010727807,0.026848509374243906,2.141836192488253,3.1756172424332103,-2.984240442044678,1,0.015110492706298828,,,,,,,,,,,,,,,,,,,,,,0.9160800520003249,5,radio://0/80/2M/E7E7E7E705,4.1887902047863905,aborted,cf5 起飞前预检失败（电压或 EKF 对齐）,0.0,0.0,0.0,0,0.0,global_abort:cf5 起飞前预检失败（电压或 EKF 对齐）,,,,,
0.9304553470001338,1788684525.62466,control,aborted,1,1,0.0003339400000186288,4.170087814331055,4170.0,0,90.0,0.8971179639993352,4.170087814331055,1,1,0,1.0071730349577168,0.374759316444397,0.0036656130105257034,0.045830752700567245,0.0033503491431474686,0.009311485104262829,-0.00846258457750082,-3.5168497562408447,11.801876068115234,-7.029408931732178,-0.19202835857868195,-0.15553322434425354,0.015452476218342781,-0.034570377062579295,0.002477885783096226,3.124723049062448,0.374759316444397,0.0036656130105257034,0.045830752700567245,3.124723049062448,0.0,0.0,0.0,0.0,0.0,0.0,-0.010924415525329925,0.00013723604861488252,-0.021668846680447943,0.0,0.0,0.0,-0.034570377062579295,0.002477885783096226,3.124723049062448,0.0,0.0,0.0,0.0,0.0,0.0,zero,0.0,0.0,0.0,0.0,-0.010924415525329925,0.00013723604861488252,-0.021668846680447943,2.305470416882379,-0.45169660117045307,1.8352669077559296,1,0.0013148784637451172,,,,,,,,,,,,,,,,,,,,,,0.9304553470001338,2,radio://0/80/2M/E7E7E7E702,0.0,aborted,cf5 起飞前预检失败（电压或 EKF 对齐）,0.0,0.0,0.0,0,0.0,global_abort:cf5 起飞前预检失败（电压或 EKF 对齐）,,,,,
0.9304553470001338,1788684525.624875,control,aborted,1,1,0.0006210209994605975,4.122580528259277,4122.0,0,90.0,0.8667216249996272,4.122580528259277,1,1,0,1.0187793716120355,-0.3137025833129883,0.31578946113586426,0.04019024595618248,-0.012707647867500782,-0.008025413379073143,-0.015469233505427837,-13.977239608764648,-15.70412540435791,-14.110673904418945,0.5637549161911011,0.22854457795619965,0.20520131289958954,-0.006021047775222774,-0.011185550184493409,-0.5963954741996783,-0.3137025833129883,0.31578946113586426,0.04019024595618248,-0.5963954741996783,0.0,0.0,0.0,0.0,0.0,0.0,-0.017541235528740602,-0.020639579478259656,-0.03724074832470282,0.0,0.0,0.0,-0.006021047775222774,-0.011185550184493409,-0.5963954741996783,0.0,0.0,0.0,0.0,0.0,0.0,zero,0.0,0.0,0.0,0.0,-0.017541235528740602,-0.020639579478259656,-0.03724074832470282,2.6164562819418387,2.792220257280906,3.3699281256290434,1,0.0015299320220947266,,,,,,,,,,,,,,,,,,,,,,0.9304553470001338,4,radio://0/80/2M/E7E7E7E704,2.0943951023931953,aborted,cf5 起飞前预检失败（电压或 EKF 对齐）,0.0,0.0,0.0,0,0.0,global_abort:cf5 起飞前预检失败（电压或 EKF 对齐）,,,,,
0.9304553470001338,1788684525.6250107,control,aborted,1,1,0.0009494569994785707,3.763636350631714,3763.0,0,10.0,0.8390000689996668,nan,1,0,1,1.0,-0.2866794168949127,-0.44404393434524536,0.035631466656923294,0.0010958188213407993,-0.01108104269951582,0.00892957579344511,11.861088752746582,-13.520424842834473,17.39624786376953,-0.01419568806886673,-0.17811578512191772,-0.047603972256183624,-0.003714447404692924,-0.04943447529832344,0.968547423183299,-0.2866794168949127,-0.44404393434524536,0.035631466656923294,0.968547423183299,0.0,0.0,0.0,0.0,0.0,0.0,0.019729726338590124,-0.01427868474701879,0.011656409962989795,0.0,0.0,0.0,-0.003714447404692924,-0.04943447529832344,0.968547423183299,0.0,0.0,0.0,0.0,0.0,0.0,zero,0.0,0.0,0.0,0.0,0.019729726338590124,-0.01427868474701879,0.011656409962989795,-3.845879900616401,0.9348857470761371,-1.9151940501343085,1,0.0016655921936035156,,,,,,,,,,,,,,,,,,,,,,0.9304553470001338,5,radio://0/80/2M/E7E7E7E705,4.1887902047863905,aborted,cf5 起飞前预检失败（电压或 EKF 对齐）,0.0,0.0,0.0,0,0.0,global_abort:cf5 起飞前预检失败（电压或 EKF 对齐）,,,,,
0.9454385970002477,1788684525.6396515,control,aborted,1,1,0.0006715979998261901,4.170087814331055,4170.0,0,90.0,0.9121012139994491,4.170087814331055,1,1,0,1.0071730349577168,0.37470823526382446,0.0036554860416799784,0.0458151139318943,0.0007441799389198422,0.005872663110494614,-0.005824869032949209,-2.3237738609313965,7.469587326049805,-4.432009220123291,-0.15388178825378418,-0.11112701892852783,0.01960301399230957,-0.0355664252113828,0.0017737781460417435,3.1249332403868784,0.37470823526382446,0.0036554860416799784,0.0458151139318943,3.1249332403868784,0.0,0.0,0.0,0.0,0.0,0.0,-0.0035377306724347097,0.0008088810735207969,-0.014984362223433103,0.0,0.0,0.0,-0.0355664252113828,0.0017737781460417435,3.1249332403868784,0.0,0.0,0.0,0.0,0.0,0.0,zero,0.0,0.0,0.0,0.0,-0.0035377306724347097,0.0008088810735207969,-0.014984362223433103,0.34718812174181113,0.09772244644128399,0.3462886971963859,1,0.0012173652648925781,,,,,,,,,,,,,,,,,,,,,,0.9454385970002477,2,radio://0/80/2M/E7E7E7E702,0.0,aborted,cf5 起飞前预检失败（电压或 EKF 对齐）,0.0,0.0,0.0,0,0.0,global_abort:cf5 起飞前预检失败（电压或 EKF 对齐）,,,,,
0.9454385970002477,1788684525.6398919,control,aborted,1,1,0.00034127799972338835,4.122580528259277,4122.0,0,90.0,0.8817048749997412,4.122580528259277,1,1,0,1.0187793716120355,-0.31369662284851074,0.31573325395584106,0.04024119675159454,-0.007911721244454384,-0.006572131533175707,-0.008424424566328526,-8.819321632385254,-10.016251564025879,-8.840934753417969,0.3447626829147339,0.1555747240781784,0.15114039182662964,-0.006793904921243081,-0.010683960215761628,-0.5958836840444031,-0.31369662284851074,0.31573325395584106,0.04024119675159454,-0.5958836840444031,0.0,0.0,0.0,0.0,0.0,0.0,-0.010710986652143087,-0.012255739025813369,-0.025170531800307594,0.0,0.0,0.0,-0.006793904921243081,-0.010683960215761628,-0.5958836840444031,0.0,0.0,0.0,0.0,0.0,0.0,zero,0.0,0.0,0.0,0.0,-0.010710986652143087,-0.012255739025813369,-0.025170531800307594,0.2787307864485338,0.38312515082695825,0.6220515952202588,1,0.0014576911926269531,,,,,,,,,,,,,,,,,,,,,,0.9454385970002477,4,radio://0/80/2M/E7E7E7E704,2.0943951023931953,aborted,cf5 起飞前预检失败（电压或 EKF 对齐）,0.0,0.0,0.0,0,0.0,global_abort:cf5 起飞前预检失败（电压或 EKF 对齐）,,,,,
0.9454385970002477,1788684525.6400948,control,aborted,1,1,0.00011349200030963402,3.763636350631714,3763.0,0,10.0,0.8539833189997807,nan,1,0,1,1.0,-0.2866773307323456,-0.44399911165237427,0.03560496121644974,0.0007117091445252299,-0.006219510454684496,0.005310485139489174,7.579931735992432,-8.534157752990723,11.04769229888916,-0.021202966570854187,-0.12287988513708115,-0.023251960054039955,-0.004212260189939391,-0.049376823662898556,0.9688852385908091,-0.2866773307323456,-0.44399911165237427,0.03560496121644974,0.9688852385908091,0.0,0.0,0.0,0.0,0.0,0.0,0.007992989703075418,-0.011412540427030467,0.006956537558755741,0.0,0.0,0.0,-0.004212260189939391,-0.049376823662898556,0.9688852385908091,0.0,0.0,0.0,0.0,0.0,0.0,zero,0.0,0.0,0.0,0.0,0.007992989703075418,-0.011412540427030467,0.006956537558755741,-0.5404028078686948,0.1402552798573831,-0.18248623916843135,1,0.0016605854034423828,,,,,,,,,,,,,,,,,,,,,,0.9454385970002477,5,radio://0/80/2M/E7E7E7E705,4.1887902047863905,aborted,cf5 起飞前预检失败（电压或 EKF 对齐）,0.0,0.0,0.0,0,0.0,global_abort:cf5 起飞前预检失败（电压或 EKF 对齐）,,,,,
0.9589531120000174,1788684525.653175,control,aborted,1,1,0.003987184999459714,4.170087814331055,4170.0,0,90.0,0.9256157289992188,4.170087814331055,1,1,0,1.0071730349577168,0.3747187852859497,0.0036690463311970234,0.04580163583159447,0.0008011411991901696,0.00496264873072505,-0.004922810010612011,-1.857908010482788,5.957918167114258,-3.5280110836029053,-0.09694941341876984,-0.06626535952091217,0.01407752837985754,-0.03422584555823188,0.0029306296120419147,3.1248105300028177,0.3747187852859497,0.0036690463311970234,0.04580163583159447,3.1248105300028177,0.0,0.0,0.0,0.0,0.0,0.0,-0.001070241599246834,0.002130630305698936,-0.011813687375834174,0.0,0.0,0.0,-0.03422584555823188,0.0029306296120419147,3.1248105300028177,0.0,0.0,0.0,0.0,0.0,0.0,zero,0.0,0.0,0.0,0.0,-0.001070241599246834,0.002130630305698936,-0.011813687375834174,0.24062774446938387,0.12889602630833985,0.30920191109006223,1,0.004486560821533203,,,,,,,,,,,,,,,,,,,,,,0.9589531120000174,2,radio://0/80/2M/E7E7E7E702,0.0,aborted,cf5 起飞前预检失败（电压或 EKF 对齐）,0.0,0.0,0.0,0,0.0,global_abort:cf5 起飞前预检失败（电压或 EKF 对齐）,,,,,
0.9589531120000174,1788684525.6534257,control,aborted,1,1,0.003508949999741162,4.122580528259277,4122.0,0,90.0,0.8952193899995109,4.122580528259277,1,1,0,1.0187793716120355,-0.31369784474372864,0.31575343012809753,0.04024811089038849,-0.006353212520480156,-0.00486413249745965,-0.006604666821658611,-7.025055885314941,-7.979683876037598,-7.03725004196167,0.2814047932624817,0.11099117994308472,0.1220831498503685,-0.006507813029214055,-0.01137400300617358,-0.5958190756191761,-0.31369784474372864,0.31575343012809753,0.04024811089038849,-0.5958190756191761,0.0,0.0,0.0,0.0,0.0,0.0,-0.008857567654657963,-0.00938328081095655,-0.019419530533727556,0.0,0.0,0.0,-0.006507813029214055,-0.01137400300617358,-0.5958190756191761,0.0,0.0,0.0,0.0,0.0,0.0,zero,0.0,0.0,0.0,0.0,-0.008857567654657963,-0.00938328081095655,-0.019419530533727556,0.1807440761410798,0.28012004139518293,0.5608334716675591,1,0.004737138748168945,,,,,,,,,,,,,,,,,,,,,,0.9589531120000174,4,radio://0/80/2M/E7E7E7E704,2.0943951023931953,aborted,cf5 起飞前预检失败（电压或 EKF 对齐）,0.0,0.0,0.0,0,0.0,global_abort:cf5 起飞前预检失败（电压或 EKF 对齐）,,,,,
0.9589531120000174,1788684525.6536348,control,aborted,1,1,0.003710519999913231,3.763636350631714,3763.0,0,10.0,0.8674978339995505,nan,1,0,1,1.0,-0.2866154611110687,-0.44400790333747864,0.03566218540072441,0.0017762462375685573,-0.005147106479853392,0.005364649463444948,6.084711074829102,-6.8064069747924805,8.839210510253906,-0.017710786312818527,-0.12976370751857758,-0.014816991984844208,-0.004260716484625156,-0.05098874692341309,0.9690863136503715,-0.2866154611110687,-0.44400790333747864,0.03566218540072441,0.9690863136503715,0.0,0.0,0.0,0.0,0.0,0.0,0.004135705340317742,-0.009962773817077676,0.00585723215696997,0.0,0.0,0.0,-0.004260716484625156,-0.05098874692341309,0.9690863136503715,0.0,0.0,0.0,0.0,0.0,0.0,zero,0.0,0.0,0.0,0.0,0.004135705340317742,-0.009962773817077676,0.00585723215696997,-0.37615957293308466,0.14138018812349296,-0.1072034653320545,1,0.004946231842041016,,,,,,,,,,,,,,,,,,,,,,0.9589531120000174,5,radio://0/80/2M/E7E7E7E705,4.1887902047863905,aborted,cf5 起飞前预检失败（电压或 EKF 对齐）,0.0,0.0,0.0,0,0.0,global_abort:cf5 起飞前预检失败（电压或 EKF 对齐）,,,,,
0.9732793190005395,1788684525.6674874,control,aborted,1,1,0.018313391999981832,4.170087814331055,4170.0,0,90.0,0.939941935999741,4.170087814331055,1,1,0,1.0071730349577168,0.3747187852859497,0.0036690463311970234,0.04580163583159447,0.0008011411991901696,0.00496264873072505,-0.004922810010612011,-1.857908010482788,5.957918167114258,-3.5280110836029053,-0.09694941341876984,-0.06626535952091217,0.01407752837985754,-0.03422584555823188,0.0029306296120419147,3.1248105300028177,0.3747187852859497,0.0036690463311970234,0.04580163583159447,3.1248105300028177,0.0,0.0,0.0,0.0,0.0,0.0,-0.001070241599246834,0.002130630305698936,-0.011813687375834174,0.0,0.0,0.0,-0.03422584555823188,0.0029306296120419147,3.1248105300028177,0.0,0.0,0.0,0.0,0.0,0.0,zero,0.0,0.0,0.0,0.0,-0.001070241599246834,0.002130630305698936,-0.011813687375834174,0.24062774446938387,0.12889602630833985,0.30920191109006223,1,0.018798828125,,,,,,,,,,,,,,,,,,,,,,0.9732793190005395,2,radio://0/80/2M/E7E7E7E702,0.0,aborted,cf5 起飞前预检失败（电压或 EKF 对齐）,0.0,0.0,0.0,0,0.0,global_abort:cf5 起飞前预检失败（电压或 EKF 对齐）,,,,,
0.9732793190005395,1788684525.6677263,control,aborted,1,1,0.01783515700026328,4.122580528259277,4122.0,0,90.0,0.909545597000033,4.122580528259277,1,1,0,1.0187793716120355,-0.31369784474372864,0.31575343012809753,0.04024811089038849,-0.006353212520480156,-0.00486413249745965,-0.006604666821658611,-7.025055885314941,-7.979683876037598,-7.03725004196167,0.2814047932624817,0.11099117994308472,0.1220831498503685,-0.006507813029214055,-0.01137400300617358,-0.5958190756191761,-0.31369784474372864,0.31575343012809753,0.04024811089038849,-0.5958190756191761,0.0,0.0,0.0,0.0,0.0,0.0,-0.008857567654657963,-0.00938328081095655,-0.019419530533727556,0.0,0.0,0.0,-0.006507813029214055,-0.01137400300617358,-0.5958190756191761,0.0,0.0,0.0,0.0,0.0,0.0,zero,0.0,0.0,0.0,0.0,-0.008857567654657963,-0.00938328081095655,-0.019419530533727556,0.1807440761410798,0.28012004139518293,0.5608334716675591,1,0.019037723541259766,,,,,,,,,,,,,,,,,,,,,,0.9732793190005395,4,radio://0/80/2M/E7E7E7E704,2.0943951023931953,aborted,cf5 起飞前预检失败（电压或 EKF 对齐）,0.0,0.0,0.0,0,0.0,global_abort:cf5 起飞前预检失败（电压或 EKF 对齐）,,,,,
0.9732793190005395,1788684525.66793,control,aborted,1,1,0.01803672700043535,3.763636350631714,3763.0,0,10.0,0.8818240410000726,nan,1,0,1,1.0,-0.2866154611110687,-0.44400790333747864,0.03566218540072441,0.0017762462375685573,-0.005147106479853392,0.005364649463444948,6.084711074829102,-6.8064069747924805,8.839210510253906,-0.017710786312818527,-0.12976370751857758,-0.014816991984844208,-0.004260716484625156,-0.05098874692341309,0.9690863136503715,-0.2866154611110687,-0.44400790333747864,0.03566218540072441,0.9690863136503715,0.0,0.0,0.0,0.0,0.0,0.0,0.004135705340317742,-0.009962773817077676,0.00585723215696997,0.0,0.0,0.0,-0.004260716484625156,-0.05098874692341309,0.9690863136503715,0.0,0.0,0.0,0.0,0.0,0.0,zero,0.0,0.0,0.0,0.0,0.004135705340317742,-0.009962773817077676,0.00585723215696997,-0.37615957293308466,0.14138018812349296,-0.1072034653320545,1,0.0192413330078125,,,,,,,,,,,,,,,,,,,,,,0.9732793190005395,5,radio://0/80/2M/E7E7E7E705,4.1887902047863905,aborted,cf5 起飞前预检失败（电压或 EKF 对齐）,0.0,0.0,0.0,0,0.0,global_abort:cf5 起飞前预检失败（电压或 EKF 对齐）,,,,,
0.9875250140003118,1788684525.6817389,control,aborted,1,1,0.0019017149998035165,4.170087814331055,4170.0,0,90.0,0.9541876309995132,4.170087814331055,1,1,0,1.0071730349577168,0.37471985816955566,0.0036559300497174263,0.04585399478673935,-0.10685877501964569,-0.008107209578156471,0.2546606659889221,-502.1886901855469,-48.909725189208984,1199.3392333984375,2.381727933883667,1.9583280086517334,1.5375850200653076,-0.03418797213711911,0.0025565119499300487,3.125314127686612,0.37471985816955566,0.0036559300497174263,0.04585399478673935,3.125314127686612,0.0,0.0,0.0,0.0,0.0,0.0,0.0024077817540173853,0.0058310562416234255,-0.001816855457818422,0.0,0.0,0.0,-0.03418797213711911,0.0025565119499300487,3.125314127686612,0.0,0.0,0.0,0.0,0.0,0.0,zero,0.0,0.0,0.0,0.0,0.0024077817540173853,0.0058310562416234255,-0.001816855457818422,21.716631465338743,22.826725144810005,66.42205497602966,1,0.0031938552856445312,,,,,,,,,,,,,,,,,,,,,,0.9875250140003118,2,radio://0/80/2M/E7E7E7E702,0.0,aborted,cf5 起飞前预检失败（电压或 EKF 对齐）,0.0,0.0,0.0,0,0.0,global_abort:cf5 起飞前预检失败（电压或 EKF 对齐）,,,,,
0.9875250140003118,1788684525.6819916,control,aborted,1,1,0.001706336000097508,4.122580528259277,4122.0,0,90.0,0.9237912919998053,4.122580528259277,1,1,0,1.0187793716120355,-0.3136911392211914,0.31581395864486694,0.04021052271127701,-0.09127253293991089,0.08940667659044266,-0.26696908473968506,-411.5450744628906,423.85205078125,-1228.3172607421875,3.6434638500213623,-2.905315399169922,4.611144542694092,-0.0058386562619425495,-0.011654426657944788,-0.5951305465840988,-0.3136911392211914,0.31581395864486694,0.04021052271127701,-0.5951305465840988,0.0,0.0,0.0,0.0,0.0,0.0,-0.004649606178703951,-0.0024087046345088545,-0.001194376474129526,0.0,0.0,0.0,-0.0058386562619425495,-0.011654426657944788,-0.5951305465840988,0.0,0.0,0.0,0.0,0.0,0.0,zero,0.0,0.0,0.0,0.0,-0.004649606178703951,-0.0024087046345088545,-0.001194376474129526,28.87859946485296,46.71684162226587,120.92707175371163,1,0.0034465789794921875,,,,,,,,,,,,,,,,,,,,,,0.9875250140003118,4,radio://0/80/2M/E7E7E7E704,2.0943951023931953,aborted,cf5 起飞前预检失败（电压或 EKF 对齐）,0.0,0.0,0.0,0,0.0,global_abort:cf5 起飞前预检失败（电压或 EKF 对齐）,,,,,
0.9875250140003118,1788684525.6822062,control,aborted,1,1,0.0023462070003006374,3.763636350631714,3763.0,0,10.0,0.8960697359998449,nan,1,0,1,1.0,-0.28663527965545654,-0.44404953718185425,0.03563763573765755,0.2409931719303131,0.0202683974057436,-0.1793888360261917,1123.973388671875,107.75340270996094,-848.5193481445312,-2.5116794109344482,7.560136318206787,1.5343742370605469,-0.0041515023768476595,-0.04837150714824299,0.9689016181825703,-0.28663527965545654,-0.44404953718185425,0.03563763573765755,0.9689016181825703,0.0,0.0,0.0,0.0,0.0,0.0,-0.0012876090231029034,-0.003534549289842771,0.0041759622903522475,0.0,0.0,0.0,-0.0041515023768476595,-0.04837150714824299,0.9689016181825703,0.0,0.0,0.0,0.0,0.0,0.0,zero,0.0,0.0,0.0,0.0,-0.0012876090231029034,-0.003534549289842771,0.0041759622903522475,-34.23144632819979,43.42137466823214,-11.385237283454039,1,0.0036611557006835938,,,,,,,,,,,,,,,,,,,,,,0.9875250140003118,5,radio://0/80/2M/E7E7E7E705,4.1887902047863905,aborted,cf5 起飞前预检失败（电压或 EKF 对齐）,0.0,0.0,0.0,0,0.0,global_abort:cf5 起飞前预检失败（电压或 EKF 对齐）,,,,,
1.0018639390000317,1788684525.6960752,control,aborted,1,1,0.01624063999952341,4.170087814331055,4170.0,0,90.0,0.9685265559992331,4.170087814331055,1,1,0,1.0071730349577168,0.37471985816955566,0.0036559300497174263,0.04585399478673935,-0.10685877501964569,-0.008107209578156471,0.2546606659889221,-502.1886901855469,-48.909725189208984,1199.3392333984375,2.381727933883667,1.9583280086517334,1.5375850200653076,-0.03418797213711911,0.0025565119499300487,3.125314127686612,0.37471985816955566,0.0036559300497174263,0.04585399478673935,3.125314127686612,0.0,0.0,0.0,0.0,0.0,0.0,0.0024077817540173853,0.0058310562416234255,-0.001816855457818422,0.0,0.0,0.0,-0.03418797213711911,0.0025565119499300487,3.125314127686612,0.0,0.0,0.0,0.0,0.0,0.0,zero,0.0,0.0,0.0,0.0,0.0024077817540173853,0.0058310562416234255,-0.001816855457818422,21.716631465338743,22.826725144810005,66.42205497602966,1,0.017530202865600586,,,,,,,,,,,,,,,,,,,,,,1.0018639390000317,2,radio://0/80/2M/E7E7E7E702,0.0,aborted,cf5 起飞前预检失败（电压或 EKF 对齐）,0.0,0.0,0.0,0,0.0,global_abort:cf5 起飞前预检失败（电压或 EKF 对齐）,,,,,
1.0018639390000317,1788684525.6963108,control,aborted,1,1,0.0160452609998174,4.122580528259277,4122.0,0,90.0,0.9381302169995251,4.122580528259277,1,1,0,1.0187793716120355,-0.3136911392211914,0.31581395864486694,0.04021052271127701,-0.09127253293991089,0.08940667659044266,-0.26696908473968506,-411.5450744628906,423.85205078125,-1228.3172607421875,3.6434638500213623,-2.905315399169922,4.611144542694092,-0.0058386562619425495,-0.011654426657944788,-0.5951305465840988,-0.3136911392211914,0.31581395864486694,0.04021052271127701,-0.5951305465840988,0.0,0.0,0.0,0.0,0.0,0.0,-0.004649606178703951,-0.0024087046345088545,-0.001194376474129526,0.0,0.0,0.0,-0.0058386562619425495,-0.011654426657944788,-0.5951305465840988,0.0,0.0,0.0,0.0,0.0,0.0,zero,0.0,0.0,0.0,0.0,-0.004649606178703951,-0.0024087046345088545,-0.001194376474129526,28.87859946485296,46.71684162226587,120.92707175371163,1,0.01776576042175293,,,,,,,,,,,,,,,,,,,,,,1.0018639390000317,4,radio://0/80/2M/E7E7E7E704,2.0943951023931953,aborted,cf5 起飞前预检失败（电压或 EKF 对齐）,0.0,0.0,0.0,0,0.0,global_abort:cf5 起飞前预检失败（电压或 EKF 对齐）,,,,,
1.0018639390000317,1788684525.6965125,control,aborted,1,1,0.01668513200002053,3.763636350631714,3763.0,0,10.0,0.9104086609995647,nan,1,0,1,1.0,-0.28663527965545654,-0.44404953718185425,0.03563763573765755,0.2409931719303131,0.0202683974057436,-0.1793888360261917,1123.973388671875,107.75340270996094,-848.5193481445312,-2.5116794109344482,7.560136318206787,1.5343742370605469,-0.0041515023768476595,-0.04837150714824299,0.9689016181825703,-0.28663527965545654,-0.44404953718185425,0.03563763573765755,0.9689016181825703,0.0,0.0,0.0,0.0,0.0,0.0,-0.0012876090231029034,-0.003534549289842771,0.0041759622903522475,0.0,0.0,0.0,-0.0041515023768476595,-0.04837150714824299,0.9689016181825703,0.0,0.0,0.0,0.0,0.0,0.0,zero,0.0,0.0,0.0,0.0,-0.0012876090231029034,-0.003534549289842771,0.0041759622903522475,-34.23144632819979,43.42137466823214,-11.385237283454039,1,0.01796746253967285,,,,,,,,,,,,,,,,,,,,,,1.0018639390000317,5,radio://0/80/2M/E7E7E7E705,4.1887902047863905,aborted,cf5 起飞前预检失败（电压或 EKF 对齐）,0.0,0.0,0.0,0,0.0,global_abort:cf5 起飞前预检失败（电压或 EKF 对齐）,,,,,
1.0161504410007183,1788684525.7103713,control,aborted,1,1,0.01093258400032937,4.170087814331055,4170.0,0,90.0,0.9828130579999197,4.170087814331055,1,1,0,1.0071730349577168,0.37476637959480286,0.0036359154619276524,0.045843735337257385,-0.08502411097288132,-0.0066849235445261,0.20362645387649536,-401.53369140625,-39.11362838745117,958.9635620117188,1.9068702459335327,1.561834454536438,1.224460244178772,-0.03403970365138389,0.002052370572056945,3.1247674255392064,0.37476637959480286,0.0036359154619276524,0.045843735337257385,3.1247674255392064,0.0,0.0,0.0,0.0,0.0,0.0,-0.03370047771616074,0.001011025082936228,0.08381567908230887,0.0,0.0,0.0,-0.03403970365138389,0.002052370572056945,3.1247674255392064,0.0,0.0,0.0,0.0,0.0,0.0,zero,0.0,0.0,0.0,0.0,-0.03370047771616074,0.001011025082936228,0.08381567908230887,-1.7964843140671862,-0.23980968612037945,4.260451966736582,1,0.011726856231689453,,,,,,,,,,,,,,,,,,,,,,1.0161504410007183,2,radio://0/80/2M/E7E7E7E702,0.0,aborted,cf5 起飞前预检失败（电压或 EKF 对齐）,0.0,0.0,0.0,0,0.0,global_abort:cf5 起飞前预检失败（电压或 EKF 对齐）,,,,,
1.0161504410007183,1788684525.7106206,control,aborted,1,1,0.010717498000303749,4.122580528259277,4122.0,0,90.0,0.9524167190002117,4.122580528259277,1,1,0,1.0187793716120355,-0.3136606514453888,0.3157579302787781,0.040222156792879105,-0.0727146565914154,0.07096783071756363,-0.21345950663089752,-329.0513916015625,338.8981628417969,-982.121337890625,2.9011569023132324,-2.317570924758911,3.6789748668670654,-0.007195483398170935,-0.01098947905713706,-0.596133976771816,-0.3136606514453888,0.3157579302787781,0.040222156792879105,-0.596133976771816,0.0,0.0,0.0,0.0,0.0,0.0,-0.03271100644406533,0.02856775211011843,-0.08797743672909997,0.0,0.0,0.0,-0.007195483398170935,-0.01098947905713706,-0.596133976771816,0.0,0.0,0.0,0.0,0.0,0.0,zero,0.0,0.0,0.0,0.0,-0.03271100644406533,0.02856775211011843,-0.08797743672909997,-1.3961311386143587,1.5411631428278614,-4.317693756564577,1,0.011976242065429688,,,,,,,,,,,,,,,,,,,,,,1.0161504410007183,4,radio://0/80/2M/E7E7E7E704,2.0943951023931953,aborted,cf5 起飞前预检失败（电压或 EKF 对齐）,0.0,0.0,0.0,0,0.0,global_abort:cf5 起飞前预检失败（电压或 EKF 对齐）,,,,,
1.0161504410007183,1788684525.7108471,control,aborted,1,1,0.011279316000582185,3.763636350631714,3763.0,0,10.0,0.9246951630002513,nan,1,0,1,1.0,-0.2866324186325073,-0.44403573870658875,0.03563631325960159,0.19282302260398865,0.01635202206671238,-0.14352422952651978,898.6994018554688,86.16374969482422,-678.4586181640625,-2.0096120834350586,6.037745475769043,1.2246856689453125,-0.004164851498161388,-0.04941417669912799,0.9686228487522057,-0.2866324186325073,-0.44403573870658875,0.03563631325960159,0.9686228487522057,0.0,0.0,0.0,0.0,0.0,0.0,0.07874008196890729,0.004984708962835891,-0.05690478091445976,0.0,0.0,0.0,-0.004164851498161388,-0.04941417669912799,0.9686228487522057,0.0,0.0,0.0,0.0,0.0,0.0,zero,0.0,0.0,0.0,0.0,0.07874008196890729,0.004984708962835891,-0.05690478091445976,3.981595725401852,0.42385631550767017,-3.038933437089022,1,0.012202739715576172,,,,,,,,,,,,,,,,,,,,,,1.0161504410007183,5,radio://0/80/2M/E7E7E7E705,4.1887902047863905,aborted,cf5 起飞前预检失败（电压或 EKF 对齐）,0.0,0.0,0.0,0,0.0,global_abort:cf5 起飞前预检失败（电压或 EKF 对齐）,,,,,
1.0303803180004252,1788684525.7246113,control,aborted,1,1,0.0051507409998521325,4.170087814331055,4170.0,0,90.0,0.9970429349996266,4.170087814331055,1,1,0,1.0071730349577168,0.3747521638870239,0.003645485732704401,0.04579206183552742,-0.006819678470492363,0.025624161586165428,0.06716909259557724,-96.71492767333984,47.802345275878906,349.8913269042969,0.9489878416061401,1.6270320415496826,0.6765981316566467,-0.034502109668129985,0.0020793613281045757,3.1244641931849015,0.3747521638870239,0.003645485732704401,0.04579206183552742,3.1244641931849015,0.0,0.0,0.0,0.0,0.0,0.0,-0.09884434975859635,-0.006100370922669107,0.2414216017313724,0.0,0.0,0.0,-0.034502109668129985,0.0020793613281045757,3.1244641931849015,0.0,0.0,0.0,0.0,0.0,0.0,zero,0.0,0.0,0.0,0.0,-0.09884434975859635,-0.006100370922669107,0.2414216017313724,-1.259221790160989,0.06003794464336472,3.4859459937894868,1,0.006093025207519531,,,,,,,,,,,,,,,,,,,,,,1.0303803180004252,2,radio://0/80/2M/E7E7E7E702,0.0,aborted,cf5 起飞前预检失败（电压或 EKF 对齐）,0.0,0.0,0.0,0,0.0,global_abort:cf5 起飞前预检失败（电压或 EKF 对齐）,,,,,
1.0303803180004252,1788684525.7248478,control,aborted,1,1,0.005359683000278892,4.122580528259277,4122.0,0,90.0,0.9666465959999186,4.122580528259277,1,1,0,1.0187793716120355,-0.3136765956878662,0.3157564103603363,0.04020984098315239,0.05965869501233101,-0.04796498641371727,-0.21744640171527863,73.59912872314453,-37.79065704345703,-685.291015625,4.475945949554443,-3.3454198837280273,1.9585398435592651,-0.007191133220085029,-0.011270094137755354,-0.5954425039982055,-0.3136765956878662,0.3157564103603363,0.04020984098315239,-0.5954425039982055,0.0,0.0,0.0,0.0,0.0,0.0,-0.07723961137260674,0.0791404426908286,-0.26240792477663555,0.0,0.0,0.0,-0.007191133220085029,-0.011270094137755354,-0.5954425039982055,0.0,0.0,0.0,0.0,0.0,0.0,zero,0.0,0.0,0.0,0.0,-0.07723961137260674,0.0791404426908286,-0.26240792477663555,-0.2085043474370502,0.48892564951691536,-5.1672008802818326,1,0.006329536437988281,,,,,,,,,,,,,,,,,,,,,,1.0303803180004252,4,radio://0/80/2M/E7E7E7E704,2.0943951023931953,aborted,cf5 起飞前预检失败（电压或 EKF 对齐）,0.0,0.0,0.0,0,0.0,global_abort:cf5 起飞前预检失败（电压或 EKF 对齐）,,,,,
1.0303803180004252,1788684525.7250519,control,aborted,1,1,0.00565223400008108,3.763636350631714,3763.0,0,10.0,0.9389250399999582,nan,1,0,1,1.0,-0.28670600056648254,-0.44408324360847473,0.03562527894973755,0.14653049409389496,0.06636745482683182,-0.16641849279403687,515.6196899414062,173.8024444580078,-515.5477905273438,1.5661647319793701,6.410321235656738,0.14449413120746613,-0.004181496331534856,-0.04919871218924147,0.9686469723578653,-0.28670600056648254,-0.44408324360847473,0.03562527894973755,0.9686469723578653,0.0,0.0,0.0,0.0,0.0,0.0,0.23425965934470083,0.025903013547773517,-0.1803194423429913,0.0,0.0,0.0,-0.004181496331534856,-0.04919871218924147,0.9686469723578653,0.0,0.0,0.0,0.0,0.0,0.0,zero,0.0,0.0,0.0,0.0,0.23425965934470083,0.025903013547773517,-0.1803194423429913,4.188490179718977,1.0311387936541243,-3.806852912645401,1,0.006533622741699219,,,,,,,,,,,,,,,,,,,,,,1.0303803180004252,5,radio://0/80/2M/E7E7E7E705,4.1887902047863905,aborted,cf5 起飞前预检失败（电压或 EKF 对齐）,0.0,0.0,0.0,0,0.0,global_abort:cf5 起飞前预检失败（电压或 EKF 对齐）,,,,,
1.044974127000387,1788684525.7396114,control,aborted,1,1,9.524899996904423e-05,4.170087814331055,4170.0,0,90.0,1.0116367439995884,4.170087814331055,1,1,0,1.0071730349577168,0.374724417924881,0.0036766466218978167,0.0458836555480957,-0.004836949985474348,0.016774967312812805,0.044939782470464706,-61.85877227783203,30.418882369995117,223.51028442382812,0.5921889543533325,1.0331025123596191,0.44775742292404175,-0.035093354858496115,0.0021478849404244498,3.125262835950049,0.374724417924881,0.0036766466218978167,0.0458836555480957,3.125262835950049,0.0,0.0,0.0,0.0,0.0,0.0,-0.06649280372197829,0.007656228825706981,0.18600479844479215,0.0,0.0,0.0,-0.035093354858496115,0.0021478849404244498,3.125262835950049,0.0,0.0,0.0,0.0,0.0,0.0,zero,0.0,0.0,0.0,0.0,-0.06649280372197829,0.007656228825706981,0.18600479844479215,2.271918511613328,0.8754631498374588,-4.0883724411462685,1,0.0010983943939208984,,,,,,,,,,,,,,,,,,,,,,1.044974127000387,2,radio://0/80/2M/E7E7E7E702,0.0,aborted,cf5 起飞前预检失败（电压或 EKF 对齐）,0.0,0.0,0.0,0,0.0,global_abort:cf5 起飞前预检失败（电压或 EKF 对齐）,,,,,
1.044974127000387,1788684525.7398663,control,aborted,1,1,-0.00023778899958415423,4.122580528259277,4122.0,0,90.0,0.9812404049998804,4.122580528259277,1,1,0,1.0187793716120355,-0.3136708438396454,0.3157503008842468,0.04023177549242973,0.038123663514852524,-0.03089239075779915,-0.13858644664287567,46.68547058105469,-23.859771728515625,-437.06549072265625,2.8498644828796387,-2.124356269836426,1.237757921218872,-0.007083004692275071,-0.011183326002448611,-0.5962198276766151,-0.3136708438396454,0.3157503008842468,0.04023177549242973,-0.5962198276766151,0.0,0.0,0.0,0.0,0.0,0.0,-0.020328275256846523,0.02803932407082623,-0.27002859596343387,0.0,0.0,0.0,-0.007083004692275071,-0.011183326002448611,-0.5962198276766151,0.0,0.0,0.0,0.0,0.0,0.0,zero,0.0,0.0,0.0,0.0,-0.020328275256846523,0.02803932407082623,-0.27002859596343387,3.7179842065125053,-3.3764711189100773,0.2588804415549103,1,0.0013532638549804688,,,,,,,,,,,,,,,,,,,,,,1.044974127000387,4,radio://0/80/2M/E7E7E7E704,2.0943951023931953,aborted,cf5 起飞前预检失败（电压或 EKF 对齐）,0.0,0.0,0.0,0,0.0,global_abort:cf5 起飞前预检失败（电压或 EKF 对齐）,,,,,
1.044974127000387,1788684525.7400734,control,aborted,1,1,0.00027215899990551407,3.763636350631714,3763.0,0,10.0,0.95351884899992,nan,1,0,1,1.0,-0.2866591811180115,-0.4440399706363678,0.035651009529829025,0.09510545432567596,0.0432838574051857,-0.10585882514715195,329.0193786621094,110.79041290283203,-328.7816162109375,1.0231846570968628,4.1321120262146,0.07784967869520187,-0.0034331500507305056,-0.04911235135619639,0.9679393005656587,-0.2866591811180115,-0.4440399706363678,0.035651009529829025,0.9679393005656587,0.0,0.0,0.0,0.0,0.0,0.0,0.21895717252284536,0.048585448769324906,-0.19406563434771174,0.0,0.0,0.0,-0.0034331500507305056,-0.04911235135619639,0.9679393005656587,0.0,0.0,0.0,0.0,0.0,0.0,zero,0.0,0.0,0.0,0.0,0.21895717252284536,0.048585448769324906,-0.19406563434771174,-1.5967337856928956,1.3218833652350137,-0.3405899485910705,1,0.0015604496002197266,,,,,,,,,,,,,,,,,,,,,,1.044974127000387,5,radio://0/80/2M/E7E7E7E705,4.1887902047863905,aborted,cf5 起飞前预检失败（电压或 EKF 对齐）,0.0,0.0,0.0,0,0.0,global_abort:cf5 起飞前预检失败（电压或 EKF 对齐）,,,,,
1.0589710700005526,1788684525.753227,control,aborted,1,1,0.014092192000134673,4.170087814331055,4170.0,0,90.0,1.025633686999754,4.170087814331055,1,1,0,1.0071730349577168,0.374724417924881,0.0036766466218978167,0.0458836555480957,-0.004836949985474348,0.016774967312812805,0.044939782470464706,-61.85877227783203,30.418882369995117,223.51028442382812,0.5921889543533325,1.0331025123596191,0.44775742292404175,-0.035093354858496115,0.0021478849404244498,3.125262835950049,0.374724417924881,0.0036766466218978167,0.0458836555480957,3.125262835950049,0.0,0.0,0.0,0.0,0.0,0.0,-0.06649280372197829,0.007656228825706981,0.18600479844479215,0.0,0.0,0.0,-0.035093354858496115,0.0021478849404244498,3.125262835950049,0.0,0.0,0.0,0.0,0.0,0.0,zero,0.0,0.0,0.0,0.0,-0.06649280372197829,0.007656228825706981,0.18600479844479215,2.271918511613328,0.8754631498374588,-4.0883724411462685,1,0.01471400260925293,,,,,,,,,,,,,,,,,,,,,,1.0589710700005526,2,radio://0/80/2M/E7E7E7E702,0.0,aborted,cf5 起飞前预检失败（电压或 EKF 对齐）,0.0,0.0,0.0,0,0.0,global_abort:cf5 起飞前预检失败（电压或 EKF 对齐）,,,,,
1.0589710700005526,1788684525.753487,control,aborted,1,1,0.013759154000581475,4.122580528259277,4122.0,0,90.0,0.995237348000046,4.122580528259277,1,1,0,1.0187793716120355,-0.3136708438396454,0.3157503008842468,0.04023177549242973,0.038123663514852524,-0.03089239075779915,-0.13858644664287567,46.68547058105469,-23.859771728515625,-437.06549072265625,2.8498644828796387,-2.124356269836426,1.237757921218872,-0.007083004692275071,-0.011183326002448611,-0.5962198276766151,-0.3136708438396454,0.3157503008842468,0.04023177549242973,-0.5962198276766151,0.0,0.0,0.0,0.0,0.0,0.0,-0.020328275256846523,0.02803932407082623,-0.27002859596343387,0.0,0.0,0.0,-0.007083004692275071,-0.011183326002448611,-0.5962198276766151,0.0,0.0,0.0,0.0,0.0,0.0,zero,0.0,0.0,0.0,0.0,-0.020328275256846523,0.02803932407082623,-0.27002859596343387,3.7179842065125053,-3.3764711189100773,0.2588804415549103,1,0.014974117279052734,,,,,,,,,,,,,,,,,,,,,,1.0589710700005526,4,radio://0/80/2M/E7E7E7E704,2.0943951023931953,aborted,cf5 起飞前预检失败（电压或 EKF 对齐）,0.0,0.0,0.0,0,0.0,global_abort:cf5 起飞前预检失败（电压或 EKF 对齐）,,,,,
1.0589710700005526,1788684525.7536967,control,aborted,1,1,0.014269102000071143,3.763636350631714,3763.0,0,10.0,0.9675157920000856,nan,1,0,1,1.0,-0.2866591811180115,-0.4440399706363678,0.035651009529829025,0.09510545432567596,0.0432838574051857,-0.10585882514715195,329.0193786621094,110.79041290283203,-328.7816162109375,1.0231846570968628,4.1321120262146,0.07784967869520187,-0.0034331500507305056,-0.04911235135619639,0.9679393005656587,-0.2866591811180115,-0.4440399706363678,0.035651009529829025,0.9679393005656587,0.0,0.0,0.0,0.0,0.0,0.0,0.21895717252284536,0.048585448769324906,-0.19406563434771174,0.0,0.0,0.0,-0.0034331500507305056,-0.04911235135619639,0.9679393005656587,0.0,0.0,0.0,0.0,0.0,0.0,zero,0.0,0.0,0.0,0.0,0.21895717252284536,0.048585448769324906,-0.19406563434771174,-1.5967337856928956,1.3218833652350137,-0.3405899485910705,1,0.015183687210083008,,,,,,,,,,,,,,,,,,,,,,1.0589710700005526,5,radio://0/80/2M/E7E7E7E705,4.1887902047863905,aborted,cf5 起飞前预检失败（电压或 EKF 对齐）,0.0,0.0,0.0,0,0.0,global_abort:cf5 起飞前预检失败（电压或 EKF 对齐）,,,,,
1.0732069510004294,1788684525.7674294,control,aborted,1,1,0.005198634000407765,4.170087814331055,4170.0,0,90.0,1.0398695679996308,4.170087814331055,1,1,0,1.0071730349577168,0.3747430741786957,0.0036251377314329147,0.04583194479346275,-0.0029913014732301235,0.010041412897408009,0.027424825355410576,-39.5625,19.357023239135742,142.740234375,0.38029903173446655,0.6529963612556458,0.28853991627693176,-0.03515232088937211,0.0022052655239318962,3.1250793189735115,0.3747430741786957,0.0036251377314329147,0.04583194479346275,3.1250793189735115,0.0,0.0,0.0,0.0,0.0,0.0,-0.02429279884216283,0.015900104146108304,0.09383616354867551,0.0,0.0,0.0,-0.03515232088937211,0.0022052655239318962,3.1250793189735115,0.0,0.0,0.0,0.0,0.0,0.0,zero,0.0,0.0,0.0,0.0,-0.02429279884216283,0.015900104146108304,0.09383616354867551,2.2179603386959763,0.37578411653531585,-4.952308459851856,1,0.006109952926635742,,,,,,,,,,,,,,,,,,,,,,1.0732069510004294,2,radio://0/80/2M/E7E7E7E702,0.0,aborted,cf5 起飞前预检失败（电压或 EKF 对齐）,0.0,0.0,0.0,0,0.0,global_abort:cf5 起飞前预检失败（电压或 EKF 对齐）,,,,,
1.0732069510004294,1788684525.7676764,control,aborted,1,1,0.005380221999985224,4.122580528259277,4122.0,0,90.0,1.0094732289999229,4.122580528259277,1,1,0,1.0187793716120355,-0.3136657774448395,0.3157438039779663,0.04021608456969261,0.024714218452572823,-0.020263822749257088,-0.08939307928085327,29.65751075744629,-15.09922981262207,-278.90179443359375,1.8065625429153442,-1.377624273300171,0.8067744374275208,-0.007268238641334247,-0.01194506241799104,-0.5953292355900768,-0.3136657774448395,0.3157438039779663,0.04021608456969261,-0.5953292355900768,0.0,0.0,0.0,0.0,0.0,0.0,0.025866470066714664,-0.016928531042739024,-0.19860610241799156,0.0,0.0,0.0,-0.007268238641334247,-0.01194506241799104,-0.5953292355900768,0.0,0.0,0.0,0.0,0.0,0.0,zero,0.0,0.0,0.0,0.0,0.025866470066714664,-0.016928531042739024,-0.19860610241799156,2.2794944006179385,-2.2458899791004416,4.18974721557981,1,0.006356954574584961,,,,,,,,,,,,,,,,,,,,,,1.0732069510004294,4,radio://0/80/2M/E7E7E7E704,2.0943951023931953,aborted,cf5 起飞前预检失败（电压或 EKF 对齐）,0.0,0.0,0.0,0,0.0,global_abort:cf5 起飞前预检失败（电压或 EKF 对齐）,,,,,
1.0732069510004294,1788684525.767887,control,aborted,1,1,0.0056676029998925515,3.763636350631714,3763.0,0,10.0,0.9817516729999625,nan,1,0,1,1.0,-0.28662532567977905,-0.44409048557281494,0.03562457114458084,0.06141650304198265,0.026735929772257805,-0.06876242905855179,210.00457763671875,70.62324523925781,-209.80715942382812,0.661750078201294,2.637521982192993,0.0416683629155159,-0.0034222402758293997,-0.049054702633273974,0.9677485917323421,-0.28662532567977905,-0.44409048557281494,0.03562457114458084,0.9677485917323421,0.0,0.0,0.0,0.0,0.0,0.0,0.1460660571575439,0.05088929777365234,-0.14823055575040817,0.0,0.0,0.0,-0.0034222402758293997,-0.049054702633273974,0.9677485917323421,0.0,0.0,0.0,0.0,0.0,0.0,zero,0.0,0.0,0.0,0.0,0.1460660571575439,0.05088929777365234,-0.14823055575040817,-4.112012416306924,-0.02555766938818109,2.7481307662610965,1,0.006567716598510742,,,,,,,,,,,,,,,,,,,,,,1.0732069510004294,5,radio://0/80/2M/E7E7E7E705,4.1887902047863905,aborted,cf5 起飞前预检失败（电压或 EKF 对齐）,0.0,0.0,0.0,0,0.0,global_abort:cf5 起飞前预检失败（电压或 EKF 对齐）,,,,,
1.0875015840001652,1788684525.781756,control,aborted,1,1,0.00047425299999304116,4.170087814331055,4170.0,0,90.0,1.0541642009993666,4.170087814331055,1,1,0,1.0071730349577168,0.37471890449523926,0.003638265887275338,0.04583964869379997,-0.0026479612570255995,0.008171594701707363,0.022021114826202393,-31.646377563476562,15.465897560119629,114.13520050048828,0.3075082004070282,0.5205119252204895,0.22988159954547882,-0.03484255600694298,0.002023483921597477,3.1249955248992474,0.37471890449523926,0.003638265887275338,0.04583964869379997,3.1249955248992474,0.0,0.0,0.0,0.0,0.0,0.0,-0.009405643477165628,0.014448800528692308,0.052782953125544464,0.0,0.0,0.0,-0.03484255600694298,0.002023483921597477,3.1249955248992474,0.0,0.0,0.0,0.0,0.0,0.0,zero,0.0,0.0,0.0,0.0,-0.009405643477165628,0.014448800528692308,0.052782953125544464,0.7850888336564139,-0.07653592888252046,-2.1649815763142835,1,0.001474142074584961,,,,,,,,,,,,,,,,,,,,,,1.0875015840001652,2,radio://0/80/2M/E7E7E7E702,0.0,aborted,cf5 起飞前预检失败（电压或 EKF 对齐）,0.0,0.0,0.0,0,0.0,global_abort:cf5 起飞前预检失败（电压或 EKF 对齐）,,,,,
1.0875015840001652,1788684525.782029,control,aborted,1,1,0.0006562099997609039,4.122580528259277,4122.0,0,90.0,1.0237678619996586,4.122580528259277,1,1,0,1.0187793716120355,-0.3136873245239258,0.3157823979854584,0.04025982320308685,0.019544115290045738,-0.015804003924131393,-0.071053147315979,23.671480178833008,-12.03234577178955,-222.92800903320312,1.452398419380188,-1.1088513135910034,0.6433569192886353,-0.006588131769514404,-0.012586570611929759,-0.5955203333506514,-0.3136873245239258,0.3157823979854584,0.04025982320308685,-0.5955203333506514,0.0,0.0,0.0,0.0,0.0,0.0,0.03130621946125999,-0.02413068372690764,-0.14104741292546802,0.0,0.0,0.0,-0.006588131769514404,-0.012586570611929759,-0.5955203333506514,0.0,0.0,0.0,0.0,0.0,0.0,zero,0.0,0.0,0.0,0.0,0.03130621946125999,-0.02413068372690764,-0.14104741292546802,0.28687055403398604,-0.37981263122462305,3.0354143080097753,1,0.00174713134765625,,,,,,,,,,,,,,,,,,,,,,1.0875015840001652,4,radio://0/80/2M/E7E7E7E704,2.0943951023931953,aborted,cf5 起飞前预检失败（电压或 EKF 对齐）,0.0,0.0,0.0,0,0.0,global_abort:cf5 起飞前预检失败（电压或 EKF 对齐）,,,,,
1.0875015840001652,1788684525.7822518,control,aborted,1,1,0.0009708629995657247,3.763636350631714,3763.0,0,10.0,0.9960463059996982,nan,1,0,1,1.0,-0.28663912415504456,-0.4441097676753998,0.035603586584329605,0.04898767173290253,0.0211853738874197,-0.05523126944899559,167.87257385253906,56.44005584716797,-167.70301818847656,0.5303063988685608,2.113858938217163,0.02843494713306427,-0.0033135237035612874,-0.048692055259055136,0.9672822659140374,-0.28663912415504456,-0.4441097676753998,0.035603586584329605,0.9672822659140374,0.0,0.0,0.0,0.0,0.0,0.0,0.09925590191341149,0.04064492534370128,-0.10712111950005679,0.0,0.0,0.0,-0.0033135237035612874,-0.048692055259055136,0.9672822659140374,0.0,0.0,0.0,0.0,0.0,0.0,zero,0.0,0.0,0.0,0.0,0.09925590191341149,0.04064492534370128,-0.10712111950005679,-2.4685797442739648,-0.540247092569636,2.167946700814668,1,0.001970052719116211,,,,,,,,,,,,,,,,,,,,,,1.0875015840001652,5,radio://0/80/2M/E7E7E7E705,4.1887902047863905,aborted,cf5 起飞前预检失败（电压或 EKF 对齐）,0.0,0.0,0.0,0,0.0,global_abort:cf5 起飞前预检失败（电压或 EKF 对齐）,,,,,
1.1018213850002212,1788684525.7960665,control,aborted,1,1,0.003842002999590477,4.170087814331055,4170.0,0,90.0,1.0684840019994226,4.170087814331055,1,1,0,1.0071730349577168,0.374778151512146,0.003639709437265992,0.045794662088155746,-0.0010269569465890527,0.006563867907971144,0.01678817719221115,-25.287240982055664,12.343101501464844,91.21176147460938,0.24124233424663544,0.424073725938797,0.1754130870103836,-0.035102238034367184,0.002423158103201783,3.1245202625993733,0.374778151512146,0.003639709437265992,0.045794662088155746,3.1245202625993733,0.0,0.0,0.0,0.0,0.0,0.0,-0.0006261384258907255,0.012660546726255077,0.026680671357657122,0.0,0.0,0.0,-0.035102238034367184,0.002423158103201783,3.1245202625993733,0.0,0.0,0.0,0.0,0.0,0.0,zero,0.0,0.0,0.0,0.0,-0.0006261384258907255,0.012660546726255077,0.026680671357657122,0.8086414237468165,-0.16470815750752535,-2.4041658577051463,1,0.004927635192871094,,,,,,,,,,,,,,,,,,,,,,1.1018213850002212,2,radio://0/80/2M/E7E7E7E702,0.0,aborted,cf5 起飞前预检失败（电压或 EKF 对齐）,0.0,0.0,0.0,0,0.0,global_abort:cf5 起飞前预检失败（电压或 EKF 对齐）,,,,,
1.1018213850002212,1788684525.7963393,control,aborted,1,1,0.0040355579994866275,4.122580528259277,4122.0,0,90.0,1.0380876629997147,4.122580528259277,1,1,0,1.0187793716120355,-0.31365886330604553,0.31573987007141113,0.040203746408224106,0.01615958847105503,-0.013426626101136208,-0.05787552893161774,18.87483787536621,-9.58208179473877,-178.0996551513672,1.1561170816421509,-0.8589887022972107,0.5141387581825256,-0.006902599350054526,-0.011061817339874018,-0.5955602893469234,-0.31365886330604553,0.31573987007141113,0.040203746408224106,-0.5955602893469234,0.0,0.0,0.0,0.0,0.0,0.0,0.03216689851272003,-0.026481863106771482,-0.10012232302001305,0.0,0.0,0.0,-0.006902599350054526,-0.011061817339874018,-0.5955602893469234,0.0,0.0,0.0,0.0,0.0,0.0,zero,0.0,0.0,0.0,0.0,0.03216689851272003,-0.026481863106771482,-0.10012232302001305,0.07927334508004424,-0.21655674552418694,3.7694292303309194,1,0.005200386047363281,,,,,,,,,,,,,,,,,,,,,,1.1018213850002212,4,radio://0/80/2M/E7E7E7E704,2.0943951023931953,aborted,cf5 起飞前预检失败（电压或 EKF 对齐）,0.0,0.0,0.0,0,0.0,global_abort:cf5 起飞前预检失败（电压或 EKF 对齐）,,,,,
1.1018213850002212,1788684525.7965667,control,aborted,1,1,0.004382244999760587,3.763636350631714,3763.0,0,10.0,1.0103661069997543,nan,1,0,1,1.0,-0.2866430878639221,-0.4440401494503021,0.03561941534280777,0.03911712393164635,0.01823076419532299,-0.04389343038201332,134.11624145507812,45.097618103027344,-133.95355224609375,0.4175015389919281,1.6776692867279053,0.0401589497923851,-0.0037261243910261554,-0.04941710813152524,0.9682310998828627,-0.2866430878639221,-0.4440401494503021,0.03561941534280777,0.9682310998828627,0.0,0.0,0.0,0.0,0.0,0.0,0.06702771488570872,0.03224953169864668,-0.07750803870952234,0.0,0.0,0.0,-0.0037261243910261554,-0.04941710813152524,0.9682310998828627,0.0,0.0,0.0,0.0,0.0,0.0,zero,0.0,0.0,0.0,0.0,0.06702771488570872,0.03224953169864668,-0.07750803870952234,-2.968395927863364,-0.7732626190659909,2.7275300455018177,1,0.005427837371826172,,,,,,,,,,,,,,,,,,,,,,1.1018213850002212,5,radio://0/80/2M/E7E7E7E705,4.1887902047863905,aborted,cf5 起飞前预检失败（电压或 EKF 对齐）,0.0,0.0,0.0,0,0.0,global_abort:cf5 起飞前预检失败（电压或 EKF 对齐）,,,,,
1.1161031500005265,1788684525.8103244,control,aborted,1,1,0.010710515000027954,4.170087814331055,4170.0,0,90.0,1.082765766999728,4.170087814331055,1,1,0,1.0071730349577168,0.3747330904006958,0.0036360130179673433,0.045797307044267654,0.06628779321908951,-0.1648726761341095,0.011844884604215622,190.66717529296875,-506.90087890625,53.359798431396484,-0.2859591841697693,-5.33242654800415,-0.46416977047920227,-0.034681048713514254,0.0015498532458566431,3.1248004205839424,0.3747330904006958,0.0036360130179673433,0.045797307044267654,3.1248004205839424,0.0,0.0,0.0,0.0,0.0,0.0,0.010230823550702237,0.009439841946075358,-0.007819238101939064,0.0,0.0,0.0,-0.034681048713514254,0.0015498532458566431,3.1248004205839424,0.0,0.0,0.0,0.0,0.0,0.0,zero,0.0,0.0,0.0,0.0,0.010230823550702237,0.009439841946075358,-0.007819238101939064,80.57190429187625,-23.904437479367562,-256.02902555514066,1,0.011724233627319336,,,,,,,,,,,,,,,,,,,,,,1.1161031500005265,2,radio://0/80/2M/E7E7E7E702,0.0,aborted,cf5 起飞前预检失败（电压或 EKF 对齐）,0.0,0.0,0.0,0,0.0,global_abort:cf5 起飞前预检失败（电压或 EKF 对齐）,,,,,
1.1161031500005265,1788684525.8105834,control,aborted,1,1,0.01090327099973365,4.122580528259277,4122.0,0,90.0,1.05236942800002,4.122580528259277,1,1,0,1.0187793716120355,-0.3137112557888031,0.31575554609298706,0.040227875113487244,-0.10754311084747314,0.05291865020990372,0.06507337093353271,-348.4289245605469,185.34461975097656,221.2752227783203,2.087470531463623,4.644165515899658,-0.3772474229335785,-0.0060049465482912056,-0.010398756064055844,-0.5957246093886864,-0.3137112557888031,0.31575554609298706,0.040227875113487244,-0.5957246093886864,0.0,0.0,0.0,0.0,0.0,0.0,0.030510457502268253,-0.027208921939498244,-0.04141752214999925,0.0,0.0,0.0,-0.0060049465482912056,-0.010398756064055844,-0.5957246093886864,0.0,0.0,0.0,0.0,0.0,0.0,zero,0.0,0.0,0.0,0.0,0.030510457502268253,-0.027208921939498244,-0.04141752214999925,-12.295827162485171,-5.393584976118239,435.66087124468834,1,0.011983156204223633,,,,,,,,,,,,,,,,,,,,,,1.1161031500005265,4,radio://0/80/2M/E7E7E7E704,2.0943951023931953,aborted,cf5 起飞前预检失败（电压或 EKF 对齐）,0.0,0.0,0.0,0,0.0,global_abort:cf5 起飞前预检失败（电压或 EKF 对齐）,,,,,
1.1161031500005265,1788684525.810805,control,aborted,1,1,0.011031103000277653,3.763636350631714,3763.0,0,10.0,1.0246478720000596,nan,1,0,1,1.0,-0.2866414785385132,-0.44404828548431396,0.03565644845366478,0.09689640253782272,0.05224369838833809,0.13879194855690002,284.3355407714844,143.5469512939453,437.818359375,-0.9602340459823608,-1.1680831909179688,2.6085422039031982,-0.004363930676383232,-0.04849242316831939,0.9693004695688446,-0.2866414785385132,-0.44404828548431396,0.03565644845366478,0.9693004695688446,0.0,0.0,0.0,0.0,0.0,0.0,0.021711507844040148,0.019222353391137655,-0.03458274440026504,0.0,0.0,0.0,-0.004363930676383232,-0.04849242316831939,0.9693004695688446,0.0,0.0,0.0,0.0,0.0,0.0,zero,0.0,0.0,0.0,0.0,0.021711507844040148,0.019222353391137655,-0.03458274440026504,-336.2984579388353,-96.67683547646071,318.5594670620899,1,0.012204885482788086,,,,,,,,,,,,,,,,,,,,,,1.1161031500005265,5,radio://0/80/2M/E7E7E7E705,4.1887902047863905,aborted,cf5 起飞前预检失败（电压或 EKF 对齐）,0.0,0.0,0.0,0,0.0,global_abort:cf5 起飞前预检失败（电压或 EKF 对齐）,,,,,
1.1304729180001232,1788684525.8246825,control,aborted,1,1,0.0044750629995178315,4.170087814331055,4170.0,0,90.0,1.0971355349993246,4.170087814331055,1,1,0,1.0071730349577168,0.374752402305603,0.0036508217453956604,0.04584311321377754,0.0449877567589283,-0.11019974201917648,0.007398523390293121,120.17766571044922,-319.5715637207031,33.584510803222656,-0.0042013972997665405,-3.570391893386841,-0.3975090980529785,-0.034093556061772654,0.002424910759253485,3.124519181697548,0.374752402305603,0.0036508217453956604,0.04584311321377754,3.124519181697548,0.0,0.0,0.0,0.0,0.0,0.0,0.04554414153984371,-0.1030181106521257,3.19401565444799e-05,0.0,0.0,0.0,-0.034093556061772654,0.002424910759253485,3.124519181697548,0.0,0.0,0.0,0.0,0.0,0.0,zero,0.0,0.0,0.0,0.0,0.04554414153984371,-0.1030181106521257,3.19401565444799e-05,18.429499982370718,-58.69320679732657,4.1044445032124335,1,0.005251169204711914,,,,,,,,,,,,,,,,,,,,,,1.1304729180001232,2,radio://0/80/2M/E7E7E7E702,0.0,aborted,cf5 起飞前预检失败（电压或 EKF 对齐）,0.0,0.0,0.0,0,0.0,global_abort:cf5 起飞前预检失败（电压或 EKF 对齐）,,,,,
1.1304729180001232,1788684525.824947,control,aborted,1,1,0.0048762649994387175,4.122580528259277,4122.0,0,90.0,1.0667391959996166,4.122580528259277,1,1,0,1.0187793716120355,-0.31365588307380676,0.3157695531845093,0.040234725922346115,-0.048444636166095734,0.035982340574264526,0.041223153471946716,-214.66519165039062,117.16251373291016,139.1659393310547,1.0230185985565186,3.0473031997680664,-0.33072447776794434,-0.007192345745977405,-0.011265394455062187,-0.5958960403392233,-0.31365588307380676,0.3157695531845093,0.040234725922346115,-0.5958960403392233,0.0,0.0,0.0,0.0,0.0,0.0,-0.06306175381581931,0.02834922249698862,0.04372631574440024,0.0,0.0,0.0,-0.007192345745977405,-0.011265394455062187,-0.5958960403392233,0.0,0.0,0.0,0.0,0.0,0.0,zero,0.0,0.0,0.0,0.0,-0.06306175381581931,0.02834922249698862,0.04372631574440024,-48.83013990085846,28.99603635335033,44.42416733454959,1,0.0055158138275146484,,,,,,,,,,,,,,,,,,,,,,1.1304729180001232,4,radio://0/80/2M/E7E7E7E704,2.0943951023931953,aborted,cf5 起飞前预检失败（电压或 EKF 对齐）,0.0,0.0,0.0,0,0.0,global_abort:cf5 起飞前预检失败（电压或 EKF 对齐）,,,,,
1.1304729180001232,1788684525.8251536,control,aborted,1,1,0.004664452999350033,3.763636350631714,3763.0,0,10.0,1.0390176399996562,nan,1,0,1,1.0,-0.28665614128112793,-0.44404587149620056,0.03562837839126587,0.06259181350469589,0.036947716027498245,0.09333306550979614,178.6517333984375,90.77536010742188,276.2859191894531,-0.3890928328037262,-0.4871802031993866,1.7666852474212646,-0.003823373693303746,-0.04884106661235336,0.9686810177946908,-0.28665614128112793,-0.44404587149620056,0.03562837839126587,0.9686810177946908,0.0,0.0,0.0,0.0,0.0,0.0,0.057388723585671056,0.03433870572228036,0.08893830870106031,0.0,0.0,0.0,-0.003823373693303746,-0.04884106661235336,0.9686810177946908,0.0,0.0,0.0,0.0,0.0,0.0,zero,0.0,0.0,0.0,0.0,0.057388723585671056,0.03433870572228036,0.08893830870106031,18.630441173267442,7.8935136717716174,64.4579318808253,1,0.0057222843170166016,,,,,,,,,,,,,,,,,,,,,,1.1304729180001232,5,radio://0/80/2M/E7E7E7E705,4.1887902047863905,aborted,cf5 起飞前预检失败（电压或 EKF 对齐）,0.0,0.0,0.0,0,0.0,global_abort:cf5 起飞前预检失败（电压或 EKF 对齐）,,,,,
1.1447322220001297,1788684525.8389847,control,aborted,1,1,0.009879335999357863,4.170087814331055,4170.0,0,90.0,1.1113948389993311,4.170087814331055,1,1,0,1.0071730349577168,0.37471455335617065,0.00362581224180758,0.04585392028093338,0.03516453504562378,-0.08870536834001541,0.006154573988169432,95.92784118652344,-255.1883544921875,26.840473175048828,-0.024692852050065994,-2.8387773036956787,-0.3219832181930542,-0.035071998304954305,0.0032219866585955397,3.1243092385849836,0.37471455335617065,0.00362581224180758,0.04585392028093338,3.1243092385849836,0.0,0.0,0.0,0.0,0.0,0.0,0.055129589654758865,-0.13483466365233435,0.0031609233328359016,0.0,0.0,0.0,-0.035071998304954305,0.0032219866585955397,3.1243092385849836,0.0,0.0,0.0,0.0,0.0,0.0,zero,0.0,0.0,0.0,0.0,0.055129589654758865,-0.13483466365233435,0.0031609233328359016,1.0453531817519788,-3.4697944751686722,0.3412352223674419,1,0.010383844375610352,,,,,,,,,,,,,,,,,,,,,,1.1447322220001297,2,radio://0/80/2M/E7E7E7E702,0.0,aborted,cf5 起飞前预检失败（电压或 EKF 对齐）,0.0,0.0,0.0,0,0.0,global_abort:cf5 起飞前预检失败（电压或 EKF 对齐）,,,,,
1.1447322220001297,1788684525.839229,control,aborted,1,1,0.009557276000123238,4.122580528259277,4122.0,0,90.0,1.0809984999996232,4.122580528259277,1,1,0,1.0187793716120355,-0.31373634934425354,0.3157323896884918,0.04024839773774147,-0.04051107540726662,0.027975155040621758,0.03327677398920059,-171.55909729003906,93.55533599853516,111.15940856933594,0.8354172706604004,2.4250833988189697,-0.26583564281463623,-0.006412332518800944,-0.011850659524935764,-0.5959496154933073,-0.31373634934425354,0.3157323896884918,0.04024839773774147,-0.5959496154933073,0.0,0.0,0.0,0.0,0.0,0.0,-0.0878941741315722,0.04453274483393991,0.0669085884818332,0.0,0.0,0.0,-0.006412332518800944,-0.011850659524935764,-0.5959496154933073,0.0,0.0,0.0,0.0,0.0,0.0,zero,0.0,0.0,0.0,0.0,-0.0878941741315722,0.04453274483393991,0.0669085884818332,-2.708131041602798,1.7649145208519017,2.528172107948675,1,0.010628223419189453,,,,,,,,,,,,,,,,,,,,,,1.1447322220001297,4,radio://0/80/2M/E7E7E7E704,2.0943951023931953,aborted,cf5 起飞前预检失败（电压或 EKF 对齐）,0.0,0.0,0.0,0,0.0,global_abort:cf5 起飞前预检失败（电压或 EKF 对齐）,,,,,
1.1447322220001297,1788684525.8394315,control,aborted,1,1,0.00933864899980108,3.763636350631714,3763.0,0,10.0,1.0532769439996628,nan,1,0,1,1.0,-0.2866726815700531,-0.44403403997421265,0.03565378114581108,0.04971262812614441,0.0298162754625082,0.07522061467170715,142.6404266357422,72.4647216796875,220.63360595703125,-0.3382038176059723,-0.42430874705314636,1.4136343002319336,-0.005058832833691719,-0.05042543883130218,0.9687011925799294,-0.2866726815700531,-0.44403403997421265,0.03565378114581108,0.9687011925799294,0.0,0.0,0.0,0.0,0.0,0.0,0.06791548952536221,0.03874848260526218,0.12341831189419598,0.0,0.0,0.0,-0.005058832833691719,-0.05042543883130218,0.9687011925799294,0.0,0.0,0.0,0.0,0.0,0.0,zero,0.0,0.0,0.0,0.0,0.06791548952536221,0.03874848260526218,0.12341831189419598,1.1480097890772323,0.48091380185642735,3.7602604085538665,1,0.01083064079284668,,,,,,,,,,,,,,,,,,,,,,1.1447322220001297,5,radio://0/80/2M/E7E7E7E705,4.1887902047863905,aborted,cf5 起飞前预检失败（电压或 EKF 对齐）,0.0,0.0,0.0,0,0.0,global_abort:cf5 起飞前预检失败（电压或 EKF 对齐）,,,,,
1.159207042000162,1788684525.853411,control,aborted,1,1,0.0005976169995847158,4.170087814331055,4170.0,0,90.0,1.1258696589993633,4.170087814331055,1,1,0,1.0071730349577168,0.37474361062049866,0.0036393196787685156,0.045823682099580765,0.02069898322224617,-0.0583869032561779,0.004480913747102022,60.857383728027344,-162.44956970214844,17.164705276489258,0.03940584510564804,-1.8300179243087769,-0.21138542890548706,-0.03389169657936841,0.002398376113412925,3.124762236388073,0.37474361062049866,0.0036393196787685156,0.045823682099580765,3.124762236388073,0.0,0.0,0.0,0.0,0.0,0.0,0.042803823237568345,-0.1102824037839982,0.007331727182273793,0.0,0.0,0.0,-0.03389169657936841,0.002398376113412925,3.124762236388073,0.0,0.0,0.0,0.0,0.0,0.0,zero,0.0,0.0,0.0,0.0,0.042803823237568345,-0.1102824037839982,0.007331727182273793,-1.726677934684734,3.4702489046217595,0.5605213034599138,1,0.0009856224060058594,,,,,,,,,,,,,,,,,,,,,,1.159207042000162,2,radio://0/80/2M/E7E7E7E702,0.0,aborted,cf5 起飞前预检失败（电压或 EKF 对齐）,0.0,0.0,0.0,0,0.0,global_abort:cf5 起飞前预检失败（电压或 EKF 对齐）,,,,,
1.159207042000162,1788684525.8536522,control,aborted,1,1,0.00010964299963234225,4.122580528259277,4122.0,0,90.0,1.0954733199996554,4.122580528259277,1,1,0,1.0187793716120355,-0.31369251012802124,0.31575772166252136,0.04023512452840805,-0.025605162605643272,0.01800360530614853,0.020691094920039177,-109.34810638427734,59.554725646972656,70.73540496826172,0.5822862982749939,1.5952742099761963,-0.1636139154434204,-0.0061385472903511176,-0.01056967147471269,-0.5957549594494236,-0.31369251012802124,0.31575772166252136,0.04023512452840805,-0.5957549594494236,0.0,0.0,0.0,0.0,0.0,0.0,-0.057943688726396186,0.038511076222037,0.04885830649083318,0.0,0.0,0.0,-0.0061385472903511176,-0.01056967147471269,-0.5957549594494236,0.0,0.0,0.0,0.0,0.0,0.0,zero,0.0,0.0,0.0,0.0,-0.057943688726396186,0.038511076222037,0.04885830649083318,4.164299874930303,-0.8715984471320369,-2.5316130560326657,1,0.0012269020080566406,,,,,,,,,,,,,,,,,,,,,,1.159207042000162,4,radio://0/80/2M/E7E7E7E704,2.0943951023931953,aborted,cf5 起飞前预检失败（电压或 EKF 对齐）,0.0,0.0,0.0,0,0.0,global_abort:cf5 起飞前预检失败（电压或 EKF 对齐）,,,,,
1.159207042000162,1788684525.8538518,control,aborted,1,1,0.0003088849998675869,3.763636350631714,3763.0,0,10.0,1.067751763999695,nan,1,0,1,1.0,-0.286650687456131,-0.4440663456916809,0.03562507778406143,0.0334206223487854,0.018005460500717163,0.04416973516345024,90.8332748413086,45.98775100708008,140.10382080078125,-0.1677684485912323,-0.24364444613456726,0.8649250864982605,-0.0034548886212484383,-0.049113281090238506,0.9679903507441917,-0.286650687456131,-0.4440663456916809,0.03562507778406143,0.9679903507441917,0.0,0.0,0.0,0.0,0.0,0.0,0.05748281406937175,0.033120988239655626,0.09845475138692869,0.0,0.0,0.0,-0.0034548886212484383,-0.049113281090238506,0.9679903507441917,0.0,0.0,0.0,0.0,0.0,0.0,zero,0.0,0.0,0.0,0.0,0.05748281406937175,0.033120988239655626,0.09845475138692869,-1.4764709289393534,-0.7971888230768734,-3.526484096108939,1,0.0014264583587646484,,,,,,,,,,,,,,,,,,,,,,1.159207042000162,5,radio://0/80/2M/E7E7E7E705,4.1887902047863905,aborted,cf5 起飞前预检失败（电压或 EKF 对齐）,0.0,0.0,0.0,0,0.0,global_abort:cf5 起飞前预检失败（电压或 EKF 对齐）,,,,,
1.1732021890002216,1788684525.8674035,control,aborted,1,1,0.008461626000098477,4.170087814331055,4170.0,0,90.0,1.139864805999423,4.170087814331055,1,1,0,1.0071730349577168,0.37477535009384155,0.0036379038356244564,0.04583822935819626,0.017584381625056267,-0.04675525426864624,0.004054611548781395,48.58530807495117,-129.58395385742188,13.717994689941406,-0.002255212515592575,-1.4542902708053589,-0.16600406169891357,-0.03493728573716921,0.002702557623614654,3.1248479291437627,0.37477535009384155,0.0036379038356244564,0.04583822935819626,3.1248479291437627,0.0,0.0,0.0,0.0,0.0,0.0,0.0376042562852782,-0.09922236474344058,0.008417065314931834,0.0,0.0,0.0,-0.03493728573716921,0.002702557623614654,3.1248479291437627,0.0,0.0,0.0,0.0,0.0,0.0,zero,0.0,0.0,0.0,0.0,0.0376042562852782,-0.09922236474344058,0.008417065314931834,-0.8396628986354432,1.786053439647595,0.17526808882917455,1,0.008785724639892578,,,,,,,,,,,,,,,,,,,,,,1.1732021890002216,2,radio://0/80/2M/E7E7E7E702,0.0,aborted,cf5 起飞前预检失败（电压或 EKF 对齐）,0.0,0.0,0.0,0,0.0,global_abort:cf5 起飞前预检失败（电压或 EKF 对齐）,,,,,
1.1732021890002216,1788684525.8676348,control,aborted,1,1,0.008255412999460532,4.122580528259277,4122.0,0,90.0,1.109468466999715,4.122580528259277,1,1,0,1.0187793716120355,-0.3136563003063202,0.31574302911758423,0.04021002724766731,-0.019314544275403023,0.013928310945630074,0.015742227435112,-87.27529907226562,47.51214599609375,56.42847442626953,0.4469773471355438,1.268363118171692,-0.13354027271270752,-0.006721325288543079,-0.010813418268697854,-0.5958354529493503,-0.3136563003063202,0.31574302911758423,0.04021002724766731,-0.5958354529493503,0.0,0.0,0.0,0.0,0.0,0.0,-0.04651797169438376,0.03527717084519531,0.041399161707354394,0.0,0.0,0.0,-0.006721325288543079,-0.010813418268697854,-0.5958354529493503,0.0,0.0,0.0,0.0,0.0,0.0,zero,0.0,0.0,0.0,0.0,-0.04651797169438376,0.03527717084519531,0.041399161707354394,1.8451057117097702,-0.5222339451626146,-1.2045555308175486,1,0.009016990661621094,,,,,,,,,,,,,,,,,,,,,,1.1732021890002216,4,radio://0/80/2M/E7E7E7E704,2.0943951023931953,aborted,cf5 起飞前预检失败（电压或 EKF 对齐）,0.0,0.0,0.0,0,0.0,global_abort:cf5 起飞前预检失败（电压或 EKF 对齐）,,,,,
1.1732021890002216,1788684525.867835,control,aborted,1,1,0.008009375000256114,3.763636350631714,3763.0,0,10.0,1.0817469109997546,nan,1,0,1,1.0,-0.2866087853908539,-0.44405582547187805,0.035615675151348114,0.028089946135878563,0.014744174666702747,0.035032082349061966,72.49443817138672,36.68486404418945,111.78791046142578,-0.14385591447353363,-0.20082895457744598,0.7045542597770691,-0.003772639011592172,-0.04929494676434138,0.9683820011828237,-0.2866087853908539,-0.44405582547187805,0.035615675151348114,0.9683820011828237,0.0,0.0,0.0,0.0,0.0,0.0,0.052666070587087756,0.030418223133789904,0.0872246635544083,0.0,0.0,0.0,-0.003772639011592172,-0.04929494676434138,0.9683820011828237,0.0,0.0,0.0,0.0,0.0,0.0,zero,0.0,0.0,0.0,0.0,0.052666070587087756,0.030418223133789904,0.0872246635544083,-0.7778418532598349,-0.4364616522770962,-1.813514122985084,1,0.009217262268066406,,,,,,,,,,,,,,,,,,,,,,1.1732021890002216,5,radio://0/80/2M/E7E7E7E705,4.1887902047863905,aborted,cf5 起飞前预检失败（电压或 EKF 对齐）,0.0,0.0,0.0,0,0.0,global_abort:cf5 起飞前预检失败（电压或 EKF 对齐）,,,,,
1.1874857040002098,1788684525.8816986,control,aborted,1,1,0.0019193460002497886,4.170087814331055,4170.0,0,90.0,1.1541483209994112,4.170087814331055,1,1,0,1.0071730349577168,0.3747413158416748,0.0036371061578392982,0.045801132917404175,0.009179454296827316,-0.03359351307153702,-0.004535824526101351,30.058578491210938,-82.06633758544922,7.093349456787109,0.07420716434717178,-1.0490437746047974,-0.023836784064769745,-0.033569722574190164,0.0022118650429862143,3.1246509910693088,0.3747413158416748,0.0036371061578392982,0.045801132917404175,3.1246509910693088,0.0,0.0,0.0,0.0,0.0,0.0,0.016357534968774873,-0.04588938456223697,0.004999341509371331,0.0,0.0,0.0,-0.033569722574190164,0.0022118650429862143,3.1246509910693088,0.0,0.0,0.0,0.0,0.0,0.0,zero,0.0,0.0,0.0,0.0,0.016357534968774873,-0.04588938456223697,0.004999341509371331,-11.194975538475257,28.101570330978564,-1.8035581813527846,1,0.0022902488708496094,,,,,,,,,,,,,,,,,,,,,,1.1874857040002098,2,radio://0/80/2M/E7E7E7E702,0.0,aborted,cf5 起飞前预检失败（电压或 EKF 对齐）,0.0,0.0,0.0,0,0.0,global_abort:cf5 起飞前预检失败（电压或 EKF 对齐）,,,,,
1.1874857040002098,1788684525.8819518,control,aborted,1,1,0.0017133510000348906,4.122580528259277,4122.0,0,90.0,1.1237519819997033,4.122580528259277,1,1,0,1.0187793716120355,-0.31371164321899414,0.3157382607460022,0.040182434022426605,-0.021161487326025963,0.00987253524363041,0.007307068444788456,-57.0323371887207,30.129667282104492,34.973567962646484,0.13404107093811035,0.5980625152587891,-0.14988793432712555,-0.007048855978535855,-0.011755111804405244,-0.5959687881928798,-0.31371164321899414,0.3157382607460022,0.040182434022426605,-0.5959687881928798,0.0,0.0,0.0,0.0,0.0,0.0,-0.015923638247200812,0.014382961968492584,0.014274675447156396,0.0,0.0,0.0,-0.007048855978535855,-0.011755111804405244,-0.5959687881928798,0.0,0.0,0.0,0.0,0.0,0.0,zero,0.0,0.0,0.0,0.0,-0.015923638247200812,0.014382961968492584,0.014274675447156396,16.114931688122628,-11.009409104598392,-14.29089172600698,1,0.0025434494018554688,,,,,,,,,,,,,,,,,,,,,,1.1874857040002098,4,radio://0/80/2M/E7E7E7E704,2.0943951023931953,aborted,cf5 起飞前预检失败（电压或 EKF 对齐）,0.0,0.0,0.0,0,0.0,global_abort:cf5 起飞前预检失败（电压或 EKF 对齐）,,,,,
1.1874857040002098,1788684525.8821595,control,aborted,1,1,0.0014808750001975568,3.763636350631714,3763.0,0,10.0,1.0960304259997429,nan,1,0,1,1.0,-0.2866355776786804,-0.44405868649482727,0.0356326587498188,0.01639743521809578,0.012335142120718956,0.02545817196369171,45.075069427490234,23.607189178466797,70.92390441894531,-0.20550116896629333,-0.06975488364696503,0.5043045878410339,-0.0038316691284341555,-0.048899325157869364,0.9684996364575165,-0.2866355776786804,-0.44405868649482727,0.0356326587498188,0.9684996364575165,0.0,0.0,0.0,0.0,0.0,0.0,0.027556940019828106,0.014722570302358993,0.034056552186603264,0.0,0.0,0.0,-0.0038316691284341555,-0.048899325157869364,0.9684996364575165,0.0,0.0,0.0,0.0,0.0,0.0,zero,0.0,0.0,0.0,0.0,0.027556940019828106,0.014722570302358993,0.034056552186603264,-13.231913618975634,-8.270186770036728,-28.012684435898063,1,0.0027511119842529297,,,,,,,,,,,,,,,,,,,,,,1.1874857040002098,5,radio://0/80/2M/E7E7E7E705,4.1887902047863905,aborted,cf5 起飞前预检失败（电压或 EKF 对齐）,0.0,0.0,0.0,0,0.0,global_abort:cf5 起飞前预检失败（电压或 EKF 对齐）,,,,,
1.2018090260007739,1788684525.8960242,control,aborted,1,1,0.005052571000305761,4.170087814331055,4170.0,0,90.0,1.1684716429999753,4.170087814331055,1,1,0,1.0071730349577168,0.3747379779815674,0.0036158496513962746,0.0458478219807148,0.007279899902641773,-0.027280239388346672,-0.002738150767982006,24.01063346862793,-65.53265380859375,5.708967208862305,0.015661366283893585,-0.840517520904541,-0.004472233355045319,-0.03585944557303297,0.002171225675446094,3.125418190851205,0.3747379779815674,0.0036158496513962746,0.0458478219807148,3.125418190851205,0.0,0.0,0.0,0.0,0.0,0.0,0.009940632909366422,-0.030312560435900186,0.002995117375829683,0.0,0.0,0.0,-0.03585944557303297,0.002171225675446094,3.125418190851205,0.0,0.0,0.0,0.0,0.0,0.0,zero,0.0,0.0,0.0,0.0,0.009940632909366422,-0.030312560435900186,0.002995117375829683,-0.6119560259063028,1.485503643400352,-0.19113538346582085,1,0.0061299800872802734,,,,,,,,,,,,,,,,,,,,,,1.2018090260007739,2,radio://0/80/2M/E7E7E7E702,0.0,aborted,cf5 起飞前预检失败（电压或 EKF 对齐）,0.0,0.0,0.0,0,0.0,global_abort:cf5 起飞前预检失败（电压或 EKF 对齐）,,,,,
1.2018090260007739,1788684525.896282,control,aborted,1,1,0.005733712000619562,4.122580528259277,4122.0,0,90.0,1.1380753040002674,4.122580528259277,1,1,0,1.0187793716120355,-0.313663512468338,0.3157208263874054,0.04027861729264259,-0.016011184081435204,0.007565499283373356,0.007680175825953484,-45.52763748168945,24.05973243713379,27.985971450805664,0.13552014529705048,0.49427029490470886,-0.12630513310432434,-0.005561901602518217,-0.010927791052486329,-0.5963093213264121,-0.313663512468338,0.3157208263874054,0.04027861729264259,-0.5963093213264121,0.0,0.0,0.0,0.0,0.0,0.0,-0.008579761821915947,0.0083257161326234,0.006512291684536034,0.0,0.0,0.0,-0.005561901602518217,-0.010927791052486329,-0.5963093213264121,0.0,0.0,0.0,0.0,0.0,0.0,zero,0.0,0.0,0.0,0.0,-0.008579761821915947,0.0083257161326234,0.006512291684536034,0.700358115233351,-0.5776569527379882,-0.7402695997156417,1,0.0063877105712890625,,,,,,,,,,,,,,,,,,,,,,1.2018090260007739,4,radio://0/80/2M/E7E7E7E704,2.0943951023931953,aborted,cf5 起飞前预检失败（电压或 EKF 对齐）,0.0,0.0,0.0,0,0.0,global_abort:cf5 起飞前预检失败（电压或 EKF 对齐）,,,,,
1.2018090260007739,1788684525.896499,control,aborted,1,1,0.005199545000323269,3.763636350631714,3763.0,0,10.0,1.110353748000307,nan,1,0,1,1.0,-0.2866518199443817,-0.44403961300849915,0.03565565124154091,0.012808157131075859,0.010231906548142433,0.020805077627301216,35.99159622192383,18.84563636779785,56.65037536621094,-0.15926209092140198,-0.020259637385606766,0.3850346505641937,-0.003515578486789085,-0.0470393120207952,0.9675265039023047,-0.2866518199443817,-0.44403961300849915,0.03565565124154091,0.9675265039023047,0.0,0.0,0.0,0.0,0.0,0.0,0.01950955871552743,0.010253535477430763,0.01913466627054963,0.0,0.0,0.0,-0.003515578486789085,-0.0470393120207952,0.9675265039023047,0.0,0.0,0.0,0.0,0.0,0.0,zero,0.0,0.0,0.0,0.0,0.01950955871552743,0.010253535477430763,0.01913466627054963,-0.7674487527376265,-0.4261951897941333,-1.4230446280268167,1,0.006604671478271484,,,,,,,,,,,,,,,,,,,,,,1.2018090260007739,5,radio://0/80/2M/E7E7E7E705,4.1887902047863905,aborted,cf5 起飞前预检失败（电压或 EKF 对齐）,0.0,0.0,0.0,0,0.0,global_abort:cf5 起飞前预检失败（电压或 EKF 对齐）,,,,,
1.2165248770006656,1788684525.91073,control,aborted,1,1,0.0005485300007421756,4.170087814331055,4170.0,0,90.0,1.183187493999867,4.170087814331055,1,1,0,1.0071730349577168,0.3747168779373169,0.0036412945482879877,0.045835621654987335,0.005611536558717489,-0.021568074822425842,-0.0023133237846195698,19.191715240478516,-52.368629455566406,4.571450233459473,0.0284331776201725,-0.6683683395385742,-0.011003164574503899,-0.03428116456460108,0.002547043977397672,3.124666846603833,0.3747168779373169,0.0036412945482879877,0.045835621654987335,3.124666846603833,0.0,0.0,0.0,0.0,0.0,0.0,0.006826992178994927,-0.02435031106759026,-0.00042190691039714514,0.0,0.0,0.0,-0.03428116456460108,0.002547043977397672,3.124666846603833,0.0,0.0,0.0,0.0,0.0,0.0,zero,0.0,0.0,0.0,0.0,0.006826992178994927,-0.02435031106759026,-0.00042190691039714514,-0.15671341553219675,0.30008743579451125,-0.17198308771711823,1,0.0009672641754150391,,,,,,,,,,,,,,,,,,,,,,1.2165248770006656,2,radio://0/80/2M/E7E7E7E702,0.0,aborted,cf5 起飞前预检失败（电压或 EKF 对齐）,0.0,0.0,0.0,0,0.0,global_abort:cf5 起飞前预检失败（电压或 EKF 对齐）,,,,,
1.2165248770006656,1788684525.9109857,control,aborted,1,1,0.00013480400048138108,4.122580528259277,4122.0,0,90.0,1.152791155000159,4.122580528259277,1,1,0,1.0187793716120355,-0.31366482377052307,0.31577008962631226,0.040230877697467804,-0.012822146527469158,0.0065482608042657375,0.0056636156514286995,-36.390010833740234,19.237546920776367,22.368478775024414,0.09347974509000778,0.3827607333660126,-0.09184442460536957,-0.007056464381415237,-0.012179307550115743,-0.5953873536645934,-0.31366482377052307,0.31577008962631226,0.040230877697467804,-0.5953873536645934,0.0,0.0,0.0,0.0,0.0,0.0,-0.010078940071618164,0.006324403264472579,0.004473089531370502,0.0,0.0,0.0,-0.007056464381415237,-0.012179307550115743,-0.5953873536645934,0.0,0.0,0.0,0.0,0.0,0.0,zero,0.0,0.0,0.0,0.0,-0.010078940071618164,0.006324403264472579,0.004473089531370502,-0.07545550830920164,-0.10072856898908562,-0.10263558388929853,1,0.0012230873107910156,,,,,,,,,,,,,,,,,,,,,,1.2165248770006656,4,radio://0/80/2M/E7E7E7E704,2.0943951023931953,aborted,cf5 起飞前预检失败（电压或 EKF 对齐）,0.0,0.0,0.0,0,0.0,global_abort:cf5 起飞前预检失败（电压或 EKF 对齐）,,,,,
1.2165248770006656,1788684525.9111888,control,aborted,1,1,0.00040862700006982777,3.763636350631714,3763.0,0,10.0,1.1250695990001987,nan,1,0,1,1.0,-0.2866551876068115,-0.44402143359184265,0.03566522151231766,0.010212628170847893,0.008368510752916336,0.01674039289355278,28.767152786254883,15.057753562927246,45.279388427734375,-0.12967181205749512,-0.0465550422668457,0.31756818294525146,-0.0037869033170063377,-0.05005080234154946,0.968486478158381,-0.2866551876068115,-0.44402143359184265,0.03566522151231766,0.968486478158381,0.0,0.0,0.0,0.0,0.0,0.0,0.014123865251225881,0.008944773206028878,0.015549441991650237,0.0,0.0,0.0,-0.0037869033170063377,-0.05005080234154946,0.968486478158381,0.0,0.0,0.0,0.0,0.0,0.0,zero,0.0,0.0,0.0,0.0,0.014123865251225881,0.008944773206028878,0.015549441991650237,-0.27106865913185296,-0.06587163498680025,-0.18044880281619555,1,0.0014262199401855469,,,,,,,,,,,,,,,,,,,,,,1.2165248770006656,5,radio://0/80/2M/E7E7E7E705,4.1887902047863905,aborted,cf5 起飞前预检失败（电压或 EKF 对齐）,0.0,0.0,0.0,0,0.0,global_abort:cf5 起飞前预检失败（电压或 EKF 对齐）,,,,,
1.2303985759999705,1788684525.924607,control,aborted,1,1,0.003806349999649683,4.170087814331055,4170.0,0,90.0,1.197061192999172,4.170087814331055,1,1,0,1.0071730349577168,0.37471434473991394,0.003629468847066164,0.04585304483771324,0.006363609805703163,-0.015279634855687618,0.0006097426521591842,12.582032203674316,-33.17359924316406,3.257579803466797,0.0005077146925032139,-0.43889203667640686,0.026676516979932785,-0.034157708154015524,0.0030881677497535797,3.1249590269850156,0.37471434473991394,0.003629468847066164,0.04585304483771324,3.1249590269850156,0.0,0.0,0.0,0.0,0.0,0.0,0.002806903378266842,-0.015802920249407777,-0.004876402240784537,0.0,0.0,0.0,-0.034157708154015524,0.0030881677497535797,3.1249590269850156,0.0,0.0,0.0,0.0,0.0,0.0,zero,0.0,0.0,0.0,0.0,0.002806903378266842,-0.015802920249407777,-0.004876402240784537,-0.13020868519983156,0.34188894225218974,-0.14702734623873423,1,0.004261493682861328,,,,,,,,,,,,,,,,,,,,,,1.2303985759999705,2,radio://0/80/2M/E7E7E7E702,0.0,aborted,cf5 起飞前预检失败（电压或 EKF 对齐）,0.0,0.0,0.0,0,0.0,global_abort:cf5 起飞前预检失败（电压或 EKF 对齐）,,,,,
1.2303985759999705,1788684525.9248443,control,aborted,1,1,0.0034895489998234552,4.122580528259277,4122.0,0,90.0,1.166664853999464,4.122580528259277,1,1,0,1.0187793716120355,-0.3137025535106659,0.31577470898628235,0.0402202233672142,-0.00978612806648016,0.003900148905813694,0.0006599790067411959,-23.10512351989746,12.090009689331055,13.744407653808594,0.14415180683135986,0.3184300661087036,-0.0949474573135376,-0.006705632525285462,-0.011972590636908939,-0.5953717268333456,-0.3137025535106659,0.31577470898628235,0.0402202233672142,-0.5953717268333456,0.0,0.0,0.0,0.0,0.0,0.0,-0.012231319179656442,0.0035164308328943326,0.0014474980463253912,0.0,0.0,0.0,-0.006705632525285462,-0.011972590636908939,-0.5953717268333456,0.0,0.0,0.0,0.0,0.0,0.0,zero,0.0,0.0,0.0,0.0,-0.012231319179656442,0.0035164308328943326,0.0014474980463253912,-0.08508642104252642,-0.10833505752187997,-0.1286391901939969,1,0.004498720169067383,,,,,,,,,,,,,,,,,,,,,,1.2303985759999705,4,radio://0/80/2M/E7E7E7E704,2.0943951023931953,aborted,cf5 起飞前预检失败（电压或 EKF 对齐）,0.0,0.0,0.0,0,0.0,global_abort:cf5 起飞前预检失败（电压或 EKF 对齐）,,,,,
1.2303985759999705,1788684525.925046,control,aborted,1,1,0.0032575629993516486,3.763636350631714,3763.0,0,10.0,1.1389432979995036,nan,1,0,1,1.0,-0.286657452583313,-0.44408589601516724,0.03563181683421135,0.00802807230502367,0.0013645461294800043,0.010852920822799206,18.39552879333496,8.99666690826416,28.68169403076172,-0.1200016662478447,-0.027038972824811935,0.23785218596458435,-0.0035369091650138077,-0.0495886257707282,0.9680649225811468,-0.286657452583313,-0.44408589601516724,0.03563181683421135,0.9680649225811468,0.0,0.0,0.0,0.0,0.0,0.0,0.006487604985575948,0.006571281547107246,0.010683242458319805,0.0,0.0,0.0,-0.0035369091650138077,-0.0495886257707282,0.9680649225811468,0.0,0.0,0.0,0.0,0.0,0.0,zero,0.0,0.0,0.0,0.0,0.006487604985575948,0.006571281547107246,0.010683242458319805,-0.2988817679174444,-0.12926413979339219,-0.17679924122315951,1,0.004700422286987305,,,,,,,,,,,,,,,,,,,,,,1.2303985759999705,5,radio://0/80/2M/E7E7E7E705,4.1887902047863905,aborted,cf5 起飞前预检失败（电压或 EKF 对齐）,0.0,0.0,0.0,0,0.0,global_abort:cf5 起飞前预检失败（电压或 EKF 对齐）,,,,,
1.2453729500002737,1788684525.9395912,control,aborted,1,1,9.83339996309951e-05,4.170087814331055,4170.0,0,90.0,1.2120355669994751,4.170087814331055,1,1,0,1.0071730349577168,0.3747473657131195,0.0036585982888936996,0.045845817774534225,0.00545499287545681,-0.011902513913810253,0.0004081051447428763,10.055606842041016,-26.50164222717285,2.6038405895233154,-0.0021917300764471292,-0.36528849601745605,0.02192869409918785,-0.03439307771723902,0.0018052183450438797,3.125056327374226,0.3747473657131195,0.0036585982888936996,0.045845817774534225,3.125056327374226,0.0,0.0,0.0,0.0,0.0,0.0,0.004010832508027421,-0.014625782855220888,-0.0031142657778590343,0.0,0.0,0.0,-0.03439307771723902,0.0018052183450438797,3.125056327374226,0.0,0.0,0.0,0.0,0.0,0.0,zero,0.0,0.0,0.0,0.0,0.004010832508027421,-0.014625782855220888,-0.0031142657778590343,0.06637544546540107,0.06489835404902465,0.09715072906389954,1,0.0011074542999267578,,,,,,,,,,,,,,,,,,,,,,1.2453729500002737,2,radio://0/80/2M/E7E7E7E702,0.0,aborted,cf5 起飞前预检失败（电压或 EKF 对齐）,0.0,0.0,0.0,0,0.0,global_abort:cf5 起飞前预检失败（电压或 EKF 对齐）,,,,,
1.2453729500002737,1788684525.939869,control,aborted,1,1,0.0006208590002643177,4.122580528259277,4122.0,0,90.0,1.1816392279997672,4.122580528259277,1,1,0,1.0187793716120355,-0.3136669993400574,0.3157602548599243,0.040200721472501755,-0.007436865475028753,0.002960741287097335,0.00031294621294364333,-18.458194732666016,9.661648750305176,10.991700172424316,0.11877235025167465,0.26792311668395996,-0.08117373287677765,-0.0063871981381906275,-0.010780490440083248,-0.5958525894784431,-0.3136669993400574,0.3157602548599243,0.040200721472501755,-0.5958525894784431,0.0,0.0,0.0,0.0,0.0,0.0,-0.011435354266583882,0.0033254623593999486,0.0006712775913842778,0.0,0.0,0.0,-0.0063871981381906275,-0.010780490440083248,-0.5958525894784431,0.0,0.0,0.0,0.0,0.0,0.0,zero,0.0,0.0,0.0,0.0,-0.011435354266583882,0.0033254623593999486,0.0006712775913842778,0.043883418362447135,-0.010528541244415381,-0.042794859931928594,1,0.0013852119445800781,,,,,,,,,,,,,,,,,,,,,,1.2453729500002737,4,radio://0/80/2M/E7E7E7E704,2.0943951023931953,aborted,cf5 起飞前预检失败（电压或 EKF 对齐）,0.0,0.0,0.0,0,0.0,global_abort:cf5 起飞前预检失败（电压或 EKF 对齐）,,,,,
1.2453729500002737,1788684525.9400978,control,aborted,1,1,0.0003023919998668134,3.763636350631714,3763.0,0,10.0,1.1539176719998068,nan,1,0,1,1.0,-0.2866901457309723,-0.44406646490097046,0.035607319325208664,0.006061967927962542,0.0013058935292065144,0.008412215858697891,14.694744110107422,7.1966872215271,22.91844367980957,-0.10040529817342758,-0.03029201552271843,0.1931295245885849,-0.003949372183965216,-0.05037311808599969,0.968326372871469,-0.2866901457309723,-0.44406646490097046,0.035607319325208664,0.968326372871469,0.0,0.0,0.0,0.0,0.0,0.0,0.006274532408355037,0.004222752748157248,0.010372139745286156,0.0,0.0,0.0,-0.003949372183965216,-0.05037311808599969,0.968326372871469,0.0,0.0,0.0,0.0,0.0,0.0,zero,0.0,0.0,0.0,0.0,0.006274532408355037,0.004222752748157248,0.010372139745286156,-0.011747192488241893,-0.12947991818225182,-0.017151824515791676,1,0.0016140937805175781,,,,,,,,,,,,,,,,,,,,,,1.2453729500002737,5,radio://0/80/2M/E7E7E7E705,4.1887902047863905,aborted,cf5 起飞前预检失败（电压或 EKF 对齐）,0.0,0.0,0.0,0,0.0,global_abort:cf5 起飞前预检失败（电压或 EKF 对齐）,,,,,
1.2589466770004947,1788684525.9531443,control,aborted,1,1,0.003765285000554286,4.170087814331055,4170.0,0,90.0,1.225609293999696,4.170087814331055,1,1,0,1.0071730349577168,0.3747471868991852,0.0036423015408217907,0.045828185975551605,0.11163672804832458,-0.04154865816235542,0.01537446677684784,242.14459228515625,-86.62290954589844,35.495635986328125,1.6401723623275757,1.7317206859588623,-0.7023553252220154,-0.034475918519506,0.002916696139359762,3.1248194193904832,0.3747471868991852,0.0036423015408217907,0.045828185975551605,3.1248194193904832,0.0,0.0,0.0,0.0,0.0,0.0,0.005635517233382961,-0.012642425887173537,-0.00022404478540396372,0.0,0.0,0.0,-0.034475918519506,0.002916696139359762,3.1248194193904832,0.0,0.0,0.0,0.0,0.0,0.0,zero,0.0,0.0,0.0,0.0,0.005635517233382961,-0.012642425887173537,-0.00022404478540396372,8.967021875987239,10.943438344315773,15.94823849966745,1,0.004540920257568359,,,,,,,,,,,,,,,,,,,,,,1.2589466770004947,2,radio://0/80/2M/E7E7E7E702,0.0,aborted,cf5 起飞前预检失败（电压或 EKF 对齐）,0.0,0.0,0.0,0,0.0,global_abort:cf5 起飞前预检失败（电压或 EKF 对齐）,,,,,
1.2589466770004947,1788684525.9533834,control,aborted,1,1,0.0035831710001730244,4.122580528259277,4122.0,0,90.0,1.1952129549999881,4.122580528259277,1,1,0,1.0187793716120355,-0.31367233395576477,0.31571537256240845,0.04023537039756775,-0.08201072365045547,-0.15102757513523102,0.03906229883432388,-178.7045135498047,-328.9122314453125,90.80850219726562,1.5579243898391724,-0.1305408775806427,1.800761103630066,-0.005849806357936046,-0.01135333863982399,-0.5952864846393263,-0.31367233395576477,0.31571537256240845,0.04023537039756775,-0.5952864846393263,0.0,0.0,0.0,0.0,0.0,0.0,-0.009430472944634265,0.0030764614585997194,-0.0002181759719038145,0.0,0.0,0.0,-0.005849806357936046,-0.01135333863982399,-0.5952864846393263,0.0,0.0,0.0,0.0,0.0,0.0,zero,0.0,0.0,0.0,0.0,-0.009430472944634265,0.0030764614585997194,-0.0002181759719038145,11.061323031870108,-1.3773344745842802,-4.906989471546524,1,0.0047800540924072266,,,,,,,,,,,,,,,,,,,,,,1.2589466770004947,4,radio://0/80/2M/E7E7E7E704,2.0943951023931953,aborted,cf5 起飞前预检失败（电压或 EKF 对齐）,0.0,0.0,0.0,0,0.0,global_abort:cf5 起飞前预检失败（电压或 EKF 对齐）,,,,,
1.2589466770004947,1788684525.9535968,control,aborted,1,1,0.00318962300025305,3.763636350631714,3763.0,0,10.0,1.1674913990000277,nan,1,0,1,1.0,-0.28662964701652527,-0.4440869987010956,0.035656265914440155,0.09965980798006058,-0.04078013449907303,0.09348369389772415,215.0963897705078,-86.4007797241211,203.15968322753906,0.380325585603714,-0.6249523162841797,1.1039178371429443,-0.00391672106773676,-0.05018628313689071,0.9684847325357925,-0.28662964701652527,-0.4440869987010956,0.035656265914440155,0.9684847325357925,0.0,0.0,0.0,0.0,0.0,0.0,0.006064259904512712,0.0008385715141795719,0.009533021134490229,0.0,0.0,0.0,-0.00391672106773676,-0.05018628313689071,0.9684847325357925,0.0,0.0,0.0,0.0,0.0,0.0,zero,0.0,0.0,0.0,0.0,0.006064259904512712,0.0008385715141795719,0.009533021134490229,-1.1582512196596602,-18.67438418266628,-4.628457774412712,1,0.004993438720703125,,,,,,,,,,,,,,,,,,,,,,1.2589466770004947,5,radio://0/80/2M/E7E7E7E705,4.1887902047863905,aborted,cf5 起飞前预检失败（电压或 EKF 对齐）,0.0,0.0,0.0,0,0.0,global_abort:cf5 起飞前预检失败（电压或 EKF 对齐）,,,,,
1.2732229050006936,1788684525.9674852,control,aborted,1,1,0.008227907000218693,4.170087814331055,4170.0,0,90.0,1.239885521999895,4.170087814331055,1,1,0,1.0071730349577168,0.3747263252735138,0.003653528168797493,0.04579833522439003,0.08889220654964447,-0.03301442414522171,0.011702632531523705,193.26084899902344,-69.12767028808594,28.323081970214844,1.3123961687088013,1.3747161626815796,-0.5643848776817322,-0.034463290383958796,0.002379617782492737,3.1247128200013035,0.3747263252735138,0.003653528168797493,0.04579833522439003,3.1247128200013035,0.0,0.0,0.0,0.0,0.0,0.0,0.016788897592903904,-0.01485780411405083,0.002129696260337276,0.0,0.0,0.0,-0.034463290383958796,0.002379617782492737,3.1247128200013035,0.0,0.0,0.0,0.0,0.0,0.0,zero,0.0,0.0,0.0,0.0,0.016788897592903904,-0.01485780411405083,0.002129696260337276,1.1152061565619367,-0.22151162769391483,0.23534627355575152,1,0.008880615234375,,,,,,,,,,,,,,,,,,,,,,1.2732229050006936,2,radio://0/80/2M/E7E7E7E702,0.0,aborted,cf5 起飞前预检失败（电压或 EKF 对齐）,0.0,0.0,0.0,0,0.0,global_abort:cf5 起飞前预检失败（电压或 EKF 对齐）,,,,,
1.2732229050006936,1788684525.967745,control,aborted,1,1,0.00841970500005118,4.122580528259277,4122.0,0,90.0,1.209489183000187,4.122580528259277,1,1,0,1.0187793716120355,-0.31363970041275024,0.3157491981983185,0.04018741846084595,-0.06495599448680878,-0.12014563381671906,0.030290920287370682,-142.62255859375,-262.5122375488281,72.47139739990234,1.2089582681655884,-0.11837323755025864,1.4286929368972778,-0.007712182521923756,-0.012054475138911716,-0.5958776199870719,-0.31363970041275024,0.3157491981983185,0.04018741846084595,-0.5958776199870719,0.0,0.0,0.0,0.0,0.0,0.0,-0.016085663964964116,-0.01278041073658182,0.0035631813703640054,0.0,0.0,0.0,-0.007712182521923756,-0.012054475138911716,-0.5958776199870719,0.0,0.0,0.0,0.0,0.0,0.0,zero,0.0,0.0,0.0,0.0,-0.016085663964964116,-0.01278041073658182,0.0035631813703640054,-0.6654404099679024,-1.585499725272688,0.3780910228402614,1,0.009140491485595703,,,,,,,,,,,,,,,,,,,,,,1.2732229050006936,4,radio://0/80/2M/E7E7E7E704,2.0943951023931953,aborted,cf5 起飞前预检失败（电压或 EKF 对齐）,0.0,0.0,0.0,0,0.0,global_abort:cf5 起飞前预检失败（电压或 EKF 对齐）,,,,,
1.2732229050006936,1788684525.967956,control,aborted,1,1,0.008039875000577013,3.763636350631714,3763.0,0,10.0,1.1817676270002266,nan,1,0,1,1.0,-0.28666990995407104,-0.4440370798110962,0.03563391789793968,0.07892268896102905,-0.03162585198879242,0.07434004545211792,171.6624298095703,-68.93756866455078,162.14492797851562,0.31705331802368164,-0.49502652883529663,0.8860235810279846,-0.0032841927852008505,-0.049938963480547126,0.968628481896038,-0.28666990995407104,-0.4440370798110962,0.03563391789793968,0.968628481896038,0.0,0.0,0.0,0.0,0.0,0.0,0.015488974875815702,-0.004293994559394364,0.017725084270292367,0.0,0.0,0.0,-0.0032841927852008505,-0.049938963480547126,0.968628481896038,0.0,0.0,0.0,0.0,0.0,0.0,zero,0.0,0.0,0.0,0.0,0.015488974875815702,-0.004293994559394364,0.017725084270292367,0.9423600577618961,-0.5131959190582496,0.819109449288344,1,0.009351491928100586,,,,,,,,,,,,,,,,,,,,,,1.2732229050006936,5,radio://0/80/2M/E7E7E7E705,4.1887902047863905,aborted,cf5 起飞前预检失败（电压或 EKF 对齐）,0.0,0.0,0.0,0,0.0,global_abort:cf5 起飞前预检失败（电压或 EKF 对齐）,,,,,
1.2875176580000698,1788684525.9817185,control,aborted,1,1,0.0028509710000435007,4.170087814331055,4170.0,0,90.0,1.2541802749992712,4.170087814331055,1,1,0,1.0071730349577168,0.3746824860572815,0.0036596469581127167,0.045892879366874695,0.055744368582963943,-0.02084699459373951,0.009411091916263103,123.08692932128906,-44.02054214477539,18.090702056884766,0.8279184103012085,0.8921696543693542,-0.3612488806247711,-0.03492333914668432,0.002905329030601176,3.124756462468027,0.3746824860572815,0.0036596469581127167,0.045892879366874695,3.124756462468027,0.0,0.0,0.0,0.0,0.0,0.0,0.04921287077994659,-0.022395767317491908,0.007212621174809412,0.0,0.0,0.0,-0.03492333914668432,0.002905329030601176,3.124756462468027,0.0,0.0,0.0,0.0,0.0,0.0,zero,0.0,0.0,0.0,0.0,0.04921287077994659,-0.022395767317491908,0.007212621174809412,1.5722831324835658,-0.35770722674783595,0.2397003913242465,1,0.00313568115234375,,,,,,,,,,,,,,,,,,,,,,1.2875176580000698,2,radio://0/80/2M/E7E7E7E702,0.0,aborted,cf5 起飞前预检失败（电压或 EKF 对齐）,0.0,0.0,0.0,0,0.0,global_abort:cf5 起飞前预检失败（电压或 EKF 对齐）,,,,,
1.2875176580000698,1788684525.981963,control,aborted,1,1,0.0026594639994073077,4.122580528259277,4122.0,0,90.0,1.2237839359995633,4.122580528259277,1,1,0,1.0187793716120355,-0.3136717677116394,0.31578290462493896,0.04020144045352936,-0.042241696268320084,-0.07631222903728485,0.019447434693574905,-90.87478637695312,-167.2255096435547,46.18374252319336,0.7852104902267456,-0.07305167615413666,0.9173715710639954,-0.006499964869514977,-0.011630107915097325,-0.595714798590667,-0.3136717677116394,0.31578290462493896,0.04020144045352936,-0.595714798590667,0.0,0.0,0.0,0.0,0.0,0.0,-0.03731395496897471,-0.06064452222743708,0.015513509136301966,0.0,0.0,0.0,-0.006499964869514977,-0.011630107915097325,-0.595714798590667,0.0,0.0,0.0,0.0,0.0,0.0,zero,0.0,0.0,0.0,0.0,-0.03731395496897471,-0.06064452222743708,0.015513509136301966,-1.034670142138736,-2.3465931956663195,0.5891413953305047,1,0.0033800601959228516,,,,,,,,,,,,,,,,,,,,,,1.2875176580000698,4,radio://0/80/2M/E7E7E7E704,2.0943951023931953,aborted,cf5 起飞前预检失败（电压或 EKF 对齐）,0.0,0.0,0.0,0,0.0,global_abort:cf5 起飞前预检失败（电压或 EKF 对齐）,,,,,
1.2875176580000698,1788684525.9821749,control,aborted,1,1,0.002455146000102104,3.763636350631714,3763.0,0,10.0,1.1960623799996029,nan,1,0,1,1.0,-0.2866673171520233,-0.4440311789512634,0.03564227372407913,0.050815992057323456,-0.020190421491861343,0.047977667301893234,109.36771392822266,-43.917049407958984,103.30745697021484,0.16511008143424988,-0.33366093039512634,0.5769966244697571,-0.005073865548139862,-0.05056493919121607,0.968891572155438,-0.2866673171520233,-0.4440311789512634,0.03564227372407913,0.968891572155438,0.0,0.0,0.0,0.0,0.0,0.0,0.04362103998832465,-0.0173131799097337,0.04256991754149391,0.0,0.0,0.0,-0.005073865548139862,-0.05056493919121607,0.968891572155438,0.0,0.0,0.0,0.0,0.0,0.0,zero,0.0,0.0,0.0,0.0,0.04362103998832465,-0.0173131799097337,0.04256991754149391,1.3660223323032452,-0.6216151664030379,1.2038860544274566,1,0.0035920143127441406,,,,,,,,,,,,,,,,,,,,,,1.2875176580000698,5,radio://0/80/2M/E7E7E7E705,4.1887902047863905,aborted,cf5 起飞前预检失败（电压或 EKF 对齐）,0.0,0.0,0.0,0,0.0,global_abort:cf5 起飞前预检失败（电压或 EKF 对齐）,,,,,
1.3017633019999266,1788684525.9959593,control,aborted,1,1,0.0065831099991555675,4.170087814331055,4170.0,0,90.0,1.268425918999128,4.170087814331055,1,1,0,1.0071730349577168,0.37473493814468384,0.003650881117209792,0.04580088332295418,0.04562462493777275,-0.016849584877490997,0.005723878275603056,98.27098846435547,-35.138004302978516,14.400217056274414,0.6572609543800354,0.6962341070175171,-0.2887977361679077,-0.03518183269878173,0.002014222039666528,3.1247979809545665,0.37473493814468384,0.003650881117209792,0.04580088332295418,3.1247979809545665,0.0,0.0,0.0,0.0,0.0,0.0,0.05826639243034773,-0.024022490978538605,0.008610010174130527,0.0,0.0,0.0,-0.03518183269878173,0.002014222039666528,3.1247979809545665,0.0,0.0,0.0,0.0,0.0,0.0,zero,0.0,0.0,0.0,0.0,0.05826639243034773,-0.024022490978538605,0.008610010174130527,0.888158626414784,-0.15958305597995098,0.13708511915351537,1,0.0071828365325927734,,,,,,,,,,,,,,,,,,,,,,1.3017633019999266,2,radio://0/80/2M/E7E7E7E702,0.0,aborted,cf5 起飞前预检失败（电压或 EKF 对齐）,0.0,0.0,0.0,0,0.0,global_abort:cf5 起飞前预检失败（电压或 EKF 对齐）,,,,,
1.3017633019999266,1788684525.9961922,control,aborted,1,1,0.006776554999305517,4.122580528259277,4122.0,0,90.0,1.23802957999942,4.122580528259277,1,1,0,1.0187793716120355,-0.3137233257293701,0.3157374858856201,0.04020800068974495,-0.034804943948984146,-0.06194091588258743,0.01568666100502014,-72.55391693115234,-133.49844360351562,36.873207092285156,0.624639093875885,-0.07369395345449448,0.7428308129310608,-0.006685379085892296,-0.01240447571284003,-0.5952543494464944,-0.3137233257293701,0.3157374858856201,0.04020800068974495,-0.5952543494464944,0.0,0.0,0.0,0.0,0.0,0.0,-0.04330801572798302,-0.07490858825383924,0.019113392673599298,0.0,0.0,0.0,-0.006685379085892296,-0.01240447571284003,-0.5952543494464944,0.0,0.0,0.0,0.0,0.0,0.0,zero,0.0,0.0,0.0,0.0,-0.04330801572798302,-0.07490858825383924,0.019113392673599298,-0.5880227579874071,-1.399317721688754,0.35315181663010986,1,0.007415771484375,,,,,,,,,,,,,,,,,,,,,,1.3017633019999266,4,radio://0/80/2M/E7E7E7E704,2.0943951023931953,aborted,cf5 起飞前预检失败（电压或 EKF 对齐）,0.0,0.0,0.0,0,0.0,global_abort:cf5 起飞前预检失败（电压或 EKF 对齐）,,,,,
1.3017633019999266,1788684525.996397,control,aborted,1,1,0.006413223999516049,3.763636350631714,3763.0,0,10.0,1.2103080239994597,nan,1,0,1,1.0,-0.2866378724575043,-0.4440763294696808,0.03564344719052315,0.04123050719499588,-0.01703820563852787,0.0384051576256752,87.30609893798828,-35.07179260253906,82.4581527709961,0.14753486216068268,-0.22397111356258392,0.4518159031867981,-0.004261390660518068,-0.048377843138328505,0.9683822163389394,-0.2866378724575043,-0.4440763294696808,0.03564344719052315,0.9683822163389394,0.0,0.0,0.0,0.0,0.0,0.0,0.05159730317868098,-0.02091419198777029,0.04943955362939581,0.0,0.0,0.0,-0.004261390660518068,-0.048377843138328505,0.9683822163389394,0.0,0.0,0.0,0.0,0.0,0.0,zero,0.0,0.0,0.0,0.0,0.05159730317868098,-0.02091419198777029,0.04943955362939581,0.7824786014352543,-0.3532625274928591,0.6739174861894817,1,0.007620573043823242,,,,,,,,,,,,,,,,,,,,,,1.3017633019999266,5,radio://0/80/2M/E7E7E7E705,4.1887902047863905,aborted,cf5 起飞前预检失败（电压或 EKF 对齐）,0.0,0.0,0.0,0,0.0,global_abort:cf5 起飞前预检失败（电压或 EKF 对齐）,,,,,
1.3161249280001357,1788684526.0103326,control,aborted,1,1,0.01115697499972157,4.170087814331055,4170.0,0,90.0,1.2827875449993371,4.170087814331055,1,1,0,1.0071730349577168,0.37471407651901245,0.003678880399093032,0.04584071785211563,0.03607233241200447,-0.012906075455248356,0.005395151674747467,78.42110443115234,-28.029617309570312,11.513440132141113,0.5493564009666443,0.5743177533149719,-0.23595789074897766,-0.034033030441281226,0.0028513742708923913,3.124528704849945,0.37471407651901245,0.003678880399093032,0.04584071785211563,3.124528704849945,0.0,0.0,0.0,0.0,0.0,0.0,0.061448667547998194,-0.023905107862207172,0.009084750705930966,0.0,0.0,0.0,-0.034033030441281226,0.0028513742708923913,3.124528704849945,0.0,0.0,0.0,0.0,0.0,0.0,zero,0.0,0.0,0.0,0.0,0.061448667547998194,-0.023905107862207172,0.009084750705930966,0.3259684288241339,0.012023847274803861,0.04862886442212386,1,0.01179361343383789,,,,,,,,,,,,,,,,,,,,,,1.3161249280001357,2,radio://0/80/2M/E7E7E7E702,0.0,aborted,cf5 起飞前预检失败（电压或 EKF 对齐）,0.0,0.0,0.0,0,0.0,global_abort:cf5 起飞前预检失败（电压或 EKF 对齐）,,,,,
1.3161249280001357,1788684526.010572,control,aborted,1,1,0.011409656000068935,4.122580528259277,4122.0,0,90.0,1.2523912059996292,4.122580528259277,1,1,0,1.0187793716120355,-0.3137248456478119,0.3157597780227661,0.040234845131635666,-0.02787509374320507,-0.049096059054136276,0.013099263422191143,-57.90116882324219,-106.5356216430664,29.445560455322266,0.5094208717346191,-0.0435519777238369,0.5831982493400574,-0.0062048585784556425,-0.011656083270832732,-0.5957994312895343,-0.3137248456478119,0.3157597780227661,0.040234845131635666,-0.5957994312895343,0.0,0.0,0.0,0.0,0.0,0.0,-0.04540080117215805,-0.08091930879232706,0.020636376629395162,0.0,0.0,0.0,-0.0062048585784556425,-0.011656083270832732,-0.5957994312895343,0.0,0.0,0.0,0.0,0.0,0.0,zero,0.0,0.0,0.0,0.0,-0.04540080117215805,-0.08091930879232706,0.020636376629395162,-0.2143692666042715,-0.6156931935785679,0.1560030697665377,1,0.01203298568725586,,,,,,,,,,,,,,,,,,,,,,1.3161249280001357,4,radio://0/80/2M/E7E7E7E704,2.0943951023931953,aborted,cf5 起飞前预检失败（电压或 EKF 对齐）,0.0,0.0,0.0,0,0.0,global_abort:cf5 起飞前预检失败（电压或 EKF 对齐）,,,,,
1.3161249280001357,1788684526.0107825,control,aborted,1,1,0.010994618000040646,3.763636350631714,3763.0,0,10.0,1.2246696499996688,nan,1,0,1,1.0,-0.2866153120994568,-0.44410330057144165,0.035642217844724655,0.033446576446294785,-0.014183093793690205,0.03069894202053547,69.68541717529297,-27.998945236206055,65.80865478515625,0.1312960684299469,-0.17992915213108063,0.35971394181251526,-0.0036096211091492907,-0.0484148987323433,0.9682974313699277,-0.2866153120994568,-0.44410330057144165,0.035642217844724655,0.9682974313699277,0.0,0.0,0.0,0.0,0.0,0.0,0.05455467557049081,-0.022344051283178717,0.05170227961605832,0.0,0.0,0.0,-0.0036096211091492907,-0.0484148987323433,0.9682974313699277,0.0,0.0,0.0,0.0,0.0,0.0,zero,0.0,0.0,0.0,0.0,0.05455467557049081,-0.022344051283178717,0.05170227961605832,0.30293107803886865,-0.14646407703052094,0.23177670297610342,1,0.012243509292602539,,,,,,,,,,,,,,,,,,,,,,1.3161249280001357,5,radio://0/80/2M/E7E7E7E705,4.1887902047863905,aborted,cf5 起飞前预检失败（电压或 EKF 对齐）,0.0,0.0,0.0,0,0.0,global_abort:cf5 起飞前预检失败（电压或 EKF 对齐）,,,,,
1.330395752000186,1788684526.024609,control,aborted,1,1,0.011676569999508501,4.170087814331055,4170.0,0,90.0,1.2970583689993873,4.170087814331055,1,1,0,1.0071730349577168,0.3746969699859619,0.003637001384049654,0.04582827538251877,0.028609368950128555,-0.01093321479856968,0.0041353763081133366,62.628475189208984,-22.395036697387695,9.192452430725098,0.4216710329055786,0.4469811022281647,-0.18200106918811798,-0.03525814476735237,0.002009373796079308,3.1250238880412526,0.3746969699859619,0.003637001384049654,0.04582827538251877,3.1250238880412526,0.0,0.0,0.0,0.0,0.0,0.0,0.05650220812749439,-0.021191015987537077,0.008292415411286962,0.0,0.0,0.0,-0.03525814476735237,0.002009373796079308,3.1250238880412526,0.0,0.0,0.0,0.0,0.0,0.0,zero,0.0,0.0,0.0,0.0,0.05650220812749439,-0.021191015987537077,0.008292415411286962,-0.359267066101974,0.19712763050315646,-0.0575482284350371,1,0.012301921844482422,,,,,,,,,,,,,,,,,,,,,,1.330395752000186,2,radio://0/80/2M/E7E7E7E702,0.0,aborted,cf5 起飞前预检失败（电压或 EKF 对齐）,0.0,0.0,0.0,0,0.0,global_abort:cf5 起飞前预检失败（电压或 EKF 对齐）,,,,,
1.330395752000186,1788684526.0248442,control,aborted,1,1,0.011470348999864655,4.122580528259277,4122.0,0,90.0,1.2666620299996794,4.122580528259277,1,1,0,1.0187793716120355,-0.31366464495658875,0.3157505393028259,0.04020687937736511,-0.021425573155283928,-0.03941105678677559,0.010073168203234673,-46.22724533081055,-85.08781433105469,23.512489318847656,0.40032273530960083,-0.023941941559314728,0.46449875831604004,-0.006699814034758524,-0.010906684038274864,-0.5959460325781858,-0.31366464495658875,0.3157505393028259,0.04020687937736511,-0.5959460325781858,0.0,0.0,0.0,0.0,0.0,0.0,-0.04187886461340369,-0.07561096852488336,0.019346222987067153,0.0,0.0,0.0,-0.006699814034758524,-0.010906684038274864,-0.5959460325781858,0.0,0.0,0.0,0.0,0.0,0.0,zero,0.0,0.0,0.0,0.0,-0.04187886461340369,-0.07561096852488336,0.019346222987067153,0.25580232382298335,0.38555089037023244,-0.09370535053388754,1,0.012537002563476562,,,,,,,,,,,,,,,,,,,,,,1.330395752000186,4,radio://0/80/2M/E7E7E7E704,2.0943951023931953,aborted,cf5 起飞前预检失败（电压或 EKF 对齐）,0.0,0.0,0.0,0,0.0,global_abort:cf5 起飞前预检失败（电压或 EKF 对齐）,,,,,
1.330395752000186,1788684526.0250437,control,aborted,1,1,0.0118694749999122,3.763636350631714,3763.0,0,10.0,1.238940473999719,nan,1,0,1,1.0,-0.2866970896720886,-0.4440944790840149,0.0355907566845417,0.02556932158768177,-0.011218329891562462,0.02381160482764244,55.63390350341797,-22.356088638305664,52.546875,0.10554450750350952,-0.17615094780921936,0.2867009937763214,-0.003571415359277699,-0.050632322432274994,0.9682316098913304,-0.2866970896720886,-0.4440944790840149,0.0355907566845417,0.9682316098913304,0.0,0.0,0.0,0.0,0.0,0.0,0.05045632869637479,-0.02087689583432786,0.04739238622806466,0.0,0.0,0.0,-0.003571415359277699,-0.050632322432274994,0.9682316098913304,0.0,0.0,0.0,0.0,0.0,0.0,zero,0.0,0.0,0.0,0.0,0.05045632869637479,-0.02087689583432786,0.04739238622806466,-0.2976676713910839,0.10656119636588185,-0.31303253925391983,1,0.01273655891418457,,,,,,,,,,,,,,,,,,,,,,1.330395752000186,5,radio://0/80/2M/E7E7E7E705,4.1887902047863905,aborted,cf5 起飞前预检失败（电压或 EKF 对齐）,0.0,0.0,0.0,0,0.0,global_abort:cf5 起飞前预检失败（电压或 EKF 对齐）,,,,,
1.3452214470007675,1788684526.0394478,control,aborted,1,1,7.412500053760596e-05,4.170087814331055,4170.0,0,90.0,1.311884063999969,4.170087814331055,1,1,0,1.0071730349577168,0.3747462034225464,0.003643244272097945,0.04583071172237396,0.015806354582309723,-0.004561326932162046,0.0025171071756631136,31.74613380432129,-11.206918716430664,4.679234981536865,0.2138538509607315,0.2415512204170227,-0.11745618283748627,-0.03433053296580334,0.0026146370937594585,3.1240555232891665,0.3747462034225464,0.003643244272097945,0.04583071172237396,3.1240555232891665,0.0,0.0,0.0,0.0,0.0,0.0,0.028692205308592865,-0.010061379066877594,0.004109299544721978,0.0,0.0,0.0,-0.03433053296580334,0.0026146370937594585,3.1240555232891665,0.0,0.0,0.0,0.0,0.0,0.0,zero,0.0,0.0,0.0,0.0,0.028692205308592865,-0.010061379066877594,0.004109299544721978,-2.1420578612878294,0.8413506056962478,-0.3220265625525885,1,0.0009517669677734375,,,,,,,,,,,,,,,,,,,,,,1.3452214470007675,2,radio://0/80/2M/E7E7E7E702,0.0,aborted,cf5 起飞前预检失败（电压或 EKF 对齐）,0.0,0.0,0.0,0,0.0,global_abort:cf5 起飞前预检失败（电压或 EKF 对齐）,,,,,
1.3452214470007675,1788684526.0397065,control,aborted,1,1,0.0005597860008492717,4.122580528259277,4122.0,0,90.0,1.281487725000261,4.122580528259277,1,1,0,1.0187793716120355,-0.3136609196662903,0.31573808193206787,0.04018143564462662,-0.008717954158782959,-0.020051011815667152,0.0021229987032711506,-23.257810592651367,-43.02024841308594,11.691819190979004,0.20735011994838715,-0.04515143111348152,0.22623884677886963,-0.0063610535758969276,-0.011743671766483391,-0.5960918571633058,-0.3136609196662903,0.31573808193206787,0.04018143564462662,-0.5960918571633058,0.0,0.0,0.0,0.0,0.0,0.0,-0.02176907746540142,-0.04008974795472284,0.010448572779521206,0.0,0.0,0.0,-0.0063610535758969276,-0.011743671766483391,-0.5960918571633058,0.0,0.0,0.0,0.0,0.0,0.0,zero,0.0,0.0,0.0,0.0,-0.02176907746540142,-0.04008974795472284,0.010448572779521206,1.5578780078473742,2.7526969533998358,-0.6907653285126237,1,0.0012104511260986328,,,,,,,,,,,,,,,,,,,,,,1.3452214470007675,4,radio://0/80/2M/E7E7E7E704,2.0943951023931953,aborted,cf5 起飞前预检失败（电压或 EKF 对齐）,0.0,0.0,0.0,0,0.0,global_abort:cf5 起飞前预检失败（电压或 EKF 对齐）,,,,,
1.3452214470007675,1788684526.0399187,control,aborted,1,1,0.000339222000548034,3.763636350631714,3763.0,0,10.0,1.2537661690003006,nan,1,0,1,1.0,-0.28666600584983826,-0.44404909014701843,0.03564856946468353,0.012727099470794201,-0.00430582370609045,0.015252012759447098,28.09722137451172,-11.202244758605957,26.783241271972656,0.07624375820159912,-0.02343279868364334,0.13355661928653717,-0.0037578438424922954,-0.04909711887444366,0.9683232926375565,-0.28666600584983826,-0.44404909014701843,0.03564856946468353,0.9683232926375565,0.0,0.0,0.0,0.0,0.0,0.0,0.02611685570476864,-0.011259015412789902,0.023864065284868983,0.0,0.0,0.0,-0.0037578438424922954,-0.04909711887444366,0.9683232926375565,0.0,0.0,0.0,0.0,0.0,0.0,zero,0.0,0.0,0.0,0.0,0.02611685570476864,-0.011259015412789902,0.023864065284868983,-1.880230186784109,0.7468116289157414,-1.8122975733596942,1,0.0014226436614990234,,,,,,,,,,,,,,,,,,,,,,1.3452214470007675,5,radio://0/80/2M/E7E7E7E705,4.1887902047863905,aborted,cf5 起飞前预检失败（电压或 EKF 对齐）,0.0,0.0,0.0,0,0.0,global_abort:cf5 起飞前预检失败（电压或 EKF 对齐）,,,,,
1.3590190840004652,1788684526.0532315,control,aborted,1,1,0.013871762000235321,4.170087814331055,4170.0,0,90.0,1.3256817009996666,4.170087814331055,1,1,0,1.0071730349577168,0.3747462034225464,0.003643244272097945,0.04583071172237396,0.015806354582309723,-0.004561326932162046,0.0025171071756631136,31.74613380432129,-11.206918716430664,4.679234981536865,0.2138538509607315,0.2415512204170227,-0.11745618283748627,-0.03433053296580334,0.0026146370937594585,3.1240555232891665,0.3747462034225464,0.003643244272097945,0.04583071172237396,3.1240555232891665,0.0,0.0,0.0,0.0,0.0,0.0,0.028692205308592865,-0.010061379066877594,0.004109299544721978,0.0,0.0,0.0,-0.03433053296580334,0.0026146370937594585,3.1240555232891665,0.0,0.0,0.0,0.0,0.0,0.0,zero,0.0,0.0,0.0,0.0,0.028692205308592865,-0.010061379066877594,0.004109299544721978,-2.1420578612878294,0.8413506056962478,-0.3220265625525885,1,0.01473546028137207,,,,,,,,,,,,,,,,,,,,,,1.3590190840004652,2,radio://0/80/2M/E7E7E7E702,0.0,aborted,cf5 起飞前预检失败（电压或 EKF 对齐）,0.0,0.0,0.0,0,0.0,global_abort:cf5 起飞前预检失败（电压或 EKF 对齐）,,,,,
1.3590190840004652,1788684526.053471,control,aborted,1,1,0.014357423000546987,4.122580528259277,4122.0,0,90.0,1.2952853619999587,4.122580528259277,1,1,0,1.0187793716120355,-0.3136609196662903,0.31573808193206787,0.04018143564462662,-0.008717954158782959,-0.020051011815667152,0.0021229987032711506,-23.257810592651367,-43.02024841308594,11.691819190979004,0.20735011994838715,-0.04515143111348152,0.22623884677886963,-0.0063610535758969276,-0.011743671766483391,-0.5960918571633058,-0.3136609196662903,0.31573808193206787,0.04018143564462662,-0.5960918571633058,0.0,0.0,0.0,0.0,0.0,0.0,-0.02176907746540142,-0.04008974795472284,0.010448572779521206,0.0,0.0,0.0,-0.0063610535758969276,-0.011743671766483391,-0.5960918571633058,0.0,0.0,0.0,0.0,0.0,0.0,zero,0.0,0.0,0.0,0.0,-0.02176907746540142,-0.04008974795472284,0.010448572779521206,1.5578780078473742,2.7526969533998358,-0.6907653285126237,1,0.01497507095336914,,,,,,,,,,,,,,,,,,,,,,1.3590190840004652,4,radio://0/80/2M/E7E7E7E704,2.0943951023931953,aborted,cf5 起飞前预检失败（电压或 EKF 对齐）,0.0,0.0,0.0,0,0.0,global_abort:cf5 起飞前预检失败（电压或 EKF 对齐）,,,,,
1.3590190840004652,1788684526.053676,control,aborted,1,1,0.01413685900024575,3.763636350631714,3763.0,0,10.0,1.2675638059999983,nan,1,0,1,1.0,-0.28666600584983826,-0.44404909014701843,0.03564856946468353,0.012727099470794201,-0.00430582370609045,0.015252012759447098,28.09722137451172,-11.202244758605957,26.783241271972656,0.07624375820159912,-0.02343279868364334,0.13355661928653717,-0.0037578438424922954,-0.04909711887444366,0.9683232926375565,-0.28666600584983826,-0.44404909014701843,0.03564856946468353,0.9683232926375565,0.0,0.0,0.0,0.0,0.0,0.0,0.02611685570476864,-0.011259015412789902,0.023864065284868983,0.0,0.0,0.0,-0.0037578438424922954,-0.04909711887444366,0.9683232926375565,0.0,0.0,0.0,0.0,0.0,0.0,zero,0.0,0.0,0.0,0.0,0.02611685570476864,-0.011259015412789902,0.023864065284868983,-1.880230186784109,0.7468116289157414,-1.8122975733596942,1,0.015179872512817383,,,,,,,,,,,,,,,,,,,,,,1.3590190840004652,5,radio://0/80/2M/E7E7E7E705,4.1887902047863905,aborted,cf5 起飞前预检失败（电压或 EKF 对齐）,0.0,0.0,0.0,0,0.0,global_abort:cf5 起飞前预检失败（电压或 EKF 对齐）,,,,,
1.3732105570006752,1788684526.0674295,control,aborted,1,1,0.007861321000746102,4.170087814331055,4170.0,0,90.0,1.3398731739998766,4.170087814331055,1,1,0,1.0071730349577168,0.3747704029083252,0.0036053319927304983,0.04583113640546799,0.012885713949799538,-0.004026047419756651,0.0020179087296128273,25.36786651611328,-8.960212707519531,3.738424062728882,0.1743467152118683,0.1935163140296936,-0.08811192214488983,-0.034000769969754076,0.002662415722780079,3.1246428554998884,0.3747704029083252,0.0036053319927304983,0.04583113640546799,3.1246428554998884,0.0,0.0,0.0,0.0,0.0,0.0,0.02033763838313893,-0.007069617037895073,0.002966031766932013,0.0,0.0,0.0,-0.034000769969754076,0.002662415722780079,3.1246428554998884,0.0,0.0,0.0,0.0,0.0,0.0,zero,0.0,0.0,0.0,0.0,0.02033763838313893,-0.007069617037895073,0.002966031766932013,-0.4153717725243492,0.14874421475557129,-0.05684090720295346,1,0.008820056915283203,,,,,,,,,,,,,,,,,,,,,,1.3732105570006752,2,radio://0/80/2M/E7E7E7E702,0.0,aborted,cf5 起飞前预检失败（电压或 EKF 对齐）,0.0,0.0,0.0,0,0.0,global_abort:cf5 起飞前预检失败（电压或 EKF 对齐）,,,,,
1.3732105570006752,1788684526.0676947,control,aborted,1,1,0.008227685000747442,4.122580528259277,4122.0,0,90.0,1.3094768350001686,4.122580528259277,1,1,0,1.0187793716120355,-0.31360864639282227,0.31572937965393066,0.04021503031253815,-0.00645457673817873,-0.016127342358231544,0.0020324522629380226,-18.583742141723633,-34.37718200683594,9.352555274963379,0.1683470606803894,-0.03620261326432228,0.18384724855422974,-0.006116334274753395,-0.011750073091515599,-0.5958046291241376,-0.31360864639282227,0.31572937965393066,0.04021503031253815,-0.5958046291241376,0.0,0.0,0.0,0.0,0.0,0.0,-0.014264679130223824,-0.027990053323705813,0.006458423662593977,0.0,0.0,0.0,-0.006116334274753395,-0.011750073091515599,-0.5958046291241376,0.0,0.0,0.0,0.0,0.0,0.0,zero,0.0,0.0,0.0,0.0,-0.014264679130223824,-0.027990053323705813,0.006458423662593977,0.37310315017221896,0.6015717691573603,-0.19838195398075373,1,0.00908517837524414,,,,,,,,,,,,,,,,,,,,,,1.3732105570006752,4,radio://0/80/2M/E7E7E7E704,2.0943951023931953,aborted,cf5 起飞前预检失败（电压或 EKF 对齐）,0.0,0.0,0.0,0,0.0,global_abort:cf5 起飞前预检失败（电压或 EKF 对齐）,,,,,
1.3732105570006752,1788684526.0679102,control,aborted,1,1,0.0076347390004229965,3.763636350631714,3763.0,0,10.0,1.2817552790002082,nan,1,0,1,1.0,-0.2866519093513489,-0.4440615475177765,0.03563644364476204,0.010321849957108498,-0.003568530548363924,0.012081035412847996,22.453861236572266,-8.954463958740234,21.395063400268555,0.05241267755627632,-0.033235810697078705,0.10676350444555283,-0.004620841117354205,-0.05055431169279695,0.9683212146226684,-0.2866519093513489,-0.4440615475177765,0.03563644364476204,0.9683212146226684,0.0,0.0,0.0,0.0,0.0,0.0,0.018078037946922365,-0.00755570321129644,0.017447374074922663,0.0,0.0,0.0,-0.004620841117354205,-0.05055431169279695,0.9683212146226684,0.0,0.0,0.0,0.0,0.0,0.0,zero,0.0,0.0,0.0,0.0,0.018078037946922365,-0.00755570321129644,0.017447374074922663,-0.3996733775515714,0.18412101633404654,-0.319024603596912,1,0.009300708770751953,,,,,,,,,,,,,,,,,,,,,,1.3732105570006752,5,radio://0/80/2M/E7E7E7E705,4.1887902047863905,aborted,cf5 起飞前预检失败（电压或 EKF 对齐）,0.0,0.0,0.0,0,0.0,global_abort:cf5 起飞前预检失败（电压或 EKF 对齐）,,,,,
1.3876150710002548,1788684526.0818257,control,aborted,1,1,0.0027645979998851544,4.170087814331055,4170.0,0,90.0,1.3542776879994562,4.170087814331055,1,1,0,1.0071730349577168,0.37472790479660034,0.003692078171297908,0.04584062471985817,0.014431499876081944,0.048625677824020386,0.052583713084459305,27.455781936645508,99.85960388183594,109.864501953125,-0.8984220027923584,2.3763318061828613,0.493765652179718,-0.03465541755211456,0.002227497684007204,3.1251492052237264,0.37472790479660034,0.003692078171297908,0.04584062471985817,3.1251492052237264,0.0,0.0,0.0,0.0,0.0,0.0,0.007037143899832366,0.004709166008184803,0.007870300916398745,0.0,0.0,0.0,-0.03465541755211456,0.002227497684007204,3.1251492052237264,0.0,0.0,0.0,0.0,0.0,0.0,zero,0.0,0.0,0.0,0.0,0.007037143899832366,0.004709166008184803,0.007870300916398745,-0.21067954253788418,0.7604409733651508,0.6330946442271368,1,0.003261089324951172,,,,,,,,,,,,,,,,,,,,,,1.3876150710002548,2,radio://0/80/2M/E7E7E7E702,0.0,aborted,cf5 起飞前预检失败（电压或 EKF 对齐）,0.0,0.0,0.0,0,0.0,global_abort:cf5 起飞前预检失败（电压或 EKF 对齐）,,,,,
1.3876150710002548,1788684526.0820706,control,aborted,1,1,0.0023565619994769804,4.122580528259277,4122.0,0,90.0,1.3238813489997483,4.122580528259277,1,1,0,1.0187793716120355,-0.3137024939060211,0.3157641589641571,0.04022596403956413,-0.10794439911842346,0.005216606426984072,-0.0824313759803772,-224.65866088867188,13.89986515045166,-171.59722900390625,-2.1504769325256348,0.45133981108665466,0.5395916700363159,-0.005777689333586829,-0.011689471348543813,-0.5954672617086437,-0.3137024939060211,0.3157641589641571,0.04022596403956413,-0.5954672617086437,0.0,0.0,0.0,0.0,0.0,0.0,-0.014873182267781882,-0.005254024343040968,-0.011142110158663185,0.0,0.0,0.0,-0.005777689333586829,-0.011689471348543813,-0.5954672617086437,0.0,0.0,0.0,0.0,0.0,0.0,zero,0.0,0.0,0.0,0.0,-0.014873182267781882,-0.005254024343040968,-0.011142110158663185,-1.0778353214880292,0.6276289035670788,-1.2062709239294978,1,0.0035059452056884766,,,,,,,,,,,,,,,,,,,,,,1.3876150710002548,4,radio://0/80/2M/E7E7E7E704,2.0943951023931953,aborted,cf5 起飞前预检失败（电压或 EKF 对齐）,0.0,0.0,0.0,0,0.0,global_abort:cf5 起飞前预检失败（电压或 EKF 对齐）,,,,,
1.3876150710002548,1788684526.0822742,control,aborted,1,1,0.0025606170001992723,3.763636350631714,3763.0,0,10.0,1.296159792999788,nan,1,0,1,1.0,-0.2866733968257904,-0.44402647018432617,0.03563283383846283,0.031752970069646835,0.042650628834962845,-0.1203349307179451,64.8660888671875,88.6282730102539,-258.5607604980469,0.08390569686889648,-1.287915587425232,-0.7213497161865234,-0.004427292047756869,-0.050295923412621915,0.9689214986604168,-0.2866733968257904,-0.44402647018432617,0.03563283383846283,0.9689214986604168,0.0,0.0,0.0,0.0,0.0,0.0,0.00742925494923898,0.004668753116693288,-0.009692576382653365,0.0,0.0,0.0,-0.004427292047756869,-0.050295923412621915,0.9689214986604168,0.0,0.0,0.0,0.0,0.0,0.0,zero,0.0,0.0,0.0,0.0,0.00742925494923898,0.004668753116693288,-0.009692576382653365,0.031670312332565224,0.706872173621537,-1.870718966785636,1,0.003709554672241211,,,,,,,,,,,,,,,,,,,,,,1.3876150710002548,5,radio://0/80/2M/E7E7E7E705,4.1887902047863905,aborted,cf5 起飞前预检失败（电压或 EKF 对齐）,0.0,0.0,0.0,0,0.0,global_abort:cf5 起飞前预检失败（电压或 EKF 对齐）,,,,,
1.401803480000126,1788684526.0960197,control,aborted,1,1,0.016953006999756326,4.170087814331055,4170.0,0,90.0,1.3684660969993274,4.170087814331055,1,1,0,1.0071730349577168,0.37472790479660034,0.003692078171297908,0.04584062471985817,0.014431499876081944,0.048625677824020386,0.052583713084459305,27.455781936645508,99.85960388183594,109.864501953125,-0.8984220027923584,2.3763318061828613,0.493765652179718,-0.03465541755211456,0.002227497684007204,3.1251492052237264,0.37472790479660034,0.003692078171297908,0.04584062471985817,3.1251492052237264,0.0,0.0,0.0,0.0,0.0,0.0,0.007037143899832366,0.004709166008184803,0.007870300916398745,0.0,0.0,0.0,-0.03465541755211456,0.002227497684007204,3.1251492052237264,0.0,0.0,0.0,0.0,0.0,0.0,zero,0.0,0.0,0.0,0.0,0.007037143899832366,0.004709166008184803,0.007870300916398745,-0.21067954253788418,0.7604409733651508,0.6330946442271368,1,0.017455101013183594,,,,,,,,,,,,,,,,,,,,,,1.401803480000126,2,radio://0/80/2M/E7E7E7E702,0.0,aborted,cf5 起飞前预检失败（电压或 EKF 对齐）,0.0,0.0,0.0,0,0.0,global_abort:cf5 起飞前预检失败（电压或 EKF 对齐）,,,,,
1.401803480000126,1788684526.096253,control,aborted,1,1,0.016544970999348152,4.122580528259277,4122.0,0,90.0,1.3380697579996195,4.122580528259277,1,1,0,1.0187793716120355,-0.3137024939060211,0.3157641589641571,0.04022596403956413,-0.10794439911842346,0.005216606426984072,-0.0824313759803772,-224.65866088867188,13.89986515045166,-171.59722900390625,-2.1504769325256348,0.45133981108665466,0.5395916700363159,-0.005777689333586829,-0.011689471348543813,-0.5954672617086437,-0.3137024939060211,0.3157641589641571,0.04022596403956413,-0.5954672617086437,0.0,0.0,0.0,0.0,0.0,0.0,-0.014873182267781882,-0.005254024343040968,-0.011142110158663185,0.0,0.0,0.0,-0.005777689333586829,-0.011689471348543813,-0.5954672617086437,0.0,0.0,0.0,0.0,0.0,0.0,zero,0.0,0.0,0.0,0.0,-0.014873182267781882,-0.005254024343040968,-0.011142110158663185,-1.0778353214880292,0.6276289035670788,-1.2062709239294978,1,0.017688274383544922,,,,,,,,,,,,,,,,,,,,,,1.401803480000126,4,radio://0/80/2M/E7E7E7E704,2.0943951023931953,aborted,cf5 起飞前预检失败（电压或 EKF 对齐）,0.0,0.0,0.0,0,0.0,global_abort:cf5 起飞前预检失败（电压或 EKF 对齐）,,,,,
1.401803480000126,1788684526.096454,control,aborted,1,1,0.016749026000070444,3.763636350631714,3763.0,0,10.0,1.310348201999659,nan,1,0,1,1.0,-0.2866733968257904,-0.44402647018432617,0.03563283383846283,0.031752970069646835,0.042650628834962845,-0.1203349307179451,64.8660888671875,88.6282730102539,-258.5607604980469,0.08390569686889648,-1.287915587425232,-0.7213497161865234,-0.004427292047756869,-0.050295923412621915,0.9689214986604168,-0.2866733968257904,-0.44402647018432617,0.03563283383846283,0.9689214986604168,0.0,0.0,0.0,0.0,0.0,0.0,0.00742925494923898,0.004668753116693288,-0.009692576382653365,0.0,0.0,0.0,-0.004427292047756869,-0.050295923412621915,0.9689214986604168,0.0,0.0,0.0,0.0,0.0,0.0,zero,0.0,0.0,0.0,0.0,0.00742925494923898,0.004668753116693288,-0.009692576382653365,0.031670312332565224,0.706872173621537,-1.870718966785636,1,0.01788926124572754,,,,,,,,,,,,,,,,,,,,,,1.401803480000126,5,radio://0/80/2M/E7E7E7E705,4.1887902047863905,aborted,cf5 起飞前预检失败（电压或 EKF 对齐）,0.0,0.0,0.0,0,0.0,global_abort:cf5 起飞前预检失败（电压或 EKF 对齐）,,,,,
1.4161493199999313,1788684526.1103516,control,aborted,1,1,0.0012043329998050467,4.170087814331055,4170.0,0,90.0,1.3828119369991327,4.170087814331055,1,1,0,1.0071730349577168,0.37470605969429016,0.0036436563823372126,0.04580150172114372,0.006569122429937124,0.02974568121135235,0.028761234134435654,13.607987403869629,50.7961540222168,55.24250030517578,-0.47627243399620056,1.3234624862670898,0.33850163221359253,-0.033721784081736136,0.00266273225743124,3.124572825473114,0.37470605969429016,0.0036436563823372126,0.04580150172114372,3.124572825473114,0.0,0.0,0.0,0.0,0.0,0.0,0.01393899719942756,0.059968717152561093,0.06348555434030975,0.0,0.0,0.0,-0.033721784081736136,0.00266273225743124,3.124572825473114,0.0,0.0,0.0,0.0,0.0,0.0,zero,0.0,0.0,0.0,0.0,0.01393899719942756,0.059968717152561093,0.06348555434030975,0.1307370488966953,1.221455159539831,1.1898386221916535,1,0.0017857551574707031,,,,,,,,,,,,,,,,,,,,,,1.4161493199999313,2,radio://0/80/2M/E7E7E7E702,0.0,aborted,cf5 起飞前预检失败（电压或 EKF 对齐）,0.0,0.0,0.0,0,0.0,global_abort:cf5 起飞前预检失败（电压或 EKF 对齐）,,,,,
1.4161493199999313,1788684526.1105878,control,aborted,1,1,0.0014168189991323743,4.122580528259277,4122.0,0,90.0,1.3524155979994248,4.122580528259277,1,1,0,1.0187793716120355,-0.313681036233902,0.3157547116279602,0.04022704437375069,-0.0580536313354969,0.007972831837832928,-0.0443061962723732,-112.70679473876953,8.02992057800293,-85.97114562988281,-1.106257438659668,0.27385884523391724,0.2463303655385971,-0.0063667655446712134,-0.011066319918635761,-0.5956406798149617,-0.313681036233902,0.3157547116279602,0.04022704437375069,-0.5956406798149617,0.0,0.0,0.0,0.0,0.0,0.0,-0.12850090674421594,0.011569464176242616,-0.1004755069497691,0.0,0.0,0.0,-0.0063667655446712134,-0.011066319918635761,-0.5956406798149617,0.0,0.0,0.0,0.0,0.0,0.0,zero,0.0,0.0,0.0,0.0,-0.12850090674421594,0.011569464176242616,-0.1004755069497691,-2.442118019830727,0.42123975334768593,-1.899847088161068,1,0.0020220279693603516,,,,,,,,,,,,,,,,,,,,,,1.4161493199999313,4,radio://0/80/2M/E7E7E7E704,2.0943951023931953,aborted,cf5 起飞前预检失败（电压或 EKF 对齐）,0.0,0.0,0.0,0,0.0,global_abort:cf5 起飞前预检失败（电压或 EKF 对齐）,,,,,
1.4161493199999313,1788684526.1107874,control,aborted,1,1,0.0009783189998415764,3.763636350631714,3763.0,0,10.0,1.3246940419994644,nan,1,0,1,1.0,-0.2866310477256775,-0.4440537095069885,0.03564011678099632,0.020364457741379738,0.020572900772094727,-0.05804379656910896,33.08594512939453,44.05820083618164,-128.5426025390625,-0.0694151446223259,-0.6003517508506775,-0.2609720528125763,-0.00413827550477703,-0.04980902011918331,0.9686885540500597,-0.2866310477256775,-0.4440537095069885,0.03564011678099632,0.9686885540500597,0.0,0.0,0.0,0.0,0.0,0.0,0.035663636224712886,0.05248514924377545,-0.14854314940359803,0.0,0.0,0.0,-0.00413827550477703,-0.04980902011918331,0.9686885540500597,0.0,0.0,0.0,0.0,0.0,0.0,zero,0.0,0.0,0.0,0.0,0.035663636224712886,0.05248514924377545,-0.14854314940359803,0.6384483952197285,1.0005020084866347,-2.925004264173842,1,0.0022215843200683594,,,,,,,,,,,,,,,,,,,,,,1.4161493199999313,5,radio://0/80/2M/E7E7E7E705,4.1887902047863905,aborted,cf5 起飞前预检失败（电压或 EKF 对齐）,0.0,0.0,0.0,0,0.0,global_abort:cf5 起飞前预检失败（电压或 EKF 对齐）,,,,,
1.4304405310003858,1788684526.1246204,control,aborted,1,1,0.005391521000092325,4.170087814331055,4170.0,0,90.0,1.3971031479995872,4.170087814331055,1,1,0,1.0071730349577168,0.37473270297050476,0.0036410270258784294,0.0458061657845974,0.005796926096081734,0.023743093013763428,0.023103803396224976,10.870692253112793,40.51490020751953,44.0789909362793,-0.3911408483982086,1.0630192756652832,0.2699355185031891,-0.034219874402934246,0.0028701859137063436,3.124523161861722,0.37473270297050476,0.0036410270258784294,0.0458061657845974,3.124523161861722,0.0,0.0,0.0,0.0,0.0,0.0,0.013574849394326967,0.061594070328784604,0.06431757508021096,0.0,0.0,0.0,-0.034219874402934246,0.0028701859137063436,3.124523161861722,0.0,0.0,0.0,0.0,0.0,0.0,zero,0.0,0.0,0.0,0.0,0.013574849394326967,0.061594070328784604,0.06431757508021096,-0.037008640550633284,0.16518597839706753,0.08455895123456784,1,0.006215095520019531,,,,,,,,,,,,,,,,,,,,,,1.4304405310003858,2,radio://0/80/2M/E7E7E7E702,0.0,aborted,cf5 起飞前预检失败（电压或 EKF 对齐）,0.0,0.0,0.0,0,0.0,global_abort:cf5 起飞前预检失败（电压或 EKF 对齐）,,,,,
1.4304405310003858,1788684526.1247675,control,aborted,1,1,0.00560024100013834,4.122580528259277,4122.0,0,90.0,1.3667068089998793,4.122580528259277,1,1,0,1.0187793716120355,-0.31367817521095276,0.3157549202442169,0.04017417132854462,-0.046384744346141815,0.006382506340742111,-0.03651980683207512,-89.92822265625,6.39160680770874,-68.6186294555664,-0.8691375851631165,0.19608181715011597,0.19366306066513062,-0.0055843136959382875,-0.012198953487096802,-0.5958012552264301,-0.31367817521095276,0.3157549202442169,0.04017417132854462,-0.5958012552264301,0.0,0.0,0.0,0.0,0.0,0.0,-0.13032119948327067,0.013129791856417126,-0.1016940606782619,0.0,0.0,0.0,-0.0055843136959382875,-0.012198953487096802,-0.5958012552264301,0.0,0.0,0.0,0.0,0.0,0.0,zero,0.0,0.0,0.0,0.0,-0.13032119948327067,0.013129791856417126,-0.1016940606782619,-0.1849978462948445,0.15857738382037004,-0.12384261637102563,1,0.006362199783325195,,,,,,,,,,,,,,,,,,,,,,1.4304405310003858,4,radio://0/80/2M/E7E7E7E704,2.0943951023931953,aborted,cf5 起飞前预检失败（电压或 EKF 对齐）,0.0,0.0,0.0,0,0.0,global_abort:cf5 起飞前预检失败（电压或 EKF 对齐）,,,,,
1.4304405310003858,1788684526.1248772,control,aborted,1,1,0.005816787999719963,3.763636350631714,3763.0,0,10.0,1.3389852529999189,nan,1,0,1,1.0,-0.2866216003894806,-0.444057434797287,0.03564411401748657,0.016483619809150696,0.01638258993625641,-0.046353779733181,26.389862060546875,35.161376953125,-102.596435546875,-0.051403261721134186,-0.47357097268104553,-0.21944905817508698,-0.003909029259095282,-0.049481042363013705,0.9681616422694719,-0.2866216003894806,-0.444057434797287,0.03564411401748657,0.9681616422694719,0.0,0.0,0.0,0.0,0.0,0.0,0.03661365677689288,0.05278867050432992,-0.14981994990199266,0.0,0.0,0.0,-0.003909029259095282,-0.049481042363013705,0.9681616422694719,0.0,0.0,0.0,0.0,0.0,0.0,zero,0.0,0.0,0.0,0.0,0.03661365677689288,0.05278867050432992,-0.14981994990199266,0.0965513690838563,0.030847115028559417,-0.12976228344120602,1,0.006471872329711914,,,,,,,,,,,,,,,,,,,,,,1.4304405310003858,5,radio://0/80/2M/E7E7E7E705,4.1887902047863905,aborted,cf5 起飞前预检失败（电压或 EKF 对齐）,0.0,0.0,0.0,0,0.0,global_abort:cf5 起飞前预检失败（电压或 EKF 对齐）,,,,,
1.4447686050007178,1788684526.1393619,control,aborted,1,1,0.009557693000715517,4.170087814331055,4170.0,0,90.0,1.4114312219999192,4.170087814331055,1,1,0,1.0071730349577168,0.37476423382759094,0.0036552913952618837,0.04580487310886383,0.005263637285679579,0.019277717918157578,0.018457375466823578,8.685964584350586,32.3232536315918,35.17093276977539,-0.3110119104385376,0.8362370729446411,0.21593958139419556,-0.034124092213511883,0.002156552951219025,3.124547111925896,0.37476423382759094,0.0036552913952618837,0.04580487310886383,3.124547111925896,0.0,0.0,0.0,0.0,0.0,0.0,0.01223661906914421,0.05691245538362939,0.058693984217538006,0.0,0.0,0.0,-0.034124092213511883,0.002156552951219025,3.124547111925896,0.0,0.0,0.0,0.0,0.0,0.0,zero,0.0,0.0,0.0,0.0,0.01223661906914421,0.05691245538362939,0.058693984217538006,-0.13286334341323053,-0.46480415402462444,-0.5583262237767515,1,0.010884284973144531,,,,,,,,,,,,,,,,,,,,,,1.4447686050007178,2,radio://0/80/2M/E7E7E7E702,0.0,aborted,cf5 起飞前预检失败（电压或 EKF 对齐）,0.0,0.0,0.0,0,0.0,global_abort:cf5 起飞前预检失败（电压或 EKF 对齐）,,,,,
1.4447686050007178,1788684526.1395245,control,aborted,1,1,8.472500030620722e-05,4.122580528259277,4122.0,0,90.0,1.3810348830002113,4.122580528259277,1,1,0,1.0187793716120355,-0.3136400878429413,0.3157799243927002,0.04020507633686066,-0.02916981652379036,0.0046583847142755985,-0.022901013493537903,-57.25342559814453,4.062939167022705,-43.677001953125,-0.583177924156189,0.14205770194530487,0.11688978224992752,-0.0071232720633643675,-0.011272688085945738,-0.5961503764301808,-0.3136400878429413,0.3157799243927002,0.04020507633686066,-0.5961503764301808,0.0,0.0,0.0,0.0,0.0,0.0,-0.10069059719409708,0.01171774225607149,-0.07848190926612758,0.0,0.0,0.0,-0.0071232720633643675,-0.011272688085945738,-0.5961503764301808,0.0,0.0,0.0,0.0,0.0,0.0,zero,0.0,0.0,0.0,0.0,-0.10069059719409708,0.01171774225607149,-0.07848190926612758,1.8134704985088241,-0.12393388613135542,1.4138602722716334,1,0.0010037422180175781,,,,,,,,,,,,,,,,,,,,,,1.4447686050007178,4,radio://0/80/2M/E7E7E7E704,2.0943951023931953,aborted,cf5 起飞前预检失败（电压或 EKF 对齐）,0.0,0.0,0.0,0,0.0,global_abort:cf5 起飞前预检失败（电压或 EKF 对齐）,,,,,
1.4447686050007178,1788684526.1396403,control,aborted,1,1,-0.0002477729995007394,3.763636350631714,3763.0,0,10.0,1.3533133270002509,nan,1,0,1,1.0,-0.2866385877132416,-0.44404417276382446,0.035604964941740036,0.010271623730659485,0.01075220201164484,-0.030452989041805267,16.78028678894043,22.404422760009766,-65.38256072998047,-0.030917054042220116,-0.30149325728416443,-0.13376958668231964,-0.003785916066178482,-0.04934986281459365,0.9685287199277984,-0.2866385877132416,-0.44404417276382446,0.035604964941740036,0.9685287199277984,0.0,0.0,0.0,0.0,0.0,0.0,0.02973206681383529,0.039755154658954725,-0.1130852009181118,0.0,0.0,0.0,-0.003785916066178482,-0.04934986281459365,0.9685287199277984,0.0,0.0,0.0,0.0,0.0,0.0,zero,0.0,0.0,0.0,0.0,0.02973206681383529,0.039755154658954725,-0.1130852009181118,-0.4398937573427565,-0.7801712449758382,2.2081682266740397,1,0.0011196136474609375,,,,,,,,,,,,,,,,,,,,,,1.4447686050007178,5,radio://0/80/2M/E7E7E7E705,4.1887902047863905,aborted,cf5 起飞前预检失败（电压或 EKF 对齐）,0.0,0.0,0.0,0,0.0,global_abort:cf5 起飞前预检失败（电压或 EKF 对齐）,,,,,
1.4589981470007842,1788684526.1531732,control,aborted,1,1,0.003915853000762581,4.170087814331055,4170.0,0,90.0,1.4256607639999856,4.170087814331055,1,1,0,1.0071730349577168,0.37475770711898804,0.003698586719110608,0.04583194851875305,0.0033323587849736214,0.013189048506319523,0.012239048257470131,5.52714204788208,20.58295249938965,22.40018081665039,-0.21357548236846924,0.5568448305130005,0.13778601586818695,-0.03493249445821356,0.0034128931826646275,3.1245664559776936,0.37475770711898804,0.003698586719110608,0.04583194851875305,3.1245664559776936,0.0,0.0,0.0,0.0,0.0,0.0,0.008503215742541849,0.03946917653750294,0.0397422836119372,0.0,0.0,0.0,-0.03493249445821356,0.0034128931826646275,3.1245664559776936,0.0,0.0,0.0,0.0,0.0,0.0,zero,0.0,0.0,0.0,0.0,0.008503215742541849,0.03946917653750294,0.0397422836119372,-0.18727076532800793,-0.9035029589120138,-0.9667415150205154,1,0.004242420196533203,,,,,,,,,,,,,,,,,,,,,,1.4589981470007842,2,radio://0/80/2M/E7E7E7E702,0.0,aborted,cf5 起飞前预检失败（电压或 EKF 对齐）,0.0,0.0,0.0,0,0.0,global_abort:cf5 起飞前预检失败（电压或 EKF 对齐）,,,,,
1.4589981470007842,1788684526.1533153,control,aborted,1,1,0.0037136050004846766,4.122580528259277,4122.0,0,90.0,1.3952644250002777,4.122580528259277,1,1,0,1.0187793716120355,-0.3136424124240875,0.31580081582069397,0.040169283747673035,-0.02338050864636898,0.004128025379031897,-0.019008375704288483,-45.691532135009766,3.2401633262634277,-34.866825103759766,-0.44280171394348145,0.12145496904850006,0.09919896721839905,-0.0058906529751168515,-0.010864266571098522,-0.5958568955665522,-0.3136424124240875,0.31580081582069397,0.040169283747673035,-0.5958568955665522,0.0,0.0,0.0,0.0,0.0,0.0,-0.07996455429021829,0.009940058184095714,-0.0623892057270934,0.0,0.0,0.0,-0.0058906529751168515,-0.010864266571098522,-0.5958568955665522,0.0,0.0,0.0,0.0,0.0,0.0,zero,0.0,0.0,0.0,0.0,-0.07996455429021829,0.009940058184095714,-0.0623892057270934,1.990960874330908,-0.17076580660569096,1.5458784514253534,1,0.004384517669677734,,,,,,,,,,,,,,,,,,,,,,1.4589981470007842,4,radio://0/80/2M/E7E7E7E704,2.0943951023931953,aborted,cf5 起飞前预检失败（电压或 EKF 对齐）,0.0,0.0,0.0,0,0.0,global_abort:cf5 起飞前预检失败（电压或 EKF 对齐）,,,,,
1.4589981470007842,1788684526.1534266,control,aborted,1,1,0.0034201520002170582,3.763636350631714,3763.0,0,10.0,1.3675428690003173,nan,1,0,1,1.0,-0.28666484355926514,-0.44404590129852295,0.03565846383571625,0.007712933234870434,0.008568556979298592,-0.023334695026278496,13.375078201293945,17.881591796875,-52.169307708740234,-0.026709316298365593,-0.2472027689218521,-0.11454852670431137,-0.0038693943720795832,-0.04966412973123225,0.9681373156741649,-0.28666484355926514,-0.44404590129852295,0.03565846383571625,0.9681373156741649,0.0,0.0,0.0,0.0,0.0,0.0,0.024366356525015034,0.031105697223503787,-0.08848119225707962,0.0,0.0,0.0,-0.0038693943720795832,-0.04966412973123225,0.9681373156741649,0.0,0.0,0.0,0.0,0.0,0.0,zero,0.0,0.0,0.0,0.0,0.024366356525015034,0.031105697223503787,-0.08848119225707962,-0.5154345813901919,-0.8308740562797245,2.363481481872568,1,0.004495859146118164,,,,,,,,,,,,,,,,,,,,,,1.4589981470007842,5,radio://0/80/2M/E7E7E7E705,4.1887902047863905,aborted,cf5 起飞前预检失败（电压或 EKF 对齐）,0.0,0.0,0.0,0,0.0,global_abort:cf5 起飞前预检失败（电压或 EKF 对齐）,,,,,
1.4731888989999788,1788684526.1673725,control,aborted,1,1,0.008524465999471431,4.170087814331055,4170.0,0,90.0,1.4398515159991803,4.170087814331055,1,1,0,1.0071730349577168,0.37476447224617004,0.0036713869776576757,0.045816149562597275,0.002806844189763069,0.009984510019421577,0.009462054818868637,4.410764217376709,16.399593353271484,17.86228370666504,-0.16191940009593964,0.4308728277683258,0.11918773502111435,-0.03450198122997959,0.0027273782015868604,3.125020501785935,0.37476447224617004,0.0036713869776576757,0.045816149562597275,3.125020501785935,0.0,0.0,0.0,0.0,0.0,0.0,0.006719124776277185,0.030673857298499564,0.030465893518834795,0.0,0.0,0.0,-0.03450198122997959,0.0027273782015868604,3.125020501785935,0.0,0.0,0.0,0.0,0.0,0.0,zero,0.0,0.0,0.0,0.0,0.006719124776277185,0.030673857298499564,0.030465893518834795,-0.18584427855874197,-0.9161863321849948,-0.9662982757496531,1,0.008841753005981445,,,,,,,,,,,,,,,,,,,,,,1.4731888989999788,2,radio://0/80/2M/E7E7E7E702,0.0,aborted,cf5 起飞前预检失败（电压或 EKF 对齐）,0.0,0.0,0.0,0,0.0,global_abort:cf5 起飞前预检失败（电压或 EKF 对齐）,,,,,
1.4731888989999788,1788684526.1675415,control,aborted,1,1,0.008337853999364597,4.122580528259277,4122.0,0,90.0,1.4094551769994723,4.122580528259277,1,1,0,1.0187793716120355,-0.313660204410553,0.3157791793346405,0.0402567982673645,-0.019075118005275726,0.0028516061138361692,-0.013383263722062111,-36.46352005004883,2.565535306930542,-27.776256561279297,-0.35926496982574463,0.08876579254865646,0.06921647489070892,-0.006126397103696388,-0.011270247727135052,-0.5963413057344844,-0.313660204410553,0.3157791793346405,0.0402567982673645,-0.5963413057344844,0.0,0.0,0.0,0.0,0.0,0.0,-0.06089620967259988,0.008144253391779613,-0.04756082244654939,0.0,0.0,0.0,-0.006126397103696388,-0.011270247727135052,-0.5963413057344844,0.0,0.0,0.0,0.0,0.0,0.0,zero,0.0,0.0,0.0,0.0,-0.06089620967259988,0.008144253391779613,-0.04756082244654939,1.9863016044469233,-0.18706447842122423,1.544635472671523,1,0.009010791778564453,,,,,,,,,,,,,,,,,,,,,,1.4731888989999788,4,radio://0/80/2M/E7E7E7E704,2.0943951023931953,aborted,cf5 起飞前预检失败（电压或 EKF 对齐）,0.0,0.0,0.0,0,0.0,global_abort:cf5 起飞前预检失败（电压或 EKF 对齐）,,,,,
1.4731888989999788,1788684526.1676633,control,aborted,1,1,0.008158545999322087,3.763636350631714,3763.0,0,10.0,1.381733620999512,nan,1,0,1,1.0,-0.28666776418685913,-0.4440414011478424,0.03562535345554352,0.0061094933189451694,0.006948609836399555,-0.01935763843357563,10.666653633117676,14.271520614624023,-41.65258026123047,-0.030687229707837105,-0.22192269563674927,-0.08043056726455688,-0.004343979188472496,-0.050821475993177906,0.9686806781520092,-0.28666776418685913,-0.4440414011478424,0.03562535345554352,0.9686806781520092,0.0,0.0,0.0,0.0,0.0,0.0,0.019176266002266254,0.02329276919502213,-0.06616775354461944,0.0,0.0,0.0,-0.004343979188472496,-0.050821475993177906,0.9686806781520092,0.0,0.0,0.0,0.0,0.0,0.0,zero,0.0,0.0,0.0,0.0,0.019176266002266254,0.02329276919502213,-0.06616775354461944,-0.5406387045803377,-0.8138531052172541,2.3243349123414028,1,0.009132623672485352,,,,,,,,,,,,,,,,,,,,,,1.4731888989999788,5,radio://0/80/2M/E7E7E7E705,4.1887902047863905,aborted,cf5 起飞前预检失败（电压或 EKF 对齐）,0.0,0.0,0.0,0,0.0,global_abort:cf5 起飞前预检失败（电压或 EKF 对齐）,,,,,
1.4876048559999617,1788684526.1817858,control,aborted,1,1,0.013037346999226429,4.170087814331055,4170.0,0,90.0,1.4542674729991631,4.170087814331055,1,1,0,1.0071730349577168,0.37473222613334656,0.00368081615306437,0.045852042734622955,0.0015901447040960193,0.008179235272109509,0.008299092762172222,3.503884792327881,13.082986831665039,14.266192436218262,-0.1242339015007019,0.34916964173316956,0.08777572959661484,-0.03424218227077639,0.0029344578255386337,3.1246404512043737,0.37473222613334656,0.00368081615306437,0.045852042734622955,3.1246404512043737,0.0,0.0,0.0,0.0,0.0,0.0,0.005170187064923909,0.023009269536777198,0.02250321609734917,0.0,0.0,0.0,-0.03424218227077639,0.0029344578255386337,3.1246404512043737,0.0,0.0,0.0,0.0,0.0,0.0,zero,0.0,0.0,0.0,0.0,0.005170187064923909,0.023009269536777198,0.02250321609734917,-0.1574083695994934,-0.7789017301224328,-0.8091946250489871,1,0.013414859771728516,,,,,,,,,,,,,,,,,,,,,,1.4876048559999617,2,radio://0/80/2M/E7E7E7E702,0.0,aborted,cf5 起飞前预检失败（电压或 EKF 对齐）,0.0,0.0,0.0,0,0.0,global_abort:cf5 起飞前预检失败（电压或 EKF 对齐）,,,,,
1.4876048559999617,1788684526.1819298,control,aborted,1,1,0.012569260999953258,4.122580528259277,4122.0,0,90.0,1.4238711339994552,4.122580528259277,1,1,0,1.0187793716120355,-0.3136821687221527,0.3157590329647064,0.040216654539108276,-0.015706470236182213,0.0018718547653406858,-0.011522443033754826,-29.10235595703125,2.0325169563293457,-22.183189392089844,-0.3118307590484619,0.09466060250997543,0.06494391709566116,-0.0073328942187876715,-0.010103485923027067,-0.595878187576997,-0.3136821687221527,0.3157590329647064,0.040216654539108276,-0.595878187576997,0.0,0.0,0.0,0.0,0.0,0.0,-0.044636209601166967,0.006427759657036671,-0.03478879915660135,0.0,0.0,0.0,-0.0073328942187876715,-0.010103485923027067,-0.595878187576997,0.0,0.0,0.0,0.0,0.0,0.0,zero,0.0,0.0,0.0,0.0,-0.044636209601166967,0.006427759657036671,-0.03478879915660135,1.6523970474550274,-0.17443598811831612,1.2979368684884116,1,0.01355886459350586,,,,,,,,,,,,,,,,,,,,,,1.4876048559999617,4,radio://0/80/2M/E7E7E7E704,2.0943951023931953,aborted,cf5 起飞前预检失败（电压或 EKF 对齐）,0.0,0.0,0.0,0,0.0,global_abort:cf5 起飞前预检失败（电压或 EKF 对齐）,,,,,
1.4876048559999617,1788684526.1820388,control,aborted,1,1,0.012789632000021811,3.763636350631714,3763.0,0,10.0,1.3961495779994948,nan,1,0,1,1.0,-0.2866736948490143,-0.44403061270713806,0.03562738373875618,0.004767067264765501,0.005778138991445303,-0.015444849617779255,8.506041526794434,11.393428802490234,-33.24254608154297,-0.008041296154260635,-0.13673336803913116,-0.0695386528968811,-0.0035185282690748635,-0.04881466260782318,0.96841688752002,-0.2866736948490143,-0.44403061270713806,0.03562738373875618,0.96841688752002,0.0,0.0,0.0,0.0,0.0,0.0,0.014511299555922692,0.01674539397317057,-0.04740658491865215,0.0,0.0,0.0,-0.0035185282690748635,-0.04881466260782318,0.96841688752002,0.0,0.0,0.0,0.0,0.0,0.0,zero,0.0,0.0,0.0,0.0,0.014511299555922692,0.01674539397317057,-0.04740658491865215,-0.4740699107349742,-0.665366755082327,1.9065743854958235,1,0.013667821884155273,,,,,,,,,,,,,,,,,,,,,,1.4876048559999617,5,radio://0/80/2M/E7E7E7E705,4.1887902047863905,aborted,cf5 起飞前预检失败（电压或 EKF 对齐）,0.0,0.0,0.0,0,0.0,global_abort:cf5 起飞前预检失败（电压或 EKF 对齐）,,,,,
1.5018655690000742,1788684526.1960592,control,aborted,1,1,0.005819508000058704,4.170087814331055,4170.0,0,90.0,1.4685281859992756,4.170087814331055,1,1,0,1.0071730349577168,0.3747729957103729,0.003695795778185129,0.04581637680530548,-0.0008245755452662706,0.027795499190688133,0.003691459074616432,1.7164523601531982,12.8490571975708,8.576656341552734,0.2579788565635681,0.3594732880592346,0.08176720887422562,-0.03391317635298217,0.0032301924227567543,3.124516508326971,0.3747729957103729,0.003695795778185129,0.04581637680530548,3.124516508326971,0.0,0.0,0.0,0.0,0.0,0.0,0.001299384648257693,0.004735348089490773,0.004641836472147089,0.0,0.0,0.0,-0.03391317635298217,0.0032301924227567543,3.124516508326971,0.0,0.0,0.0,0.0,0.0,0.0,zero,0.0,0.0,0.0,0.0,0.001299384648257693,0.004735348089490773,0.004641836472147089,-1.8978933472078388,-8.952178502545685,-8.7551943854305,1,0.006474018096923828,,,,,,,,,,,,,,,,,,,,,,1.5018655690000742,2,radio://0/80/2M/E7E7E7E702,0.0,aborted,cf5 起飞前预检失败（电压或 EKF 对齐）,0.0,0.0,0.0,0,0.0,global_abort:cf5 起飞前预检失败（电压或 EKF 对齐）,,,,,
1.5018655690000742,1788684526.1962101,control,aborted,1,1,0.005621794000035152,4.122580528259277,4122.0,0,90.0,1.4381318469995676,4.122580528259277,1,1,0,1.0187793716120355,-0.3137247562408447,0.31576138734817505,0.04025932773947716,-0.021566128358244896,0.004458022303879261,0.006574975326657295,-20.44877052307129,1.9238004684448242,-10.934110641479492,-0.025554761290550232,0.06372636556625366,0.09313730895519257,-0.006127107813710013,-0.010596912547585706,-0.5956170690706578,-0.3137247562408447,0.31576138734817505,0.04025932773947716,-0.5956170690706578,0.0,0.0,0.0,0.0,0.0,0.0,-0.008628470006103013,0.0013385318790324141,-0.005937305797843517,0.0,0.0,0.0,-0.006127107813710013,-0.010596912547585706,-0.5956170690706578,0.0,0.0,0.0,0.0,0.0,0.0,zero,0.0,0.0,0.0,0.0,-0.008628470006103013,0.0013385318790324141,-0.005937305797843517,17.64643218705656,-2.4941456474576627,14.144598531806329,1,0.006624937057495117,,,,,,,,,,,,,,,,,,,,,,1.5018655690000742,4,radio://0/80/2M/E7E7E7E704,2.0943951023931953,aborted,cf5 起飞前预检失败（电压或 EKF 对齐）,0.0,0.0,0.0,0,0.0,global_abort:cf5 起飞前预检失败（电压或 EKF 对齐）,,,,,
1.5018655690000742,1788684526.1963212,control,aborted,1,1,0.006135810000159836,3.763636350631714,3763.0,0,10.0,1.4104102909996072,nan,1,0,1,1.0,-0.2866489589214325,-0.44406360387802124,0.03565147891640663,0.00726364366710186,0.007656634785234928,-0.0057638767175376415,6.125892639160156,8.001035690307617,-19.925752639770508,-0.009637109003961086,0.10915538668632507,-0.01884828321635723,-0.003958341496125988,-0.049795055609043265,0.9684382915678929,-0.2866489589214325,-0.44406360387802124,0.03565147891640663,0.9684382915678929,0.0,0.0,0.0,0.0,0.0,0.0,0.0029344622438065866,0.002749319607109734,-0.007330232144822257,0.0,0.0,0.0,-0.003958341496125988,-0.049795055609043265,0.9684382915678929,0.0,0.0,0.0,0.0,0.0,0.0,zero,0.0,0.0,0.0,0.0,0.0029344622438065866,0.002749319607109734,-0.007330232144822257,-5.673707586423343,-6.859132449928773,19.643748045105056,1,0.006736040115356445,,,,,,,,,,,,,,,,,,,,,,1.5018655690000742,5,radio://0/80/2M/E7E7E7E705,4.1887902047863905,aborted,cf5 起飞前预检失败（电压或 EKF 对齐）,0.0,0.0,0.0,0,0.0,global_abort:cf5 起飞前预检失败（电压或 EKF 对齐）,,,,,
1.5161689390006359,1788684526.2104037,control,aborted,1,1,0.011008851000042341,4.170087814331055,4170.0,0,90.0,1.4828315559998373,4.170087814331055,1,1,0,1.0071730349577168,0.374755859375,0.0036204170901328325,0.04581137001514435,-0.001031698426231742,0.020599892362952232,0.0028444675263017416,1.3686652183532715,10.123025894165039,6.8429365158081055,0.19188767671585083,0.2910288870334625,0.06878503412008286,-0.034580350348113145,0.00339433659841623,3.124666260446451,0.374755859375,0.0036204170901328325,0.04581137001514435,3.124666260446451,0.0,0.0,0.0,0.0,0.0,0.0,4.731524190491063e-05,0.0017281392192112065,-0.0003069117307421968,0.0,0.0,0.0,-0.034580350348113145,0.00339433659841623,3.124666260446451,0.0,0.0,0.0,0.0,0.0,0.0,zero,0.0,0.0,0.0,0.0,4.731524190491063e-05,0.0017281392192112065,-0.0003069117307421968,-0.13589586273012888,-0.3263934425382741,-0.5371223057233036,1,0.011605024337768555,,,,,,,,,,,,,,,,,,,,,,1.5161689390006359,2,radio://0/80/2M/E7E7E7E702,0.0,aborted,cf5 起飞前预检失败（电压或 EKF 对齐）,0.0,0.0,0.0,0,0.0,global_abort:cf5 起飞前预检失败（电压或 EKF 对齐）,,,,,
1.5161689390006359,1788684526.210587,control,aborted,1,1,0.011227887000131886,4.122580528259277,4122.0,0,90.0,1.4524352170001293,4.122580528259277,1,1,0,1.0187793716120355,-0.31370165944099426,0.3157550096511841,0.04021816700696945,-0.01675146073102951,0.003427955089136958,0.004366361070424318,-16.254487991333008,1.5166771411895752,-8.795238494873047,-0.0320243239402771,0.0332200787961483,0.07720017433166504,-0.006661936755059378,-0.011414188637205816,-0.5954878879027883,-0.31370165944099426,0.3157550096511841,0.04021816700696945,-0.5954878879027883,0.0,0.0,0.0,0.0,0.0,0.0,2.263127421614497e-05,0.00021093641639808886,0.002962410786537374,0.0,0.0,0.0,-0.006661936755059378,-0.011414188637205816,-0.5954878879027883,0.0,0.0,0.0,0.0,0.0,0.0,zero,0.0,0.0,0.0,0.0,2.263127421614497e-05,0.00021093641639808886,0.002962410786537374,0.9389646181670575,-0.12238583374673949,0.9659485785305638,1,0.011788368225097656,,,,,,,,,,,,,,,,,,,,,,1.5161689390006359,4,radio://0/80/2M/E7E7E7E704,2.0943951023931953,aborted,cf5 起飞前预检失败（电压或 EKF 对齐）,0.0,0.0,0.0,0,0.0,global_abort:cf5 起飞前预检失败（电压或 EKF 对齐）,,,,,
1.5161689390006359,1788684526.210712,control,aborted,1,1,0.010795384000630293,3.763636350631714,3763.0,0,10.0,1.424713661000169,nan,1,0,1,1.0,-0.28664225339889526,-0.444084107875824,0.035614967346191406,0.005956495180726051,0.005680156406015158,-0.0054037850350141525,4.872335433959961,6.357918739318848,-15.932784080505371,0.003472642507404089,0.10111543536186218,-0.01748296245932579,-0.0034376673180111133,-0.049160238478011695,0.9683250002986431,-0.28664225339889526,-0.444084107875824,0.035614967346191406,0.9683250002986431,0.0,0.0,0.0,0.0,0.0,0.0,0.00016720686242372319,-0.0006326683564321861,0.0036343336394239444,0.0,0.0,0.0,-0.0034376673180111133,-0.049160238478011695,0.9683250002986431,0.0,0.0,0.0,0.0,0.0,0.0,zero,0.0,0.0,0.0,0.0,0.00016720686242372319,-0.0006326683564321861,0.0036343336394239444,-0.3003496096458873,-0.3670708426517889,1.1900611253267515,1,0.011913299560546875,,,,,,,,,,,,,,,,,,,,,,1.5161689390006359,5,radio://0/80/2M/E7E7E7E705,4.1887902047863905,aborted,cf5 起飞前预检失败（电压或 EKF 对齐）,0.0,0.0,0.0,0,0.0,global_abort:cf5 起飞前预检失败（电压或 EKF 对齐）,,,,,
1.5304457990005176,1788684526.2246306,control,aborted,1,1,0.004180361999715387,4.170087814331055,4170.0,0,90.0,1.497108415999719,4.170087814331055,1,1,0,1.0071730349577168,0.3747660517692566,0.0036626290529966354,0.04580777883529663,0.006260048132389784,0.015362624078989029,0.0053985645063221455,2.384270429611206,6.149411678314209,5.061169624328613,0.012427881360054016,0.0483381450176239,0.12294933199882507,-0.03497998206584322,0.0023863299064008185,3.124556109295138,0.3747660517692566,0.0036626290529966354,0.04580777883529663,3.124556109295138,0.0,0.0,0.0,0.0,0.0,0.0,-0.0016013019260056707,0.01754526328316762,-0.0003615946008715387,0.0,0.0,0.0,-0.03497998206584322,0.0023863299064008185,3.124556109295138,0.0,0.0,0.0,0.0,0.0,0.0,zero,0.0,0.0,0.0,0.0,-0.0016013019260056707,0.01754526328316762,-0.0003615946008715387,-0.8207095283637175,7.895309334008229,-0.024049894857744024,1,0.005151510238647461,,,,,,,,,,,,,,,,,,,,,,1.5304457990005176,2,radio://0/80/2M/E7E7E7E702,0.0,aborted,cf5 起飞前预检失败（电压或 EKF 对齐）,0.0,0.0,0.0,0,0.0,global_abort:cf5 起飞前预检失败（电压或 EKF 对齐）,,,,,
1.5304457990005176,1788684526.224792,control,aborted,1,1,0.004662207999899692,4.122580528259277,4122.0,0,90.0,1.466712077000011,4.122580528259277,1,1,0,1.0187793716120355,-0.313686728477478,0.31574779748916626,0.040225472301244736,-0.022372640669345856,-0.005450204946100712,0.011891797184944153,-12.370811462402344,-0.7828879356384277,-3.8310842514038086,-0.21150240302085876,0.23395591974258423,-0.05802297964692116,-0.007340407082595149,-0.010762644245756847,-0.5960246175760214,-0.313686728477478,0.31574779748916626,0.040225472301244736,-0.5960246175760214,0.0,0.0,0.0,0.0,0.0,0.0,-0.010050932805690182,0.00256434907256772,0.009595967548398657,0.0,0.0,0.0,-0.007340407082595149,-0.010762644245756847,-0.5960246175760214,0.0,0.0,0.0,0.0,0.0,0.0,zero,0.0,0.0,0.0,0.0,-0.010050932805690182,0.00256434907256772,0.009595967548398657,-5.034126462970605,1.1733052926836958,3.307533072851599,1,0.005312919616699219,,,,,,,,,,,,,,,,,,,,,,1.5304457990005176,4,radio://0/80/2M/E7E7E7E704,2.0943951023931953,aborted,cf5 起飞前预检失败（电压或 EKF 对齐）,0.0,0.0,0.0,0,0.0,global_abort:cf5 起飞前预检失败（电压或 EKF 对齐）,,,,,
1.5304457990005176,1788684526.2249026,control,aborted,1,1,0.004371396000351524,3.763636350631714,3763.0,0,10.0,1.4389905210000506,nan,1,0,1,1.0,-0.2866345942020416,-0.44409462809562683,0.035606104880571365,0.011577669531106949,-0.0019213545601814985,-0.00917682982981205,4.572986602783203,2.695258378982544,-11.226322174072266,0.15861862897872925,0.21369004249572754,-0.10168898105621338,-0.002922527101480099,-0.048522302269097005,0.9678735799259711,-0.2866345942020416,-0.44409462809562683,0.035606104880571365,0.9678735799259711,0.0,0.0,0.0,0.0,0.0,0.0,0.00367319629613095,0.0032476139564814664,0.0021568713127789276,0.0,0.0,0.0,-0.002922527101480099,-0.048522302269097005,0.9678735799259711,0.0,0.0,0.0,0.0,0.0,0.0,zero,0.0,0.0,0.0,0.0,0.00367319629613095,0.0032476139564814664,0.0021568713127789276,1.752849215914051,1.9369722985023794,-0.7449067360701358,1,0.005423545837402344,,,,,,,,,,,,,,,,,,,,,,1.5304457990005176,5,radio://0/80/2M/E7E7E7E705,4.1887902047863905,aborted,cf5 起飞前预检失败（电压或 EKF 对齐）,0.0,0.0,0.0,0,0.0,global_abort:cf5 起飞前预检失败（电压或 EKF 对齐）,,,,,
1.5447288510004,1788684526.2389307,control,aborted,1,1,0.007865536000281281,4.170087814331055,4170.0,0,90.0,1.5113914679996014,4.170087814331055,1,1,0,1.0071730349577168,0.3747698962688446,0.0036734826862812042,0.045799244195222855,0.005076409317553043,0.012483121827244759,0.0041670710779726505,1.8863664865493774,4.868319988250732,4.027034759521484,0.013810756616294384,0.04089246690273285,0.09442280977964401,-0.03476300838253902,0.002503476808393498,3.124330528914881,0.3747698962688446,0.0036734826862812042,0.045799244195222855,3.124330528914881,0.0,0.0,0.0,0.0,0.0,0.0,-0.0009692044556817897,0.020907142745600505,0.000455390488317281,0.0,0.0,0.0,-0.03476300838253902,0.002503476808393498,3.124330528914881,0.0,0.0,0.0,0.0,0.0,0.0,zero,0.0,0.0,0.0,0.0,-0.0009692044556817897,0.020907142745600505,0.000455390488317281,0.05619944776193609,0.29890290358876737,0.07263770699576096,1,0.008204221725463867,,,,,,,,,,,,,,,,,,,,,,1.5447288510004,2,radio://0/80/2M/E7E7E7E702,0.0,aborted,cf5 起飞前预检失败（电压或 EKF 对齐）,0.0,0.0,0.0,0,0.0,global_abort:cf5 起飞前预检失败（电压或 EKF 对齐）,,,,,
1.5447288510004,1788684526.239081,control,aborted,1,1,0.0073573330000726855,4.122580528259277,4122.0,0,90.0,1.4809951289998935,4.122580528259277,1,1,0,1.0187793716120355,-0.31365111470222473,0.31578364968299866,0.040192507207393646,-0.017264755442738533,-0.003722566179931164,0.008927184157073498,-9.80580997467041,-0.5955858826637268,-3.1175904273986816,-0.13589073717594147,0.15527212619781494,-0.041469182819128036,-0.00547069306340527,-0.012554148414563595,-0.595734806779276,-0.31365111470222473,0.31578364968299866,0.040192507207393646,-0.595734806779276,0.0,0.0,0.0,0.0,0.0,0.0,-0.014031222647435527,0.002152426270413948,0.011079989193266646,0.0,0.0,0.0,-0.00547069306340527,-0.012554148414563595,-0.595734806779276,0.0,0.0,0.0,0.0,0.0,0.0,zero,0.0,0.0,0.0,0.0,-0.014031222647435527,0.002152426270413948,0.011079989193266646,-0.35388543941477196,-0.036623835861468466,0.13194357013580046,1,0.008354425430297852,,,,,,,,,,,,,,,,,,,,,,1.5447288510004,4,radio://0/80/2M/E7E7E7E704,2.0943951023931953,aborted,cf5 起飞前预检失败（电压或 EKF 对齐）,0.0,0.0,0.0,0,0.0,global_abort:cf5 起飞前预检失败（电压或 EKF 对齐）,,,,,
1.5447288510004,1788684526.2391915,control,aborted,1,1,0.007570550000309595,3.763636350631714,3763.0,0,10.0,1.453273572999933,nan,1,0,1,1.0,-0.2866498827934265,-0.4440477192401886,0.03559742495417595,0.008990243077278137,-0.0007028533727861941,-0.007495828438550234,3.6123743057250977,2.1778767108917236,-8.951163291931152,0.10252057015895844,0.14052926003932953,-0.0727619007229805,-0.00431727216459126,-0.05023121299307942,0.9683633327179736,-0.2866498827934265,-0.4440477192401886,0.03559742495417595,0.9683633327179736,0.0,0.0,0.0,0.0,0.0,0.0,0.005503577462993014,0.003609024717699746,6.445506015819325e-05,0.0,0.0,0.0,-0.00431727216459126,-0.05023121299307942,0.9683633327179736,0.0,0.0,0.0,0.0,0.0,0.0,zero,0.0,0.0,0.0,0.0,0.005503577462993014,0.003609024717699746,6.445506015819325e-05,0.1627382098504339,0.032132837338015384,-0.18603560907328365,1,0.008465051651000977,,,,,,,,,,,,,,,,,,,,,,1.5447288510004,5,radio://0/80/2M/E7E7E7E705,4.1887902047863905,aborted,cf5 起飞前预检失败（电压或 EKF 对齐）,0.0,0.0,0.0,0,0.0,global_abort:cf5 起飞前预检失败（电压或 EKF 对齐）,,,,,
1.559028885000771,1788684526.2532117,control,aborted,1,1,0.00011202200039406307,4.170087814331055,4170.0,0,90.0,1.5256915019999724,4.170087814331055,1,1,0,1.0071730349577168,0.3747252821922302,0.003637343645095825,0.04589318111538887,0.0022323615849018097,0.007433964405208826,0.004617484286427498,1.1237561702728271,2.9852137565612793,2.602534770965576,-0.025032617151737213,0.04282375052571297,0.07538289576768875,-0.03548941509751796,0.0029975434653849785,3.1250964784882305,0.3747252821922302,0.003637343645095825,0.04589318111538887,3.1250964784882305,0.0,0.0,0.0,0.0,0.0,0.0,0.0035938203995959242,0.016850145131462824,0.003740732964027243,0.0,0.0,0.0,-0.03548941509751796,0.0029975434653849785,3.1250964784882305,0.0,0.0,0.0,0.0,0.0,0.0,zero,0.0,0.0,0.0,0.0,0.0035938203995959242,0.016850145131462824,0.003740732964027243,0.4792163614377943,-0.45484912383494513,0.3467467000956559,1,0.0004818439483642578,,,,,,,,,,,,,,,,,,,,,,1.559028885000771,2,radio://0/80/2M/E7E7E7E702,0.0,aborted,cf5 起飞前预检失败（电压或 EKF 对齐）,0.0,0.0,0.0,0,0.0,global_abort:cf5 起飞前预检失败（电压或 EKF 对齐）,,,,,
1.559028885000771,1788684526.253379,control,aborted,1,1,0.004033997000078671,4.122580528259277,4122.0,0,90.0,1.4952951630002644,4.122580528259277,1,1,0,1.0187793716120355,-0.31370431184768677,0.31576213240623474,0.04021191969513893,-0.01440995279699564,-0.0032199930865317583,0.007360021583735943,-7.812548637390137,-0.47081777453422546,-2.5116937160491943,-0.12741845846176147,0.13784343004226685,-0.035295840352773666,-0.007131978800884227,-0.011343538184157809,-0.5959310900238048,-0.31370431184768677,0.31576213240623474,0.04021191969513893,-0.5959310900238048,0.0,0.0,0.0,0.0,0.0,0.0,-0.016836704899712014,-0.00038394479521797913,0.01087691132440808,0.0,0.0,0.0,-0.007131978800884227,-0.011343538184157809,-0.5959310900238048,0.0,0.0,0.0,0.0,0.0,0.0,zero,0.0,0.0,0.0,0.0,-0.016836704899712014,-0.00038394479521797913,0.01087691132440808,-0.15772462211181934,-0.14259515188076205,-0.011417067457475494,1,0.004865407943725586,,,,,,,,,,,,,,,,,,,,,,1.559028885000771,4,radio://0/80/2M/E7E7E7E704,2.0943951023931953,aborted,cf5 起飞前预检失败（电压或 EKF 对齐）,0.0,0.0,0.0,0,0.0,global_abort:cf5 起飞前预检失败（电压或 EKF 对齐）,,,,,
1.559028885000771,1788684526.2535677,control,aborted,1,1,0.0037791520007885993,3.763636350631714,3763.0,0,10.0,1.467573607000304,nan,1,0,1,1.0,-0.28666043281555176,-0.44403940439224243,0.035634420812129974,0.007073570042848587,-0.0004687905602622777,-0.005580681376159191,2.8683483600616455,1.7449331283569336,-7.139396667480469,0.08133076876401901,0.11361623555421829,-0.05995269492268562,-0.004370446841743092,-0.050125799184550436,0.9682076748373001,-0.28666043281555176,-0.44403940439224243,0.035634420812129974,0.9682076748373001,0.0,0.0,0.0,0.0,0.0,0.0,0.007534202986106189,0.0019613652670051173,-0.003546769251257139,0.0,0.0,0.0,-0.004370446841743092,-0.050125799184550436,0.9682076748373001,0.0,0.0,0.0,0.0,0.0,0.0,zero,0.0,0.0,0.0,0.0,0.007534202986106189,0.0019613652670051173,-0.003546769251257139,0.1141620635895139,-0.09263165504572461,-0.20302355839778266,1,0.005053997039794922,,,,,,,,,,,,,,,,,,,,,,1.559028885000771,5,radio://0/80/2M/E7E7E7E705,4.1887902047863905,aborted,cf5 起飞前预检失败（电压或 EKF 对齐）,0.0,0.0,0.0,0,0.0,global_abort:cf5 起飞前预检失败（电压或 EKF 对齐）,,,,,
1.5732145900001342,1788684526.2673867,control,aborted,1,1,0.008355133999430109,4.170087814331055,4170.0,0,90.0,1.5398772069993356,4.170087814331055,1,1,0,1.0071730349577168,0.37475624680519104,0.0036265954840928316,0.04585694149136543,0.0028173718601465225,0.005589132662862539,0.00248678564094007,0.9184926152229309,2.326716661453247,2.0110507011413574,-0.006932396441698074,0.017811933532357216,0.04541255533695221,-0.03509752880811639,0.002488341074850226,3.1246670720931893,0.37475624680519104,0.0036265954840928316,0.04585694149136543,3.1246670720931893,0.0,0.0,0.0,0.0,0.0,0.0,0.0049356760832628774,0.014984353255767427,0.00475923315111651,0.0,0.0,0.0,-0.03509752880811639,0.002488341074850226,3.1246670720931893,0.0,0.0,0.0,0.0,0.0,0.0,zero,0.0,0.0,0.0,0.0,0.0049356760832628774,0.014984353255767427,0.00475923315111651,0.22351670617263847,-0.3107902433437929,0.16965446420608657,1,0.008653402328491211,,,,,,,,,,,,,,,,,,,,,,1.5732145900001342,2,radio://0/80/2M/E7E7E7E702,0.0,aborted,cf5 起飞前预检失败（电压或 EKF 对齐）,0.0,0.0,0.0,0,0.0,global_abort:cf5 起飞前预检失败（电压或 EKF 对齐）,,,,,
1.5732145900001342,1788684526.2675471,control,aborted,1,1,0.008152214999427088,4.122580528259277,4122.0,0,90.0,1.5094808679996277,4.122580528259277,1,1,0,1.0187793716120355,-0.3136746883392334,0.3157825767993927,0.040232472121715546,-0.008304541930556297,-0.0015641693025827408,0.005736256949603558,-4.786554336547852,-0.2519259750843048,-1.6522161960601807,-0.07905932515859604,0.08365289121866226,-0.007819175720214844,-0.0070794438491895316,-0.011417440266885851,-0.5955519941712376,-0.3136746883392334,0.3157825767993927,0.040232472121715546,-0.5955519941712376,0.0,0.0,0.0,0.0,0.0,0.0,-0.019947963649650388,-0.0039042036341951406,0.010322176077089011,0.0,0.0,0.0,-0.0070794438491895316,-0.011417440266885851,-0.5955519941712376,0.0,0.0,0.0,0.0,0.0,0.0,zero,0.0,0.0,0.0,0.0,-0.019947963649650388,-0.0039042036341951406,0.010322176077089011,-0.17013730289581208,-0.24481297968148924,-0.053137586038921956,1,0.008813858032226562,,,,,,,,,,,,,,,,,,,,,,1.5732145900001342,4,radio://0/80/2M/E7E7E7E704,2.0943951023931953,aborted,cf5 起飞前预检失败（电压或 EKF 对齐）,0.0,0.0,0.0,0,0.0,global_abort:cf5 起飞前预检失败（电压或 EKF 对齐）,,,,,
1.5732145900001342,1788684526.2676706,control,aborted,1,1,0.0079295830000774,3.763636350631714,3763.0,0,10.0,1.4817593119996673,nan,1,0,1,1.0,-0.2866731882095337,-0.44408276677131653,0.035670503973960876,0.004204339813441038,-0.0017330247210338712,-0.0025502208154648542,1.738448143005371,1.0756226778030396,-4.471652984619141,0.05516624450683594,0.10336440056562424,-0.03961387649178505,-0.004236835834225557,-0.049309107624150306,0.9681510191786831,-0.2866731882095337,-0.44408276677131653,0.035670503973960876,0.9681510191786831,0.0,0.0,0.0,0.0,0.0,0.0,0.009997040645319255,-0.0003796249305077472,-0.008304282177918605,0.0,0.0,0.0,-0.004236835834225557,-0.049309107624150306,0.9681510191786831,0.0,0.0,0.0,0.0,0.0,0.0,zero,0.0,0.0,0.0,0.0,0.009997040645319255,-0.0003796249305077472,-0.008304282177918605,0.15039340126883155,-0.16649172507829677,-0.3160794486105574,1,0.008937358856201172,,,,,,,,,,,,,,,,,,,,,,1.5732145900001342,5,radio://0/80/2M/E7E7E7E705,4.1887902047863905,aborted,cf5 起飞前预检失败（电压或 EKF 对齐）,0.0,0.0,0.0,0,0.0,global_abort:cf5 起飞前预检失败（电压或 EKF 对齐）,,,,,
1.5876002820004942,1788684526.2817767,control,aborted,1,1,0.002812243000335002,4.170087814331055,4170.0,0,90.0,1.5542628989996956,4.170087814331055,1,1,0,1.0071730349577168,0.37476646900177,0.003645271761342883,0.04579273611307144,0.0022943587973713875,0.004190636798739433,0.0003318839007988572,0.585268497467041,1.469765305519104,1.2452369928359985,-0.001804971951059997,0.010275068692862988,0.025843054056167603,-0.034845449141142244,0.0023921845441744923,3.1245232981081794,0.37476646900177,0.003645271761342883,0.04579273611307144,3.1245232981081794,0.0,0.0,0.0,0.0,0.0,0.0,0.004910105439317861,0.009903563379264275,0.004588273291960241,0.0,0.0,0.0,-0.034845449141142244,0.0023921845441744923,3.1245232981081794,0.0,0.0,0.0,0.0,0.0,0.0,zero,0.0,0.0,0.0,0.0,0.004910105439317861,0.009903563379264275,0.004588273291960241,-0.0242725816257519,-0.29040347840150177,-0.03483694340966959,1,0.0031194686889648438,,,,,,,,,,,,,,,,,,,,,,1.5876002820004942,2,radio://0/80/2M/E7E7E7E702,0.0,aborted,cf5 起飞前预检失败（电压或 EKF 对齐）,0.0,0.0,0.0,0,0.0,global_abort:cf5 起飞前预检失败（电压或 EKF 对齐）,,,,,
1.5876002820004942,1788684526.2819197,control,aborted,1,1,0.002609881000353198,4.122580528259277,4122.0,0,90.0,1.5238665599999877,4.122580528259277,1,1,0,1.0187793716120355,-0.31368324160575867,0.3157196342945099,0.040221597999334335,-0.005719834007322788,-0.0020500714890658855,0.0032504615373909473,-3.021698236465454,-0.16812501847743988,-1.1081889867782593,-0.067802794277668,0.039183538407087326,-0.013903745450079441,-0.0074849093699877025,-0.012140724987616675,-0.5958254876506225,-0.31368324160575867,0.3157196342945099,0.040221597999334335,-0.5958254876506225,0.0,0.0,0.0,0.0,0.0,0.0,-0.016128610130449136,-0.00433594303876155,0.00839260957713341,0.0,0.0,0.0,-0.0074849093699877025,-0.012140724987616675,-0.5958254876506225,0.0,0.0,0.0,0.0,0.0,0.0,zero,0.0,0.0,0.0,0.0,-0.016128610130449136,-0.00433594303876155,0.00839260957713341,0.2645409487156862,-0.0002512774123235422,-0.1246033685410442,1,0.0032625198364257812,,,,,,,,,,,,,,,,,,,,,,1.5876002820004942,4,radio://0/80/2M/E7E7E7E704,2.0943951023931953,aborted,cf5 起飞前预检失败（电压或 EKF 对齐）,0.0,0.0,0.0,0,0.0,global_abort:cf5 起飞前预检失败（电压或 EKF 对齐）,,,,,
1.5876002820004942,1788684526.2820292,control,aborted,1,1,0.0023738270001558703,3.763636350631714,3763.0,0,10.0,1.4961450040000273,nan,1,0,1,1.0,-0.2866482138633728,-0.44405287504196167,0.035652317106723785,0.003204063978046179,-0.0008254370768554509,-0.0014414996840059757,1.0956703424453735,0.6991738080978394,-2.829594612121582,0.029856013134121895,0.07683779299259186,-0.017303291708230972,-0.003973003222886666,-0.04911066172171585,0.9687000747163417,-0.2866482138633728,-0.44405287504196167,0.035652317106723785,0.9687000747163417,0.0,0.0,0.0,0.0,0.0,0.0,0.008465851238500011,-0.0013689895062399596,-0.007747791063861316,0.0,0.0,0.0,-0.003973003222886666,-0.04911066172171585,0.9687000747163417,0.0,0.0,0.0,0.0,0.0,0.0,zero,0.0,0.0,0.0,0.0,0.008465851238500011,-0.0013689895062399596,-0.007747791063861316,-0.11509575439241582,-0.044272790091343155,0.07107730095078696,1,0.0033719539642333984,,,,,,,,,,,,,,,,,,,,,,1.5876002820004942,5,radio://0/80/2M/E7E7E7E705,4.1887902047863905,aborted,cf5 起飞前预检失败（电压或 EKF 对齐）,0.0,0.0,0.0,0,0.0,global_abort:cf5 起飞前预检失败（电压或 EKF 对齐）,,,,,
1.6018688530002692,1788684526.2960877,control,aborted,1,1,0.017080814000109967,4.170087814331055,4170.0,0,90.0,1.5685314699994706,4.170087814331055,1,1,0,1.0071730349577168,0.37476646900177,0.003645271761342883,0.04579273611307144,0.0022943587973713875,0.004190636798739433,0.0003318839007988572,0.585268497467041,1.469765305519104,1.2452369928359985,-0.001804971951059997,0.010275068692862988,0.025843054056167603,-0.034845449141142244,0.0023921845441744923,3.1245232981081794,0.37476646900177,0.003645271761342883,0.04579273611307144,3.1245232981081794,0.0,0.0,0.0,0.0,0.0,0.0,0.004910105439317861,0.009903563379264275,0.004588273291960241,0.0,0.0,0.0,-0.034845449141142244,0.0023921845441744923,3.1245232981081794,0.0,0.0,0.0,0.0,0.0,0.0,zero,0.0,0.0,0.0,0.0,0.004910105439317861,0.009903563379264275,0.004588273291960241,-0.0242725816257519,-0.29040347840150177,-0.03483694340966959,1,0.017430543899536133,,,,,,,,,,,,,,,,,,,,,,1.6018688530002692,2,radio://0/80/2M/E7E7E7E702,0.0,aborted,cf5 起飞前预检失败（电压或 EKF 对齐）,0.0,0.0,0.0,0,0.0,global_abort:cf5 起飞前预检失败（电压或 EKF 对齐）,,,,,
1.6018688530002692,1788684526.29626,control,aborted,1,1,0.016878452000128163,4.122580528259277,4122.0,0,90.0,1.5381351309997626,4.122580528259277,1,1,0,1.0187793716120355,-0.31368324160575867,0.3157196342945099,0.040221597999334335,-0.005719834007322788,-0.0020500714890658855,0.0032504615373909473,-3.021698236465454,-0.16812501847743988,-1.1081889867782593,-0.067802794277668,0.039183538407087326,-0.013903745450079441,-0.0074849093699877025,-0.012140724987616675,-0.5958254876506225,-0.31368324160575867,0.3157196342945099,0.040221597999334335,-0.5958254876506225,0.0,0.0,0.0,0.0,0.0,0.0,-0.016128610130449136,-0.00433594303876155,0.00839260957713341,0.0,0.0,0.0,-0.0074849093699877025,-0.012140724987616675,-0.5958254876506225,0.0,0.0,0.0,0.0,0.0,0.0,zero,0.0,0.0,0.0,0.0,-0.016128610130449136,-0.00433594303876155,0.00839260957713341,0.2645409487156862,-0.0002512774123235422,-0.1246033685410442,1,0.017602920532226562,,,,,,,,,,,,,,,,,,,,,,1.6018688530002692,4,radio://0/80/2M/E7E7E7E704,2.0943951023931953,aborted,cf5 起飞前预检失败（电压或 EKF 对齐）,0.0,0.0,0.0,0,0.0,global_abort:cf5 起飞前预检失败（电压或 EKF 对齐）,,,,,
1.6018688530002692,1788684526.296369,control,aborted,1,1,0.016642397999930836,3.763636350631714,3763.0,0,10.0,1.5104135749998022,nan,1,0,1,1.0,-0.2866482138633728,-0.44405287504196167,0.035652317106723785,0.003204063978046179,-0.0008254370768554509,-0.0014414996840059757,1.0956703424453735,0.6991738080978394,-2.829594612121582,0.029856013134121895,0.07683779299259186,-0.017303291708230972,-0.003973003222886666,-0.04911066172171585,0.9687000747163417,-0.2866482138633728,-0.44405287504196167,0.035652317106723785,0.9687000747163417,0.0,0.0,0.0,0.0,0.0,0.0,0.008465851238500011,-0.0013689895062399596,-0.007747791063861316,0.0,0.0,0.0,-0.003973003222886666,-0.04911066172171585,0.9687000747163417,0.0,0.0,0.0,0.0,0.0,0.0,zero,0.0,0.0,0.0,0.0,0.008465851238500011,-0.0013689895062399596,-0.007747791063861316,-0.11509575439241582,-0.044272790091343155,0.07107730095078696,1,0.017711877822875977,,,,,,,,,,,,,,,,,,,,,,1.6018688530002692,5,radio://0/80/2M/E7E7E7E705,4.1887902047863905,aborted,cf5 起飞前预检失败（电压或 EKF 对齐）,0.0,0.0,0.0,0,0.0,global_abort:cf5 起飞前预检失败（电压或 EKF 对齐）,,,,,
1.6160905639999328,1788684526.3102894,control,aborted,1,1,0.010766905999844312,4.170087814331055,4170.0,0,90.0,1.5827531809991342,4.170087814331055,1,1,0,1.0071730349577168,0.3747393786907196,0.003645172342658043,0.045832641422748566,0.0015707272104918957,0.0033515379764139652,0.0006555110448971391,0.4611425995826721,1.1676114797592163,0.9993524551391602,-0.002532107289880514,0.006676387041807175,0.02766081690788269,-0.03495511851127066,0.0022592753003616473,3.1252432253834925,0.3747393786907196,0.003645172342658043,0.045832641422748566,3.1252432253834925,0.0,0.0,0.0,0.0,0.0,0.0,0.003435514428742173,0.006327728689469231,0.0026152444152207142,0.0,0.0,0.0,-0.03495511851127066,0.0022592753003616473,3.1252432253834925,0.0,0.0,0.0,0.0,0.0,0.0,zero,0.0,0.0,0.0,0.0,0.003435514428742173,0.006327728689469231,0.0026152444152207142,-0.07206220622906138,-0.17474847941494065,-0.09642050764705867,1,0.01116943359375,,,,,,,,,,,,,,,,,,,,,,1.6160905639999328,2,radio://0/80/2M/E7E7E7E702,0.0,aborted,cf5 起飞前预检失败（电压或 EKF 对齐）,0.0,0.0,0.0,0,0.0,global_abort:cf5 起飞前预检失败（电压或 EKF 对齐）,,,,,
1.6160905639999328,1788684526.310445,control,aborted,1,1,0.01019855100003042,4.122580528259277,4122.0,0,90.0,1.5523568419994263,4.122580528259277,1,1,0,1.0187793716120355,-0.3136533796787262,0.31572508811950684,0.04018262028694153,-0.004284019581973553,-0.0015867557376623154,0.0022194311022758484,-2.4033260345458984,-0.1299719214439392,-0.8966277241706848,-0.04860689491033554,0.029528845101594925,-0.013570788316428661,-0.006905252586109616,-0.012328538516372667,-0.5960746191961201,-0.3136533796787262,0.31572508811950684,0.04018262028694153,-0.5960746191961201,0.0,0.0,0.0,0.0,0.0,0.0,-0.010325963581610358,-0.003164484477490786,0.005660956781885512,0.0,0.0,0.0,-0.006905252586109616,-0.012328538516372667,-0.5960746191961201,0.0,0.0,0.0,0.0,0.0,0.0,zero,0.0,0.0,0.0,0.0,-0.010325963581610358,-0.003164484477490786,0.005660956781885512,0.2835711795866182,0.05724834060810944,-0.13349391503512223,1,0.01132512092590332,,,,,,,,,,,,,,,,,,,,,,1.6160905639999328,4,radio://0/80/2M/E7E7E7E704,2.0943951023931953,aborted,cf5 起飞前预检失败（电压或 EKF 对齐）,0.0,0.0,0.0,0,0.0,global_abort:cf5 起飞前预检失败（电压或 EKF 对齐）,,,,,
1.6160905639999328,1788684526.310557,control,aborted,1,1,0.010388763999799266,3.763636350631714,3763.0,0,10.0,1.5246352859994659,nan,1,0,1,1.0,-0.28658783435821533,-0.4440459907054901,0.035638075321912766,0.003153354162350297,-0.0005930674378760159,-0.0012923880713060498,0.8760406970977783,0.5616100430488586,-2.262218475341797,0.031456902623176575,0.0636206865310669,-0.0172446109354496,-0.003181116265992564,-0.04889187247834098,0.968350766387907,-0.28658783435821533,-0.4440459907054901,0.035638075321912766,0.968350766387907,0.0,0.0,0.0,0.0,0.0,0.0,0.005660048047301008,-0.0011611932027880266,-0.004689515082757882,0.0,0.0,0.0,-0.003181116265992564,-0.04889187247834098,0.968350766387907,0.0,0.0,0.0,0.0,0.0,0.0,zero,0.0,0.0,0.0,0.0,0.005660048047301008,-0.0011611932027880266,-0.004689515082757882,-0.13711759176085317,0.010154856475860233,0.1494557561215708,1,0.011436939239501953,,,,,,,,,,,,,,,,,,,,,,1.6160905639999328,5,radio://0/80/2M/E7E7E7E705,4.1887902047863905,aborted,cf5 起飞前预检失败（电压或 EKF 对齐）,0.0,0.0,0.0,0,0.0,global_abort:cf5 起飞前预检失败（电压或 EKF 对齐）,,,,,
1.6305236010002773,1788684526.3247018,control,aborted,1,1,0.01275346999955218,4.170087814331055,4170.0,0,90.0,1.5971862179994787,4.170087814331055,1,1,0,1.0071730349577168,0.3747374713420868,0.003647533478215337,0.045818328857421875,0.0024822698906064034,-0.0036668702960014343,-0.00443760771304369,0.5929273366928101,-0.7664963006973267,-0.482222318649292,0.051674243062734604,-0.20206336677074432,0.09326035529375076,-0.03509851217302599,0.0018699750024385885,3.12539451688488,0.3747374713420868,0.003647533478215337,0.045818328857421875,3.12539451688488,0.0,0.0,0.0,0.0,0.0,0.0,0.001375380898494595,0.00190564208759112,-5.56935903800156e-06,0.0,0.0,0.0,-0.03509851217302599,0.0018699750024385885,3.12539451688488,0.0,0.0,0.0,0.0,0.0,0.0,zero,0.0,0.0,0.0,0.0,0.001375380898494595,0.00190564208759112,-5.56935903800156e-06,-1.1005777655710807,-2.363080923344885,-1.4008505388082337,1,0.013111114501953125,,,,,,,,,,,,,,,,,,,,,,1.6305236010002773,2,radio://0/80/2M/E7E7E7E702,0.0,aborted,cf5 起飞前预检失败（电压或 EKF 对齐）,0.0,0.0,0.0,0,0.0,global_abort:cf5 起飞前预检失败（电压或 EKF 对齐）,,,,,
1.6305236010002773,1788684526.3248572,control,aborted,1,1,0.012537106000308995,4.122580528259277,4122.0,0,90.0,1.5667898789997707,4.122580528259277,1,1,0,1.0187793716120355,-0.31366345286369324,0.31577980518341064,0.040186814963817596,-0.007299375720322132,0.006393662188202143,-0.007245088927447796,-2.4177088737487793,1.5252779722213745,-2.728093385696411,0.21195249259471893,0.026119323447346687,-0.140336275100708,-0.005598352801635561,-0.011838931181242993,-0.5961641359074478,-0.31366345286369324,0.31577980518341064,0.040186814963817596,-0.5961641359074478,0.0,0.0,0.0,0.0,0.0,0.0,-0.002640621643775527,-0.0014485515546169064,0.001930968124365379,0.0,0.0,0.0,-0.005598352801635561,-0.011838931181242993,-0.5961641359074478,0.0,0.0,0.0,0.0,0.0,0.0,zero,0.0,0.0,0.0,0.0,-0.002640621643775527,-0.0014485515546169064,0.001930968124365379,4.104678105726359,0.9187796195092318,-1.9946265999961714,1,0.013266563415527344,,,,,,,,,,,,,,,,,,,,,,1.6305236010002773,4,radio://0/80/2M/E7E7E7E704,2.0943951023931953,aborted,cf5 起飞前预检失败（电压或 EKF 对齐）,0.0,0.0,0.0,0,0.0,global_abort:cf5 起飞前预检失败（电压或 EKF 对齐）,,,,,
1.6305236010002773,1788684526.3249688,control,aborted,1,1,0.012338036999608448,3.763636350631714,3763.0,0,10.0,1.5390683229998103,nan,1,0,1,1.0,-0.28664425015449524,-0.4440747797489166,0.035666827112436295,-0.005273416638374329,-0.004061002749949694,0.0003432614903431386,-1.0728702545166016,-0.38128817081451416,-1.2306830883026123,-0.009052222594618797,-0.05660803243517876,-0.01647583767771721,-0.004253320720421353,-0.04929708389169491,0.9686940204639606,-0.28664425015449524,-0.4440747797489166,0.035666827112436295,0.9686940204639606,0.0,0.0,0.0,0.0,0.0,0.0,0.0019828321501879423,-0.0007876522572391553,-0.0004914892032149148,0.0,0.0,0.0,-0.004253320720421353,-0.04929708389169491,0.9686940204639606,0.0,0.0,0.0,0.0,0.0,0.0,zero,0.0,0.0,0.0,0.0,0.0019828321501879423,-0.0007876522572391553,-0.0004914892032149148,-1.9660503601140837,0.19894733768022296,2.2429901441738114,1,0.013378143310546875,,,,,,,,,,,,,,,,,,,,,,1.6305236010002773,5,radio://0/80/2M/E7E7E7E705,4.1887902047863905,aborted,cf5 起飞前预检失败（电压或 EKF 对齐）,0.0,0.0,0.0,0,0.0,global_abort:cf5 起飞前预检失败（电压或 EKF 对齐）,,,,,
1.6449057429999812,1788684526.3390956,control,aborted,1,1,0.00038618500002485234,4.170087814331055,4170.0,0,90.0,1.6115683599991826,4.170087814331055,1,1,0,1.0071730349577168,0.37473753094673157,0.0036585323978215456,0.04586194083094597,0.017188135534524918,0.03825244680047035,-0.0319797545671463,25.503231048583984,63.67831039428711,-47.81708908081055,0.19793842732906342,0.5156023502349854,-0.20713216066360474,-0.03393060109413289,0.002326925222835168,3.12466961893172,0.37473753094673157,0.0036585323978215456,0.04586194083094597,3.12466961893172,0.0,0.0,0.0,0.0,0.0,0.0,0.0031888489911433885,0.0015359740053588014,-0.007474047657002809,0.0,0.0,0.0,-0.03393060109413289,0.002326925222835168,3.12466961893172,0.0,0.0,0.0,0.0,0.0,0.0,zero,0.0,0.0,0.0,0.0,0.0031888489911433885,0.0015359740053588014,-0.007474047657002809,0.20758986056703957,0.38709330402470604,-0.46395985892063957,1,0.0007734298706054688,,,,,,,,,,,,,,,,,,,,,,1.6449057429999812,2,radio://0/80/2M/E7E7E7E702,0.0,aborted,cf5 起飞前预检失败（电压或 EKF 对齐）,0.0,0.0,0.0,0,0.0,global_abort:cf5 起飞前预检失败（电压或 EKF 对齐）,,,,,
1.6449057429999812,1788684526.3392699,control,aborted,1,1,0.008992207999654056,4.122580528259277,4122.0,0,90.0,1.5811720209994746,4.122580528259277,1,1,0,1.0187793716120355,-0.31370222568511963,0.31577011942863464,0.040259331464767456,-0.04783909022808075,-9.378837421536446e-05,0.05979691073298454,-67.28326416015625,-7.085505485534668,100.69463348388672,0.9250085949897766,0.29937729239463806,-0.07584331184625626,-0.006481829136874413,-0.011968232896923009,-0.595680935134848,-0.31370222568511963,0.31577011942863464,0.040259331464767456,-0.595680935134848,0.0,0.0,0.0,0.0,0.0,0.0,-0.0023597160357371047,0.0031695877202694307,-0.0037873807255982567,0.0,0.0,0.0,-0.006481829136874413,-0.011968232896923009,-0.595680935134848,0.0,0.0,0.0,0.0,0.0,0.0,zero,0.0,0.0,0.0,0.0,-0.0023597160357371047,0.0031695877202694307,-0.0037873807255982567,1.107504766662771,18.236595972926377,-22.57934648681379,1,0.010677576065063477,,,,,,,,,,,,,,,,,,,,,,1.6449057429999812,4,radio://0/80/2M/E7E7E7E704,2.0943951023931953,aborted,cf5 起飞前预检失败（电压或 EKF 对齐）,0.0,0.0,0.0,0,0.0,global_abort:cf5 起飞前预检失败（电压或 EKF 对齐）,,,,,
1.6449057429999812,1788684526.3393884,control,aborted,1,1,0.00015964199974405346,3.763636350631714,3763.0,0,10.0,1.5534504649995142,nan,1,0,1,1.0,-0.28667065501213074,-0.4440462589263916,0.03563966229557991,-0.025385286659002304,-0.00651041092351079,0.012592289596796036,-35.18943786621094,-7.125304698944092,19.19972801208496,0.5403039455413818,-0.277791291475296,0.35790136456489563,-0.002798125568240221,-0.04804001863766564,0.9684923779729363,-0.28667065501213074,-0.4440462589263916,0.03563966229557991,0.9684923779729363,0.0,0.0,0.0,0.0,0.0,0.0,-0.007214153224217308,-0.003234705952454904,0.0030895660315855555,0.0,0.0,0.0,-0.002798125568240221,-0.04804001863766564,0.9684923779729363,0.0,0.0,0.0,0.0,0.0,0.0,zero,0.0,0.0,0.0,0.0,-0.007214153224217308,-0.003234705952454904,0.0030895660315855555,-0.4344038760857071,-0.10471303343563655,0.18717886664661357,1,0.0010662078857421875,,,,,,,,,,,,,,,,,,,,,,1.6449057429999812,5,radio://0/80/2M/E7E7E7E705,4.1887902047863905,aborted,cf5 起飞前预检失败（电压或 EKF 对齐）,0.0,0.0,0.0,0,0.0,global_abort:cf5 起飞前预检失败（电压或 EKF 对齐）,,,,,
1.658908316000634,1788684526.3531024,control,aborted,1,1,0.014388758000677626,4.170087814331055,4170.0,0,90.0,1.6255709329998353,4.170087814331055,1,1,0,1.0071730349577168,0.37473753094673157,0.0036585323978215456,0.04586194083094597,0.017188135534524918,0.03825244680047035,-0.0319797545671463,25.503231048583984,63.67831039428711,-47.81708908081055,0.19793842732906342,0.5156023502349854,-0.20713216066360474,-0.03393060109413289,0.002326925222835168,3.12466961893172,0.37473753094673157,0.0036585323978215456,0.04586194083094597,3.12466961893172,0.0,0.0,0.0,0.0,0.0,0.0,0.0031888489911433885,0.0015359740053588014,-0.007474047657002809,0.0,0.0,0.0,-0.03393060109413289,0.002326925222835168,3.12466961893172,0.0,0.0,0.0,0.0,0.0,0.0,zero,0.0,0.0,0.0,0.0,0.0031888489911433885,0.0015359740053588014,-0.007474047657002809,0.20758986056703957,0.38709330402470604,-0.46395985892063957,1,0.014780282974243164,,,,,,,,,,,,,,,,,,,,,,1.658908316000634,2,radio://0/80/2M/E7E7E7E702,0.0,aborted,cf5 起飞前预检失败（电压或 EKF 对齐）,0.0,0.0,0.0,0,0.0,global_abort:cf5 起飞前预检失败（电压或 EKF 对齐）,,,,,
1.658908316000634,1788684526.353247,control,aborted,1,1,0.013188169000386551,4.122580528259277,4122.0,0,90.0,1.5951745940001274,4.122580528259277,1,1,0,1.0187793716120355,-0.31371450424194336,0.31576070189476013,0.04026475176215172,-0.03852366656064987,-0.0002686138905119151,0.04794894531369209,-53.635128021240234,-5.671998023986816,80.31216430664062,0.7245414853096008,0.24549424648284912,-0.0615616999566555,-0.007233662683959631,-0.011677013558163172,-0.5957261720569974,-0.31371450424194336,0.31576070189476013,0.04026475176215172,-0.5957261720569974,0.0,0.0,0.0,0.0,0.0,0.0,-0.0068408515321124845,0.004143527470748075,0.000836619833320426,0.0,0.0,0.0,-0.007233662683959631,-0.011677013558163172,-0.5957261720569974,0.0,0.0,0.0,0.0,0.0,0.0,zero,0.0,0.0,0.0,0.0,-0.0068408515321124845,0.004143527470748075,0.000836619833320426,-0.46055487716219656,0.10009800027423624,0.4752380308815209,1,0.014924764633178711,,,,,,,,,,,,,,,,,,,,,,1.658908316000634,4,radio://0/80/2M/E7E7E7E704,2.0943951023931953,aborted,cf5 起飞前预检失败（电压或 EKF 对齐）,0.0,0.0,0.0,0,0.0,global_abort:cf5 起飞前预检失败（电压或 EKF 对齐）,,,,,
1.658908316000634,1788684526.3533576,control,aborted,1,1,0.014162215000396827,3.763636350631714,3763.0,0,10.0,1.567453038000167,nan,1,0,1,1.0,-0.28667065501213074,-0.4440462589263916,0.03563966229557991,-0.025385286659002304,-0.00651041092351079,0.012592289596796036,-35.18943786621094,-7.125304698944092,19.19972801208496,0.5403039455413818,-0.277791291475296,0.35790136456489563,-0.002798125568240221,-0.04804001863766564,0.9684923779729363,-0.28667065501213074,-0.4440462589263916,0.03563966229557991,0.9684923779729363,0.0,0.0,0.0,0.0,0.0,0.0,-0.007214153224217308,-0.003234705952454904,0.0030895660315855555,0.0,0.0,0.0,-0.002798125568240221,-0.04804001863766564,0.9684923779729363,0.0,0.0,0.0,0.0,0.0,0.0,zero,0.0,0.0,0.0,0.0,-0.007214153224217308,-0.003234705952454904,0.0030895660315855555,-0.4344038760857071,-0.10471303343563655,0.18717886664661357,1,0.015035390853881836,,,,,,,,,,,,,,,,,,,,,,1.658908316000634,5,radio://0/80/2M/E7E7E7E705,4.1887902047863905,aborted,cf5 起飞前预检失败（电压或 EKF 对齐）,0.0,0.0,0.0,0,0.0,global_abort:cf5 起飞前预检失败（电压或 EKF 对齐）,,,,,
1.673223071999928,1788684526.367406,control,aborted,1,1,0.00778951399934158,4.170087814331055,4170.0,0,90.0,1.6398856889991293,4.170087814331055,1,1,0,1.0071730349577168,0.3747381269931793,0.003646309720352292,0.045836277306079865,0.04484992474317551,0.02561715804040432,-0.11213576048612595,105.59034729003906,26.78439712524414,-278.3725891113281,0.30964311957359314,-1.9432728290557861,0.3189396262168884,-0.03526098622376301,0.0018334846966146456,3.124746288903491,0.3747381269931793,0.003646309720352292,0.045836277306079865,3.124746288903491,0.0,0.0,0.0,0.0,0.0,0.0,0.018383063667840174,0.03995608110098469,-0.034655736907090964,0.0,0.0,0.0,-0.03526098622376301,0.0018334846966146456,3.124746288903491,0.0,0.0,0.0,0.0,0.0,0.0,zero,0.0,0.0,0.0,0.0,0.018383063667840174,0.03995608110098469,-0.034655736907090964,110.79089501471343,280.14473325040433,-198.19983178581614,1,0.00852656364440918,,,,,,,,,,,,,,,,,,,,,,1.673223071999928,2,radio://0/80/2M/E7E7E7E702,0.0,aborted,cf5 起飞前预检失败（电压或 EKF 对齐）,0.0,0.0,0.0,0,0.0,global_abort:cf5 起飞前预检失败（电压或 EKF 对齐）,,,,,
1.673223071999928,1788684526.3675523,control,aborted,1,1,0.007233276999613736,4.122580528259277,4122.0,0,90.0,1.6094893499994214,4.122580528259277,1,1,0,1.0187793716120355,-0.3136802613735199,0.31577473878860474,0.0401950404047966,0.0569930225610733,0.0032541684340685606,-0.05265159159898758,216.82095336914062,5.937350749969482,-207.9405059814453,-0.41853925585746765,0.41454482078552246,-1.2251135110855103,-0.007387136061850421,-0.011500003851203458,-0.5959827561408195,-0.3136802613735199,0.31577473878860474,0.0401950404047966,-0.5959827561408195,0.0,0.0,0.0,0.0,0.0,0.0,-0.040640829252091726,0.0004897419577621596,0.04982060407772773,0.0,0.0,0.0,-0.007387136061850421,-0.011500003851203458,-0.5959827561408195,0.0,0.0,0.0,0.0,0.0,0.0,zero,0.0,0.0,0.0,0.0,-0.040640829252091726,0.0004897419577621596,0.04982060407772773,-246.4550481769958,-26.642048184833815,357.17110634042604,1,0.008672952651977539,,,,,,,,,,,,,,,,,,,,,,1.673223071999928,4,radio://0/80/2M/E7E7E7E704,2.0943951023931953,aborted,cf5 起飞前预检失败（电压或 EKF 对齐）,0.0,0.0,0.0,0,0.0,global_abort:cf5 起飞前预检失败（电压或 EKF 对齐）,,,,,
1.673223071999928,1788684526.367664,control,aborted,1,1,0.007037163999484619,3.763636350631714,3763.0,0,10.0,1.581767793999461,nan,1,0,1,1.0,-0.2866614758968353,-0.44404667615890503,0.03563297539949417,-0.04738359898328781,0.1126713901758194,-0.07107788324356079,-100.50971221923828,333.87841796875,-220.50807189941406,3.2611751556396484,6.014216899871826,-1.0193320512771606,-0.002903657118671683,-0.048156774006654225,0.9678769474418283,-0.2866614758968353,-0.44404667615890503,0.03563297539949417,0.9678769474418283,0.0,0.0,0.0,0.0,0.0,0.0,-0.027714483766755553,-0.007313244956357911,0.013557898278893607,0.0,0.0,0.0,-0.002903657118671683,-0.048156774006654225,0.9678769474418283,0.0,0.0,0.0,0.0,0.0,0.0,zero,0.0,0.0,0.0,0.0,-0.027714483766755553,-0.007313244956357911,0.013557898278893607,-149.48091751014303,-29.7371538712363,76.32970972006666,1,0.008784770965576172,,,,,,,,,,,,,,,,,,,,,,1.673223071999928,5,radio://0/80/2M/E7E7E7E705,4.1887902047863905,aborted,cf5 起飞前预检失败（电压或 EKF 对齐）,0.0,0.0,0.0,0,0.0,global_abort:cf5 起飞前预检失败（电压或 EKF 对齐）,,,,,
1.6875744530007069,1788684526.381769,control,aborted,1,1,0.012692031000369752,4.170087814331055,4170.0,0,90.0,1.6542370699999083,4.170087814331055,1,1,0,1.0071730349577168,0.37475207448005676,0.0036697236355394125,0.04579329118132591,0.0361696258187294,0.020980028435587883,-0.09060142189264297,84.2919921875,21.331207275390625,-222.2508087158203,0.28107014298439026,-1.5293482542037964,0.24805666506290436,-0.0336559465010342,0.0030376663682288763,3.124362968450884,0.37475207448005676,0.0036697236355394125,0.04579329118132591,3.124362968450884,0.0,0.0,0.0,0.0,0.0,0.0,0.024808636538776116,0.04853581896116071,-0.04901784532936392,0.0,0.0,0.0,-0.0336559465010342,0.0030376663682288763,3.124362968450884,0.0,0.0,0.0,0.0,0.0,0.0,zero,0.0,0.0,0.0,0.0,0.024808636538776116,0.04853581896116071,-0.04901784532936392,0.6671982471371517,0.8908755960263334,-1.4912870427284537,1,0.013258934020996094,,,,,,,,,,,,,,,,,,,,,,1.6875744530007069,2,radio://0/80/2M/E7E7E7E702,0.0,aborted,cf5 起飞前预检失败（电压或 EKF 对齐）,0.0,0.0,0.0,0,0.0,global_abort:cf5 起飞前预检失败（电压或 EKF 对齐）,,,,,
1.6875744530007069,1788684526.381919,control,aborted,1,1,0.012879719000011391,4.122580528259277,4122.0,0,90.0,1.6238407310002003,4.122580528259277,1,1,0,1.0187793716120355,-0.3136325776576996,0.3157180845737457,0.04013270139694214,0.04658479988574982,0.0014266418293118477,-0.043416038155555725,173.2406005859375,4.711923599243164,-166.16058349609375,-0.3339056670665741,0.31740379333496094,-0.9799657464027405,-0.007342693701456367,-0.01218517358849704,-0.5959716945125315,-0.3136325776576996,0.3157180845737457,0.04013270139694214,-0.5959716945125315,0.0,0.0,0.0,0.0,0.0,0.0,-0.039899547351600305,-0.0003106718948513573,0.05263823863641032,0.0,0.0,0.0,-0.007342693701456367,-0.01218517358849704,-0.5959716945125315,0.0,0.0,0.0,0.0,0.0,0.0,zero,0.0,0.0,0.0,0.0,-0.039899547351600305,-0.0003106718948513573,0.05263823863641032,0.07697087786202823,-0.08311083387810775,0.2925685968218202,1,0.013408899307250977,,,,,,,,,,,,,,,,,,,,,,1.6875744530007069,4,radio://0/80/2M/E7E7E7E704,2.0943951023931953,aborted,cf5 起飞前预检失败（电压或 EKF 对齐）,0.0,0.0,0.0,0,0.0,global_abort:cf5 起飞前预检失败（电压或 EKF 对齐）,,,,,
1.6875744530007069,1788684526.3820276,control,aborted,1,1,0.01250628600064374,3.763636350631714,3763.0,0,10.0,1.59611917500024,nan,1,0,1,1.0,-0.28664764761924744,-0.4440660774707794,0.03564060851931572,-0.03761967271566391,0.08973415940999985,-0.05670376867055893,-80.20497131347656,266.6263427734375,-176.10791015625,2.582828998565674,4.784770965576172,-0.7984732389450073,-0.004201002261088931,-0.04943470704622277,0.9687005558297417,-0.28664764761924744,-0.4440660774707794,0.03564060851931572,0.9687005558297417,0.0,0.0,0.0,0.0,0.0,0.0,-0.0347618877265579,0.0031652298864534856,0.008115262904315801,0.0,0.0,0.0,-0.004201002261088931,-0.04943470704622277,0.9687005558297417,0.0,0.0,0.0,0.0,0.0,0.0,zero,0.0,0.0,0.0,0.0,-0.0347618877265579,0.0031652298864534856,0.008115262904315801,-0.7317659706445223,1.0880306220503841,-0.565135102295717,1,0.013517618179321289,,,,,,,,,,,,,,,,,,,,,,1.6875744530007069,5,radio://0/80/2M/E7E7E7E705,4.1887902047863905,aborted,cf5 起飞前预检失败（电压或 EKF 对齐）,0.0,0.0,0.0,0,0.0,global_abort:cf5 起飞前预检失败（电压或 EKF 对齐）,,,,,
1.7018570720001662,1788684526.396037,control,aborted,1,1,0.006183712999700219,4.170087814331055,4170.0,0,90.0,1.6685196889993676,4.170087814331055,1,1,0,1.0071730349577168,0.37472060322761536,0.003656549146398902,0.04582607001066208,-0.13430508971214294,0.1166408509016037,-0.007102929055690765,-612.6212158203125,422.7214660644531,123.89988708496094,-1.559996247291565,2.9546689987182617,1.7892483472824097,-0.034474127200288134,0.002609033501921674,3.1250765371891642,0.37472060322761536,0.003656549146398902,0.04582607001066208,3.1250765371891642,0.0,0.0,0.0,0.0,0.0,0.0,0.03963082361209727,0.02764059815311383,-0.09734737792026207,0.0,0.0,0.0,-0.034474127200288134,0.002609033501921674,3.1250765371891642,0.0,0.0,0.0,0.0,0.0,0.0,zero,0.0,0.0,0.0,0.0,0.03963082361209727,0.02764059815311383,-0.09734737792026207,156.75939866484552,-220.99029551461152,-511.1386817533971,1,0.0074269771575927734,,,,,,,,,,,,,,,,,,,,,,1.7018570720001662,2,radio://0/80/2M/E7E7E7E702,0.0,aborted,cf5 起飞前预检失败（电压或 EKF 对齐）,0.0,0.0,0.0,0,0.0,global_abort:cf5 起飞前预检失败（电压或 EKF 对齐）,,,,,
1.7018570720001662,1788684526.3961806,control,aborted,1,1,0.006462581999585382,4.122580528259277,4122.0,0,90.0,1.6381233499996597,4.122580528259277,1,1,0,1.0187793716120355,-0.31368646025657654,0.31571242213249207,0.04021935537457466,-0.17807446420192719,-0.25733277201652527,0.21754024922847748,-767.93896484375,-1054.220458984375,922.22705078125,3.617748498916626,6.1885666847229,0.5256104469299316,-0.005998006753212258,-0.01095845685152841,-0.5956992348689077,-0.31368646025657654,0.31571242213249207,0.04021935537457466,-0.5956992348689077,0.0,0.0,0.0,0.0,0.0,0.0,0.042204489412436194,0.0013535314078211,-0.0362050369469023,0.0,0.0,0.0,-0.005998006753212258,-0.01095845685152841,-0.5956992348689077,0.0,0.0,0.0,0.0,0.0,0.0,zero,0.0,0.0,0.0,0.0,0.042204489412436194,0.0013535314078211,-0.0362050369469023,868.34198829038,17.597919159549853,-939.6169094630458,1,0.007570505142211914,,,,,,,,,,,,,,,,,,,,,,1.7018570720001662,4,radio://0/80/2M/E7E7E7E704,2.0943951023931953,aborted,cf5 起飞前预检失败（电压或 EKF 对齐）,0.0,0.0,0.0,0,0.0,global_abort:cf5 起飞前预检失败（电压或 EKF 对齐）,,,,,
1.7018570720001662,1788684526.396289,control,aborted,1,1,0.0060269659998084535,3.763636350631714,3763.0,0,10.0,1.6104017939996993,nan,1,0,1,1.0,-0.28665050864219666,-0.44405612349510193,0.0355616994202137,0.0023640189319849014,0.09028510749340057,-0.22126884758472443,81.58430480957031,245.91363525390625,-829.1612548828125,4.791627883911133,6.2116851806640625,-2.920609951019287,-0.003714536779687603,-0.04988729720381384,0.968403466460561,-0.28665050864219666,-0.44405612349510193,0.0355616994202137,0.968403466460561,0.0,0.0,0.0,0.0,0.0,0.0,-0.04213582167260277,0.0919905984781399,-0.05689375750068748,0.0,0.0,0.0,-0.003714536779687603,-0.04988729720381384,0.968403466460561,0.0,0.0,0.0,0.0,0.0,0.0,zero,0.0,0.0,0.0,0.0,-0.04213582167260277,0.0919905984781399,-0.05689375750068748,-77.9869954506314,939.4298702442508,-687.5467362396076,1,0.007678985595703125,,,,,,,,,,,,,,,,,,,,,,1.7018570720001662,5,radio://0/80/2M/E7E7E7E705,4.1887902047863905,aborted,cf5 起飞前预检失败（电压或 EKF 对齐）,0.0,0.0,0.0,0,0.0,global_abort:cf5 起飞前预检失败（电压或 EKF 对齐）,,,,,
1.716142678000324,1788684526.4103222,control,aborted,1,1,0.011044478999792773,4.170087814331055,4170.0,0,90.0,1.6828052949995254,4.170087814331055,1,1,0,1.0071730349577168,0.3747580647468567,0.0036504354793578386,0.045836616307497025,-0.10671704262495041,0.09319403022527695,-0.0054776668548583984,-489.56158447265625,337.7221374511719,99.15145111083984,-1.2404489517211914,2.3738889694213867,1.4255014657974243,-0.03408612214914301,0.003121499556504324,3.1247549172798763,0.3747580647468567,0.0036504354793578386,0.045836616307497025,3.1247549172798763,0.0,0.0,0.0,0.0,0.0,0.0,0.02406988815543613,0.031097055044547687,-0.09860095753360495,0.0,0.0,0.0,-0.03408612214914301,0.003121499556504324,3.1247549172798763,0.0,0.0,0.0,0.0,0.0,0.0,zero,0.0,0.0,0.0,0.0,0.02406988815543613,0.031097055044547687,-0.09860095753360495,-1.5099781100688425,0.3354023451223532,-0.1216429295429044,1,0.011406660079956055,,,,,,,,,,,,,,,,,,,,,,1.716142678000324,2,radio://0/80/2M/E7E7E7E702,0.0,aborted,cf5 起飞前预检失败（电压或 EKF 对齐）,0.0,0.0,0.0,0,0.0,global_abort:cf5 起飞前预检失败（电压或 EKF 对齐）,,,,,
1.716142678000324,1788684526.410467,control,aborted,1,1,0.010565569000391406,4.122580528259277,4122.0,0,90.0,1.6524089559998174,4.122580528259277,1,1,0,1.0187793716120355,-0.31370770931243896,0.31572556495666504,0.04018406197428703,-0.14287196099758148,-0.20561115443706512,0.17334724962711334,-613.6680297851562,-842.3726196289062,736.9240112304688,2.8739404678344727,4.921488285064697,0.42344042658805847,-0.007043760833467688,-0.012470528518157943,-0.5955372000966649,-0.31370770931243896,0.31572556495666504,0.04018406197428703,-0.5955372000966649,0.0,0.0,0.0,0.0,0.0,0.0,0.039503059592931836,-0.02611788772543712,-0.0318779025967769,0.0,0.0,0.0,-0.007043760833467688,-0.012470528518157943,-0.5955372000966649,0.0,0.0,0.0,0.0,0.0,0.0,zero,0.0,0.0,0.0,0.0,0.039503059592931836,-0.02611788772543712,-0.0318779025967769,-0.2621371899330559,-2.6657292975268714,0.4198898045823705,1,0.011551380157470703,,,,,,,,,,,,,,,,,,,,,,1.716142678000324,4,radio://0/80/2M/E7E7E7E704,2.0943951023931953,aborted,cf5 起飞前预检失败（电压或 EKF 对齐）,0.0,0.0,0.0,0,0.0,global_abort:cf5 起飞前预检失败（电压或 EKF 对齐）,,,,,
1.716142678000324,1788684526.4105766,control,aborted,1,1,0.010764200999801687,3.763636350631714,3763.0,0,10.0,1.624687399999857,nan,1,0,1,1.0,-0.28663861751556396,-0.444060355424881,0.03564979508519173,0.0021219912450760603,0.0721459612250328,-0.17530536651611328,65.26274871826172,196.37887573242188,-662.43701171875,3.8298606872558594,4.970748424530029,-2.3310372829437256,-0.0039058722141562248,-0.04981409288377273,0.9686843688669071,-0.28663861751556396,-0.444060355424881,0.03564979508519173,0.9686843688669071,0.0,0.0,0.0,0.0,0.0,0.0,-0.038478843881941976,0.11369332238159655,-0.0908096899553896,0.0,0.0,0.0,-0.0039058722141562248,-0.04981409288377273,0.9686843688669071,0.0,0.0,0.0,0.0,0.0,0.0,zero,0.0,0.0,0.0,0.0,-0.038478843881941976,0.11369332238159655,-0.0908096899553896,0.35486018358503896,2.105955526539974,-3.2910820645587386,1,0.011661052703857422,,,,,,,,,,,,,,,,,,,,,,1.716142678000324,5,radio://0/80/2M/E7E7E7E705,4.1887902047863905,aborted,cf5 起飞前预检失败（电压或 EKF 对齐）,0.0,0.0,0.0,0,0.0,global_abort:cf5 起飞前预检失败（电压或 EKF 对齐）,,,,,
1.73035944700041,1788684526.4245255,control,aborted,1,1,0.0010670110004866729,4.170087814331055,4170.0,0,90.0,1.6970220639996114,4.170087814331055,1,1,0,1.0071730349577168,0.37472712993621826,0.0036358002107590437,0.045823220163583755,-0.025463957339525223,0.014062155038118362,-0.11440520733594894,-207.90101623535156,110.39115142822266,-129.08001708984375,-1.9327514171600342,1.763098955154419,0.9013073444366455,-0.03509133742685914,0.0025082390807679225,3.124706111945674,0.37472712993621826,0.0036358002107590437,0.045823220163583755,3.124706111945674,0.0,0.0,0.0,0.0,0.0,0.0,-0.1391722401256418,0.10714817410709347,0.010056437796073722,0.0,0.0,0.0,-0.03509133742685914,0.0025082390807679225,3.124706111945674,0.0,0.0,0.0,0.0,0.0,0.0,zero,0.0,0.0,0.0,0.0,-0.1391722401256418,0.10714817410709347,0.010056437796073722,-718.1868425462671,334.5868564342793,478.0402809381496,1,0.002450227737426758,,,,,,,,,,,,,,,,,,,,,,1.73035944700041,2,radio://0/80/2M/E7E7E7E702,0.0,aborted,cf5 起飞前预检失败（电压或 EKF 对齐）,0.0,0.0,0.0,0,0.0,global_abort:cf5 起飞前预检失败（电压或 EKF 对齐）,,,,,
1.73035944700041,1788684526.4246705,control,aborted,1,1,0.001430287000403041,4.122580528259277,4122.0,0,90.0,1.6666257249999035,4.122580528259277,1,1,0,1.0187793716120355,-0.3136911988258362,0.3157644271850586,0.040205031633377075,-0.09618721902370453,-0.1241808608174324,0.12158509343862534,-361.2713928222656,-469.0943603515625,441.3709716796875,-0.12708806991577148,4.902042865753174,0.5148024559020996,-0.007765713494429114,-0.011090246440485408,-0.5957422693584312,-0.3136911988258362,0.3157644271850586,0.040205031633377075,-0.5957422693584312,0.0,0.0,0.0,0.0,0.0,0.0,-0.17781156535491124,-0.253510568179858,0.21400482474839205,0.0,0.0,0.0,-0.007765713494429114,-0.011090246440485408,-0.5957422693584312,0.0,0.0,0.0,0.0,0.0,0.0,zero,0.0,0.0,0.0,0.0,-0.17781156535491124,-0.253510568179858,0.21400482474839205,-956.0823540533536,-1000.4183123216155,1081.7683914844395,1,0.002595186233520508,,,,,,,,,,,,,,,,,,,,,,1.73035944700041,4,radio://0/80/2M/E7E7E7E704,2.0943951023931953,aborted,cf5 起飞前预检失败（电压或 EKF 对齐）,0.0,0.0,0.0,0,0.0,global_abort:cf5 起飞前预检失败（电压或 EKF 对齐）,,,,,
1.73035944700041,1788684526.4247806,control,aborted,1,1,0.0011666919999697711,3.763636350631714,3763.0,0,10.0,1.638904168999943,nan,1,0,1,1.0,-0.2866884171962738,-0.4440409243106842,0.03566187620162964,-0.058388035744428635,0.09354919195175171,-0.0022881701588630676,-62.73710250854492,188.16015625,-182.46946716308594,0.9269628524780273,-0.6207497119903564,-1.4483294486999512,-0.004713087081190252,-0.05133301507413588,0.9682536237381568,-0.2866884171962738,-0.4440409243106842,0.03566187620162964,0.9682536237381568,0.0,0.0,0.0,0.0,0.0,0.0,0.010906467045156947,0.07680088433754245,-0.21020947613736185,0.0,0.0,0.0,-0.004713087081190252,-0.05133301507413588,0.9682536237381568,0.0,0.0,0.0,0.0,0.0,0.0,zero,0.0,0.0,0.0,0.0,0.010906467045156947,0.07680088433754245,-0.21020947613736185,217.2710573743555,-162.3112638224829,-525.2962322815821,1,0.0027053356170654297,,,,,,,,,,,,,,,,,,,,,,1.73035944700041,5,radio://0/80/2M/E7E7E7E705,4.1887902047863905,aborted,cf5 起飞前预检失败（电压或 EKF 对齐）,0.0,0.0,0.0,0,0.0,global_abort:cf5 起飞前预检失败（电压或 EKF 对齐）,,,,,
1.744659386999956,1788684526.4388938,control,aborted,1,1,0.009964734999812208,4.170087814331055,4170.0,0,90.0,1.7113220039991575,4.170087814331055,1,1,0,1.0071730349577168,0.37473204731941223,0.00364825245924294,0.04578772187232971,-0.02021772786974907,0.011638276278972626,-0.09263183921575546,-166.15711975097656,88.23728942871094,-102.58460998535156,-1.5259047746658325,1.380373477935791,0.7208446264266968,-0.03444083069954923,0.0015437768925438081,3.1247332016961855,0.37473204731941223,0.00364825245924294,0.04578772187232971,3.1247332016961855,0.0,0.0,0.0,0.0,0.0,0.0,-0.1871690661297431,0.12739749047015608,0.04036133148531293,0.0,0.0,0.0,-0.03444083069954923,0.0015437768925438081,3.1247332016961855,0.0,0.0,0.0,0.0,0.0,0.0,zero,0.0,0.0,0.0,0.0,-0.1871690661297431,0.12739749047015608,0.04036133148531293,-7.4868265571908985,3.1586071857956397,4.727135141520725,1,0.010407686233520508,,,,,,,,,,,,,,,,,,,,,,1.744659386999956,2,radio://0/80/2M/E7E7E7E702,0.0,aborted,cf5 起飞前预检失败（电压或 EKF 对齐）,0.0,0.0,0.0,0,0.0,global_abort:cf5 起飞前预检失败（电压或 EKF 对齐）,,,,,
1.744659386999956,1788684526.4390771,control,aborted,1,1,0.009738531000039075,4.122580528259277,4122.0,0,90.0,1.6809256649994495,4.122580528259277,1,1,0,1.0187793716120355,-0.3136765658855438,0.3157430589199066,0.04018083214759827,-0.07649317383766174,-0.10001145303249359,0.09651296585798264,-288.402587890625,-374.52130126953125,352.3144226074219,-0.07621145248413086,3.8902294635772705,0.39631205797195435,-0.006944123542348218,-0.012100336179194256,-0.5962326163705398,-0.3136765658855438,0.3157430589199066,0.04018083214759827,-0.5962326163705398,0.0,0.0,0.0,0.0,0.0,0.0,-0.24506998416219794,-0.32128098367135327,0.29000388157109214,0.0,0.0,0.0,-0.006944123542348218,-0.012100336179194256,-0.5962326163705398,0.0,0.0,0.0,0.0,0.0,0.0,zero,0.0,0.0,0.0,0.0,-0.24506998416219794,-0.32128098367135327,0.29000388157109214,-10.491362826325926,-10.571227073436742,11.854778832521784,1,0.01059103012084961,,,,,,,,,,,,,,,,,,,,,,1.744659386999956,4,radio://0/80/2M/E7E7E7E704,2.0943951023931953,aborted,cf5 起飞前预检失败（电压或 EKF 对齐）,0.0,0.0,0.0,0,0.0,global_abort:cf5 起飞前预检失败（电压或 EKF 对齐）,,,,,
1.744659386999956,1788684526.4391947,control,aborted,1,1,0.009322361999693385,3.763636350631714,3763.0,0,10.0,1.653204108999489,nan,1,0,1,1.0,-0.2866484820842743,-0.44404837489128113,0.035651493817567825,-0.04546431452035904,0.07460687309503555,-0.002154502086341381,-49.78641891479492,149.9370574951172,-145.97140502929688,0.7859553694725037,-0.4180537164211273,-1.1601849794387817,-0.003287690852781322,-0.04881600746724027,0.9681946900096667,-0.2866484820842743,-0.44404837489128113,0.035651493817567825,0.9681946900096667,0.0,0.0,0.0,0.0,0.0,0.0,0.024051037093942202,0.06466370404735988,-0.2386981021284696,0.0,0.0,0.0,-0.003287690852781322,-0.04881600746724027,0.9681946900096667,0.0,0.0,0.0,0.0,0.0,0.0,zero,0.0,0.0,0.0,0.0,0.024051037093942202,0.06466370404735988,-0.2386981021284696,2.0503671662724603,-1.8932286005367962,-4.443823048421554,1,0.01070857048034668,,,,,,,,,,,,,,,,,,,,,,1.744659386999956,5,radio://0/80/2M/E7E7E7E705,4.1887902047863905,aborted,cf5 起飞前预检失败（电压或 EKF 对齐）,0.0,0.0,0.0,0,0.0,global_abort:cf5 起飞前预检失败（电压或 EKF 对齐）,,,,,
1.7589076890008073,1788684526.4530945,control,aborted,1,1,0.003184378000696597,4.170087814331055,4170.0,0,90.0,1.7255703060000087,4.170087814331055,1,1,0,1.0071730349577168,0.3747504949569702,0.0036781150847673416,0.04580819606781006,-0.01599760726094246,0.009596454910933971,-0.07390949875116348,-132.88531494140625,70.5702896118164,-81.88848114013672,-1.2270011901855469,1.1069960594177246,0.5798755884170532,-0.035096114688260883,0.0018370153148186783,3.125057508111444,0.3747504949569702,0.0036781150847673416,0.04580819606781006,3.125057508111444,0.0,0.0,0.0,0.0,0.0,0.0,-0.1166634838688137,0.07481732755840352,-0.01851284255834696,0.0,0.0,0.0,-0.035096114688260883,0.0018370153148186783,3.125057508111444,0.0,0.0,0.0,0.0,0.0,0.0,zero,0.0,0.0,0.0,0.0,-0.1166634838688137,0.07481732755840352,-0.01851284255834696,3.374240888389512,-2.516370050791472,-2.8175874726214767,1,0.0037131309509277344,,,,,,,,,,,,,,,,,,,,,,1.7589076890008073,2,radio://0/80/2M/E7E7E7E702,0.0,aborted,cf5 起飞前预检失败（电压或 EKF 对齐）,0.0,0.0,0.0,0,0.0,global_abort:cf5 起飞前预检失败（电压或 EKF 对齐）,,,,,
1.7589076890008073,1788684526.453242,control,aborted,1,1,0.002808781000567251,4.122580528259277,4122.0,0,90.0,1.6951739670003008,4.122580528259277,1,1,0,1.0187793716120355,-0.31368520855903625,0.3157384395599365,0.0402391217648983,-0.06127726286649704,-0.08005337417125702,0.07776830345392227,-230.57643127441406,-299.4259948730469,281.672119140625,-0.06008600816130638,3.117818832397461,0.31810909509658813,-0.006853113509941223,-0.011510852048152933,-0.5961259985239018,-0.31368520855903625,0.3157384395599365,0.0402391217648983,-0.5961259985239018,0.0,0.0,0.0,0.0,0.0,0.0,-0.1795790573580564,-0.2293605186443656,0.21464731322872066,0.0,0.0,0.0,-0.006853113509941223,-0.011510852048152933,-0.5961259985239018,0.0,0.0,0.0,0.0,0.0,0.0,zero,0.0,0.0,0.0,0.0,-0.1795790573580564,-0.2293605186443656,0.21464731322872066,3.134250593424517,4.399109710575581,-3.6063983298305824,1,0.0038607120513916016,,,,,,,,,,,,,,,,,,,,,,1.7589076890008073,4,radio://0/80/2M/E7E7E7E704,2.0943951023931953,aborted,cf5 起飞前预检失败（电压或 EKF 对齐）,0.0,0.0,0.0,0,0.0,global_abort:cf5 起飞前预检失败（电压或 EKF 对齐）,,,,,
1.7589076890008073,1788684526.4533513,control,aborted,1,1,0.0024696410000615288,3.763636350631714,3763.0,0,10.0,1.6674524110003404,nan,1,0,1,1.0,-0.28665030002593994,-0.44402411580085754,0.03564091771841049,-0.03638885170221329,0.05991769954562187,-0.0018248324049636722,-39.74226760864258,119.80904388427734,-116.77396392822266,0.6249584555625916,-0.325903981924057,-0.9248087406158447,-0.0037020480149067593,-0.047922680875205695,0.9685408380812213,-0.28665030002593994,-0.44402411580085754,0.03564091771841049,0.9685408380812213,0.0,0.0,0.0,0.0,0.0,0.0,-0.007761738118344619,0.06680542763086417,-0.12751969065303154,0.0,0.0,0.0,-0.0037020480149067593,-0.047922680875205695,0.9685408380812213,0.0,0.0,0.0,0.0,0.0,0.0,zero,0.0,0.0,0.0,0.0,-0.007761738118344619,0.06680542763086417,-0.12751969065303154,-1.5224889072921972,0.10249814348519934,5.320752341541923,1,0.003969907760620117,,,,,,,,,,,,,,,,,,,,,,1.7589076890008073,5,radio://0/80/2M/E7E7E7E705,4.1887902047863905,aborted,cf5 起飞前预检失败（电压或 EKF 对齐）,0.0,0.0,0.0,0,0.0,global_abort:cf5 起飞前预检失败（电压或 EKF 对齐）,,,,,
1.7732157350001216,1788684526.4673796,control,aborted,1,1,0.007314176999898336,4.170087814331055,4170.0,0,90.0,1.739878351999323,4.170087814331055,1,1,0,1.0071730349577168,0.3747704327106476,0.003657573601230979,0.0458095408976078,-0.015387551859021187,0.013825681060552597,-0.05265776440501213,-85.79829406738281,46.8177375793457,-50.78268051147461,-0.6906585693359375,0.44790399074554443,0.5071164965629578,-0.034466077036864426,0.0020997741981772632,3.124911370529867,0.3747704327106476,0.003657573601230979,0.0458095408976078,3.124911370529867,0.0,0.0,0.0,0.0,0.0,0.0,-0.014308226725540774,0.0009307011351354227,-0.09685454778786905,0.0,0.0,0.0,-0.034466077036864426,0.0020997741981772632,3.124911370529867,0.0,0.0,0.0,0.0,0.0,0.0,zero,0.0,0.0,0.0,0.0,-0.014308226725540774,0.0009307011351354227,-0.09685454778786905,57.66590942070481,-41.61982948640757,-44.106512540895366,1,0.007760763168334961,,,,,,,,,,,,,,,,,,,,,,1.7732157350001216,2,radio://0/80/2M/E7E7E7E702,0.0,aborted,cf5 起飞前预检失败（电压或 EKF 对齐）,0.0,0.0,0.0,0,0.0,global_abort:cf5 起飞前预检失败（电压或 EKF 对齐）,,,,,
1.7732157350001216,1788684526.4675312,control,aborted,1,1,0.006806968000091729,4.122580528259277,4122.0,0,90.0,1.709482012999615,4.122580528259277,1,1,0,1.0187793716120355,-0.31367507576942444,0.31574857234954834,0.040211234241724014,-0.03574828431010246,-0.05222156643867493,0.05045843496918678,-144.2694549560547,-188.69967651367188,177.4410858154297,-0.011649178341031075,1.898861289024353,0.19577744603157043,-0.00674576136864472,-0.012308419409486637,-0.5958019940484066,-0.31367507576942444,0.31574857234954834,0.040211234241724014,-0.5958019940484066,0.0,0.0,0.0,0.0,0.0,0.0,-0.07834563667942282,-0.09150889914072871,0.09790278731059848,0.0,0.0,0.0,-0.00674576136864472,-0.012308419409486637,-0.5958019940484066,0.0,0.0,0.0,0.0,0.0,0.0,zero,0.0,0.0,0.0,0.0,-0.07834563667942282,-0.09150889914072871,0.09790278731059848,57.058117188248396,77.68581620475682,-65.80150710763371,1,0.007912397384643555,,,,,,,,,,,,,,,,,,,,,,1.7732157350001216,4,radio://0/80/2M/E7E7E7E704,2.0943951023931953,aborted,cf5 起飞前预检失败（电压或 EKF 对齐）,0.0,0.0,0.0,0,0.0,global_abort:cf5 起飞前预检失败（电压或 EKF 对齐）,,,,,
1.7732157350001216,1788684526.467647,control,aborted,1,1,0.007005268999819236,3.763636350631714,3763.0,0,10.0,1.6817604569996547,nan,1,0,1,1.0,-0.28663283586502075,-0.444080114364624,0.035590026527643204,-0.019146250560879707,0.030212482437491417,-0.008155608549714088,-23.00662612915039,72.48194885253906,-76.17408752441406,0.4090510308742523,-0.5280008316040039,-0.586292564868927,-0.0043877071991902175,-0.0491848121961902,0.9683161924975884,-0.28663283586502075,-0.444080114364624,0.035590026527643204,0.9683161924975884,0.0,0.0,0.0,0.0,0.0,0.0,-0.0497576901339607,0.06749553160831209,0.02540798254852915,0.0,0.0,0.0,-0.0043877071991902175,-0.0491848121961902,0.9683161924975884,0.0,0.0,0.0,0.0,0.0,0.0,zero,0.0,0.0,0.0,0.0,-0.0497576901339607,0.06749553160831209,0.02540798254852915,-23.64207607019824,0.37103235268465984,86.13305828154287,1,0.008028268814086914,,,,,,,,,,,,,,,,,,,,,,1.7732157350001216,5,radio://0/80/2M/E7E7E7E705,4.1887902047863905,aborted,cf5 起飞前预检失败（电压或 EKF 对齐）,0.0,0.0,0.0,0,0.0,global_abort:cf5 起飞前预检失败（电压或 EKF 对齐）,,,,,
1.787558748000265,1788684526.4817502,control,aborted,1,1,0.002705467999476241,4.170087814331055,4170.0,0,90.0,1.7542213649994665,4.170087814331055,1,1,0,1.0071730349577168,0.37472158670425415,0.0036469988990575075,0.045791853219270706,-0.010833115316927433,0.008605191484093666,-0.03403564170002937,-54.826663970947266,29.864221572875977,-32.150848388671875,-0.4342188835144043,0.279826283454895,0.31951087713241577,-0.03404027566131746,0.0018316992877365644,3.1246547991992606,0.37472158670425415,0.0036469988990575075,0.045791853219270706,3.1246547991992606,0.0,0.0,0.0,0.0,0.0,0.0,0.025727124751373134,-0.024444645131759545,-0.11169712905169071,0.0,0.0,0.0,-0.03404027566131746,0.0018316992877365644,3.1246547991992606,0.0,0.0,0.0,0.0,0.0,0.0,zero,0.0,0.0,0.0,0.0,0.025727124751373134,-0.024444645131759545,-0.11169712905169071,1.138732958819291,-0.6013863400195721,0.1535555718763576,1,0.0031561851501464844,,,,,,,,,,,,,,,,,,,,,,1.787558748000265,2,radio://0/80/2M/E7E7E7E702,0.0,aborted,cf5 起飞前预检失败（电压或 EKF 对齐）,0.0,0.0,0.0,0,0.0,global_abort:cf5 起飞前预检失败（电压或 EKF 对齐）,,,,,
1.787558748000265,1788684526.4818785,control,aborted,1,1,0.0023909519995868322,4.122580528259277,4122.0,0,90.0,1.7238250259997585,4.122580528259277,1,1,0,1.0187793716120355,-0.31367921829223633,0.315772145986557,0.0402681939303875,-0.023016609251499176,-0.03293027728796005,0.033371053636074066,-92.09452056884766,-120.40413665771484,113.24102020263672,-0.017838498577475548,1.2636256217956543,0.12747988104820251,-0.007241301691188429,-0.009778481205247954,-0.5956816779570072,-0.31367921829223633,0.315772145986557,0.0402681939303875,-0.5956816779570072,0.0,0.0,0.0,0.0,0.0,0.0,-0.024888044186919797,-0.02428589656647001,0.03644688578339969,0.0,0.0,0.0,-0.007241301691188429,-0.009778481205247954,-0.5956816779570072,0.0,0.0,0.0,0.0,0.0,0.0,zero,0.0,0.0,0.0,0.0,-0.024888044186919797,-0.02428589656647001,0.03644688578339969,2.020488260973622,2.401584664292669,-2.31617301239688,1,0.003284454345703125,,,,,,,,,,,,,,,,,,,,,,1.787558748000265,4,radio://0/80/2M/E7E7E7E704,2.0943951023931953,aborted,cf5 起飞前预检失败（电压或 EKF 对齐）,0.0,0.0,0.0,0,0.0,global_abort:cf5 起飞前预检失败（电压或 EKF 对齐）,,,,,
1.787558748000265,1788684526.481977,control,aborted,1,1,0.0021909799997956725,3.763636350631714,3763.0,0,10.0,1.696103469999798,nan,1,0,1,1.0,-0.28666001558303833,-0.44405221939086914,0.03568941727280617,-0.01279317308217287,0.019915323704481125,-0.0032900883816182613,-14.605381965637207,46.196067810058594,-48.65892791748047,0.2590390145778656,-0.35842254757881165,-0.36838364601135254,-0.004454829744630248,-0.05030913966680815,0.9686114688816216,-0.28666001558303833,-0.44405221939086914,0.03568941727280617,0.9686114688816216,0.0,0.0,0.0,0.0,0.0,0.0,-0.05615807257333514,0.055655255973180995,0.07484060910073194,0.0,0.0,0.0,-0.004454829744630248,-0.05030913966680815,0.9686114688816216,0.0,0.0,0.0,0.0,0.0,0.0,zero,0.0,0.0,0.0,0.0,-0.05615807257333514,0.055655255973180995,0.07484060910073194,0.18006196810905503,-0.7847479985144348,1.0553564386771377,1,0.0033829212188720703,,,,,,,,,,,,,,,,,,,,,,1.787558748000265,5,radio://0/80/2M/E7E7E7E705,4.1887902047863905,aborted,cf5 起飞前预检失败（电压或 EKF 对齐）,0.0,0.0,0.0,0,0.0,global_abort:cf5 起飞前预检失败（电压或 EKF 对齐）,,,,,
1.8019000520007467,1788684526.4960692,control,aborted,1,1,0.007183742000052007,4.170087814331055,4170.0,0,90.0,1.768562668999948,4.170087814331055,1,1,0,1.0071730349577168,0.3747522234916687,0.003676552325487137,0.04584908112883568,-0.008045341819524765,0.007483338937163353,-0.02606823854148388,-43.8048095703125,23.868633270263672,-25.559141159057617,-0.35072046518325806,0.2353847175836563,0.25643306970596313,-0.03420523064104638,0.0024011350459413354,3.124676044725616,0.3747522234916687,0.003676552325487137,0.04584908112883568,3.124676044725616,0.0,0.0,0.0,0.0,0.0,0.0,0.026735401212434447,-0.022928272367944248,-0.09978412566299175,0.0,0.0,0.0,-0.03420523064104638,0.0024011350459413354,3.124676044725616,0.0,0.0,0.0,0.0,0.0,0.0,zero,0.0,0.0,0.0,0.0,0.026735401212434447,-0.022928272367944248,-0.09978412566299175,0.10222426864238118,0.15373769274260474,1.2078017347167906,1,0.007611751556396484,,,,,,,,,,,,,,,,,,,,,,1.8019000520007467,2,radio://0/80/2M/E7E7E7E702,0.0,aborted,cf5 起飞前预检失败（电压或 EKF 对齐）,0.0,0.0,0.0,0,0.0,global_abort:cf5 起飞前预检失败（电压或 EKF 对齐）,,,,,
1.8019000520007467,1788684526.4962006,control,aborted,1,1,0.00660245400013082,4.122580528259277,4122.0,0,90.0,1.7381663300002401,4.122580528259277,1,1,0,1.0187793716120355,-0.313657283782959,0.31572356820106506,0.040249962359666824,-0.017968574538826942,-0.02732912078499794,0.026327205821871758,-73.57327270507812,-96.20974731445312,90.45000457763672,-0.00573540385812521,0.9802870154380798,0.08899050951004028,-0.006813672826158482,-0.011292885741801161,-0.5963119988448599,-0.313657283782959,0.31572356820106506,0.040249962359666824,-0.5963119988448599,0.0,0.0,0.0,0.0,0.0,0.0,-0.013655210999035283,-0.012612331130286751,0.02346012901708855,0.0,0.0,0.0,-0.006813672826158482,-0.011292885741801161,-0.5963119988448599,0.0,0.0,0.0,0.0,0.0,0.0,zero,0.0,0.0,0.0,0.0,-0.013655210999035283,-0.012612331130286751,0.02346012901708855,1.1388425712177126,1.1835262799914235,-1.3166643909104638,1,0.007743120193481445,,,,,,,,,,,,,,,,,,,,,,1.8019000520007467,4,radio://0/80/2M/E7E7E7E704,2.0943951023931953,aborted,cf5 起飞前预检失败（电压或 EKF 对齐）,0.0,0.0,0.0,0,0.0,global_abort:cf5 起飞前预检失败（电压或 EKF 对齐）,,,,,
1.8019000520007467,1788684526.4963052,control,aborted,1,1,0.006808757000726473,3.763636350631714,3763.0,0,10.0,1.7104447740002797,nan,1,0,1,1.0,-0.2866768538951874,-0.4440579116344452,0.03565866872668266,-0.010575929656624794,0.01581685245037079,-0.003255486721172929,-11.639351844787598,36.87376022338867,-38.92644119262695,0.22224099934101105,-0.2560690641403198,-0.30614137649536133,-0.0036862307807452653,-0.0487987717896439,0.9680406423725594,-0.2866768538951874,-0.4440579116344452,0.03565866872668266,0.9680406423725594,0.0,0.0,0.0,0.0,0.0,0.0,-0.049000030112867105,0.0462899408146656,0.06931582018757751,0.0,0.0,0.0,-0.0036862307807452653,-0.0487987717896439,0.9680406423725594,0.0,0.0,0.0,0.0,0.0,0.0,zero,0.0,0.0,0.0,0.0,-0.049000030112867105,0.0462899408146656,0.06931582018757751,0.7257192681680185,-0.9495039601310552,-0.56013159868502,1,0.007847785949707031,,,,,,,,,,,,,,,,,,,,,,1.8019000520007467,5,radio://0/80/2M/E7E7E7E705,4.1887902047863905,aborted,cf5 起飞前预检失败（电压或 EKF 对齐）,0.0,0.0,0.0,0,0.0,global_abort:cf5 起飞前预检失败（电压或 EKF 对齐）,,,,,
1.8163229219999266,1788684526.5106013,control,aborted,1,1,0.0005123679993630503,4.170087814331055,4170.0,0,90.0,1.782985538999128,4.170087814331055,1,1,0,1.0071730349577168,0.37474989891052246,0.003653840394690633,0.04583466053009033,-0.005210354458540678,0.004384674597531557,-0.017003444954752922,-27.98775863647461,15.22332763671875,-16.20663833618164,-0.23933658003807068,0.1678427904844284,0.17670629918575287,-0.035104772147012867,0.003403722545400872,3.1253736559511185,0.37474989891052246,0.003653840394690633,0.04583466053009033,3.1253736559511185,0.0,0.0,0.0,0.0,0.0,0.0,0.01474082501732569,-0.01083140775366834,-0.06313167956051954,0.0,0.0,0.0,-0.035104772147012867,0.003403722545400872,3.1253736559511185,0.0,0.0,0.0,0.0,0.0,0.0,zero,0.0,0.0,0.0,0.0,0.01474082501732569,-0.01083140775366834,-0.06313167956051954,-0.6626286231663123,0.6137745780880013,1.758056827976196,1,0.0010058879852294922,,,,,,,,,,,,,,,,,,,,,,1.8163229219999266,2,radio://0/80/2M/E7E7E7E702,0.0,aborted,cf5 起飞前预检失败（电压或 EKF 对齐）,0.0,0.0,0.0,0,0.0,global_abort:cf5 起飞前预检失败（电压或 EKF 对齐）,,,,,
1.8163229219999266,1788684526.5107818,control,aborted,1,1,0.00020247999964340124,4.122580528259277,4122.0,0,90.0,1.75258919999942,4.122580528259277,1,1,0,1.0187793716120355,-0.3136434555053711,0.31577247381210327,0.040228214114904404,-0.01123078539967537,-0.016724012792110443,0.01654033735394478,-46.972633361816406,-61.39690399169922,57.724361419677734,-0.0038935132324695587,0.6397874355316162,0.05060034990310669,-0.006922262621818585,-0.01072013259725145,-0.5965752032525381,-0.3136434555053711,0.31577247381210327,0.040228214114904404,-0.5965752032525381,0.0,0.0,0.0,0.0,0.0,0.0,-0.00677465308205069,-0.008731219283837893,0.014414495187607037,0.0,0.0,0.0,-0.006922262621818585,-0.01072013259725145,-0.5965752032525381,0.0,0.0,0.0,0.0,0.0,0.0,zero,0.0,0.0,0.0,0.0,-0.00677465308205069,-0.008731219283837893,0.014414495187607037,0.14433460520395744,-0.0167436823513162,-0.23436185652163433,1,0.001186370849609375,,,,,,,,,,,,,,,,,,,,,,1.8163229219999266,4,radio://0/80/2M/E7E7E7E704,2.0943951023931953,aborted,cf5 起飞前预检失败（电压或 EKF 对齐）,0.0,0.0,0.0,0,0.0,global_abort:cf5 起飞前预检失败（电压或 EKF 对齐）,,,,,
1.8163229219999266,1788684526.510909,control,aborted,1,1,0.01104055099949619,3.763636350631714,3763.0,0,10.0,1.7248676439994597,nan,1,0,1,1.0,-0.2866467237472534,-0.4440712630748749,0.03567055985331535,-0.007864730432629585,0.012389373034238815,-0.002369167283177376,-9.257850646972656,29.43120765686035,-31.123620986938477,0.17209787666797638,-0.2241349071264267,-0.22951814532279968,-0.00401269482409645,-0.04977041022389827,0.968823581394214,-0.2866467237472534,-0.4440712630748749,0.03567055985331535,0.968823581394214,0.0,0.0,0.0,0.0,0.0,0.0,-0.039430967593317205,0.03677285193254548,0.0555743781067256,0.0,0.0,0.0,-0.00401269482409645,-0.04977041022389827,0.968823581394214,0.0,0.0,0.0,0.0,0.0,0.0,zero,0.0,0.0,0.0,0.0,-0.039430967593317205,0.03677285193254548,0.0555743781067256,0.9463255022634683,-0.9411856070600761,-1.3589499548591315,1,0.01233983039855957,,,,,,,,,,,,,,,,,,,,,,1.8163229219999266,5,radio://0/80/2M/E7E7E7E705,4.1887902047863905,aborted,cf5 起飞前预检失败（电压或 EKF 对齐）,0.0,0.0,0.0,0,0.0,global_abort:cf5 起飞前预检失败（电压或 EKF 对齐）,,,,,
1.8304430560001492,1788684526.524652,control,aborted,1,1,0.014632501999585656,4.170087814331055,4170.0,0,90.0,1.7971056729993506,4.170087814331055,1,1,0,1.0071730349577168,0.37474989891052246,0.003653840394690633,0.04583466053009033,-0.005210354458540678,0.004384674597531557,-0.017003444954752922,-27.98775863647461,15.22332763671875,-16.20663833618164,-0.23933658003807068,0.1678427904844284,0.17670629918575287,-0.035104772147012867,0.003403722545400872,3.1253736559511185,0.37474989891052246,0.003653840394690633,0.04583466053009033,3.1253736559511185,0.0,0.0,0.0,0.0,0.0,0.0,0.01474082501732569,-0.01083140775366834,-0.06313167956051954,0.0,0.0,0.0,-0.035104772147012867,0.003403722545400872,3.1253736559511185,0.0,0.0,0.0,0.0,0.0,0.0,zero,0.0,0.0,0.0,0.0,0.01474082501732569,-0.01083140775366834,-0.06313167956051954,-0.6626286231663123,0.6137745780880013,1.758056827976196,1,0.015056610107421875,,,,,,,,,,,,,,,,,,,,,,1.8304430560001492,2,radio://0/80/2M/E7E7E7E702,0.0,aborted,cf5 起飞前预检失败（电压或 EKF 对齐）,0.0,0.0,0.0,0,0.0,global_abort:cf5 起飞前预检失败（电压或 EKF 对齐）,,,,,
1.8304430560001492,1788684526.5247934,control,aborted,1,1,0.014322613999866007,4.122580528259277,4122.0,0,90.0,1.7667093339996427,4.122580528259277,1,1,0,1.0187793716120355,-0.3136434555053711,0.31577247381210327,0.040228214114904404,-0.01123078539967537,-0.016724012792110443,0.01654033735394478,-46.972633361816406,-61.39690399169922,57.724361419677734,-0.0038935132324695587,0.6397874355316162,0.05060034990310669,-0.006922262621818585,-0.01072013259725145,-0.5965752032525381,-0.3136434555053711,0.31577247381210327,0.040228214114904404,-0.5965752032525381,0.0,0.0,0.0,0.0,0.0,0.0,-0.00677465308205069,-0.008731219283837893,0.014414495187607037,0.0,0.0,0.0,-0.006922262621818585,-0.01072013259725145,-0.5965752032525381,0.0,0.0,0.0,0.0,0.0,0.0,zero,0.0,0.0,0.0,0.0,-0.00677465308205069,-0.008731219283837893,0.014414495187607037,0.14433460520395744,-0.0167436823513162,-0.23436185652163433,1,0.015197992324829102,,,,,,,,,,,,,,,,,,,,,,1.8304430560001492,4,radio://0/80/2M/E7E7E7E704,2.0943951023931953,aborted,cf5 起飞前预检失败（电压或 EKF 对齐）,0.0,0.0,0.0,0,0.0,global_abort:cf5 起飞前预检失败（电压或 EKF 对齐）,,,,,
1.8304430560001492,1788684526.5249257,control,aborted,1,1,0.013397605000136537,3.763636350631714,3763.0,0,10.0,1.7389877779996823,nan,1,0,1,1.0,-0.2866325378417969,-0.4440547525882721,0.03569599241018295,-0.006034468300640583,0.010210980661213398,-0.0014340163907036185,-7.373081684112549,23.50545310974121,-24.881935119628906,0.14291733503341675,-0.18509361147880554,-0.1895187348127365,-0.0037076611699397516,-0.05009063037116636,0.9684989334408327,-0.2866325378417969,-0.4440547525882721,0.03569599241018295,0.9684989334408327,0.0,0.0,0.0,0.0,0.0,0.0,-0.029169887636558013,0.02779970042769473,0.03859877974701525,0.0,0.0,0.0,-0.0037076611699397516,-0.05009063037116636,0.9684989334408327,0.0,0.0,0.0,0.0,0.0,0.0,zero,0.0,0.0,0.0,0.0,-0.029169887636558013,0.02779970042769473,0.03859877974701525,0.9306136334671418,-0.8138068469176708,-1.5395770558636577,1,0.015330314636230469,,,,,,,,,,,,,,,,,,,,,,1.8304430560001492,5,radio://0/80/2M/E7E7E7E705,4.1887902047863905,aborted,cf5 起飞前预检失败（电压或 EKF 对齐）,0.0,0.0,0.0,0,0.0,global_abort:cf5 起飞前预检失败（电压或 EKF 对齐）,,,,,
1.8446630130001722,1788684526.5390744,control,aborted,1,1,0.028852458999608643,4.170087814331055,4170.0,0,90.0,1.8113256299993736,4.170087814331055,1,1,0,1.0071730349577168,0.37474989891052246,0.003653840394690633,0.04583466053009033,-0.005210354458540678,0.004384674597531557,-0.017003444954752922,-27.98775863647461,15.22332763671875,-16.20663833618164,-0.23933658003807068,0.1678427904844284,0.17670629918575287,-0.035104772147012867,0.003403722545400872,3.1253736559511185,0.37474989891052246,0.003653840394690633,0.04583466053009033,3.1253736559511185,0.0,0.0,0.0,0.0,0.0,0.0,0.01474082501732569,-0.01083140775366834,-0.06313167956051954,0.0,0.0,0.0,-0.035104772147012867,0.003403722545400872,3.1253736559511185,0.0,0.0,0.0,0.0,0.0,0.0,zero,0.0,0.0,0.0,0.0,0.01474082501732569,-0.01083140775366834,-0.06313167956051954,-0.6626286231663123,0.6137745780880013,1.758056827976196,1,0.029479026794433594,,,,,,,,,,,,,,,,,,,,,,1.8446630130001722,2,radio://0/80/2M/E7E7E7E702,0.0,aborted,cf5 起飞前预检失败（电压或 EKF 对齐）,0.0,0.0,0.0,0,0.0,global_abort:cf5 起飞前预检失败（电压或 EKF 对齐）,,,,,
1.8446630130001722,1788684526.5392485,control,aborted,1,1,0.028542570999888994,4.122580528259277,4122.0,0,90.0,1.7809292909996657,4.122580528259277,1,1,0,1.0187793716120355,-0.3136434555053711,0.31577247381210327,0.040228214114904404,-0.01123078539967537,-0.016724012792110443,0.01654033735394478,-46.972633361816406,-61.39690399169922,57.724361419677734,-0.0038935132324695587,0.6397874355316162,0.05060034990310669,-0.006922262621818585,-0.01072013259725145,-0.5965752032525381,-0.3136434555053711,0.31577247381210327,0.040228214114904404,-0.5965752032525381,0.0,0.0,0.0,0.0,0.0,0.0,-0.00677465308205069,-0.008731219283837893,0.014414495187607037,0.0,0.0,0.0,-0.006922262621818585,-0.01072013259725145,-0.5965752032525381,0.0,0.0,0.0,0.0,0.0,0.0,zero,0.0,0.0,0.0,0.0,-0.00677465308205069,-0.008731219283837893,0.014414495187607037,0.14433460520395744,-0.0167436823513162,-0.23436185652163433,1,0.029653072357177734,,,,,,,,,,,,,,,,,,,,,,1.8446630130001722,4,radio://0/80/2M/E7E7E7E704,2.0943951023931953,aborted,cf5 起飞前预检失败（电压或 EKF 对齐）,0.0,0.0,0.0,0,0.0,global_abort:cf5 起飞前预检失败（电压或 EKF 对齐）,,,,,
1.8446630130001722,1788684526.5394828,control,aborted,1,1,0.027617562000159523,3.763636350631714,3763.0,0,10.0,1.7532077349997053,nan,1,0,1,1.0,-0.2866325378417969,-0.4440547525882721,0.03569599241018295,-0.006034468300640583,0.010210980661213398,-0.0014340163907036185,-7.373081684112549,23.50545310974121,-24.881935119628906,0.14291733503341675,-0.18509361147880554,-0.1895187348127365,-0.0037076611699397516,-0.05009063037116636,0.9684989334408327,-0.2866325378417969,-0.4440547525882721,0.03569599241018295,0.9684989334408327,0.0,0.0,0.0,0.0,0.0,0.0,-0.029169887636558013,0.02779970042769473,0.03859877974701525,0.0,0.0,0.0,-0.0037076611699397516,-0.05009063037116636,0.9684989334408327,0.0,0.0,0.0,0.0,0.0,0.0,zero,0.0,0.0,0.0,0.0,-0.029169887636558013,0.02779970042769473,0.03859877974701525,0.9306136334671418,-0.8138068469176708,-1.5395770558636577,1,0.02988743782043457,,,,,,,,,,,,,,,,,,,,,,1.8446630130001722,5,radio://0/80/2M/E7E7E7E705,4.1887902047863905,aborted,cf5 起飞前预检失败（电压或 EKF 对齐）,0.0,0.0,0.0,0,0.0,global_abort:cf5 起飞前预检失败（电压或 EKF 对齐）,,,,,
1.8589027970001553,1788684526.5530844,control,aborted,1,1,0.003930914000193297,4.170087814331055,4170.0,0,90.0,1.8255654139993567,4.170087814331055,1,1,0,1.0071730349577168,0.3747639060020447,0.0036764005199074745,0.04580344259738922,-0.014723667874932289,0.009135891683399677,0.014800023287534714,-22.018150329589844,12.359686851501465,13.663127899169922,-0.1222924143075943,0.059828754514455795,-0.0018432270735502243,-0.035138202508007234,0.002159225764145555,3.1246036774618573,0.3747639060020447,0.0036764005199074745,0.04580344259738922,3.1246036774618573,0.0,0.0,0.0,0.0,0.0,0.0,-0.03597897391841823,0.028575100729676176,0.05814632337783081,0.0,0.0,0.0,-0.035138202508007234,0.002159225764145555,3.1246036774618573,0.0,0.0,0.0,0.0,0.0,0.0,zero,0.0,0.0,0.0,0.0,-0.03597897391841823,0.028575100729676176,0.05814632337783081,-33.584962100561825,25.626876092738144,84.19815531237089,1,0.004323720932006836,,,,,,,,,,,,,,,,,,,,,,1.8589027970001553,2,radio://0/80/2M/E7E7E7E702,0.0,aborted,cf5 起飞前预检失败（电压或 EKF 对齐）,0.0,0.0,0.0,0,0.0,global_abort:cf5 起飞前预检失败（电压或 EKF 对齐）,,,,,
1.8589027970001553,1788684526.5532472,control,aborted,1,1,0.003060973999708949,4.122580528259277,4122.0,0,90.0,1.7951690749996487,4.122580528259277,1,1,0,1.0187793716120355,-0.3136751353740692,0.31578075885772705,0.04019550606608391,0.013265622779726982,0.03328903019428253,0.0009759841486811638,-7.6366376876831055,8.85307502746582,18.593219757080078,-0.41704994440078735,1.6759974956512451,-0.1426907181739807,-0.007861581180418966,-0.011262594536253938,-0.5957777570395445,-0.3136751353740692,0.31578075885772705,0.04019550606608391,-0.5957777570395445,0.0,0.0,0.0,0.0,0.0,0.0,-0.0149262433943443,-0.02590400760070345,0.016486553032449926,0.0,0.0,0.0,-0.007861581180418966,-0.011262594536253938,-0.5957777570395445,0.0,0.0,0.0,0.0,0.0,0.0,zero,0.0,0.0,0.0,0.0,-0.0149262433943443,-0.02590400760070345,0.016486553032449926,-1.876071797638001,-8.104087694540342,-1.2264240889048788,1,0.004486560821533203,,,,,,,,,,,,,,,,,,,,,,1.8589027970001553,4,radio://0/80/2M/E7E7E7E704,2.0943951023931953,aborted,cf5 起飞前预检失败（电压或 EKF 对齐）,0.0,0.0,0.0,0,0.0,global_abort:cf5 起飞前预检失败（电压或 EKF 对齐）,,,,,
1.8589027970001553,1788684526.5533574,control,aborted,1,1,0.002733610999712255,3.763636350631714,3763.0,0,10.0,1.7674475189996883,nan,1,0,1,1.0,-0.28667527437210083,-0.44401007890701294,0.035620711743831635,-0.019711293280124664,0.04889795929193497,0.0016595427878201008,-18.874656677246094,48.83371353149414,-5.293850898742676,0.12001916766166687,0.21822011470794678,-0.22757869958877563,-0.0036141890887708243,-0.048877350079991395,0.9681992914237663,-0.28667527437210083,-0.44401007890701294,0.035620711743831635,0.9681992914237663,0.0,0.0,0.0,0.0,0.0,0.0,0.031569325599192816,-0.019771923577857543,-0.06660803559811232,0.0,0.0,0.0,-0.0036141890887708243,-0.048877350079991395,0.9681992914237663,0.0,0.0,0.0,0.0,0.0,0.0,zero,0.0,0.0,0.0,0.0,0.031569325599192816,-0.019771923577857543,-0.06660803559811232,42.28616078067723,-33.75931891111009,-71.77279445527296,1,0.004596710205078125,,,,,,,,,,,,,,,,,,,,,,1.8589027970001553,5,radio://0/80/2M/E7E7E7E705,4.1887902047863905,aborted,cf5 起飞前预检失败（电压或 EKF 对齐）,0.0,0.0,0.0,0,0.0,global_abort:cf5 起飞前预检失败（电压或 EKF 对齐）,,,,,
1.8731848180004818,1788684526.567359,control,aborted,1,1,0.018212935000519792,4.170087814331055,4170.0,0,90.0,1.8398474349996832,4.170087814331055,1,1,0,1.0071730349577168,0.3747639060020447,0.0036764005199074745,0.04580344259738922,-0.014723667874932289,0.009135891683399677,0.014800023287534714,-22.018150329589844,12.359686851501465,13.663127899169922,-0.1222924143075943,0.059828754514455795,-0.0018432270735502243,-0.035138202508007234,0.002159225764145555,3.1246036774618573,0.3747639060020447,0.0036764005199074745,0.04580344259738922,3.1246036774618573,0.0,0.0,0.0,0.0,0.0,0.0,-0.03597897391841823,0.028575100729676176,0.05814632337783081,0.0,0.0,0.0,-0.035138202508007234,0.002159225764145555,3.1246036774618573,0.0,0.0,0.0,0.0,0.0,0.0,zero,0.0,0.0,0.0,0.0,-0.03597897391841823,0.028575100729676176,0.05814632337783081,-33.584962100561825,25.626876092738144,84.19815531237089,1,0.018598318099975586,,,,,,,,,,,,,,,,,,,,,,1.8731848180004818,2,radio://0/80/2M/E7E7E7E702,0.0,aborted,cf5 起飞前预检失败（电压或 EKF 对齐）,0.0,0.0,0.0,0,0.0,global_abort:cf5 起飞前预检失败（电压或 EKF 对齐）,,,,,
1.8731848180004818,1788684526.5675,control,aborted,1,1,0.017342995000035444,4.122580528259277,4122.0,0,90.0,1.8094510959999752,4.122580528259277,1,1,0,1.0187793716120355,-0.3136751353740692,0.31578075885772705,0.04019550606608391,0.013265622779726982,0.03328903019428253,0.0009759841486811638,-7.6366376876831055,8.85307502746582,18.593219757080078,-0.41704994440078735,1.6759974956512451,-0.1426907181739807,-0.007861581180418966,-0.011262594536253938,-0.5957777570395445,-0.3136751353740692,0.31578075885772705,0.04019550606608391,-0.5957777570395445,0.0,0.0,0.0,0.0,0.0,0.0,-0.0149262433943443,-0.02590400760070345,0.016486553032449926,0.0,0.0,0.0,-0.007861581180418966,-0.011262594536253938,-0.5957777570395445,0.0,0.0,0.0,0.0,0.0,0.0,zero,0.0,0.0,0.0,0.0,-0.0149262433943443,-0.02590400760070345,0.016486553032449926,-1.876071797638001,-8.104087694540342,-1.2264240889048788,1,0.01873946189880371,,,,,,,,,,,,,,,,,,,,,,1.8731848180004818,4,radio://0/80/2M/E7E7E7E704,2.0943951023931953,aborted,cf5 起飞前预检失败（电压或 EKF 对齐）,0.0,0.0,0.0,0,0.0,global_abort:cf5 起飞前预检失败（电压或 EKF 对齐）,,,,,
1.8731848180004818,1788684526.5676086,control,aborted,1,1,0.01701563200003875,3.763636350631714,3763.0,0,10.0,1.7817295400000148,nan,1,0,1,1.0,-0.28667527437210083,-0.44401007890701294,0.035620711743831635,-0.019711293280124664,0.04889795929193497,0.0016595427878201008,-18.874656677246094,48.83371353149414,-5.293850898742676,0.12001916766166687,0.21822011470794678,-0.22757869958877563,-0.0036141890887708243,-0.048877350079991395,0.9681992914237663,-0.28667527437210083,-0.44401007890701294,0.035620711743831635,0.9681992914237663,0.0,0.0,0.0,0.0,0.0,0.0,0.031569325599192816,-0.019771923577857543,-0.06660803559811232,0.0,0.0,0.0,-0.0036141890887708243,-0.048877350079991395,0.9681992914237663,0.0,0.0,0.0,0.0,0.0,0.0,zero,0.0,0.0,0.0,0.0,0.031569325599192816,-0.019771923577857543,-0.06660803559811232,42.28616078067723,-33.75931891111009,-71.77279445527296,1,0.018847942352294922,,,,,,,,,,,,,,,,,,,,,,1.8731848180004818,5,radio://0/80/2M/E7E7E7E705,4.1887902047863905,aborted,cf5 起飞前预检失败（电压或 EKF 对齐）,0.0,0.0,0.0,0,0.0,global_abort:cf5 起飞前预检失败（电压或 EKF 对齐）,,,,,
1.8875109099999463,1788684526.5816975,control,aborted,1,1,0.0015049579997139517,4.170087814331055,4170.0,0,90.0,1.8541735269991477,4.170087814331055,1,1,0,1.0071730349577168,0.374750554561615,0.0036037431564182043,0.0458541139960289,0.024383096024394035,-0.10772071778774261,-0.017524555325508118,44.72381591796875,-178.1832275390625,-38.98116683959961,-0.5905588865280151,0.9531015157699585,0.5601252913475037,-0.03493224887162838,0.0023603980316479816,3.1249846365383713,0.374750554561615,0.0036037431564182043,0.0458541139960289,3.1249846365383713,0.0,0.0,0.0,0.0,0.0,0.0,-0.011534844276892445,0.006805626816143724,0.012164504492028556,0.0,0.0,0.0,-0.03493224887162838,0.0023603980316479816,3.1249846365383713,0.0,0.0,0.0,0.0,0.0,0.0,zero,0.0,0.0,0.0,0.0,-0.011534844276892445,0.006805626816143724,0.012164504492028556,59.81393228039829,-53.23851000955876,-113.02755163870393,1,0.003103017807006836,,,,,,,,,,,,,,,,,,,,,,1.8875109099999463,2,radio://0/80/2M/E7E7E7E702,0.0,aborted,cf5 起飞前预检失败（电压或 EKF 对齐）,0.0,0.0,0.0,0,0.0,global_abort:cf5 起飞前预检失败（电压或 EKF 对齐）,,,,,
1.8875109099999463,1788684526.5818613,control,aborted,1,1,0.0013094309997541131,4.122580528259277,4122.0,0,90.0,1.8237771879994398,4.122580528259277,1,1,0,1.0187793716120355,-0.3136219382286072,0.31574997305870056,0.04028656706213951,0.10309890657663345,0.011269986629486084,0.08452668786048889,150.13104248046875,-12.375030517578125,145.71031188964844,1.0246351957321167,-0.7054265737533569,-0.6824214458465576,-0.0063269610952422185,-0.011278996511824376,-0.5960707625262376,-0.3136219382286072,0.31574997305870056,0.04028656706213951,-0.5960707625262376,0.0,0.0,0.0,0.0,0.0,0.0,0.01350361995435641,0.029628787535189292,-0.00034113701821315845,0.0,0.0,0.0,-0.0063269610952422185,-0.011278996511824376,-0.5960707625262376,0.0,0.0,0.0,0.0,0.0,0.0,zero,0.0,0.0,0.0,0.0,0.01350361995435641,0.029628787535189292,-0.00034113701821315845,68.35601670897239,134.96734497383446,-40.58232595706468,1,0.0032668113708496094,,,,,,,,,,,,,,,,,,,,,,1.8875109099999463,4,radio://0/80/2M/E7E7E7E704,2.0943951023931953,aborted,cf5 起飞前预检失败（电压或 EKF 对齐）,0.0,0.0,0.0,0,0.0,global_abort:cf5 起飞前预检失败（电压或 EKF 对齐）,,,,,
1.8875109099999463,1788684526.581971,control,aborted,1,1,0.0016849919993546791,3.763636350631714,3763.0,0,10.0,1.7960556319994794,nan,1,0,1,1.0,-0.2866511642932892,-0.44404855370521545,0.03572767972946167,-0.05942228436470032,0.0446937158703804,0.13129465281963348,-87.30681610107422,47.58904266357422,208.598388671875,-1.9352365732192993,-2.7269058227539062,-0.09337084740400314,-0.004436533167857612,-0.05056903802122214,0.9685484025839391,-0.2866511642932892,-0.44404855370521545,0.03572767972946167,0.9685484025839391,0.0,0.0,0.0,0.0,0.0,0.0,-0.016268810399819554,0.04038767393359988,0.0019182621611184905,0.0,0.0,0.0,-0.004436533167857612,-0.05056903802122214,0.9685484025839391,0.0,0.0,0.0,0.0,0.0,0.0,zero,0.0,0.0,0.0,0.0,-0.016268810399819554,0.04038767393359988,0.0019182621611184905,-117.35612311949994,147.38907924669965,168.39168933344104,1,0.003376483917236328,,,,,,,,,,,,,,,,,,,,,,1.8875109099999463,5,radio://0/80/2M/E7E7E7E705,4.1887902047863905,aborted,cf5 起飞前预检失败（电压或 EKF 对齐）,0.0,0.0,0.0,0,0.0,global_abort:cf5 起飞前预检失败（电压或 EKF 对齐）,,,,,
1.9017897330004416,1788684526.5959864,control,aborted,1,1,0.015783781000209274,4.170087814331055,4170.0,0,90.0,1.868452349999643,4.170087814331055,1,1,0,1.0071730349577168,0.374750554561615,0.0036037431564182043,0.0458541139960289,0.024383096024394035,-0.10772071778774261,-0.017524555325508118,44.72381591796875,-178.1832275390625,-38.98116683959961,-0.5905588865280151,0.9531015157699585,0.5601252913475037,-0.03493224887162838,0.0023603980316479816,3.1249846365383713,0.374750554561615,0.0036037431564182043,0.0458541139960289,3.1249846365383713,0.0,0.0,0.0,0.0,0.0,0.0,-0.011534844276892445,0.006805626816143724,0.012164504492028556,0.0,0.0,0.0,-0.03493224887162838,0.0023603980316479816,3.1249846365383713,0.0,0.0,0.0,0.0,0.0,0.0,zero,0.0,0.0,0.0,0.0,-0.011534844276892445,0.006805626816143724,0.012164504492028556,59.81393228039829,-53.23851000955876,-113.02755163870393,1,0.01739192008972168,,,,,,,,,,,,,,,,,,,,,,1.9017897330004416,2,radio://0/80/2M/E7E7E7E702,0.0,aborted,cf5 起飞前预检失败（电压或 EKF 对齐）,0.0,0.0,0.0,0,0.0,global_abort:cf5 起飞前预检失败（电压或 EKF 对齐）,,,,,
1.9017897330004416,1788684526.5961235,control,aborted,1,1,0.015588254000249435,4.122580528259277,4122.0,0,90.0,1.838056010999935,4.122580528259277,1,1,0,1.0187793716120355,-0.3136219382286072,0.31574997305870056,0.04028656706213951,0.10309890657663345,0.011269986629486084,0.08452668786048889,150.13104248046875,-12.375030517578125,145.71031188964844,1.0246351957321167,-0.7054265737533569,-0.6824214458465576,-0.0063269610952422185,-0.011278996511824376,-0.5960707625262376,-0.3136219382286072,0.31574997305870056,0.04028656706213951,-0.5960707625262376,0.0,0.0,0.0,0.0,0.0,0.0,0.01350361995435641,0.029628787535189292,-0.00034113701821315845,0.0,0.0,0.0,-0.0063269610952422185,-0.011278996511824376,-0.5960707625262376,0.0,0.0,0.0,0.0,0.0,0.0,zero,0.0,0.0,0.0,0.0,0.01350361995435641,0.029628787535189292,-0.00034113701821315845,68.35601670897239,134.96734497383446,-40.58232595706468,1,0.017529010772705078,,,,,,,,,,,,,,,,,,,,,,1.9017897330004416,4,radio://0/80/2M/E7E7E7E704,2.0943951023931953,aborted,cf5 起飞前预检失败（电压或 EKF 对齐）,0.0,0.0,0.0,0,0.0,global_abort:cf5 起飞前预检失败（电压或 EKF 对齐）,,,,,
1.9017897330004416,1788684526.5962465,control,aborted,1,1,0.01596381499985,3.763636350631714,3763.0,0,10.0,1.8103344549999747,nan,1,0,1,1.0,-0.2866511642932892,-0.44404855370521545,0.03572767972946167,-0.05942228436470032,0.0446937158703804,0.13129465281963348,-87.30681610107422,47.58904266357422,208.598388671875,-1.9352365732192993,-2.7269058227539062,-0.09337084740400314,-0.004436533167857612,-0.05056903802122214,0.9685484025839391,-0.2866511642932892,-0.44404855370521545,0.03572767972946167,0.9685484025839391,0.0,0.0,0.0,0.0,0.0,0.0,-0.016268810399819554,0.04038767393359988,0.0019182621611184905,0.0,0.0,0.0,-0.004436533167857612,-0.05056903802122214,0.9685484025839391,0.0,0.0,0.0,0.0,0.0,0.0,zero,0.0,0.0,0.0,0.0,-0.016268810399819554,0.04038767393359988,0.0019182621611184905,-117.35612311949994,147.38907924669965,168.39168933344104,1,0.017652034759521484,,,,,,,,,,,,,,,,,,,,,,1.9017897330004416,5,radio://0/80/2M/E7E7E7E705,4.1887902047863905,aborted,cf5 起飞前预检失败（电压或 EKF 对齐）,0.0,0.0,0.0,0,0.0,global_abort:cf5 起飞前预检失败（电压或 EKF 对齐）,,,,,
1.916083988000537,1788684526.6102757,control,aborted,1,1,0.0014482670003417297,4.170087814331055,4170.0,0,90.0,1.8827466049997383,4.170087814331055,1,1,0,1.0071730349577168,0.374760240316391,0.003643318312242627,0.045790139585733414,0.012885264120995998,-0.055117614567279816,-0.008978850208222866,22.35662841796875,-88.50581359863281,-19.312362670898438,-0.24837172031402588,0.4554963707923889,0.23696045577526093,-0.03492062652589151,0.0018026988628563004,3.1244019302395456,0.374760240316391,0.003643318312242627,0.045790139585733414,3.1244019302395456,0.0,0.0,0.0,0.0,0.0,0.0,0.02430148571925168,-0.09212192319599352,-0.022744653007325456,0.0,0.0,0.0,-0.03492062652589151,0.0018026988628563004,3.1244019302395456,0.0,0.0,0.0,0.0,0.0,0.0,zero,0.0,0.0,0.0,0.0,0.02430148571925168,-0.09212192319599352,-0.022744653007325456,0.9134643393984972,-2.515662176016478,-0.840424303817775,1,0.0018062591552734375,,,,,,,,,,,,,,,,,,,,,,1.916083988000537,2,radio://0/80/2M/E7E7E7E702,0.0,aborted,cf5 起飞前预检失败（电压或 EKF 对齐）,0.0,0.0,0.0,0,0.0,global_abort:cf5 起飞前预检失败（电压或 EKF 对齐）,,,,,
1.916083988000537,1788684526.6104424,control,aborted,1,1,0.0009746330006237258,4.122580528259277,4122.0,0,90.0,1.8523502660000304,4.122580528259277,1,1,0,1.0187793716120355,-0.31360894441604614,0.3157443106174469,0.040232155472040176,0.044130194932222366,0.0031611910089850426,0.03710376098752022,72.48302459716797,-7.0792460441589355,71.33753204345703,0.6227743625640869,-0.4965783357620239,-0.30281344056129456,-0.00665207587594313,-0.0114691842576045,-0.5964937483019848,-0.31360894441604614,0.3157443106174469,0.040232155472040176,-0.5964937483019848,0.0,0.0,0.0,0.0,0.0,0.0,0.08873248652844674,0.02029798999838192,0.06543704809287808,0.0,0.0,0.0,-0.00665207587594313,-0.0114691842576045,-0.5964937483019848,0.0,0.0,0.0,0.0,0.0,0.0,zero,0.0,0.0,0.0,0.0,0.08873248652844674,0.02029798999838192,0.06543704809287808,1.757260304929952,-0.43304105099728074,1.6517778930706004,1,0.0019729137420654297,,,,,,,,,,,,,,,,,,,,,,1.916083988000537,4,radio://0/80/2M/E7E7E7E704,2.0943951023931953,aborted,cf5 起飞前预检失败（电压或 EKF 对齐）,0.0,0.0,0.0,0,0.0,global_abort:cf5 起飞前预检失败（电压或 EKF 对齐）,,,,,
1.916083988000537,1788684526.6105523,control,aborted,1,1,0.0011756370004150085,3.763636350631714,3763.0,0,10.0,1.82462871000007,nan,1,0,1,1.0,-0.2866744101047516,-0.4440474808216095,0.035625141113996506,-0.027934100478887558,0.025346536189317703,0.06525465101003647,-42.67398452758789,23.653453826904297,103.29247283935547,-1.096649169921875,-1.172441005706787,-0.006785077508538961,-0.0038384510591723477,-0.04986619845477256,0.9687717842638016,-0.2866744101047516,-0.4440474808216095,0.035625141113996506,0.9687717842638016,0.0,0.0,0.0,0.0,0.0,0.0,-0.05812021108342387,0.0496364724063538,0.12081249633135953,0.0,0.0,0.0,-0.0038384510591723477,-0.04986619845477256,0.9687717842638016,0.0,0.0,0.0,0.0,0.0,0.0,zero,0.0,0.0,0.0,0.0,-0.05812021108342387,0.0496364724063538,0.12081249633135953,-0.9242504045476078,0.05153023025775711,2.909131878710739,1,0.00208282470703125,,,,,,,,,,,,,,,,,,,,,,1.916083988000537,5,radio://0/80/2M/E7E7E7E705,4.1887902047863905,aborted,cf5 起飞前预检失败（电压或 EKF 对齐）,0.0,0.0,0.0,0,0.0,global_abort:cf5 起飞前预检失败（电压或 EKF 对齐）,,,,,
1.930440039000132,1788684526.6246226,control,aborted,1,1,0.015804317999936757,4.170087814331055,4170.0,0,90.0,1.8971026559993334,4.170087814331055,1,1,0,1.0071730349577168,0.374760240316391,0.003643318312242627,0.045790139585733414,0.012885264120995998,-0.055117614567279816,-0.008978850208222866,22.35662841796875,-88.50581359863281,-19.312362670898438,-0.24837172031402588,0.4554963707923889,0.23696045577526093,-0.03492062652589151,0.0018026988628563004,3.1244019302395456,0.374760240316391,0.003643318312242627,0.045790139585733414,3.1244019302395456,0.0,0.0,0.0,0.0,0.0,0.0,0.02430148571925168,-0.09212192319599352,-0.022744653007325456,0.0,0.0,0.0,-0.03492062652589151,0.0018026988628563004,3.1244019302395456,0.0,0.0,0.0,0.0,0.0,0.0,zero,0.0,0.0,0.0,0.0,0.02430148571925168,-0.09212192319599352,-0.022744653007325456,0.9134643393984972,-2.515662176016478,-0.840424303817775,1,0.01615309715270996,,,,,,,,,,,,,,,,,,,,,,1.930440039000132,2,radio://0/80/2M/E7E7E7E702,0.0,aborted,cf5 起飞前预检失败（电压或 EKF 对齐）,0.0,0.0,0.0,0,0.0,global_abort:cf5 起飞前预检失败（电压或 EKF 对齐）,,,,,
1.930440039000132,1788684526.6247625,control,aborted,1,1,0.015330684000218753,4.122580528259277,4122.0,0,90.0,1.8667063169996254,4.122580528259277,1,1,0,1.0187793716120355,-0.31360894441604614,0.3157443106174469,0.040232155472040176,0.044130194932222366,0.0031611910089850426,0.03710376098752022,72.48302459716797,-7.0792460441589355,71.33753204345703,0.6227743625640869,-0.4965783357620239,-0.30281344056129456,-0.00665207587594313,-0.0114691842576045,-0.5964937483019848,-0.31360894441604614,0.3157443106174469,0.040232155472040176,-0.5964937483019848,0.0,0.0,0.0,0.0,0.0,0.0,0.08873248652844674,0.02029798999838192,0.06543704809287808,0.0,0.0,0.0,-0.00665207587594313,-0.0114691842576045,-0.5964937483019848,0.0,0.0,0.0,0.0,0.0,0.0,zero,0.0,0.0,0.0,0.0,0.08873248652844674,0.02029798999838192,0.06543704809287808,1.757260304929952,-0.43304105099728074,1.6517778930706004,1,0.016293048858642578,,,,,,,,,,,,,,,,,,,,,,1.930440039000132,4,radio://0/80/2M/E7E7E7E704,2.0943951023931953,aborted,cf5 起飞前预检失败（电压或 EKF 对齐）,0.0,0.0,0.0,0,0.0,global_abort:cf5 起飞前预检失败（电压或 EKF 对齐）,,,,,
1.930440039000132,1788684526.6248713,control,aborted,1,1,0.015531688000010035,3.763636350631714,3763.0,0,10.0,1.838984760999665,nan,1,0,1,1.0,-0.2866744101047516,-0.4440474808216095,0.035625141113996506,-0.027934100478887558,0.025346536189317703,0.06525465101003647,-42.67398452758789,23.653453826904297,103.29247283935547,-1.096649169921875,-1.172441005706787,-0.006785077508538961,-0.0038384510591723477,-0.04986619845477256,0.9687717842638016,-0.2866744101047516,-0.4440474808216095,0.035625141113996506,0.9687717842638016,0.0,0.0,0.0,0.0,0.0,0.0,-0.05812021108342387,0.0496364724063538,0.12081249633135953,0.0,0.0,0.0,-0.0038384510591723477,-0.04986619845477256,0.9687717842638016,0.0,0.0,0.0,0.0,0.0,0.0,zero,0.0,0.0,0.0,0.0,-0.05812021108342387,0.0496364724063538,0.12081249633135953,-0.9242504045476078,0.05153023025775711,2.909131878710739,1,0.01640176773071289,,,,,,,,,,,,,,,,,,,,,,1.930440039000132,5,radio://0/80/2M/E7E7E7E705,4.1887902047863905,aborted,cf5 起飞前预检失败（电压或 EKF 对齐）,0.0,0.0,0.0,0,0.0,global_abort:cf5 起飞前预检失败（电压或 EKF 对齐）,,,,,
1.945233276000181,1788684526.639414,control,aborted,1,1,0.00039029999970807694,4.170087814331055,4170.0,0,90.0,1.9118958929993823,4.170087814331055,1,1,0,1.0071730349577168,0.3747660219669342,0.003644309937953949,0.04581984505057335,0.01183846965432167,-0.032635174691677094,0.005793514661490917,12.166748046875,-44.534141540527344,-7.327640533447266,-0.1877729445695877,0.25040730834007263,0.037295643240213394,-0.03396276437567087,0.003275381084385005,3.12467197173348,0.3747660219669342,0.003644309937953949,0.04581984505057335,3.12467197173348,0.0,0.0,0.0,0.0,0.0,0.0,0.015466843733174388,-0.05935927661283551,-0.008791637610365948,0.0,0.0,0.0,-0.03396276437567087,0.003275381084385005,3.12467197173348,0.0,0.0,0.0,0.0,0.0,0.0,zero,0.0,0.0,0.0,0.0,0.015466843733174388,-0.05935927661283551,-0.008791637610365948,-0.28687939220748043,1.1713399784602672,0.5395245416578741,1,0.0010013580322265625,,,,,,,,,,,,,,,,,,,,,,1.945233276000181,2,radio://0/80/2M/E7E7E7E702,0.0,aborted,cf5 起飞前预检失败（电压或 EKF 对齐）,0.0,0.0,0.0,0,0.0,global_abort:cf5 起飞前预检失败（电压或 EKF 对齐）,,,,,
1.945233276000181,1788684526.6395633,control,aborted,1,1,0.0005805579994557775,4.122580528259277,4122.0,0,90.0,1.8814995539996744,4.122580528259277,1,1,0,1.0187793716120355,-0.3136463761329651,0.3157384693622589,0.04021019488573074,0.024401286616921425,-0.002049387199804187,0.02488974668085575,36.123714447021484,-4.53584623336792,36.749855041503906,0.25194239616394043,-0.2128080427646637,-0.24751216173171997,-0.006591653568854161,-0.011807932803411431,-0.596120581383168,-0.3136463761329651,0.3157384693622589,0.04021019488573074,-0.596120581383168,0.0,0.0,0.0,0.0,0.0,0.0,0.041303008776072785,-0.003869552935490667,0.038786482113088355,0.0,0.0,0.0,-0.006591653568854161,-0.011807932803411431,-0.596120581383168,0.0,0.0,0.0,0.0,0.0,0.0,zero,0.0,0.0,0.0,0.0,0.041303008776072785,-0.003869552935490667,0.038786482113088355,-1.5091809539040044,-0.6766916826206237,-0.8789389848614046,1,0.0011506080627441406,,,,,,,,,,,,,,,,,,,,,,1.945233276000181,4,radio://0/80/2M/E7E7E7E704,2.0943951023931953,aborted,cf5 起飞前预检失败（电压或 EKF 对齐）,0.0,0.0,0.0,0,0.0,global_abort:cf5 起飞前预检失败（电压或 EKF 对齐）,,,,,
1.945233276000181,1788684526.6396723,control,aborted,1,1,0.00010423899948364124,3.763636350631714,3763.0,0,10.0,1.853777997999714,nan,1,0,1,1.0,-0.28664177656173706,-0.4440218210220337,0.03561577573418617,-0.013104596175253391,0.019082237035036087,0.03629804402589798,-20.872264862060547,12.670939445495605,51.52721405029297,-0.6605880856513977,-0.5455240607261658,0.02284112013876438,-0.003330184040406318,-0.04770705608427613,0.968021475924874,-0.28664177656173706,-0.4440218210220337,0.03561577573418617,0.968021475924874,0.0,0.0,0.0,0.0,0.0,0.0,-0.025001144461000907,0.01983803989546492,0.06719250362328395,0.0,0.0,0.0,-0.003330184040406318,-0.04770705608427613,0.968021475924874,0.0,0.0,0.0,0.0,0.0,0.0,zero,0.0,0.0,0.0,0.0,-0.025001144461000907,0.01983803989546492,0.06719250362328395,1.0462347626993604,-0.8452109192025558,-1.8043624183170195,1,0.0012595653533935547,,,,,,,,,,,,,,,,,,,,,,1.945233276000181,5,radio://0/80/2M/E7E7E7E705,4.1887902047863905,aborted,cf5 起飞前预检失败（电压或 EKF 对齐）,0.0,0.0,0.0,0,0.0,global_abort:cf5 起飞前预检失败（电压或 EKF 对齐）,,,,,
1.9590107340000031,1788684526.6532114,control,aborted,1,1,0.004069240999342583,4.170087814331055,4170.0,0,90.0,1.9256733509992046,4.170087814331055,1,1,0,1.0071730349577168,0.37475481629371643,0.003658316330984235,0.04581549018621445,0.009251726791262627,-0.02583434246480465,0.004549682606011629,9.682832717895508,-35.4943733215332,-5.88642692565918,-0.15605738759040833,0.18144258856773376,0.033601317554712296,-0.034260835992881905,0.0023165212434414417,3.1248973986147464,0.37475481629371643,0.003658316330984235,0.04581549018621445,3.1248973986147464,0.0,0.0,0.0,0.0,0.0,0.0,0.013652713559228357,-0.05015293652869423,-0.004157408891959806,0.0,0.0,0.0,-0.034260835992881905,0.0023165212434414417,3.1248973986147464,0.0,0.0,0.0,0.0,0.0,0.0,zero,0.0,0.0,0.0,0.0,0.013652713559228357,-0.05015293652869423,-0.004157408891959806,-0.17731668169981676,0.8998459414679832,0.45295870736683813,1,0.004567623138427734,,,,,,,,,,,,,,,,,,,,,,1.9590107340000031,2,radio://0/80/2M/E7E7E7E702,0.0,aborted,cf5 起飞前预检失败（电压或 EKF 对齐）,0.0,0.0,0.0,0,0.0,global_abort:cf5 起飞前预检失败（电压或 EKF 对齐）,,,,,
1.9590107340000031,1788684526.6533706,control,aborted,1,1,0.003787449999435921,4.122580528259277,4122.0,0,90.0,1.8952770119994966,4.122580528259277,1,1,0,1.0187793716120355,-0.3136444687843323,0.31573376059532166,0.040197327733039856,0.019558314234018326,-0.0017315571894869208,0.01966026984155178,28.80430030822754,-3.622464179992676,29.297658920288086,0.18336398899555206,-0.15491248667240143,-0.20023751258850098,-0.0075208116420816375,-0.011024333854885052,-0.5962400772225286,-0.3136444687843323,0.31573376059532166,0.040197327733039856,-0.5962400772225286,0.0,0.0,0.0,0.0,0.0,0.0,0.03207365600029487,-0.006604429672337356,0.032841823088207975,0.0,0.0,0.0,-0.0075208116420816375,-0.011024333854885052,-0.5962400772225286,0.0,0.0,0.0,0.0,0.0,0.0,zero,0.0,0.0,0.0,0.0,0.03207365600029487,-0.006604429672337356,0.032841823088207975,-0.9020952475963931,-0.2673122771453909,-0.5810427648837593,1,0.004726886749267578,,,,,,,,,,,,,,,,,,,,,,1.9590107340000031,4,radio://0/80/2M/E7E7E7E704,2.0943951023931953,aborted,cf5 起飞前预检失败（电压或 EKF 对齐）,0.0,0.0,0.0,0,0.0,global_abort:cf5 起飞前预检失败（电压或 EKF 对齐）,,,,,
1.9590107340000031,1788684526.65349,control,aborted,1,1,0.0035894369993911823,3.763636350631714,3763.0,0,10.0,1.8675554559995362,nan,1,0,1,1.0,-0.2866208851337433,-0.44405707716941833,0.03567265346646309,-0.010075289756059647,0.014576599933207035,0.030150284990668297,-16.638595581054688,10.048675537109375,41.101593017578125,-0.5444457530975342,-0.45098188519477844,0.028908442705869675,-0.004173728486595367,-0.048449971965206624,0.9685689932399515,-0.2866208851337433,-0.44405707716941833,0.03567265346646309,0.9685689932399515,0.0,0.0,0.0,0.0,0.0,0.0,-0.018608692736152097,0.016013196701465046,0.05463065480578171,0.0,0.0,0.0,-0.004173728486595367,-0.048449971965206624,0.9685689932399515,0.0,0.0,0.0,0.0,0.0,0.0,zero,0.0,0.0,0.0,0.0,-0.018608692736152097,0.016013196701465046,0.05463065480578171,0.6248109116177354,-0.37384776071883025,-1.2278200210347903,1,0.004846334457397461,,,,,,,,,,,,,,,,,,,,,,1.9590107340000031,5,radio://0/80/2M/E7E7E7E705,4.1887902047863905,aborted,cf5 起飞前预检失败（电压或 EKF 对齐）,0.0,0.0,0.0,0,0.0,global_abort:cf5 起飞前预检失败（电压或 EKF 对齐）,,,,,
1.9731915640004445,1788684526.6673815,control,aborted,1,1,0.008204036000279302,4.170087814331055,4170.0,0,90.0,1.939854180999646,4.170087814331055,1,1,0,1.0071730349577168,0.37477076053619385,0.0036377673968672752,0.045823127031326294,0.007715689949691296,-0.02107255533337593,0.0037902910262346268,7.715986728668213,-28.3016300201416,-4.724111557006836,-0.12929242849349976,0.17433007061481476,0.031529951840639114,-0.034485829892290196,0.0038037928845414595,3.1250822252213797,0.37477076053619385,0.0036377673968672752,0.045823127031326294,3.1250822252213797,0.0,0.0,0.0,0.0,0.0,0.0,0.012065945506297356,-0.04167907745321664,-0.0003655659872737072,0.0,0.0,0.0,-0.034485829892290196,0.0038037928845414595,3.1250822252213797,0.0,0.0,0.0,0.0,0.0,0.0,zero,0.0,0.0,0.0,0.0,0.012065945506297356,-0.04167907745321664,-0.0003655659872737072,-0.15639128657488266,0.8351804919567618,0.3737226680725755,1,0.008591651916503906,,,,,,,,,,,,,,,,,,,,,,1.9731915640004445,2,radio://0/80/2M/E7E7E7E702,0.0,aborted,cf5 起飞前预检失败（电压或 EKF 对齐）,0.0,0.0,0.0,0,0.0,global_abort:cf5 起飞前预检失败（电压或 EKF 对齐）,,,,,
1.9731915640004445,1788684526.6675553,control,aborted,1,1,0.007884798999839404,4.122580528259277,4122.0,0,90.0,1.909457841999938,4.122580528259277,1,1,0,1.0187793716120355,-0.31363537907600403,0.31574299931526184,0.040184639394283295,0.01582583598792553,-0.0012031232472509146,0.01547809224575758,22.96986198425293,-2.887554407119751,23.355684280395508,0.16194480657577515,-0.1474490463733673,-0.14736388623714447,-0.0067546836782685134,-0.01221273518324908,-0.5955809069006881,-0.31363537907600403,0.31574299931526184,0.040184639394283295,-0.5955809069006881,0.0,0.0,0.0,0.0,0.0,0.0,0.025323923145973006,-0.007321233718271595,0.027738381411599757,0.0,0.0,0.0,-0.0067546836782685134,-0.01221273518324908,-0.5955809069006881,0.0,0.0,0.0,0.0,0.0,0.0,zero,0.0,0.0,0.0,0.0,0.025323923145973006,-0.007321233718271595,0.027738381411599757,-0.6652512338991823,-0.0706479480467657,-0.5029933696297715,1,0.008765459060668945,,,,,,,,,,,,,,,,,,,,,,1.9731915640004445,4,radio://0/80/2M/E7E7E7E704,2.0943951023931953,aborted,cf5 起飞前预检失败（电压或 EKF 对齐）,0.0,0.0,0.0,0,0.0,global_abort:cf5 起飞前预检失败（电压或 EKF 对齐）,,,,,
1.9731915640004445,1788684526.667666,control,aborted,1,1,0.007590285000333097,3.763636350631714,3763.0,0,10.0,1.8817362859999776,nan,1,0,1,1.0,-0.28660809993743896,-0.4440666437149048,0.03566906601190567,-0.007808197755366564,0.01147269457578659,0.024049509316682816,-13.266185760498047,7.977753162384033,32.761009216308594,-0.43332746624946594,-0.3693069517612457,0.028413008898496628,-0.004073790081707164,-0.04888113619654581,0.9688392121249078,-0.28660809993743896,-0.4440666437149048,0.03566906601190567,0.9688392121249078,0.0,0.0,0.0,0.0,0.0,0.0,-0.013953677530656381,0.01381401778361573,0.04427145305116655,0.0,0.0,0.0,-0.004073790081707164,-0.04888113619654581,0.9688392121249078,0.0,0.0,0.0,0.0,0.0,0.0,zero,0.0,0.0,0.0,0.0,-0.013953677530656381,0.01381401778361573,0.04427145305116655,0.45879661849026,-0.21675028037999486,-1.0209991859241796,1,0.00887608528137207,,,,,,,,,,,,,,,,,,,,,,1.9731915640004445,5,radio://0/80/2M/E7E7E7E705,4.1887902047863905,aborted,cf5 起飞前预检失败（电压或 EKF 对齐）,0.0,0.0,0.0,0,0.0,global_abort:cf5 起飞前预检失败（电压或 EKF 对齐）,,,,,
1.9875879750006789,1788684526.681806,control,aborted,1,1,0.01271779000035167,4.170087814331055,4170.0,0,90.0,1.9542505919998803,4.170087814331055,1,1,0,1.0071730349577168,0.3747449517250061,0.003650801256299019,0.0458037443459034,0.005644065793603659,-0.0165911503136158,0.0026353339198976755,6.130369186401367,-22.549537658691406,-3.8029391765594482,-0.0827544629573822,0.11860710382461548,0.004648914560675621,-0.03347911837750844,0.0027516856259138358,3.12411261821518,0.3747449517250061,0.003650801256299019,0.0458037443459034,3.12411261821518,0.0,0.0,0.0,0.0,0.0,0.0,0.01057180876376633,-0.034178474379007076,0.002270526532823689,0.0,0.0,0.0,-0.03347911837750844,0.0027516856259138358,3.12411261821518,0.0,0.0,0.0,0.0,0.0,0.0,zero,0.0,0.0,0.0,0.0,0.01057180876376633,-0.034178474379007076,0.002270526532823689,-0.15300707348368703,0.7680992596457217,0.26994905516418255,1,0.013251066207885742,,,,,,,,,,,,,,,,,,,,,,1.9875879750006789,2,radio://0/80/2M/E7E7E7E702,0.0,aborted,cf5 起飞前预检失败（电压或 EKF 对齐）,0.0,0.0,0.0,0,0.0,global_abort:cf5 起飞前预检失败（电压或 EKF 对齐）,,,,,
1.9875879750006789,1788684526.681966,control,aborted,1,1,0.01218673299990769,4.122580528259277,4122.0,0,90.0,1.9238542530001723,4.122580528259277,1,1,0,1.0187793716120355,-0.3136729300022125,0.3157157897949219,0.04023827239871025,0.011891739442944527,-0.001519667450338602,0.013480715453624725,18.295331954956055,-2.316525459289551,18.643646240234375,0.139552503824234,-0.12391426414251328,-0.12773585319519043,-0.006260575754885981,-0.012506672132270406,-0.5960597705141911,-0.3136729300022125,0.3157157897949219,0.04023827239871025,-0.5960597705141911,0.0,0.0,0.0,0.0,0.0,0.0,0.02030498553056765,-0.006883039967238806,0.023312881060198798,0.0,0.0,0.0,-0.006260575754885981,-0.012506672132270406,-0.5960597705141911,0.0,0.0,0.0,0.0,0.0,0.0,zero,0.0,0.0,0.0,0.0,0.02030498553056765,-0.006883039967238806,0.023312881060198798,-0.5139643077309719,0.04487323118149886,-0.4531933645657124,1,0.01341104507446289,,,,,,,,,,,,,,,,,,,,,,1.9875879750006789,4,radio://0/80/2M/E7E7E7E704,2.0943951023931953,aborted,cf5 起飞前预检失败（电压或 EKF 对齐）,0.0,0.0,0.0,0,0.0,global_abort:cf5 起飞前预检失败（电压或 EKF 对齐）,,,,,
1.9875879750006789,1788684526.6820703,control,aborted,1,1,0.012403893000737298,3.763636350631714,3763.0,0,10.0,1.896132697000212,nan,1,0,1,1.0,-0.2866423726081848,-0.44404199719429016,0.03567936271429062,-0.006948359310626984,0.009682842530310154,0.01945045404136181,-10.595341682434082,6.34555196762085,26.11463165283203,-0.36395955085754395,-0.3163827359676361,0.013970713131129742,-0.00489760573103706,-0.04990551649047139,0.9684155400737118,-0.2866423726081848,-0.44404199719429016,0.03567936271429062,0.9684155400737118,0.0,0.0,0.0,0.0,0.0,0.0,-0.010603395834387361,0.012332876837320138,0.03584003569445171,0.0,0.0,0.0,-0.00489760573103706,-0.04990551649047139,0.9684155400737118,0.0,0.0,0.0,0.0,0.0,0.0,zero,0.0,0.0,0.0,0.0,-0.010603395834387361,0.012332876837320138,0.03584003569445171,0.3430855979244088,-0.15167623896702434,-0.8634192964729354,1,0.013515233993530273,,,,,,,,,,,,,,,,,,,,,,1.9875879750006789,5,radio://0/80/2M/E7E7E7E705,4.1887902047863905,aborted,cf5 起飞前预检失败（电压或 EKF 对齐）,0.0,0.0,0.0,0,0.0,global_abort:cf5 起飞前预检失败（电压或 EKF 对齐）,,,,,
2.0018663710006876,1788684526.6960592,control,aborted,1,1,0.004821322000680084,4.170087814331055,4170.0,0,90.0,1.968528987999889,4.170087814331055,1,1,0,1.0071730349577168,0.3747166395187378,0.0036508459597826004,0.04581669345498085,-0.0037057495210319757,-0.010951925069093704,7.035804446786642e-05,2.742427349090576,-14.087636947631836,-2.7533698081970215,-0.019409336149692535,0.0965474396944046,0.07072847336530685,-0.03458600322591916,0.0025771233542253484,3.125082821464911,0.3747166395187378,0.0036508459597826004,0.04581669345498085,3.125082821464911,0.0,0.0,0.0,0.0,0.0,0.0,0.005342107564163836,-0.013626940834970496,0.004249521096515451,0.0,0.0,0.0,-0.03458600322591916,0.0025771233542253484,3.125082821464911,0.0,0.0,0.0,0.0,0.0,0.0,zero,0.0,0.0,0.0,0.0,0.005342107564163836,-0.013626940834970496,0.004249521096515451,-1.7399810728283702,6.824313259101629,0.6537847761939709,1,0.005351066589355469,,,,,,,,,,,,,,,,,,,,,,2.0018663710006876,2,radio://0/80/2M/E7E7E7E702,0.0,aborted,cf5 起飞前预检失败（电压或 EKF 对齐）,0.0,0.0,0.0,0,0.0,global_abort:cf5 起飞前预检失败（电压或 EKF 对齐）,,,,,
2.0018663710006876,1788684526.6961966,control,aborted,1,1,0.004519937000623031,4.122580528259277,4122.0,0,90.0,1.9381326490001811,4.122580528259277,1,1,0,1.0187793716120355,-0.3136882483959198,0.3157910406589508,0.040202271193265915,0.00996149517595768,0.004476809408515692,0.008851252496242523,11.7959566116333,-0.739285409450531,11.693474769592285,0.10634129494428635,-0.21362292766571045,-0.14378248155117035,-0.00660783129443374,-0.011813594119463866,-0.5962310462479262,-0.3136882483959198,0.3157910406589508,0.040202271193265915,-0.5962310462479262,0.0,0.0,0.0,0.0,0.0,0.0,0.009859943880139499,-0.0012958620825103111,0.011286311957620431,0.0,0.0,0.0,-0.00660783129443374,-0.011813594119463866,-0.5962310462479262,0.0,0.0,0.0,0.0,0.0,0.0,zero,0.0,0.0,0.0,0.0,0.009859943880139499,-0.0012958620825103111,0.011286311957620431,-3.468010305738242,1.8574754599425707,-3.994132658246988,1,0.005488395690917969,,,,,,,,,,,,,,,,,,,,,,2.0018663710006876,4,radio://0/80/2M/E7E7E7E704,2.0943951023931953,aborted,cf5 起飞前预检失败（电压或 EKF 对齐）,0.0,0.0,0.0,0,0.0,global_abort:cf5 起飞前预检失败（电压或 EKF 对齐）,,,,,
2.0018663710006876,1788684526.6962988,control,aborted,1,1,0.00432484300017677,3.763636350631714,3763.0,0,10.0,1.9104110930002207,nan,1,0,1,1.0,-0.2866789698600769,-0.4440220594406128,0.035643789917230606,-0.0032630334608256817,0.010587180033326149,0.014211083762347698,-6.391660690307617,4.455679416656494,16.560928344726562,-0.2455829679965973,-0.1122073233127594,-0.06878725439310074,-0.003954414184538997,-0.048681992775842585,0.9682523169453272,-0.2866789698600769,-0.4440220594406128,0.035643789917230606,0.9682523169453272,0.0,0.0,0.0,0.0,0.0,0.0,-0.005288159560981279,0.008941129697376763,0.015705374036249824,0.0,0.0,0.0,-0.003954414184538997,-0.048681992775842585,0.9682523169453272,0.0,0.0,0.0,0.0,0.0,0.0,zero,0.0,0.0,0.0,0.0,-0.005288159560981279,0.008941129697376763,0.015705374036249824,1.7645437413427052,-1.1263162244697793,-6.685387302044007,1,0.005590677261352539,,,,,,,,,,,,,,,,,,,,,,2.0018663710006876,5,radio://0/80/2M/E7E7E7E705,4.1887902047863905,aborted,cf5 起飞前预检失败（电压或 EKF 对齐）,0.0,0.0,0.0,0,0.0,global_abort:cf5 起飞前预检失败（电压或 EKF 对齐）,,,,,
2.016174305000277,1788684526.7103593,control,aborted,1,1,0.0008185589995264309,4.170087814331055,4170.0,0,90.0,1.9828369219994784,4.170087814331055,1,1,0,1.0071730349577168,0.3747520446777344,0.003637918271124363,0.04583852365612984,-0.0016390862874686718,-0.0072792586870491505,0.0004867612151429057,1.797319769859314,-8.942538261413574,-1.7536555528640747,-0.01745838113129139,0.05934281274676323,0.03282395377755165,-0.03484230317487014,0.0024552752190835484,3.1244533145353293,0.3747520446777344,0.003637918271124363,0.04583852365612984,3.1244533145353293,0.0,0.0,0.0,0.0,0.0,0.0,0.0012217294310503091,-0.004275588984498004,0.004004740937252192,0.0,0.0,0.0,-0.03484230317487014,0.0024552752190835484,3.1244533145353293,0.0,0.0,0.0,0.0,0.0,0.0,zero,0.0,0.0,0.0,0.0,0.0012217294310503091,-0.004275588984498004,0.004004740937252192,-0.1930277446550941,0.30033459464606743,-0.04839498586438067,1,0.001650094985961914,,,,,,,,,,,,,,,,,,,,,,2.016174305000277,2,radio://0/80/2M/E7E7E7E702,0.0,aborted,cf5 起飞前预检失败（电压或 EKF 对齐）,0.0,0.0,0.0,0,0.0,global_abort:cf5 起飞前预检失败（电压或 EKF 对齐）,,,,,
2.016174305000277,1788684526.7105088,control,aborted,1,1,0.0005381920000218088,4.122580528259277,4122.0,0,90.0,1.9524405829997704,4.122580528259277,1,1,0,1.0187793716120355,-0.31370899081230164,0.3157969117164612,0.040228523313999176,0.005983426701277494,0.0029800748452544212,0.006177064031362534,7.470009803771973,-0.5032971501350403,7.429739475250244,0.06304118782281876,-0.1166008710861206,-0.08401024341583252,-0.006884345344782092,-0.010816064878565812,-0.5958402985212963,-0.31370899081230164,0.3157969117164612,0.040228523313999176,-0.5958402985212963,0.0,0.0,0.0,0.0,0.0,0.0,0.0053021906577380585,0.0022736585199885327,0.0054628859566886725,0.0,0.0,0.0,-0.006884345344782092,-0.010816064878565812,-0.5958402985212963,0.0,0.0,0.0,0.0,0.0,0.0,zero,0.0,0.0,0.0,0.0,0.0053021906577380585,0.0022736585199885327,0.0054628859566886725,-0.14099559517408036,0.14958665315914882,-0.20059536175615014,1,0.0017995834350585938,,,,,,,,,,,,,,,,,,,,,,2.016174305000277,4,radio://0/80/2M/E7E7E7E704,2.0943951023931953,aborted,cf5 起飞前预检失败（电压或 EKF 对齐）,0.0,0.0,0.0,0,0.0,global_abort:cf5 起飞前预检失败（电压或 EKF 对齐）,,,,,
2.016174305000277,1788684526.7106178,control,aborted,1,1,0.0011036719997719047,3.763636350631714,3763.0,0,10.0,1.92471902699981,nan,1,0,1,1.0,-0.28666162490844727,-0.4440881907939911,0.0356113463640213,-0.0017314195865765214,0.005468116141855717,0.008426137268543243,-4.05961799621582,2.7490906715393066,10.482183456420898,-0.1535188853740692,-0.07630246877670288,-0.029567724093794823,-0.003818476774235702,-0.04885264477038462,0.9689810696419885,-0.28666162490844727,-0.4440881907939911,0.0356113463640213,0.9689810696419885,0.0,0.0,0.0,0.0,0.0,0.0,-0.0024677155581463743,0.007475322661779638,0.006503783824609722,0.0,0.0,0.0,-0.003818476774235702,-0.04885264477038462,0.9689810696419885,0.0,0.0,0.0,0.0,0.0,0.0,zero,0.0,0.0,0.0,0.0,-0.0024677155581463743,0.007475322661779638,0.006503783824609722,0.10819321039003933,-0.04861939744953385,-0.30049541595835416,1,0.0019085407257080078,,,,,,,,,,,,,,,,,,,,,,2.016174305000277,5,radio://0/80/2M/E7E7E7E705,4.1887902047863905,aborted,cf5 起飞前预检失败（电压或 EKF 对齐）,0.0,0.0,0.0,0,0.0,global_abort:cf5 起飞前预检失败（电压或 EKF 对齐）,,,,,
2.03042478900079,1788684526.7245977,control,aborted,1,1,0.005041830000664049,4.170087814331055,4170.0,0,90.0,1.9970874059999915,4.170087814331055,1,1,0,1.0071730349577168,0.3747709393501282,0.0036289822310209274,0.04579732194542885,-0.0009338038507848978,-0.006001925095915794,-0.00043369122431613505,1.4519455432891846,-7.128512859344482,-1.4213125705718994,-0.010448584333062172,0.05270930007100105,0.029071137309074402,-0.034665855948775456,0.002722057437421757,3.124584881350736,0.3747709393501282,0.0036289822310209274,0.04579732194542885,3.124584881350736,0.0,0.0,0.0,0.0,0.0,0.0,-0.00023549138433818194,-0.0030981468637431434,0.003189156412870697,0.0,0.0,0.0,-0.034665855948775456,0.002722057437421757,3.124584881350736,0.0,0.0,0.0,0.0,0.0,0.0,zero,0.0,0.0,0.0,0.0,-0.00023549138433818194,-0.0030981468637431434,0.003189156412870697,-0.1455452468178123,0.11760132868625509,-0.08145948071037297,1,0.005876302719116211,,,,,,,,,,,,,,,,,,,,,,2.03042478900079,2,radio://0/80/2M/E7E7E7E702,0.0,aborted,cf5 起飞前预检失败（电压或 EKF 对齐）,0.0,0.0,0.0,0,0.0,global_abort:cf5 起飞前预检失败（电压或 EKF 对齐）,,,,,
2.03042478900079,1788684526.7247252,control,aborted,1,1,0.005552733000513399,4.122580528259277,4122.0,0,90.0,1.9666910670002835,4.122580528259277,1,1,0,1.0187793716120355,-0.3137034475803375,0.31578487157821655,0.0402226559817791,0.0048974803648889065,0.0021435299422591925,0.004824437666684389,5.9543137550354,-0.41934964060783386,5.916769981384277,0.07292342185974121,-0.09316882491111755,-0.06365740299224854,-0.005760467155730944,-0.010809342041457745,-0.5956626129184965,-0.3137034475803375,0.31578487157821655,0.0402226559817791,-0.5956626129184965,0.0,0.0,0.0,0.0,0.0,0.0,0.0046800093930726904,0.003186619647331846,0.004450696080504796,0.0,0.0,0.0,-0.005760467155730944,-0.010809342041457745,-0.5956626129184965,0.0,0.0,0.0,0.0,0.0,0.0,zero,0.0,0.0,0.0,0.0,0.0046800093930726904,0.003186619647331846,0.004450696080504796,-0.062142624353741294,0.09118532429062648,-0.10109615769961275,1,0.006003856658935547,,,,,,,,,,,,,,,,,,,,,,2.03042478900079,4,radio://0/80/2M/E7E7E7E704,2.0943951023931953,aborted,cf5 起飞前预检失败（电压或 EKF 对齐）,0.0,0.0,0.0,0,0.0,global_abort:cf5 起飞前预检失败（电压或 EKF 对齐）,,,,,
2.03042478900079,1788684526.7248254,control,aborted,1,1,0.005244008000772737,3.763636350631714,3763.0,0,10.0,1.938969511000323,nan,1,0,1,1.0,-0.2866874635219574,-0.4440511465072632,0.035637542605400085,-0.001901322277262807,0.005114538595080376,0.007264241110533476,-3.2510886192321777,2.192209005355835,8.36253547668457,-0.13166187703609467,-0.07597120106220245,-0.03412437066435814,-0.004235644335026782,-0.049602058820879334,0.9684593183419585,-0.2866874635219574,-0.4440511465072632,0.035637542605400085,0.9684593183419585,0.0,0.0,0.0,0.0,0.0,0.0,-0.0017884296678002537,0.00700127230985646,0.005172081601766165,0.0,0.0,0.0,-0.004235644335026782,-0.049602058820879334,0.9684593183419585,0.0,0.0,0.0,0.0,0.0,0.0,zero,0.0,0.0,0.0,0.0,-0.0017884296678002537,0.00700127230985646,0.005172081601766165,0.06784615723727902,-0.047347508864904374,-0.1330086193285141,1,0.006103992462158203,,,,,,,,,,,,,,,,,,,,,,2.03042478900079,5,radio://0/80/2M/E7E7E7E705,4.1887902047863905,aborted,cf5 起飞前预检失败（电压或 EKF 对齐）,0.0,0.0,0.0,0,0.0,global_abort:cf5 起飞前预检失败（电压或 EKF 对齐）,,,,,
2.0455607240000973,1788684526.7398756,control,aborted,1,1,0.0002454679997754283,4.170087814331055,4170.0,0,90.0,2.0122233409992987,4.170087814331055,1,1,0,1.0071730349577168,0.37475499510765076,0.0036232061684131622,0.045786645263433456,-0.000911168463062495,-0.0041403574869036674,-0.0005293920403346419,0.9291407465934753,-4.533079624176025,-0.9126497507095337,-0.004789495840668678,0.015698395669460297,0.021490059792995453,-0.034483877152671,0.0018099416644603353,3.1247604957010493,0.37475499510765076,0.0036232061684131622,0.045786645263433456,3.1247604957010493,0.0,0.0,0.0,0.0,0.0,0.0,-0.0015956557470312002,-0.0029340511889122877,0.0014069647487426726,0.0,0.0,0.0,-0.034483877152671,0.0018099416644603353,3.1247604957010493,0.0,0.0,0.0,0.0,0.0,0.0,zero,0.0,0.0,0.0,0.0,-0.0015956557470312002,-0.0029340511889122877,0.0014069647487426726,-0.04540078778944927,-0.009486234751964362,-0.08754236379506643,1,0.0014142990112304688,,,,,,,,,,,,,,,,,,,,,,2.0455607240000973,2,radio://0/80/2M/E7E7E7E702,0.0,aborted,cf5 起飞前预检失败（电压或 EKF 对齐）,0.0,0.0,0.0,0,0.0,global_abort:cf5 起飞前预检失败（电压或 EKF 对齐）,,,,,
2.0455607240000973,1788684526.7400668,control,aborted,1,1,0.0005910039999434957,4.122580528259277,4122.0,0,90.0,1.9818270019995907,4.122580528259277,1,1,0,1.0187793716120355,-0.31367379426956177,0.3157403767108917,0.04021262377500534,0.0035491962917149067,0.0004883815417997539,0.0031379933934658766,3.783637523651123,-0.2998187243938446,3.761608600616455,0.048131488263607025,-0.05474844202399254,-0.0349322184920311,-0.005862255225916847,-0.010651739452429344,-0.5953729907451961,-0.31367379426956177,0.3157403767108917,0.04021262377500534,-0.5953729907451961,0.0,0.0,0.0,0.0,0.0,0.0,0.004285319990989765,0.0034422177966235393,0.0035402624114285255,0.0,0.0,0.0,-0.005862255225916847,-0.010651739452429344,-0.5953729907451961,0.0,0.0,0.0,0.0,0.0,0.0,zero,0.0,0.0,0.0,0.0,0.004285319990989765,0.0034422177966235393,0.0035402624114285255,-0.012661999865601296,-0.010472505175146968,-0.0384386539963573,1,0.0016055107116699219,,,,,,,,,,,,,,,,,,,,,,2.0455607240000973,4,radio://0/80/2M/E7E7E7E704,2.0943951023931953,aborted,cf5 起飞前预检失败（电压或 EKF 对齐）,0.0,0.0,0.0,0,0.0,global_abort:cf5 起飞前预检失败（电压或 EKF 对齐）,,,,,
2.0455607240000973,1788684526.740302,control,aborted,1,1,0.0008868690001690993,3.763636350631714,3763.0,0,10.0,1.9541054459996303,nan,1,0,1,1.0,-0.28661608695983887,-0.44401347637176514,0.03565458208322525,6.193411536514759e-05,0.004041273146867752,0.005071396939456463,-2.0458498001098633,1.385503888130188,5.31503438949585,-0.07732738554477692,-0.03456460312008858,-0.008201336488127708,-0.003912870518444976,-0.04873369095620395,0.9690866156797354,-0.28661608695983887,-0.44401347637176514,0.03565458208322525,0.9690866156797354,0.0,0.0,0.0,0.0,0.0,0.0,-0.0010843891520967012,0.0058459955843974745,0.004630959419804679,0.0,0.0,0.0,-0.003912870518444976,-0.04873369095620395,0.9690866156797354,0.0,0.0,0.0,0.0,0.0,0.0,zero,0.0,0.0,0.0,0.0,-0.0010843891520967012,0.0058459955843974745,0.004630959419804679,0.03045462419495839,-0.06103665502160049,-0.009106985981417666,1,0.001840829849243164,,,,,,,,,,,,,,,,,,,,,,2.0455607240000973,5,radio://0/80/2M/E7E7E7E705,4.1887902047863905,aborted,cf5 起飞前预检失败（电压或 EKF 对齐）,0.0,0.0,0.0,0,0.0,global_abort:cf5 起飞前预检失败（电压或 EKF 对齐）,,,,,
2.0589450000006764,1788684526.7531686,control,aborted,1,1,0.003665865000584745,4.170087814331055,4170.0,0,90.0,2.025607616999878,4.170087814331055,1,1,0,1.0071730349577168,0.37474775314331055,0.0036388726439327,0.0458485372364521,-0.0008662360487505794,-0.003015263471752405,0.0007499037892557681,0.7441644668579102,-3.605132818222046,-0.7058655023574829,-0.015484833158552647,0.023768596351146698,0.021120037883520126,-0.035098135502819865,0.0024080562546737955,3.1249469861192463,0.37474775314331055,0.0036388726439327,0.0458485372364521,3.1249469861192463,0.0,0.0,0.0,0.0,0.0,0.0,-0.0017127427673804983,-0.0031197835846810216,0.0007117449684038233,0.0,0.0,0.0,-0.035098135502819865,0.0024080562546737955,3.1249469861192463,0.0,0.0,0.0,0.0,0.0,0.0,zero,0.0,0.0,0.0,0.0,-0.0017127427673804983,-0.0031197835846810216,0.0007117449684038233,-0.01110053022759753,-0.01760851089492515,-0.06591087691404708,1,0.004159450531005859,,,,,,,,,,,,,,,,,,,,,,2.0589450000006764,2,radio://0/80/2M/E7E7E7E702,0.0,aborted,cf5 起飞前预检失败（电压或 EKF 对齐）,0.0,0.0,0.0,0,0.0,global_abort:cf5 起飞前预检失败（电压或 EKF 对齐）,,,,,
2.0589450000006764,1788684526.753366,control,aborted,1,1,0.003363707000062277,4.122580528259277,4122.0,0,90.0,1.9952112780001698,4.122580528259277,1,1,0,1.0187793716120355,-0.3136495351791382,0.3157545328140259,0.04020845517516136,0.0032992882188409567,0.0006590925622731447,0.0024313617032021284,3.022171974182129,-0.23661844432353973,2.995889663696289,0.027722027152776718,-0.07630222290754318,-0.03620193526148796,-0.0064261231037478625,-0.012368780720100888,-0.5957979391735726,-0.3136495351791382,0.3157545328140259,0.04020845517516136,-0.5957979391735726,0.0,0.0,0.0,0.0,0.0,0.0,0.004145129416667739,0.0029670338173546982,0.003225554318196745,0.0,0.0,0.0,-0.0064261231037478625,-0.012368780720100888,-0.5957979391735726,0.0,0.0,0.0,0.0,0.0,0.0,zero,0.0,0.0,0.0,0.0,0.004145129416667739,0.0029670338173546982,0.003225554318196745,-0.013290881459306302,-0.045050203769879005,-0.029836156829059712,1,0.004356861114501953,,,,,,,,,,,,,,,,,,,,,,2.0589450000006764,4,radio://0/80/2M/E7E7E7E704,2.0943951023931953,aborted,cf5 起飞前预检失败（电压或 EKF 对齐）,0.0,0.0,0.0,0,0.0,global_abort:cf5 起飞前预检失败（电压或 EKF 对齐）,,,,,
2.0589450000006764,1788684526.7534914,control,aborted,1,1,0.003150727000502229,3.763636350631714,3763.0,0,10.0,1.9674897220002094,nan,1,0,1,1.0,-0.28666451573371887,-0.4440622925758362,0.03566667065024376,-0.0008686198270879686,0.002307506278157234,0.004286306444555521,-1.6543223857879639,1.0755324363708496,4.237143039703369,-0.07058929651975632,-0.05108831822872162,-0.02311519719660282,-0.004330319691883793,-0.04997344352492144,0.9682175121717663,-0.28666451573371887,-0.4440622925758362,0.03566667065024376,0.9682175121717663,0.0,0.0,0.0,0.0,0.0,0.0,-0.0008106388671111332,0.0051728620117883345,0.004636611730265812,0.0,0.0,0.0,-0.004330319691883793,-0.04997344352492144,0.9682175121717663,0.0,0.0,0.0,0.0,0.0,0.0,zero,0.0,0.0,0.0,0.0,-0.0008106388671111332,0.0051728620117883345,0.004636611730265812,0.025953118494521088,-0.06381697602063259,0.0005358718920542085,1,0.004482269287109375,,,,,,,,,,,,,,,,,,,,,,2.0589450000006764,5,radio://0/80/2M/E7E7E7E705,4.1887902047863905,aborted,cf5 起飞前预检失败（电压或 EKF 对齐）,0.0,0.0,0.0,0,0.0,global_abort:cf5 起飞前预检失败（电压或 EKF 对齐）,,,,,
2.0732408910007507,1788684526.7675,control,aborted,1,1,0.01796175600065908,4.170087814331055,4170.0,0,90.0,2.039903507999952,4.170087814331055,1,1,0,1.0071730349577168,0.37474775314331055,0.0036388726439327,0.0458485372364521,-0.0008662360487505794,-0.003015263471752405,0.0007499037892557681,0.7441644668579102,-3.605132818222046,-0.7058655023574829,-0.015484833158552647,0.023768596351146698,0.021120037883520126,-0.035098135502819865,0.0024080562546737955,3.1249469861192463,0.37474775314331055,0.0036388726439327,0.0458485372364521,3.1249469861192463,0.0,0.0,0.0,0.0,0.0,0.0,-0.0017127427673804983,-0.0031197835846810216,0.0007117449684038233,0.0,0.0,0.0,-0.035098135502819865,0.0024080562546737955,3.1249469861192463,0.0,0.0,0.0,0.0,0.0,0.0,zero,0.0,0.0,0.0,0.0,-0.0017127427673804983,-0.0031197835846810216,0.0007117449684038233,-0.01110053022759753,-0.01760851089492515,-0.06591087691404708,1,0.01849079132080078,,,,,,,,,,,,,,,,,,,,,,2.0732408910007507,2,radio://0/80/2M/E7E7E7E702,0.0,aborted,cf5 起飞前预检失败（电压或 EKF 对齐）,0.0,0.0,0.0,0,0.0,global_abort:cf5 起飞前预检失败（电压或 EKF 对齐）,,,,,
2.0732408910007507,1788684526.7678187,control,aborted,1,1,0.01765959800013661,4.122580528259277,4122.0,0,90.0,2.009507169000244,4.122580528259277,1,1,0,1.0187793716120355,-0.3136495351791382,0.3157545328140259,0.04020845517516136,0.0032992882188409567,0.0006590925622731447,0.0024313617032021284,3.022171974182129,-0.23661844432353973,2.995889663696289,0.027722027152776718,-0.07630222290754318,-0.03620193526148796,-0.0064261231037478625,-0.012368780720100888,-0.5957979391735726,-0.3136495351791382,0.3157545328140259,0.04020845517516136,-0.5957979391735726,0.0,0.0,0.0,0.0,0.0,0.0,0.004145129416667739,0.0029670338173546982,0.003225554318196745,0.0,0.0,0.0,-0.0064261231037478625,-0.012368780720100888,-0.5957979391735726,0.0,0.0,0.0,0.0,0.0,0.0,zero,0.0,0.0,0.0,0.0,0.004145129416667739,0.0029670338173546982,0.003225554318196745,-0.013290881459306302,-0.045050203769879005,-0.029836156829059712,1,0.01880955696105957,,,,,,,,,,,,,,,,,,,,,,2.0732408910007507,4,radio://0/80/2M/E7E7E7E704,2.0943951023931953,aborted,cf5 起飞前预检失败（电压或 EKF 对齐）,0.0,0.0,0.0,0,0.0,global_abort:cf5 起飞前预检失败（电压或 EKF 对齐）,,,,,
2.0732408910007507,1788684526.7680771,control,aborted,1,1,0.017446618000576564,3.763636350631714,3763.0,0,10.0,1.9817856130002838,nan,1,0,1,1.0,-0.28666451573371887,-0.4440622925758362,0.03566667065024376,-0.0008686198270879686,0.002307506278157234,0.004286306444555521,-1.6543223857879639,1.0755324363708496,4.237143039703369,-0.07058929651975632,-0.05108831822872162,-0.02311519719660282,-0.004330319691883793,-0.04997344352492144,0.9682175121717663,-0.28666451573371887,-0.4440622925758362,0.03566667065024376,0.9682175121717663,0.0,0.0,0.0,0.0,0.0,0.0,-0.0008106388671111332,0.0051728620117883345,0.004636611730265812,0.0,0.0,0.0,-0.004330319691883793,-0.04997344352492144,0.9682175121717663,0.0,0.0,0.0,0.0,0.0,0.0,zero,0.0,0.0,0.0,0.0,-0.0008106388671111332,0.0051728620117883345,0.004636611730265812,0.025953118494521088,-0.06381697602063259,0.0005358718920542085,1,0.019068002700805664,,,,,,,,,,,,,,,,,,,,,,2.0732408910007507,5,radio://0/80/2M/E7E7E7E705,4.1887902047863905,aborted,cf5 起飞前预检失败（电压或 EKF 对齐）,0.0,0.0,0.0,0,0.0,global_abort:cf5 起飞前预检失败（电压或 EKF 对齐）,,,,,
2.0874981180004397,1788684526.7817187,control,aborted,1,1,0.0017148599999927683,4.170087814331055,4170.0,0,90.0,2.054160734999641,4.170087814331055,1,1,0,1.0071730349577168,0.37471428513526917,0.0036151083186268806,0.045837368816137314,-0.005880968179553747,-0.015330048277974129,-0.011155616492033005,-0.9570376873016357,-5.571324348449707,-3.711796283721924,-0.05682623013854027,-0.029952526092529297,0.000605453853495419,-0.03476835411192511,0.0028595896791824785,3.124395762206232,0.37471428513526917,0.0036151083186268806,0.045837368816137314,3.124395762206232,0.0,0.0,0.0,0.0,0.0,0.0,-0.0007823256007630835,-0.0029556496835786944,8.829840129762816e-05,0.0,0.0,0.0,-0.03476835411192511,0.0028595896791824785,3.124395762206232,0.0,0.0,0.0,0.0,0.0,0.0,zero,0.0,0.0,0.0,0.0,-0.0007823256007630835,-0.0029556496835786944,8.829840129762816e-05,0.3713799632076198,0.14378895837341685,-0.17088492276911652,1,0.002129793167114258,,,,,,,,,,,,,,,,,,,,,,2.0874981180004397,2,radio://0/80/2M/E7E7E7E702,0.0,aborted,cf5 起飞前预检失败（电压或 EKF 对齐）,0.0,0.0,0.0,0,0.0,global_abort:cf5 起飞前预检失败（电压或 EKF 对齐）,,,,,
2.0874981180004397,1788684526.782005,control,aborted,1,1,0.0011971189996984322,4.122580528259277,4122.0,0,90.0,2.023764395999933,4.122580528259277,1,1,0,1.0187793716120355,-0.3136640787124634,0.31578853726387024,0.04022565484046936,-0.0008741442579776049,0.012970050796866417,0.0038636596873402596,0.7685776352882385,3.3064992427825928,2.1083121299743652,0.07822943478822708,-0.23560836911201477,-0.10138500481843948,-0.0063312283141959795,-0.01213508132324372,-0.5959270642077199,-0.3136640787124634,0.31578853726387024,0.04022565484046936,-0.5959270642077199,0.0,0.0,0.0,0.0,0.0,0.0,0.0028972499752004635,9.743836157787098e-05,0.002117570263644411,0.0,0.0,0.0,-0.0063312283141959795,-0.01213508132324372,-0.5959270642077199,0.0,0.0,0.0,0.0,0.0,0.0,zero,0.0,0.0,0.0,0.0,0.0028972499752004635,9.743836157787098e-05,0.002117570263644411,-0.5240393716037187,-1.0904271441375442,-0.4517233822860063,1,0.0024161338806152344,,,,,,,,,,,,,,,,,,,,,,2.0874981180004397,4,radio://0/80/2M/E7E7E7E704,2.0943951023931953,aborted,cf5 起飞前预检失败（电压或 EKF 对齐）,0.0,0.0,0.0,0,0.0,global_abort:cf5 起飞前预检失败（电压或 EKF 对齐）,,,,,
2.0874981180004397,1788684526.7822144,control,aborted,1,1,0.001404438000463415,3.763636350631714,3763.0,0,10.0,1.9960428399999728,nan,1,0,1,1.0,-0.2866268455982208,-0.4440651535987854,0.03567070886492729,0.0006036951090209186,-0.012623421847820282,0.00984720978885889,-0.6097421646118164,-3.453456401824951,4.132928848266602,0.03190179914236069,-0.057734329253435135,0.13317178189754486,-0.004279483007154565,-0.04987553757944094,0.9689847192073102,-0.2866268455982208,-0.4440651535987854,0.03567070886492729,0.9689847192073102,0.0,0.0,0.0,0.0,0.0,0.0,-0.0003255920937438137,0.0019930207115834548,0.003894801003436553,0.0,0.0,0.0,-0.004279483007154565,-0.04987553757944094,0.9689847192073102,0.0,0.0,0.0,0.0,0.0,0.0,zero,0.0,0.0,0.0,0.0,-0.0003255920937438137,0.0019930207115834548,0.003894801003436553,0.17654803240798517,-1.241056790860814,-0.3650769417505794,1,0.0026254653930664062,,,,,,,,,,,,,,,,,,,,,,2.0874981180004397,5,radio://0/80/2M/E7E7E7E705,4.1887902047863905,aborted,cf5 起飞前预检失败（电压或 EKF 对齐）,0.0,0.0,0.0,0,0.0,global_abort:cf5 起飞前预检失败（电压或 EKF 对齐）,,,,,
2.1017908379999426,1788684526.796034,control,aborted,1,1,0.007197152999651735,4.170087814331055,4170.0,0,90.0,2.068453454999144,4.170087814331055,1,1,0,1.0071730349577168,0.37471428513526917,0.0036511984653770924,0.04586300626397133,-0.00470477482303977,-0.011442283168435097,-0.008340741507709026,-0.7388488054275513,-4.368536949157715,-2.905343770980835,-0.04736585542559624,-0.03704302757978439,0.015638932585716248,-0.03485024281128301,0.0023086041093656716,3.1250809197916656,0.37471428513526917,0.0036511984653770924,0.04586300626397133,3.1250809197916656,0.0,0.0,0.0,0.0,0.0,0.0,-0.001039830090809915,-0.0038196981054973416,-0.0008506973777787609,0.0,0.0,0.0,-0.03485024281128301,0.0023086041093656716,3.1250809197916656,0.0,0.0,0.0,0.0,0.0,0.0,zero,0.0,0.0,0.0,0.0,-0.001039830090809915,-0.0038196981054973416,-0.0008506973777787609,-0.029310215002344306,-0.09834952786363456,-0.10688034280884733,1,0.0076596736907958984,,,,,,,,,,,,,,,,,,,,,,2.1017908379999426,2,radio://0/80/2M/E7E7E7E702,0.0,aborted,cf5 起飞前预检失败（电压或 EKF 对齐）,0.0,0.0,0.0,0,0.0,global_abort:cf5 起飞前预检失败（电压或 EKF 对齐）,,,,,
2.1017908379999426,1788684526.7963228,control,aborted,1,1,0.0066075209997507045,4.122580528259277,4122.0,0,90.0,2.038057115999436,4.122580528259277,1,1,0,1.0187793716120355,-0.3136928081512451,0.31576433777809143,0.0402534045279026,-0.0013534707250073552,0.009825030341744423,0.0037227747961878777,0.6039481163024902,2.5735888481140137,1.6834417581558228,0.056271251291036606,-0.15257689356803894,-0.06911741942167282,-0.006614310795490971,-0.0105546071312855,-0.595410722244739,-0.3136928081512451,0.31576433777809143,0.0402534045279026,-0.595410722244739,0.0,0.0,0.0,0.0,0.0,0.0,0.00230254327415266,0.0006705237840562531,0.0020615179025954278,0.0,0.0,0.0,-0.006614310795490971,-0.0105546071312855,-0.595410722244739,0.0,0.0,0.0,0.0,0.0,0.0,zero,0.0,0.0,0.0,0.0,0.00230254327415266,0.0006705237840562531,0.0020615179025954278,-0.0676919508000653,0.0652309283791356,-0.006380109152411047,1,0.00794839859008789,,,,,,,,,,,,,,,,,,,,,,2.1017908379999426,4,radio://0/80/2M/E7E7E7E704,2.0943951023931953,aborted,cf5 起飞前预检失败（电压或 EKF 对齐）,0.0,0.0,0.0,0,0.0,global_abort:cf5 起飞前预检失败（电压或 EKF 对齐）,,,,,
2.1017908379999426,1788684526.7965312,control,aborted,1,1,0.006827852999776951,3.763636350631714,3763.0,0,10.0,2.0103355599994757,nan,1,0,1,1.0,-0.2866225838661194,-0.4440765678882599,0.03568285331130028,0.0005799936479888856,-0.01035863533616066,0.008154290728271008,-0.48833340406417847,-2.7111971378326416,3.267796039581299,0.016521375626325607,-0.021780306473374367,0.09346924722194672,-0.004646174608467364,-0.04880618830128773,0.9684052885062606,-0.2866225838661194,-0.4440765678882599,0.03568285331130028,0.9684052885062606,0.0,0.0,0.0,0.0,0.0,0.0,-0.0001677012665919818,0.0002576857876780878,0.004169878430668598,0.0,0.0,0.0,-0.004646174608467364,-0.04880618830128773,0.9684052885062606,0.0,0.0,0.0,0.0,0.0,0.0,zero,0.0,0.0,0.0,0.0,-0.0001677012665919818,0.0002576857876780878,0.004169878430668598,0.017971780180906866,-0.197522923625498,0.03131043863738707,1,0.008156776428222656,,,,,,,,,,,,,,,,,,,,,,2.1017908379999426,5,radio://0/80/2M/E7E7E7E705,4.1887902047863905,aborted,cf5 起飞前预检失败（电压或 EKF 对齐）,0.0,0.0,0.0,0,0.0,global_abort:cf5 起飞前预检失败（电压或 EKF 对齐）,,,,,
2.1160587000003943,1788684526.8102624,control,aborted,1,1,0.0007489569998142542,4.170087814331055,4170.0,0,90.0,2.0827213169995957,4.170087814331055,1,1,0,1.0071730349577168,0.37472763657569885,0.003647336270660162,0.045821454375982285,-0.003634400200098753,-0.009191264398396015,-0.007075368892401457,-0.5807035565376282,-3.4730098247528076,-2.312009334564209,-0.03787408769130707,-0.02495514415204525,0.014505362138152122,-0.034847837576434504,0.002798211597296058,3.1252697070189908,0.37472763657569885,0.003647336270660162,0.045821454375982285,3.1252697070189908,0.0,0.0,0.0,0.0,0.0,0.0,-0.0029347550884404844,-0.008029081404727158,-0.005005223940456162,0.0,0.0,0.0,-0.034847837576434504,0.002798211597296058,3.1252697070189908,0.0,0.0,0.0,0.0,0.0,0.0,zero,0.0,0.0,0.0,0.0,-0.0029347550884404844,-0.008029081404727158,-0.005005223940456162,-0.09184597558516078,-0.20402650036970957,-0.20136762442877537,1,0.0012564659118652344,,,,,,,,,,,,,,,,,,,,,,2.1160587000003943,2,radio://0/80/2M/E7E7E7E702,0.0,aborted,cf5 起飞前预检失败（电压或 EKF 对齐）,0.0,0.0,0.0,0,0.0,global_abort:cf5 起飞前预检失败（电压或 EKF 对齐）,,,,,
2.1160587000003943,1788684526.8105052,control,aborted,1,1,0.0004638050004359684,4.122580528259277,4122.0,0,90.0,2.052324977999888,4.122580528259277,1,1,0,1.0187793716120355,-0.3136911690235138,0.3157491981983185,0.040220484137535095,-0.0010668879840523005,0.0077132717706263065,0.0026591122150421143,0.4859364330768585,2.0384011268615723,1.3364430665969849,0.04884500056505203,-0.12641361355781555,-0.05580757185816765,-0.0062188588469045914,-0.011003917433045745,-0.5954608042515827,-0.3136911690235138,0.3157491981983185,0.040220484137535095,-0.5954608042515827,0.0,0.0,0.0,0.0,0.0,0.0,0.00042367261910180155,0.0054786986980421256,0.002751552896639347,0.0,0.0,0.0,-0.0062188588469045914,-0.011003917433045745,-0.5954608042515827,0.0,0.0,0.0,0.0,0.0,0.0,zero,0.0,0.0,0.0,0.0,0.00042367261910180155,0.0054786986980421256,0.002751552896639347,-0.09106783040344874,0.23304960159970647,0.033445617792319714,1,0.001499176025390625,,,,,,,,,,,,,,,,,,,,,,2.1160587000003943,4,radio://0/80/2M/E7E7E7E704,2.0943951023931953,aborted,cf5 起飞前预检失败（电压或 EKF 对齐）,0.0,0.0,0.0,0,0.0,global_abort:cf5 起飞前预检失败（电压或 EKF 对齐）,,,,,
2.1160587000003943,1788684526.8107193,control,aborted,1,1,0.00021453099998325342,3.763636350631714,3763.0,0,10.0,2.0246034219999274,nan,1,0,1,1.0,-0.2866705358028412,-0.44403278827667236,0.035644400864839554,-8.183124009519815e-07,-0.007862539030611515,0.006150701083242893,-0.3962967097759247,-2.1447622776031494,2.594815492630005,0.01674039475619793,-0.031068747863173485,0.07413350045681,-0.0042797244759916675,-0.05021409138863692,0.9683452219847536,-0.2866705358028412,-0.44403278827667236,0.035644400864839554,0.9683452219847536,0.0,0.0,0.0,0.0,0.0,0.0,0.00017745475033790746,-0.005446420853640822,0.006176073185405214,0.0,0.0,0.0,-0.0042797244759916675,-0.05021409138863692,0.9683452219847536,0.0,0.0,0.0,0.0,0.0,0.0,zero,0.0,0.0,0.0,0.0,0.00017745475033790746,-0.005446420853640822,0.006176073185405214,0.016729522880142164,-0.2764749211545672,0.0972391596992062,1,0.0017132759094238281,,,,,,,,,,,,,,,,,,,,,,2.1160587000003943,5,radio://0/80/2M/E7E7E7E705,4.1887902047863905,aborted,cf5 起飞前预检失败（电压或 EKF 对齐）,0.0,0.0,0.0,0,0.0,global_abort:cf5 起飞前预检失败（电压或 EKF 对齐）,,,,,
2.1305226340000445,1788684526.8247237,control,aborted,1,1,0.0040258559993162635,4.170087814331055,4170.0,0,90.0,2.097185250999246,4.170087814331055,1,1,0,1.0071730349577168,0.3747696876525879,0.0036484103184193373,0.04578588157892227,0.08958763629198074,-0.06059810146689415,-0.14047293365001678,267.1828918457031,-157.6829071044922,-392.90966796875,-2.271824836730957,-0.0779467523097992,0.06676910072565079,-0.0349341994512004,0.0025340794804526705,3.1249617558537395,0.3747696876525879,0.0036484103184193373,0.04578588157892227,3.1249617558537395,0.0,0.0,0.0,0.0,0.0,0.0,-0.005165947720107136,-0.012846393882932697,-0.010007974391573062,0.0,0.0,0.0,-0.0349341994512004,0.0025340794804526705,3.1249617558537395,0.0,0.0,0.0,0.0,0.0,0.0,zero,0.0,0.0,0.0,0.0,-0.005165947720107136,-0.012846393882932697,-0.010007974391573062,-16.267362705376623,-35.126608352385766,-36.48017803072191,1,0.00548243522644043,,,,,,,,,,,,,,,,,,,,,,2.1305226340000445,2,radio://0/80/2M/E7E7E7E702,0.0,aborted,cf5 起飞前预检失败（电压或 EKF 对齐）,0.0,0.0,0.0,0,0.0,global_abort:cf5 起飞前预检失败（电压或 EKF 对齐）,,,,,
2.1305226340000445,1788684526.824888,control,aborted,1,1,0.0036132790000920068,4.122580528259277,4122.0,0,90.0,2.066788911999538,4.122580528259277,1,1,0,1.0187793716120355,-0.3136523365974426,0.315751850605011,0.04020770639181137,0.10845101624727249,-0.10689552873373032,-0.0999331846833229,317.10821533203125,-328.8368835449219,-296.2854919433594,-1.30422043800354,-0.3997019827365875,-0.36173492670059204,-0.006634159578990443,-0.011210510000941162,-0.5958539056339186,-0.3136523365974426,0.315751850605011,0.04020770639181137,-0.5958539056339186,0.0,0.0,0.0,0.0,0.0,0.0,-0.002021474930563567,0.011356006261497537,0.003528802029704215,0.0,0.0,0.0,-0.006634159578990443,-0.011210510000941162,-0.5958539056339186,0.0,0.0,0.0,0.0,0.0,0.0,zero,0.0,0.0,0.0,0.0,-0.002021474930563567,0.011356006261497537,0.003528802029704215,-17.827234942452066,42.85300703616672,5.665657205252165,1,0.005646705627441406,,,,,,,,,,,,,,,,,,,,,,2.1305226340000445,4,radio://0/80/2M/E7E7E7E704,2.0943951023931953,aborted,cf5 起飞前预检失败（电压或 EKF 对齐）,0.0,0.0,0.0,0,0.0,global_abort:cf5 起飞前预检失败（电压或 EKF 对齐）,,,,,
2.1305226340000445,1788684526.8250022,control,aborted,1,1,0.0038147539999044966,3.763636350631714,3763.0,0,10.0,2.0390673559995776,nan,1,0,1,1.0,-0.28665685653686523,-0.4440608024597168,0.035586122423410416,0.0351860448718071,0.0410982109606266,-0.031823109835386276,101.66073608398438,138.5302734375,-102.25446319580078,-1.2575775384902954,-4.941426753997803,1.8519855737686157,-0.0034656788223155436,-0.049849797354494435,0.9683620122205604,-0.28665685653686523,-0.4440608024597168,0.035586122423410416,0.9683620122205604,0.0,0.0,0.0,0.0,0.0,0.0,0.0005361374679269425,-0.012359749932632606,0.008286938502046176,0.0,0.0,0.0,-0.0034656788223155436,-0.049849797354494435,0.9683620122205604,0.0,0.0,0.0,0.0,0.0,0.0,zero,0.0,0.0,0.0,0.0,0.0005361374679269425,-0.012359749932632606,0.008286938502046176,2.6159303350156877,-50.408325909002,15.390814266112644,1,0.005760908126831055,,,,,,,,,,,,,,,,,,,,,,2.1305226340000445,5,radio://0/80/2M/E7E7E7E705,4.1887902047863905,aborted,cf5 起飞前预检失败（电压或 EKF 对齐）,0.0,0.0,0.0,0,0.0,global_abort:cf5 起飞前预检失败（电压或 EKF 对齐）,,,,,
2.144739042000765,1788684526.8390005,control,aborted,1,1,0.006593976000658586,4.170087814331055,4170.0,0,90.0,2.1114016589999665,4.170087814331055,1,1,0,1.0071730349577168,0.37473806738853455,0.003664291463792324,0.04576632380485535,0.07115713506937027,-0.04822084307670593,-0.11269563436508179,213.44732666015625,-125.94552612304688,-313.8771057128906,-1.8078017234802246,-0.06560897082090378,0.04689975082874298,-0.034339816368062805,0.002319860787492995,3.124567310597212,0.37473806738853455,0.003664291463792324,0.04576632380485535,3.124567310597212,0.0,0.0,0.0,0.0,0.0,0.0,0.008416711909197587,-0.02053373006987816,-0.030039567520990417,0.0,0.0,0.0,-0.034339816368062805,0.002319860787492995,3.124567310597212,0.0,0.0,0.0,0.0,0.0,0.0,zero,0.0,0.0,0.0,0.0,0.008416711909197587,-0.02053373006987816,-0.030039567520990417,1.1016108211124687,-0.6234752957217461,-1.6246464505286229,1,0.007429361343383789,,,,,,,,,,,,,,,,,,,,,,2.144739042000765,2,radio://0/80/2M/E7E7E7E702,0.0,aborted,cf5 起飞前预检失败（电压或 EKF 对齐）,0.0,0.0,0.0,0,0.0,global_abort:cf5 起飞前预检失败（电压或 EKF 对齐）,,,,,
2.144739042000765,1788684526.8392682,control,aborted,1,1,0.006382174999998824,4.122580528259277,4122.0,0,90.0,2.0810053200002585,4.122580528259277,1,1,0,1.0187793716120355,-0.3136827051639557,0.315780371427536,0.040222324430942535,0.08626814186573029,-0.08505373448133469,-0.07970940321683884,253.3267059326172,-262.7151794433594,-236.70030212402344,-1.0317414999008179,-0.3278152346611023,-0.288346529006958,-0.005917745065487606,-0.011706533006769153,-0.5957866211402439,-0.3136827051639557,0.315780371427536,0.040222324430942535,-0.5957866211402439,0.0,0.0,0.0,0.0,0.0,0.0,0.013725872408284476,-0.005006103789119563,-0.011591225648571183,0.0,0.0,0.0,-0.005917745065487606,-0.011706533006769153,-0.5957866211402439,0.0,0.0,0.0,0.0,0.0,0.0,zero,0.0,0.0,0.0,0.0,0.013725872408284476,-0.005006103789119563,-0.011591225648571183,1.277176098476645,-1.3270359399350964,-1.2262978356589234,1,0.007697105407714844,,,,,,,,,,,,,,,,,,,,,,2.144739042000765,4,radio://0/80/2M/E7E7E7E704,2.0943951023931953,aborted,cf5 起飞前预检失败（电压或 EKF 对齐）,0.0,0.0,0.0,0,0.0,global_abort:cf5 起飞前预检失败（电压或 EKF 对齐）,,,,,
2.144739042000765,1788684526.8394856,control,aborted,1,1,0.006925098000465368,3.763636350631714,3763.0,0,10.0,2.053283764000298,nan,1,0,1,1.0,-0.2866617739200592,-0.4440355598926544,0.0356406643986702,0.028069062158465385,0.033288076519966125,-0.024573659524321556,81.213134765625,110.69751739501953,-81.68596649169922,-1.0169812440872192,-3.933295488357544,1.496461272239685,-0.004183696022982193,-0.04862296159231079,0.9692752012240412,-0.2866617739200592,-0.4440355598926544,0.0356406643986702,0.9692752012240412,0.0,0.0,0.0,0.0,0.0,0.0,0.005681998721932484,-0.005673014767745122,0.0026091182561686892,0.0,0.0,0.0,-0.004183696022982193,-0.04862296159231079,0.9692752012240412,0.0,0.0,0.0,0.0,0.0,0.0,zero,0.0,0.0,0.0,0.0,0.005681998721932484,-0.005673014767745122,0.0026091182561686892,0.4173509898698725,0.5423223445620852,-0.4604951013935014,1,0.007914543151855469,,,,,,,,,,,,,,,,,,,,,,2.144739042000765,5,radio://0/80/2M/E7E7E7E705,4.1887902047863905,aborted,cf5 起飞前预检失败（电压或 EKF 对齐）,0.0,0.0,0.0,0,0.0,global_abort:cf5 起飞前预检失败（电压或 EKF 对齐）,,,,,
2.158962829000302,1788684526.8532014,control,aborted,1,1,0.004229641000165429,4.170087814331055,4170.0,0,90.0,2.1256254459995034,4.170087814331055,1,1,0,1.0071730349577168,0.37475964426994324,0.003632436040788889,0.04581991210579872,0.05718021094799042,-0.038952406495809555,-0.08952444046735764,170.59300231933594,-100.64710235595703,-250.82838439941406,-1.4470192193984985,-0.049221985042095184,0.035769879817962646,-0.03440614968149392,0.002591427116556565,3.1244095213164376,0.37475964426994324,0.003632436040788889,0.04581991210579872,3.1244095213164376,0.0,0.0,0.0,0.0,0.0,0.0,0.036096257490120055,-0.03344647038200928,-0.06714374140118679,0.0,0.0,0.0,-0.03440614968149392,0.002591427116556565,3.1244095213164376,0.0,0.0,0.0,0.0,0.0,0.0,zero,0.0,0.0,0.0,0.0,0.036096257490120055,-0.03344647038200928,-0.06714374140118679,1.6325397073465906,-0.7615934744513428,-2.188404321545731,1,0.004675388336181641,,,,,,,,,,,,,,,,,,,,,,2.158962829000302,2,radio://0/80/2M/E7E7E7E702,0.0,aborted,cf5 起飞前预检失败（电压或 EKF 对齐）,0.0,0.0,0.0,0,0.0,global_abort:cf5 起飞前预检失败（电压或 EKF 对齐）,,,,,
2.158962829000302,1788684526.8535817,control,aborted,1,1,0.003664445999675081,4.122580528259277,4122.0,0,90.0,2.0952291069997955,4.122580528259277,1,1,0,1.0187793716120355,-0.3136652112007141,0.31576111912727356,0.04019064083695412,0.06922085583209991,-0.06827006489038467,-0.06414122879505157,202.46029663085938,-209.97418212890625,-189.17662048339844,-0.8325486183166504,-0.26617947220802307,-0.2399650514125824,-0.006515064065490045,-0.012044384329154202,-0.5965720628616075,-0.3136652112007141,0.31576111912727356,0.04019064083695412,-0.5965720628616075,0.0,0.0,0.0,0.0,0.0,0.0,0.04574352687494339,-0.039925116772190905,-0.04175837156983232,0.0,0.0,0.0,-0.006515064065490045,-0.012044384329154202,-0.5965720628616075,0.0,0.0,0.0,0.0,0.0,0.0,zero,0.0,0.0,0.0,0.0,0.04574352687494339,-0.039925116772190905,-0.04175837156983232,1.8884013865079357,-2.059523523229576,-1.7792583852142938,1,0.005055665969848633,,,,,,,,,,,,,,,,,,,,,,2.158962829000302,4,radio://0/80/2M/E7E7E7E704,2.0943951023931953,aborted,cf5 起飞前预检失败（电压或 EKF 对齐）,0.0,0.0,0.0,0,0.0,global_abort:cf5 起飞前预检失败（电压或 EKF 对齐）,,,,,
2.158962829000302,1788684526.8538592,control,aborted,1,1,0.0038891280000825645,3.763636350631714,3763.0,0,10.0,2.067507550999835,nan,1,0,1,1.0,-0.2866702675819397,-0.4440627694129944,0.035654861479997635,0.02235506847500801,0.026309525594115257,-0.019491475075483322,64.90311431884766,88.47570037841797,-65.28883361816406,-0.810657262802124,-3.1558985710144043,1.1894714832305908,-0.003903621965427193,-0.04941084010748502,0.9686249646765334,-0.2866702675819397,-0.4440627694129944,0.035654861479997635,0.9686249646765334,0.0,0.0,0.0,0.0,0.0,0.0,0.015647152656142718,0.010727725241857049,-0.009331814599085617,0.0,0.0,0.0,-0.003903621965427193,-0.04941084010748502,0.9686249646765334,0.0,0.0,0.0,0.0,0.0,0.0,zero,0.0,0.0,0.0,0.0,0.015647152656142718,0.010727725241857049,-0.009331814599085617,0.5877448182759193,0.9673157103416264,-0.704276266818412,1,0.0053331851959228516,,,,,,,,,,,,,,,,,,,,,,2.158962829000302,5,radio://0/80/2M/E7E7E7E705,4.1887902047863905,aborted,cf5 起飞前预检失败（电压或 EKF 对齐）,0.0,0.0,0.0,0,0.0,global_abort:cf5 起飞前预检失败（电压或 EKF 对齐）,,,,,
2.173254320000524,1788684526.867505,control,aborted,1,1,0.005125522000525962,4.170087814331055,4170.0,0,90.0,2.1399169369997253,4.170087814331055,1,1,0,1.0071730349577168,0.37475335597991943,0.0036444386932998896,0.045883115381002426,0.05675254389643669,-0.02184867300093174,0.01412620022892952,127.68501281738281,-49.22320556640625,-19.399642944335938,-0.7087014317512512,0.020466666668653488,-1.2137930393218994,-0.03421161823538137,0.0026778254773983617,3.1243911808370117,0.37475335597991943,0.0036444386932998896,0.045883115381002426,3.1243911808370117,0.0,0.0,0.0,0.0,0.0,0.0,0.07083602351937464,-0.04787641573962734,-0.11146248253724778,0.0,0.0,0.0,-0.03421161823538137,0.0026778254773983617,3.1243911808370117,0.0,0.0,0.0,0.0,0.0,0.0,zero,0.0,0.0,0.0,0.0,0.07083602351937464,-0.04787641573962734,-0.11146248253724778,144.58815169079986,-60.05690531845868,-184.45249426031737,1,0.006567955017089844,,,,,,,,,,,,,,,,,,,,,,2.173254320000524,2,radio://0/80/2M/E7E7E7E702,0.0,aborted,cf5 起飞前预检失败（电压或 EKF 对齐）,0.0,0.0,0.0,0,0.0,global_abort:cf5 起飞前预检失败（电压或 EKF 对齐）,,,,,
2.173254320000524,1788684526.8677719,control,aborted,1,1,0.004942022999784967,4.122580528259277,4122.0,0,90.0,2.1095205980000173,4.122580528259277,1,1,0,1.0187793716120355,-0.3136672377586365,0.3157147169113159,0.040247801691293716,0.04720109701156616,-0.11706008017063141,-0.04258616641163826,116.0108871459961,-237.15121459960938,-108.07105255126953,-0.8700043559074402,0.616005539894104,-0.30609115958213806,-0.006832712959654551,-0.011359043010223628,-0.5961617986514656,-0.3136672377586365,0.3157147169113159,0.040247801691293716,-0.5961617986514656,0.0,0.0,0.0,0.0,0.0,0.0,0.08560577093894506,-0.08451433825501731,-0.07930392790007268,0.0,0.0,0.0,-0.006832712959654551,-0.011359043010223628,-0.5961617986514656,0.0,0.0,0.0,0.0,0.0,0.0,zero,0.0,0.0,0.0,0.0,0.08560577093894506,-0.08451433825501731,-0.07930392790007268,165.90735780525816,-185.58359855789044,-156.265231017822,1,0.006834745407104492,,,,,,,,,,,,,,,,,,,,,,2.173254320000524,4,radio://0/80/2M/E7E7E7E704,2.0943951023931953,aborted,cf5 起飞前预检失败（电压或 EKF 对齐）,0.0,0.0,0.0,0,0.0,global_abort:cf5 起飞前预检失败（电压或 EKF 对齐）,,,,,
2.173254320000524,1788684526.8681433,control,aborted,1,1,0.005410933999883127,3.763636350631714,3763.0,0,10.0,2.081799042000057,nan,1,0,1,1.0,-0.2866694927215576,-0.4440464675426483,0.035661228001117706,0.02733861654996872,0.020073996856808662,-0.039939966052770615,57.26569747924805,54.56510925292969,-82.51026916503906,-0.5828112363815308,-3.1640968322753906,0.9156345725059509,-0.003806527218557512,-0.05016947175448017,0.9686781093864725,-0.2866694927215576,-0.4440464675426483,0.035661228001117706,0.9686781093864725,0.0,0.0,0.0,0.0,0.0,0.0,0.027819737505052067,0.03266420087438936,-0.024745508636172434,0.0,0.0,0.0,-0.003806527218557512,-0.05016947175448017,0.9686781093864725,0.0,0.0,0.0,0.0,0.0,0.0,zero,0.0,0.0,0.0,0.0,0.027819737505052067,0.03266420087438936,-0.024745508636172434,50.662776962586555,91.30062610841253,-64.15309166055032,1,0.0072062015533447266,,,,,,,,,,,,,,,,,,,,,,2.173254320000524,5,radio://0/80/2M/E7E7E7E705,4.1887902047863905,aborted,cf5 起飞前预检失败（电压或 EKF 对齐）,0.0,0.0,0.0,0,0.0,global_abort:cf5 起飞前预检失败（电压或 EKF 对齐）,,,,,
2.187493115000507,1788684526.8817155,control,aborted,1,1,0.012016337000204658,4.170087814331055,4170.0,0,90.0,2.1541557319997082,4.170087814331055,1,1,0,1.0071730349577168,0.37472161650657654,0.003602387150749564,0.04586106911301613,0.04461817443370819,-0.018517475575208664,0.010756488889455795,101.84832763671875,-39.296295166015625,-15.602935791015625,-0.5729382038116455,0.007700572721660137,-0.9618812799453735,-0.03445267777842434,0.002339584649163729,3.1247736408743347,0.37472161650657654,0.003602387150749564,0.04586106911301613,3.1247736408743347,0.0,0.0,0.0,0.0,0.0,0.0,0.07928684747822748,-0.04974623104096166,-0.11439383460547284,0.0,0.0,0.0,-0.03445267777842434,0.002339584649163729,3.1247736408743347,0.0,0.0,0.0,0.0,0.0,0.0,zero,0.0,0.0,0.0,0.0,0.07928684747822748,-0.04974623104096166,-0.11439383460547284,1.0435223815442136,-0.2308880324328835,-0.3619684312763757,1,0.0126800537109375,,,,,,,,,,,,,,,,,,,,,,2.187493115000507,2,radio://0/80/2M/E7E7E7E702,0.0,aborted,cf5 起飞前预检失败（电压或 EKF 对齐）,0.0,0.0,0.0,0,0.0,global_abort:cf5 起飞前预检失败（电压或 EKF 对齐）,,,,,
2.187493115000507,1788684526.8819563,control,aborted,1,1,0.012240726000527502,4.122580528259277,4122.0,0,90.0,2.1237593930000003,4.122580528259277,1,1,0,1.0187793716120355,-0.3136647641658783,0.3157835006713867,0.04027704522013664,0.037821970880031586,-0.09194932878017426,-0.033346712589263916,92.57707214355469,-189.100830078125,-86.22865295410156,-0.6939866542816162,0.5082656145095825,-0.2430667281150818,-0.006751810510047456,-0.010732519204891922,-0.5960928555569327,-0.3136647641658783,0.3157835006713867,0.04027704522013664,-0.5960928555569327,0.0,0.0,0.0,0.0,0.0,0.0,0.09370801971068238,-0.09901320840644114,-0.08687351966195965,0.0,0.0,0.0,-0.006751810510047456,-0.010732519204891922,-0.5960928555569327,0.0,0.0,0.0,0.0,0.0,0.0,zero,0.0,0.0,0.0,0.0,0.09370801971068238,-0.09901320840644114,-0.08687351966195965,1.0004797136130046,-1.7903456022491704,-0.9347063033311617,1,0.012920856475830078,,,,,,,,,,,,,,,,,,,,,,2.187493115000507,4,radio://0/80/2M/E7E7E7E704,2.0943951023931953,aborted,cf5 起飞前预检失败（电压或 EKF 对齐）,0.0,0.0,0.0,0,0.0,global_abort:cf5 起飞前预检失败（电压或 EKF 对齐）,,,,,
2.187493115000507,1788684526.8821595,control,aborted,1,1,0.011784082999838574,3.763636350631714,3763.0,0,10.0,2.09603783700004,nan,1,0,1,1.0,-0.2866574227809906,-0.44408082962036133,0.03569209203124046,0.02216898277401924,0.01521056517958641,-0.031189732253551483,45.68488311767578,43.531978607177734,-65.7921142578125,-0.48011451959609985,-2.510848045349121,0.7146016955375671,-0.004331687532923458,-0.04934522005057373,0.9679488520670844,-0.2866574227809906,-0.44408082962036133,0.03569209203124046,0.9679488520670844,0.0,0.0,0.0,0.0,0.0,0.0,0.03106505747641418,0.037908912970863476,-0.030073637496372943,0.0,0.0,0.0,-0.004331687532923458,-0.04934522005057373,0.9679488520670844,0.0,0.0,0.0,0.0,0.0,0.0,zero,0.0,0.0,0.0,0.0,0.03106505747641418,0.037908912970863476,-0.030073637496372943,0.40073773183277867,0.6476261349277176,-0.6579265814129726,1,0.01312398910522461,,,,,,,,,,,,,,,,,,,,,,2.187493115000507,5,radio://0/80/2M/E7E7E7E705,4.1887902047863905,aborted,cf5 起飞前预检失败（电压或 EKF 对齐）,0.0,0.0,0.0,0,0.0,global_abort:cf5 起飞前预检失败（电压或 EKF 对齐）,,,,,
2.2018751230007183,1788684526.8960867,control,aborted,1,1,0.00570798900025693,4.170087814331055,4170.0,0,90.0,2.1685377399999197,4.170087814331055,1,1,0,1.0071730349577168,0.37472718954086304,0.0036141828168183565,0.04580651596188545,0.018809840083122253,-0.015238726511597633,0.008496982976794243,61.33884811401367,-25.271747589111328,-9.891468048095703,-0.47629058361053467,-0.2052263766527176,-0.6453725099563599,-0.03453779597716904,0.001642713338091372,3.124493632380635,0.37472718954086304,0.0036141828168183565,0.04580651596188545,3.124493632380635,0.0,0.0,0.0,0.0,0.0,0.0,0.053587783626109095,-0.022391048895952517,-0.00262823021923711,0.0,0.0,0.0,-0.03453779597716904,0.001642713338091372,3.124493632380635,0.0,0.0,0.0,0.0,0.0,0.0,zero,0.0,0.0,0.0,0.0,0.053587783626109095,-0.022391048895952517,-0.00262823021923711,-13.56984993675802,14.431663731882084,58.949542149245616,1,0.006237983703613281,,,,,,,,,,,,,,,,,,,,,,2.2018751230007183,2,radio://0/80/2M/E7E7E7E702,0.0,aborted,cf5 起飞前预检失败（电压或 EKF 对齐）,0.0,0.0,0.0,0,0.0,global_abort:cf5 起飞前预检失败（电压或 EKF 对齐）,,,,,
2.2018751230007183,1788684526.8963275,control,aborted,1,1,0.005505977000211715,4.122580528259277,4122.0,0,90.0,2.1381414010002118,4.122580528259277,1,1,0,1.0187793716120355,-0.31365954875946045,0.3157457411289215,0.0401996411383152,0.026202403008937836,-0.05620726943016052,-0.027023211121559143,58.31764602661133,-117.0041732788086,-55.09602355957031,-0.23079220950603485,0.23628678917884827,-0.11220340430736542,-0.006608702813668754,-0.01191394294895529,-0.595797854084137,-0.31365954875946045,0.3157457411289215,0.0401996411383152,-0.595797854084137,0.0,0.0,0.0,0.0,0.0,0.0,0.04815738847801054,-0.10257465326370635,-0.04345675090241942,0.0,0.0,0.0,-0.006608702813668754,-0.01191394294895529,-0.595797854084137,0.0,0.0,0.0,0.0,0.0,0.0,zero,0.0,0.0,0.0,0.0,0.04815738847801054,-0.10257465326370635,-0.04345675090241942,-24.036233202389315,-1.8526992254225434,22.90890676374099,1,0.006478786468505859,,,,,,,,,,,,,,,,,,,,,,2.2018751230007183,4,radio://0/80/2M/E7E7E7E704,2.0943951023931953,aborted,cf5 起飞前预检失败（电压或 EKF 对齐）,0.0,0.0,0.0,0,0.0,global_abort:cf5 起飞前预检失败（电压或 EKF 对齐）,,,,,
2.2018751230007183,1788684526.896538,control,aborted,1,1,0.005938897000305587,3.763636350631714,3763.0,0,10.0,2.1104198450002514,nan,1,0,1,1.0,-0.28666216135025024,-0.4440329670906067,0.03561569005250931,0.0010606050491333008,0.01524847187101841,-0.033566609025001526,25.46441650390625,28.455089569091797,-43.895450592041016,0.013574272394180298,-1.1215920448303223,0.30746906995773315,-0.0027025426803376717,-0.04766140311078418,0.9678661735241719,-0.28666216135025024,-0.4440329670906067,0.03561569005250931,0.9678661735241719,0.0,0.0,0.0,0.0,0.0,0.0,0.025164771211374105,0.020837549239623977,-0.03474886526818949,0.0,0.0,0.0,-0.0027025426803376717,-0.04766140311078418,0.9678661735241719,0.0,0.0,0.0,0.0,0.0,0.0,zero,0.0,0.0,0.0,0.0,0.025164771211374105,0.020837549239623977,-0.03474886526818949,-3.1206017476904995,-9.008811290004232,-2.460107523962717,1,0.006689310073852539,,,,,,,,,,,,,,,,,,,,,,2.2018751230007183,5,radio://0/80/2M/E7E7E7E705,4.1887902047863905,aborted,cf5 起飞前预检失败（电压或 EKF 对齐）,0.0,0.0,0.0,0,0.0,global_abort:cf5 起飞前预检失败（电压或 EKF 对齐）,,,,,
2.216194035000626,1788684526.9104319,control,aborted,1,1,0.011211519999960728,4.170087814331055,4170.0,0,90.0,2.1828566519998276,4.170087814331055,1,1,0,1.0071730349577168,0.3747725486755371,0.003640072187408805,0.04577239602804184,0.01609891466796398,-0.01159108430147171,0.006006974261254072,49.008262634277344,-20.132875442504883,-7.970871925354004,-0.3908080458641052,-0.12023373693227768,-0.5113876461982727,-0.03495929464516497,0.0035455382627455454,3.1246395252696484,0.3747725486755371,0.003640072187408805,0.04577239602804184,3.1246395252696484,0.0,0.0,0.0,0.0,0.0,0.0,0.0427647741471117,-0.013682819193069393,0.030313929603019207,0.0,0.0,0.0,-0.03495929464516497,0.0035455382627455454,3.1246395252696484,0.0,0.0,0.0,0.0,0.0,0.0,zero,0.0,0.0,0.0,0.0,0.0427647741471117,-0.013682819193069393,0.030313929603019207,-1.2539360242471873,1.0089211279962849,3.8166242945453,1,0.011951923370361328,,,,,,,,,,,,,,,,,,,,,,2.216194035000626,2,radio://0/80/2M/E7E7E7E702,0.0,aborted,cf5 起飞前预检失败（电压或 EKF 对齐）,0.0,0.0,0.0,0,0.0,global_abort:cf5 起飞前预检失败（电压或 EKF 对齐）,,,,,
2.216194035000626,1788684526.910686,control,aborted,1,1,0.01152181199995539,4.122580528259277,4122.0,0,90.0,2.1524603130001196,4.122580528259277,1,1,0,1.0187793716120355,-0.3136485517024994,0.315759539604187,0.04018087312579155,0.0212167426943779,-0.04464608430862427,-0.02205345407128334,46.53859329223633,-93.33544921875,-43.96166229248047,-0.16571354866027832,0.21989169716835022,-0.08532790839672089,-0.005794235566335859,-0.010580877706828199,-0.5956146467707623,-0.3136485517024994,0.315759539604187,0.04018087312579155,-0.5956146467707623,0.0,0.0,0.0,0.0,0.0,0.0,0.03269792349467554,-0.09851982031624519,-0.029120419321358823,0.0,0.0,0.0,-0.005794235566335859,-0.010580877706828199,-0.5956146467707623,0.0,0.0,0.0,0.0,0.0,0.0,zero,0.0,0.0,0.0,0.0,0.03269792349467554,-0.09851982031624519,-0.029120419321358823,-1.7911081105315159,0.4697862563081634,1.6609837273014967,1,0.012206077575683594,,,,,,,,,,,,,,,,,,,,,,2.216194035000626,4,radio://0/80/2M/E7E7E7E704,2.0943951023931953,aborted,cf5 起飞前预检失败（电压或 EKF 对齐）,0.0,0.0,0.0,0,0.0,global_abort:cf5 起飞前预检失败（电压或 EKF 对齐）,,,,,
2.216194035000626,1788684526.9109683,control,aborted,1,1,0.010823990000062622,3.763636350631714,3763.0,0,10.0,2.1247387570001592,nan,1,0,1,1.0,-0.2866781949996948,-0.44411441683769226,0.035593707114458084,0.0004769593651872128,0.010311460122466087,-0.02736266702413559,20.35801124572754,22.649673461914062,-34.97260284423828,0.00033233873546123505,-0.91254061460495,0.24338839948177338,-0.003151587372214376,-0.048320592945307106,0.9677563707947607,-0.2866781949996948,-0.44411441683769226,0.035593707114458084,0.9677563707947607,0.0,0.0,0.0,0.0,0.0,0.0,0.021233566166057375,0.015131900714405979,-0.03552745707613985,0.0,0.0,0.0,-0.003151587372214376,-0.048320592945307106,0.9677563707947607,0.0,0.0,0.0,0.0,0.0,0.0,zero,0.0,0.0,0.0,0.0,0.021233566166057375,0.015131900714405979,-0.03552745707613985,-0.4554629315063295,-0.661047025907849,-0.09020636247868717,1,0.012488365173339844,,,,,,,,,,,,,,,,,,,,,,2.216194035000626,5,radio://0/80/2M/E7E7E7E705,4.1887902047863905,aborted,cf5 起飞前预检失败（电压或 EKF 对齐）,0.0,0.0,0.0,0,0.0,global_abort:cf5 起飞前预检失败（电压或 EKF 对齐）,,,,,
2.2303725260007923,1788684526.9245658,control,aborted,1,1,0.005436437000753358,4.170087814331055,4170.0,0,90.0,2.1970351429999937,4.170087814331055,1,1,0,1.0071730349577168,0.374785453081131,0.003657944267615676,0.045793116092681885,0.013006847351789474,-0.009095987305045128,0.005010646302253008,39.17601013183594,-16.081605911254883,-6.3865580558776855,-0.31139588356018066,-0.1119842380285263,-0.40975427627563477,-0.03483296046891662,0.0019480778105286077,3.1246301678826147,0.374785453081131,0.003657944267615676,0.045793116092681885,3.1246301678826147,0.0,0.0,0.0,0.0,0.0,0.0,0.026838483895430094,-0.01028618146559879,0.028480983154892923,0.0,0.0,0.0,-0.03483296046891662,0.0019480778105286077,3.1246301678826147,0.0,0.0,0.0,0.0,0.0,0.0,zero,0.0,0.0,0.0,0.0,0.026838483895430094,-0.01028618146559879,0.028480983154892923,-0.7880483083758721,0.16806893337990297,-0.09069597030840039,1,0.005876064300537109,,,,,,,,,,,,,,,,,,,,,,2.2303725260007923,2,radio://0/80/2M/E7E7E7E702,0.0,aborted,cf5 起飞前预检失败（电压或 EKF 对齐）,0.0,0.0,0.0,0,0.0,global_abort:cf5 起飞前预检失败（电压或 EKF 对齐）,,,,,
2.2303725260007923,1788684526.9247243,control,aborted,1,1,0.005156642000656575,4.122580528259277,4122.0,0,90.0,2.1666388040002857,4.122580528259277,1,1,0,1.0187793716120355,-0.3136400878429413,0.3158026337623596,0.04020634666085243,0.017057161778211594,-0.03529036417603493,-0.017390651628375053,37.1897087097168,-74.57576751708984,-35.12318420410156,-0.13801738619804382,0.16787323355674744,-0.06814730167388916,-0.006344737654596685,-0.011393170791210097,-0.5955980746921619,-0.3136400878429413,0.3158026337623596,0.04020634666085243,-0.5955980746921619,0.0,0.0,0.0,0.0,0.0,0.0,0.022814303108212197,-0.07188487573155618,-0.021609073928152957,0.0,0.0,0.0,-0.006344737654596685,-0.011393170791210097,-0.5955980746921619,0.0,0.0,0.0,0.0,0.0,0.0,zero,0.0,0.0,0.0,0.0,0.022814303108212197,-0.07188487573155618,-0.021609073928152957,-0.48905113514174015,1.3179229244194544,0.37166866465451875,1,0.0060346126556396484,,,,,,,,,,,,,,,,,,,,,,2.2303725260007923,4,radio://0/80/2M/E7E7E7E704,2.0943951023931953,aborted,cf5 起飞前预检失败（电压或 EKF 对齐）,0.0,0.0,0.0,0,0.0,global_abort:cf5 起飞前预检失败（电压或 EKF 对齐）,,,,,
2.2303725260007923,1788684526.9248347,control,aborted,1,1,0.004964016000485572,3.763636350631714,3763.0,0,10.0,2.1389172480003253,nan,1,0,1,1.0,-0.2866598069667816,-0.4440487027168274,0.03562591224908829,0.0005635542911477387,0.00889954250305891,-0.02157139778137207,16.28726577758789,18.10576629638672,-27.920766830444336,-0.00671149417757988,-0.7291595339775085,0.19985471665859222,-0.0038816759246656043,-0.04823055627176782,0.968276431823691,-0.2866598069667816,-0.4440487027168274,0.03562591224908829,0.968276431823691,0.0,0.0,0.0,0.0,0.0,0.0,0.010260377944770686,0.01159010781003273,-0.03190582744790477,0.0,0.0,0.0,-0.0038816759246656043,-0.04823055627176782,0.968276431823691,0.0,0.0,0.0,0.0,0.0,0.0,zero,0.0,0.0,0.0,0.0,0.010260377944770686,0.01159010781003273,-0.03190582744790477,-0.5429640097361635,-0.17525135249963822,0.1792017511292844,1,0.006145000457763672,,,,,,,,,,,,,,,,,,,,,,2.2303725260007923,5,radio://0/80/2M/E7E7E7E705,4.1887902047863905,aborted,cf5 起飞前预检失败（电压或 EKF 对齐）,0.0,0.0,0.0,0,0.0,global_abort:cf5 起飞前预检失败（电压或 EKF 对齐）,,,,,
2.244635453000228,1788684526.9389563,control,aborted,1,1,0.004074847000083537,4.170087814331055,4170.0,0,90.0,2.2112980699994296,4.170087814331055,1,1,0,1.0071730349577168,0.37478530406951904,0.0036783465184271336,0.04578781872987747,0.010403533466160297,-0.007010535337030888,0.003939385060220957,31.306835174560547,-12.838068962097168,-5.123227119445801,-0.2417895495891571,-0.08609465509653091,-0.32431235909461975,-0.03427096861268072,0.0022247964556356913,3.124888273319203,0.37478530406951904,0.0036783465184271336,0.04578781872987747,3.124888273319203,0.0,0.0,0.0,0.0,0.0,0.0,0.016505351017939346,-0.008639481434325252,0.020643753963622676,0.0,0.0,0.0,-0.03427096861268072,0.0022247964556356913,3.124888273319203,0.0,0.0,0.0,0.0,0.0,0.0,zero,0.0,0.0,0.0,0.0,0.016505351017939346,-0.008639481434325252,0.020643753963622676,-0.6743263094440963,0.10746142220517065,-0.5114470025183838,1,0.004942893981933594,,,,,,,,,,,,,,,,,,,,,,2.244635453000228,2,radio://0/80/2M/E7E7E7E702,0.0,aborted,cf5 起飞前预检失败（电压或 EKF 对齐）,0.0,0.0,0.0,0,0.0,global_abort:cf5 起飞前预检失败（电压或 EKF 对齐）,,,,,
2.244635453000228,1788684526.9393015,control,aborted,1,1,0.0044073549997847294,4.122580528259277,4122.0,0,90.0,2.1809017309997216,4.122580528259277,1,1,0,1.0187793716120355,-0.3136518895626068,0.31576380133628845,0.04019379988312721,0.013491714373230934,-0.028739064931869507,-0.014076259918510914,29.705238342285156,-59.57511901855469,-28.055294036865234,-0.11273416876792908,0.13484060764312744,-0.05727611854672432,-0.006520124909589377,-0.011352999157671694,-0.595809779193555,-0.3136518895626068,0.31576380133628845,0.04019379988312721,-0.595809779193555,0.0,0.0,0.0,0.0,0.0,0.0,0.017281368811343262,-0.05066994346051944,-0.017519788722237164,0.0,0.0,0.0,-0.006520124909589377,-0.011352999157671694,-0.595809779193555,0.0,0.0,0.0,0.0,0.0,0.0,zero,0.0,0.0,0.0,0.0,0.017281368811343262,-0.05066994346051944,-0.017519788722237164,-0.3610718268156361,1.3844578554290903,0.2668612350061214,1,0.005288124084472656,,,,,,,,,,,,,,,,,,,,,,2.244635453000228,4,radio://0/80/2M/E7E7E7E704,2.0943951023931953,aborted,cf5 起飞前预检失败（电压或 EKF 对齐）,0.0,0.0,0.0,0,0.0,global_abort:cf5 起飞前预检失败（电压或 EKF 对齐）,,,,,
2.244635453000228,1788684526.93942,control,aborted,1,1,0.0042247390001648455,3.763636350631714,3763.0,0,10.0,2.153180174999761,nan,1,0,1,1.0,-0.286634236574173,-0.44405096769332886,0.03566354140639305,0.000784543517511338,0.007090075872838497,-0.016766048967838287,13.032696723937988,14.460999488830566,-22.273902893066406,0.003662779461592436,-0.600359320640564,0.16650334000587463,-0.0032146234785751554,-0.0495338346787746,0.9687888891114339,-0.286634236574173,-0.44405096769332886,0.03566354140639305,0.9687888891114339,0.0,0.0,0.0,0.0,0.0,0.0,0.003074894394975795,0.009370692758932752,-0.027441212598482895,0.0,0.0,0.0,-0.0032146234785751554,-0.0495338346787746,0.9687888891114339,0.0,0.0,0.0,0.0,0.0,0.0,zero,0.0,0.0,0.0,0.0,0.003074894394975795,0.009370692758932752,-0.027441212598482895,-0.4689149613336898,-0.1448360316543572,0.29135474112194354,1,0.005406618118286133,,,,,,,,,,,,,,,,,,,,,,2.244635453000228,5,radio://0/80/2M/E7E7E7E705,4.1887902047863905,aborted,cf5 起飞前预检失败（电压或 EKF 对齐）,0.0,0.0,0.0,0,0.0,global_abort:cf5 起飞前预检失败（电压或 EKF 对齐）,,,,,
2.2589064940002572,1788684526.9531035,control,aborted,1,1,0.004099757999938447,4.170087814331055,4170.0,0,90.0,2.2255691109994586,4.170087814331055,1,1,0,1.0071730349577168,0.3747255206108093,0.0036413187626749277,0.04588779807090759,0.045934561640024185,-0.0009312621550634503,0.047162365168333054,107.26480865478516,3.8356199264526367,89.8224105834961,1.866391897201538,-0.5248302817344666,-1.4092040061950684,-0.034935720405417196,0.003582007653382343,3.1253328616447758,0.3747255206108093,0.0036413187626749277,0.04588779807090759,3.1253328616447758,0.0,0.0,0.0,0.0,0.0,0.0,0.002164881309892514,-0.004852745567164739,0.009258366515125668,0.0,0.0,0.0,-0.034935720405417196,0.003582007653382343,3.1253328616447758,0.0,0.0,0.0,0.0,0.0,0.0,zero,0.0,0.0,0.0,0.0,0.002164881309892514,-0.004852745567164739,0.009258366515125668,0.1698119363017709,0.12325212295407165,0.15373023507068856,1,0.00455021858215332,,,,,,,,,,,,,,,,,,,,,,2.2589064940002572,2,radio://0/80/2M/E7E7E7E702,0.0,aborted,cf5 起飞前预检失败（电压或 EKF 对齐）,0.0,0.0,0.0,0,0.0,global_abort:cf5 起飞前预检失败（电压或 EKF 对齐）,,,,,
2.2589064940002572,1788684526.953277,control,aborted,1,1,0.0033552719996805536,4.122580528259277,4122.0,0,90.0,2.1951727719997507,4.122580528259277,1,1,0,1.0187793716120355,-0.3136877417564392,0.3157546818256378,0.04024279862642288,-0.09932805597782135,0.012531106360256672,0.07564831525087357,-222.5677947998047,37.90861511230469,169.8437957763672,-2.444553852081299,1.5296406745910645,0.8069042563438416,-0.006828501543890532,-0.011105116787911592,-0.5960001238149107,-0.3136877417564392,0.3157546818256378,0.04024279862642288,-0.5960001238149107,0.0,0.0,0.0,0.0,0.0,0.0,-0.006961740486138717,-0.004876686712571764,0.0014317876803048033,0.0,0.0,0.0,-0.006828501543890532,-0.011105116787911592,-0.5960001238149107,0.0,0.0,0.0,0.0,0.0,0.0,zero,0.0,0.0,0.0,0.0,-0.006961740486138717,-0.004876686712571764,0.0014317876803048033,-1.5773401950907697,1.2391747415608183,1.2621057146423966,1,0.004723787307739258,,,,,,,,,,,,,,,,,,,,,,2.2589064940002572,4,radio://0/80/2M/E7E7E7E704,2.0943951023931953,aborted,cf5 起飞前预检失败（电压或 EKF 对齐）,0.0,0.0,0.0,0,0.0,global_abort:cf5 起飞前预检失败（电压或 EKF 对齐）,,,,,
2.2589064940002572,1788684526.9533966,control,aborted,1,1,0.0035580929998104693,3.763636350631714,3763.0,0,10.0,2.1674512159997903,nan,1,0,1,1.0,-0.2866772413253784,-0.444088339805603,0.035655125975608826,-0.07438810914754868,-0.08590035885572433,-0.007904158905148506,-156.4517364501953,-191.62881469726562,-4.808631896972656,-0.8074771165847778,-0.8030612468719482,0.049467749893665314,-0.004367769261691941,-0.051164881938611864,0.968075250211031,-0.2866772413253784,-0.444088339805603,0.035655125975608826,0.968075250211031,0.0,0.0,0.0,0.0,0.0,0.0,-0.019149710691216307,-0.0064691415788489985,-0.016568101437267273,0.0,0.0,0.0,-0.004367769261691941,-0.051164881938611864,0.968075250211031,0.0,0.0,0.0,0.0,0.0,0.0,zero,0.0,0.0,0.0,0.0,-0.019149710691216307,-0.0064691415788489985,-0.016568101437267273,-1.1290545472211768,-1.2441068942213225,0.34548704454315915,1,0.004843235015869141,,,,,,,,,,,,,,,,,,,,,,2.2589064940002572,5,radio://0/80/2M/E7E7E7E705,4.1887902047863905,aborted,cf5 起飞前预检失败（电压或 EKF 对齐）,0.0,0.0,0.0,0,0.0,global_abort:cf5 起飞前预检失败（电压或 EKF 对齐）,,,,,
2.2732262340005036,1788684526.9674344,control,aborted,1,1,0.01841949800018483,4.170087814331055,4170.0,0,90.0,2.239888850999705,4.170087814331055,1,1,0,1.0071730349577168,0.3747255206108093,0.0036413187626749277,0.04588779807090759,0.045934561640024185,-0.0009312621550634503,0.047162365168333054,107.26480865478516,3.8356199264526367,89.8224105834961,1.866391897201538,-0.5248302817344666,-1.4092040061950684,-0.034935720405417196,0.003582007653382343,3.1253328616447758,0.3747255206108093,0.0036413187626749277,0.04588779807090759,3.1253328616447758,0.0,0.0,0.0,0.0,0.0,0.0,0.002164881309892514,-0.004852745567164739,0.009258366515125668,0.0,0.0,0.0,-0.034935720405417196,0.003582007653382343,3.1253328616447758,0.0,0.0,0.0,0.0,0.0,0.0,zero,0.0,0.0,0.0,0.0,0.002164881309892514,-0.004852745567164739,0.009258366515125668,0.1698119363017709,0.12325212295407165,0.15373023507068856,1,0.01888108253479004,,,,,,,,,,,,,,,,,,,,,,2.2732262340005036,2,radio://0/80/2M/E7E7E7E702,0.0,aborted,cf5 起飞前预检失败（电压或 EKF 对齐）,0.0,0.0,0.0,0,0.0,global_abort:cf5 起飞前预检失败（电压或 EKF 对齐）,,,,,
2.2732262340005036,1788684526.9675894,control,aborted,1,1,0.017675011999926937,4.122580528259277,4122.0,0,90.0,2.209492511999997,4.122580528259277,1,1,0,1.0187793716120355,-0.3136877417564392,0.3157546818256378,0.04024279862642288,-0.09932805597782135,0.012531106360256672,0.07564831525087357,-222.5677947998047,37.90861511230469,169.8437957763672,-2.444553852081299,1.5296406745910645,0.8069042563438416,-0.006828501543890532,-0.011105116787911592,-0.5960001238149107,-0.3136877417564392,0.3157546818256378,0.04024279862642288,-0.5960001238149107,0.0,0.0,0.0,0.0,0.0,0.0,-0.006961740486138717,-0.004876686712571764,0.0014317876803048033,0.0,0.0,0.0,-0.006828501543890532,-0.011105116787911592,-0.5960001238149107,0.0,0.0,0.0,0.0,0.0,0.0,zero,0.0,0.0,0.0,0.0,-0.006961740486138717,-0.004876686712571764,0.0014317876803048033,-1.5773401950907697,1.2391747415608183,1.2621057146423966,1,0.019036054611206055,,,,,,,,,,,,,,,,,,,,,,2.2732262340005036,4,radio://0/80/2M/E7E7E7E704,2.0943951023931953,aborted,cf5 起飞前预检失败（电压或 EKF 对齐）,0.0,0.0,0.0,0,0.0,global_abort:cf5 起飞前预检失败（电压或 EKF 对齐）,,,,,
2.2732262340005036,1788684526.9676974,control,aborted,1,1,0.017877833000056853,3.763636350631714,3763.0,0,10.0,2.1817709560000367,nan,1,0,1,1.0,-0.2866772413253784,-0.444088339805603,0.035655125975608826,-0.07438810914754868,-0.08590035885572433,-0.007904158905148506,-156.4517364501953,-191.62881469726562,-4.808631896972656,-0.8074771165847778,-0.8030612468719482,0.049467749893665314,-0.004367769261691941,-0.051164881938611864,0.968075250211031,-0.2866772413253784,-0.444088339805603,0.035655125975608826,0.968075250211031,0.0,0.0,0.0,0.0,0.0,0.0,-0.019149710691216307,-0.0064691415788489985,-0.016568101437267273,0.0,0.0,0.0,-0.004367769261691941,-0.051164881938611864,0.968075250211031,0.0,0.0,0.0,0.0,0.0,0.0,zero,0.0,0.0,0.0,0.0,-0.019149710691216307,-0.0064691415788489985,-0.016568101437267273,-1.1290545472211768,-1.2441068942213225,0.34548704454315915,1,0.019144058227539062,,,,,,,,,,,,,,,,,,,,,,2.2732262340005036,5,radio://0/80/2M/E7E7E7E705,4.1887902047863905,aborted,cf5 起飞前预检失败（电压或 EKF 对齐）,0.0,0.0,0.0,0,0.0,global_abort:cf5 起飞前预检失败（电压或 EKF 对齐）,,,,,
2.2875871740006914,1788684526.9817657,control,aborted,1,1,0.002923156000179006,4.170087814331055,4170.0,0,90.0,2.254249790999893,4.170087814331055,1,1,0,1.0071730349577168,0.3747439980506897,0.003645552322268486,0.04578739032149315,0.024906236678361893,0.01578606106340885,0.025927577167749405,44.241424560546875,39.71931076049805,40.046329498291016,0.2914981245994568,1.8268390893936157,-0.6209989190101624,-0.03451410229574835,0.0022025106697892657,3.1244731577492653,0.3747439980506897,0.003645552322268486,0.04578739032149315,3.1244731577492653,0.0,0.0,0.0,0.0,0.0,0.0,0.06332501827047493,0.0029198467765580117,0.06168475908380859,0.0,0.0,0.0,-0.03451410229574835,0.0022025106697892657,3.1244731577492653,0.0,0.0,0.0,0.0,0.0,0.0,zero,0.0,0.0,0.0,0.0,0.06332501827047493,0.0029198467765580117,0.06168475908380859,1.5337480379721116,0.34973481429458836,1.3030692380353146,1,0.003194093704223633,,,,,,,,,,,,,,,,,,,,,,2.2875871740006914,2,radio://0/80/2M/E7E7E7E702,0.0,aborted,cf5 起飞前预检失败（电压或 EKF 对齐）,0.0,0.0,0.0,0,0.0,global_abort:cf5 起飞前预检失败（电压或 EKF 对齐）,,,,,
2.2875871740006914,1788684526.9819105,control,aborted,1,1,0.002447071999995387,4.122580528259277,4122.0,0,90.0,2.223853452000185,4.122580528259277,1,1,0,1.0187793716120355,-0.31367573142051697,0.3157573640346527,0.04018903151154518,-0.13587817549705505,-0.03578159958124161,-0.06618541479110718,-281.7500305175781,-82.35122680664062,-176.58132934570312,-1.8927809000015259,1.0070559978485107,0.10854154080152512,-0.005831208542827608,-0.010854908981084429,-0.5956776064643432,-0.31367573142051697,0.3157573640346527,0.04018903151154518,-0.5956776064643432,0.0,0.0,0.0,0.0,0.0,0.0,-0.1503895512004651,0.023373414548303502,0.1014624538336032,0.0,0.0,0.0,-0.005831208542827608,-0.010854908981084429,-0.5956776064643432,0.0,0.0,0.0,0.0,0.0,0.0,zero,0.0,0.0,0.0,0.0,-0.1503895512004651,0.023373414548303502,0.1014624538336032,-4.269386006667676,0.3161722018752726,1.5524500606750173,1,0.0033388137817382812,,,,,,,,,,,,,,,,,,,,,,2.2875871740006914,4,radio://0/80/2M/E7E7E7E704,2.0943951023931953,aborted,cf5 起飞前预检失败（电压或 EKF 对齐）,0.0,0.0,0.0,0,0.0,global_abort:cf5 起飞前预检失败（电压或 EKF 对齐）,,,,,
2.2875871740006914,1788684526.98202,control,aborted,1,1,0.002689108000595297,3.763636350631714,3763.0,0,10.0,2.1961318960002245,nan,1,0,1,1.0,-0.28665876388549805,-0.44403108954429626,0.035617318004369736,-0.04381232336163521,-0.011731257662177086,-0.02301792800426483,-70.73495483398438,-1.2591283321380615,-44.40817642211914,0.9281368255615234,-0.55633544921875,2.1077523231506348,-0.0033186113820654456,-0.048473438970962124,0.9683042111073092,-0.28665876388549805,-0.44403108954429626,0.035617318004369736,0.9683042111073092,0.0,0.0,0.0,0.0,0.0,0.0,-0.10173305867945123,-0.11974966050077154,-0.004046815481091455,0.0,0.0,0.0,-0.0033186113820654456,-0.048473438970962124,0.9683042111073092,0.0,0.0,0.0,0.0,0.0,0.0,zero,0.0,0.0,0.0,0.0,-0.10173305867945123,-0.11974966050077154,-0.004046815481091455,-2.014978914350138,-2.5094526499683707,0.19195721364288348,1,0.0034482479095458984,,,,,,,,,,,,,,,,,,,,,,2.2875871740006914,5,radio://0/80/2M/E7E7E7E705,4.1887902047863905,aborted,cf5 起飞前预检失败（电压或 EKF 对齐）,0.0,0.0,0.0,0,0.0,global_abort:cf5 起飞前预检失败（电压或 EKF 对齐）,,,,,
2.3018608540005516,1788684526.9960623,control,aborted,1,1,0.017196836000039184,4.170087814331055,4170.0,0,90.0,2.268523470999753,4.170087814331055,1,1,0,1.0071730349577168,0.3747439980506897,0.003645552322268486,0.04578739032149315,0.024906236678361893,0.01578606106340885,0.025927577167749405,44.241424560546875,39.71931076049805,40.046329498291016,0.2914981245994568,1.8268390893936157,-0.6209989190101624,-0.03451410229574835,0.0022025106697892657,3.1244731577492653,0.3747439980506897,0.003645552322268486,0.04578739032149315,3.1244731577492653,0.0,0.0,0.0,0.0,0.0,0.0,0.06332501827047493,0.0029198467765580117,0.06168475908380859,0.0,0.0,0.0,-0.03451410229574835,0.0022025106697892657,3.1244731577492653,0.0,0.0,0.0,0.0,0.0,0.0,zero,0.0,0.0,0.0,0.0,0.06332501827047493,0.0029198467765580117,0.06168475908380859,1.5337480379721116,0.34973481429458836,1.3030692380353146,1,0.017490625381469727,,,,,,,,,,,,,,,,,,,,,,2.3018608540005516,2,radio://0/80/2M/E7E7E7E702,0.0,aborted,cf5 起飞前预检失败（电压或 EKF 对齐）,0.0,0.0,0.0,0,0.0,global_abort:cf5 起飞前预检失败（电压或 EKF 对齐）,,,,,
2.3018608540005516,1788684526.996212,control,aborted,1,1,0.016720751999855565,4.122580528259277,4122.0,0,90.0,2.238127132000045,4.122580528259277,1,1,0,1.0187793716120355,-0.31367573142051697,0.3157573640346527,0.04018903151154518,-0.13587817549705505,-0.03578159958124161,-0.06618541479110718,-281.7500305175781,-82.35122680664062,-176.58132934570312,-1.8927809000015259,1.0070559978485107,0.10854154080152512,-0.005831208542827608,-0.010854908981084429,-0.5956776064643432,-0.31367573142051697,0.3157573640346527,0.04018903151154518,-0.5956776064643432,0.0,0.0,0.0,0.0,0.0,0.0,-0.1503895512004651,0.023373414548303502,0.1014624538336032,0.0,0.0,0.0,-0.005831208542827608,-0.010854908981084429,-0.5956776064643432,0.0,0.0,0.0,0.0,0.0,0.0,zero,0.0,0.0,0.0,0.0,-0.1503895512004651,0.023373414548303502,0.1014624538336032,-4.269386006667676,0.3161722018752726,1.5524500606750173,1,0.017640352249145508,,,,,,,,,,,,,,,,,,,,,,2.3018608540005516,4,radio://0/80/2M/E7E7E7E704,2.0943951023931953,aborted,cf5 起飞前预检失败（电压或 EKF 对齐）,0.0,0.0,0.0,0,0.0,global_abort:cf5 起飞前预检失败（电压或 EKF 对齐）,,,,,
2.3018608540005516,1788684526.9963222,control,aborted,1,1,0.016962788000455475,3.763636350631714,3763.0,0,10.0,2.2104055760000847,nan,1,0,1,1.0,-0.28665876388549805,-0.44403108954429626,0.035617318004369736,-0.04381232336163521,-0.011731257662177086,-0.02301792800426483,-70.73495483398438,-1.2591283321380615,-44.40817642211914,0.9281368255615234,-0.55633544921875,2.1077523231506348,-0.0033186113820654456,-0.048473438970962124,0.9683042111073092,-0.28665876388549805,-0.44403108954429626,0.035617318004369736,0.9683042111073092,0.0,0.0,0.0,0.0,0.0,0.0,-0.10173305867945123,-0.11974966050077154,-0.004046815481091455,0.0,0.0,0.0,-0.0033186113820654456,-0.048473438970962124,0.9683042111073092,0.0,0.0,0.0,0.0,0.0,0.0,zero,0.0,0.0,0.0,0.0,-0.10173305867945123,-0.11974966050077154,-0.004046815481091455,-2.014978914350138,-2.5094526499683707,0.19195721364288348,1,0.01775050163269043,,,,,,,,,,,,,,,,,,,,,,2.3018608540005516,5,radio://0/80/2M/E7E7E7E705,4.1887902047863905,aborted,cf5 起飞前预检失败（电压或 EKF 对齐）,0.0,0.0,0.0,0,0.0,global_abort:cf5 起飞前预检失败（电压或 EKF 对齐）,,,,,
2.3161514870007522,1788684527.0103395,control,aborted,1,1,0.0014112560002104146,4.170087814331055,4170.0,0,90.0,2.2828141039999537,4.170087814331055,1,1,0,1.0071730349577168,0.37477242946624756,0.0036382139660418034,0.045825615525245667,0.06326676160097122,0.0060556973330676556,0.03064393810927868,77.41204833984375,16.142213821411133,36.28970718383789,0.40982869267463684,0.47001996636390686,0.17864754796028137,-0.034460392831293825,0.003237157929229372,3.1245015820309967,0.37477242946624756,0.0036382139660418034,0.045825615525245667,3.1245015820309967,0.0,0.0,0.0,0.0,0.0,0.0,0.031171321793737616,0.019475406488330547,0.027780729992504312,0.0,0.0,0.0,-0.034460392831293825,0.003237157929229372,3.1245015820309967,0.0,0.0,0.0,0.0,0.0,0.0,zero,0.0,0.0,0.0,0.0,0.031171321793737616,0.019475406488330547,0.027780729992504312,-0.4033882942989327,0.26649970163201747,-0.7685087665483064,1,0.0017476081848144531,,,,,,,,,,,,,,,,,,,,,,2.3161514870007522,2,radio://0/80/2M/E7E7E7E702,0.0,aborted,cf5 起飞前预检失败（电压或 EKF 对齐）,0.0,0.0,0.0,0,0.0,global_abort:cf5 起飞前预检失败（电压或 EKF 对齐）,,,,,
2.3161514870007522,1788684527.0104883,control,aborted,1,1,0.0011981269999523647,4.122580528259277,4122.0,0,90.0,2.2524177650002457,4.122580528259277,1,1,0,1.0187793716120355,-0.31366828083992004,0.3157888650894165,0.040230996906757355,-0.012765254825353622,0.0032725792843848467,-0.029062144458293915,-56.839900970458984,-12.245051383972168,-76.1011734008789,0.9246722459793091,0.9684056639671326,0.5507683157920837,-0.006908561405122759,-0.0112863178643733,-0.59528700503767,-0.31366828083992004,0.3157888650894165,0.040230996906757355,-0.59528700503767,0.0,0.0,0.0,0.0,0.0,0.0,-0.14406053469528107,-0.041665849829296914,-0.0872683720243692,0.0,0.0,0.0,-0.006908561405122759,-0.0112863178643733,-0.59528700503767,0.0,0.0,0.0,0.0,0.0,0.0,zero,0.0,0.0,0.0,0.0,-0.14406053469528107,-0.041665849829296914,-0.0872683720243692,1.5231179103430255,-1.1005950206746413,-3.9640078712195206,1,0.0018963813781738281,,,,,,,,,,,,,,,,,,,,,,2.3161514870007522,4,radio://0/80/2M/E7E7E7E704,2.0943951023931953,aborted,cf5 起飞前预检失败（电压或 EKF 对齐）,0.0,0.0,0.0,0,0.0,global_abort:cf5 起飞前预检失败（电压或 EKF 对齐）,,,,,
2.3161514870007522,1788684527.0105984,control,aborted,1,1,0.0009832320001805783,3.763636350631714,3763.0,0,10.0,2.2246962090002853,nan,1,0,1,1.0,-0.28667882084846497,-0.4440547227859497,0.0356348380446434,-0.06562113016843796,0.02315426804125309,-0.03506949916481972,-79.6711654663086,35.5362663269043,-47.153743743896484,0.24096345901489258,0.28780272603034973,1.2167129516601562,-0.003976020495174034,-0.04898910414655164,0.968721447985807,-0.28667882084846497,-0.4440547227859497,0.0356348380446434,0.968721447985807,0.0,0.0,0.0,0.0,0.0,0.0,-0.04711601444253735,-0.0008699969009731343,-0.028057110914807913,0.0,0.0,0.0,-0.003976020495174034,-0.04898910414655164,0.968721447985807,0.0,0.0,0.0,0.0,0.0,0.0,zero,0.0,0.0,0.0,0.0,-0.04711601444253735,-0.0008699969009731343,-0.028057110914807913,1.0780687034143224,3.1268854674806583,-0.6838580099015636,1,0.00200653076171875,,,,,,,,,,,,,,,,,,,,,,2.3161514870007522,5,radio://0/80/2M/E7E7E7E705,4.1887902047863905,aborted,cf5 起飞前预检失败（电压或 EKF 对齐）,0.0,0.0,0.0,0,0.0,global_abort:cf5 起飞前预检失败（电压或 EKF 对齐）,,,,,
2.330361002000245,1788684527.0245786,control,aborted,1,1,0.015620770999703382,4.170087814331055,4170.0,0,90.0,2.2970236189994466,4.170087814331055,1,1,0,1.0071730349577168,0.37477242946624756,0.0036382139660418034,0.045825615525245667,0.06326676160097122,0.0060556973330676556,0.03064393810927868,77.41204833984375,16.142213821411133,36.28970718383789,0.40982869267463684,0.47001996636390686,0.17864754796028137,-0.034460392831293825,0.003237157929229372,3.1245015820309967,0.37477242946624756,0.0036382139660418034,0.045825615525245667,3.1245015820309967,0.0,0.0,0.0,0.0,0.0,0.0,0.031171321793737616,0.019475406488330547,0.027780729992504312,0.0,0.0,0.0,-0.034460392831293825,0.003237157929229372,3.1245015820309967,0.0,0.0,0.0,0.0,0.0,0.0,zero,0.0,0.0,0.0,0.0,0.031171321793737616,0.019475406488330547,0.027780729992504312,-0.4033882942989327,0.26649970163201747,-0.7685087665483064,1,0.01598668098449707,,,,,,,,,,,,,,,,,,,,,,2.330361002000245,2,radio://0/80/2M/E7E7E7E702,0.0,aborted,cf5 起飞前预检失败（电压或 EKF 对齐）,0.0,0.0,0.0,0,0.0,global_abort:cf5 起飞前预检失败（电压或 EKF 对齐）,,,,,
2.330361002000245,1788684527.024735,control,aborted,1,1,0.015407641999445332,4.122580528259277,4122.0,0,90.0,2.2666272799997387,4.122580528259277,1,1,0,1.0187793716120355,-0.31366828083992004,0.3157888650894165,0.040230996906757355,-0.012765254825353622,0.0032725792843848467,-0.029062144458293915,-56.839900970458984,-12.245051383972168,-76.1011734008789,0.9246722459793091,0.9684056639671326,0.5507683157920837,-0.006908561405122759,-0.0112863178643733,-0.59528700503767,-0.31366828083992004,0.3157888650894165,0.040230996906757355,-0.59528700503767,0.0,0.0,0.0,0.0,0.0,0.0,-0.14406053469528107,-0.041665849829296914,-0.0872683720243692,0.0,0.0,0.0,-0.006908561405122759,-0.0112863178643733,-0.59528700503767,0.0,0.0,0.0,0.0,0.0,0.0,zero,0.0,0.0,0.0,0.0,-0.14406053469528107,-0.041665849829296914,-0.0872683720243692,1.5231179103430255,-1.1005950206746413,-3.9640078712195206,1,0.016143083572387695,,,,,,,,,,,,,,,,,,,,,,2.330361002000245,4,radio://0/80/2M/E7E7E7E704,2.0943951023931953,aborted,cf5 起飞前预检失败（电压或 EKF 对齐）,0.0,0.0,0.0,0,0.0,global_abort:cf5 起飞前预检失败（电压或 EKF 对齐）,,,,,
2.330361002000245,1788684527.0248458,control,aborted,1,1,0.015192746999673545,3.763636350631714,3763.0,0,10.0,2.2389057239997783,nan,1,0,1,1.0,-0.28667882084846497,-0.4440547227859497,0.0356348380446434,-0.06562113016843796,0.02315426804125309,-0.03506949916481972,-79.6711654663086,35.5362663269043,-47.153743743896484,0.24096345901489258,0.28780272603034973,1.2167129516601562,-0.003976020495174034,-0.04898910414655164,0.968721447985807,-0.28667882084846497,-0.4440547227859497,0.0356348380446434,0.968721447985807,0.0,0.0,0.0,0.0,0.0,0.0,-0.04711601444253735,-0.0008699969009731343,-0.028057110914807913,0.0,0.0,0.0,-0.003976020495174034,-0.04898910414655164,0.968721447985807,0.0,0.0,0.0,0.0,0.0,0.0,zero,0.0,0.0,0.0,0.0,-0.04711601444253735,-0.0008699969009731343,-0.028057110914807913,1.0780687034143224,3.1268854674806583,-0.6838580099015636,1,0.016253948211669922,,,,,,,,,,,,,,,,,,,,,,2.330361002000245,5,radio://0/80/2M/E7E7E7E705,4.1887902047863905,aborted,cf5 起飞前预检失败（电压或 EKF 对齐）,0.0,0.0,0.0,0,0.0,global_abort:cf5 起飞前预检失败（电压或 EKF 对齐）,,,,,
2.3446254469999985,1788684527.0388286,control,aborted,1,1,0.007702215999415785,4.170087814331055,4170.0,0,90.0,2.3112880639992,4.170087814331055,1,1,0,1.0071730349577168,0.3747095465660095,0.003661468392238021,0.04582126438617706,-0.0601591020822525,0.19625361263751984,-0.1523744761943817,-294.0233459472656,606.436767578125,-528.152099609375,0.7353253364562988,3.746204376220703,-1.8298027515411377,-0.03507992166939397,0.0025122502433267886,3.124311726884022,0.3747095465660095,0.003661468392238021,0.04582126438617706,3.124311726884022,0.0,0.0,0.0,0.0,0.0,0.0,0.06433438708583727,0.006705938969869346,0.027301512749189523,0.0,0.0,0.0,-0.03507992166939397,0.0025122502433267886,3.124311726884022,0.0,0.0,0.0,0.0,0.0,0.0,zero,0.0,0.0,0.0,0.0,0.06433438708583727,0.006705938969869346,0.027301512749189523,257.0680953649387,-98.98234578415803,-3.717570293819881,1,0.008411407470703125,,,,,,,,,,,,,,,,,,,,,,2.3446254469999985,2,radio://0/80/2M/E7E7E7E702,0.0,aborted,cf5 起飞前预检失败（电压或 EKF 对齐）,0.0,0.0,0.0,0,0.0,global_abort:cf5 起飞前预检失败（电压或 EKF 对齐）,,,,,
2.3446254469999985,1788684527.0390103,control,aborted,1,1,0.007861422999667411,4.122580528259277,4122.0,0,90.0,2.280891724999492,4.122580528259277,1,1,0,1.0187793716120355,-0.3136778771877289,0.31572479009628296,0.04021156579256058,-0.10131115466356277,-0.08701115846633911,-0.07297234237194061,-320.1293029785156,-285.4498291015625,-203.17349243164062,0.07807803153991699,2.6414597034454346,-0.09233802556991577,-0.006098917770841559,-0.011200083252672868,-0.5957013359200394,-0.3136778771877289,0.31572479009628296,0.04021156579256058,-0.5957013359200394,0.0,0.0,0.0,0.0,0.0,0.0,0.0051405443827850505,0.0005677091874766588,-0.04654784281390484,0.0,0.0,0.0,-0.006098917770841559,-0.011200083252672868,-0.5957013359200394,0.0,0.0,0.0,0.0,0.0,0.0,zero,0.0,0.0,0.0,0.0,0.0051405443827850505,0.0005677091874766588,-0.04654784281390484,1156.561182766731,327.38106089071704,315.65434472606154,1,0.008593082427978516,,,,,,,,,,,,,,,,,,,,,,2.3446254469999985,4,radio://0/80/2M/E7E7E7E704,2.0943951023931953,aborted,cf5 起飞前预检失败（电压或 EKF 对齐）,0.0,0.0,0.0,0,0.0,global_abort:cf5 起飞前预检失败（电压或 EKF 对齐）,,,,,
2.3446254469999985,1788684527.039124,control,aborted,1,1,0.007308650999220845,3.763636350631714,3763.0,0,10.0,2.2531701689995316,nan,1,0,1,1.0,-0.2866787910461426,-0.44403907656669617,0.035617947578430176,-0.1192636638879776,0.11965001374483109,-0.11079880595207214,-259.154052734375,337.5860595703125,-287.6704406738281,-0.5886090993881226,-5.963064670562744,0.2510737180709839,-0.0040566682812952955,-0.04978937309099668,0.968463827124667,-0.2866787910461426,-0.44403907656669617,0.035617947578430176,0.968463827124667,0.0,0.0,0.0,0.0,0.0,0.0,-0.06218946184083925,0.041789229368389504,-0.03997397873396388,0.0,0.0,0.0,-0.0040566682812952955,-0.04978937309099668,0.968463827124667,0.0,0.0,0.0,0.0,0.0,0.0,zero,0.0,0.0,0.0,0.0,-0.06218946184083925,0.041789229368389504,-0.03997397873396388,-116.8456353585044,330.6821701236722,-92.37676269937806,1,0.008706808090209961,,,,,,,,,,,,,,,,,,,,,,2.3446254469999985,5,radio://0/80/2M/E7E7E7E705,4.1887902047863905,aborted,cf5 起飞前预检失败（电压或 EKF 对齐）,0.0,0.0,0.0,0,0.0,global_abort:cf5 起飞前预检失败（电压或 EKF 对齐）,,,,,
2.3589098310003465,1788684527.0530746,control,aborted,1,1,0.0005396750002546469,4.170087814331055,4170.0,0,90.0,2.325572447999548,4.170087814331055,1,1,0,1.0071730349577168,0.3747163712978363,0.0036522659938782454,0.045855019241571426,-0.04806338995695114,0.15691673755645752,-0.12158356606960297,-235.10543823242188,484.7811279296875,-422.2334289550781,0.6004911065101624,2.998972177505493,-1.4605705738067627,-0.03377260279881963,0.002738717074800957,3.1246536035352155,0.3747163712978363,0.0036522659938782454,0.045855019241571426,3.1246536035352155,0.0,0.0,0.0,0.0,0.0,0.0,0.019880322344517736,0.07373189862027445,-0.039373269694875326,0.0,0.0,0.0,-0.03377260279881963,0.002738717074800957,3.1246536035352155,0.0,0.0,0.0,0.0,0.0,0.0,zero,0.0,0.0,0.0,0.0,0.019880322344517736,0.07373189862027445,-0.039373269694875326,-2.0808886037384404,3.137475873190995,-3.1210373168785757,1,0.0012943744659423828,,,,,,,,,,,,,,,,,,,,,,2.3589098310003465,2,radio://0/80/2M/E7E7E7E702,0.0,aborted,cf5 起飞前预检失败（电压或 EKF 对齐）,0.0,0.0,0.0,0,0.0,global_abort:cf5 起飞前预检失败（电压或 EKF 对齐）,,,,,
2.3589098310003465,1788684527.0532165,control,aborted,1,1,0.0009359400000903406,4.122580528259277,4122.0,0,90.0,2.29517610899984,4.122580528259277,1,1,0,1.0187793716120355,-0.3136656582355499,0.3157399594783783,0.04022470861673355,-0.08093453198671341,-0.06946691125631332,-0.05825483053922653,-255.91268920898438,-228.19561767578125,-162.40101623535156,0.0632571429014206,2.106396198272705,-0.07612818479537964,-0.0060112940806613165,-0.01192483116223451,-0.5959380833649534,-0.3136656582355499,0.3157399594783783,0.04022470861673355,-0.5959380833649534,0.0,0.0,0.0,0.0,0.0,0.0,-0.015505040477726578,-0.025439086357298014,-0.04638181781806035,0.0,0.0,0.0,-0.0060112940806613165,-0.01192483116223451,-0.5959380833649534,0.0,0.0,0.0,0.0,0.0,0.0,zero,0.0,0.0,0.0,0.0,-0.015505040477726578,-0.025439086357298014,-0.04638181781806035,-0.9664169633023824,-1.2173744917093243,0.0077716070239895055,1,0.0014362335205078125,,,,,,,,,,,,,,,,,,,,,,2.3589098310003465,4,radio://0/80/2M/E7E7E7E704,2.0943951023931953,aborted,cf5 起飞前预检失败（电压或 EKF 对齐）,0.0,0.0,0.0,0,0.0,global_abort:cf5 起飞前预检失败（电压或 EKF 对齐）,,,,,
2.3589098310003465,1788684527.0533276,control,aborted,1,1,0.0007001510002737632,3.763636350631714,3763.0,0,10.0,2.2674545529998795,nan,1,0,1,1.0,-0.2866741120815277,-0.4440547525882721,0.03567611426115036,-0.09536713361740112,0.09557325392961502,-0.08809448033571243,-207.09951782226562,269.84344482421875,-229.92379760742188,-0.4734315872192383,-4.757309913635254,0.20292869210243225,-0.004339001665122243,-0.048384703579368436,0.9686791861013143,-0.2866741120815277,-0.4440547525882721,0.03567611426115036,0.9686791861013143,0.0,0.0,0.0,0.0,0.0,0.0,-0.08217074429615269,0.07188061760971738,-0.06478807908413117,0.0,0.0,0.0,-0.004339001665122243,-0.048384703579368436,0.9686791861013143,0.0,0.0,0.0,0.0,0.0,0.0,zero,0.0,0.0,0.0,0.0,-0.08217074429615269,0.07188061760971738,-0.06478807908413117,-0.9353210598691003,1.4085737092078892,-1.1615445951040486,1,0.0015473365783691406,,,,,,,,,,,,,,,,,,,,,,2.3589098310003465,5,radio://0/80/2M/E7E7E7E705,4.1887902047863905,aborted,cf5 起飞前预检失败（电压或 EKF 对齐）,0.0,0.0,0.0,0,0.0,global_abort:cf5 起飞前预检失败（电压或 EKF 对齐）,,,,,
2.373190538000017,1788684527.067381,control,aborted,1,1,0.007313976999284932,4.170087814331055,4170.0,0,90.0,2.3398531549992185,4.170087814331055,1,1,0,1.0071730349577168,0.37473151087760925,0.003640650538727641,0.04581470787525177,-0.08129030466079712,0.027266159653663635,-0.05772508680820465,-260.8434753417969,60.29254150390625,-166.5216827392578,0.6637012958526611,4.592001438140869,-1.416182041168213,-0.03441561631299727,0.002716053007692483,3.1246245406567397,0.37473151087760925,0.003640650538727641,0.04581470787525177,3.1246245406567397,0.0,0.0,0.0,0.0,0.0,0.0,-0.047857738048480654,0.17293067510669888,-0.13793945249784878,0.0,0.0,0.0,-0.03441561631299727,0.002716053007692483,3.1246245406567397,0.0,0.0,0.0,0.0,0.0,0.0,zero,0.0,0.0,0.0,0.0,-0.047857738048480654,0.17293067510669888,-0.13793945249784878,-426.8320589425959,625.0675329520591,-621.082963092068,1,0.008249759674072266,,,,,,,,,,,,,,,,,,,,,,2.373190538000017,2,radio://0/80/2M/E7E7E7E702,0.0,aborted,cf5 起飞前预检失败（电压或 EKF 对齐）,0.0,0.0,0.0,0,0.0,global_abort:cf5 起飞前预检失败（电压或 EKF 对齐）,,,,,
2.373190538000017,1788684527.0675316,control,aborted,1,1,0.007143709999581915,4.122580528259277,4122.0,0,90.0,2.3094568159995106,4.122580528259277,1,1,0,1.0187793716120355,-0.3137042224407196,0.3157394528388977,0.04023588448762894,-0.1776408702135086,0.010942172259092331,0.0809466615319252,-449.20550537109375,23.735275268554688,220.79104614257812,1.312920093536377,2.177654981613159,1.7978533506393433,-0.006534143066456466,-0.011818162082731792,-0.5948878644105071,-0.3137042224407196,0.3157394528388977,0.04023588448762894,-0.5948878644105071,0.0,0.0,0.0,0.0,0.0,0.0,-0.05270400245572261,-0.06591605319572016,-0.04830405942271636,0.0,0.0,0.0,-0.006534143066456466,-0.011818162082731792,-0.5948878644105071,0.0,0.0,0.0,0.0,0.0,0.0,zero,0.0,0.0,0.0,0.0,-0.05270400245572261,-0.06591605319572016,-0.04830405942271636,-234.4018898064282,-255.05213426474137,-12.110139343624406,1,0.008400440216064453,,,,,,,,,,,,,,,,,,,,,,2.373190538000017,4,radio://0/80/2M/E7E7E7E704,2.0943951023931953,aborted,cf5 起飞前预检失败（电压或 EKF 对齐）,0.0,0.0,0.0,0,0.0,global_abort:cf5 起飞前预检失败（电压或 EKF 对齐）,,,,,
2.373190538000017,1788684527.0676405,control,aborted,1,1,0.0066923989998031175,3.763636350631714,3763.0,0,10.0,2.28173525999955,nan,1,0,1,1.0,-0.2866290807723999,-0.4439990222454071,0.03567169979214668,0.08165578544139862,0.3128291368484497,0.007464509457349777,267.41033935546875,772.0382080078125,52.05511474609375,2.114860773086548,1.9046003818511963,0.8629559874534607,-0.0036737992595089093,-0.048655708635904564,0.9685914768533401,-0.2866290807723999,-0.4439990222454071,0.03567169979214668,0.9685914768533401,0.0,0.0,0.0,0.0,0.0,0.0,-0.10993064412018158,0.1141546325827723,-0.1003882409612821,0.0,0.0,0.0,-0.0036737992595089093,-0.048655708635904564,0.9685914768533401,0.0,0.0,0.0,0.0,0.0,0.0,zero,0.0,0.0,0.0,0.0,-0.10993064412018158,0.1141546325827723,-0.1003882409612821,-174.9157654749968,266.37944626881557,-224.32071914699304,1,0.008509397506713867,,,,,,,,,,,,,,,,,,,,,,2.373190538000017,5,radio://0/80/2M/E7E7E7E705,4.1887902047863905,aborted,cf5 起飞前预检失败（电压或 EKF 对齐）,0.0,0.0,0.0,0,0.0,global_abort:cf5 起飞前预检失败（电压或 EKF 对齐）,,,,,
2.3875819130007585,1788684527.0817733,control,aborted,1,1,0.001774868000211427,4.170087814331055,4170.0,0,90.0,2.35424452999996,4.170087814331055,1,1,0,1.0071730349577168,0.37476950883865356,0.0036775199696421623,0.0458517000079155,-0.04514789953827858,0.028569428250193596,-0.04244907200336456,-162.3356475830078,40.09599685668945,-105.77938842773438,0.5343790650367737,2.991370677947998,-0.9854913353919983,-0.03465242368741397,0.0020071205112062976,3.125078593620964,0.37476950883865356,0.0036775199696421623,0.0458517000079155,3.125078593620964,0.0,0.0,0.0,0.0,0.0,0.0,-0.08390310422587335,0.09548296188056224,-0.10333335000266608,0.0,0.0,0.0,-0.03465242368741397,0.0020071205112062976,3.125078593620964,0.0,0.0,0.0,0.0,0.0,0.0,zero,0.0,0.0,0.0,0.0,-0.08390310422587335,0.09548296188056224,-0.10333335000266608,-19.774663118374463,-42.58533842855216,19.049020922962445,1,0.002336263656616211,,,,,,,,,,,,,,,,,,,,,,2.3875819130007585,2,radio://0/80/2M/E7E7E7E702,0.0,aborted,cf5 起飞前预检失败（电压或 EKF 对齐）,0.0,0.0,0.0,0,0.0,global_abort:cf5 起飞前预检失败（电压或 EKF 对齐）,,,,,
2.3875819130007585,1788684527.0819218,control,aborted,1,1,0.001968343000044115,4.122580528259277,4122.0,0,90.0,2.323848191000252,4.122580528259277,1,1,0,1.0187793716120355,-0.31366685032844543,0.3157710134983063,0.04018711298704147,-0.12117834389209747,0.01317979022860527,0.05729158967733383,-282.63812255859375,16.161720275878906,139.65780639648438,0.8433506488800049,1.5767406225204468,1.2176319360733032,-0.0060649949741704385,-0.011316481869380344,-0.595444908065736,-0.31366685032844543,0.3157710134983063,0.04018711298704147,-0.595444908065736,0.0,0.0,0.0,0.0,0.0,0.0,-0.14005686669018558,-0.025929922159856754,0.03214696891737611,0.0,0.0,0.0,-0.0060649949741704385,-0.011316481869380344,-0.595444908065736,0.0,0.0,0.0,0.0,0.0,0.0,zero,0.0,0.0,0.0,0.0,-0.14005686669018558,-0.025929922159856754,0.03214696891737611,-47.96796712744751,21.986627263109103,44.20326797908693,1,0.0024847984313964844,,,,,,,,,,,,,,,,,,,,,,2.3875819130007585,4,radio://0/80/2M/E7E7E7E704,2.0943951023931953,aborted,cf5 起飞前预检失败（电压或 EKF 对齐）,0.0,0.0,0.0,0,0.0,global_abort:cf5 起飞前预检失败（电压或 EKF 对齐）,,,,,
2.3875819130007585,1788684527.08203,control,aborted,1,1,0.0015689589999965392,3.763636350631714,3763.0,0,10.0,2.2961266350002916,nan,1,0,1,1.0,-0.286601722240448,-0.44405218958854675,0.03562569245696068,0.06499908864498138,0.1898248940706253,-0.002862452995032072,171.002197265625,479.9651184082031,31.33746337890625,1.3014880418777466,1.5472242832183838,0.7169948816299438,-0.004106879883523217,-0.04811285813740822,0.9690874718037049,-0.286601722240448,-0.44405218958854675,0.03562569245696068,0.9690874718037049,0.0,0.0,0.0,0.0,0.0,0.0,0.010850249188014846,0.23445556165635614,-0.03435503768985462,0.0,0.0,0.0,-0.004106879883523217,-0.04811285813740822,0.9690874718037049,0.0,0.0,0.0,0.0,0.0,0.0,zero,0.0,0.0,0.0,0.0,0.010850249188014846,0.23445556165635614,-0.03435503768985462,66.36796166339428,66.06838513960606,36.29023303993551,1,0.0025930404663085938,,,,,,,,,,,,,,,,,,,,,,2.3875819130007585,5,radio://0/80/2M/E7E7E7E705,4.1887902047863905,aborted,cf5 起飞前预检失败（电压或 EKF 对齐）,0.0,0.0,0.0,0,0.0,global_abort:cf5 起飞前预检失败（电压或 EKF 对齐）,,,,,
2.4017868999999337,1788684527.095984,control,aborted,1,1,0.007119450999198307,4.170087814331055,4170.0,0,90.0,2.368449516999135,4.170087814331055,1,1,0,1.0071730349577168,0.37471720576286316,0.0036515078973025084,0.04581671580672264,-0.037282176315784454,0.02227671816945076,-0.034737732261419296,-129.6934814453125,31.936771392822266,-84.45191955566406,0.4222989082336426,2.390779733657837,-0.8025497198104858,-0.03488753433874467,0.0018809434213738856,3.1244464035365875,0.37471720576286316,0.0036515078973025084,0.04581671580672264,3.1244464035365875,0.0,0.0,0.0,0.0,0.0,0.0,-0.08958965107661482,0.06538625682350781,-0.08615635129224376,0.0,0.0,0.0,-0.03488753433874467,0.0018809434213738856,3.1244464035365875,0.0,0.0,0.0,0.0,0.0,0.0,zero,0.0,0.0,0.0,0.0,-0.08958965107661482,0.06538625682350781,-0.08615635129224376,-0.6326889013277184,-3.348578980519487,1.9111240489978027,1,0.007559061050415039,,,,,,,,,,,,,,,,,,,,,,2.4017868999999337,2,radio://0/80/2M/E7E7E7E702,0.0,aborted,cf5 起飞前预检失败（电压或 EKF 对齐）,0.0,0.0,0.0,0,0.0,global_abort:cf5 起飞前预检失败（电压或 EKF 对齐）,,,,,
2.4017868999999337,1788684527.0961335,control,aborted,1,1,0.006942901000002166,4.122580528259277,4122.0,0,90.0,2.338053177999427,4.122580528259277,1,1,0,1.0187793716120355,-0.3136571943759918,0.3157620429992676,0.04021959379315376,-0.09672781080007553,0.010344219394028187,0.04655603691935539,-225.56642150878906,12.866278648376465,111.48735809326172,0.6580398082733154,1.2475210428237915,0.9597519636154175,-0.00680536477420047,-0.011943994822083194,-0.5960859578766754,-0.3136571943759918,0.3157620429992676,0.04021959379315376,-0.5960859578766754,0.0,0.0,0.0,0.0,0.0,0.0,-0.16195211000836957,-0.010262989180451126,0.057477701067958104,0.0,0.0,0.0,-0.00680536477420047,-0.011943994822083194,-0.5960859578766754,0.0,0.0,0.0,0.0,0.0,0.0,zero,0.0,0.0,0.0,0.0,-0.16195211000836957,-0.010262989180451126,0.057477701067958104,-2.436079012956453,1.7431131535692328,2.8183137350022456,1,0.007708549499511719,,,,,,,,,,,,,,,,,,,,,,2.4017868999999337,4,radio://0/80/2M/E7E7E7E704,2.0943951023931953,aborted,cf5 起飞前预检失败（电压或 EKF 对齐）,0.0,0.0,0.0,0,0.0,global_abort:cf5 起飞前预检失败（电压或 EKF 对齐）,,,,,
2.4017868999999337,1788684527.0963643,control,aborted,1,1,0.006734891999258252,3.763636350631714,3763.0,0,10.0,2.3103316219994667,nan,1,0,1,1.0,-0.28661680221557617,-0.44405290484428406,0.03561703860759735,0.051663707941770554,0.15184400975704193,-0.0024825292639434338,136.50502014160156,383.126953125,25.07842445373535,1.0554273128509521,1.225477933883667,0.5529834032058716,-0.0034223240479305138,-0.048669167665416235,0.9681621853828917,-0.28661680221557617,-0.44405290484428406,0.03561703860759735,0.9681621853828917,0.0,0.0,0.0,0.0,0.0,0.0,0.05065083287602938,0.26321105892065033,-0.011867480083983695,0.0,0.0,0.0,-0.0034223240479305138,-0.048669167665416235,0.9681621853828917,0.0,0.0,0.0,0.0,0.0,0.0,zero,0.0,0.0,0.0,0.0,0.05065083287602938,0.26321105892065033,-0.011867480083983695,4.428238828717017,3.199355329132001,2.5019802858648963,1,0.007939338684082031,,,,,,,,,,,,,,,,,,,,,,2.4017868999999337,5,radio://0/80/2M/E7E7E7E705,4.1887902047863905,aborted,cf5 起飞前预检失败（电压或 EKF 对齐）,0.0,0.0,0.0,0,0.0,global_abort:cf5 起飞前预检失败（电压或 EKF 对齐）,,,,,
2.4161485610002273,1788684527.1103394,control,aborted,1,1,0.0008770969998295186,4.170087814331055,4170.0,0,90.0,2.3828111779994288,4.170087814331055,1,1,0,1.0071730349577168,0.37474286556243896,0.003638091729953885,0.04581710323691368,-0.02334773913025856,0.013968631625175476,-0.022226471453905106,-82.76290130615234,20.295555114746094,-53.83422088623047,0.26806288957595825,1.5237858295440674,-0.4958612620830536,-0.034885346927869904,0.0018567250741596596,3.1253482759872764,0.37474286556243896,0.003638091729953885,0.04581710323691368,3.1253482759872764,0.0,0.0,0.0,0.0,0.0,0.0,-0.07337517574573225,0.027284585808862977,-0.05388194002359027,0.0,0.0,0.0,-0.034885346927869904,0.0018567250741596596,3.1253482759872764,0.0,0.0,0.0,0.0,0.0,0.0,zero,0.0,0.0,0.0,0.0,-0.07337517574573225,0.027284585808862977,-0.05388194002359027,1.074678700913049,-1.5113399520580528,1.4768790738429352,1,0.0012273788452148438,,,,,,,,,,,,,,,,,,,,,,2.4161485610002273,2,radio://0/80/2M/E7E7E7E702,0.0,aborted,cf5 起飞前预检失败（电压或 EKF 对齐）,0.0,0.0,0.0,0,0.0,global_abort:cf5 起飞前预检失败（电压或 EKF 对齐）,,,,,
2.4161485610002273,1788684527.1104832,control,aborted,1,1,0.0003094969997619046,4.122580528259277,4122.0,0,90.0,2.352414838999721,4.122580528259277,1,1,0,1.0187793716120355,-0.3136395215988159,0.31577402353286743,0.040241699665784836,-0.06156067177653313,0.0069991592317819595,0.030235053971409798,-143.7572784423828,8.180584907531738,71.07256317138672,0.4420454502105713,0.8177133202552795,0.6158303618431091,-0.005755535317393328,-0.010792866405085958,-0.595886228387737,-0.3136395215988159,0.31577402353286743,0.040241699665784836,-0.595886228387737,0.0,0.0,0.0,0.0,0.0,0.0,-0.15116577031264194,0.008259755909633576,0.07043666648894828,0.0,0.0,0.0,-0.005755535317393328,-0.010792866405085958,-0.595886228387737,0.0,0.0,0.0,0.0,0.0,0.0,zero,0.0,0.0,0.0,0.0,-0.15116577031264194,0.008259755909633576,0.07043666648894828,1.1989311769892297,0.6836673562133986,0.12133927196999304,1,0.001371145248413086,,,,,,,,,,,,,,,,,,,,,,2.4161485610002273,4,radio://0/80/2M/E7E7E7E704,2.0943951023931953,aborted,cf5 起飞前预检失败（电压或 EKF 对齐）,0.0,0.0,0.0,0,0.0,global_abort:cf5 起飞前预检失败（电压或 EKF 对齐）,,,,,
2.4161485610002273,1788684527.1106298,control,aborted,1,1,0.0005714179997085012,3.763636350631714,3763.0,0,10.0,2.3246932829997604,nan,1,0,1,1.0,-0.2866959273815155,-0.44407594203948975,0.03558298200368881,0.03183978050947189,0.09675903618335724,-0.002258807420730591,87.02574920654297,244.25404357910156,16.052377700805664,0.6796542406082153,0.7873568534851074,0.3522737920284271,-0.003363568511751276,-0.048800407332329994,0.9680976726750253,-0.2866959273815155,-0.44407594203948975,0.03558298200368881,0.9680976726750253,0.0,0.0,0.0,0.0,0.0,0.0,0.07810549086614335,0.2388927464507979,0.007860319744179962,0.0,0.0,0.0,-0.003363568511751276,-0.048800407332329994,0.9680976726750253,0.0,0.0,0.0,0.0,0.0,0.0,zero,0.0,0.0,0.0,0.0,0.07810549086614335,0.2388927464507979,0.007860319744179962,0.60635707434642,-2.1733780895790744,0.620258982370914,1,0.0015177726745605469,,,,,,,,,,,,,,,,,,,,,,2.4161485610002273,5,radio://0/80/2M/E7E7E7E705,4.1887902047863905,aborted,cf5 起飞前预检失败（电压或 EKF 对齐）,0.0,0.0,0.0,0,0.0,global_abort:cf5 起飞前预检失败（电压或 EKF 对齐）,,,,,
2.43045294500007,1788684527.124655,control,aborted,1,1,0.015181480999672203,4.170087814331055,4170.0,0,90.0,2.3971155619992714,4.170087814331055,1,1,0,1.0071730349577168,0.37474286556243896,0.003638091729953885,0.04581710323691368,-0.02334773913025856,0.013968631625175476,-0.022226471453905106,-82.76290130615234,20.295555114746094,-53.83422088623047,0.26806288957595825,1.5237858295440674,-0.4958612620830536,-0.034885346927869904,0.0018567250741596596,3.1253482759872764,0.37474286556243896,0.003638091729953885,0.04581710323691368,3.1253482759872764,0.0,0.0,0.0,0.0,0.0,0.0,-0.07337517574573225,0.027284585808862977,-0.05388194002359027,0.0,0.0,0.0,-0.034885346927869904,0.0018567250741596596,3.1253482759872764,0.0,0.0,0.0,0.0,0.0,0.0,zero,0.0,0.0,0.0,0.0,-0.07337517574573225,0.027284585808862977,-0.05388194002359027,1.074678700913049,-1.5113399520580528,1.4768790738429352,1,0.015542984008789062,,,,,,,,,,,,,,,,,,,,,,2.43045294500007,2,radio://0/80/2M/E7E7E7E702,0.0,aborted,cf5 起飞前预检失败（电压或 EKF 对齐）,0.0,0.0,0.0,0,0.0,global_abort:cf5 起飞前预检失败（电压或 EKF 对齐）,,,,,
2.43045294500007,1788684527.1248045,control,aborted,1,1,0.01461388099960459,4.122580528259277,4122.0,0,90.0,2.3667192229995635,4.122580528259277,1,1,0,1.0187793716120355,-0.3136395215988159,0.31577402353286743,0.040241699665784836,-0.06156067177653313,0.0069991592317819595,0.030235053971409798,-143.7572784423828,8.180584907531738,71.07256317138672,0.4420454502105713,0.8177133202552795,0.6158303618431091,-0.005755535317393328,-0.010792866405085958,-0.595886228387737,-0.3136395215988159,0.31577402353286743,0.040241699665784836,-0.595886228387737,0.0,0.0,0.0,0.0,0.0,0.0,-0.15116577031264194,0.008259755909633576,0.07043666648894828,0.0,0.0,0.0,-0.005755535317393328,-0.010792866405085958,-0.595886228387737,0.0,0.0,0.0,0.0,0.0,0.0,zero,0.0,0.0,0.0,0.0,-0.15116577031264194,0.008259755909633576,0.07043666648894828,1.1989311769892297,0.6836673562133986,0.12133927196999304,1,0.015692472457885742,,,,,,,,,,,,,,,,,,,,,,2.43045294500007,4,radio://0/80/2M/E7E7E7E704,2.0943951023931953,aborted,cf5 起飞前预检失败（电压或 EKF 对齐）,0.0,0.0,0.0,0,0.0,global_abort:cf5 起飞前预检失败（电压或 EKF 对齐）,,,,,
2.43045294500007,1788684527.1249135,control,aborted,1,1,0.014875801999551186,3.763636350631714,3763.0,0,10.0,2.338997666999603,nan,1,0,1,1.0,-0.2866959273815155,-0.44407594203948975,0.03558298200368881,0.03183978050947189,0.09675903618335724,-0.002258807420730591,87.02574920654297,244.25404357910156,16.052377700805664,0.6796542406082153,0.7873568534851074,0.3522737920284271,-0.003363568511751276,-0.048800407332329994,0.9680976726750253,-0.2866959273815155,-0.44407594203948975,0.03558298200368881,0.9680976726750253,0.0,0.0,0.0,0.0,0.0,0.0,0.07810549086614335,0.2388927464507979,0.007860319744179962,0.0,0.0,0.0,-0.003363568511751276,-0.048800407332329994,0.9680976726750253,0.0,0.0,0.0,0.0,0.0,0.0,zero,0.0,0.0,0.0,0.0,0.07810549086614335,0.2388927464507979,0.007860319744179962,0.60635707434642,-2.1733780895790744,0.620258982370914,1,0.015801429748535156,,,,,,,,,,,,,,,,,,,,,,2.43045294500007,5,radio://0/80/2M/E7E7E7E705,4.1887902047863905,aborted,cf5 起飞前预检失败（电压或 EKF 对齐）,0.0,0.0,0.0,0,0.0,global_abort:cf5 起飞前预检失败（电压或 EKF 对齐）,,,,,
2.4450067800007673,1788684527.1391833,control,aborted,1,1,0.009232771000824869,4.170087814331055,4170.0,0,90.0,2.4116693969999687,4.170087814331055,1,1,0,1.0071730349577168,0.37474748492240906,0.0036533570382744074,0.0458204559981823,0.026013214141130447,-0.0029203109443187714,-0.06899063289165497,-2.5244369506835938,-3.1090402603149414,-92.35231018066406,0.12388871610164642,1.5448802709579468,-0.5467449426651001,-0.0343377613285644,0.003072085999576126,3.124855171606388,0.37474748492240906,0.0036533570382744074,0.0458204559981823,3.124855171606388,0.0,0.0,0.0,0.0,0.0,0.0,-0.021186191095308476,0.006088231879216633,-0.015786380136105588,0.0,0.0,0.0,-0.0343377613285644,0.003072085999576126,3.124855171606388,0.0,0.0,0.0,0.0,0.0,0.0,zero,0.0,0.0,0.0,0.0,-0.021186191095308476,0.006088231879216633,-0.015786380136105588,144.93176063278344,-58.86218995705126,105.78925271106979,1,0.010049819946289062,,,,,,,,,,,,,,,,,,,,,,2.4450067800007673,2,radio://0/80/2M/E7E7E7E702,0.0,aborted,cf5 起飞前预检失败（电压或 EKF 对齐）,0.0,0.0,0.0,0,0.0,global_abort:cf5 起飞前预检失败（电压或 EKF 对齐）,,,,,
2.4450067800007673,1788684527.139333,control,aborted,1,1,0.0002677649999895948,4.122580528259277,4122.0,0,90.0,2.381273058000261,4.122580528259277,1,1,0,1.0187793716120355,-0.31368350982666016,0.315782368183136,0.04023188725113869,-0.01608370617032051,0.03264732286334038,0.07441692054271698,-46.08073425292969,35.75295639038086,98.58216857910156,-0.8852818012237549,1.3876198530197144,0.1696600764989853,-0.006689133014452063,-0.011242020632675634,-0.5960642374109786,-0.31368350982666016,0.315782368183136,0.04023188725113869,-0.5960642374109786,0.0,0.0,0.0,0.0,0.0,0.0,-0.032582357408187504,0.014254631032609794,0.02896156278835388,0.0,0.0,0.0,-0.006689133014452063,-0.011242020632675634,-0.5960642374109786,0.0,0.0,0.0,0.0,0.0,0.0,zero,0.0,0.0,0.0,0.0,-0.032582357408187504,0.014254631032609794,0.02896156278835388,3.148986041406662,0.34469976632772953,-0.5592208115943625,1,0.0008361339569091797,,,,,,,,,,,,,,,,,,,,,,2.4450067800007673,4,radio://0/80/2M/E7E7E7E704,2.0943951023931953,aborted,cf5 起飞前预检失败（电压或 EKF 对齐）,0.0,0.0,0.0,0,0.0,global_abort:cf5 起飞前预检失败（电压或 EKF 对齐）,,,,,
2.4450067800007673,1788684527.1394935,control,aborted,1,1,0.008410852000451996,3.763636350631714,3763.0,0,10.0,2.3535515020003004,nan,1,0,1,1.0,-0.2867037355899811,-0.4440537393093109,0.03562808409333229,-0.022724494338035583,0.05958674103021622,0.03239831328392029,1.3285102844238281,135.93699645996094,48.4124755859375,-1.0624006986618042,0.748600959777832,-0.30483919382095337,-0.004833238804943287,-0.0504749091142551,0.9681554048024418,-0.2867037355899811,-0.4440537393093109,0.03562808409333229,0.9681554048024418,0.0,0.0,0.0,0.0,0.0,0.0,0.039608744718462666,0.09582086802460799,0.0025503937106348823,0.0,0.0,0.0,-0.004833238804943287,-0.0504749091142551,0.9681554048024418,0.0,0.0,0.0,0.0,0.0,0.0,zero,0.0,0.0,0.0,0.0,0.039608744718462666,0.09582086802460799,0.0025503937106348823,-106.9102948134709,-397.3159315097468,-14.745027275275886,1,0.010360002517700195,,,,,,,,,,,,,,,,,,,,,,2.4450067800007673,5,radio://0/80/2M/E7E7E7E705,4.1887902047863905,aborted,cf5 起飞前预检失败（电压或 EKF 对齐）,0.0,0.0,0.0,0,0.0,global_abort:cf5 起飞前预检失败（电压或 EKF 对齐）,,,,,
2.458920345000479,1788684527.1531043,control,aborted,1,1,0.013308413999766344,4.170087814331055,4170.0,0,90.0,2.4255829619996803,4.170087814331055,1,1,0,1.0071730349577168,0.374734103679657,0.0036454820074141026,0.045824505388736725,0.020524729043245316,-0.0025044712238013744,-0.05510600656270981,-2.136791944503784,-2.478349208831787,-73.58525085449219,0.1082579717040062,1.2217947244644165,-0.4328644275665283,-0.033908919869155965,0.0024191953654072854,3.125089718014017,0.374734103679657,0.0036454820074141026,0.045824505388736725,3.125089718014017,0.0,0.0,0.0,0.0,0.0,0.0,-0.002179380747375944,-0.0004938558082965786,-0.009997591561383638,0.0,0.0,0.0,-0.033908919869155965,0.0024191953654072854,3.125089718014017,0.0,0.0,0.0,0.0,0.0,0.0,zero,0.0,0.0,0.0,0.0,-0.002179380747375944,-0.0004938558082965786,-0.009997591561383638,2.0299019853226086,-0.7029581828759558,0.6182348960891852,1,0.014607429504394531,,,,,,,,,,,,,,,,,,,,,,2.458920345000479,2,radio://0/80/2M/E7E7E7E702,0.0,aborted,cf5 起飞前预检失败（电压或 EKF 对齐）,0.0,0.0,0.0,0,0.0,global_abort:cf5 起飞前预检失败（电压或 EKF 对齐）,,,,,
2.458920345000479,1788684527.1532578,control,aborted,1,1,0.01418132999970112,4.122580528259277,4122.0,0,90.0,2.3951866229999723,4.122580528259277,1,1,0,1.0187793716120355,-0.31368350982666016,0.315782368183136,0.04023188725113869,-0.01608370617032051,0.03264732286334038,0.07441692054271698,-46.08073425292969,35.75295639038086,98.58216857910156,-0.8852818012237549,1.3876198530197144,0.1696600764989853,-0.006689133014452063,-0.011242020632675634,-0.5960642374109786,-0.31368350982666016,0.315782368183136,0.04023188725113869,-0.5960642374109786,0.0,0.0,0.0,0.0,0.0,0.0,-0.032582357408187504,0.014254631032609794,0.02896156278835388,0.0,0.0,0.0,-0.006689133014452063,-0.011242020632675634,-0.5960642374109786,0.0,0.0,0.0,0.0,0.0,0.0,zero,0.0,0.0,0.0,0.0,-0.032582357408187504,0.014254631032609794,0.02896156278835388,3.148986041406662,0.34469976632772953,-0.5592208115943625,1,0.014760971069335938,,,,,,,,,,,,,,,,,,,,,,2.458920345000479,4,radio://0/80/2M/E7E7E7E704,2.0943951023931953,aborted,cf5 起飞前预检失败（电压或 EKF 对齐）,0.0,0.0,0.0,0,0.0,global_abort:cf5 起飞前预检失败（电压或 EKF 对齐）,,,,,
2.458920345000479,1788684527.1533706,control,aborted,1,1,0.013084733999676246,3.763636350631714,3763.0,0,10.0,2.367465067000012,nan,1,0,1,1.0,-0.2866317629814148,-0.44403576850891113,0.03567501902580261,-0.016642151400446892,0.04805327579379082,0.02692125178873539,1.1927363872528076,108.50321960449219,38.61298370361328,-0.8388744592666626,0.6260541081428528,-0.23924820125102997,-0.004326638093630251,-0.04920186129963388,0.9683662583177435,-0.2866317629814148,-0.44403576850891113,0.03567501902580261,0.9683662583177435,0.0,0.0,0.0,0.0,0.0,0.0,0.02256688801359772,0.051558535658416865,0.003677101733997378,0.0,0.0,0.0,-0.004326638093630251,-0.04920186129963388,0.9683662583177435,0.0,0.0,0.0,0.0,0.0,0.0,zero,0.0,0.0,0.0,0.0,0.02256688801359772,0.051558535658416865,0.003677101733997378,-1.8200475579823763,-4.727158039692534,0.12033091358494154,1,0.014873743057250977,,,,,,,,,,,,,,,,,,,,,,2.458920345000479,5,radio://0/80/2M/E7E7E7E705,4.1887902047863905,aborted,cf5 起飞前预检失败（电压或 EKF 对齐）,0.0,0.0,0.0,0,0.0,global_abort:cf5 起飞前预检失败（电压或 EKF 对齐）,,,,,
2.4731983110004876,1788684527.1674283,control,aborted,1,1,0.008473949000290304,4.170087814331055,4170.0,0,90.0,2.439860927999689,4.170087814331055,1,1,0,1.0071730349577168,0.37471839785575867,0.003712054807692766,0.04587719962000847,0.016263887286186218,-0.0013427750673145056,-0.04356176406145096,-1.751726746559143,-1.9711483716964722,-58.75361251831055,0.07756070047616959,0.9835350513458252,-0.3494051992893219,-0.034821140816275825,0.003022530345107484,3.12475510110516,0.37471839785575867,0.003712054807692766,0.04587719962000847,3.12475510110516,0.0,0.0,0.0,0.0,0.0,0.0,0.014305158691490079,-0.0032835712642486246,-0.030012261117491324,0.0,0.0,0.0,-0.034821140816275825,0.003022530345107484,3.12475510110516,0.0,0.0,0.0,0.0,0.0,0.0,zero,0.0,0.0,0.0,0.0,0.014305158691490079,-0.0032835712642486246,-0.030012261117491324,0.8181515543503475,-0.13845761629840006,-0.993357022067007,1,0.00878286361694336,,,,,,,,,,,,,,,,,,,,,,2.4731983110004876,2,radio://0/80/2M/E7E7E7E702,0.0,aborted,cf5 起飞前预检失败（电压或 EKF 对齐）,0.0,0.0,0.0,0,0.0,global_abort:cf5 起飞前预检失败（电压或 EKF 对齐）,,,,,
2.4731983110004876,1788684527.167605,control,aborted,1,1,0.008205644000554457,4.122580528259277,4122.0,0,90.0,2.409464588999981,4.122580528259277,1,1,0,1.0187793716120355,-0.31366732716560364,0.31578031182289124,0.040191471576690674,-0.012706336565315723,0.02609744854271412,0.059132371097803116,-36.8310661315918,28.537351608276367,78.71401977539062,-0.7078906297683716,1.1044464111328125,0.1388956755399704,-0.0066591281702541825,-0.011809034248581906,-0.5957412968913733,-0.31366732716560364,0.31578031182289124,0.040191471576690674,-0.5957412968913733,0.0,0.0,0.0,0.0,0.0,0.0,-0.01605425995476684,0.02412364998405906,0.04948059047854095,0.0,0.0,0.0,-0.0066591281702541825,-0.011809034248581906,-0.5957412968913733,0.0,0.0,0.0,0.0,0.0,0.0,zero,0.0,0.0,0.0,0.0,-0.01605425995476684,0.02412364998405906,0.04948059047854095,0.8203134016645813,0.4898136963416851,1.018389046338998,1,0.008959531784057617,,,,,,,,,,,,,,,,,,,,,,2.4731983110004876,4,radio://0/80/2M/E7E7E7E704,2.0943951023931953,aborted,cf5 起飞前预检失败（电压或 EKF 对齐）,0.0,0.0,0.0,0,0.0,global_abort:cf5 起飞前预检失败（电压或 EKF 对齐）,,,,,
2.4731983110004876,1788684527.1678493,control,aborted,1,1,0.008333793000019796,3.763636350631714,3763.0,0,10.0,2.3817430330000207,nan,1,0,1,1.0,-0.28666701912879944,-0.444098562002182,0.035636965185403824,-0.013663673773407936,0.037819333374500275,0.021159280091524124,0.983753502368927,86.70098876953125,30.833192825317383,-0.6680299043655396,0.49362069368362427,-0.19418634474277496,-0.004003601966328062,-0.04993066300984478,0.9680881457722256,-0.28666701912879944,-0.444098562002182,0.035636965185403824,0.9680881457722256,0.0,0.0,0.0,0.0,0.0,0.0,-0.001406776692455874,0.0371150137240789,0.015014277711782159,0.0,0.0,0.0,-0.004003601966328062,-0.04993066300984478,0.9680881457722256,0.0,0.0,0.0,0.0,0.0,0.0,zero,0.0,0.0,0.0,0.0,-0.001406776692455874,0.0371150137240789,0.015014277711782159,-1.1898476821552666,-0.7168529011499538,0.5626804547719961,1,0.009203910827636719,,,,,,,,,,,,,,,,,,,,,,2.4731983110004876,5,radio://0/80/2M/E7E7E7E705,4.1887902047863905,aborted,cf5 起飞前预检失败（电压或 EKF 对齐）,0.0,0.0,0.0,0,0.0,global_abort:cf5 起飞前预检失败（电压或 EKF 对齐）,,,,,
2.487525626000206,1788684527.1817372,control,aborted,1,1,0.011407684999539924,4.170087814331055,4170.0,0,90.0,2.4541882429994075,4.170087814331055,1,1,0,1.0071730349577168,0.374775230884552,0.003661866532638669,0.04580250382423401,0.011961384676396847,-0.004816591739654541,-0.03639855980873108,-1.6196699142456055,-1.9574475288391113,-37.65970993041992,-0.018312647938728333,0.39998525381088257,-0.17575672268867493,-0.034632517831975844,0.001641182519491604,3.124799911857188,0.374775230884552,0.003661866532638669,0.04580250382423401,3.124799911857188,0.0,0.0,0.0,0.0,0.0,0.0,0.031779629573961306,-0.005631534438876892,-0.0547782348188057,0.0,0.0,0.0,-0.034632517831975844,0.001641182519491604,3.124799911857188,0.0,0.0,0.0,0.0,0.0,0.0,zero,0.0,0.0,0.0,0.0,0.031779629573961306,-0.005631534438876892,-0.0547782348188057,9.516330606423477,-1.277937852839645,-13.494170822679852,1,0.011717081069946289,,,,,,,,,,,,,,,,,,,,,,2.487525626000206,2,radio://0/80/2M/E7E7E7E702,0.0,aborted,cf5 起飞前预检失败（电压或 EKF 对齐）,0.0,0.0,0.0,0,0.0,global_abort:cf5 起飞前预检失败（电压或 EKF 对齐）,,,,,
2.487525626000206,1788684527.1819787,control,aborted,1,1,0.01116665900008229,4.122580528259277,4122.0,0,90.0,2.4237919039996996,4.122580528259277,1,1,0,1.0187793716120355,-0.3136448562145233,0.3157769441604614,0.04022243991494179,-0.010305358096957207,0.02219419926404953,0.051579833030700684,-23.702152252197266,18.598590850830078,51.28445816040039,-0.400020033121109,0.7375295758247375,0.11720976233482361,-0.006510700411900805,-0.01152340096404267,-0.5956026861956477,-0.3136448562145233,0.3157769441604614,0.04022243991494179,-0.5956026861956477,0.0,0.0,0.0,0.0,0.0,0.0,0.0017316838427117592,0.034795029395594944,0.07348699633226646,0.0,0.0,0.0,-0.006510700411900805,-0.01152340096404267,-0.5956026861956477,0.0,0.0,0.0,0.0,0.0,0.0,zero,0.0,0.0,0.0,0.0,0.0017316838427117592,0.034795029395594944,0.07348699633226646,9.690947497911113,5.809955708677916,13.075128337650446,1,0.011958599090576172,,,,,,,,,,,,,,,,,,,,,,2.487525626000206,4,radio://0/80/2M/E7E7E7E704,2.0943951023931953,aborted,cf5 起飞前预检失败（电压或 EKF 对齐）,0.0,0.0,0.0,0,0.0,global_abort:cf5 起飞前预检失败（电压或 EKF 对齐）,,,,,
2.487525626000206,1788684527.1821823,control,aborted,1,1,0.010877771000195935,3.763636350631714,3763.0,0,10.0,2.396070347999739,nan,1,0,1,1.0,-0.28665468096733093,-0.44406288862228394,0.0355786569416523,-0.00013572629541158676,0.02667960338294506,0.00840587355196476,3.2035937309265137,54.465919494628906,17.909164428710938,-0.6037549376487732,0.32399439811706543,-0.2123299539089203,-0.00457852117449064,-0.05080290139679255,0.968105771666354,-0.28665468096733093,-0.44406288862228394,0.0355786569416523,0.968105771666354,0.0,0.0,0.0,0.0,0.0,0.0,-0.029570749430690074,0.022925633758331204,0.028469727225657278,0.0,0.0,0.0,-0.00457852117449064,-0.05080290139679255,0.968105771666354,0.0,0.0,0.0,0.0,0.0,0.0,zero,0.0,0.0,0.0,0.0,-0.029570749430690074,0.022925633758331204,0.028469727225657278,-15.344705722648499,-7.7323262014059395,7.328200234668716,1,0.012162208557128906,,,,,,,,,,,,,,,,,,,,,,2.487525626000206,5,radio://0/80/2M/E7E7E7E705,4.1887902047863905,aborted,cf5 起飞前预检失败（电压或 EKF 对齐）,0.0,0.0,0.0,0,0.0,global_abort:cf5 起飞前预检失败（电压或 EKF 对齐）,,,,,
2.5018681260007725,1788684527.1960678,control,aborted,1,1,0.003955791000407771,4.170087814331055,4170.0,0,90.0,2.468530742999974,4.170087814331055,1,1,0,1.0071730349577168,0.3747449517250061,0.003655622713267803,0.04581891745328903,0.009290187619626522,-0.0039107888005673885,-0.02896765246987343,-1.320341944694519,-1.5576140880584717,-30.059316635131836,-0.009943515062332153,0.32781490683555603,-0.1354304850101471,-0.03412047183591761,0.0025096424938586734,3.1253321570127124,0.3747449517250061,0.003655622713267803,0.04581891745328903,3.1253321570127124,0.0,0.0,0.0,0.0,0.0,0.0,0.023360892380649916,-0.00496749254813739,-0.04705962052345587,0.0,0.0,0.0,-0.03412047183591761,0.0025096424938586734,3.1253321570127124,0.0,0.0,0.0,0.0,0.0,0.0,zero,0.0,0.0,0.0,0.0,0.023360892380649916,-0.00496749254813739,-0.04705962052345587,-0.38774891929869254,0.030584340571632177,0.3555027651751802,1,0.004335880279541016,,,,,,,,,,,,,,,,,,,,,,2.5018681260007725,2,radio://0/80/2M/E7E7E7E702,0.0,aborted,cf5 起飞前预检失败（电压或 EKF 对齐）,0.0,0.0,0.0,0,0.0,global_abort:cf5 起飞前预检失败（电压或 EKF 对齐）,,,,,
2.5018681260007725,1788684527.1962981,control,aborted,1,1,0.0037356270004238468,4.122580528259277,4122.0,0,90.0,2.438134404000266,4.122580528259277,1,1,0,1.0187793716120355,-0.31366562843322754,0.3157723546028137,0.04017476364970207,-0.008435632102191448,0.01771308295428753,0.04082469269633293,-18.94449806213379,14.837594985961914,40.928497314453125,-0.31921854615211487,0.5921952724456787,0.0913805216550827,-0.006421153917559887,-0.011289338236879783,-0.5958633746375253,-0.31366562843322754,0.3157723546028137,0.04017476364970207,-0.5958633746375253,0.0,0.0,0.0,0.0,0.0,0.0,-0.002040448310769021,0.028583180185748833,0.062785518728953,0.0,0.0,0.0,-0.006421153917559887,-0.011289338236879783,-0.5958633746375253,0.0,0.0,0.0,0.0,0.0,0.0,zero,0.0,0.0,0.0,0.0,-0.002040448310769021,0.028583180185748833,0.062785518728953,-0.1737362899421634,-0.2861044076631716,-0.49288703047776444,1,0.004566192626953125,,,,,,,,,,,,,,,,,,,,,,2.5018681260007725,4,radio://0/80/2M/E7E7E7E704,2.0943951023931953,aborted,cf5 起飞前预检失败（电压或 EKF 对齐）,0.0,0.0,0.0,0,0.0,global_abort:cf5 起飞前预检失败（电压或 EKF 对齐）,,,,,
2.5018681260007725,1788684527.1964977,control,aborted,1,1,0.0035121370001434116,3.763636350631714,3763.0,0,10.0,2.4104128480003055,nan,1,0,1,1.0,-0.2866307497024536,-0.44405996799468994,0.0356266126036644,0.00011186460324097425,0.02137058787047863,0.007166448049247265,2.5651557445526123,43.52383041381836,14.315914154052734,-0.4743354022502899,0.2736617624759674,-0.16617541015148163,-0.003657199119181023,-0.04923083491129545,0.9685002979208047,-0.2866307497024536,-0.44405996799468994,0.0356266126036644,0.9685002979208047,0.0,0.0,0.0,0.0,0.0,0.0,-0.01895917442746343,0.02292275678525829,0.020354533537608417,0.0,0.0,0.0,-0.003657199119181023,-0.04923083491129545,0.9685002979208047,0.0,0.0,0.0,0.0,0.0,0.0,zero,0.0,0.0,0.0,0.0,-0.01895917442746343,0.02292275678525829,0.020354533537608417,0.48874631017430786,-0.0001325071889356117,-0.37376835862515195,1,0.004765748977661133,,,,,,,,,,,,,,,,,,,,,,2.5018681260007725,5,radio://0/80/2M/E7E7E7E705,4.1887902047863905,aborted,cf5 起飞前预检失败（电压或 EKF 对齐）,0.0,0.0,0.0,0,0.0,global_abort:cf5 起飞前预检失败（电压或 EKF 对齐）,,,,,
2.5160836580007526,1788684527.2102807,control,aborted,1,1,0.009534595000332047,4.170087814331055,4170.0,0,90.0,2.482746274999954,4.170087814331055,1,1,0,1.0071730349577168,0.37474751472473145,0.0036882117856293917,0.045891571789979935,0.006171184126287699,0.002735439222306013,-0.011278504505753517,-1.0211650133132935,-0.31463921070098877,-17.874147415161133,-0.003826879896223545,0.23430122435092926,-0.11873361468315125,-0.03442374876866385,0.0026065562779844574,3.1244089742142878,0.37474751472473145,0.0036882117856293917,0.045891571789979935,3.1244089742142878,0.0,0.0,0.0,0.0,0.0,0.0,0.010960829282274095,-0.0040117238315237145,-0.034935357275508366,0.0,0.0,0.0,-0.03442374876866385,0.0026065562779844574,3.1244089742142878,0.0,0.0,0.0,0.0,0.0,0.0,zero,0.0,0.0,0.0,0.0,0.010960829282274095,-0.0040117238315237145,-0.034935357275508366,-3.042229562897321,0.23738623976623852,2.9933363218528997,1,0.00987386703491211,,,,,,,,,,,,,,,,,,,,,,2.5160836580007526,2,radio://0/80/2M/E7E7E7E702,0.0,aborted,cf5 起飞前预检失败（电压或 EKF 对齐）,0.0,0.0,0.0,0,0.0,global_abort:cf5 起飞前预检失败（电压或 EKF 对齐）,,,,,
2.5160836580007526,1788684527.210509,control,aborted,1,1,0.009068259000741818,4.122580528259277,4122.0,0,90.0,2.452349936000246,4.122580528259277,1,1,0,1.0187793716120355,-0.31366512179374695,0.31577223539352417,0.04029197618365288,-0.005310412496328354,0.010058959014713764,0.03054315410554409,-11.934141159057617,8.947793960571289,25.551204681396484,-0.23895789682865143,0.2745587229728699,0.025862328708171844,-0.006451552507904914,-0.011965973210844956,-0.5961174189801715,-0.31366512179374695,0.31577223539352417,0.04029197618365288,-0.5961174189801715,0.0,0.0,0.0,0.0,0.0,0.0,-0.007612613396456526,0.019376123622528843,0.0465697958631048,0.0,0.0,0.0,-0.006451552507904914,-0.011965973210844956,-0.5961174189801715,0.0,0.0,0.0,0.0,0.0,0.0,zero,0.0,0.0,0.0,0.0,-0.007612613396456526,0.019376123622528843,0.0465697958631048,-1.3627551362800043,-2.2637371062583926,-3.990615005932058,1,0.010102272033691406,,,,,,,,,,,,,,,,,,,,,,2.5160836580007526,4,radio://0/80/2M/E7E7E7E704,2.0943951023931953,aborted,cf5 起飞前预检失败（电压或 EKF 对齐）,0.0,0.0,0.0,0,0.0,global_abort:cf5 起飞前预检失败（电压或 EKF 对齐）,,,,,
2.5160836580007526,1788684527.210711,control,aborted,1,1,0.009280036000745895,3.763636350631714,3763.0,0,10.0,2.4246283800002857,nan,1,0,1,1.0,-0.2866814136505127,-0.4440622329711914,0.035650916397571564,-0.0024591530673205853,0.012439586222171783,0.0023289681412279606,1.4574769735336304,27.240814208984375,8.633167266845703,-0.2794429361820221,0.2462199181318283,-0.16991327702999115,-0.003593204858097118,-0.048363600104533146,0.9682634751213794,-0.2866814136505127,-0.4440622329711914,0.035650916397571564,0.9682634751213794,0.0,0.0,0.0,0.0,0.0,0.0,-0.003168685237348281,0.022716767982634566,0.008485744689325565,0.0,0.0,0.0,-0.003593204858097118,-0.048363600104533146,0.9682634751213794,0.0,0.0,0.0,0.0,0.0,0.0,zero,0.0,0.0,0.0,0.0,-0.003168685237348281,0.022716767982634566,0.008485744689325565,3.869975922925092,-0.06077089102963756,-2.910266823129454,1,0.01030421257019043,,,,,,,,,,,,,,,,,,,,,,2.5160836580007526,5,radio://0/80/2M/E7E7E7E705,4.1887902047863905,aborted,cf5 起飞前预检失败（电压或 EKF 对齐）,0.0,0.0,0.0,0,0.0,global_abort:cf5 起飞前预检失败（电压或 EKF 对齐）,,,,,
2.5303716430007626,1788684527.2245755,control,aborted,1,1,0.002713860000767454,4.170087814331055,4170.0,0,90.0,2.497034259999964,4.170087814331055,1,1,0,1.0071730349577168,0.37473395466804504,0.0036620679311454296,0.045859046280384064,0.02317184768617153,-0.011387567035853863,-0.01983536407351494,20.607955932617188,-15.621095657348633,-23.588272094726562,-0.823143720626831,1.591949462890625,-0.5639476776123047,-0.03438041704343301,0.0032703027777821257,3.124670349571134,0.37473395466804504,0.0036620679311454296,0.045859046280384064,3.124670349571134,0.0,0.0,0.0,0.0,0.0,0.0,0.002937811830084399,0.0009777840443678074,-0.011297477497071252,0.0,0.0,0.0,-0.03438041704343301,0.0032703027777821257,3.124670349571134,0.0,0.0,0.0,0.0,0.0,0.0,zero,0.0,0.0,0.0,0.0,0.002937811830084399,0.0009777840443678074,-0.011297477497071252,-22.704476737578933,14.120244843410825,66.8964237088165,1,0.0036792755126953125,,,,,,,,,,,,,,,,,,,,,,2.5303716430007626,2,radio://0/80/2M/E7E7E7E702,0.0,aborted,cf5 起飞前预检失败（电压或 EKF 对齐）,0.0,0.0,0.0,0,0.0,global_abort:cf5 起飞前预检失败（电压或 EKF 对齐）,,,,,
2.5303716430007626,1788684527.2248108,control,aborted,1,1,0.002306490000592021,4.122580528259277,4122.0,0,90.0,2.466637921000256,4.122580528259277,1,1,0,1.0187793716120355,-0.31362614035606384,0.3157013952732086,0.04028426110744476,0.01800391636788845,-0.13197165727615356,0.04846775159239769,17.680316925048828,-155.5552978515625,44.260231018066406,-0.42941486835479736,0.3870806097984314,-0.419821172952652,-0.006234037895472771,-0.010708233436250048,-0.5961930766231344,-0.31362614035606384,0.3157013952732086,0.04028426110744476,-0.5961930766231344,0.0,0.0,0.0,0.0,0.0,0.0,-0.006964930685842106,0.008674222087902767,0.0264504201898884,0.0,0.0,0.0,-0.006234037895472771,-0.010708233436250048,-0.5961930766231344,0.0,0.0,0.0,0.0,0.0,0.0,zero,0.0,0.0,0.0,0.0,-0.006964930685842106,0.008674222087902767,0.0264504201898884,1.8343599313188177,-30.292948591019194,-56.938123534474535,1,0.003914594650268555,,,,,,,,,,,,,,,,,,,,,,2.5303716430007626,4,radio://0/80/2M/E7E7E7E704,2.0943951023931953,aborted,cf5 起飞前预检失败（电压或 EKF 对齐）,0.0,0.0,0.0,0,0.0,global_abort:cf5 起飞前预检失败（电压或 EKF 对齐）,,,,,
2.5303716430007626,1788684527.2250123,control,aborted,1,1,0.0025528800006213714,3.763636350631714,3763.0,0,10.0,2.4389163650002956,nan,1,0,1,1.0,-0.286651611328125,-0.4440319538116455,0.035694669932127,-0.005857171956449747,-0.001345825381577015,-0.0018930794904008508,-3.9067745208740234,4.014266014099121,0.6826663017272949,0.2608335614204407,2.697638988494873,-0.8967902064323425,-0.0037070738661992247,-0.048912864571046606,0.9679541554792103,-0.286651611328125,-0.4440319538116455,0.035694669932127,0.9679541554792103,0.0,0.0,0.0,0.0,0.0,0.0,0.002370155434323083,0.013508201768994563,0.0005993516591809179,0.0,0.0,0.0,-0.0037070738661992247,-0.048912864571046606,0.9679541554792103,0.0,0.0,0.0,0.0,0.0,0.0,zero,0.0,0.0,0.0,0.0,0.002370155434323083,0.013508201768994563,0.0005993516591809179,15.674354547412458,-26.061738406177856,-22.31884861540429,1,0.004116058349609375,,,,,,,,,,,,,,,,,,,,,,2.5303716430007626,5,radio://0/80/2M/E7E7E7E705,4.1887902047863905,aborted,cf5 起飞前预检失败（电压或 EKF 对齐）,0.0,0.0,0.0,0,0.0,global_abort:cf5 起飞前预检失败（电压或 EKF 对齐）,,,,,
2.5446590900000956,1788684527.2388594,control,aborted,1,1,0.009424293999472866,4.170087814331055,4170.0,0,90.0,2.511321706999297,4.170087814331055,1,1,0,1.0071730349577168,0.3747296929359436,0.0036335194017738104,0.0457984060049057,0.01843450218439102,-0.009799867868423462,-0.017333533614873886,16.371896743774414,-12.458513259887695,-18.81016731262207,-0.6477333307266235,1.2659823894500732,-0.4431546628475189,-0.033933141857167184,0.002968210996320445,3.125012098651073,0.3747296929359436,0.0036335194017738104,0.0457984060049057,3.125012098651073,0.0,0.0,0.0,0.0,0.0,0.0,0.002061974260603943,0.0015595953507268475,-0.004821581137767844,0.0,0.0,0.0,-0.033933141857167184,0.002968210996320445,3.125012098651073,0.0,0.0,0.0,0.0,0.0,0.0,zero,0.0,0.0,0.0,0.0,0.002061974260603943,0.0015595953507268475,-0.004821581137767844,-0.10583184065633816,0.07030317448379325,0.782514995344753,1,0.009687423706054688,,,,,,,,,,,,,,,,,,,,,,2.5446590900000956,2,radio://0/80/2M/E7E7E7E702,0.0,aborted,cf5 起飞前预检失败（电压或 EKF 对齐）,0.0,0.0,0.0,0,0.0,global_abort:cf5 起飞前预检失败（电压或 EKF 对齐）,,,,,
2.5446590900000956,1788684527.2390983,control,aborted,1,1,0.009006966000015382,4.122580528259277,4122.0,0,90.0,2.480925367999589,4.122580528259277,1,1,0,1.0187793716120355,-0.3136763274669647,0.3157917261123657,0.04023078456521034,0.01319047063589096,-0.10339467972517014,0.03748205676674843,14.027947425842285,-123.75373840332031,35.142738342285156,-0.33630284667015076,0.3016701936721802,-0.31959688663482666,-0.005942194300281248,-0.011034980240310317,-0.5955181354233813,-0.3136763274669647,0.3157917261123657,0.04023078456521034,-0.5955181354233813,0.0,0.0,0.0,0.0,0.0,0.0,-0.00486156606044278,-0.004805378672026002,0.02184942779324968,0.0,0.0,0.0,-0.005942194300281248,-0.011034980240310317,-0.5955181354233813,0.0,0.0,0.0,0.0,0.0,0.0,zero,0.0,0.0,0.0,0.0,-0.00486156606044278,-0.004805378672026002,0.02184942779324968,0.25416008359802067,-1.6288076801524667,-0.5559609580015376,1,0.009926319122314453,,,,,,,,,,,,,,,,,,,,,,2.5446590900000956,4,radio://0/80/2M/E7E7E7E704,2.0943951023931953,aborted,cf5 起飞前预检失败（电压或 EKF 对齐）,0.0,0.0,0.0,0,0.0,global_abort:cf5 起飞前预检失败（电压或 EKF 对齐）,,,,,
2.5446590900000956,1788684527.239297,control,aborted,1,1,0.0092090799998914,3.763636350631714,3763.0,0,10.0,2.4532038119996287,nan,1,0,1,1.0,-0.28668108582496643,-0.4440397024154663,0.03565237298607826,-0.005397925153374672,-0.0012638886692002416,-0.0025364779867231846,-3.1143229007720947,3.213392734527588,0.5305867195129395,0.22265298664569855,2.1450300216674805,-0.7162440419197083,-0.003130756924355205,-0.04945407829415358,0.9680052706586421,-0.28668108582496643,-0.4440397024154663,0.03565237298607826,0.9680052706586421,0.0,0.0,0.0,0.0,0.0,0.0,0.0032778734578421623,0.009523536088096396,-0.0019123413403500887,0.0,0.0,0.0,-0.003130756924355205,-0.04945407829415358,0.9680052706586421,0.0,0.0,0.0,0.0,0.0,0.0,zero,0.0,0.0,0.0,0.0,0.0032778734578421623,0.009523536088096396,-0.0019123413403500887,0.10968411560940824,-0.4814871137119043,-0.3035004463917749,1,0.010124921798706055,,,,,,,,,,,,,,,,,,,,,,2.5446590900000956,5,radio://0/80/2M/E7E7E7E705,4.1887902047863905,aborted,cf5 起飞前预检失败（电压或 EKF 对齐）,0.0,0.0,0.0,0,0.0,global_abort:cf5 起飞前预检失败（电压或 EKF 对齐）,,,,,
2.558919407000758,1788684527.2531316,control,aborted,1,1,0.0032027510005718796,4.170087814331055,4170.0,0,90.0,2.5255820239999593,4.170087814331055,1,1,0,1.0071730349577168,0.3747245669364929,0.0036236459854990244,0.04581140726804733,0.015036825090646744,-0.05066569149494171,-0.023543577641248703,10.774919509887695,-45.21163558959961,-20.58592987060547,-0.12023502588272095,0.9996826648712158,-0.5002772808074951,-0.03402780396845526,0.0027897786915052074,3.124377764102063,0.3747245669364929,0.0036236459854990244,0.04581140726804733,3.124377764102063,0.0,0.0,0.0,0.0,0.0,0.0,0.016651286874933,-0.00824605142891625,-0.012065346648555006,0.0,0.0,0.0,-0.03402780396845526,0.0027897786915052074,3.124377764102063,0.0,0.0,0.0,0.0,0.0,0.0,zero,0.0,0.0,0.0,0.0,0.016651286874933,-0.00824605142891625,-0.012065346648555006,31.41467124720885,-21.116667924028885,-15.598963077762555,1,0.004030466079711914,,,,,,,,,,,,,,,,,,,,,,2.558919407000758,2,radio://0/80/2M/E7E7E7E702,0.0,aborted,cf5 起飞前预检失败（电压或 EKF 对齐）,0.0,0.0,0.0,0,0.0,global_abort:cf5 起飞前预检失败（电压或 EKF 对齐）,,,,,
2.558919407000758,1788684527.2533755,control,aborted,1,1,0.0027158660004715784,4.122580528259277,4122.0,0,90.0,2.4951856850002514,4.122580528259277,1,1,0,1.0187793716120355,-0.31364956498146057,0.3157394826412201,0.04019596800208092,-0.002224452793598175,-0.08584697544574738,0.052021242678165436,-2.3917531967163086,-81.47445678710938,42.0008544921875,-0.5648218393325806,0.052295997738838196,-0.1972329467535019,-0.007141376725342456,-0.011762998448721624,-0.5958032522338779,-0.31364956498146057,0.3157394826412201,0.04019596800208092,-0.5958032522338779,0.0,0.0,0.0,0.0,0.0,0.0,0.013395898540325963,-0.10436825253610461,0.033967328080091036,0.0,0.0,0.0,-0.007141376725342456,-0.011762998448721624,-0.5958032522338779,0.0,0.0,0.0,0.0,0.0,0.0,zero,0.0,0.0,0.0,0.0,0.013395898540325963,-0.10436825253610461,0.033967328080091036,39.312290264106515,-214.383340233947,26.093921480597714,1,0.0042743682861328125,,,,,,,,,,,,,,,,,,,,,,2.558919407000758,4,radio://0/80/2M/E7E7E7E704,2.0943951023931953,aborted,cf5 起飞前预检失败（电压或 EKF 对齐）,0.0,0.0,0.0,0,0.0,global_abort:cf5 起飞前预检失败（电压或 EKF 对齐）,,,,,
2.558919407000758,1788684527.253591,control,aborted,1,1,0.002541516000746924,3.763636350631714,3763.0,0,10.0,2.467464129000291,nan,1,0,1,1.0,-0.28662922978401184,-0.44402220845222473,0.03562573343515396,0.01621655561029911,0.0209227092564106,0.014934073202311993,15.450329780578613,21.019838333129883,15.356792449951172,0.3057931065559387,1.7770631313323975,-0.30091869831085205,-0.00393146117391381,-0.04930426024469591,0.9688218407697486,-0.28662922978401184,-0.44402220845222473,0.03562573343515396,0.9688218407697486,0.0,0.0,0.0,0.0,0.0,0.0,-0.0038642496601480275,-0.0026387672896513864,-0.0038195957284253247,0.0,0.0,0.0,-0.00393146117391381,-0.04930426024469591,0.9688218407697486,0.0,0.0,0.0,0.0,0.0,0.0,zero,0.0,0.0,0.0,0.0,-0.0038642496601480275,-0.0026387672896513864,-0.0038195957284253247,-15.377978814707596,-26.187289413439427,-4.105589647376345,1,0.004489898681640625,,,,,,,,,,,,,,,,,,,,,,2.558919407000758,5,radio://0/80/2M/E7E7E7E705,4.1887902047863905,aborted,cf5 起飞前预检失败（电压或 EKF 对齐）,0.0,0.0,0.0,0,0.0,global_abort:cf5 起飞前预检失败（电压或 EKF 对齐）,,,,,
2.573199480000767,1788684527.2674131,control,aborted,1,1,0.017482824000580877,4.170087814331055,4170.0,0,90.0,2.5398620969999683,4.170087814331055,1,1,0,1.0071730349577168,0.3747245669364929,0.0036236459854990244,0.04581140726804733,0.015036825090646744,-0.05066569149494171,-0.023543577641248703,10.774919509887695,-45.21163558959961,-20.58592987060547,-0.12023502588272095,0.9996826648712158,-0.5002772808074951,-0.03402780396845526,0.0027897786915052074,3.124377764102063,0.3747245669364929,0.0036236459854990244,0.04581140726804733,3.124377764102063,0.0,0.0,0.0,0.0,0.0,0.0,0.016651286874933,-0.00824605142891625,-0.012065346648555006,0.0,0.0,0.0,-0.03402780396845526,0.0027897786915052074,3.124377764102063,0.0,0.0,0.0,0.0,0.0,0.0,zero,0.0,0.0,0.0,0.0,0.016651286874933,-0.00824605142891625,-0.012065346648555006,31.41467124720885,-21.116667924028885,-15.598963077762555,1,0.01831197738647461,,,,,,,,,,,,,,,,,,,,,,2.573199480000767,2,radio://0/80/2M/E7E7E7E702,0.0,aborted,cf5 起飞前预检失败（电压或 EKF 对齐）,0.0,0.0,0.0,0,0.0,global_abort:cf5 起飞前预检失败（电压或 EKF 对齐）,,,,,
2.573199480000767,1788684527.2676587,control,aborted,1,1,0.016995939000480575,4.122580528259277,4122.0,0,90.0,2.5094657580002604,4.122580528259277,1,1,0,1.0187793716120355,-0.31364956498146057,0.3157394826412201,0.04019596800208092,-0.002224452793598175,-0.08584697544574738,0.052021242678165436,-2.3917531967163086,-81.47445678710938,42.0008544921875,-0.5648218393325806,0.052295997738838196,-0.1972329467535019,-0.007141376725342456,-0.011762998448721624,-0.5958032522338779,-0.31364956498146057,0.3157394826412201,0.04019596800208092,-0.5958032522338779,0.0,0.0,0.0,0.0,0.0,0.0,0.013395898540325963,-0.10436825253610461,0.033967328080091036,0.0,0.0,0.0,-0.007141376725342456,-0.011762998448721624,-0.5958032522338779,0.0,0.0,0.0,0.0,0.0,0.0,zero,0.0,0.0,0.0,0.0,0.013395898540325963,-0.10436825253610461,0.033967328080091036,39.312290264106515,-214.383340233947,26.093921480597714,1,0.01855754852294922,,,,,,,,,,,,,,,,,,,,,,2.573199480000767,4,radio://0/80/2M/E7E7E7E704,2.0943951023931953,aborted,cf5 起飞前预检失败（电压或 EKF 对齐）,0.0,0.0,0.0,0,0.0,global_abort:cf5 起飞前预检失败（电压或 EKF 对齐）,,,,,
2.573199480000767,1788684527.2678666,control,aborted,1,1,0.01682158900075592,3.763636350631714,3763.0,0,10.0,2.4817442020003,nan,1,0,1,1.0,-0.28662922978401184,-0.44402220845222473,0.03562573343515396,0.01621655561029911,0.0209227092564106,0.014934073202311993,15.450329780578613,21.019838333129883,15.356792449951172,0.3057931065559387,1.7770631313323975,-0.30091869831085205,-0.00393146117391381,-0.04930426024469591,0.9688218407697486,-0.28662922978401184,-0.44402220845222473,0.03562573343515396,0.9688218407697486,0.0,0.0,0.0,0.0,0.0,0.0,-0.0038642496601480275,-0.0026387672896513864,-0.0038195957284253247,0.0,0.0,0.0,-0.00393146117391381,-0.04930426024469591,0.9688218407697486,0.0,0.0,0.0,0.0,0.0,0.0,zero,0.0,0.0,0.0,0.0,-0.0038642496601480275,-0.0026387672896513864,-0.0038195957284253247,-15.377978814707596,-26.187289413439427,-4.105589647376345,1,0.01876544952392578,,,,,,,,,,,,,,,,,,,,,,2.573199480000767,5,radio://0/80/2M/E7E7E7E705,4.1887902047863905,aborted,cf5 起飞前预检失败（电压或 EKF 对齐）,0.0,0.0,0.0,0,0.0,global_abort:cf5 起飞前预检失败（电压或 EKF 对齐）,,,,,
2.5875307280002744,1788684527.2817404,control,aborted,1,1,0.0023042220000206726,4.170087814331055,4170.0,0,90.0,2.554193344999476,4.170087814331055,1,1,0,1.0071730349577168,0.37476682662963867,0.003645753487944603,0.045810770243406296,0.010069803334772587,-0.03194182738661766,-0.01497812382876873,6.829030513763428,-28.683725357055664,-13.059866905212402,-0.08316618949174881,0.6575297117233276,-0.3086327314376831,-0.034639295513658436,0.0032453103049638553,3.1248062257255893,0.37476682662963867,0.003645753487944603,0.045810770243406296,3.1248062257255893,0.0,0.0,0.0,0.0,0.0,0.0,0.017572583570550443,-0.03326224314997895,-0.019488796854222404,0.0,0.0,0.0,-0.034639295513658436,0.0032453103049638553,3.1248062257255893,0.0,0.0,0.0,0.0,0.0,0.0,zero,0.0,0.0,0.0,0.0,0.017572583570550443,-0.03326224314997895,-0.019488796854222404,-0.020593317393939176,-1.0230068011310087,-0.27468118118269036,1,0.0029397010803222656,,,,,,,,,,,,,,,,,,,,,,2.5875307280002744,2,radio://0/80/2M/E7E7E7E702,0.0,aborted,cf5 起飞前预检失败（电压或 EKF 对齐）,0.0,0.0,0.0,0,0.0,global_abort:cf5 起飞前预检失败（电压或 EKF 对齐）,,,,,
2.5875307280002744,1788684527.2819786,control,aborted,1,1,0.0025859139996100566,4.122580528259277,4122.0,0,90.0,2.523797005999768,4.122580528259277,1,1,0,1.0187793716120355,-0.3136711120605469,0.31576454639434814,0.04021035134792328,-0.0018511712551116943,-0.05481300503015518,0.03384022042155266,-1.5285307168960571,-51.73527526855469,26.64577293395996,-0.37940749526023865,0.04900103434920311,-0.12156666815280914,-0.007103754049430725,-0.010962034041905619,-0.5956338332412249,-0.3136711120605469,0.31576454639434814,0.04021035134792328,-0.5956338332412249,0.0,0.0,0.0,0.0,0.0,0.0,0.00729744048671275,-0.10509735475442798,0.04374028507737631,0.0,0.0,0.0,-0.007103754049430725,-0.010962034041905619,-0.5956338332412249,0.0,0.0,0.0,0.0,0.0,0.0,zero,0.0,0.0,0.0,0.0,0.00729744048671275,-0.10509735475442798,0.04374028507737631,-0.32861560590406375,0.35902898725456933,0.35008167412653374,1,0.0031778812408447266,,,,,,,,,,,,,,,,,,,,,,2.5875307280002744,4,radio://0/80/2M/E7E7E7E704,2.0943951023931953,aborted,cf5 起飞前预检失败（电压或 EKF 对齐）,0.0,0.0,0.0,0,0.0,global_abort:cf5 起飞前预检失败（电压或 EKF 对齐）,,,,,
2.5875307280002744,1788684527.28218,control,aborted,1,1,0.0020814660001633456,3.763636350631714,3763.0,0,10.0,2.4960754499998075,nan,1,0,1,1.0,-0.28667303919792175,-0.4440699815750122,0.03564567118883133,0.009978683665394783,0.012663077563047409,0.009828836657106876,9.807716369628906,13.340777397155762,9.761176109313965,0.2166222631931305,1.1027467250823975,-0.18632476031780243,-0.003478866040119358,-0.05163829936592492,0.9689050252665362,-0.28667303919792175,-0.4440699815750122,0.03564567118883133,0.9689050252665362,0.0,0.0,0.0,0.0,0.0,0.0,0.005926054038341103,0.00827690474181287,0.006690773156294375,0.0,0.0,0.0,-0.003478866040119358,-0.05163829936592492,0.9689050252665362,0.0,0.0,0.0,0.0,0.0,0.0,zero,0.0,0.0,0.0,0.0,0.005926054038341103,0.00827690474181287,0.006690773156294375,0.4424763398745825,0.5008948772655286,0.45467424332360334,1,0.003379344940185547,,,,,,,,,,,,,,,,,,,,,,2.5875307280002744,5,radio://0/80/2M/E7E7E7E705,4.1887902047863905,aborted,cf5 起飞前预检失败（电压或 EKF 对齐）,0.0,0.0,0.0,0,0.0,global_abort:cf5 起飞前预检失败（电压或 EKF 对齐）,,,,,
2.6018708870005867,1788684527.2960925,control,aborted,1,1,0.006363850000525417,4.170087814331055,4170.0,0,90.0,2.568533503999788,4.170087814331055,1,1,0,1.0071730349577168,0.3747580945491791,0.0036879954859614372,0.04585893452167511,0.007888033986091614,-0.024741677567362785,-0.011056902818381786,5.421296119689941,-22.808612823486328,-10.372537612915039,-0.05014132708311081,0.5269180536270142,-0.2491212785243988,-0.03378672429745011,0.003287874410027251,3.124689435054059,0.3747580945491791,0.0036879954859614372,0.04585893452167511,3.124689435054059,0.0,0.0,0.0,0.0,0.0,0.0,0.016289693145488223,-0.03859407106491379,-0.020254201091834637,0.0,0.0,0.0,-0.03378672429745011,0.003287874410027251,3.124689435054059,0.0,0.0,0.0,0.0,0.0,0.0,zero,0.0,0.0,0.0,0.0,0.016289693145488223,-0.03859407106491379,-0.020254201091834637,-0.12324680916649876,-0.5122267379216854,-0.07353210232561301,1,0.006882667541503906,,,,,,,,,,,,,,,,,,,,,,2.6018708870005867,2,radio://0/80/2M/E7E7E7E702,0.0,aborted,cf5 起飞前预检失败（电压或 EKF 对齐）,0.0,0.0,0.0,0,0.0,global_abort:cf5 起飞前预检失败（电压或 EKF 对齐）,,,,,
2.6018708870005867,1788684527.296333,control,aborted,1,1,0.006058118000510149,4.122580528259277,4122.0,0,90.0,2.53813716500008,4.122580528259277,1,1,0,1.0187793716120355,-0.31370529532432556,0.31577831506729126,0.040252797305583954,-0.002137853531166911,-0.04358580335974693,0.02788788080215454,-1.228333830833435,-41.172462463378906,21.202228546142578,-0.2810860872268677,0.025705456733703613,-0.09678370505571365,-0.005936399051301944,-0.01166410375821068,-0.5956048288820935,-0.31370529532432556,0.31577831506729126,0.040252797305583954,-0.5956048288820935,0.0,0.0,0.0,0.0,0.0,0.0,0.0040924906632646505,-0.09537328613360943,0.04412510253090093,0.0,0.0,0.0,-0.005936399051301944,-0.01166410375821068,-0.5956048288820935,0.0,0.0,0.0,0.0,0.0,0.0,zero,0.0,0.0,0.0,0.0,0.0040924906632646505,-0.09537328613360943,0.04412510253090093,-0.3078983454565532,0.9341876798042497,0.03696927058769354,1,0.007123231887817383,,,,,,,,,,,,,,,,,,,,,,2.6018708870005867,4,radio://0/80/2M/E7E7E7E704,2.0943951023931953,aborted,cf5 起飞前预检失败（电压或 EKF 对齐）,0.0,0.0,0.0,0,0.0,global_abort:cf5 起飞前预检失败（电压或 EKF 对齐）,,,,,
2.6018708870005867,1788684527.2965345,control,aborted,1,1,0.005873128000530414,3.763636350631714,3763.0,0,10.0,2.5104156090001197,nan,1,0,1,1.0,-0.28660818934440613,-0.4440750181674957,0.03567730262875557,0.009229198098182678,0.010033671744167805,0.008470946922898293,7.831769943237305,10.622091293334961,7.782845497131348,0.1663302332162857,0.9418970942497253,-0.15607799589633942,-0.0038225533409136643,-0.048533119484988445,0.9685279729411695,-0.28660818934440613,-0.4440750181674957,0.03567730262875557,0.9685279729411695,0.0,0.0,0.0,0.0,0.0,0.0,0.009005190290935567,0.01169900459911013,0.009653993948015832,0.0,0.0,0.0,-0.0038225533409136643,-0.048533119484988445,0.9685279729411695,0.0,0.0,0.0,0.0,0.0,0.0,zero,0.0,0.0,0.0,0.0,0.009005190290935567,0.01169900459911013,0.009653993948015832,0.295811482186994,0.32875986898145465,0.2846755266863757,1,0.007324695587158203,,,,,,,,,,,,,,,,,,,,,,2.6018708870005867,5,radio://0/80/2M/E7E7E7E705,4.1887902047863905,aborted,cf5 起飞前预检失败（电压或 EKF 对齐）,0.0,0.0,0.0,0,0.0,global_abort:cf5 起飞前预检失败（电压或 EKF 对齐）,,,,,
2.6160601589999715,1788684527.3102703,control,aborted,1,1,0.0008179889991879463,4.170087814331055,4170.0,0,90.0,2.582722775999173,4.170087814331055,1,1,0,1.0071730349577168,0.3747422695159912,0.0036660507321357727,0.04583399370312691,0.005092113744467497,-0.018120935186743736,-0.01556742936372757,2.8027470111846924,-12.040567398071289,-6.902074337005615,-0.13044530153274536,0.22326691448688507,-0.1980627477169037,-0.03481813859415502,0.00272568734616716,3.1244856802902756,0.3747422695159912,0.0036660507321357727,0.04583399370312691,3.1244856802902756,0.0,0.0,0.0,0.0,0.0,0.0,0.010322303074257915,-0.0377546111488227,-0.016965333075395876,0.0,0.0,0.0,-0.03481813859415502,0.00272568734616716,3.1244856802902756,0.0,0.0,0.0,0.0,0.0,0.0,zero,0.0,0.0,0.0,0.0,0.010322303074257915,-0.0377546111488227,-0.016965333075395876,-0.2538327081530695,0.1763894651928923,0.12512855092021102,1,0.0015909671783447266,,,,,,,,,,,,,,,,,,,,,,2.6160601589999715,2,radio://0/80/2M/E7E7E7E702,0.0,aborted,cf5 起飞前预检失败（电压或 EKF 对齐）,0.0,0.0,0.0,0,0.0,global_abort:cf5 起飞前预检失败（电压或 EKF 对齐）,,,,,
2.6160601589999715,1788684527.3105173,control,aborted,1,1,0.0009943009999915375,4.122580528259277,4122.0,0,90.0,2.552326436999465,4.122580528259277,1,1,0,1.0187793716120355,-0.3136847913265228,0.31575828790664673,0.0402340367436409,-0.002684239763766527,-0.017477000132203102,0.029508791863918304,-0.8181132078170776,-18.768041610717773,13.174473762512207,-0.06093890964984894,0.0646255761384964,-0.0708027109503746,-0.007076152254702937,-0.010495913992227695,-0.5957132067432134,-0.3136847913265228,0.31575828790664673,0.0402340367436409,-0.5957132067432134,0.0,0.0,0.0,0.0,0.0,0.0,-0.0026196276491156547,-0.055945600291915344,0.036431982691075226,0.0,0.0,0.0,-0.007076152254702937,-0.010495913992227695,-0.5957132067432134,0.0,0.0,0.0,0.0,0.0,0.0,zero,0.0,0.0,0.0,0.0,-0.0026196276491156547,-0.055945600291915344,0.036431982691075226,-0.2320842719551132,1.7132029457507314,-0.31560876369365914,1,0.0018379688262939453,,,,,,,,,,,,,,,,,,,,,,2.6160601589999715,4,radio://0/80/2M/E7E7E7E704,2.0943951023931953,aborted,cf5 起飞前预检失败（电压或 EKF 对齐）,0.0,0.0,0.0,0,0.0,global_abort:cf5 起飞前预检失败（电压或 EKF 对齐）,,,,,
2.6160601589999715,1788684527.3107307,control,aborted,1,1,0.0012020859994663624,3.763636350631714,3763.0,0,10.0,2.5246048809995045,nan,1,0,1,1.0,-0.28662657737731934,-0.4440428912639618,0.03562263026833534,0.005551935639232397,0.008818893693387508,0.006224256008863449,3.8970632553100586,5.77289342880249,4.401962757110596,0.0980459526181221,0.338764488697052,-0.054874733090400696,-0.004198179268801954,-0.04995926945336796,0.9683746149765344,-0.28662657737731934,-0.4440428912639618,0.03562263026833534,0.9683746149765344,0.0,0.0,0.0,0.0,0.0,0.0,0.012286727818125266,0.01492659731529175,0.012478934506746763,0.0,0.0,0.0,-0.004198179268801954,-0.04995926945336796,0.9683746149765344,0.0,0.0,0.0,0.0,0.0,0.0,zero,0.0,0.0,0.0,0.0,0.012286727818125266,0.01492659731529175,0.012478934506746763,0.06214872649766443,0.06940305227990115,0.06528419748040949,1,0.0020513534545898438,,,,,,,,,,,,,,,,,,,,,,2.6160601589999715,5,radio://0/80/2M/E7E7E7E705,4.1887902047863905,aborted,cf5 起飞前预检失败（电压或 EKF 对齐）,0.0,0.0,0.0,0,0.0,global_abort:cf5 起飞前预检失败（电压或 EKF 对齐）,,,,,
2.6303784199999427,1788684527.3245826,control,aborted,1,1,0.003844932999527373,4.170087814331055,4170.0,0,90.0,2.597041036999144,4.170087814331055,1,1,0,1.0071730349577168,0.3747873902320862,0.00359356333501637,0.045828964561223984,0.004844922572374344,-0.015735749155282974,-0.012539904564619064,2.2379724979400635,-9.59168529510498,-5.469911098480225,-0.111935093998909,0.17341847717761993,-0.15608811378479004,-0.035261155521745725,0.0024267796483301743,3.1246344370904944,0.3747873902320862,0.00359356333501637,0.045828964561223984,3.1246344370904944,0.0,0.0,0.0,0.0,0.0,0.0,0.008515604071270659,-0.03355802657084907,-0.0163653985596822,0.0,0.0,0.0,-0.035261155521745725,0.0024267796483301743,3.1246344370904944,0.0,0.0,0.0,0.0,0.0,0.0,zero,0.0,0.0,0.0,0.0,0.008515604071270659,-0.03355802657084907,-0.0163653985596822,-0.15440096283594737,0.3586412005487706,0.05127055846687863,1,0.0042018890380859375,,,,,,,,,,,,,,,,,,,,,,2.6303784199999427,2,radio://0/80/2M/E7E7E7E702,0.0,aborted,cf5 起飞前预检失败（电压或 EKF 对齐）,0.0,0.0,0.0,0,0.0,global_abort:cf5 起飞前预检失败（电压或 EKF 对齐）,,,,,
2.6303784199999427,1788684527.3248188,control,aborted,1,1,0.003392702999917674,4.122580528259277,4122.0,0,90.0,2.566644697999436,4.122580528259277,1,1,0,1.0187793716120355,-0.31368258595466614,0.31577080488204956,0.04026777669787407,-0.002109696390107274,-0.013767652213573456,0.024183738976716995,-0.6446701288223267,-14.951031684875488,10.44856071472168,-0.03955239802598953,0.04630545526742935,-0.0632551982998848,-0.006533882369463861,-0.010814173262047786,-0.5960979697992579,-0.31368258595466614,0.31577080488204956,0.04026777669787407,-0.5960979697992579,0.0,0.0,0.0,0.0,0.0,0.0,-0.003337393342236795,-0.04272792273335751,0.034244219690501565,0.0,0.0,0.0,-0.006533882369463861,-0.010814173262047786,-0.5960979697992579,0.0,0.0,0.0,0.0,0.0,0.0,zero,0.0,0.0,0.0,0.0,-0.003337393342236795,-0.04272792273335751,0.034244219690501565,-0.06134044128284544,1.1295861336736561,-0.18696679036569838,1,0.004438161849975586,,,,,,,,,,,,,,,,,,,,,,2.6303784199999427,4,radio://0/80/2M/E7E7E7E704,2.0943951023931953,aborted,cf5 起飞前预检失败（电压或 EKF 对齐）,0.0,0.0,0.0,0,0.0,global_abort:cf5 起飞前预检失败（电压或 EKF 对齐）,,,,,
2.6303784199999427,1788684527.32502,control,aborted,1,1,0.0035940929992648307,3.763636350631714,3763.0,0,10.0,2.5389231419994758,nan,1,0,1,1.0,-0.2866423726081848,-0.4440588653087616,0.035648591816425323,0.0041715665720403194,0.00678207678720355,0.005423156078904867,3.0940566062927246,4.583500385284424,3.5078773498535156,0.08086882531642914,0.28146153688430786,-0.03535918518900871,-0.004080597953979933,-0.04934583262465429,0.9688723549522766,-0.2866423726081848,-0.4440588653087616,0.035648591816425323,0.9688723549522766,0.0,0.0,0.0,0.0,0.0,0.0,0.011163861441669611,0.01399609633167935,0.011663787741112656,0.0,0.0,0.0,-0.004080597953979933,-0.04934583262465429,0.9688723549522766,0.0,0.0,0.0,0.0,0.0,0.0,zero,0.0,0.0,0.0,0.0,0.011163861441669611,0.01399609633167935,0.011663787741112656,-0.09596045017692821,-0.0795208540836086,-0.06966265285939402,1,0.004639387130737305,,,,,,,,,,,,,,,,,,,,,,2.6303784199999427,5,radio://0/80/2M/E7E7E7E705,4.1887902047863905,aborted,cf5 起飞前预检失败（电压或 EKF 对齐）,0.0,0.0,0.0,0,0.0,global_abort:cf5 起飞前预检失败（电压或 EKF 对齐）,,,,,
2.6447237239999595,1788684527.338954,control,aborted,1,1,0.00844287399922905,4.170087814331055,4170.0,0,90.0,2.611386340999161,4.170087814331055,1,1,0,1.0071730349577168,0.3747355043888092,0.003651350038126111,0.04583427309989929,0.0028163734823465347,-0.011408532969653606,-0.00992351770401001,1.748952865600586,-7.584981918334961,-4.3224992752075195,-0.06684739142656326,0.14285536110401154,-0.12659651041030884,-0.03414975239538008,0.002625505600127742,3.1245429632606205,0.3747355043888092,0.003651350038126111,0.04583427309989929,3.1245429632606205,0.0,0.0,0.0,0.0,0.0,0.0,0.006952080936689037,-0.02869282134941181,-0.015513992935063689,0.0,0.0,0.0,-0.03414975239538008,0.002625505600127742,3.1245429632606205,0.0,0.0,0.0,0.0,0.0,0.0,zero,0.0,0.0,0.0,0.0,0.006952080936689037,-0.02869282134941181,-0.015513992935063689,-0.15966817631155616,0.49683847197835945,0.08694619246591155,1,0.008780956268310547,,,,,,,,,,,,,,,,,,,,,,2.6447237239999595,2,radio://0/80/2M/E7E7E7E702,0.0,aborted,cf5 起飞前预检失败（电压或 EKF 对齐）,0.0,0.0,0.0,0,0.0,global_abort:cf5 起飞前预检失败（电压或 EKF 对齐）,,,,,
2.6447237239999595,1788684527.3391933,control,aborted,1,1,0.008027339999898686,4.122580528259277,4122.0,0,90.0,2.580990001999453,4.122580528259277,1,1,0,1.0187793716120355,-0.3136822581291199,0.3157806098461151,0.040196578949689865,-0.0016810625093057752,-0.010813893750309944,0.017893057316541672,-0.5069829225540161,-11.900506973266602,8.230385780334473,-0.02698430046439171,0.03201885148882866,-0.053157828748226166,-0.006304452514026997,-0.011061065632483233,-0.5962214388192669,-0.3136822581291199,0.3157806098461151,0.040196578949689865,-0.5962214388192669,0.0,0.0,0.0,0.0,0.0,0.0,-0.0035599834565353972,-0.03147842079343614,0.03160104859934301,0.0,0.0,0.0,-0.006304452514026997,-0.011061065632483233,-0.5962214388192669,0.0,0.0,0.0,0.0,0.0,0.0,zero,0.0,0.0,0.0,0.0,-0.0035599834565353972,-0.03147842079343614,0.03160104859934301,-0.022731072428006534,1.1488077275180157,-0.2699226499885733,1,0.009020328521728516,,,,,,,,,,,,,,,,,,,,,,2.6447237239999595,4,radio://0/80/2M/E7E7E7E704,2.0943951023931953,aborted,cf5 起飞前预检失败（电压或 EKF 对齐）,0.0,0.0,0.0,0,0.0,global_abort:cf5 起飞前预检失败（电压或 EKF 对齐）,,,,,
2.6447237239999595,1788684527.3394017,control,aborted,1,1,0.008222114999625774,3.763636350631714,3763.0,0,10.0,2.5532684459994925,nan,1,0,1,1.0,-0.286635160446167,-0.4440721273422241,0.03561916947364807,0.0034845334012061357,0.0051548364572227,0.00373768899589777,2.4612152576446533,3.6335701942443848,2.7718827724456787,0.05624692142009735,0.21565817296504974,-0.04562501236796379,-0.004452257814446313,-0.04981519538397702,0.9680242182248459,-0.286635160446167,-0.4440721273422241,0.03561916947364807,0.9680242182248459,0.0,0.0,0.0,0.0,0.0,0.0,0.009591290180321906,0.012486929981660504,0.010309036104820535,0.0,0.0,0.0,-0.004452257814446313,-0.04981519538397702,0.9680242182248459,0.0,0.0,0.0,0.0,0.0,0.0,zero,0.0,0.0,0.0,0.0,0.009591290180321906,0.012486929981660504,0.010309036104820535,-0.16059217792549005,-0.1541172199685783,-0.13834827150142648,1,0.009228706359863281,,,,,,,,,,,,,,,,,,,,,,2.6447237239999595,5,radio://0/80/2M/E7E7E7E705,4.1887902047863905,aborted,cf5 起飞前预检失败（电压或 EKF 对齐）,0.0,0.0,0.0,0,0.0,global_abort:cf5 起飞前预检失败（电压或 EKF 对齐）,,,,,
2.659028400000352,1788684527.3532565,control,aborted,1,1,0.006603238999559835,4.170087814331055,4170.0,0,90.0,2.6256910169995535,4.170087814331055,1,1,0,1.0071730349577168,0.3747531473636627,0.003616510657593608,0.045835014432668686,0.002472299849614501,-0.00955967977643013,-0.007929603569209576,1.3948874473571777,-6.04501485824585,-3.4332265853881836,-0.05661841854453087,0.12332577258348465,-0.09986131638288498,-0.034402261412690774,0.0033567111570838434,3.1246319189936145,0.3747531473636627,0.003616510657593608,0.045835014432668686,3.1246319189936145,0.0,0.0,0.0,0.0,0.0,0.0,0.005150470166004409,-0.021405504928902724,-0.01340944089822477,0.0,0.0,0.0,-0.034402261412690774,0.0033567111570838434,3.1246319189936145,0.0,0.0,0.0,0.0,0.0,0.0,zero,0.0,0.0,0.0,0.0,0.005150470166004409,-0.021405504928902724,-0.01340944089822477,-0.11191835157921769,0.45269736087868323,0.13073744818154598,1,0.006985902786254883,,,,,,,,,,,,,,,,,,,,,,2.659028400000352,2,radio://0/80/2M/E7E7E7E702,0.0,aborted,cf5 起飞前预检失败（电压或 EKF 对齐）,0.0,0.0,0.0,0,0.0,global_abort:cf5 起飞前预检失败（电压或 EKF 对齐）,,,,,
2.659028400000352,1788684527.3535047,control,aborted,1,1,0.006326198999886401,4.122580528259277,4122.0,0,90.0,2.5952946779998456,4.122580528259277,1,1,0,1.0187793716120355,-0.313650518655777,0.3157711625099182,0.04015543684363365,-0.0009505104972049594,-0.008768491446971893,0.013803285546600819,-0.3965097665786743,-9.494993209838867,6.533496379852295,-0.018217990174889565,0.036631617695093155,-0.03645232319831848,-0.006038386107421086,-0.010171369532180992,-0.5957380066963008,-0.313650518655777,0.3157711625099182,0.04015543684363365,-0.5957380066963008,0.0,0.0,0.0,0.0,0.0,0.0,-0.002998821337156155,-0.020586625626043888,0.02629062256764362,0.0,0.0,0.0,-0.006038386107421086,-0.010171369532180992,-0.5957380066963008,0.0,0.0,0.0,0.0,0.0,0.0,zero,0.0,0.0,0.0,0.0,-0.002998821337156155,-0.020586625626043888,0.02629062256764362,0.034860104297533,0.6766121632420097,-0.32989041657722223,1,0.007234096527099609,,,,,,,,,,,,,,,,,,,,,,2.659028400000352,4,radio://0/80/2M/E7E7E7E704,2.0943951023931953,aborted,cf5 起飞前预检失败（电压或 EKF 对齐）,0.0,0.0,0.0,0,0.0,global_abort:cf5 起飞前预检失败（电压或 EKF 对齐）,,,,,
2.659028400000352,1788684527.3537092,control,aborted,1,1,0.006120482999904198,3.763636350631714,3763.0,0,10.0,2.567573121999885,nan,1,0,1,1.0,-0.2866254150867462,-0.44404101371765137,0.03564286604523659,0.002908705733716488,0.004510432947427034,0.0032845637761056423,1.961817979812622,2.8988499641418457,2.211876392364502,0.04794291406869888,0.18542611598968506,-0.02992546185851097,-0.004241075003965477,-0.04877464846035914,0.9685495022371122,-0.2866254150867462,-0.44404101371765137,0.03564286604523659,0.9685495022371122,0.0,0.0,0.0,0.0,0.0,0.0,0.007007820596699538,0.009595206300989964,0.007745475133869342,0.0,0.0,0.0,-0.004241075003965477,-0.04877464846035914,0.9685495022371122,0.0,0.0,0.0,0.0,0.0,0.0,zero,0.0,0.0,0.0,0.0,0.007007820596699538,0.009595206300989964,0.007745475133869342,-0.16048841506658415,-0.17963755147858596,-0.15925166673634397,1,0.00743865966796875,,,,,,,,,,,,,,,,,,,,,,2.659028400000352,5,radio://0/80/2M/E7E7E7E705,4.1887902047863905,aborted,cf5 起飞前预检失败（电压或 EKF 对齐）,0.0,0.0,0.0,0,0.0,global_abort:cf5 起飞前预检失败（电压或 EKF 对齐）,,,,,
2.6732008020007925,1788684527.3674283,control,aborted,1,1,0.006988728000578703,4.170087814331055,4170.0,0,90.0,2.639863418999994,4.170087814331055,1,1,0,1.0071730349577168,0.3747457265853882,0.0036488277837634087,0.045827463269233704,0.004561505746096373,-0.009271367453038692,-0.004564092494547367,1.5074588060379028,-4.350186347961426,-1.7654601335525513,-0.05863788351416588,0.16722333431243896,0.06136064976453781,-0.03502618366721813,0.0031552240283770367,3.1254591479528093,0.3747457265853882,0.0036488277837634087,0.045827463269233704,3.1254591479528093,0.0,0.0,0.0,0.0,0.0,0.0,0.002372818946399539,-0.009877983990179202,-0.009320376006678361,0.0,0.0,0.0,-0.03502618366721813,0.0031552240283770367,3.1254591479528093,0.0,0.0,0.0,0.0,0.0,0.0,zero,0.0,0.0,0.0,0.0,0.002372818946399539,-0.009877983990179202,-0.009320376006678361,-1.4314812451365893,5.943100737383047,2.110261705301128,1,0.007890462875366211,,,,,,,,,,,,,,,,,,,,,,2.6732008020007925,2,radio://0/80/2M/E7E7E7E702,0.0,aborted,cf5 起飞前预检失败（电压或 EKF 对齐）,0.0,0.0,0.0,0,0.0,global_abort:cf5 起飞前预检失败（电压或 EKF 对齐）,,,,,
2.6732008020007925,1788684527.3676813,control,aborted,1,1,0.007226469000670477,4.122580528259277,4122.0,0,90.0,2.609467080000286,4.122580528259277,1,1,0,1.0187793716120355,-0.3136320114135742,0.31574541330337524,0.040185511112213135,0.006334240548312664,-0.015113634057343006,0.011295701377093792,1.3005841970443726,-7.835261344909668,4.135762691497803,0.09265460819005966,-0.3190709948539734,-0.027537956833839417,-0.006418302160003093,-0.011803211321610078,-0.5954278288440985,-0.3136320114135742,0.31574541330337524,0.040185511112213135,-0.5954278288440985,0.0,0.0,0.0,0.0,0.0,0.0,-0.0017302322152797154,-0.005902646533235953,0.01654360432167216,0.0,0.0,0.0,-0.006418302160003093,-0.011803211321610078,-0.5954278288440985,0.0,0.0,0.0,0.0,0.0,0.0,zero,0.0,0.0,0.0,0.0,-0.0017302322152797154,-0.005902646533235953,0.01654360432167216,0.6562014291288526,7.565287215290624,-5.027981195783598,1,0.008143424987792969,,,,,,,,,,,,,,,,,,,,,,2.6732008020007925,4,radio://0/80/2M/E7E7E7E704,2.0943951023931953,aborted,cf5 起飞前预检失败（电压或 EKF 对齐）,0.0,0.0,0.0,0,0.0,global_abort:cf5 起飞前预检失败（电压或 EKF 对齐）,,,,,
2.6732008020007925,1788684527.3680055,control,aborted,1,1,0.007543982000242977,3.763636350631714,3763.0,0,10.0,2.5817455240003255,nan,1,0,1,1.0,-0.2866128087043762,-0.44403088092803955,0.03562064841389656,0.008674192242324352,0.0024671207647770643,0.00564702320843935,2.6597464084625244,1.560166358947754,2.18056583404541,0.14772146940231323,0.36387044191360474,0.08557827770709991,-0.0033132603341338366,-0.048443288129840195,0.9686342364677737,-0.2866128087043762,-0.44403088092803955,0.03562064841389656,0.9686342364677737,0.0,0.0,0.0,0.0,0.0,0.0,0.0029614467821505947,0.0048937535080170735,0.003512794760339083,0.0,0.0,0.0,-0.0033132603341338366,-0.048443288129840195,0.9686342364677737,0.0,0.0,0.0,0.0,0.0,0.0,zero,0.0,0.0,0.0,0.0,0.0029614467821505947,0.0048937535080170735,0.003512794760339083,-2.084729694472627,-2.4243484765580425,-2.181879010950444,1,0.008467674255371094,,,,,,,,,,,,,,,,,,,,,,2.6732008020007925,5,radio://0/80/2M/E7E7E7E705,4.1887902047863905,aborted,cf5 起飞前预检失败（电压或 EKF 对齐）,0.0,0.0,0.0,0,0.0,global_abort:cf5 起飞前预检失败（电压或 EKF 对齐）,,,,,
2.6874931210004434,1788684527.3817081,control,aborted,1,1,0.0006679919997623074,4.170087814331055,4170.0,0,90.0,2.6541557379996448,4.170087814331055,1,1,0,1.0071730349577168,0.3747607469558716,0.003654675092548132,0.04583016782999039,0.0031901588663458824,-0.00585939921438694,-0.0029082142282277346,0.940755307674408,-2.7245521545410156,-1.1014467477798462,-0.02239222638309002,0.0943060964345932,0.026485195383429527,-0.03420259864857961,0.00242724875696833,3.1247789212519828,0.3747607469558716,0.003654675092548132,0.04583016782999039,3.1247789212519828,0.0,0.0,0.0,0.0,0.0,0.0,0.0018638282791146505,-0.005065389965342804,-0.006168904693829964,0.0,0.0,0.0,-0.03420259864857961,0.00242724875696833,3.1247789212519828,0.0,0.0,0.0,0.0,0.0,0.0,zero,0.0,0.0,0.0,0.0,0.0018638282791146505,-0.005065389965342804,-0.006168904693829964,0.009958775611126708,0.11923564619401711,0.127573062620469,1,0.0016090869903564453,,,,,,,,,,,,,,,,,,,,,,2.6874931210004434,2,radio://0/80/2M/E7E7E7E702,0.0,aborted,cf5 起飞前预检失败（电压或 EKF 对齐）,0.0,0.0,0.0,0,0.0,global_abort:cf5 起飞前预检失败（电压或 EKF 对齐）,,,,,
2.6874931210004434,1788684527.3819609,control,aborted,1,1,0.0012190079996798886,4.122580528259277,4122.0,0,90.0,2.623759398999937,4.122580528259277,1,1,0,1.0187793716120355,-0.3136971592903137,0.31578072905540466,0.040193211287260056,0.002911337884142995,-0.009045795537531376,0.007422338239848614,0.7719522714614868,-4.907341480255127,2.5798470973968506,0.060021333396434784,-0.19896814227104187,-0.026027193292975426,-0.0063326628020544205,-0.011508984314665046,-0.5958825172400538,-0.3136971592903137,0.31578072905540466,0.040193211287260056,-0.5958825172400538,0.0,0.0,0.0,0.0,0.0,0.0,0.0008050317430169592,-0.0026767838878862834,0.0108981003268363,0.0,0.0,0.0,-0.0063326628020544205,-0.011508984314665046,-0.5958825172400538,0.0,0.0,0.0,0.0,0.0,0.0,zero,0.0,0.0,0.0,0.0,0.0008050317430169592,-0.0026767838878862834,0.0108981003268363,0.12815422612639193,-0.013531923286976217,-0.19341174374172637,1,0.0018618106842041016,,,,,,,,,,,,,,,,,,,,,,2.6874931210004434,4,radio://0/80/2M/E7E7E7E704,2.0943951023931953,aborted,cf5 起飞前预检失败（电压或 EKF 对齐）,0.0,0.0,0.0,0,0.0,global_abort:cf5 起飞前预检失败（电压或 EKF 对齐）,,,,,
2.6874931210004434,1788684527.3821745,control,aborted,1,1,0.0008971099996415433,3.763636350631714,3763.0,0,10.0,2.5960378429999764,nan,1,0,1,1.0,-0.2866208255290985,-0.44403743743896484,0.03566847741603851,0.005359504371881485,0.001512829097919166,0.004456483758985996,1.642628788948059,0.9827460646629333,1.374670386314392,0.07398801296949387,0.23648393154144287,0.059337910264730453,-0.004477757101584876,-0.04809772430360074,0.9688948021804433,-0.2866208255290985,-0.44403743743896484,0.03566847741603851,0.9688948021804433,0.0,0.0,0.0,0.0,0.0,0.0,0.0026591117953603683,0.002428168237123391,0.002444394539235732,0.0,0.0,0.0,-0.004477757101584876,-0.04809772430360074,0.9688948021804433,0.0,0.0,0.0,0.0,0.0,0.0,zero,0.0,0.0,0.0,0.0,0.0026591117953603683,0.002428168237123391,0.002444394539235732,0.037754740866973495,-0.07809366320200337,-0.0006373577047860598,1,0.0020754337310791016,,,,,,,,,,,,,,,,,,,,,,2.6874931210004434,5,radio://0/80/2M/E7E7E7E705,4.1887902047863905,aborted,cf5 起飞前预检失败（电压或 EKF 对齐）,0.0,0.0,0.0,0,0.0,global_abort:cf5 起飞前预检失败（电压或 EKF 对齐）,,,,,
2.701906357000553,1788684527.3961096,control,aborted,1,1,0.007248089999848162,4.170087814331055,4170.0,0,90.0,2.6685689739997542,4.170087814331055,1,1,0,1.0071730349577168,0.37474724650382996,0.003640002803876996,0.04585765302181244,0.0022277876269072294,-0.005040011368691921,-0.0016662573907524347,0.7294839024543762,-2.159956455230713,-0.851320207118988,-0.03074166551232338,0.06048235669732094,0.01851624809205532,-0.03473674059677405,0.0018009796223042152,3.1246892358753358,0.37474724650382996,0.003640002803876996,0.04585765302181244,3.1246892358753358,0.0,0.0,0.0,0.0,0.0,0.0,0.002068786859798202,-0.004350654122441924,-0.004938627138962382,0.0,0.0,0.0,-0.03473674059677405,0.0018009796223042152,3.1246892358753358,0.0,0.0,0.0,0.0,0.0,0.0,zero,0.0,0.0,0.0,0.0,0.002068786859798202,-0.004350654122441924,-0.004938627138962382,0.024615828960723354,0.08584083282714927,0.1477581556421648,1,0.007684230804443359,,,,,,,,,,,,,,,,,,,,,,2.701906357000553,2,radio://0/80/2M/E7E7E7E702,0.0,aborted,cf5 起飞前预检失败（电压或 EKF 对齐）,0.0,0.0,0.0,0,0.0,global_abort:cf5 起飞前预检失败（电压或 EKF 对齐）,,,,,
2.701906357000553,1788684527.3963418,control,aborted,1,1,0.006873483000163105,4.122580528259277,4122.0,0,90.0,2.6381726350000463,4.122580528259277,1,1,0,1.0187793716120355,-0.31369906663894653,0.3157820701599121,0.04023497924208641,0.002283247420564294,-0.007204417604953051,0.006941318977624178,0.6024723649024963,-3.8816354274749756,2.052321672439575,0.04800717532634735,-0.15989509224891663,-0.01901032216846943,-0.006333944424479944,-0.011538499101788155,-0.5958069397002707,-0.31369906663894653,0.3157820701599121,0.04023497924208641,-0.5958069397002707,0.0,0.0,0.0,0.0,0.0,0.0,0.0019457314845914941,-0.003463122809596134,0.009244622955643975,0.0,0.0,0.0,-0.006333944424479944,-0.011538499101788155,-0.5958069397002707,0.0,0.0,0.0,0.0,0.0,0.0,zero,0.0,0.0,0.0,0.0,0.0019457314845914941,-0.003463122809596134,0.009244622955643975,0.1369997276546986,-0.0944404685932856,-0.198585080087663,1,0.007916450500488281,,,,,,,,,,,,,,,,,,,,,,2.701906357000553,4,radio://0/80/2M/E7E7E7E704,2.0943951023931953,aborted,cf5 起飞前预检失败（电压或 EKF 对齐）,0.0,0.0,0.0,0,0.0,global_abort:cf5 起飞前预检失败（电压或 EKF 对齐）,,,,,
2.701906357000553,1788684527.3965416,control,aborted,1,1,0.0070150980000107666,3.763636350631714,3763.0,0,10.0,2.610451079000086,nan,1,0,1,1.0,-0.286640465259552,-0.444059282541275,0.035618074238300323,0.0038157717790454626,0.00068544881651178,0.002354283118620515,1.2770158052444458,0.7663196325302124,1.0492323637008667,0.06245358660817146,0.14812614023685455,0.034873344004154205,-0.004316607303999176,-0.049809153488185404,0.9683773397301038,-0.286640465259552,-0.444059282541275,0.035618074238300323,0.9683773397301038,0.0,0.0,0.0,0.0,0.0,0.0,0.0031778499781630973,0.0018023536736650665,0.002614023472428683,0.0,0.0,0.0,-0.004316607303999176,-0.049809153488185404,0.9683773397301038,0.0,0.0,0.0,0.0,0.0,0.0,zero,0.0,0.0,0.0,0.0,0.0031778499781630973,0.0018023536736650665,0.002614023472428683,0.06230122369447692,-0.07516125552705964,0.020372685995101437,1,0.00811624526977539,,,,,,,,,,,,,,,,,,,,,,2.701906357000553,5,radio://0/80/2M/E7E7E7E705,4.1887902047863905,aborted,cf5 起飞前预检失败（电压或 EKF 对齐）,0.0,0.0,0.0,0,0.0,global_abort:cf5 起飞前预检失败（电压或 EKF 对齐）,,,,,
2.716517391000707,1788684527.4107,control,aborted,1,1,0.0004802330004167743,4.170087814331055,4170.0,0,90.0,2.6831800079999084,4.170087814331055,1,1,0,1.0071730349577168,0.37475407123565674,0.0036297901533544064,0.04587069898843765,0.007880004122853279,-0.0172989871352911,0.003958281595259905,5.860586643218994,-13.156245231628418,4.076004981994629,-0.511455237865448,0.8369895219802856,0.256568968296051,-0.035419461489680365,0.0030079198007307586,3.125569327312884,0.37475407123565674,0.0036297901533544064,0.04587069898843765,3.125569327312884,0.0,0.0,0.0,0.0,0.0,0.0,0.002474628714806312,-0.004601730167251819,-0.0011338990913153674,0.0,0.0,0.0,-0.035419461489680365,0.0030079198007307586,3.125569327312884,0.0,0.0,0.0,0.0,0.0,0.0,zero,0.0,0.0,0.0,0.0,0.002474628714806312,-0.004601730167251819,-0.0011338990913153674,0.8851576984435597,-0.5481334092672466,8.296561223980722,1,0.0008692741394042969,,,,,,,,,,,,,,,,,,,,,,2.716517391000707,2,radio://0/80/2M/E7E7E7E702,0.0,aborted,cf5 起飞前预检失败（电压或 EKF 对齐）,0.0,0.0,0.0,0,0.0,global_abort:cf5 起飞前预检失败（电压或 EKF 对齐）,,,,,
2.716517391000707,1788684527.4108503,control,aborted,1,1,0.021484517000317283,4.122580528259277,4122.0,0,90.0,2.6527836690002005,4.122580528259277,1,1,0,1.0187793716120355,-0.31369906663894653,0.3157820701599121,0.04023497924208641,0.002283247420564294,-0.007204417604953051,0.006941318977624178,0.6024723649024963,-3.8816354274749756,2.052321672439575,0.04800717532634735,-0.15989509224891663,-0.01901032216846943,-0.006333944424479944,-0.011538499101788155,-0.5958069397002707,-0.31369906663894653,0.3157820701599121,0.04023497924208641,-0.5958069397002707,0.0,0.0,0.0,0.0,0.0,0.0,0.0019457314845914941,-0.003463122809596134,0.009244622955643975,0.0,0.0,0.0,-0.006333944424479944,-0.011538499101788155,-0.5958069397002707,0.0,0.0,0.0,0.0,0.0,0.0,zero,0.0,0.0,0.0,0.0,0.0019457314845914941,-0.003463122809596134,0.009244622955643975,0.1369997276546986,-0.0944404685932856,-0.198585080087663,1,0.022424936294555664,,,,,,,,,,,,,,,,,,,,,,2.716517391000707,4,radio://0/80/2M/E7E7E7E704,2.0943951023931953,aborted,cf5 起飞前预检失败（电压或 EKF 对齐）,0.0,0.0,0.0,0,0.0,global_abort:cf5 起飞前预检失败（电压或 EKF 对齐）,,,,,
2.716517391000707,1788684527.4114182,control,aborted,1,1,0.00010060800013889093,3.763636350631714,3763.0,0,10.0,2.62506211300024,nan,1,0,1,1.0,-0.28668445348739624,-0.44408467411994934,0.03569190204143524,0.002637228462845087,0.00030858174432069063,0.0025805961340665817,1.0104835033416748,0.6094968914985657,0.8415230512619019,0.048552948981523514,0.11673297733068466,0.030316147953271866,-0.0044787415362308285,-0.04999524398706538,0.9686344619490117,-0.28668445348739624,-0.44408467411994934,0.03569190204143524,0.9686344619490117,0.0,0.0,0.0,0.0,0.0,0.0,0.0036962814169937677,0.0011128201003478058,0.002826745650205637,0.0,0.0,0.0,-0.0044787415362308285,-0.04999524398706538,0.9686344619490117,0.0,0.0,0.0,0.0,0.0,0.0,zero,0.0,0.0,0.0,0.0,0.0036962814169937677,0.0011128201003478058,0.002826745650205637,0.024479983986819578,-0.0325593117409191,0.010044598216046982,1,0.0018150806427001953,,,,,,,,,,,,,,,,,,,,,,2.716517391000707,5,radio://0/80/2M/E7E7E7E705,4.1887902047863905,aborted,cf5 起飞前预检失败（电压或 EKF 对齐）,0.0,0.0,0.0,0,0.0,global_abort:cf5 起飞前预检失败（电压或 EKF 对齐）,,,,,
2.7303451660000064,1788684527.424585,control,aborted,1,1,0.01430800799971621,4.170087814331055,4170.0,0,90.0,2.697007782999208,4.170087814331055,1,1,0,1.0071730349577168,0.37475407123565674,0.0036297901533544064,0.04587069898843765,0.007880004122853279,-0.0172989871352911,0.003958281595259905,5.860586643218994,-13.156245231628418,4.076004981994629,-0.511455237865448,0.8369895219802856,0.256568968296051,-0.035419461489680365,0.0030079198007307586,3.125569327312884,0.37475407123565674,0.0036297901533544064,0.04587069898843765,3.125569327312884,0.0,0.0,0.0,0.0,0.0,0.0,0.002474628714806312,-0.004601730167251819,-0.0011338990913153674,0.0,0.0,0.0,-0.035419461489680365,0.0030079198007307586,3.125569327312884,0.0,0.0,0.0,0.0,0.0,0.0,zero,0.0,0.0,0.0,0.0,0.002474628714806312,-0.004601730167251819,-0.0011338990913153674,0.8851576984435597,-0.5481334092672466,8.296561223980722,1,0.014754295349121094,,,,,,,,,,,,,,,,,,,,,,2.7303451660000064,2,radio://0/80/2M/E7E7E7E702,0.0,aborted,cf5 起飞前预检失败（电压或 EKF 对齐）,0.0,0.0,0.0,0,0.0,global_abort:cf5 起飞前预检失败（电压或 EKF 对齐）,,,,,
2.7303451660000064,1788684527.424833,control,aborted,1,1,0.012491023999245954,4.122580528259277,4122.0,0,90.0,2.6666114439995,4.122580528259277,1,1,0,1.0187793716120355,-0.3136422038078308,0.31577494740486145,0.04027017578482628,0.017361773177981377,0.010649486444890499,0.026307523250579834,13.797347068786621,12.24661636352539,19.571659088134766,0.22227486968040466,-0.5276498794555664,-0.40052172541618347,-0.006447268177812216,-0.01163270122142208,-0.5960640958325492,-0.3136422038078308,0.31577494740486145,0.04027017578482628,-0.5960640958325492,0.0,0.0,0.0,0.0,0.0,0.0,0.00305462126393728,-0.007879063370635469,0.0057784545561122645,0.0,0.0,0.0,-0.006447268177812216,-0.01163270122142208,-0.5960640958325492,0.0,0.0,0.0,0.0,0.0,0.0,zero,0.0,0.0,0.0,0.0,0.00305462126393728,-0.007879063370635469,0.0057784545561122645,2.4186184603013765,-9.627827005991668,-7.556904333522034,1,0.015002250671386719,,,,,,,,,,,,,,,,,,,,,,2.7303451660000064,4,radio://0/80/2M/E7E7E7E704,2.0943951023931953,aborted,cf5 起飞前预检失败（电压或 EKF 对齐）,0.0,0.0,0.0,0,0.0,global_abort:cf5 起飞前预检失败（电压或 EKF 对齐）,,,,,
2.7303451660000064,1788684527.425037,control,aborted,1,1,0.013264389999676496,3.763636350631714,3763.0,0,10.0,2.6388898879995395,nan,1,0,1,1.0,-0.28664422035217285,-0.44402986764907837,0.03562759980559349,0.037693701684474945,0.048720069229602814,-0.05480719357728958,31.813838958740234,43.304805755615234,-50.0830192565918,0.43275636434555054,-0.23496755957603455,0.026308879256248474,-0.004033555204414759,-0.05036648441707815,0.9686382824421305,-0.28664422035217285,-0.44402986764907837,0.03562759980559349,0.9686382824421305,0.0,0.0,0.0,0.0,0.0,0.0,0.004208218992665801,0.00043411764751637616,0.0030350175843146224,0.0,0.0,0.0,-0.004033555204414759,-0.05036648441707815,0.9686382824421305,0.0,0.0,0.0,0.0,0.0,0.0,zero,0.0,0.0,0.0,0.0,0.004208218992665801,0.00043411764751637616,0.0030350175843146224,2.2483998129754044,-2.980821374576625,0.9147181218021505,1,0.015206098556518555,,,,,,,,,,,,,,,,,,,,,,2.7303451660000064,5,radio://0/80/2M/E7E7E7E705,4.1887902047863905,aborted,cf5 起飞前预检失败（电压或 EKF 对齐）,0.0,0.0,0.0,0,0.0,global_abort:cf5 起飞前预检失败（电压或 EKF 对齐）,,,,,
2.7446755330001906,1788684527.438905,control,aborted,1,1,0.009330695000244305,4.170087814331055,4170.0,0,90.0,2.711338149999392,4.170087814331055,1,1,0,1.0071730349577168,0.37476807832717896,0.003674571868032217,0.045845724642276764,0.006449511274695396,-0.013373990543186665,0.002907188143581152,4.673609256744385,-10.484223365783691,3.249885082244873,-0.39960816502571106,0.6663426756858826,0.20399175584316254,-0.034499878386558464,0.002691109229215773,3.125458710428771,0.37476807832717896,0.003674571868032217,0.045845724642276764,3.125458710428771,0.0,0.0,0.0,0.0,0.0,0.0,0.004091507931376928,-0.008342102683783523,0.0010025433080889845,0.0,0.0,0.0,-0.034499878386558464,0.002691109229215773,3.125458710428771,0.0,0.0,0.0,0.0,0.0,0.0,zero,0.0,0.0,0.0,0.0,0.004091507931376928,-0.008342102683783523,0.0010025433080889845,0.08397225103179753,-0.19425538821434843,0.11095564569026228,1,0.009819269180297852,,,,,,,,,,,,,,,,,,,,,,2.7446755330001906,2,radio://0/80/2M/E7E7E7E702,0.0,aborted,cf5 起飞前预检失败（电压或 EKF 对齐）,0.0,0.0,0.0,0,0.0,global_abort:cf5 起飞前预检失败（电压或 EKF 对齐）,,,,,
2.7446755330001906,1788684527.439765,control,aborted,1,1,0.00905893199978891,4.122580528259277,4122.0,0,90.0,2.680941810999684,4.122580528259277,1,1,0,1.0187793716120355,-0.31372126936912537,0.3157581686973572,0.04022634029388428,0.013068074360489845,0.008345289155840874,0.0205906480550766,10.993274688720703,9.773357391357422,15.597939491271973,0.18117953836917877,-0.40946683287620544,-0.3132701516151428,-0.006131356193757558,-0.010410367386448406,-0.5953836787497849,-0.31372126936912537,0.3157581686973572,0.04022634029388428,-0.5953836787497849,0.0,0.0,0.0,0.0,0.0,0.0,0.00739246137192688,-0.0024645270909173962,0.011401931179853712,0.0,0.0,0.0,-0.006131356193757558,-0.010410367386448406,-0.5953836787497849,0.0,0.0,0.0,0.0,0.0,0.0,zero,0.0,0.0,0.0,0.0,0.00739246137192688,-0.0024645270909173962,0.011401931179853712,0.22528473045530906,0.281202699027583,0.2920539678417213,1,0.010679244995117188,,,,,,,,,,,,,,,,,,,,,,2.7446755330001906,4,radio://0/80/2M/E7E7E7E704,2.0943951023931953,aborted,cf5 起飞前预检失败（电压或 EKF 对齐）,0.0,0.0,0.0,0,0.0,global_abort:cf5 起飞前预检失败（电压或 EKF 对齐）,,,,,
2.7446755330001906,1788684527.440144,control,aborted,1,1,-0.0005333710005288594,3.763636350631714,3763.0,0,10.0,2.6532202549997237,nan,1,0,1,1.0,-0.2867070138454437,-0.44404715299606323,0.03561889007687569,0.022826803848147392,0.03125876933336258,-0.03499072790145874,20.145267486572266,27.477441787719727,-31.77427101135254,0.28927502036094666,-0.12466945499181747,0.018617693334817886,-0.0034303048172202345,-0.04929210128463172,0.9686649385261205,-0.2867070138454437,-0.44404715299606323,0.03561889007687569,0.9686649385261205,0.0,0.0,0.0,0.0,0.0,0.0,0.022227787717229365,0.026445682060297956,-0.028825675596962058,0.0,0.0,0.0,-0.0034303048172202345,-0.04929210128463172,0.9686649385261205,0.0,0.0,0.0,0.0,0.0,0.0,zero,0.0,0.0,0.0,0.0,0.022227787717229365,0.026445682060297956,-0.028825675596962058,0.8131646452241955,1.1872623122603323,-1.4533448476283681,1,0.0014884471893310547,,,,,,,,,,,,,,,,,,,,,,2.7446755330001906,5,radio://0/80/2M/E7E7E7E705,4.1887902047863905,aborted,cf5 起飞前预检失败（电压或 EKF 对齐）,0.0,0.0,0.0,0,0.0,global_abort:cf5 起飞前预检失败（电压或 EKF 对齐）,,,,,
2.7589720770001804,1788684527.4531684,control,aborted,1,1,0.0011896939995494904,4.170087814331055,4170.0,0,90.0,2.725634693999382,4.170087814331055,1,1,0,1.0071730349577168,0.37474557757377625,0.003658844158053398,0.04582120105624199,-0.016305647790431976,-0.047955624759197235,0.06108338385820389,-35.24959182739258,-78.74998474121094,113.52302551269531,0.3911234438419342,1.82052481174469,-0.45205843448638916,-0.03519822775969683,0.002673220183967804,3.1248452550777617,0.37474557757377625,0.003658844158053398,0.04582120105624199,3.1248452550777617,0.0,0.0,0.0,0.0,0.0,0.0,0.0063828931094947125,-0.013772237756991776,0.0036529463065971585,0.0,0.0,0.0,-0.03519822775969683,0.002673220183967804,3.1248452550777617,0.0,0.0,0.0,0.0,0.0,0.0,zero,0.0,0.0,0.0,0.0,0.0063828931094947125,-0.013772237756991776,0.0036529463065971585,5.075483064845108,-12.353816258275929,5.669247657852337,1,0.002630472183227539,,,,,,,,,,,,,,,,,,,,,,2.7589720770001804,2,radio://0/80/2M/E7E7E7E702,0.0,aborted,cf5 起飞前预检失败（电压或 EKF 对齐）,0.0,0.0,0.0,0,0.0,global_abort:cf5 起飞前预检失败（电压或 EKF 对齐）,,,,,
2.7589720770001804,1788684527.4533985,control,aborted,1,1,0.0014049319997866405,4.122580528259277,4122.0,0,90.0,2.695238354999674,4.122580528259277,1,1,0,1.0187793716120355,-0.31368568539619446,0.315763920545578,0.04017775505781174,0.015856115147471428,0.07452654093503952,0.020230211317539215,18.543371200561523,134.58790588378906,22.690574645996094,-0.03648166358470917,-1.0191370248794556,-0.6527746319770813,-0.006596547272212792,-0.011930850072567147,-0.5960259706272993,-0.31368568539619446,0.315763920545578,0.04017775505781174,-0.5960259706272993,0.0,0.0,0.0,0.0,0.0,0.0,0.013921301846680232,0.008082795610734314,0.02023376636209801,0.0,0.0,0.0,-0.006596547272212792,-0.011930850072567147,-0.5960259706272993,0.0,0.0,0.0,0.0,0.0,0.0,zero,0.0,0.0,0.0,0.0,0.013921301846680232,0.008082795610734314,0.02023376636209801,15.431060141173935,28.538637342455086,20.839352527225465,1,0.002860546112060547,,,,,,,,,,,,,,,,,,,,,,2.7589720770001804,4,radio://0/80/2M/E7E7E7E704,2.0943951023931953,aborted,cf5 起飞前预检失败（电压或 EKF 对齐）,0.0,0.0,0.0,0,0.0,global_abort:cf5 起飞前预检失败（电压或 EKF 对齐）,,,,,
2.7589720770001804,1788684527.4536014,control,aborted,1,1,0.0016097580000860034,3.763636350631714,3763.0,0,10.0,2.6675167989997135,nan,1,0,1,1.0,-0.2866321802139282,-0.4440120756626129,0.03568955138325691,0.06264793127775192,0.11777085065841675,0.11981742829084396,93.79672241210938,190.49794006347656,254.7169189453125,-2.2143194675445557,-4.112961292266846,-0.0745079293847084,-0.004611494911242351,-0.05095487240945247,0.9683986515201057,-0.2866321802139282,-0.4440120756626129,0.03568955138325691,0.9683986515201057,0.0,0.0,0.0,0.0,0.0,0.0,0.03027500351396794,0.039291099284620934,-0.04477005912319609,0.0,0.0,0.0,-0.004611494911242351,-0.05095487240945247,0.9683986515201057,0.0,0.0,0.0,0.0,0.0,0.0,zero,0.0,0.0,0.0,0.0,0.03027500351396794,0.039291099284620934,-0.04477005912319609,37.79946602731992,60.33858146448718,-74.88866477814565,1,0.0030634403228759766,,,,,,,,,,,,,,,,,,,,,,2.7589720770001804,5,radio://0/80/2M/E7E7E7E705,4.1887902047863905,aborted,cf5 起飞前预检失败（电压或 EKF 对齐）,0.0,0.0,0.0,0,0.0,global_abort:cf5 起飞前预检失败（电压或 EKF 对齐）,,,,,
2.7732499840003584,1788684527.4674406,control,aborted,1,1,0.007939418000205478,4.170087814331055,4170.0,0,90.0,2.73991260099956,4.170087814331055,1,1,0,1.0071730349577168,0.3747493624687195,0.0036451707128435373,0.04583532735705376,-0.012952722609043121,-0.03869612514972687,0.049209315329790115,-28.11835479736328,-62.77541732788086,90.53043365478516,0.32152608036994934,1.4338387250900269,-0.3504980206489563,-0.03484141523900757,0.0017588271024629623,3.1253372563904236,0.3747493624687195,0.0036451707128435373,0.04583532735705376,3.1253372563904236,0.0,0.0,0.0,0.0,0.0,0.0,0.0049580935524965435,-0.016845250230720064,0.008114244774449513,0.0,0.0,0.0,-0.03484141523900757,0.0017588271024629623,3.1253372563904236,0.0,0.0,0.0,0.0,0.0,0.0,zero,0.0,0.0,0.0,0.0,0.0049580935524965435,-0.016845250230720064,0.008114244774449513,-0.17274794707508956,-0.3725833529111537,0.5409042611119559,1,0.00865483283996582,,,,,,,,,,,,,,,,,,,,,,2.7732499840003584,2,radio://0/80/2M/E7E7E7E702,0.0,aborted,cf5 起飞前预检失败（电压或 EKF 对齐）,0.0,0.0,0.0,0,0.0,global_abort:cf5 起飞前预检失败（电压或 EKF 对齐）,,,,,
2.7732499840003584,1788684527.4676683,control,aborted,1,1,0.00778793500012398,4.122580528259277,4122.0,0,90.0,2.709516261999852,4.122580528259277,1,1,0,1.0187793716120355,-0.3136965036392212,0.31581777334213257,0.040211282670497894,0.012422516010701656,0.06092733144760132,0.0169973187148571,14.751420974731445,107.34049987792969,18.074052810668945,-0.03779063746333122,-0.7999874353408813,-0.5250458717346191,-0.006949957317640166,-0.011299890081788078,-0.5961467451929318,-0.3136965036392212,0.31581777334213257,0.040211282670497894,-0.5961467451929318,0.0,0.0,0.0,0.0,0.0,0.0,0.014832173349225928,0.014641691992586671,0.021265954448880527,0.0,0.0,0.0,-0.006949957317640166,-0.011299890081788078,-0.5961467451929318,0.0,0.0,0.0,0.0,0.0,0.0,zero,0.0,0.0,0.0,0.0,0.014832173349225928,0.014641691992586671,0.021265954448880527,0.11043741650614053,0.7952247594955445,0.12514628609424322,1,0.008882522583007812,,,,,,,,,,,,,,,,,,,,,,2.7732499840003584,4,radio://0/80/2M/E7E7E7E704,2.0943951023931953,aborted,cf5 起飞前预检失败（电压或 EKF 对齐）,0.0,0.0,0.0,0,0.0,global_abort:cf5 起飞前预检失败（电压或 EKF 对齐）,,,,,
2.7732499840003584,1788684527.4678748,control,aborted,1,1,0.008324493999680271,3.763636350631714,3763.0,0,10.0,2.6817947059998914,nan,1,0,1,1.0,-0.2866673767566681,-0.4440611004829407,0.035648997873067856,0.04926472157239914,0.09302768111228943,0.09487039595842361,74.7127914428711,151.7982635498047,203.1685028076172,-1.7692822217941284,-3.271268129348755,-0.05089806020259857,-0.004539865155904479,-0.05016567567088828,0.9687545631914413,-0.2866673767566681,-0.4440611004829407,0.035648997873067856,0.9687545631914413,0.0,0.0,0.0,0.0,0.0,0.0,0.03456397559041663,0.04822592647307185,-0.03689912131531953,0.0,0.0,0.0,-0.004539865155904479,-0.05016567567088828,0.9687545631914413,0.0,0.0,0.0,0.0,0.0,0.0,zero,0.0,0.0,0.0,0.0,0.03456397559041663,0.04822592647307185,-0.03689912131531953,0.5200107745891497,1.083291363121594,0.9543014953843993,1,0.009088993072509766,,,,,,,,,,,,,,,,,,,,,,2.7732499840003584,5,radio://0/80/2M/E7E7E7E705,4.1887902047863905,aborted,cf5 起飞前预检失败（电压或 EKF 对齐）,0.0,0.0,0.0,0,0.0,global_abort:cf5 起飞前预检失败（电压或 EKF 对齐）,,,,,
2.787505766000322,1788684527.4817054,control,aborted,1,1,0.002669943000000785,4.170087814331055,4170.0,0,90.0,2.7541683829995236,4.170087814331055,1,1,0,1.0071730349577168,0.3747360408306122,0.003663493087515235,0.045852575451135635,-0.008659153245389462,-0.024223709478974342,0.032112784683704376,-17.921287536621094,-39.91096878051758,57.63847732543945,0.21767522394657135,0.9365123510360718,-0.2389102280139923,-0.03395244032455894,0.002658067150437904,3.1243958384665036,0.3747360408306122,0.003663493087515235,0.045852575451135635,3.1243958384665036,0.0,0.0,0.0,0.0,0.0,0.0,-0.002096533048963611,-0.02598436249973351,0.02468574353917953,0.0,0.0,0.0,-0.03395244032455894,0.002658067150437904,3.1243958384665036,0.0,0.0,0.0,0.0,0.0,0.0,zero,0.0,0.0,0.0,0.0,-0.002096533048963611,-0.02598436249973351,0.02468574353917953,-0.372338297246073,-0.4299507676801383,0.8281705879047503,1,0.003144979476928711,,,,,,,,,,,,,,,,,,,,,,2.787505766000322,2,radio://0/80/2M/E7E7E7E702,0.0,aborted,cf5 起飞前预检失败（电压或 EKF 对齐）,0.0,0.0,0.0,0,0.0,global_abort:cf5 起飞前预检失败（电压或 EKF 对齐）,,,,,
2.787505766000322,1788684527.481936,control,aborted,1,1,0.0028718940002363524,4.122580528259277,4122.0,0,90.0,2.7237720439998157,4.122580528259277,1,1,0,1.0187793716120355,-0.31366878747940063,0.31573668122291565,0.04020276665687561,0.00835456233471632,0.03762572258710861,0.010641987435519695,9.365397453308105,68.28076171875,11.451122283935547,-0.020972298458218575,-0.5152276754379272,-0.33806613087654114,-0.006806392284733377,-0.011506555768797002,-0.5960881427853035,-0.31366878747940063,0.31573668122291565,0.04020276665687561,-0.5960881427853035,0.0,0.0,0.0,0.0,0.0,0.0,0.014495027863918089,0.03417818353825798,0.02011505652376943,0.0,0.0,0.0,-0.006806392284733377,-0.011506555768797002,-0.5960881427853035,0.0,0.0,0.0,0.0,0.0,0.0,zero,0.0,0.0,0.0,0.0,0.014495027863918089,0.03417818353825798,0.02011505652376943,-0.053601453691183396,0.9435798675452511,-0.10972776097625037,1,0.003375530242919922,,,,,,,,,,,,,,,,,,,,,,2.787505766000322,4,radio://0/80/2M/E7E7E7E704,2.0943951023931953,aborted,cf5 起飞前预检失败（电压或 EKF 对齐）,0.0,0.0,0.0,0,0.0,global_abort:cf5 起飞前预检失败（电压或 EKF 对齐）,,,,,
2.787505766000322,1788684527.4821355,control,aborted,1,1,0.002462495999679959,3.763636350631714,3763.0,0,10.0,2.6960504879998552,nan,1,0,1,1.0,-0.2866000831127167,-0.44408172369003296,0.03569723665714264,0.032873205840587616,0.059007469564676285,0.06167895346879959,47.52369689941406,96.5347900390625,129.43203735351562,-1.1032606363296509,-2.074864387512207,-0.027381375432014465,-0.0030779192789645664,-0.04921319915715891,0.9689190429919321,-0.2866000831127167,-0.44408172369003296,0.03569723665714264,0.9689190429919321,0.0,0.0,0.0,0.0,0.0,0.0,0.04196962004878978,0.0686807055679312,0.013318537332635317,0.0,0.0,0.0,-0.0030779192789645664,-0.04921319915715891,0.9689190429919321,0.0,0.0,0.0,0.0,0.0,0.0,zero,0.0,0.0,0.0,0.0,0.04196962004878978,0.0686807055679312,0.013318537332635317,0.28843187891795374,0.9068359921021647,2.695644296762535,1,0.0035750865936279297,,,,,,,,,,,,,,,,,,,,,,2.787505766000322,5,radio://0/80/2M/E7E7E7E705,4.1887902047863905,aborted,cf5 起飞前预检失败（电压或 EKF 对齐）,0.0,0.0,0.0,0,0.0,global_abort:cf5 起飞前预检失败（电压或 EKF 对齐）,,,,,
2.801893155000471,1788684527.4961166,control,aborted,1,1,0.006723213000441319,4.170087814331055,4170.0,0,90.0,2.7685557719996723,4.170087814331055,1,1,0,1.0071730349577168,0.3747236430644989,0.0036542806774377823,0.045864302664995193,-0.007174399681389332,-0.01956256292760372,0.025923941284418106,-14.307440757751465,-31.83588218688965,45.98744583129883,0.1516508311033249,0.7158794403076172,-0.18821901082992554,-0.03508053435207271,0.0009916550060226638,3.1245994426336363,0.3747236430644989,0.0036542806774377823,0.045864302664995193,3.1245994426336363,0.0,0.0,0.0,0.0,0.0,0.0,-0.004954200440010768,-0.028010024979057684,0.03000018424907514,0.0,0.0,0.0,-0.03508053435207271,0.0009916550060226638,3.1245994426336363,0.0,0.0,0.0,0.0,0.0,0.0,zero,0.0,0.0,0.0,0.0,-0.004954200440010768,-0.028010024979057684,0.03000018424907514,-0.28474867006244875,-0.2018445879286177,0.529550754930226,1,0.007520437240600586,,,,,,,,,,,,,,,,,,,,,,2.801893155000471,2,radio://0/80/2M/E7E7E7E702,0.0,aborted,cf5 起飞前预检失败（电压或 EKF 对齐）,0.0,0.0,0.0,0,0.0,global_abort:cf5 起飞前预检失败（电压或 EKF 对齐）,,,,,
2.801893155000471,1788684527.4963555,control,aborted,1,1,0.0071800980003899895,4.122580528259277,4122.0,0,90.0,2.7381594329999643,4.122580528259277,1,1,0,1.0187793716120355,-0.31368106603622437,0.3157466650009155,0.040241342037916183,0.006438948679715395,0.03029954619705677,0.009282365441322327,7.454141616821289,54.478607177734375,9.13380241394043,-0.016529740765690804,-0.4168819189071655,-0.26203209161758423,-0.006798873235480296,-0.011739500595656678,-0.5956639867474017,-0.31368106603622437,0.3157466650009155,0.040241342037916183,-0.5956639867474017,0.0,0.0,0.0,0.0,0.0,0.0,0.013329399030442663,0.03958340262079603,0.01822814896427853,0.0,0.0,0.0,-0.006798873235480296,-0.011739500595656678,-0.5956639867474017,0.0,0.0,0.0,0.0,0.0,0.0,zero,0.0,0.0,0.0,0.0,0.013329399030442663,0.03958340262079603,0.01822814896427853,-0.11614761786428415,0.5385962516039643,-0.18801852860102422,1,0.0077593326568603516,,,,,,,,,,,,,,,,,,,,,,2.801893155000471,4,radio://0/80/2M/E7E7E7E704,2.0943951023931953,aborted,cf5 起飞前预检失败（电压或 EKF 对齐）,0.0,0.0,0.0,0,0.0,global_abort:cf5 起飞前预检失败（电压或 EKF 对齐）,,,,,
2.801893155000471,1788684527.4965599,control,aborted,1,1,0.0069211360005283495,3.763636350631714,3763.0,0,10.0,2.710437877000004,nan,1,0,1,1.0,-0.28661102056503296,-0.4440609812736511,0.03568243607878685,0.02608059160411358,0.04761935770511627,0.049048200249671936,37.88358688354492,77.0008773803711,103.29391479492188,-0.9150410294532776,-1.6926941871643066,-0.028534606099128723,-0.004688971094252312,-0.050860447679531594,0.9685923881245081,-0.28661102056503296,-0.4440609812736511,0.03568243607878685,0.9685923881245081,0.0,0.0,0.0,0.0,0.0,0.0,0.04209872793508784,0.07203280556425637,0.03422332891690272,0.0,0.0,0.0,-0.004688971094252312,-0.050860447679531594,0.9685923881245081,0.0,0.0,0.0,0.0,0.0,0.0,zero,0.0,0.0,0.0,0.0,0.04209872793508784,0.07203280556425637,0.03422332891690272,0.012864792814280842,0.3340157846432104,2.083031643291262,1,0.00796365737915039,,,,,,,,,,,,,,,,,,,,,,2.801893155000471,5,radio://0/80/2M/E7E7E7E705,4.1887902047863905,aborted,cf5 起飞前预检失败（电压或 EKF 对齐）,0.0,0.0,0.0,0,0.0,global_abort:cf5 起飞前预检失败（电压或 EKF 对齐）,,,,,
2.8160908960007873,1788684527.5102832,control,aborted,1,1,0.0011580950003917678,4.170087814331055,4170.0,0,90.0,2.7827535129999887,4.170087814331055,1,1,0,1.0071730349577168,0.37475231289863586,0.0036325391847640276,0.04579613730311394,-0.004063647706061602,-0.012888879515230656,0.015239897184073925,-9.101401329040527,-20.25642967224121,29.24004364013672,0.11127690225839615,0.47406479716300964,-0.10847073048353195,-0.03418249695402457,0.00205273922353093,3.1252652309042612,0.37475231289863586,0.0036325391847640276,0.04579613730311394,3.1252652309042612,0.0,0.0,0.0,0.0,0.0,0.0,-0.007611429053034894,-0.026096708516058387,0.031800357943619184,0.0,0.0,0.0,-0.03418249695402457,0.00205273922353093,3.1252652309042612,0.0,0.0,0.0,0.0,0.0,0.0,zero,0.0,0.0,0.0,0.0,-0.007611429053034894,-0.026096708516058387,0.031800357943619184,-0.07819570363333966,0.17976703360084872,-0.05176199244466075,1,0.0015854835510253906,,,,,,,,,,,,,,,,,,,,,,2.8160908960007873,2,radio://0/80/2M/E7E7E7E702,0.0,aborted,cf5 起飞前预检失败（电压或 EKF 对齐）,0.0,0.0,0.0,0,0.0,global_abort:cf5 起飞前预检失败（电压或 EKF 对齐）,,,,,
2.8160908960007873,1788684527.5105193,control,aborted,1,1,0.0008624710008007241,4.122580528259277,4122.0,0,90.0,2.752357174000281,4.122580528259277,1,1,0,1.0187793716120355,-0.313652366399765,0.3157441020011902,0.04020633548498154,0.0045359390787780285,0.01934272050857544,0.00527383154258132,4.734790802001953,34.6723747253418,5.7738261222839355,-0.022855645045638084,-0.2586454749107361,-0.17953047156333923,-0.007384599226527879,-0.011364281479335507,-0.5963260443114496,-0.313652366399765,0.3157441020011902,0.04020633548498154,-0.5963260443114496,0.0,0.0,0.0,0.0,0.0,0.0,0.010022147401613633,0.039554250630435786,0.013362728970644364,0.0,0.0,0.0,-0.007384599226527879,-0.011364281479335507,-0.5963260443114496,0.0,0.0,0.0,0.0,0.0,0.0,zero,0.0,0.0,0.0,0.0,0.010022147401613633,0.039554250630435786,0.013362728970644364,-0.17058378066909557,-0.1630962549166243,-0.2486836706786439,1,0.0018215179443359375,,,,,,,,,,,,,,,,,,,,,,2.8160908960007873,4,radio://0/80/2M/E7E7E7E704,2.0943951023931953,aborted,cf5 起飞前预检失败（电压或 EKF 对齐）,0.0,0.0,0.0,0,0.0,global_abort:cf5 起飞前预检失败（电压或 EKF 对齐）,,,,,
2.8160908960007873,1788684527.510723,control,aborted,1,1,0.000646775000859634,3.763636350631714,3763.0,0,10.0,2.7246356180003204,nan,1,0,1,1.0,-0.28666195273399353,-0.44406405091285706,0.03557978942990303,0.015839198604226112,0.030408013612031937,0.029409371316432953,24.06561279296875,48.975738525390625,65.75746154785156,-0.5644419193267822,-1.0608068704605103,-0.020313717424869537,-0.0035143592288967144,-0.04968570726910946,0.968533330850862,-0.28666195273399353,-0.44406405091285706,0.03557978942990303,0.968533330850862,0.0,0.0,0.0,0.0,0.0,0.0,0.03578140920270545,0.06472071205325297,0.05361955613903246,0.0,0.0,0.0,-0.0035143592288967144,-0.04968570726910946,0.968533330850862,0.0,0.0,0.0,0.0,0.0,0.0,zero,0.0,0.0,0.0,0.0,0.03578140920270545,0.06472071205325297,0.05361955613903246,-0.402911592174367,-0.5572627879502273,0.5746504423467841,1,0.0020253658294677734,,,,,,,,,,,,,,,,,,,,,,2.8160908960007873,5,radio://0/80/2M/E7E7E7E705,4.1887902047863905,aborted,cf5 起飞前预检失败（电压或 EKF 对齐）,0.0,0.0,0.0,0,0.0,global_abort:cf5 起飞前预检失败（电压或 EKF 对齐）,,,,,
2.8304473360003612,1788684527.5246513,control,aborted,1,1,0.0050316810002186685,4.170087814331055,4170.0,0,90.0,2.7971099529995627,4.170087814331055,1,1,0,1.0071730349577168,0.3747696578502655,0.003625729586929083,0.04579515382647514,-0.0029016926418989897,-0.010448209010064602,0.012172115966677666,-7.257726192474365,-16.156003952026367,23.33026695251465,0.07795867323875427,0.3745068311691284,-0.09913887083530426,-0.03473311817208741,0.0017960562739341693,3.124659717201547,0.3747696578502655,0.003625729586929083,0.04579515382647514,3.124659717201547,0.0,0.0,0.0,0.0,0.0,0.0,-0.007540451338797091,-0.023220501054763684,0.029211891092114244,0.0,0.0,0.0,-0.03473311817208741,0.0017960562739341693,3.124659717201547,0.0,0.0,0.0,0.0,0.0,0.0,zero,0.0,0.0,0.0,0.0,-0.007540451338797091,-0.023220501054763684,0.029211891092114244,0.007145136463181848,0.2895401046379027,-0.26057402782034267,1,0.0060198307037353516,,,,,,,,,,,,,,,,,,,,,,2.8304473360003612,2,radio://0/80/2M/E7E7E7E702,0.0,aborted,cf5 起飞前预检失败（电压或 EKF 对齐）,0.0,0.0,0.0,0,0.0,global_abort:cf5 起飞前预检失败（电压或 EKF 对齐）,,,,,
2.8304473360003612,1788684527.5248132,control,aborted,1,1,0.0055029069999363855,4.122580528259277,4122.0,0,90.0,2.7667136139998547,4.122580528259277,1,1,0,1.0187793716120355,-0.31371596455574036,0.31574133038520813,0.040201690047979355,0.0023482581600546837,0.015418373048305511,0.004125533625483513,3.7437856197357178,27.658885955810547,4.595941066741943,0.005490083247423172,-0.1864209622144699,-0.1223360225558281,-0.006215187594424827,-0.010339171576015643,-0.5952755801882699,-0.31371596455574036,0.31574133038520813,0.040201690047979355,-0.5952755801882699,0.0,0.0,0.0,0.0,0.0,0.0,0.008263967547829078,0.035768183847389,0.010855600534257914,0.0,0.0,0.0,-0.006215187594424827,-0.010339171576015643,-0.5952755801882699,0.0,0.0,0.0,0.0,0.0,0.0,zero,0.0,0.0,0.0,0.0,0.008263967547829078,0.035768183847389,0.010855600534257914,-0.17699125869309915,-0.3811332065858697,-0.25238590733828,1,0.0061817169189453125,,,,,,,,,,,,,,,,,,,,,,2.8304473360003612,4,radio://0/80/2M/E7E7E7E704,2.0943951023931953,aborted,cf5 起飞前预检失败（电压或 EKF 对齐）,0.0,0.0,0.0,0,0.0,global_abort:cf5 起飞前预检失败（电压或 EKF 对齐）,,,,,
2.8304473360003612,1788684527.5249224,control,aborted,1,1,0.005191600999751245,3.763636350631714,3763.0,0,10.0,2.7389920579998943,nan,1,0,1,1.0,-0.286640465259552,-0.44405558705329895,0.03561894968152046,0.013103990815579891,0.02449682354927063,0.024315955117344856,19.197420120239258,39.06157684326172,52.50341796875,-0.46105584502220154,-0.8508802056312561,-0.023236684501171112,-0.003969060006891203,-0.049797997563565725,0.9681864300167349,-0.286640465259552,-0.44405558705329895,0.03561894968152046,0.9681864300167349,0.0,0.0,0.0,0.0,0.0,0.0,0.030730212591695758,0.05675567833496245,0.053448578243743425,0.0,0.0,0.0,-0.003969060006891203,-0.049797997563565725,0.9681864300167349,0.0,0.0,0.0,0.0,0.0,0.0,zero,0.0,0.0,0.0,0.0,0.030730212591695758,0.05675567833496245,0.053448578243743425,-0.5084904392258345,-0.8018186195790424,-0.017211886958415284,1,0.006290912628173828,,,,,,,,,,,,,,,,,,,,,,2.8304473360003612,5,radio://0/80/2M/E7E7E7E705,4.1887902047863905,aborted,cf5 起飞前预检失败（电压或 EKF 对齐）,0.0,0.0,0.0,0,0.0,global_abort:cf5 起飞前预检失败（电压或 EKF 对齐）,,,,,
2.8446723590004694,1788684527.5389106,control,aborted,1,1,0.019256704000326863,4.170087814331055,4170.0,0,90.0,2.811334975999671,4.170087814331055,1,1,0,1.0071730349577168,0.3747696578502655,0.003625729586929083,0.04579515382647514,-0.0029016926418989897,-0.010448209010064602,0.012172115966677666,-7.257726192474365,-16.156003952026367,23.33026695251465,0.07795867323875427,0.3745068311691284,-0.09913887083530426,-0.03473311817208741,0.0017960562739341693,3.124659717201547,0.3747696578502655,0.003625729586929083,0.04579515382647514,3.124659717201547,0.0,0.0,0.0,0.0,0.0,0.0,-0.007540451338797091,-0.023220501054763684,0.029211891092114244,0.0,0.0,0.0,-0.03473311817208741,0.0017960562739341693,3.124659717201547,0.0,0.0,0.0,0.0,0.0,0.0,zero,0.0,0.0,0.0,0.0,-0.007540451338797091,-0.023220501054763684,0.029211891092114244,0.007145136463181848,0.2895401046379027,-0.26057402782034267,1,0.0202791690826416,,,,,,,,,,,,,,,,,,,,,,2.8446723590004694,2,radio://0/80/2M/E7E7E7E702,0.0,aborted,cf5 起飞前预检失败（电压或 EKF 对齐）,0.0,0.0,0.0,0,0.0,global_abort:cf5 起飞前预检失败（电压或 EKF 对齐）,,,,,
2.8446723590004694,1788684527.5390766,control,aborted,1,1,0.01972793000004458,4.122580528259277,4122.0,0,90.0,2.780938636999963,4.122580528259277,1,1,0,1.0187793716120355,-0.31371596455574036,0.31574133038520813,0.040201690047979355,0.0023482581600546837,0.015418373048305511,0.004125533625483513,3.7437856197357178,27.658885955810547,4.595941066741943,0.005490083247423172,-0.1864209622144699,-0.1223360225558281,-0.006215187594424827,-0.010339171576015643,-0.5952755801882699,-0.31371596455574036,0.31574133038520813,0.040201690047979355,-0.5952755801882699,0.0,0.0,0.0,0.0,0.0,0.0,0.008263967547829078,0.035768183847389,0.010855600534257914,0.0,0.0,0.0,-0.006215187594424827,-0.010339171576015643,-0.5952755801882699,0.0,0.0,0.0,0.0,0.0,0.0,zero,0.0,0.0,0.0,0.0,0.008263967547829078,0.035768183847389,0.010855600534257914,-0.17699125869309915,-0.3811332065858697,-0.25238590733828,1,0.02044510841369629,,,,,,,,,,,,,,,,,,,,,,2.8446723590004694,4,radio://0/80/2M/E7E7E7E704,2.0943951023931953,aborted,cf5 起飞前预检失败（电压或 EKF 对齐）,0.0,0.0,0.0,0,0.0,global_abort:cf5 起飞前预检失败（电压或 EKF 对齐）,,,,,
2.8446723590004694,1788684527.5391881,control,aborted,1,1,0.01941662399985944,3.763636350631714,3763.0,0,10.0,2.7532170810000025,nan,1,0,1,1.0,-0.286640465259552,-0.44405558705329895,0.03561894968152046,0.013103990815579891,0.02449682354927063,0.024315955117344856,19.197420120239258,39.06157684326172,52.50341796875,-0.46105584502220154,-0.8508802056312561,-0.023236684501171112,-0.003969060006891203,-0.049797997563565725,0.9681864300167349,-0.286640465259552,-0.44405558705329895,0.03561894968152046,0.9681864300167349,0.0,0.0,0.0,0.0,0.0,0.0,0.030730212591695758,0.05675567833496245,0.053448578243743425,0.0,0.0,0.0,-0.003969060006891203,-0.049797997563565725,0.9681864300167349,0.0,0.0,0.0,0.0,0.0,0.0,zero,0.0,0.0,0.0,0.0,0.030730212591695758,0.05675567833496245,0.053448578243743425,-0.5084904392258345,-0.8018186195790424,-0.017211886958415284,1,0.02055668830871582,,,,,,,,,,,,,,,,,,,,,,2.8446723590004694,5,radio://0/80/2M/E7E7E7E705,4.1887902047863905,aborted,cf5 起飞前预检失败（电压或 EKF 对齐）,0.0,0.0,0.0,0,0.0,global_abort:cf5 起飞前预检失败（电压或 EKF 对齐）,,,,,
2.8589114530004736,1788684527.5531325,control,aborted,1,1,0.012948338000569493,4.170087814331055,4170.0,0,90.0,2.825574069999675,4.170087814331055,1,1,0,1.0071730349577168,0.37477219104766846,0.003657049033790827,0.045804984867572784,0.07098006457090378,0.13014698028564453,0.006563260219991207,217.97531127929688,409.5096435546875,4.99102783203125,-1.9145833253860474,3.4258322715759277,-0.26178377866744995,-0.03488467513253922,0.002877287659584461,3.124830195872287,0.37477219104766846,0.003657049033790827,0.045804984867572784,3.124830195872287,0.0,0.0,0.0,0.0,0.0,0.0,-0.0033040425477538554,-0.009586704956170939,0.011772678968292486,0.0,0.0,0.0,-0.03488467513253922,0.002877287659584461,3.124830195872287,0.0,0.0,0.0,0.0,0.0,0.0,zero,0.0,0.0,0.0,0.0,-0.0033040425477538554,-0.009586704956170939,0.011772678968292486,32.12530124682921,103.38539102535546,-132.23921595526147,1,0.014330387115478516,,,,,,,,,,,,,,,,,,,,,,2.8589114530004736,2,radio://0/80/2M/E7E7E7E702,0.0,aborted,cf5 起飞前预检失败（电压或 EKF 对齐）,0.0,0.0,0.0,0,0.0,global_abort:cf5 起飞前预检失败（电压或 EKF 对齐）,,,,,
2.8589114530004736,1788684527.5533795,control,aborted,1,1,0.012402043000292906,4.122580528259277,4122.0,0,90.0,2.795177730999967,4.122580528259277,1,1,0,1.0187793716120355,-0.3136642277240753,0.31575125455856323,0.04023640975356102,0.07968205958604813,0.1435195654630661,0.09406162798404694,237.2118377685547,415.95465087890625,277.63665771484375,1.623761534690857,2.9512546062469482,-0.9893050193786621,-0.005510144678525811,-0.011086472141361478,-0.5958289712968118,-0.3136642277240753,0.31575125455856323,0.04023640975356102,-0.5958289712968118,0.0,0.0,0.0,0.0,0.0,0.0,0.002113820208428383,0.014445967100189881,0.003118353093876494,0.0,0.0,0.0,-0.005510144678525811,-0.011086472141361478,-0.5958289712968118,0.0,0.0,0.0,0.0,0.0,0.0,zero,0.0,0.0,0.0,0.0,0.002113820208428383,0.014445967100189881,0.003118353093876494,-46.63445832307356,-161.68136132114608,-58.66898221031706,1,0.014577388763427734,,,,,,,,,,,,,,,,,,,,,,2.8589114530004736,4,radio://0/80/2M/E7E7E7E704,2.0943951023931953,aborted,cf5 起飞前预检失败（电压或 EKF 对齐）,0.0,0.0,0.0,0,0.0,global_abort:cf5 起飞前预检失败（电压或 EKF 对齐）,,,,,
2.8589114530004736,1788684527.5535827,control,aborted,1,1,0.012176858000202628,3.763636350631714,3763.0,0,10.0,2.7674561750000066,nan,1,0,1,1.0,-0.2866447865962982,-0.4440423846244812,0.035574957728385925,0.10799174010753632,0.0034518418833613396,0.04928041249513626,308.6565856933594,-24.45015525817871,125.54644775390625,2.7925281524658203,4.548989295959473,-1.9457868337631226,-0.003598761876433332,-0.04977046134699885,0.9681124288253753,-0.2866447865962982,-0.4440423846244812,0.035574957728385925,0.9681124288253753,0.0,0.0,0.0,0.0,0.0,0.0,0.011063036472410633,0.02189972518109371,0.025747813089468656,0.0,0.0,0.0,-0.003598761876433332,-0.04977046134699885,0.9681124288253753,0.0,0.0,0.0,0.0,0.0,0.0,zero,0.0,0.0,0.0,0.0,0.011063036472410633,0.02189972518109371,0.025747813089468656,-149.13186912087605,-264.30808070051853,-210.05084870798729,1,0.014780521392822266,,,,,,,,,,,,,,,,,,,,,,2.8589114530004736,5,radio://0/80/2M/E7E7E7E705,4.1887902047863905,aborted,cf5 起飞前预检失败（电压或 EKF 对齐）,0.0,0.0,0.0,0,0.0,global_abort:cf5 起飞前预检失败（电压或 EKF 对齐）,,,,,
2.8734082510000007,1788684527.5675964,control,aborted,1,1,0.00834458799999993,4.170087814331055,4170.0,0,90.0,2.840070867999202,4.170087814331055,1,1,0,1.0071730349577168,0.3747396171092987,0.0036478727124631405,0.04583282396197319,0.05645487830042839,0.10402485728263855,0.0055319336242973804,174.23345947265625,327.34375,3.982400417327881,-1.5270887613296509,2.7385244369506836,-0.20523637533187866,-0.03443049628042167,0.0026798783550360398,3.1252519845934583,0.3747396171092987,0.0036478727124631405,0.04583282396197319,3.1252519845934583,0.0,0.0,0.0,0.0,0.0,0.0,0.021452470362749172,0.03792234292151223,0.007033154744489708,0.0,0.0,0.0,-0.03443049628042167,0.0026798783550360398,3.1252519845934583,0.0,0.0,0.0,0.0,0.0,0.0,zero,0.0,0.0,0.0,0.0,0.021452470362749172,0.03792234292151223,0.007033154744489708,1.2508594073938044,2.40046486712232,-0.23947146689626664,1,0.009002685546875,,,,,,,,,,,,,,,,,,,,,,2.8734082510000007,2,radio://0/80/2M/E7E7E7E702,0.0,aborted,cf5 起飞前预检失败（电压或 EKF 对齐）,0.0,0.0,0.0,0,0.0,global_abort:cf5 起飞前预检失败（电压或 EKF 对齐）,,,,,
2.8734082510000007,1788684527.5677457,control,aborted,1,1,0.008577805999266275,4.122580528259277,4122.0,0,90.0,2.809674528999494,4.122580528259277,1,1,0,1.0187793716120355,-0.31364375352859497,0.3157612383365631,0.04022366553544998,0.06395255029201508,0.11491654068231583,0.07512052357196808,189.6105194091797,332.4747009277344,221.9179229736328,1.293955683708191,2.358795642852783,-0.7933244705200195,-0.006008160634344998,-0.011306039513533565,-0.5960138047965055,-0.31364375352859497,0.3157612383365631,0.04022366553544998,-0.5960138047965055,0.0,0.0,0.0,0.0,0.0,0.0,0.026237153514145663,0.05236998239439755,0.03128836540082395,0.0,0.0,0.0,-0.006008160634344998,-0.011306039513533565,-0.5960138047965055,0.0,0.0,0.0,0.0,0.0,0.0,zero,0.0,0.0,0.0,0.0,0.026237153514145663,0.05236998239439755,0.03128836540082395,1.2188670719595145,1.9161669282098541,1.4233315098910873,1,0.009151935577392578,,,,,,,,,,,,,,,,,,,,,,2.8734082510000007,4,radio://0/80/2M/E7E7E7E704,2.0943951023931953,aborted,cf5 起飞前预检失败（电压或 EKF 对齐）,0.0,0.0,0.0,0,0.0,global_abort:cf5 起飞前预检失败（电压或 EKF 对齐）,,,,,
2.8734082510000007,1788684527.5678558,control,aborted,1,1,0.008146559999659075,3.763636350631714,3763.0,0,10.0,2.781952972999534,nan,1,0,1,1.0,-0.28664517402648926,-0.44407522678375244,0.035610124468803406,0.08638948202133179,0.002429590094834566,0.03977970406413078,246.7069854736328,-19.57045555114746,100.34114837646484,2.235104560852051,3.649653911590576,-1.5535625219345093,-0.003506467410407675,-0.04873405701366658,0.9684125702100727,-0.28664517402648926,-0.44407522678375244,0.035610124468803406,0.9684125702100727,0.0,0.0,0.0,0.0,0.0,0.0,0.03908723115408629,0.009965034833632142,0.02788692597567531,0.0,0.0,0.0,-0.003506467410407675,-0.04873405701366658,0.9684125702100727,0.0,0.0,0.0,0.0,0.0,0.0,zero,0.0,0.0,0.0,0.0,0.03908723115408629,0.009965034833632142,0.02788692597567531,1.4159638588412633,-0.6030178704659501,0.10808184039738976,1,0.0092620849609375,,,,,,,,,,,,,,,,,,,,,,2.8734082510000007,5,radio://0/80/2M/E7E7E7E705,4.1887902047863905,aborted,cf5 起飞前预检失败（电压或 EKF 对齐）,0.0,0.0,0.0,0,0.0,global_abort:cf5 起飞前预检失败（电压或 EKF 对齐）,,,,,
2.88750392700058,1788684527.581678,control,aborted,1,1,0.002749177000623604,4.170087814331055,4170.0,0,90.0,2.8541665439997814,4.170087814331055,1,1,0,1.0071730349577168,0.3747262954711914,0.003634121734648943,0.04584575071930885,-0.04755476117134094,0.009566070511937141,0.06040921062231064,-236.1123809814453,-54.027801513671875,222.36537170410156,-4.10385274887085,-1.9569398164749146,-2.1173148155212402,-0.03458844865720398,0.0021112988659218513,3.124852614598444,0.3747262954711914,0.003634121734648943,0.04584575071930885,3.124852614598444,0.0,0.0,0.0,0.0,0.0,0.0,0.05710833026547827,0.11783154379165539,0.006930981432374254,0.0,0.0,0.0,-0.03458844865720398,0.0021112988659218513,3.124852614598444,0.0,0.0,0.0,0.0,0.0,0.0,zero,0.0,0.0,0.0,0.0,0.05710833026547827,0.11783154379165539,0.006930981432374254,-0.15328149872248895,0.9678393365376772,0.5692631769661478,1,0.003251791000366211,,,,,,,,,,,,,,,,,,,,,,2.88750392700058,2,radio://0/80/2M/E7E7E7E702,0.0,aborted,cf5 起飞前预检失败（电压或 EKF 对齐）,0.0,0.0,0.0,0,0.0,global_abort:cf5 起飞前预检失败（电压或 EKF 对齐）,,,,,
2.88750392700058,1788684527.581821,control,aborted,1,1,0.002955210999971314,4.122580528259277,4122.0,0,90.0,2.8237702050000735,4.122580528259277,1,1,0,1.0187793716120355,-0.31367000937461853,0.31576448678970337,0.0402073934674263,-0.0394170805811882,0.018494436517357826,-0.0255653727799654,-214.12371826171875,-44.7945671081543,-171.94020080566406,1.3282442092895508,-0.3320431709289551,1.3528165817260742,-0.0065870035828910255,-0.010662711014517,-0.5958433592563841,-0.31367000937461853,0.31576448678970337,0.0402073934674263,-0.5958433592563841,0.0,0.0,0.0,0.0,0.0,0.0,0.06260954351894968,0.1189702629201431,0.07606750565386643,0.0,0.0,0.0,-0.0065870035828910255,-0.010662711014517,-0.5958433592563841,0.0,0.0,0.0,0.0,0.0,0.0,zero,0.0,0.0,0.0,0.0,0.06260954351894968,0.1189702629201431,0.07606750565386643,-0.0939416457897341,0.7354524952887551,0.13523702747788013,1,0.0033948421478271484,,,,,,,,,,,,,,,,,,,,,,2.88750392700058,4,radio://0/80/2M/E7E7E7E704,2.0943951023931953,aborted,cf5 起飞前预检失败（电压或 EKF 对齐）,0.0,0.0,0.0,0,0.0,global_abort:cf5 起飞前预检失败（电压或 EKF 对齐）,,,,,
2.88750392700058,1788684527.5819294,control,aborted,1,1,0.0025424180003028596,3.763636350631714,3763.0,0,10.0,2.796048649000113,nan,1,0,1,1.0,-0.28664451837539673,-0.4440554082393646,0.03563128784298897,0.2639622092247009,0.09635396301746368,0.02900993824005127,938.6475219726562,357.83062744140625,64.74616241455078,3.4209511280059814,3.1074419021606445,-0.05024364963173866,-0.004486405518411962,-0.05010799328559132,0.9683704521253362,-0.28664451837539673,-0.4440554082393646,0.03563128784298897,0.9683704521253362,0.0,0.0,0.0,0.0,0.0,0.0,0.11750915449704075,0.002843144043941098,0.035761629092381675,0.0,0.0,0.0,-0.004486405518411962,-0.05010799328559132,0.9683704521253362,0.0,0.0,0.0,0.0,0.0,0.0,zero,0.0,0.0,0.0,0.0,0.11750915449704075,0.002843144043941098,0.035761629092381675,3.6118319284047966,0.8180792271397311,0.18333661469981394,1,0.0035033226013183594,,,,,,,,,,,,,,,,,,,,,,2.88750392700058,5,radio://0/80/2M/E7E7E7E705,4.1887902047863905,aborted,cf5 起飞前预检失败（电压或 EKF 对齐）,0.0,0.0,0.0,0,0.0,global_abort:cf5 起飞前预检失败（电压或 EKF 对齐）,,,,,
2.9018729570007054,1788684527.596056,control,aborted,1,1,0.017118207000748953,4.170087814331055,4170.0,0,90.0,2.8685355739999068,4.170087814331055,1,1,0,1.0071730349577168,0.3747262954711914,0.003634121734648943,0.04584575071930885,-0.04755476117134094,0.009566070511937141,0.06040921062231064,-236.1123809814453,-54.027801513671875,222.36537170410156,-4.10385274887085,-1.9569398164749146,-2.1173148155212402,-0.03458844865720398,0.0021112988659218513,3.124852614598444,0.3747262954711914,0.003634121734648943,0.04584575071930885,3.124852614598444,0.0,0.0,0.0,0.0,0.0,0.0,0.05710833026547827,0.11783154379165539,0.006930981432374254,0.0,0.0,0.0,-0.03458844865720398,0.0021112988659218513,3.124852614598444,0.0,0.0,0.0,0.0,0.0,0.0,zero,0.0,0.0,0.0,0.0,0.05710833026547827,0.11783154379165539,0.006930981432374254,-0.15328149872248895,0.9678393365376772,0.5692631769661478,1,0.01762986183166504,,,,,,,,,,,,,,,,,,,,,,2.9018729570007054,2,radio://0/80/2M/E7E7E7E702,0.0,aborted,cf5 起飞前预检失败（电压或 EKF 对齐）,0.0,0.0,0.0,0,0.0,global_abort:cf5 起飞前预检失败（电压或 EKF 对齐）,,,,,
2.9018729570007054,1788684527.5962222,control,aborted,1,1,0.017324241000096663,4.122580528259277,4122.0,0,90.0,2.838139235000199,4.122580528259277,1,1,0,1.0187793716120355,-0.31367000937461853,0.31576448678970337,0.0402073934674263,-0.0394170805811882,0.018494436517357826,-0.0255653727799654,-214.12371826171875,-44.7945671081543,-171.94020080566406,1.3282442092895508,-0.3320431709289551,1.3528165817260742,-0.0065870035828910255,-0.010662711014517,-0.5958433592563841,-0.31367000937461853,0.31576448678970337,0.0402073934674263,-0.5958433592563841,0.0,0.0,0.0,0.0,0.0,0.0,0.06260954351894968,0.1189702629201431,0.07606750565386643,0.0,0.0,0.0,-0.0065870035828910255,-0.010662711014517,-0.5958433592563841,0.0,0.0,0.0,0.0,0.0,0.0,zero,0.0,0.0,0.0,0.0,0.06260954351894968,0.1189702629201431,0.07606750565386643,-0.0939416457897341,0.7354524952887551,0.13523702747788013,1,0.017796039581298828,,,,,,,,,,,,,,,,,,,,,,2.9018729570007054,4,radio://0/80/2M/E7E7E7E704,2.0943951023931953,aborted,cf5 起飞前预检失败（电压或 EKF 对齐）,0.0,0.0,0.0,0,0.0,global_abort:cf5 起飞前预检失败（电压或 EKF 对齐）,,,,,
2.9018729570007054,1788684527.5963364,control,aborted,1,1,0.01691144800042821,3.763636350631714,3763.0,0,10.0,2.8104176790002384,nan,1,0,1,1.0,-0.28664451837539673,-0.4440554082393646,0.03563128784298897,0.2639622092247009,0.09635396301746368,0.02900993824005127,938.6475219726562,357.83062744140625,64.74616241455078,3.4209511280059814,3.1074419021606445,-0.05024364963173866,-0.004486405518411962,-0.05010799328559132,0.9683704521253362,-0.28664451837539673,-0.4440554082393646,0.03563128784298897,0.9683704521253362,0.0,0.0,0.0,0.0,0.0,0.0,0.11750915449704075,0.002843144043941098,0.035761629092381675,0.0,0.0,0.0,-0.004486405518411962,-0.05010799328559132,0.9683704521253362,0.0,0.0,0.0,0.0,0.0,0.0,zero,0.0,0.0,0.0,0.0,0.11750915449704075,0.002843144043941098,0.035761629092381675,3.6118319284047966,0.8180792271397311,0.18333661469981394,1,0.017910242080688477,,,,,,,,,,,,,,,,,,,,,,2.9018729570007054,5,radio://0/80/2M/E7E7E7E705,4.1887902047863905,aborted,cf5 起飞前预检失败（电压或 EKF 对齐）,0.0,0.0,0.0,0,0.0,global_abort:cf5 起飞前预检失败（电压或 EKF 对齐）,,,,,
2.9160453120002785,1788684527.6102324,control,aborted,1,1,0.0003003089996127528,4.170087814331055,4170.0,0,90.0,2.88270792899948,4.170087814331055,1,1,0,1.0071730349577168,0.37474700808525085,0.0036532592494040728,0.04582972452044487,-0.04289158433675766,0.14363577961921692,0.02132018469274044,-179.89288330078125,613.8084106445312,33.26220703125,-6.694793224334717,-1.4206312894821167,-1.5866491794586182,-0.03517588542123148,0.003032143903704196,3.12438499070027,0.37474700808525085,0.0036532592494040728,0.04582972452044487,3.12438499070027,0.0,0.0,0.0,0.0,0.0,0.0,-0.06190118599533814,-0.002598471018594714,0.06848647439366909,0.0,0.0,0.0,-0.03517588542123148,0.003032143903704196,3.12438499070027,0.0,0.0,0.0,0.0,0.0,0.0,zero,0.0,0.0,0.0,0.0,-0.06190118599533814,-0.002598471018594714,0.06848647439366909,-822.1821107198933,-858.4179154413112,410.80871843701084,1,0.0015499591827392578,,,,,,,,,,,,,,,,,,,,,,2.9160453120002785,2,radio://0/80/2M/E7E7E7E702,0.0,aborted,cf5 起飞前预检失败（电压或 EKF 对齐）,0.0,0.0,0.0,0,0.0,global_abort:cf5 起飞前预检失败（电压或 EKF 对齐）,,,,,
2.9160453120002785,1788684527.6103969,control,aborted,1,1,0.0010519019997445866,4.122580528259277,4122.0,0,90.0,2.852311589999772,4.122580528259277,1,1,0,1.0187793716120355,-0.313683420419693,0.3157464563846588,0.040231384336948395,-0.30531835556030273,0.04777665436267853,0.10453962534666061,-1423.0880126953125,144.74911499023438,478.2533264160156,4.438111305236816,7.644247531890869,2.1337549686431885,-0.005792469734778195,-0.010842609961662007,-0.5954355372464326,-0.313683420419693,0.3157464563846588,0.040231384336948395,-0.5954355372464326,0.0,0.0,0.0,0.0,0.0,0.0,-0.053279812069457214,0.005971288580934986,-0.038960891455494015,0.0,0.0,0.0,-0.005792469734778195,-0.010842609961662007,-0.5954355372464326,0.0,0.0,0.0,0.0,0.0,0.0,zero,0.0,0.0,0.0,0.0,-0.053279812069457214,0.005971288580934986,-0.038960891455494015,-803.1093409123984,-806.9650836044067,-803.4194754903052,1,0.001714468002319336,,,,,,,,,,,,,,,,,,,,,,2.9160453120002785,4,radio://0/80/2M/E7E7E7E704,2.0943951023931953,aborted,cf5 起飞前预检失败（电压或 EKF 对齐）,0.0,0.0,0.0,0,0.0,global_abort:cf5 起飞前预检失败（电压或 EKF 对齐）,,,,,
2.9160453120002785,1788684527.610508,control,aborted,1,1,0.0004708460000983905,3.763636350631714,3763.0,0,10.0,2.8245900339998116,nan,1,0,1,1.0,-0.28668463230133057,-0.44401848316192627,0.03562889248132706,-0.16765600442886353,0.12816159427165985,0.07546057552099228,-1098.797119140625,491.613037109375,301.028076171875,-2.811443567276001,-8.963667869567871,2.9682610034942627,-0.004466396608272518,-0.050487684372906426,0.9689677138425444,-0.28668463230133057,-0.44401848316192627,0.03562889248132706,0.9689677138425444,0.0,0.0,0.0,0.0,0.0,0.0,0.2922317774392935,0.11021379666564113,0.02785874519667509,0.0,0.0,0.0,-0.004466396608272518,-0.050487684372906426,0.9689677138425444,0.0,0.0,0.0,0.0,0.0,0.0,zero,0.0,0.0,0.0,0.0,0.2922317774392935,0.11021379666564113,0.02785874519667509,1122.3575459853073,720.7884828337459,-66.21081010127486,1,0.001825571060180664,,,,,,,,,,,,,,,,,,,,,,2.9160453120002785,5,radio://0/80/2M/E7E7E7E705,4.1887902047863905,aborted,cf5 起飞前预检失败（电压或 EKF 对齐）,0.0,0.0,0.0,0,0.0,global_abort:cf5 起飞前预检失败（电压或 EKF 对齐）,,,,,
2.9304455760002384,1788684527.6246538,control,aborted,1,1,0.014700572999572614,4.170087814331055,4170.0,0,90.0,2.89710819299944,4.170087814331055,1,1,0,1.0071730349577168,0.37474700808525085,0.0036532592494040728,0.04582972452044487,-0.04289158433675766,0.14363577961921692,0.02132018469274044,-179.89288330078125,613.8084106445312,33.26220703125,-6.694793224334717,-1.4206312894821167,-1.5866491794586182,-0.03517588542123148,0.003032143903704196,3.12438499070027,0.37474700808525085,0.0036532592494040728,0.04582972452044487,3.12438499070027,0.0,0.0,0.0,0.0,0.0,0.0,-0.06190118599533814,-0.002598471018594714,0.06848647439366909,0.0,0.0,0.0,-0.03517588542123148,0.003032143903704196,3.12438499070027,0.0,0.0,0.0,0.0,0.0,0.0,zero,0.0,0.0,0.0,0.0,-0.06190118599533814,-0.002598471018594714,0.06848647439366909,-822.1821107198933,-858.4179154413112,410.80871843701084,1,0.01597142219543457,,,,,,,,,,,,,,,,,,,,,,2.9304455760002384,2,radio://0/80/2M/E7E7E7E702,0.0,aborted,cf5 起飞前预检失败（电压或 EKF 对齐）,0.0,0.0,0.0,0,0.0,global_abort:cf5 起飞前预检失败（电压或 EKF 对齐）,,,,,
2.9304455760002384,1788684527.6248894,control,aborted,1,1,0.015452165999704448,4.122580528259277,4122.0,0,90.0,2.866711853999732,4.122580528259277,1,1,0,1.0187793716120355,-0.313683420419693,0.3157464563846588,0.040231384336948395,-0.30531835556030273,0.04777665436267853,0.10453962534666061,-1423.0880126953125,144.74911499023438,478.2533264160156,4.438111305236816,7.644247531890869,2.1337549686431885,-0.005792469734778195,-0.010842609961662007,-0.5954355372464326,-0.313683420419693,0.3157464563846588,0.040231384336948395,-0.5954355372464326,0.0,0.0,0.0,0.0,0.0,0.0,-0.053279812069457214,0.005971288580934986,-0.038960891455494015,0.0,0.0,0.0,-0.005792469734778195,-0.010842609961662007,-0.5954355372464326,0.0,0.0,0.0,0.0,0.0,0.0,zero,0.0,0.0,0.0,0.0,-0.053279812069457214,0.005971288580934986,-0.038960891455494015,-803.1093409123984,-806.9650836044067,-803.4194754903052,1,0.016206979751586914,,,,,,,,,,,,,,,,,,,,,,2.9304455760002384,4,radio://0/80/2M/E7E7E7E704,2.0943951023931953,aborted,cf5 起飞前预检失败（电压或 EKF 对齐）,0.0,0.0,0.0,0,0.0,global_abort:cf5 起飞前预检失败（电压或 EKF 对齐）,,,,,
2.9304455760002384,1788684527.6250904,control,aborted,1,1,0.014871110000058252,3.763636350631714,3763.0,0,10.0,2.8389902979997714,nan,1,0,1,1.0,-0.28668463230133057,-0.44401848316192627,0.03562889248132706,-0.16765600442886353,0.12816159427165985,0.07546057552099228,-1098.797119140625,491.613037109375,301.028076171875,-2.811443567276001,-8.963667869567871,2.9682610034942627,-0.004466396608272518,-0.050487684372906426,0.9689677138425444,-0.28668463230133057,-0.44401848316192627,0.03562889248132706,0.9689677138425444,0.0,0.0,0.0,0.0,0.0,0.0,0.2922317774392935,0.11021379666564113,0.02785874519667509,0.0,0.0,0.0,-0.004466396608272518,-0.050487684372906426,0.9689677138425444,0.0,0.0,0.0,0.0,0.0,0.0,zero,0.0,0.0,0.0,0.0,0.2922317774392935,0.11021379666564113,0.02785874519667509,1122.3575459853073,720.7884828337459,-66.21081010127486,1,0.01640796661376953,,,,,,,,,,,,,,,,,,,,,,2.9304455760002384,5,radio://0/80/2M/E7E7E7E705,4.1887902047863905,aborted,cf5 起飞前预检失败（电压或 EKF 对齐）,0.0,0.0,0.0,0,0.0,global_abort:cf5 起飞前预检失败（电压或 EKF 对齐）,,,,,
2.9446348600004058,1788684527.638858,control,aborted,1,1,0.009753880999596731,4.170087814331055,4170.0,0,90.0,2.911297476999607,4.170087814331055,1,1,0,1.0071730349577168,0.3747166395187378,0.003672601655125618,0.04582245275378227,-0.03461642190814018,0.11510171741247177,0.016983557492494583,-143.83169555664062,490.7618713378906,26.56647491455078,-5.34433126449585,-1.1415480375289917,-1.2645444869995117,-0.03402215959856449,0.0025438049239686427,3.1248805188226343,0.3747166395187378,0.003672601655125618,0.04582245275378227,3.1248805188226343,0.0,0.0,0.0,0.0,0.0,0.0,-0.060460860575471786,0.03634798104151334,0.05277347335766998,0.0,0.0,0.0,-0.03402215959856449,0.0025438049239686427,3.1248805188226343,0.0,0.0,0.0,0.0,0.0,0.0,zero,0.0,0.0,0.0,0.0,-0.060460860575471786,0.03634798104151334,0.05277347335766998,0.07188522792807074,1.9437791937257638,-0.7842204583264343,1,0.010139226913452148,,,,,,,,,,,,,,,,,,,,,,2.9446348600004058,2,radio://0/80/2M/E7E7E7E702,0.0,aborted,cf5 起飞前预检失败（电压或 EKF 对齐）,0.0,0.0,0.0,0,0.0,global_abort:cf5 起飞前预检失败（电压或 EKF 对齐）,,,,,
2.9446348600004058,1788684527.6391313,control,aborted,1,1,0.009476813000219408,4.122580528259277,4122.0,0,90.0,2.880901137999899,4.122580528259277,1,1,0,1.0187793716120355,-0.3136504888534546,0.31572484970092773,0.04020838811993599,-0.24392595887184143,0.038005635142326355,0.08340214192867279,-1137.857666015625,115.70175170898438,382.39166259765625,3.5533533096313477,6.104758262634277,1.7053183317184448,-0.0055037034753224415,-0.011909385904244478,-0.5955983772017446,-0.3136504888534546,0.31572484970092773,0.04020838811993599,-0.5955983772017446,0.0,0.0,0.0,0.0,0.0,0.0,-0.14142121655640305,0.010498161244976847,0.0021295422255739258,0.0,0.0,0.0,-0.0055037034753224415,-0.011909385904244478,-0.5955983772017446,0.0,0.0,0.0,0.0,0.0,0.0,zero,0.0,0.0,0.0,0.0,-0.14142121655640305,0.010498161244976847,0.0021295422255739258,-4.399050981154165,0.2259317712286133,2.050783211963945,1,0.010412454605102539,,,,,,,,,,,,,,,,,,,,,,2.9446348600004058,4,radio://0/80/2M/E7E7E7E704,2.0943951023931953,aborted,cf5 起飞前预检失败（电压或 EKF 对齐）,0.0,0.0,0.0,0,0.0,global_abort:cf5 起飞前预检失败（电压或 EKF 对齐）,,,,,
2.9446348600004058,1788684527.639349,control,aborted,1,1,0.009285281999837025,3.763636350631714,3763.0,0,10.0,2.853179581999939,nan,1,0,1,1.0,-0.2866424322128296,-0.44403329491615295,0.03564268350601196,-0.1337035447359085,0.10238142311573029,0.060506127774715424,-878.6987915039062,393.0330810546875,240.67318725585938,-2.2437596321105957,-7.163480758666992,2.369218111038208,-0.003898699838368156,-0.04974331228345964,0.9684238763952531,-0.2866424322128296,-0.44403329491615295,0.03564268350601196,0.9684238763952531,0.0,0.0,0.0,0.0,0.0,0.0,0.13301725380093504,0.11660725380691077,0.04096755654797628,0.0,0.0,0.0,-0.003898699838368156,-0.04974331228345964,0.9684238763952531,0.0,0.0,0.0,0.0,0.0,0.0,zero,0.0,0.0,0.0,0.0,0.13301725380093504,0.11660725380691077,0.04096755654797628,-7.946240594895959,0.3190911703073075,0.6542479073526336,1,0.010630130767822266,,,,,,,,,,,,,,,,,,,,,,2.9446348600004058,5,radio://0/80/2M/E7E7E7E705,4.1887902047863905,aborted,cf5 起飞前预检失败（电压或 EKF 对齐）,0.0,0.0,0.0,0,0.0,global_abort:cf5 起飞前预检失败（电压或 EKF 对齐）,,,,,
2.958914826000182,1788684527.653107,control,aborted,1,1,0.0017749910002748948,4.170087814331055,4170.0,0,90.0,2.9255774429993835,4.170087814331055,1,1,0,1.0071730349577168,0.3747555911540985,0.003645283170044422,0.045820869505405426,-0.02792194113135338,0.10984139889478683,-0.10541489720344543,-93.94792175292969,367.5916748046875,-356.75518798828125,-2.7116527557373047,1.4736837148666382,-1.2950880527496338,-0.0340367845681889,0.003111559893547542,3.1244676174676576,0.3747555911540985,0.003645283170044422,0.045820869505405426,3.1244676174676576,0.0,0.0,0.0,0.0,0.0,0.0,-0.04522927307529831,0.12050801142228848,-0.004262250088730341,0.0,0.0,0.0,-0.0340367845681889,0.003111559893547542,3.1244676174676576,0.0,0.0,0.0,0.0,0.0,0.0,zero,0.0,0.0,0.0,0.0,-0.04522927307529831,0.12050801142228848,-0.004262250088730341,0.508314286482982,1.565159689274595,-2.4594786021390407,1,0.0021600723266601562,,,,,,,,,,,,,,,,,,,,,,2.958914826000182,2,radio://0/80/2M/E7E7E7E702,0.0,aborted,cf5 起飞前预检失败（电压或 EKF 对齐）,0.0,0.0,0.0,0,0.0,global_abort:cf5 起飞前预检失败（电压或 EKF 对齐）,,,,,
2.958914826000182,1788684527.6533463,control,aborted,1,1,0.001542355999845313,4.122580528259277,4122.0,0,90.0,2.8951811039996755,4.122580528259277,1,1,0,1.0187793716120355,-0.31364738941192627,0.3157784342765808,0.04021291062235832,0.003971801605075598,0.008571107871830463,0.05827564001083374,-72.22734069824219,6.2296905517578125,210.9922332763672,7.622065544128418,1.787911057472229,0.16651111841201782,-0.007699701122678452,-0.011511613628304364,-0.5960670876176746,-0.31364738941192627,0.3157784342765808,0.04021291062235832,-0.5960670876176746,0.0,0.0,0.0,0.0,0.0,0.0,-0.2511560886415322,0.025011568367525314,0.08598334419041344,0.0,0.0,0.0,-0.007699701122678452,-0.011511613628304364,-0.5960670876176746,0.0,0.0,0.0,0.0,0.0,0.0,zero,0.0,0.0,0.0,0.0,-0.2511560886415322,0.025011568367525314,0.08598334419041344,1.2918470339018469,0.11122351248487887,1.2890557614939149,1,0.002399444580078125,,,,,,,,,,,,,,,,,,,,,,2.958914826000182,4,radio://0/80/2M/E7E7E7E704,2.0943951023931953,aborted,cf5 起飞前预检失败（电压或 EKF 对齐）,0.0,0.0,0.0,0,0.0,global_abort:cf5 起飞前预检失败（电压或 EKF 对齐）,,,,,
2.958914826000182,1788684527.653718,control,aborted,1,1,0.001291927000238502,3.763636350631714,3763.0,0,10.0,2.867459547999715,nan,1,0,1,1.0,-0.28666332364082336,-0.4440661668777466,0.03562815114855766,-0.18228691816329956,0.09817235171794891,0.1567510962486267,-756.5094604492188,306.6623229980469,499.8077087402344,-0.29318767786026,-3.4260783195495605,0.29356151819229126,-0.0042544864684466105,-0.05177416461915845,0.9681816578609925,-0.28666332364082336,-0.4440661668777466,0.03562815114855766,0.9681816578609925,0.0,0.0,0.0,0.0,0.0,0.0,-0.1892210182552818,0.11767861225070116,0.08379494415540735,0.0,0.0,0.0,-0.0042544864684466105,-0.05177416461915845,0.9681816578609925,0.0,0.0,0.0,0.0,0.0,0.0,zero,0.0,0.0,0.0,0.0,-0.1892210182552818,0.11767861225070116,0.08379494415540735,-6.025031781587412,-0.15938684369297867,1.8869033907261257,1,0.002771139144897461,,,,,,,,,,,,,,,,,,,,,,2.958914826000182,5,radio://0/80/2M/E7E7E7E705,4.1887902047863905,aborted,cf5 起飞前预检失败（电压或 EKF 对齐）,0.0,0.0,0.0,0,0.0,global_abort:cf5 起飞前预检失败（电压或 EKF 对齐）,,,,,
2.973205068000425,1788684527.6674201,control,aborted,1,1,0.016065233000517765,4.170087814331055,4170.0,0,90.0,2.9398676849996264,4.170087814331055,1,1,0,1.0071730349577168,0.3747555911540985,0.003645283170044422,0.045820869505405426,-0.02792194113135338,0.10984139889478683,-0.10541489720344543,-93.94792175292969,367.5916748046875,-356.75518798828125,-2.7116527557373047,1.4736837148666382,-1.2950880527496338,-0.0340367845681889,0.003111559893547542,3.1244676174676576,0.3747555911540985,0.003645283170044422,0.045820869505405426,3.1244676174676576,0.0,0.0,0.0,0.0,0.0,0.0,-0.04522927307529831,0.12050801142228848,-0.004262250088730341,0.0,0.0,0.0,-0.0340367845681889,0.003111559893547542,3.1244676174676576,0.0,0.0,0.0,0.0,0.0,0.0,zero,0.0,0.0,0.0,0.0,-0.04522927307529831,0.12050801142228848,-0.004262250088730341,0.508314286482982,1.565159689274595,-2.4594786021390407,1,0.01647329330444336,,,,,,,,,,,,,,,,,,,,,,2.973205068000425,2,radio://0/80/2M/E7E7E7E702,0.0,aborted,cf5 起飞前预检失败（电压或 EKF 对齐）,0.0,0.0,0.0,0,0.0,global_abort:cf5 起飞前预检失败（电压或 EKF 对齐）,,,,,
2.973205068000425,1788684527.6676526,control,aborted,1,1,0.015832598000088183,4.122580528259277,4122.0,0,90.0,2.9094713459999184,4.122580528259277,1,1,0,1.0187793716120355,-0.31364738941192627,0.3157784342765808,0.04021291062235832,0.003971801605075598,0.008571107871830463,0.05827564001083374,-72.22734069824219,6.2296905517578125,210.9922332763672,7.622065544128418,1.787911057472229,0.16651111841201782,-0.007699701122678452,-0.011511613628304364,-0.5960670876176746,-0.31364738941192627,0.3157784342765808,0.04021291062235832,-0.5960670876176746,0.0,0.0,0.0,0.0,0.0,0.0,-0.2511560886415322,0.025011568367525314,0.08598334419041344,0.0,0.0,0.0,-0.007699701122678452,-0.011511613628304364,-0.5960670876176746,0.0,0.0,0.0,0.0,0.0,0.0,zero,0.0,0.0,0.0,0.0,-0.2511560886415322,0.025011568367525314,0.08598334419041344,1.2918470339018469,0.11122351248487887,1.2890557614939149,1,0.016705751419067383,,,,,,,,,,,,,,,,,,,,,,2.973205068000425,4,radio://0/80/2M/E7E7E7E704,2.0943951023931953,aborted,cf5 起飞前预检失败（电压或 EKF 对齐）,0.0,0.0,0.0,0,0.0,global_abort:cf5 起飞前预检失败（电压或 EKF 对齐）,,,,,
2.973205068000425,1788684527.6678517,control,aborted,1,1,0.015582169000481372,3.763636350631714,3763.0,0,10.0,2.881749789999958,nan,1,0,1,1.0,-0.28666332364082336,-0.4440661668777466,0.03562815114855766,-0.18228691816329956,0.09817235171794891,0.1567510962486267,-756.5094604492188,306.6623229980469,499.8077087402344,-0.29318767786026,-3.4260783195495605,0.29356151819229126,-0.0042544864684466105,-0.05177416461915845,0.9681816578609925,-0.28666332364082336,-0.4440661668777466,0.03562815114855766,0.9681816578609925,0.0,0.0,0.0,0.0,0.0,0.0,-0.1892210182552818,0.11767861225070116,0.08379494415540735,0.0,0.0,0.0,-0.0042544864684466105,-0.05177416461915845,0.9681816578609925,0.0,0.0,0.0,0.0,0.0,0.0,zero,0.0,0.0,0.0,0.0,-0.1892210182552818,0.11767861225070116,0.08379494415540735,-6.025031781587412,-0.15938684369297867,1.8869033907261257,1,0.016904830932617188,,,,,,,,,,,,,,,,,,,,,,2.973205068000425,5,radio://0/80/2M/E7E7E7E705,4.1887902047863905,aborted,cf5 起飞前预检失败（电压或 EKF 对齐）,0.0,0.0,0.0,0,0.0,global_abort:cf5 起飞前预检失败（电压或 EKF 对齐）,,,,,
2.987583519000509,1788684527.6818361,control,aborted,1,1,0.009800597999856109,4.170087814331055,4170.0,0,90.0,2.9542461359997105,4.170087814331055,1,1,0,1.0071730349577168,0.37472355365753174,0.003655379870906472,0.04586932808160782,-0.021769929677248,0.07654142379760742,-0.06192965433001518,-59.984798431396484,233.4083709716797,-224.77212524414062,-1.7484008073806763,1.0958939790725708,-0.7499485611915588,-0.034277961872989496,0.002903803803873623,3.125016575928198,0.37472355365753174,0.003655379870906472,0.04586932808160782,3.125016575928198,0.0,0.0,0.0,0.0,0.0,0.0,-0.027158530873212718,0.12349371768910619,-0.11010246525576953,0.0,0.0,0.0,-0.034277961872989496,0.002903803803873623,3.125016575928198,0.0,0.0,0.0,0.0,0.0,0.0,zero,0.0,0.0,0.0,0.0,-0.027158530873212718,0.12349371768910619,-0.11010246525576953,6.585260934564882,1.0449684932554903,-38.50997232169182,1,0.010134220123291016,,,,,,,,,,,,,,,,,,,,,,2.987583519000509,2,radio://0/80/2M/E7E7E7E702,0.0,aborted,cf5 起飞前预检失败（电压或 EKF 对齐）,0.0,0.0,0.0,0,0.0,global_abort:cf5 起飞前预检失败（电压或 EKF 对齐）,,,,,
2.987583519000509,1788684527.6820807,control,aborted,1,1,0.009348196999781067,4.122580528259277,4122.0,0,90.0,2.9238497970000026,4.122580528259277,1,1,0,1.0187793716120355,-0.3137000501155853,0.31577640771865845,0.040203824639320374,-0.0026685434859246016,0.009869802743196487,0.03661220893263817,-47.08977508544922,4.477935791015625,133.42892456054688,4.755836486816406,1.1460201740264893,0.08504532277584076,-0.006598801123552001,-0.01089967110725578,-0.5955245026177226,-0.3137000501155853,0.31577640771865845,0.040203824639320374,-0.5955245026177226,0.0,0.0,0.0,0.0,0.0,0.0,-0.02177002164210931,0.011531754038902328,0.07188714834419944,0.0,0.0,0.0,-0.006598801123552001,-0.01089967110725578,-0.5955245026177226,0.0,0.0,0.0,0.0,0.0,0.0,zero,0.0,0.0,0.0,0.0,-0.02177002164210931,0.011531754038902328,0.07188714834419944,83.5647154979986,-4.913566313929,-5.165137689817062,1,0.010378837585449219,,,,,,,,,,,,,,,,,,,,,,2.987583519000509,4,radio://0/80/2M/E7E7E7E704,2.0943951023931953,aborted,cf5 起飞前预检失败（电压或 EKF 对齐）,0.0,0.0,0.0,0,0.0,global_abort:cf5 起飞前预检失败（电压或 EKF 对齐）,,,,,
2.987583519000509,1788684527.6822813,control,aborted,1,1,0.00953712800037465,3.763636350631714,3763.0,0,10.0,2.896128241000042,nan,1,0,1,1.0,-0.28666654229164124,-0.44404956698417664,0.03566765412688255,-0.11560484021902084,0.07205945998430252,0.10953117907047272,-479.2678527832031,195.18919372558594,317.24609375,-0.15989869832992554,-2.1273913383483887,0.21094796061515808,-0.0036723534999206515,-0.04877575179256759,0.9685192345696799,-0.28666654229164124,-0.44404956698417664,0.03566765412688255,0.9685192345696799,0.0,0.0,0.0,0.0,0.0,0.0,-0.2276893378919003,0.10077720308435703,0.16192570701491693,0.0,0.0,0.0,-0.0036723534999206515,-0.04877575179256759,0.9685192345696799,0.0,0.0,0.0,0.0,0.0,0.0,zero,0.0,0.0,0.0,0.0,-0.2276893378919003,0.10077720308435703,0.16192570701491693,-13.906337032243483,-6.179433614623056,28.41069662189063,1,0.010579347610473633,,,,,,,,,,,,,,,,,,,,,,2.987583519000509,5,radio://0/80/2M/E7E7E7E705,4.1887902047863905,aborted,cf5 起飞前预检失败（电压或 EKF 对齐）,0.0,0.0,0.0,0,0.0,global_abort:cf5 起飞前预检失败（电压或 EKF 对齐）,,,,,
3.0018713830004344,1788684527.6960826,control,aborted,1,1,0.005919512000218674,4.170087814331055,4170.0,0,90.0,2.968533999999636,4.170087814331055,1,1,0,1.0071730349577168,0.37476056814193726,0.003685401054099202,0.04585186392068863,0.009456276893615723,0.28783583641052246,-0.020115092396736145,69.70733642578125,1074.646728515625,-22.651939392089844,0.8471033573150635,4.83375883102417,0.7409522533416748,-0.03355106632025582,0.003505060219633978,3.1247204473013017,0.37476056814193726,0.003685401054099202,0.04585186392068863,3.1247204473013017,0.0,0.0,0.0,0.0,0.0,0.0,-0.016483113624424114,0.09063140968623941,-0.11406530512136531,0.0,0.0,0.0,-0.03355106632025582,0.003505060219633978,3.1247204473013017,0.0,0.0,0.0,0.0,0.0,0.0,zero,0.0,0.0,0.0,0.0,-0.016483113624424114,0.09063140968623941,-0.11406530512136531,109.04410185331497,-335.6700344209199,-40.4751162323848,1,0.007564544677734375,,,,,,,,,,,,,,,,,,,,,,3.0018713830004344,2,radio://0/80/2M/E7E7E7E702,0.0,aborted,cf5 起飞前预检失败（电压或 EKF 对齐）,0.0,0.0,0.0,0,0.0,global_abort:cf5 起飞前预检失败（电压或 EKF 对齐）,,,,,
3.0018713830004344,1788684527.6963215,control,aborted,1,1,0.006112518000009004,4.122580528259277,4122.0,0,90.0,2.938137660999928,4.122580528259277,1,1,0,1.0187793716120355,-0.3136044442653656,0.31579211354255676,0.04017414525151253,0.14008669555187225,0.1625039428472519,-0.30311140418052673,546.8485717773438,634.3949584960938,-1272.5660400390625,-0.6216421127319336,5.635720729827881,1.4210312366485596,-0.0071386906720617704,-0.010841758226085749,-0.5954519512582531,-0.3136044442653656,0.31579211354255676,0.04017414525151253,-0.5954519512582531,0.0,0.0,0.0,0.0,0.0,0.0,0.07112432952118433,0.004778726966084654,0.04281044104881675,0.0,0.0,0.0,-0.0071386906720617704,-0.010841758226085749,-0.5954519512582531,0.0,0.0,0.0,0.0,0.0,0.0,zero,0.0,0.0,0.0,0.0,0.07112432952118433,0.004778726966084654,0.04281044104881675,948.866025131888,-68.97669058668207,-297.0080073282974,1,0.007803440093994141,,,,,,,,,,,,,,,,,,,,,,3.0018713830004344,4,radio://0/80/2M/E7E7E7E704,2.0943951023931953,aborted,cf5 起飞前预检失败（电压或 EKF 对齐）,0.0,0.0,0.0,0,0.0,global_abort:cf5 起飞前预检失败（电压或 EKF 对齐）,,,,,
3.0018713830004344,1788684527.6965237,control,aborted,1,1,0.006818071999987296,3.763636350631714,3763.0,0,10.0,2.9104161049999675,nan,1,0,1,1.0,-0.2866596579551697,-0.44405990839004517,0.035637423396110535,-0.13999783992767334,-0.03399980440735817,0.03577302396297455,-501.3817443847656,-249.3815460205078,-7.54827880859375,-1.177005410194397,-6.8782148361206055,-0.06801803410053253,-0.004446374918305636,-0.050253565693583996,0.968264125348697,-0.2866596579551697,-0.44405990839004517,0.035637423396110535,0.968264125348697,0.0,0.0,0.0,0.0,0.0,0.0,-0.16309968518027568,0.07333327367111109,0.150529927644839,0.0,0.0,0.0,-0.004446374918305636,-0.050253565693583996,0.968264125348697,0.0,0.0,0.0,0.0,0.0,0.0,zero,0.0,0.0,0.0,0.0,-0.16309968518027568,0.07333327367111109,0.150529927644839,659.7524376076357,-280.32720979222256,-116.40533165845328,1,0.008005619049072266,,,,,,,,,,,,,,,,,,,,,,3.0018713830004344,5,radio://0/80/2M/E7E7E7E705,4.1887902047863905,aborted,cf5 起飞前预检失败（电压或 EKF 对齐）,0.0,0.0,0.0,0,0.0,global_abort:cf5 起飞前预检失败（电压或 EKF 对齐）,,,,,
3.016080934000456,1788684527.7102838,control,aborted,1,1,0.010608307999973476,4.170087814331055,4170.0,0,90.0,2.9827435509996576,4.170087814331055,1,1,0,1.0071730349577168,0.3747454583644867,0.003608385566622019,0.04584793001413345,0.007262982428073883,0.22872915863990784,-0.016170712187886238,55.72202682495117,858.535888671875,-18.042705535888672,0.6540400385856628,3.8269693851470947,0.5939367413520813,-0.03473349590986865,0.001505317814556643,3.1248475589053477,0.3747454583644867,0.003608385566622019,0.04584793001413345,3.1248475589053477,0.0,0.0,0.0,0.0,0.0,0.0,-0.010872953567253691,0.10022645564665696,-0.10231288442440824,0.0,0.0,0.0,-0.03473349590986865,0.001505317814556643,3.1248475589053477,0.0,0.0,0.0,0.0,0.0,0.0,zero,0.0,0.0,0.0,0.0,-0.010872953567253691,0.10022645564665696,-0.10231288442440824,0.5607224298446356,0.9590024937915682,1.1746270734881412,1,0.011760473251342773,,,,,,,,,,,,,,,,,,,,,,3.016080934000456,2,radio://0/80/2M/E7E7E7E702,0.0,aborted,cf5 起飞前预检失败（电压或 EKF 对齐）,0.0,0.0,0.0,0,0.0,global_abort:cf5 起飞前预检失败（电压或 EKF 对齐）,,,,,
3.016080934000456,1788684527.7105126,control,aborted,1,1,0.01090455200028373,4.122580528259277,4122.0,0,90.0,2.9523472119999496,4.122580528259277,1,1,0,1.0187793716120355,-0.31365764141082764,0.3157505393028259,0.040243346244096756,0.11100596934556961,0.12917210161685944,-0.2411058247089386,436.8975524902344,506.84967041015625,-1016.8134155273438,-0.474850594997406,4.507448196411133,1.1229954957962036,-0.006007433759423312,-0.010902762960628311,-0.5961433966185967,-0.31365764141082764,0.3157505393028259,0.040243346244096756,-0.5961433966185967,0.0,0.0,0.0,0.0,0.0,0.0,0.09988344504372577,0.019174464978723695,-0.0011791222878057527,0.0,0.0,0.0,-0.006007433759423312,-0.010902762960628311,-0.5961433966185967,0.0,0.0,0.0,0.0,0.0,0.0,zero,0.0,0.0,0.0,0.0,0.09988344504372577,0.019174464978723695,-0.0011791222878057527,2.8744066072359744,1.4388204820532344,-4.39665438963539,1,0.011989355087280273,,,,,,,,,,,,,,,,,,,,,,3.016080934000456,4,radio://0/80/2M/E7E7E7E704,2.0943951023931953,aborted,cf5 起飞前预检失败（电压或 EKF 对齐）,0.0,0.0,0.0,0,0.0,global_abort:cf5 起飞前预检失败（电压或 EKF 对齐）,,,,,
3.016080934000456,1788684527.7107127,control,aborted,1,1,0.01127249999990454,3.763636350631714,3763.0,0,10.0,2.9246256559999892,nan,1,0,1,1.0,-0.2866097390651703,-0.4440386891365051,0.0356719009578228,-0.1110004112124443,-0.026775678619742393,0.029307613149285316,-400.5257568359375,-199.36082458496094,-6.167864799499512,-0.9214709997177124,-5.463453769683838,-0.05934356525540352,-0.003426646011491717,-0.04829763529035234,0.9680095068698927,-0.2866097390651703,-0.4440386891365051,0.0356719009578228,0.9680095068698927,0.0,0.0,0.0,0.0,0.0,0.0,-0.139589013558306,0.053881875527159326,0.13232232262280508,0.0,0.0,0.0,-0.003426646011491717,-0.04829763529035234,0.9680095068698927,0.0,0.0,0.0,0.0,0.0,0.0,zero,0.0,0.0,0.0,0.0,-0.139589013558306,0.053881875527159326,0.13232232262280508,2.349836864689954,-1.944121935917299,-1.8198077105763601,1,0.012189388275146484,,,,,,,,,,,,,,,,,,,,,,3.016080934000456,5,radio://0/80/2M/E7E7E7E705,4.1887902047863905,aborted,cf5 起飞前预检失败（电压或 EKF 对齐）,0.0,0.0,0.0,0,0.0,global_abort:cf5 起飞前预检失败（电压或 EKF 对齐）,,,,,
3.0303363250004622,1788684527.7245278,control,aborted,1,1,0.004619635000381095,4.170087814331055,4170.0,0,90.0,2.9969989419996637,4.170087814331055,1,1,0,1.0071730349577168,0.37472379207611084,0.003643577918410301,0.045836612582206726,-0.0030207978561520576,0.140160471200943,-0.055833589285612106,23.914783477783203,490.6181335449219,-69.86933898925781,0.9598056674003601,3.28674578666687,0.6165971159934998,-0.034204879662541814,0.0027788274119141905,3.124767870328899,0.37472379207611084,0.003643577918410301,0.045836612582206726,3.124767870328899,0.0,0.0,0.0,0.0,0.0,0.0,0.009710229380425268,0.23083610354553172,-0.013967559893497614,0.0,0.0,0.0,-0.034204879662541814,0.0027788274119141905,3.124767870328899,0.0,0.0,0.0,0.0,0.0,0.0,zero,0.0,0.0,0.0,0.0,0.009710229380425268,0.23083610354553172,-0.013967559893497614,69.30324657893988,439.75916299047134,297.45937812428974,1,0.005682706832885742,,,,,,,,,,,,,,,,,,,,,,3.0303363250004622,2,radio://0/80/2M/E7E7E7E702,0.0,aborted,cf5 起飞前预检失败（电压或 EKF 对齐）,0.0,0.0,0.0,0,0.0,global_abort:cf5 起飞前预检失败（电压或 EKF 对齐）,,,,,
3.0303363250004622,1788684527.7247655,control,aborted,1,1,0.004179861000011442,4.122580528259277,4122.0,0,90.0,2.9666026029999557,4.122580528259277,1,1,0,1.0187793716120355,-0.3136386275291443,0.31576651334762573,0.04021703079342842,0.05816460773348808,0.03212009370326996,-0.12782494723796844,237.5930938720703,227.09127807617188,-561.7232666015625,-2.0058836936950684,2.412792444229126,0.4556881785392761,-0.007046232319784287,-0.011338355005009635,-0.5963255257933573,-0.3136386275291443,0.31576651334762573,0.04021703079342842,-0.5963255257933573,0.0,0.0,0.0,0.0,0.0,0.0,0.1288248723504476,0.13367898806235498,-0.25747505855087716,0.0,0.0,0.0,-0.007046232319784287,-0.011338355005009635,-0.5963255257933573,0.0,0.0,0.0,0.0,0.0,0.0,zero,0.0,0.0,0.0,0.0,0.1288248723504476,0.13367898806235498,-0.25747505855087716,97.44048880529337,385.5336014145189,-862.9448681526814,1,0.00592041015625,,,,,,,,,,,,,,,,,,,,,,3.0303363250004622,4,radio://0/80/2M/E7E7E7E704,2.0943951023931953,aborted,cf5 起飞前预检失败（电压或 EKF 对齐）,0.0,0.0,0.0,0,0.0,global_abort:cf5 起飞前预检失败（电压或 EKF 对齐）,,,,,
3.0303363250004622,1788684527.7249672,control,aborted,1,1,0.003982135000114795,3.763636350631714,3763.0,0,10.0,2.9388810469999953,nan,1,0,1,1.0,-0.28662288188934326,-0.44405290484428406,0.03565157949924469,-0.01405298337340355,-0.006223780103027821,0.08146052807569504,-154.27047729492188,-106.68519592285156,75.40589141845703,-0.3330720067024231,-2.570331573486328,0.196746364235878,-0.0038278150154016483,-0.04922111712487916,0.9682590121108339,-0.28662288188934326,-0.44405290484428406,0.03565157949924469,0.9682590121108339,0.0,0.0,0.0,0.0,0.0,0.0,-0.1005795711271508,-0.03434876663070948,0.02410787847267648,0.0,0.0,0.0,-0.0038278150154016483,-0.04922111712487916,0.9682590121108339,0.0,0.0,0.0,0.0,0.0,0.0,zero,0.0,0.0,0.0,0.0,-0.1005795711271508,-0.03434876663070948,0.02410787847267648,131.34926770588876,-297.07254106212883,-364.3585333497669,1,0.006122112274169922,,,,,,,,,,,,,,,,,,,,,,3.0303363250004622,5,radio://0/80/2M/E7E7E7E705,4.1887902047863905,aborted,cf5 起飞前预检失败（电压或 EKF 对齐）,0.0,0.0,0.0,0,0.0,global_abort:cf5 起飞前预检失败（电压或 EKF 对齐）,,,,,
3.044632568000452,1788684527.7388422,control,aborted,1,1,0.008875755999724788,4.170087814331055,4170.0,0,90.0,3.0112951849996534,4.170087814331055,1,1,0,1.0071730349577168,0.3747672438621521,0.0036383536644279957,0.04579659923911095,-0.0015784611459821463,0.1120276004076004,-0.045438721776008606,19.159648895263672,391.95184326171875,-55.6949577331543,0.7794765830039978,2.610107421875,0.48419979214668274,-0.033602855023852095,0.0017634829145906342,3.124331431271617,0.3747672438621521,0.0036383536644279957,0.04579659923911095,3.124331431271617,0.0,0.0,0.0,0.0,0.0,0.0,0.013499558832921569,0.25142689777862726,0.004681665966296683,0.0,0.0,0.0,-0.033602855023852095,0.0017634829145906342,3.124331431271617,0.0,0.0,0.0,0.0,0.0,0.0,zero,0.0,0.0,0.0,0.0,0.013499558832921569,0.25142689777862726,0.004681665966296683,0.36547933129264015,1.9859739833754813,1.798710479468316,1,0.009629011154174805,,,,,,,,,,,,,,,,,,,,,,3.044632568000452,2,radio://0/80/2M/E7E7E7E702,0.0,aborted,cf5 起飞前预检失败（电压或 EKF 对齐）,0.0,0.0,0.0,0,0.0,global_abort:cf5 起飞前预检失败（电压或 EKF 对齐）,,,,,
3.044632568000452,1788684527.7390845,control,aborted,1,1,0.009176827000374033,4.122580528259277,4122.0,0,90.0,2.9808988459999455,4.122580528259277,1,1,0,1.0187793716120355,-0.31366831064224243,0.31579357385635376,0.040213655680418015,0.04595910757780075,0.026218067854642868,-0.10232505947351456,189.8390350341797,181.55917358398438,-448.8867492675781,-1.5964916944503784,1.916632890701294,0.37007516622543335,-0.006623750539048526,-0.01204147311403604,-0.5960342851299324,-0.31366831064224243,0.31579357385635376,0.040213655680418015,-0.5960342851299324,0.0,0.0,0.0,0.0,0.0,0.0,0.1261056771531217,0.1503423871712544,-0.305810936963595,0.0,0.0,0.0,-0.006623750539048526,-0.01204147311403604,-0.5960342851299324,0.0,0.0,0.0,0.0,0.0,0.0,zero,0.0,0.0,0.0,0.0,0.1261056771531217,0.1503423871712544,-0.305810936963595,-0.26226530441108264,1.6071782724964527,-4.661976410650911,1,0.009871244430541992,,,,,,,,,,,,,,,,,,,,,,3.044632568000452,4,radio://0/80/2M/E7E7E7E704,2.0943951023931953,aborted,cf5 起飞前预检失败（电压或 EKF 对齐）,0.0,0.0,0.0,0,0.0,global_abort:cf5 起飞前预检失败（电压或 EKF 对齐）,,,,,
3.044632568000452,1788684527.7392843,control,aborted,1,1,0.008663284999784082,3.763636350631714,3763.0,0,10.0,2.953177289999985,nan,1,0,1,1.0,-0.28663939237594604,-0.4440304934978485,0.03564716503024101,-0.01156087126582861,-0.004546713083982468,0.06508327275514603,-123.3683090209961,-85.31581115722656,60.0088005065918,-0.2724366784095764,-2.054556369781494,0.16339769959449768,-0.004153068084010932,-0.049131289046565996,0.968570143032159,-0.28663939237594604,-0.4440304934978485,0.03564716503024101,0.968570143032159,0.0,0.0,0.0,0.0,0.0,0.0,-0.07973635928968237,-0.05355984694961627,0.0018401159463454844,0.0,0.0,0.0,-0.004153068084010932,-0.049131289046565996,0.968570143032159,0.0,0.0,0.0,0.0,0.0,0.0,zero,0.0,0.0,0.0,0.0,-0.07973635928968237,-0.05355984694961627,0.0018401159463454844,2.010319561771131,-1.8529011204707617,-2.1477169139108288,1,0.010071039199829102,,,,,,,,,,,,,,,,,,,,,,3.044632568000452,5,radio://0/80/2M/E7E7E7E705,4.1887902047863905,aborted,cf5 起飞前预检失败（电压或 EKF 对齐）,0.0,0.0,0.0,0,0.0,global_abort:cf5 起飞前预检失败（电压或 EKF 对齐）,,,,,
3.058948147000592,1788684527.7531734,control,aborted,1,1,0.02319133499986492,4.170087814331055,4170.0,0,90.0,3.0256107639997936,4.170087814331055,1,1,0,1.0071730349577168,0.3747672438621521,0.0036383536644279957,0.04579659923911095,-0.0015784611459821463,0.1120276004076004,-0.045438721776008606,19.159648895263672,391.95184326171875,-55.6949577331543,0.7794765830039978,2.610107421875,0.48419979214668274,-0.033602855023852095,0.0017634829145906342,3.124331431271617,0.3747672438621521,0.0036383536644279957,0.04579659923911095,3.124331431271617,0.0,0.0,0.0,0.0,0.0,0.0,0.013499558832921569,0.25142689777862726,0.004681665966296683,0.0,0.0,0.0,-0.033602855023852095,0.0017634829145906342,3.124331431271617,0.0,0.0,0.0,0.0,0.0,0.0,zero,0.0,0.0,0.0,0.0,0.013499558832921569,0.25142689777862726,0.004681665966296683,0.36547933129264015,1.9859739833754813,1.798710479468316,1,0.023960113525390625,,,,,,,,,,,,,,,,,,,,,,3.058948147000592,2,radio://0/80/2M/E7E7E7E702,0.0,aborted,cf5 起飞前预检失败（电压或 EKF 对齐）,0.0,0.0,0.0,0,0.0,global_abort:cf5 起飞前预检失败（电压或 EKF 对齐）,,,,,
3.058948147000592,1788684527.753411,control,aborted,1,1,0.023492406000514165,4.122580528259277,4122.0,0,90.0,2.9952144250000856,4.122580528259277,1,1,0,1.0187793716120355,-0.31366831064224243,0.31579357385635376,0.040213655680418015,0.04595910757780075,0.026218067854642868,-0.10232505947351456,189.8390350341797,181.55917358398438,-448.8867492675781,-1.5964916944503784,1.916632890701294,0.37007516622543335,-0.006623750539048526,-0.01204147311403604,-0.5960342851299324,-0.31366831064224243,0.31579357385635376,0.040213655680418015,-0.5960342851299324,0.0,0.0,0.0,0.0,0.0,0.0,0.1261056771531217,0.1503423871712544,-0.305810936963595,0.0,0.0,0.0,-0.006623750539048526,-0.01204147311403604,-0.5960342851299324,0.0,0.0,0.0,0.0,0.0,0.0,zero,0.0,0.0,0.0,0.0,0.1261056771531217,0.1503423871712544,-0.305810936963595,-0.26226530441108264,1.6071782724964527,-4.661976410650911,1,0.024197816848754883,,,,,,,,,,,,,,,,,,,,,,3.058948147000592,4,radio://0/80/2M/E7E7E7E704,2.0943951023931953,aborted,cf5 起飞前预检失败（电压或 EKF 对齐）,0.0,0.0,0.0,0,0.0,global_abort:cf5 起飞前预检失败（电压或 EKF 对齐）,,,,,
3.058948147000592,1788684527.7536194,control,aborted,1,1,0.022978863999924215,3.763636350631714,3763.0,0,10.0,2.967492869000125,nan,1,0,1,1.0,-0.28663939237594604,-0.4440304934978485,0.03564716503024101,-0.01156087126582861,-0.004546713083982468,0.06508327275514603,-123.3683090209961,-85.31581115722656,60.0088005065918,-0.2724366784095764,-2.054556369781494,0.16339769959449768,-0.004153068084010932,-0.049131289046565996,0.968570143032159,-0.28663939237594604,-0.4440304934978485,0.03564716503024101,0.968570143032159,0.0,0.0,0.0,0.0,0.0,0.0,-0.07973635928968237,-0.05355984694961627,0.0018401159463454844,0.0,0.0,0.0,-0.004153068084010932,-0.049131289046565996,0.968570143032159,0.0,0.0,0.0,0.0,0.0,0.0,zero,0.0,0.0,0.0,0.0,-0.07973635928968237,-0.05355984694961627,0.0018401159463454844,2.010319561771131,-1.8529011204707617,-2.1477169139108288,1,0.02440619468688965,,,,,,,,,,,,,,,,,,,,,,3.058948147000592,5,radio://0/80/2M/E7E7E7E705,4.1887902047863905,aborted,cf5 起飞前预检失败（电压或 EKF 对齐）,0.0,0.0,0.0,0,0.0,global_abort:cf5 起飞前预检失败（电压或 EKF 对齐）,,,,,
3.0732075530004295,1788684527.7674258,control,aborted,1,1,0.008044350000091072,4.170087814331055,4170.0,0,90.0,3.039870169999631,4.170087814331055,1,1,0,1.0071730349577168,0.3747343122959137,0.0036067364271730185,0.04581811651587486,0.016597425565123558,0.3248400092124939,-0.21677523851394653,81.31554412841797,1226.04443359375,-783.9259643554688,7.898310661315918,4.967449188232422,-1.4543818235397339,-0.03492967651516596,0.0018855263854309322,3.1252886216135183,0.3747343122959137,0.0036067364271730185,0.04581811651587486,3.1252886216135183,0.0,0.0,0.0,0.0,0.0,0.0,-0.009639473827041709,0.0389997409340653,-0.07730458340598106,0.0,0.0,0.0,-0.03492967651516596,0.0018855263854309322,3.1252886216135183,0.0,0.0,0.0,0.0,0.0,0.0,zero,0.0,0.0,0.0,0.0,-0.009639473827041709,0.0389997409340653,-0.07730458340598106,-0.9621789353983455,-8.473634369531576,-4.853798961504105,1,0.008436918258666992,,,,,,,,,,,,,,,,,,,,,,3.0732075530004295,2,radio://0/80/2M/E7E7E7E702,0.0,aborted,cf5 起飞前预检失败（电压或 EKF 对齐）,0.0,0.0,0.0,0,0.0,global_abort:cf5 起飞前预检失败（电压或 EKF 对齐）,,,,,
3.0732075530004295,1788684527.7676816,control,aborted,1,1,0.007560445000308391,4.122580528259277,4122.0,0,90.0,3.009473830999923,4.122580528259277,1,1,0,1.0187793716120355,-0.31368985772132874,0.3157891631126404,0.040252625942230225,0.2415086328983307,-0.05729551240801811,-0.004810285288840532,957.376708984375,-210.37322998046875,11.945747375488281,-1.2214189767837524,1.8877038955688477,0.26500019431114197,-0.006557745061766698,-0.010857956188915299,-0.5957924910661679,-0.31368985772132874,0.3157891631126404,0.040252625942230225,-0.5957924910661679,0.0,0.0,0.0,0.0,0.0,0.0,-0.0018489637607474185,-0.054241705339105446,0.01279537742871209,0.0,0.0,0.0,-0.006557745061766698,-0.010857956188915299,-0.5957924910661679,0.0,0.0,0.0,0.0,0.0,0.0,zero,0.0,0.0,0.0,0.0,-0.0018489637607474185,-0.054241705339105446,0.01279537742871209,-4.670671839161883,-9.924179256853817,15.279498605379287,1,0.008692741394042969,,,,,,,,,,,,,,,,,,,,,,3.0732075530004295,4,radio://0/80/2M/E7E7E7E704,2.0943951023931953,aborted,cf5 起飞前预检失败（电压或 EKF 对齐）,0.0,0.0,0.0,0,0.0,global_abort:cf5 起飞前预检失败（电压或 EKF 对齐）,,,,,
3.0732075530004295,1788684527.7678866,control,aborted,1,1,0.00775272999999288,3.763636350631714,3763.0,0,10.0,2.9817522749999625,nan,1,0,1,1.0,-0.28662607073783875,-0.4440769851207733,0.03561823070049286,0.027582094073295593,-0.014729935675859451,0.027151811867952347,77.615478515625,-84.30668640136719,-23.299015045166016,-1.7352060079574585,-5.046281814575195,2.6037280559539795,-0.0033054752482861898,-0.04892744442604628,0.9684385360059699,-0.28662607073783875,-0.4440769851207733,0.03561823070049286,0.9684385360059699,0.0,0.0,0.0,0.0,0.0,0.0,0.050786946595146945,0.017356535379237214,0.09582361101209218,0.0,0.0,0.0,-0.0033054752482861898,-0.04892744442604628,0.9684385360059699,0.0,0.0,0.0,0.0,0.0,0.0,zero,0.0,0.0,0.0,0.0,0.050786946595146945,0.017356535379237214,0.09582361101209218,6.165734487031377,3.2487919220930506,4.176081135883314,1,0.008897781372070312,,,,,,,,,,,,,,,,,,,,,,3.0732075530004295,5,radio://0/80/2M/E7E7E7E705,4.1887902047863905,aborted,cf5 起飞前预检失败（电压或 EKF 对齐）,0.0,0.0,0.0,0,0.0,global_abort:cf5 起飞前预检失败（电压或 EKF 对齐）,,,,,
3.0875961250003456,1788684527.781812,control,aborted,1,1,0.0025143049997495837,4.170087814331055,4170.0,0,90.0,3.054258741999547,4.170087814331055,1,1,0,1.0071730349577168,0.37474679946899414,0.003625274868682027,0.045893002301454544,0.013405540958046913,0.26006144285202026,-0.17265497148036957,65.01982116699219,980.1736450195312,-626.68994140625,6.320493221282959,3.9855449199676514,-1.1718206405639648,-0.03475125068930203,0.0029902604739771234,3.124435887061635,0.37474679946899414,0.003625274868682027,0.045893002301454544,3.124435887061635,0.0,0.0,0.0,0.0,0.0,0.0,0.0007465404316191221,0.15663042720882553,-0.1499045090419711,0.0,0.0,0.0,-0.03475125068930203,0.0029902604739771234,3.124435887061635,0.0,0.0,0.0,0.0,0.0,0.0,zero,0.0,0.0,0.0,0.0,0.0007465404316191221,0.15663042720882553,-0.1499045090419711,0.5306497728056103,6.010072333052817,-3.709328052608483,1,0.0032508373260498047,,,,,,,,,,,,,,,,,,,,,,3.0875961250003456,2,radio://0/80/2M/E7E7E7E702,0.0,aborted,cf5 起飞前预检失败（电压或 EKF 对齐）,0.0,0.0,0.0,0,0.0,global_abort:cf5 起飞前预检失败（电压或 EKF 对齐）,,,,,
3.0875961250003456,1788684527.7820501,control,aborted,1,1,0.0028284500003792346,4.122580528259277,4122.0,0,90.0,3.023862402999839,4.122580528259277,1,1,0,1.0187793716120355,-0.31373217701911926,0.3157525062561035,0.040249649435281754,0.1927744597196579,-0.04621099308133125,-0.0038786439690738916,765.4033813476562,-168.18531799316406,9.566117286682129,-0.9842585325241089,1.5026240348815918,0.21132896840572357,-0.007254165214999729,-0.011596178469755917,-0.5958530562969213,-0.31373217701911926,0.3157525062561035,0.040249649435281754,-0.5958530562969213,0.0,0.0,0.0,0.0,0.0,0.0,0.102337139271192,-0.07291563062951222,0.030373679764711503,0.0,0.0,0.0,-0.007254165214999729,-0.011596178469755917,-0.5958530562969213,0.0,0.0,0.0,0.0,0.0,0.0,zero,0.0,0.0,0.0,0.0,0.102337139271192,-0.07291563062951222,0.030373679764711503,5.323151935526917,-0.9541017339235769,0.8981233713527711,1,0.0034890174865722656,,,,,,,,,,,,,,,,,,,,,,3.0875961250003456,4,radio://0/80/2M/E7E7E7E704,2.0943951023931953,aborted,cf5 起飞前预检失败（电压或 EKF 对齐）,0.0,0.0,0.0,0,0.0,global_abort:cf5 起飞前预检失败（电压或 EKF 对齐）,,,,,
3.0875961250003456,1788684527.7822585,control,aborted,1,1,0.0022963999999774387,3.763636350631714,3763.0,0,10.0,2.9961408469998787,nan,1,0,1,1.0,-0.28663742542266846,-0.4440772533416748,0.03566949442028999,0.02194964699447155,-0.0117866899818182,0.022245291620492935,62.034828186035156,-67.41527557373047,-18.689350128173828,-1.3958848714828491,-4.043541431427002,2.0854029655456543,-0.004072756842971198,-0.0495642177173576,0.9686780269133266,-0.28663742542266846,-0.4440772533416748,0.03566949442028999,0.9686780269133266,0.0,0.0,0.0,0.0,0.0,0.0,0.05079062319559402,0.008422497322296317,0.07208104868520171,0.0,0.0,0.0,-0.004072756842971198,-0.0495642177173576,0.9686780269133266,0.0,0.0,0.0,0.0,0.0,0.0,zero,0.0,0.0,0.0,0.0,0.05079062319559402,0.008422497322296317,0.07208104868520171,0.0001878475364416602,-0.4564643516832265,-1.2130722133451006,1,0.0036973953247070312,,,,,,,,,,,,,,,,,,,,,,3.0875961250003456,5,radio://0/80/2M/E7E7E7E705,4.1887902047863905,aborted,cf5 起飞前预检失败（电压或 EKF 对齐）,0.0,0.0,0.0,0,0.0,global_abort:cf5 起飞前预检失败（电压或 EKF 对齐）,,,,,
3.1018626459999723,1788684527.7960818,control,aborted,1,1,0.0038548419997823657,4.170087814331055,4170.0,0,90.0,3.0685252629991737,4.170087814331055,1,1,0,1.0071730349577168,0.3746952414512634,0.0036597903817892075,0.04585593566298485,-0.001439809799194336,0.17464140057563782,-0.11016683280467987,39.049495697021484,619.6556396484375,-394.64654541015625,4.130261421203613,2.718630313873291,-0.7681377530097961,-0.03492133078294488,0.002521621366272739,3.1250125845234344,0.3746952414512634,0.0036597903817892075,0.04585593566298485,3.1250125845234344,0.0,0.0,0.0,0.0,0.0,0.0,0.015293839960390026,0.30665453109331775,-0.22679562301049894,0.0,0.0,0.0,-0.03492133078294488,0.002521621366272739,3.1250125845234344,0.0,0.0,0.0,0.0,0.0,0.0,zero,0.0,0.0,0.0,0.0,0.015293839960390026,0.30665453109331775,-0.22679562301049894,7.357304010738948,75.85425307651171,-38.84145655942253,1,0.0046215057373046875,,,,,,,,,,,,,,,,,,,,,,3.1018626459999723,2,radio://0/80/2M/E7E7E7E702,0.0,aborted,cf5 起飞前预检失败（电压或 EKF 对齐）,0.0,0.0,0.0,0,0.0,global_abort:cf5 起飞前预检失败（电压或 EKF 对齐）,,,,,
3.1018626459999723,1788684527.7963207,control,aborted,1,1,0.004273063999789883,4.122580528259277,4122.0,0,90.0,3.0381289239994658,4.122580528259277,1,1,0,1.0187793716120355,-0.31367719173431396,0.3157476782798767,0.04020858183503151,0.12520137429237366,-0.027310527861118317,-0.00801933091133833,483.1211242675781,-105.44341278076172,5.15709924697876,-0.8526918888092041,0.8343018889427185,-0.01024693250656128,-0.007400138277088033,-0.01177358047818498,-0.5958016291960864,-0.31367719173431396,0.3157476782798767,0.04020858183503151,-0.5958016291960864,0.0,0.0,0.0,0.0,0.0,0.0,0.23474882280764003,-0.08001631092727671,0.03330378283682818,0.0,0.0,0.0,-0.007400138277088033,-0.01177358047818498,-0.5958016291960864,0.0,0.0,0.0,0.0,0.0,0.0,zero,0.0,0.0,0.0,0.0,0.23474882280764003,-0.08001631092727671,0.03330378283682818,66.9540269926042,-3.5544002108541277,1.4479626332520987,1,0.004860401153564453,,,,,,,,,,,,,,,,,,,,,,3.1018626459999723,4,radio://0/80/2M/E7E7E7E704,2.0943951023931953,aborted,cf5 起飞前预检失败（电压或 EKF 对齐）,0.0,0.0,0.0,0,0.0,global_abort:cf5 起飞前预检失败（电压或 EKF 对齐）,,,,,
3.1018626459999723,1788684527.7965252,control,aborted,1,1,0.004063071000018681,3.763636350631714,3763.0,0,10.0,3.0104073679995054,nan,1,0,1,1.0,-0.2866494655609131,-0.4440734088420868,0.03561814874410629,0.006788183469325304,-0.0014651496894657612,0.01141698844730854,37.315006256103516,-41.36299133300781,-13.220379829406738,-0.7557334303855896,-2.5215752124786377,1.2726144790649414,-0.0035625901495658046,-0.04963631128371877,0.9680418789507544,-0.2866494655609131,-0.4440734088420868,0.03561814874410629,0.9680418789507544,0.0,0.0,0.0,0.0,0.0,0.0,0.039758841159003536,-0.007769846882150393,0.030770133252601306,0.0,0.0,0.0,-0.0035625901495658046,-0.04963631128371877,0.9680418789507544,0.0,0.0,0.0,0.0,0.0,0.0,zero,0.0,0.0,0.0,0.0,0.039758841159003536,-0.007769846882150393,0.030770133252601306,-5.60614011967182,-8.196940418207188,-20.924205328256576,1,0.005064964294433594,,,,,,,,,,,,,,,,,,,,,,3.1018626459999723,5,radio://0/80/2M/E7E7E7E705,4.1887902047863905,aborted,cf5 起飞前预检失败（电压或 EKF 对齐）,0.0,0.0,0.0,0,0.0,global_abort:cf5 起飞前预检失败（电压或 EKF 对齐）,,,,,
3.1162964620007187,1788684527.810502,control,aborted,1,1,0.00010490000022400636,4.170087814331055,4170.0,0,90.0,3.08295907899992,4.170087814331055,1,1,0,1.0071730349577168,0.37474769353866577,0.003647659905254841,0.04583949223160744,-0.0005462991539388895,0.1395730823278427,-0.08832330256700516,31.24991226196289,495.3196716308594,-315.465087890625,3.3072144985198975,2.164260149002075,-0.6228706240653992,-0.034662432815865084,0.0015750035047045936,3.124320924332728,0.37474769353866577,0.003647659905254841,0.04583949223160744,3.124320924332728,0.0,0.0,0.0,0.0,0.0,0.0,0.012710693570082523,0.28246832442744907,-0.19690802387506376,0.0,0.0,0.0,-0.034662432815865084,0.0015750035047045936,3.124320924332728,0.0,0.0,0.0,0.0,0.0,0.0,zero,0.0,0.0,0.0,0.0,0.012710693570082523,0.28246832442744907,-0.19690802387506376,-0.14912053013450122,-1.3962274741725347,1.7253589050340277,1,0.0017192363739013672,,,,,,,,,,,,,,,,,,,,,,3.1162964620007187,2,radio://0/80/2M/E7E7E7E702,0.0,aborted,cf5 起飞前预检失败（电压或 EKF 对齐）,0.0,0.0,0.0,0,0.0,global_abort:cf5 起飞前预检失败（电压或 EKF 对齐）,,,,,
3.1162964620007187,1788684527.8107407,control,aborted,1,1,0.00031940999997459585,4.122580528259277,4122.0,0,90.0,3.052562740000212,4.122580528259277,1,1,0,1.0187793716120355,-0.31366297602653503,0.3157859742641449,0.04022660851478577,0.07120707631111145,0.00961681641638279,0.0202008206397295,283.1036682128906,-39.6756591796875,26.970029830932617,-0.6833641529083252,0.41274774074554443,-0.017308024689555168,-0.007084350945772519,-0.011319295489000488,-0.5958558862866342,-0.31366297602653503,0.3157859742641449,0.04022660851478577,-0.5958558862866342,0.0,0.0,0.0,0.0,0.0,0.0,0.19871123335360508,-0.044257909122943306,0.0048898850762275625,0.0,0.0,0.0,-0.007084350945772519,-0.011319295489000488,-0.5958558862866342,0.0,0.0,0.0,0.0,0.0,0.0,zero,0.0,0.0,0.0,0.0,0.19871123335360508,-0.044257909122943306,0.0048898850762275625,-78.68586653363998,78.06095147023228,-62.023888425235015,1,0.0017304420471191406,,,,,,,,,,,,,,,,,,,,,,3.1162964620007187,4,radio://0/80/2M/E7E7E7E704,2.0943951023931953,aborted,cf5 起飞前预检失败（电压或 EKF 对齐）,0.0,0.0,0.0,0,0.0,global_abort:cf5 起飞前预检失败（电压或 EKF 对齐）,,,,,
3.1162964620007187,1788684527.8109548,control,aborted,1,1,0.0006557030001204112,3.763636350631714,3763.0,0,10.0,3.024841184000252,nan,1,0,1,1.0,-0.2866482436656952,-0.4440409243106842,0.03558540716767311,-0.02736925706267357,-0.009325518272817135,-0.02848067134618759,-5.526161193847656,-34.11118698120117,-41.836669921875,0.14925292134284973,-1.1946032047271729,0.3189293146133423,-0.0039701798446729565,-0.049407335224617516,0.9684426871257962,-0.2866482436656952,-0.4440409243106842,0.03558540716767311,0.9684426871257962,0.0,0.0,0.0,0.0,0.0,0.0,0.013644689677381465,-0.009896260858555855,0.003424335059373826,0.0,0.0,0.0,-0.0039701798446729565,-0.049407335224617516,0.9684426871257962,0.0,0.0,0.0,0.0,0.0,0.0,zero,0.0,0.0,0.0,0.0,0.013644689677381465,-0.009896260858555855,0.003424335059373826,-57.00629261711646,-4.640095677095868,-59.69195873000209,1,0.0019445419311523438,,,,,,,,,,,,,,,,,,,,,,3.1162964620007187,5,radio://0/80/2M/E7E7E7E705,4.1887902047863905,aborted,cf5 起飞前预检失败（电压或 EKF 对齐）,0.0,0.0,0.0,0,0.0,global_abort:cf5 起飞前预检失败（电压或 EKF 对齐）,,,,,
3.130452919000163,1788684527.8247037,control,aborted,1,1,0.0031864129996392876,4.170087814331055,4170.0,0,90.0,3.0971155359993645,4.170087814331055,1,1,0,1.0071730349577168,0.3747514486312866,0.003626958467066288,0.045828305184841156,-0.0029359632171690464,0.11140584945678711,-0.049941278994083405,17.68621063232422,317.100830078125,-183.02796936035156,2.246490716934204,1.994640827178955,-0.2360181361436844,-0.033633867251045294,0.002055137413127227,3.124743796735325,0.3747514486312866,0.003626958467066288,0.045828305184841156,3.124743796735325,0.0,0.0,0.0,0.0,0.0,0.0,0.006555833830769852,0.22404831674637818,-0.13438261520602085,0.0,0.0,0.0,-0.033633867251045294,0.002055137413127227,3.124743796735325,0.0,0.0,0.0,0.0,0.0,0.0,zero,0.0,0.0,0.0,0.0,0.006555833830769852,0.22404831674637818,-0.13438261520602085,-0.31921105049943116,-3.0588583435157197,2.9249020721573062,1,0.004395008087158203,,,,,,,,,,,,,,,,,,,,,,3.130452919000163,2,radio://0/80/2M/E7E7E7E702,0.0,aborted,cf5 起飞前预检失败（电压或 EKF 对齐）,0.0,0.0,0.0,0,0.0,global_abort:cf5 起飞前预检失败（电压或 EKF 对齐）,,,,,
3.130452919000163,1788684527.8249636,control,aborted,1,1,0.0038745439997001085,4.122580528259277,4122.0,0,90.0,3.0667191969996566,4.122580528259277,1,1,0,1.0187793716120355,-0.3136281371116638,0.3157542049884796,0.04018294811248779,0.05758235603570938,0.007131094112992287,0.01538780890405178,226.24176025390625,-31.784528732299805,21.490827560424805,-0.536048412322998,0.3249783217906952,-0.019627219066023827,-0.006479380126928297,-0.01161638872620041,-0.5961804439099526,-0.3136281371116638,0.3157542049884796,0.04018294811248779,-0.5961804439099526,0.0,0.0,0.0,0.0,0.0,0.0,0.16747708782816725,-0.027240187126629373,-0.0007613684137781785,0.0,0.0,0.0,-0.006479380126928297,-0.01161638872620041,-0.5961804439099526,0.0,0.0,0.0,0.0,0.0,0.0,zero,0.0,0.0,0.0,0.0,0.16747708782816725,-0.027240187126629373,-0.0007613684137781785,-2.7644706896943587,1.506203959569257,-0.5001809516585081,1,0.004654884338378906,,,,,,,,,,,,,,,,,,,,,,3.130452919000163,4,radio://0/80/2M/E7E7E7E704,2.0943951023931953,aborted,cf5 起飞前预检失败（电压或 EKF 对齐）,0.0,0.0,0.0,0,0.0,global_abort:cf5 起飞前预检失败（电压或 EKF 对齐）,,,,,
3.130452919000163,1788684527.8251789,control,aborted,1,1,0.003613376999965112,3.763636350631714,3763.0,0,10.0,3.038997640999696,nan,1,0,1,1.0,-0.28664669394493103,-0.4440354108810425,0.03561124950647354,-0.02186797372996807,-0.007362819742411375,-0.022327091544866562,-4.323548793792725,-27.254207611083984,-33.36041259765625,0.10873281210660934,-0.97872394323349,0.26307979226112366,-0.004595675270329001,-0.05070707712903161,0.9688971928388687,-0.28664669394493103,-0.4440354108810425,0.03561124950647354,0.9688971928388687,0.0,0.0,0.0,0.0,0.0,0.0,0.0015482452597383005,-0.00983656575431922,-0.007095261789276346,0.0,0.0,0.0,-0.004595675270329001,-0.05070707712903161,0.9688971928388687,0.0,0.0,0.0,0.0,0.0,0.0,zero,0.0,0.0,0.0,0.0,0.0015482452597383005,-0.00983656575431922,-0.007095261789276346,-1.0706316910400808,0.005283492255167568,-0.931068120042221,1,0.004870176315307617,,,,,,,,,,,,,,,,,,,,,,3.130452919000163,5,radio://0/80/2M/E7E7E7E705,4.1887902047863905,aborted,cf5 起飞前预检失败（电压或 EKF 对齐）,0.0,0.0,0.0,0,0.0,global_abort:cf5 起飞前预检失败（电压或 EKF 对齐）,,,,,
3.14463223400071,1788684527.8388524,control,aborted,1,1,0.009050154000760813,4.170087814331055,4170.0,0,90.0,3.1112948509999114,4.170087814331055,1,1,0,1.0071730349577168,0.3746991753578186,0.003648651298135519,0.04582773894071579,-0.0035090891178697348,0.08960619568824768,-0.039965592324733734,14.136246681213379,253.19677734375,-146.20094299316406,1.759466290473938,1.603356957435608,-0.18370048701763153,-0.035332979122264435,0.0024072564586989724,3.1249621782560033,0.3746991753578186,0.003648651298135519,0.04582773894071579,3.1249621782560033,0.0,0.0,0.0,0.0,0.0,0.0,0.0032951885155533206,0.19081267002233349,-0.10528758032886537,0.0,0.0,0.0,-0.035332979122264435,0.0024072564586989724,3.1249621782560033,0.0,0.0,0.0,0.0,0.0,0.0,zero,0.0,0.0,0.0,0.0,0.0032951885155533206,0.19081267002233349,-0.10528758032886537,-0.3618791725284176,-3.688622089258244,3.2290807886693673,1,0.009533405303955078,,,,,,,,,,,,,,,,,,,,,,3.14463223400071,2,radio://0/80/2M/E7E7E7E702,0.0,aborted,cf5 起飞前预检失败（电压或 EKF 对齐）,0.0,0.0,0.0,0,0.0,global_abort:cf5 起飞前预检失败（电压或 EKF 对齐）,,,,,
3.14463223400071,1788684527.8401434,control,aborted,1,1,0.008533198000804987,4.122580528259277,4122.0,0,90.0,3.0808985120002035,4.122580528259277,1,1,0,1.0187793716120355,-0.31366172432899475,0.3157549500465393,0.0402471087872982,0.04532034322619438,0.005721413530409336,0.013734431937336922,180.72122192382812,-25.458913803100586,17.155961990356445,-0.4208332896232605,0.2807426452636719,-0.013080805540084839,-0.0061199806041675586,-0.010680410283993327,-0.596068254736359,-0.31366172432899475,0.3157549500465393,0.0402471087872982,-0.596068254736359,0.0,0.0,0.0,0.0,0.0,0.0,0.1362971706279913,-0.013302253580828202,-0.0019264904320507139,0.0,0.0,0.0,-0.0061199806041675586,-0.010680410283993327,-0.596068254736359,0.0,0.0,0.0,0.0,0.0,0.0,zero,0.0,0.0,0.0,0.0,0.1362971706279913,-0.013302253580828202,-0.0019264904320507139,-3.4604691848107225,1.546886389259315,-0.12930979947418947,1,0.010824441909790039,,,,,,,,,,,,,,,,,,,,,,3.14463223400071,4,radio://0/80/2M/E7E7E7E704,2.0943951023931953,aborted,cf5 起飞前预检失败（电压或 EKF 对齐）,0.0,0.0,0.0,0,0.0,global_abort:cf5 起飞前预检失败（电压或 EKF 对齐）,,,,,
3.14463223400071,1788684527.840327,control,aborted,1,1,-0.0012003589999949327,3.763636350631714,3763.0,0,10.0,3.053176956000243,nan,1,0,1,1.0,-0.28666672110557556,-0.44403696060180664,0.0356101393699646,-0.014407102018594742,-0.004667540080845356,-0.014480242505669594,-2.6256537437438965,-17.38960838317871,-21.205312728881836,0.08599892258644104,-0.6171882748603821,0.15451845526695251,-0.0036903718878149995,-0.05020636697254509,0.9682002305071814,-0.28666672110557556,-0.44403696060180664,0.0356101393699646,0.9682002305071814,0.0,0.0,0.0,0.0,0.0,0.0,-0.014936344649837245,-0.008913667731274116,-0.019631046213423837,0.0,0.0,0.0,-0.0036903718878149995,-0.05020636697254509,0.9682002305071814,0.0,0.0,0.0,0.0,0.0,0.0,zero,0.0,0.0,0.0,0.0,-0.014936344649837245,-0.008913667731274116,-0.019631046213423837,-0.6903813784024929,0.06403612967997739,-0.48099987416719153,1,0.0013184547424316406,,,,,,,,,,,,,,,,,,,,,,3.14463223400071,5,radio://0/80/2M/E7E7E7E705,4.1887902047863905,aborted,cf5 起飞前预检失败（电压或 EKF 对齐）,0.0,0.0,0.0,0,0.0,global_abort:cf5 起飞前预检失败（电压或 EKF 对齐）,,,,,
3.1590014020002855,1788684527.8531764,control,aborted,1,1,0.003353639000124531,4.170087814331055,4170.0,0,90.0,3.125664018999487,4.170087814331055,1,1,0,1.0071730349577168,0.3747205138206482,0.003651557257398963,0.04588945955038071,-0.0018240819917991757,0.05740178003907204,-0.024273380637168884,9.078399658203125,161.46286010742188,-93.28056335449219,1.145646095275879,1.0288939476013184,-0.10973773151636124,-0.03432129586809993,0.002450630957175239,3.1252920687683297,0.3747205138206482,0.003651557257398963,0.04588945955038071,3.1252920687683297,0.0,0.0,0.0,0.0,0.0,0.0,-0.0013147720366028259,0.12896153206939523,-0.05999407296171235,0.0,0.0,0.0,-0.03432129586809993,0.002450630957175239,3.1252920687683297,0.0,0.0,0.0,0.0,0.0,0.0,zero,0.0,0.0,0.0,0.0,-0.0013147720366028259,0.12896153206939523,-0.05999407296171235,-0.19374116673814432,-2.9921110163866476,2.04988812407911,1,0.004216194152832031,,,,,,,,,,,,,,,,,,,,,,3.1590014020002855,2,radio://0/80/2M/E7E7E7E702,0.0,aborted,cf5 起飞前预检失败（电压或 EKF 对齐）,0.0,0.0,0.0,0,0.0,global_abort:cf5 起飞前预检失败（电压或 EKF 对齐）,,,,,
3.1590014020002855,1788684527.853333,control,aborted,1,1,0.003685693999614159,4.122580528259277,4122.0,0,90.0,3.095267679999779,4.122580528259277,1,1,0,1.0187793716120355,-0.3136281967163086,0.3157470226287842,0.04024619236588478,0.02959355153143406,0.0035877374466508627,0.008932574652135372,115.37625885009766,-16.33072280883789,10.89648151397705,-0.2733296751976013,0.16501425206661224,-0.004924103617668152,-0.006324328111486178,-0.01155923697539716,-0.5958617172431944,-0.3136281967163086,0.3157470226287842,0.04024619236588478,-0.5958617172431944,0.0,0.0,0.0,0.0,0.0,0.0,0.08073581556215488,0.0035587277185755105,0.0019396228198499449,0.0,0.0,0.0,-0.006324328111486178,-0.01155923697539716,-0.5958617172431944,0.0,0.0,0.0,0.0,0.0,0.0,zero,0.0,0.0,0.0,0.0,0.08073581556215488,0.0035587277185755105,0.0019396228198499449,-2.6147380020811952,0.6634870052823763,0.241785654199398,1,0.004372835159301758,,,,,,,,,,,,,,,,,,,,,,3.1590014020002855,4,radio://0/80/2M/E7E7E7E704,2.0943951023931953,aborted,cf5 起飞前预检失败（电压或 EKF 对齐）,0.0,0.0,0.0,0,0.0,global_abort:cf5 起飞前预检失败（电压或 EKF 对齐）,,,,,
3.1590014020002855,1788684527.8534408,control,aborted,1,1,0.0031538820003333967,3.763636350631714,3763.0,0,10.0,3.0675461239998185,nan,1,0,1,1.0,-0.2866045832633972,-0.4440675377845764,0.035659145563840866,-0.01027671154588461,-0.0043486338108778,-0.010599169880151749,-2.0175020694732666,-13.905277252197266,-16.886241912841797,0.06488300114870071,-0.46773916482925415,0.12959784269332886,-0.003899721782584503,-0.04891114277877669,0.9684932789084058,-0.2866045832633972,-0.4440675377845764,0.035659145563840866,0.9684932789084058,0.0,0.0,0.0,0.0,0.0,0.0,-0.018426568903281433,-0.008017600740451467,-0.02132999687560959,0.0,0.0,0.0,-0.003899721782584503,-0.04891114277877669,0.9684932789084058,0.0,0.0,0.0,0.0,0.0,0.0,zero,0.0,0.0,0.0,0.0,-0.018426568903281433,-0.008017600740451467,-0.02132999687560959,-0.35072020956200217,0.09004258178906083,-0.17072150355075102,1,0.004480600357055664,,,,,,,,,,,,,,,,,,,,,,3.1590014020002855,5,radio://0/80/2M/E7E7E7E705,4.1887902047863905,aborted,cf5 起飞前预检失败（电压或 EKF 对齐）,0.0,0.0,0.0,0,0.0,global_abort:cf5 起飞前预检失败（电压或 EKF 对齐）,,,,,
3.173190049999903,1788684527.8673747,control,aborted,1,1,0.007895776999248483,4.170087814331055,4170.0,0,90.0,3.1398526669991043,4.170087814331055,1,1,0,1.0071730349577168,0.3747190833091736,0.003615478752180934,0.04583163186907768,-0.001487951260060072,0.04519795626401901,-0.020578306168317795,7.2694597244262695,128.92556762695312,-74.55035400390625,0.9130943417549133,0.8167771697044373,-0.09996958822011948,-0.03449333619508378,0.0021138581429716715,3.1246959329874633,0.3747190833091736,0.003615478752180934,0.04583163186907768,3.1246959329874633,0.0,0.0,0.0,0.0,0.0,0.0,-0.0024484785887579413,0.10259665088230674,-0.04397522842250823,0.0,0.0,0.0,-0.03449333619508378,0.0021138581429716715,3.1246959329874633,0.0,0.0,0.0,0.0,0.0,0.0,zero,0.0,0.0,0.0,0.0,-0.0024484785887579413,0.10259665088230674,-0.04397522842250823,-0.11368517767304395,-2.643802486970856,1.6063285372166785,1,0.008442163467407227,,,,,,,,,,,,,,,,,,,,,,3.173190049999903,2,radio://0/80/2M/E7E7E7E702,0.0,aborted,cf5 起飞前预检失败（电压或 EKF 对齐）,0.0,0.0,0.0,0,0.0,global_abort:cf5 起飞前预检失败（电压或 EKF 对齐）,,,,,
3.173190049999903,1788684527.8675432,control,aborted,1,1,0.008139070999277465,4.122580528259277,4122.0,0,90.0,3.1094563279993963,4.122580528259277,1,1,0,1.0187793716120355,-0.3136558532714844,0.3157346546649933,0.04020175337791443,0.023120252415537834,0.0026221787557005882,0.006254937965422869,92.17120361328125,-13.083940505981445,8.663491249084473,-0.22913020849227905,0.12595751881599426,-0.010540563613176346,-0.006842443916427094,-0.011863295225357331,-0.5961889271673915,-0.3136558532714844,0.3157346546649933,0.04020175337791443,-0.5961889271673915,0.0,0.0,0.0,0.0,0.0,0.0,0.059312524063218214,0.007098995767068211,0.004196177292725148,0.0,0.0,0.0,-0.006842443916427094,-0.011863295225357331,-0.5961889271673915,0.0,0.0,0.0,0.0,0.0,0.0,zero,0.0,0.0,0.0,0.0,0.059312524063218214,0.007098995767068211,0.004196177292725148,-2.148272580561744,0.3550089759453255,0.22628147970923934,1,0.008610725402832031,,,,,,,,,,,,,,,,,,,,,,3.173190049999903,4,radio://0/80/2M/E7E7E7E704,2.0943951023931953,aborted,cf5 起飞前预检失败（电压或 EKF 对齐）,0.0,0.0,0.0,0,0.0,global_abort:cf5 起飞前预检失败（电压或 EKF 对齐）,,,,,
3.173190049999903,1788684527.8678234,control,aborted,1,1,0.007696406999457395,3.763636350631714,3763.0,0,10.0,3.081734771999436,nan,1,0,1,1.0,-0.28662624955177307,-0.44402167201042175,0.03565960377454758,-0.008655836805701256,-0.00255917408503592,-0.008470147848129272,-1.5814987421035767,-11.088337898254395,-13.466301918029785,0.05092690885066986,-0.37447744607925415,0.11011581122875214,-0.003964289014383614,-0.04892414787393683,0.968814769090422,-0.28662624955177307,-0.44402167201042175,0.03565960377454758,0.968814769090422,0.0,0.0,0.0,0.0,0.0,0.0,-0.01920950591483376,-0.006947719603564224,-0.020745685969804053,0.0,0.0,0.0,-0.003964289014383614,-0.04892414787393683,0.968814769090422,0.0,0.0,0.0,0.0,0.0,0.0,zero,0.0,0.0,0.0,0.0,-0.01920950591483376,-0.006947719603564224,-0.020745685969804053,-0.07851091016094788,0.10728492915988978,0.058593195052568485,1,0.008890867233276367,,,,,,,,,,,,,,,,,,,,,,3.173190049999903,5,radio://0/80/2M/E7E7E7E705,4.1887902047863905,aborted,cf5 起飞前预检失败（电压或 EKF 对齐）,0.0,0.0,0.0,0,0.0,global_abort:cf5 起飞前预检失败（电压或 EKF 对齐）,,,,,
3.187576082000305,1788684527.8817606,control,aborted,1,1,0.0010843290001503192,4.170087814331055,4170.0,0,90.0,3.1542386989995066,4.170087814331055,1,1,0,1.0071730349577168,0.37474536895751953,0.003628628561273217,0.045789677649736404,-0.0004410113615449518,0.020359082147479057,-0.02036350592970848,4.751223087310791,79.35989379882812,-48.405330657958984,0.6247416138648987,0.5871995091438293,-0.04190211743116379,-0.034034112374973814,0.0021681541243204422,3.1247574849276387,0.37474536895751953,0.003628628561273217,0.045789677649736404,3.1247574849276387,0.0,0.0,0.0,0.0,0.0,0.0,-0.0021797842498522562,0.03641251458419616,-0.013551932368503807,0.0,0.0,0.0,-0.034034112374973814,0.0021681541243204422,3.1247574849276387,0.0,0.0,0.0,0.0,0.0,0.0,zero,0.0,0.0,0.0,0.0,-0.0021797842498522562,0.03641251458419616,-0.013551932368503807,0.12361874494505759,-30.140447555044677,13.849006290008068,1,0.0018353462219238281,,,,,,,,,,,,,,,,,,,,,,3.187576082000305,2,radio://0/80/2M/E7E7E7E702,0.0,aborted,cf5 起飞前预检失败（电压或 EKF 对齐）,0.0,0.0,0.0,0,0.0,global_abort:cf5 起飞前预检失败（电压或 EKF 对齐）,,,,,
3.187576082000305,1788684527.8819206,control,aborted,1,1,0.001512785000159056,4.122580528259277,4122.0,0,90.0,3.1238423599997986,4.122580528259277,1,1,0,1.0187793716120355,-0.3135921359062195,0.3157466650009155,0.04020203277468681,0.024728497490286827,-0.0018818479729816318,-0.0026802532374858856,60.1031608581543,-9.184185981750488,4.022919654846191,-0.14141380786895752,0.09743518382310867,0.05551321059465408,-0.006087679831033422,-0.010309873256892947,-0.5957738340332535,-0.3135921359062195,0.3157466650009155,0.04020203277468681,-0.5957738340332535,0.0,0.0,0.0,0.0,0.0,0.0,0.01475041096540946,0.005243920360755405,0.007750866743212669,0.0,0.0,0.0,-0.006087679831033422,-0.010309873256892947,-0.5957738340332535,0.0,0.0,0.0,0.0,0.0,0.0,zero,0.0,0.0,0.0,0.0,0.01475041096540946,0.005243920360755405,0.007750866743212669,-20.285876319953537,-0.848718696441336,1.614437408124754,1,0.0019953250885009766,,,,,,,,,,,,,,,,,,,,,,3.187576082000305,4,radio://0/80/2M/E7E7E7E704,2.0943951023931953,aborted,cf5 起飞前预检失败（电压或 EKF 对齐）,0.0,0.0,0.0,0,0.0,global_abort:cf5 起飞前预检失败（电压或 EKF 对齐）,,,,,
3.187576082000305,1788684527.8820293,control,aborted,1,1,0.001281537000068056,3.763636350631714,3763.0,0,10.0,3.0961208039998382,nan,1,0,1,1.0,-0.2866349518299103,-0.4440480172634125,0.03565630689263344,0.0029632640071213245,-0.004219125024974346,-0.005714763887226582,0.9616988897323608,-7.476781845092773,-8.402106285095215,0.20149792730808258,-0.321753591299057,0.03582713380455971,-0.003288196472277821,-0.050971777271441615,0.9680687139104849,-0.2866349518299103,-0.4440480172634125,0.03565630689263344,0.9680687139104849,0.0,0.0,0.0,0.0,0.0,0.0,-0.010204078762689282,-0.002683666928970179,-0.009403876067485405,0.0,0.0,0.0,-0.003288196472277821,-0.050971777271441615,0.9680687139104849,0.0,0.0,0.0,0.0,0.0,0.0,zero,0.0,0.0,0.0,0.0,-0.010204078762689282,-0.002683666928970179,-0.009403876067485405,4.106050241330074,1.9416498904330184,5.167336383105385,1,0.002104043960571289,,,,,,,,,,,,,,,,,,,,,,3.187576082000305,5,radio://0/80/2M/E7E7E7E705,4.1887902047863905,aborted,cf5 起飞前预检失败（电压或 EKF 对齐）,0.0,0.0,0.0,0,0.0,global_abort:cf5 起飞前预检失败（电压或 EKF 对齐）,,,,,
3.2018590510006106,1788684527.8960457,control,aborted,1,1,0.005824777000270842,4.170087814331055,4170.0,0,90.0,3.168521667999812,4.170087814331055,1,1,0,1.0071730349577168,0.3747119605541229,0.0036822848487645388,0.04585093632340431,-0.0010270006023347378,0.017370065674185753,-0.015054586343467236,3.7891530990600586,63.42759704589844,-38.617130279541016,0.49394381046295166,0.4773733615875244,-0.03123941831290722,-0.034323732339494935,0.002549084034169239,3.1248576204541267,0.3747119605541229,0.0036822848487645388,0.04585093632340431,3.1248576204541267,0.0,0.0,0.0,0.0,0.0,0.0,-0.0018975362799524406,0.017280297467596933,-0.006252345278428216,0.0,0.0,0.0,-0.034323732339494935,0.002549084034169239,3.1248576204541267,0.0,0.0,0.0,0.0,0.0,0.0,zero,0.0,0.0,0.0,0.0,-0.0018975362799524406,0.017280297467596933,-0.006252345278428216,0.028475340095797285,-1.9302048102424734,0.7364383347826144,1,0.0062084197998046875,,,,,,,,,,,,,,,,,,,,,,3.2018590510006106,2,radio://0/80/2M/E7E7E7E702,0.0,aborted,cf5 起飞前预检失败（电压或 EKF 对齐）,0.0,0.0,0.0,0,0.0,global_abort:cf5 起飞前预检失败（电压或 EKF 对齐）,,,,,
3.2018590510006106,1788684527.8962286,control,aborted,1,1,0.005327671000486589,4.122580528259277,4122.0,0,90.0,3.138125329000104,4.122580528259277,1,1,0,1.0187793716120355,-0.3137003183364868,0.3157290816307068,0.040247756987810135,0.017599644139409065,-0.0018603160278871655,-0.0012214744929224253,47.93866729736328,-7.346914291381836,3.247774362564087,-0.13403233885765076,0.046243831515312195,0.03867783397436142,-0.007120369673695595,-0.01188276751330831,-0.5960475309765918,-0.3137003183364868,0.3157290816307068,0.040247756987810135,-0.5960475309765918,0.0,0.0,0.0,0.0,0.0,0.0,0.004064860256355104,0.0038859849303756505,0.00751787338698471,0.0,0.0,0.0,-0.007120369673695595,-0.01188276751330831,-0.5960475309765918,0.0,0.0,0.0,0.0,0.0,0.0,zero,0.0,0.0,0.0,0.0,0.004064860256355104,0.0038859849303756505,0.00751787338698471,-1.078040315610466,-0.13699894182382077,-0.023506156876902662,1,0.006391286849975586,,,,,,,,,,,,,,,,,,,,,,3.2018590510006106,4,radio://0/80/2M/E7E7E7E704,2.0943951023931953,aborted,cf5 起飞前预检失败（电压或 EKF 对齐）,0.0,0.0,0.0,0,0.0,global_abort:cf5 起飞前预检失败（电压或 EKF 对齐）,,,,,
3.2018590510006106,1788684527.8963547,control,aborted,1,1,0.00553643000057491,3.763636350631714,3763.0,0,10.0,3.1104037730001437,nan,1,0,1,1.0,-0.2866356074810028,-0.444027841091156,0.03560790419578552,0.002357379999011755,-0.0029681387823075056,-0.0055485921911895275,0.7571321725845337,-5.956180572509766,-6.718331336975098,0.14489851891994476,-0.220909982919693,0.03856709226965904,-0.004120168877480076,-0.049161628207158505,0.9685535131591343,-0.2866356074810028,-0.444027841091156,0.03560790419578552,0.9685535131591343,0.0,0.0,0.0,0.0,0.0,0.0,-0.006348359868358083,-0.0016716747479788552,-0.005938851323758144,0.0,0.0,0.0,-0.004120168877480076,-0.049161628207158505,0.9685535131591343,0.0,0.0,0.0,0.0,0.0,0.0,zero,0.0,0.0,0.0,0.0,-0.006348359868358083,-0.0016716747479788552,-0.005938851323758144,0.3889944961122077,0.1020975333790502,0.3495782735054175,1,0.0065174102783203125,,,,,,,,,,,,,,,,,,,,,,3.2018590510006106,5,radio://0/80/2M/E7E7E7E705,4.1887902047863905,aborted,cf5 起飞前预检失败（电压或 EKF 对齐）,0.0,0.0,0.0,0,0.0,global_abort:cf5 起飞前预检失败（电压或 EKF 对齐）,,,,,
3.2160417029999735,1788684527.9102225,control,aborted,1,1,0.008412471999690752,4.170087814331055,4170.0,0,90.0,3.182704319999175,4.170087814331055,1,1,0,1.0071730349577168,0.37471461296081543,0.0036747269332408905,0.045842938125133514,-0.0007757936837151647,0.013765527866780758,-0.012181797064840794,3.035660743713379,50.67982864379883,-30.844093322753906,0.38900110125541687,0.3736478090286255,-0.02838127128779888,-0.03468048212815063,0.002064836405213185,3.1246779359725565,0.37471461296081543,0.0036747269332408905,0.045842938125133514,3.1246779359725565,0.0,0.0,0.0,0.0,0.0,0.0,-0.0015561911463416408,0.007945888093446384,-0.004471939039257795,0.0,0.0,0.0,-0.03468048212815063,0.002064836405213185,3.1246779359725565,0.0,0.0,0.0,0.0,0.0,0.0,zero,0.0,0.0,0.0,0.0,-0.0015561911463416408,0.007945888093446384,-0.004471939039257795,0.029478365575776478,-0.8061141199068759,0.15375483879462715,1,0.00880575180053711,,,,,,,,,,,,,,,,,,,,,,3.2160417029999735,2,radio://0/80/2M/E7E7E7E702,0.0,aborted,cf5 起飞前预检失败（电压或 EKF 对齐）,0.0,0.0,0.0,0,0.0,global_abort:cf5 起飞前预检失败（电压或 EKF 对齐）,,,,,
3.2160417029999735,1788684527.9103978,control,aborted,1,1,0.007896722999248595,4.122580528259277,4122.0,0,90.0,3.152307980999467,4.122580528259277,1,1,0,1.0187793716120355,-0.3137058913707733,0.31575629115104675,0.04020819440484047,0.01398346945643425,-0.0010183469858020544,-0.0016604217234998941,38.288482666015625,-5.862990856170654,2.590639114379883,-0.09522366523742676,0.054352372884750366,0.031763702630996704,-0.006425854914646958,-0.010877407487979326,-0.5960067736196325,-0.3137058913707733,0.31575629115104675,0.04020819440484047,-0.5960067736196325,0.0,0.0,0.0,0.0,0.0,0.0,0.001578681758225892,0.002178426432625059,0.005665253325844229,0.0,0.0,0.0,-0.006425854914646958,-0.010877407487979326,-0.5960067736196325,0.0,0.0,0.0,0.0,0.0,0.0,zero,0.0,0.0,0.0,0.0,0.001578681758225892,0.002178426432625059,0.005665253325844229,-0.21470491721745483,-0.14746375056311353,-0.15999118211418561,1,0.008980989456176758,,,,,,,,,,,,,,,,,,,,,,3.2160417029999735,4,radio://0/80/2M/E7E7E7E704,2.0943951023931953,aborted,cf5 起飞前预检失败（电压或 EKF 对齐）,0.0,0.0,0.0,0,0.0,global_abort:cf5 起飞前预检失败（电压或 EKF 对齐）,,,,,
3.2160417029999735,1788684527.9105177,control,aborted,1,1,0.008109721999971953,3.763636350631714,3763.0,0,10.0,3.1245864249995066,nan,1,0,1,1.0,-0.2866637706756592,-0.4440518319606781,0.03559560328722,0.0013995282351970673,-0.002788831014186144,-0.004651309456676245,0.5891637206077576,-4.761847972869873,-5.3591694831848145,0.12424948066473007,-0.16989363729953766,0.02727147750556469,-0.0036275520179651563,-0.04876669455313683,0.9683442861918751,-0.2866637706756592,-0.4440518319606781,0.03559560328722,0.9683442861918751,0.0,0.0,0.0,0.0,0.0,0.0,-0.0028430415236745787,-0.0014738503700536076,-0.004142333293509878,0.0,0.0,0.0,-0.0036275520179651563,-0.04876669455313683,0.9683442861918751,0.0,0.0,0.0,0.0,0.0,0.0,zero,0.0,0.0,0.0,0.0,-0.0028430415236745787,-0.0014738503700536076,-0.004142333293509878,0.30271723674805223,0.017083997274530097,0.1551462436242469,1,0.009100914001464844,,,,,,,,,,,,,,,,,,,,,,3.2160417029999735,5,radio://0/80/2M/E7E7E7E705,4.1887902047863905,aborted,cf5 起飞前预检失败（电压或 EKF 对齐）,0.0,0.0,0.0,0,0.0,global_abort:cf5 起飞前预检失败（电压或 EKF 对齐）,,,,,
3.230334459000005,1788684527.924517,control,aborted,1,1,0.00559869499920751,4.170087814331055,4170.0,0,90.0,3.1969970759992066,4.170087814331055,1,1,0,1.0071730349577168,0.3747151494026184,0.0036429930478334427,0.045811884105205536,-0.0006362266722135246,0.008125249296426773,-0.008364242501556873,1.9418033361434937,32.317630767822266,-19.658857345581055,0.24227017164230347,0.258553147315979,-0.007542797364294529,-0.0347405792050621,0.002936673091928193,3.1251099586293964,0.3747151494026184,0.0036429930478334427,0.045811884105205536,3.1251099586293964,0.0,0.0,0.0,0.0,0.0,0.0,-0.0009721671869713438,0.001211936438919323,-0.004933429502867147,0.0,0.0,0.0,-0.0347405792050621,0.002936673091928193,3.1251099586293964,0.0,0.0,0.0,0.0,0.0,0.0,zero,0.0,0.0,0.0,0.0,-0.0009721671869713438,0.001211936438919323,-0.004933429502867147,0.03312378801179094,-0.23460075291177812,-0.06893864233289644,1,0.005952358245849609,,,,,,,,,,,,,,,,,,,,,,3.230334459000005,2,radio://0/80/2M/E7E7E7E702,0.0,aborted,cf5 起飞前预检失败（电压或 EKF 对齐）,0.0,0.0,0.0,0,0.0,global_abort:cf5 起飞前预检失败（电压或 EKF 对齐）,,,,,
3.230334459000005,1788684527.9247136,control,aborted,1,1,0.0051279049994263914,4.122580528259277,4122.0,0,90.0,3.1666007369994986,4.122580528259277,1,1,0,1.0187793716120355,-0.31366437673568726,0.31574785709381104,0.040239304304122925,0.010086758993566036,-0.001019843271933496,-0.0007272758521139622,24.430694580078125,-3.757297992706299,1.6691248416900635,-0.04812536761164665,0.015992993488907814,0.02839946188032627,-0.006136937848641878,-0.011990599259644633,-0.5956344626411336,-0.31366437673568726,0.31574785709381104,0.040239304304122925,-0.5956344626411336,0.0,0.0,0.0,0.0,0.0,0.0,0.002596883416131222,-0.00013086898257611197,0.002271629522885594,0.0,0.0,0.0,-0.006136937848641878,-0.011990599259644633,-0.5956344626411336,0.0,0.0,0.0,0.0,0.0,0.0,zero,0.0,0.0,0.0,0.0,0.002596883416131222,-0.00013086898257611197,0.002271629522885594,0.12330957454144452,-0.11269657288885485,-0.18332422561654607,1,0.0061490535736083984,,,,,,,,,,,,,,,,,,,,,,3.230334459000005,4,radio://0/80/2M/E7E7E7E704,2.0943951023931953,aborted,cf5 起飞前预检失败（电压或 EKF 对齐）,0.0,0.0,0.0,0,0.0,global_abort:cf5 起飞前预检失败（电压或 EKF 对齐）,,,,,
3.230334459000005,1788684527.924832,control,aborted,1,1,0.005355025999961072,3.763636350631714,3763.0,0,10.0,3.138879180999538,nan,1,0,1,1.0,-0.28666454553604126,-0.4440551996231079,0.03560905158519745,0.0007356537971645594,-0.002017030492424965,-0.002682625548914075,0.3595675230026245,-3.0357611179351807,-3.388728141784668,0.06268402934074402,-0.12117969244718552,0.022870292887091637,-0.004421132559325259,-0.049366363753378044,0.9686116234557351,-0.28666454553604126,-0.4440551996231079,0.03560905158519745,0.9686116234557351,0.0,0.0,0.0,0.0,0.0,0.0,0.001419103572809379,-0.001537728708958443,-0.0026173938740093917,0.0,0.0,0.0,-0.004421132559325259,-0.049366363753378044,0.9686116234557351,0.0,0.0,0.0,0.0,0.0,0.0,zero,0.0,0.0,0.0,0.0,0.001419103572809379,-0.001537728708958443,-0.0026173938740093917,0.20111514273528394,-0.006902990991612348,0.06313740064669444,1,0.006267547607421875,,,,,,,,,,,,,,,,,,,,,,3.230334459000005,5,radio://0/80/2M/E7E7E7E705,4.1887902047863905,aborted,cf5 起飞前预检失败（电压或 EKF 对齐）,0.0,0.0,0.0,0,0.0,global_abort:cf5 起飞前预检失败（电压或 EKF 对齐）,,,,,
3.246564299000056,1788684527.9407492,control,aborted,1,1,9.72459993135999e-05,4.170087814331055,4170.0,0,90.0,3.2132269159992575,4.170087814331055,1,1,0,1.0071730349577168,0.37471649050712585,0.003610470565035939,0.045822467654943466,-0.003818947123363614,-0.008889995515346527,-0.012386640533804893,0.5100332498550415,17.35788345336914,-13.859817504882812,0.19416597485542297,0.282809317111969,-0.014612285420298576,-0.03420539357518371,0.0026845847171870036,3.1247600629903887,0.37471649050712585,0.003610470565035939,0.045822467654943466,3.1247600629903887,0.0,0.0,0.0,0.0,0.0,0.0,-0.0002809994428050255,0.006698520387577669,-0.008399030369154624,0.0,0.0,0.0,-0.03420539357518371,0.0026845847171870036,3.1247600629903887,0.0,0.0,0.0,0.0,0.0,0.0,zero,0.0,0.0,0.0,0.0,-0.0002809994428050255,0.006698520387577669,-0.008399030369154624,0.3530237858548117,2.806433376027953,-1.7746043370758877,1,0.001211404800415039,,,,,,,,,,,,,,,,,,,,,,3.246564299000056,2,radio://0/80/2M/E7E7E7E702,0.0,aborted,cf5 起飞前预检失败（电压或 EKF 对齐）,0.0,0.0,0.0,0,0.0,global_abort:cf5 起飞前预检失败（电压或 EKF 对齐）,,,,,
3.246564299000056,1788684527.9409184,control,aborted,1,1,0.0007107900000846712,4.122580528259277,4122.0,0,90.0,3.1828305769995495,4.122580528259277,1,1,0,1.0187793716120355,-0.3136272132396698,0.3157521188259125,0.04023481532931328,0.01194352563470602,-0.003914366941899061,0.0026623550802469254,16.411808013916016,-3.0968992710113525,1.793071985244751,0.06449755281209946,0.0786772072315216,0.03588445484638214,-0.005983329187312191,-0.012171605475318996,-0.5958525203402256,-0.3136272132396698,0.3157521188259125,0.04023481532931328,-0.5958525203402256,0.0,0.0,0.0,0.0,0.0,0.0,0.009705553922511446,-0.001181446983626622,-0.0011063235757045934,0.0,0.0,0.0,-0.005983329187312191,-0.012171605475318996,-0.5958525203402256,0.0,0.0,0.0,0.0,0.0,0.0,zero,0.0,0.0,0.0,0.0,0.009705553922511446,-0.001181446983626622,-0.0011063235757045934,3.6401637119452346,-0.5383159647068284,-1.728706811548264,1,0.0013806819915771484,,,,,,,,,,,,,,,,,,,,,,3.246564299000056,4,radio://0/80/2M/E7E7E7E704,2.0943951023931953,aborted,cf5 起飞前预检失败（电压或 EKF 对齐）,0.0,0.0,0.0,0,0.0,global_abort:cf5 起飞前预检失败（电压或 EKF 对齐）,,,,,
3.246564299000056,1788684527.9410295,control,aborted,1,1,0.00037871899985475466,3.763636350631714,3763.0,0,10.0,3.155109020999589,nan,1,0,1,1.0,-0.2866441011428833,-0.44402191042900085,0.03563361242413521,0.006682359613478184,0.005047416780143976,-0.002235916443169117,1.5309245586395264,-0.5440164804458618,-2.2402355670928955,-0.21010969579219818,-0.38882479071617126,-0.03044654242694378,-0.0040518333751379185,-0.04960907483656161,0.9683347542645776,-0.2866441011428833,-0.44402191042900085,0.03563361242413521,0.9683347542645776,0.0,0.0,0.0,0.0,0.0,0.0,0.0019394207978574247,-0.0018042680122327514,-0.002398074190915922,0.0,0.0,0.0,-0.0040518333751379185,-0.04960907483656161,0.9683347542645776,0.0,0.0,0.0,0.0,0.0,0.0,zero,0.0,0.0,0.0,0.0,0.0019394207978574247,-0.0018042680122327514,-0.002398074190915922,0.26659691052043266,-0.13486510928365064,0.11252720318306722,1,0.0014917850494384766,,,,,,,,,,,,,,,,,,,,,,3.246564299000056,5,radio://0/80/2M/E7E7E7E705,4.1887902047863905,aborted,cf5 起飞前预检失败（电压或 EKF 对齐）,0.0,0.0,0.0,0,0.0,global_abort:cf5 起飞前预检失败（电压或 EKF 对齐）,,,,,
3.258963713000412,1788684527.9531648,control,aborted,1,1,0.012496659999669646,4.170087814331055,4170.0,0,90.0,3.2256263299996135,4.170087814331055,1,1,0,1.0071730349577168,0.37471649050712585,0.003610470565035939,0.045822467654943466,-0.003818947123363614,-0.008889995515346527,-0.012386640533804893,0.5100332498550415,17.35788345336914,-13.859817504882812,0.19416597485542297,0.282809317111969,-0.014612285420298576,-0.03420539357518371,0.0026845847171870036,3.1247600629903887,0.37471649050712585,0.003610470565035939,0.045822467654943466,3.1247600629903887,0.0,0.0,0.0,0.0,0.0,0.0,-0.0002809994428050255,0.006698520387577669,-0.008399030369154624,0.0,0.0,0.0,-0.03420539357518371,0.0026845847171870036,3.1247600629903887,0.0,0.0,0.0,0.0,0.0,0.0,zero,0.0,0.0,0.0,0.0,-0.0002809994428050255,0.006698520387577669,-0.008399030369154624,0.3530237858548117,2.806433376027953,-1.7746043370758877,1,0.013627052307128906,,,,,,,,,,,,,,,,,,,,,,3.258963713000412,2,radio://0/80/2M/E7E7E7E702,0.0,aborted,cf5 起飞前预检失败（电压或 EKF 对齐）,0.0,0.0,0.0,0,0.0,global_abort:cf5 起飞前预检失败（电压或 EKF 对齐）,,,,,
3.258963713000412,1788684527.9533176,control,aborted,1,1,0.013110204000440717,4.122580528259277,4122.0,0,90.0,3.1952299909999056,4.122580528259277,1,1,0,1.0187793716120355,-0.3136272132396698,0.3157521188259125,0.04023481532931328,0.01194352563470602,-0.003914366941899061,0.0026623550802469254,16.411808013916016,-3.0968992710113525,1.793071985244751,0.06449755281209946,0.0786772072315216,0.03588445484638214,-0.005983329187312191,-0.012171605475318996,-0.5958525203402256,-0.3136272132396698,0.3157521188259125,0.04023481532931328,-0.5958525203402256,0.0,0.0,0.0,0.0,0.0,0.0,0.009705553922511446,-0.001181446983626622,-0.0011063235757045934,0.0,0.0,0.0,-0.005983329187312191,-0.012171605475318996,-0.5958525203402256,0.0,0.0,0.0,0.0,0.0,0.0,zero,0.0,0.0,0.0,0.0,0.009705553922511446,-0.001181446983626622,-0.0011063235757045934,3.6401637119452346,-0.5383159647068284,-1.728706811548264,1,0.013779878616333008,,,,,,,,,,,,,,,,,,,,,,3.258963713000412,4,radio://0/80/2M/E7E7E7E704,2.0943951023931953,aborted,cf5 起飞前预检失败（电压或 EKF 对齐）,0.0,0.0,0.0,0,0.0,global_abort:cf5 起飞前预检失败（电压或 EKF 对齐）,,,,,
3.258963713000412,1788684527.9534287,control,aborted,1,1,0.0127781330002108,3.763636350631714,3763.0,0,10.0,3.167508434999945,nan,1,0,1,1.0,-0.2866441011428833,-0.44402191042900085,0.03563361242413521,0.006682359613478184,0.005047416780143976,-0.002235916443169117,1.5309245586395264,-0.5440164804458618,-2.2402355670928955,-0.21010969579219818,-0.38882479071617126,-0.03044654242694378,-0.0040518333751379185,-0.04960907483656161,0.9683347542645776,-0.2866441011428833,-0.44402191042900085,0.03563361242413521,0.9683347542645776,0.0,0.0,0.0,0.0,0.0,0.0,0.0019394207978574247,-0.0018042680122327514,-0.002398074190915922,0.0,0.0,0.0,-0.0040518333751379185,-0.04960907483656161,0.9683347542645776,0.0,0.0,0.0,0.0,0.0,0.0,zero,0.0,0.0,0.0,0.0,0.0019394207978574247,-0.0018042680122327514,-0.002398074190915922,0.26659691052043266,-0.13486510928365064,0.11252720318306722,1,0.013890981674194336,,,,,,,,,,,,,,,,,,,,,,3.258963713000412,5,radio://0/80/2M/E7E7E7E705,4.1887902047863905,aborted,cf5 起飞前预检失败（电压或 EKF 对齐）,0.0,0.0,0.0,0,0.0,global_abort:cf5 起飞前预检失败（电压或 EKF 对齐）,,,,,
3.273303173000386,1788684527.9674761,control,aborted,1,1,0.008253529000285198,4.170087814331055,4170.0,0,90.0,3.2399657899995873,4.170087814331055,1,1,0,1.0071730349577168,0.3747137784957886,0.0036302937660366297,0.04581081494688988,-0.0030832933261990547,-0.006906343623995781,-0.010030201636254787,0.41565853357315063,13.906886100769043,-11.063407897949219,0.1509271264076233,0.21483726799488068,-0.013872504234313965,-0.03463042890697776,0.0015781512070154118,3.124587642371101,0.3747137784957886,0.0036302937660366297,0.04581081494688988,3.124587642371101,0.0,0.0,0.0,0.0,0.0,0.0,-0.0012756548504498208,0.0025809989952220516,-0.00973865864210591,0.0,0.0,0.0,-0.03463042890697776,0.0015781512070154118,3.124587642371101,0.0,0.0,0.0,0.0,0.0,0.0,zero,0.0,0.0,0.0,0.0,-0.0012756548504498208,0.0025809989952220516,-0.00973865864210591,-0.0515945924993655,-0.2135833543086451,-0.06948896503484678,1,0.008660078048706055,,,,,,,,,,,,,,,,,,,,,,3.273303173000386,2,radio://0/80/2M/E7E7E7E702,0.0,aborted,cf5 起飞前预检失败（电压或 EKF 对齐）,0.0,0.0,0.0,0,0.0,global_abort:cf5 起飞前预检失败（电压或 EKF 对齐）,,,,,
3.273303173000386,1788684527.9676118,control,aborted,1,1,0.007904836000307114,4.122580528259277,4122.0,0,90.0,3.2095694509998793,4.122580528259277,1,1,0,1.0187793716120355,-0.3136695325374603,0.31577634811401367,0.04024961218237877,0.009115785360336304,-0.0028801304288208485,0.002283392008394003,13.10011100769043,-2.466789960861206,1.4305261373519897,0.0457138828933239,0.07312306761741638,0.029645616188645363,-0.006551496750339623,-0.011189666724767153,-0.5957682242043935,-0.3136695325374603,0.31577634811401367,0.04024961218237877,-0.5957682242043935,0.0,0.0,0.0,0.0,0.0,0.0,0.011026907162311589,-0.0020673475924480387,-0.00036547025764811184,0.0,0.0,0.0,-0.006551496750339623,-0.011189666724767153,-0.5957682242043935,0.0,0.0,0.0,0.0,0.0,0.0,zero,0.0,0.0,0.0,0.0,0.011026907162311589,-0.0020673475924480387,-0.00036547025764811184,0.0685410056902348,-0.045953282469262585,0.03842941460242611,1,0.008795738220214844,,,,,,,,,,,,,,,,,,,,,,3.273303173000386,4,radio://0/80/2M/E7E7E7E704,2.0943951023931953,aborted,cf5 起飞前预检失败（电压或 EKF 对齐）,0.0,0.0,0.0,0,0.0,global_abort:cf5 起飞前预检失败（电压或 EKF 对齐）,,,,,
3.273303173000386,1788684527.9679072,control,aborted,1,1,0.007634984999640437,3.763636350631714,3763.0,0,10.0,3.181847894999919,nan,1,0,1,1.0,-0.28661951422691345,-0.4440561830997467,0.0356767363846302,0.0056009613908827305,0.0036823763512074947,-0.0013413496781140566,1.213520884513855,-0.44937458634376526,-1.7829079627990723,-0.17063559591770172,-0.3114745318889618,-0.017199717462062836,-0.004331697920917166,-0.04964615770473343,0.9690256790809256,-0.28661951422691345,-0.4440561830997467,0.0356767363846302,0.9690256790809256,0.0,0.0,0.0,0.0,0.0,0.0,0.0033111411109470064,0.00030330866013048344,-0.0021537008023587677,0.0,0.0,0.0,-0.004331697920917166,-0.04964615770473343,0.9690256790809256,0.0,0.0,0.0,0.0,0.0,0.0,zero,0.0,0.0,0.0,0.0,0.0033111411109470064,0.00030330866013048344,-0.0021537008023587677,0.07115363776540502,0.10932385098999252,0.012676093955141994,1,0.00909113883972168,,,,,,,,,,,,,,,,,,,,,,3.273303173000386,5,radio://0/80/2M/E7E7E7E705,4.1887902047863905,aborted,cf5 起飞前预检失败（电压或 EKF 对齐）,0.0,0.0,0.0,0,0.0,global_abort:cf5 起飞前预检失败（电压或 EKF 对齐）,,,,,
3.2875191990005987,1788684527.9816904,control,aborted,1,1,0.010254556999825581,4.170087814331055,4170.0,0,90.0,3.2541818159998,4.170087814331055,1,1,0,1.0071730349577168,0.3747604191303253,0.003595871152356267,0.045818526297807693,-0.002095752628520131,-0.00950139481574297,-0.0033276157919317484,0.18895789980888367,8.295400619506836,-6.2647199630737305,0.35726243257522583,0.32704269886016846,-0.007939547300338745,-0.03318829225396601,0.003589060267256967,3.1243607628585606,0.3747604191303253,0.003595871152356267,0.045818526297807693,3.1243607628585606,0.0,0.0,0.0,0.0,0.0,0.0,-0.002756512122010439,-0.004495812483359539,-0.011215623568857152,0.0,0.0,0.0,-0.03318829225396601,0.003589060267256967,3.1243607628585606,0.0,0.0,0.0,0.0,0.0,0.0,zero,0.0,0.0,0.0,0.0,-0.002756512122010439,-0.004495812483359539,-0.011215623568857152,-0.5673717395442764,-2.718561904947954,-0.562228002783836,1,0.011241436004638672,,,,,,,,,,,,,,,,,,,,,,3.2875191990005987,2,radio://0/80/2M/E7E7E7E702,0.0,aborted,cf5 起飞前预检失败（电压或 EKF 对齐）,0.0,0.0,0.0,0,0.0,global_abort:cf5 起飞前预检失败（电压或 EKF 对齐）,,,,,
3.2875191990005987,1788684527.9818406,control,aborted,1,1,0.010807493999891449,4.122580528259277,4122.0,0,90.0,3.223785477000092,4.122580528259277,1,1,0,1.0187793716120355,-0.31367209553718567,0.31575527787208557,0.04019641503691673,0.007688087411224842,0.0026493326295167208,0.0011768038384616375,8.462642669677734,-0.6284943222999573,0.9628740549087524,-0.012891758233308792,0.0930454283952713,-0.017772233113646507,-0.006702655637989414,-0.011470223683350522,-0.595816031643137,-0.31367209553718567,0.31575527787208557,0.04019641503691673,-0.595816031643137,0.0,0.0,0.0,0.0,0.0,0.0,0.011829034260094896,-0.003316961650376047,0.0010931528639168404,0.0,0.0,0.0,-0.006702655637989414,-0.011470223683350522,-0.595816031643137,0.0,0.0,0.0,0.0,0.0,0.0,zero,0.0,0.0,0.0,0.0,0.011829034260094896,-0.003316961650376047,0.0010931528639168404,0.3027881270511611,-0.47760494608104836,0.5598974206550191,1,0.011391639709472656,,,,,,,,,,,,,,,,,,,,,,3.2875191990005987,4,radio://0/80/2M/E7E7E7E704,2.0943951023931953,aborted,cf5 起飞前预检失败（电压或 EKF 对齐）,0.0,0.0,0.0,0,0.0,global_abort:cf5 起飞前预检失败（电压或 EKF 对齐）,,,,,
3.2875191990005987,1788684527.9819493,control,aborted,1,1,0.010450746000060462,3.763636350631714,3763.0,0,10.0,3.196063921000132,nan,1,0,1,1.0,-0.2866712212562561,-0.4440380334854126,0.03565078601241112,-0.00414256751537323,0.006011366378515959,-0.0010540846269577742,-0.6059346795082092,0.20460069179534912,-1.0578997135162354,-0.27647244930267334,-0.1845717877149582,-0.024832433089613914,-0.004823189876477019,-0.0491071184655564,0.9684096412345721,-0.2866712212562561,-0.4440380334854126,0.03565078601241112,0.9684096412345721,0.0,0.0,0.0,0.0,0.0,0.0,0.0053714648902289525,0.0034928534456488795,-0.0017478094005099,0.0,0.0,0.0,-0.004823189876477019,-0.0491071184655564,0.9684096412345721,0.0,0.0,0.0,0.0,0.0,0.0,zero,0.0,0.0,0.0,0.0,0.0053714648902289525,0.0034928534456488795,-0.0017478094005099,0.7872254348818097,1.2243826076845616,0.15618001566227271,1,0.011500358581542969,,,,,,,,,,,,,,,,,,,,,,3.2875191990005987,5,radio://0/80/2M/E7E7E7E705,4.1887902047863905,aborted,cf5 起飞前预检失败（电压或 EKF 对齐）,0.0,0.0,0.0,0,0.0,global_abort:cf5 起飞前预检失败（电压或 EKF 对齐）,,,,,
3.3018498110004657,1788684527.9960232,control,aborted,1,1,0.0065197750000152155,4.170087814331055,4170.0,0,90.0,3.268512427999667,4.170087814331055,1,1,0,1.0071730349577168,0.37474700808525085,0.003644735086709261,0.045854873955249786,-0.001824116101488471,-0.007063640281558037,-0.002262288937345147,0.15415416657924652,6.663134574890137,-5.000058174133301,0.27468496561050415,0.24470040202140808,-0.008242521435022354,-0.03420004438452281,0.0020446305721903203,3.124240816545184,0.37474700808525085,0.003644735086709261,0.045854873955249786,3.124240816545184,0.0,0.0,0.0,0.0,0.0,0.0,-0.002631761667222071,-0.006984610963081917,-0.008663958700264247,0.0,0.0,0.0,-0.03420004438452281,0.0020446305721903203,3.124240816545184,0.0,0.0,0.0,0.0,0.0,0.0,zero,0.0,0.0,0.0,0.0,-0.002631761667222071,-0.006984610963081917,-0.008663958700264247,0.006861281556788254,-0.13688404692753064,0.1403417016128861,1,0.007392406463623047,,,,,,,,,,,,,,,,,,,,,,3.3018498110004657,2,radio://0/80/2M/E7E7E7E702,0.0,aborted,cf5 起飞前预检失败（电压或 EKF 对齐）,0.0,0.0,0.0,0,0.0,global_abort:cf5 起飞前预检失败（电压或 EKF 对齐）,,,,,
3.3018498110004657,1788684527.9961562,control,aborted,1,1,0.00702018100037094,4.122580528259277,4122.0,0,90.0,3.238116088999959,4.122580528259277,1,1,0,1.0187793716120355,-0.31364235281944275,0.31575727462768555,0.04021449387073517,0.006477623246610165,0.0021414293441921473,0.0011403000680729747,6.756800174713135,-0.5083820819854736,0.7698977589607239,-0.003774646669626236,0.0676177591085434,-0.011224892921745777,-0.006111443623786436,-0.012088370575893445,-0.5955400131884311,-0.31364235281944275,0.31575727462768555,0.04021449387073517,-0.5955400131884311,0.0,0.0,0.0,0.0,0.0,0.0,0.010095909765880389,-0.0017680599015988947,0.0013078313573876069,0.0,0.0,0.0,-0.006111443623786436,-0.012088370575893445,-0.5955400131884311,0.0,0.0,0.0,0.0,0.0,0.0,zero,0.0,0.0,0.0,0.0,0.010095909765880389,-0.0017680599015988947,0.0013078313573876069,-0.09532193808788203,0.08518967742595077,0.011807328401237997,1,0.007525444030761719,,,,,,,,,,,,,,,,,,,,,,3.3018498110004657,4,radio://0/80/2M/E7E7E7E704,2.0943951023931953,aborted,cf5 起飞前预检失败（电压或 EKF 对齐）,0.0,0.0,0.0,0,0.0,global_abort:cf5 起飞前预检失败（电压或 EKF 对齐）,,,,,
3.3018498110004657,1788684527.9962585,control,aborted,1,1,0.006716892999975244,3.763636350631714,3763.0,0,10.0,3.2103945329999988,nan,1,0,1,1.0,-0.2866452634334564,-0.44402647018432617,0.03562510758638382,-0.003028532722964883,0.004936282988637686,-0.0011257159058004618,-0.472493976354599,0.1518552452325821,-0.8471077084541321,-0.211252361536026,-0.16678106784820557,-0.01952436938881874,-0.003922753698752014,-0.0508455710743893,0.9684483841287781,-0.2866452634334564,-0.44402647018432617,0.03562510758638382,0.9684483841287781,0.0,0.0,0.0,0.0,0.0,0.0,0.0028400442091563284,0.004581414712716124,-0.0014668951095751788,0.0,0.0,0.0,-0.003922753698752014,-0.0508455710743893,0.9684483841287781,0.0,0.0,0.0,0.0,0.0,0.0,zero,0.0,0.0,0.0,0.0,0.0028400442091563284,0.004581414712716124,-0.0014668951095751788,-0.13922827023741977,0.05987092678606361,0.015450300735964656,1,0.007627725601196289,,,,,,,,,,,,,,,,,,,,,,3.3018498110004657,5,radio://0/80/2M/E7E7E7E705,4.1887902047863905,aborted,cf5 起飞前预检失败（电压或 EKF 对齐）,0.0,0.0,0.0,0,0.0,global_abort:cf5 起飞前预检失败（电压或 EKF 对齐）,,,,,
3.31604193900057,1788684528.0102239,control,aborted,1,1,0.004469528999834438,4.170087814331055,4170.0,0,90.0,3.2827045559997714,4.170087814331055,1,1,0,1.0071730349577168,0.3747487962245941,0.003659222275018692,0.04584033414721489,-0.0013371153036132455,-0.004656204488128424,-0.001878691604360938,0.10393967479467392,4.307447910308838,-3.1941542625427246,0.17965121567249298,0.16078531742095947,-0.009971590712666512,-0.03441840323951459,0.0026654324227692074,3.124454372772163,0.3747487962245941,0.003659222275018692,0.04584033414721489,3.124454372772163,0.0,0.0,0.0,0.0,0.0,0.0,-0.0022331012634527574,-0.009092866981251606,-0.004545805401677096,0.0,0.0,0.0,-0.03441840323951459,0.0026654324227692074,3.124454372772163,0.0,0.0,0.0,0.0,0.0,0.0,zero,0.0,0.0,0.0,0.0,-0.0022331012634527574,-0.009092866981251606,-0.004545805401677096,0.0327910748785138,-0.1239011921559479,0.30135967846760114,1,0.005460977554321289,,,,,,,,,,,,,,,,,,,,,,3.31604193900057,2,radio://0/80/2M/E7E7E7E702,0.0,aborted,cf5 起飞前预检失败（电压或 EKF 对齐）,0.0,0.0,0.0,0,0.0,global_abort:cf5 起飞前预检失败（电压或 EKF 对齐）,,,,,
3.31604193900057,1788684528.0103898,control,aborted,1,1,0.005066544999863254,4.122580528259277,4122.0,0,90.0,3.2523082170000635,4.122580528259277,1,1,0,1.0187793716120355,-0.31361791491508484,0.3157537579536438,0.040237948298454285,0.005055468995124102,0.0014843135140836239,0.001382155460305512,4.301665782928467,-0.3351457417011261,0.5021932125091553,0.006931268144398928,0.04457708075642586,-0.006210917606949806,-0.005790212999110959,-0.011634831779580938,-0.5960520833846359,-0.31361791491508484,0.3157537579536438,0.040237948298454285,-0.5960520833846359,0.0,0.0,0.0,0.0,0.0,0.0,0.007426192603853405,0.0007104721367836403,0.0014422714881160495,0.0,0.0,0.0,-0.005790212999110959,-0.011634831779580938,-0.5960520833846359,0.0,0.0,0.0,0.0,0.0,0.0,zero,0.0,0.0,0.0,0.0,0.007426192603853405,0.0007104721367836403,0.0014422714881160495,-0.19743968721363395,0.17753995302896547,0.0075987961393746166,1,0.0056269168853759766,,,,,,,,,,,,,,,,,,,,,,3.31604193900057,4,radio://0/80/2M/E7E7E7E704,2.0943951023931953,aborted,cf5 起飞前预检失败（电压或 EKF 对齐）,0.0,0.0,0.0,0,0.0,global_abort:cf5 起飞前预检失败（电压或 EKF 对齐）,,,,,
3.31604193900057,1788684528.0104995,control,aborted,1,1,0.00477927300016745,3.763636350631714,3763.0,0,10.0,3.224586661000103,nan,1,0,1,1.0,-0.2866690754890442,-0.4440523386001587,0.03560774773359299,-0.002352637704461813,0.0029867750126868486,-0.0018181153573095798,-0.2830999493598938,0.06331086158752441,-0.5792351365089417,-0.13020272552967072,-0.1271694153547287,-0.009705876931548119,-0.0038668121070855985,-0.050091369792857256,0.9686000617827605,-0.2866690754890442,-0.4440523386001587,0.03560774773359299,0.9686000617827605,0.0,0.0,0.0,0.0,0.0,0.0,-0.0011642929687241844,0.005510246309652354,-0.001050538140584924,0.0,0.0,0.0,-0.0038668121070855985,-0.050091369792857256,0.9686000617827605,0.0,0.0,0.0,0.0,0.0,0.0,zero,0.0,0.0,0.0,0.0,-0.0011642929687241844,0.005510246309652354,-0.001050538140584924,-0.2875916564472343,0.052624713139966826,0.029932155577238755,1,0.005736589431762695,,,,,,,,,,,,,,,,,,,,,,3.31604193900057,5,radio://0/80/2M/E7E7E7E705,4.1887902047863905,aborted,cf5 起飞前预检失败（电压或 EKF 对齐）,0.0,0.0,0.0,0,0.0,global_abort:cf5 起飞前预检失败（电压或 EKF 对齐）,,,,,
3.3304386050003814,1788684528.0246332,control,aborted,1,1,0.005450470999676327,4.170087814331055,4170.0,0,90.0,3.2971012219995828,4.170087814331055,1,1,0,1.0071730349577168,0.37473687529563904,0.0036681375931948423,0.04584464430809021,-0.0012418734841048717,-0.0035961943212896585,-0.001440699095837772,0.0845273807644844,3.461268663406372,-2.548997163772583,0.14015978574752808,0.12587523460388184,-0.0117553835734725,-0.03466561612668959,0.0024659077835894154,3.1241995324333556,0.37473687529563904,0.0036681375931948423,0.04584464430809021,3.1241995324333556,0.0,0.0,0.0,0.0,0.0,0.0,-0.001903879750071518,-0.008226364265543934,-0.0030578035731922684,0.0,0.0,0.0,-0.03466561612668959,0.0024659077835894154,3.1241995324333556,0.0,0.0,0.0,0.0,0.0,0.0,zero,0.0,0.0,0.0,0.0,-0.001903879750071518,-0.008226364265543934,-0.0030578035731922684,0.023777919350834054,0.06258288372399481,0.10747045995938262,1,0.006024599075317383,,,,,,,,,,,,,,,,,,,,,,3.3304386050003814,2,radio://0/80/2M/E7E7E7E702,0.0,aborted,cf5 起飞前预检失败（电压或 EKF 对齐）,0.0,0.0,0.0,0,0.0,global_abort:cf5 起飞前预检失败（电压或 EKF 对齐）,,,,,
3.3304386050003814,1788684528.0247877,control,aborted,1,1,0.004564689000289945,4.122580528259277,4122.0,0,90.0,3.266704882999875,4.122580528259277,1,1,0,1.0187793716120355,-0.3136653006076813,0.3157609701156616,0.04021264985203743,0.00335995526984334,0.001291620428673923,0.000740323681384325,3.4168431758880615,-0.27089977264404297,0.39248421788215637,0.002483876422047615,0.031782329082489014,-0.00485337246209383,-0.006002262293258954,-0.01190336581559715,-0.5960425447045218,-0.3136653006076813,0.3157609701156616,0.04021264985203743,-0.5960425447045218,0.0,0.0,0.0,0.0,0.0,0.0,0.006202365949464914,0.001351095953473964,0.0013842712679125308,0.0,0.0,0.0,-0.006002262293258954,-0.01190336581559715,-0.5960425447045218,0.0,0.0,0.0,0.0,0.0,0.0,zero,0.0,0.0,0.0,0.0,0.006202365949464914,0.001351095953473964,0.0013842712679125308,-0.08839049182594773,0.04626885190776249,-0.004189047502290211,1,0.006179094314575195,,,,,,,,,,,,,,,,,,,,,,3.3304386050003814,4,radio://0/80/2M/E7E7E7E704,2.0943951023931953,aborted,cf5 起飞前预检失败（电压或 EKF 对齐）,0.0,0.0,0.0,0,0.0,global_abort:cf5 起飞前预检失败（电压或 EKF 对齐）,,,,,
3.3304386050003814,1788684528.0248973,control,aborted,1,1,0.0049083220001193695,3.763636350631714,3763.0,0,10.0,3.2389833269999144,nan,1,0,1,1.0,-0.2866685092449188,-0.4440145790576935,0.03564036637544632,-0.0018739314982667565,0.00293480372056365,-0.0009833617368713021,-0.2195657193660736,0.04989803582429886,-0.4513312578201294,-0.1066422313451767,-0.10486384481191635,-0.012624513357877731,-0.00402166080733907,-0.050309282071493634,0.9682640823332593,-0.2866685092449188,-0.4440145790576935,0.03564036637544632,0.9682640823332593,0.0,0.0,0.0,0.0,0.0,0.0,-0.002210938257230356,0.005007288143193432,-0.0010183728336449528,0.0,0.0,0.0,-0.00402166080733907,-0.050309282071493634,0.9682640823332593,0.0,0.0,0.0,0.0,0.0,0.0,zero,0.0,0.0,0.0,0.0,-0.002210938257230356,0.005007288143193432,-0.0010183728336449528,-0.07559362388997623,-0.036325993997405354,0.0023231290885531884,1,0.006288766860961914,,,,,,,,,,,,,,,,,,,,,,3.3304386050003814,5,radio://0/80/2M/E7E7E7E705,4.1887902047863905,aborted,cf5 起飞前预检失败（电压或 EKF 对齐）,0.0,0.0,0.0,0,0.0,global_abort:cf5 起飞前预检失败（电压或 EKF 对齐）,,,,,
3.3446216120000827,1788684528.0388162,control,aborted,1,1,0.008577417999731551,4.170087814331055,4170.0,0,90.0,3.311284228999284,4.170087814331055,1,1,0,1.0071730349577168,0.3747158646583557,0.0036545658949762583,0.04581085219979286,-0.006425602361559868,0.004440244287252426,-0.005052980966866016,-1.070775032043457,3.895631790161133,-2.3652610778808594,0.11547569930553436,0.4056137204170227,0.05423562601208687,-0.034750513419954464,0.00266237041254778,3.124943861178937,0.3747158646583557,0.0036545658949762583,0.04581085219979286,3.124943861178937,0.0,0.0,0.0,0.0,0.0,0.0,-0.0013485801066135332,-0.006047003305428603,-0.0010843808688024382,0.0,0.0,0.0,-0.034750513419954464,0.00266237041254778,3.124943861178937,0.0,0.0,0.0,0.0,0.0,0.0,zero,0.0,0.0,0.0,0.0,-0.0013485801066135332,-0.006047003305428603,-0.0010843808688024382,0.27230782648513424,1.0765670314701905,0.9698988934671419,1,0.00893545150756836,,,,,,,,,,,,,,,,,,,,,,3.3446216120000827,2,radio://0/80/2M/E7E7E7E702,0.0,aborted,cf5 起飞前预检失败（电压或 EKF 对齐）,0.0,0.0,0.0,0,0.0,global_abort:cf5 起飞前预检失败（电压或 EKF 对齐）,,,,,
3.3446216120000827,1788684528.0389798,control,aborted,1,1,0.008365191999473609,4.122580528259277,4122.0,0,90.0,3.280887889999576,4.122580528259277,1,1,0,1.0187793716120355,-0.31362080574035645,0.3157614469528198,0.040207404643297195,0.00861543882638216,0.005373160820454359,-0.0022611734457314014,3.329150438308716,0.789654016494751,-0.3625413179397583,-0.12247343361377716,-0.1521434336900711,0.010220273397862911,-0.007219158898639507,-0.012258875301102716,-0.595754392358797,-0.31362080574035645,0.3157614469528198,0.040207404643297195,-0.595754392358797,0.0,0.0,0.0,0.0,0.0,0.0,0.004196094955450964,0.0019506437846039777,0.001180222410361782,0.0,0.0,0.0,-0.007219158898639507,-0.012258875301102716,-0.595754392358797,0.0,0.0,0.0,0.0,0.0,0.0,zero,0.0,0.0,0.0,0.0,0.004196094955450964,0.0019506437846039777,0.001180222410361782,-0.9870002879323739,0.2950316965750395,-0.10153383386634976,1,0.009099006652832031,,,,,,,,,,,,,,,,,,,,,,3.3446216120000827,4,radio://0/80/2M/E7E7E7E704,2.0943951023931953,aborted,cf5 起飞前预检失败（电压或 EKF 对齐）,0.0,0.0,0.0,0,0.0,global_abort:cf5 起飞前预检失败（电压或 EKF 对齐）,,,,,
3.3446216120000827,1788684528.039091,control,aborted,1,1,0.008152600999892456,3.763636350631714,3763.0,0,10.0,3.2531663339996157,nan,1,0,1,1.0,-0.28665030002593994,-0.44408729672431946,0.03560389205813408,-0.0048075467348098755,0.001445102272555232,-0.00270273769274354,-0.9479330778121948,0.11808057129383087,-0.570975124835968,0.15254537761211395,0.08417002111673355,-0.10579446703195572,-0.003239619381875197,-0.04932493061530922,0.9680044924070396,-0.28665030002593994,-0.44408729672431946,0.03560389205813408,0.9680044924070396,0.0,0.0,0.0,0.0,0.0,0.0,-0.003132382592389066,0.003718185333233333,-0.0010647945627558972,0.0,0.0,0.0,-0.003239619381875197,-0.04932493061530922,0.9680044924070396,0.0,0.0,0.0,0.0,0.0,0.0,zero,0.0,0.0,0.0,0.0,-0.003132382592389066,0.003718185333233333,-0.0010647945627558972,-0.4523904508152759,-0.63644459875763,-0.023346028174332838,1,0.009210348129272461,,,,,,,,,,,,,,,,,,,,,,3.3446216120000827,5,radio://0/80/2M/E7E7E7E705,4.1887902047863905,aborted,cf5 起飞前预检失败（电压或 EKF 对齐）,0.0,0.0,0.0,0,0.0,global_abort:cf5 起飞前预检失败（电压或 EKF 对齐）,,,,,
3.359017221000613,1788684528.053208,control,aborted,1,1,0.0033247510000364855,4.170087814331055,4170.0,0,90.0,3.3256798379998145,4.170087814331055,1,1,0,1.0071730349577168,0.3747207820415497,0.0036754761822521687,0.04585349187254906,-0.004438614938408136,0.003298575058579445,-0.0025072365533560514,-0.657841682434082,2.473187208175659,-1.4679075479507446,0.08083177357912064,0.24576906859874725,0.03851067274808884,-0.034429670814652,0.0019596624485453246,3.125049240541944,0.3747207820415497,0.0036754761822521687,0.04585349187254906,3.125049240541944,0.0,0.0,0.0,0.0,0.0,0.0,-0.0021563766027711206,-0.0023081523427749104,-0.0011889293002183949,0.0,0.0,0.0,-0.034429670814652,0.0019596624485453246,3.125049240541944,0.0,0.0,0.0,0.0,0.0,0.0,zero,0.0,0.0,0.0,0.0,-0.0021563766027711206,-0.0023081523427749104,-0.0011889293002183949,-0.05751497483565284,0.21891368244380158,-0.02668062784660026,1,0.00434565544128418,,,,,,,,,,,,,,,,,,,,,,3.359017221000613,2,radio://0/80/2M/E7E7E7E702,0.0,aborted,cf5 起飞前预检失败（电压或 EKF 对齐）,0.0,0.0,0.0,0,0.0,global_abort:cf5 起飞前预检失败（电压或 EKF 对齐）,,,,,
3.359017221000613,1788684528.0533602,control,aborted,1,1,0.0038759870003559627,4.122580528259277,4122.0,0,90.0,3.2952834990001065,4.122580528259277,1,1,0,1.0187793716120355,-0.31365612149238586,0.3157545030117035,0.04025285318493843,0.005014138761907816,0.003421101253479719,-0.0005815327167510986,2.0670483112335205,0.47141140699386597,-0.20041418075561523,-0.06699013710021973,-0.09549811482429504,0.009018688462674618,-0.006569793589365202,-0.011816128611007582,-0.5956189121242191,-0.31365612149238586,0.3157545030117035,0.04025285318493843,-0.5956189121242191,0.0,0.0,0.0,0.0,0.0,0.0,0.004191667978393543,0.0028276559510271243,0.00027494074612726446,0.0,0.0,0.0,-0.006569793589365202,-0.011816128611007582,-0.5956189121242191,0.0,0.0,0.0,0.0,0.0,0.0,zero,0.0,0.0,0.0,0.0,0.004191667978393543,0.0028276559510271243,0.00027494074612726446,0.020338231457442617,0.0501854343664901,-0.05485979204763146,1,0.0044977664947509766,,,,,,,,,,,,,,,,,,,,,,3.359017221000613,4,radio://0/80/2M/E7E7E7E704,2.0943951023931953,aborted,cf5 起飞前预检失败（电压或 EKF 对齐）,0.0,0.0,0.0,0,0.0,global_abort:cf5 起飞前预检失败（电压或 EKF 对齐）,,,,,
3.359017221000613,1788684528.0534718,control,aborted,1,1,0.0035559470006774063,3.763636350631714,3763.0,0,10.0,3.267561943000146,nan,1,0,1,1.0,-0.2866283357143402,-0.44403839111328125,0.03558802232146263,-0.002746604848653078,0.0019887113012373447,-0.002567813964560628,-0.5700184106826782,0.08897225558757782,-0.375492662191391,0.09501679241657257,0.07108742743730545,-0.05795590579509735,-0.003743165032229512,-0.04845856758478054,0.9686897237543337,-0.2866283357143402,-0.44403839111328125,0.03558802232146263,0.9686897237543337,0.0,0.0,0.0,0.0,0.0,0.0,-0.0035917232827991697,0.0024339268602405506,-0.0013004687078191344,0.0,0.0,0.0,-0.003743165032229512,-0.04845856758478054,0.9686897237543337,0.0,0.0,0.0,0.0,0.0,0.0,zero,0.0,0.0,0.0,0.0,-0.0035917232827991697,0.0024339268602405506,-0.0013004687078191344,-0.019539920282916564,-0.06487956044082689,-0.012749007687403634,1,0.004609346389770508,,,,,,,,,,,,,,,,,,,,,,3.359017221000613,5,radio://0/80/2M/E7E7E7E705,4.1887902047863905,aborted,cf5 起飞前预检失败（电压或 EKF 对齐）,0.0,0.0,0.0,0,0.0,global_abort:cf5 起飞前预检失败（电压或 EKF 对齐）,,,,,
3.3732123940008023,1788684528.0673964,control,aborted,1,1,0.006116497000220988,4.170087814331055,4170.0,0,90.0,3.3398750110000037,4.170087814331055,1,1,0,1.0071730349577168,0.37473899126052856,0.0036598320584744215,0.04588114842772484,-0.003242629114538431,0.002374021802097559,-0.0015375929651781917,-0.5060266256332397,1.9628981351852417,-1.1579110622406006,0.0642964243888855,0.21709845960140228,0.02937065064907074,-0.03445179238193559,0.003165971889237679,3.124922692334617,0.37473899126052856,0.0036598320584744215,0.04588114842772484,3.124922692334617,0.0,0.0,0.0,0.0,0.0,0.0,-0.0027563082110728387,-0.00029156156227727516,-0.0015546994057413824,0.0,0.0,0.0,-0.03445179238193559,0.003165971889237679,3.124922692334617,0.0,0.0,0.0,0.0,0.0,0.0,zero,0.0,0.0,0.0,0.0,-0.0027563082110728387,-0.00029156156227727516,-0.0015546994057413824,-0.050780907822617245,0.17069330757596773,-0.030960425748213772,1,0.006719827651977539,,,,,,,,,,,,,,,,,,,,,,3.3732123940008023,2,radio://0/80/2M/E7E7E7E702,0.0,aborted,cf5 起飞前预检失败（电压或 EKF 对齐）,0.0,0.0,0.0,0,0.0,global_abort:cf5 起飞前预检失败（电压或 EKF 对齐）,,,,,
3.3732123940008023,1788684528.0675652,control,aborted,1,1,0.006311323000772973,4.122580528259277,4122.0,0,90.0,3.3094786720002958,4.122580528259277,1,1,0,1.0187793716120355,-0.3136504590511322,0.3157336711883545,0.040234070271253586,0.004107170272618532,0.0023842204827815294,-0.0007832010742276907,1.638284683227539,0.3595758378505707,-0.16374538838863373,-0.043805256485939026,-0.07056666165590286,0.006745745427906513,-0.005991332302776838,-0.011471819671256683,-0.5956488119113895,-0.3136504590511322,0.3157336711883545,0.040234070271253586,-0.5956488119113895,0.0,0.0,0.0,0.0,0.0,0.0,0.0044419050671032105,0.0031318070526108843,-0.0001782682528787101,0.0,0.0,0.0,-0.005991332302776838,-0.011471819671256683,-0.5956488119113895,0.0,0.0,0.0,0.0,0.0,0.0,zero,0.0,0.0,0.0,0.0,0.0044419050671032105,0.0031318070526108843,-0.0001782682528787101,0.021181191922088182,0.02574471629756964,-0.03836164670178308,1,0.006888628005981445,,,,,,,,,,,,,,,,,,,,,,3.3732123940008023,4,radio://0/80/2M/E7E7E7E704,2.0943951023931953,aborted,cf5 起飞前预检失败（电压或 EKF 对齐）,0.0,0.0,0.0,0,0.0,global_abort:cf5 起飞前预检失败（电压或 EKF 对齐）,,,,,
3.3732123940008023,1788684528.067682,control,aborted,1,1,0.005901776000428072,3.763636350631714,3763.0,0,10.0,3.2817571160003354,nan,1,0,1,1.0,-0.28661584854125977,-0.4440329670906067,0.035667628049850464,-0.00198588939383626,0.0016827919753268361,-0.0007066105026751757,-0.443136602640152,0.06599891185760498,-0.26888594031333923,0.07192075997591019,0.05084399878978729,-0.04320944473147392,-0.003994059438466072,-0.048813799227619144,0.9688776825203192,-0.28661584854125977,-0.4440329670906067,0.035667628049850464,0.9688776825203192,0.0,0.0,0.0,0.0,0.0,0.0,-0.0035025679276258826,0.002011360863489291,-0.0014117677124782704,0.0,0.0,0.0,-0.003994059438466072,-0.048813799227619144,0.9688776825203192,0.0,0.0,0.0,0.0,0.0,0.0,zero,0.0,0.0,0.0,0.0,-0.0035025679276258826,0.002011360863489291,-0.0014117677124782704,0.007546509985969058,-0.03576788526069168,-0.009420848006898462,1,0.007005453109741211,,,,,,,,,,,,,,,,,,,,,,3.3732123940008023,5,radio://0/80/2M/E7E7E7E705,4.1887902047863905,aborted,cf5 起飞前预检失败（电压或 EKF 对齐）,0.0,0.0,0.0,0,0.0,global_abort:cf5 起飞前预检失败（电压或 EKF 对齐）,,,,,
3.3875122270001157,1788684528.0817058,control,aborted,1,1,0.0014199130000633886,4.170087814331055,4170.0,0,90.0,3.354174843999317,4.170087814331055,1,1,0,1.0071730349577168,0.3747304379940033,0.0036966223269701004,0.04578730836510658,-0.02146391198039055,0.05651015788316727,-0.06710133701562881,-25.89193344116211,75.06941223144531,-89.02110290527344,1.366531252861023,1.3122363090515137,-1.0557165145874023,-0.03375356628898323,0.002904731906976074,3.124405551846319,0.3747304379940033,0.0036966223269701004,0.04578730836510658,3.124405551846319,0.0,0.0,0.0,0.0,0.0,0.0,-0.0036242386232129857,0.003185875433625656,-0.002011913344612185,0.0,0.0,0.0,-0.03375356628898323,0.002904731906976074,3.124405551846319,0.0,0.0,0.0,0.0,0.0,0.0,zero,0.0,0.0,0.0,0.0,-0.0036242386232129857,0.003185875433625656,-0.002011913344612185,-2.9515710563235675,11.825319873338403,-1.5568307820439797,1,0.0031337738037109375,,,,,,,,,,,,,,,,,,,,,,3.3875122270001157,2,radio://0/80/2M/E7E7E7E702,0.0,aborted,cf5 起飞前预检失败（电压或 EKF 对齐）,0.0,0.0,0.0,0,0.0,global_abort:cf5 起飞前预检失败（电压或 EKF 对齐）,,,,,
3.3875122270001157,1788684528.0818622,control,aborted,1,1,0.002008878999731678,4.122580528259277,4122.0,0,90.0,3.323778504999609,4.122580528259277,1,1,0,1.0187793716120355,-0.31367379426956177,0.31573715806007385,0.04023180156946182,0.026487670838832855,0.00331656145863235,0.02266312576830387,33.00167465209961,2.096191167831421,31.647281646728516,-0.3184245526790619,-1.4047304391860962,-0.06708293408155441,-0.006395688488485913,-0.012444049741730686,-0.5959610624621776,-0.31367379426956177,0.31573715806007385,0.04023180156946182,-0.5959610624621776,0.0,0.0,0.0,0.0,0.0,0.0,0.00427848428917041,0.0028719010417353383,-0.0009198549349390364,0.0,0.0,0.0,-0.006395688488485913,-0.012444049741730686,-0.5959610624621776,0.0,0.0,0.0,0.0,0.0,0.0,zero,0.0,0.0,0.0,0.0,0.00427848428917041,0.0028719010417353383,-0.0009198549349390364,-0.5549664178619281,-0.883768650550657,-2.5206073862975455,1,0.0032901763916015625,,,,,,,,,,,,,,,,,,,,,,3.3875122270001157,4,radio://0/80/2M/E7E7E7E704,2.0943951023931953,aborted,cf5 起飞前预检失败（电压或 EKF 对齐）,0.0,0.0,0.0,0,0.0,global_abort:cf5 起飞前预检失败（电压或 EKF 对齐）,,,,,
3.3875122270001157,1788684528.0819707,control,aborted,1,1,0.002291980999871157,3.763636350631714,3763.0,0,10.0,3.2960569489996487,nan,1,0,1,1.0,-0.286658376455307,-0.4440220594406128,0.0356447771191597,0.023294717073440552,0.04955408349633217,0.0004662869032472372,34.25163269042969,65.52911376953125,1.5805470943450928,0.46276798844337463,-0.33498615026474,0.20160448551177979,-0.0034219686946247545,-0.0492902394610436,0.9683376512062336,-0.286658376455307,-0.4440220594406128,0.0356447771191597,0.9683376512062336,0.0,0.0,0.0,0.0,0.0,0.0,-0.0024776644119680587,0.0014162355277150887,-0.0013255895809969728,0.0,0.0,0.0,-0.0034219686946247545,-0.0492902394610436,0.9683376512062336,0.0,0.0,0.0,0.0,0.0,0.0,zero,0.0,0.0,0.0,0.0,-0.0024776644119680587,0.0014162355277150887,-0.0013255895809969728,3.4856952561099814,-2.021783850989823,0.29313259432922706,1,0.0033986568450927734,,,,,,,,,,,,,,,,,,,,,,3.3875122270001157,5,radio://0/80/2M/E7E7E7E705,4.1887902047863905,aborted,cf5 起飞前预检失败（电压或 EKF 对齐）,0.0,0.0,0.0,0,0.0,global_abort:cf5 起飞前预检失败（电压或 EKF 对齐）,,,,,
3.401853133000259,1788684528.096072,control,aborted,1,1,0.007047696999507025,4.170087814331055,4170.0,0,90.0,3.3685157499994602,4.170087814331055,1,1,0,1.0071730349577168,0.37474074959754944,0.0036552497185766697,0.04581676051020622,-0.016965247690677643,0.04438207671046257,-0.05309302732348442,-20.62372589111328,59.81338119506836,-70.93718719482422,1.083178997039795,1.0486706495285034,-0.8288031220436096,-0.0342544351314674,0.002875598334144722,3.125196846715251,0.37474074959754944,0.0036552497185766697,0.04581676051020622,3.125196846715251,0.0,0.0,0.0,0.0,0.0,0.0,-0.0056146878264541214,0.009491117205244036,-0.00877561812822184,0.0,0.0,0.0,-0.0342544351314674,0.002875598334144722,3.125196846715251,0.0,0.0,0.0,0.0,0.0,0.0,zero,0.0,0.0,0.0,0.0,-0.0056146878264541214,0.009491117205244036,-0.00877561812822184,-0.19867091178314,0.6293394122998919,-0.6750995675768195,1,0.007481098175048828,,,,,,,,,,,,,,,,,,,,,,3.401853133000259,2,radio://0/80/2M/E7E7E7E702,0.0,aborted,cf5 起飞前预检失败（电压或 EKF 对齐）,0.0,0.0,0.0,0,0.0,global_abort:cf5 起飞前预检失败（电压或 EKF 对齐）,,,,,
3.401853133000259,1788684528.096312,control,aborted,1,1,0.006825786000263179,4.122580528259277,4122.0,0,90.0,3.3381194109997523,4.122580528259277,1,1,0,1.0187793716120355,-0.3136601150035858,0.3157740533351898,0.04024158790707588,0.02146325819194317,0.0033899026457220316,0.018325896933674812,26.301023483276367,1.6784173250198364,25.23122787475586,-0.24613744020462036,-1.0876692533493042,-0.05724132061004639,-0.005962651809773473,-0.010636361723258131,-0.5961512763824335,-0.3136601150035858,0.3157740533351898,0.04024158790707588,-0.5961512763824335,0.0,0.0,0.0,0.0,0.0,0.0,0.0064419544364711315,0.0028196312016700426,0.00132184647623908,0.0,0.0,0.0,-0.005962651809773473,-0.010636361723258131,-0.5961512763824335,0.0,0.0,0.0,0.0,0.0,0.0,zero,0.0,0.0,0.0,0.0,0.0064419544364711315,0.0028196312016700426,0.00132184647623908,0.2159404952811386,-0.005217162421237212,0.22374892189115267,1,0.0077211856842041016,,,,,,,,,,,,,,,,,,,,,,3.401853133000259,4,radio://0/80/2M/E7E7E7E704,2.0943951023931953,aborted,cf5 起飞前预检失败（电压或 EKF 对齐）,0.0,0.0,0.0,0,0.0,global_abort:cf5 起飞前预检失败（电压或 EKF 对齐）,,,,,
3.401853133000259,1788684528.0966089,control,aborted,1,1,0.006564381000316644,3.763636350631714,3763.0,0,10.0,3.310397854999792,nan,1,0,1,1.0,-0.28662118315696716,-0.4440111219882965,0.03562300279736519,0.019378377124667168,0.03986164554953575,-6.171787390485406e-05,27.32311248779297,52.22977066040039,1.2538955211639404,0.3842533528804779,-0.2546009421348572,0.15333512425422668,-0.002699226621083897,-0.04862092398079274,0.9679370934090358,-0.28662118315696716,-0.4440111219882965,0.03562300279736519,0.9679370934090358,0.0,0.0,0.0,0.0,0.0,0.0,0.000496954704208721,0.006188117571684523,-0.0011065741896873248,0.0,0.0,0.0,-0.002699226621083897,-0.04862092398079274,0.9679370934090358,0.0,0.0,0.0,0.0,0.0,0.0,zero,0.0,0.0,0.0,0.0,0.000496954704208721,0.006188117571684523,-0.0011065741896873248,0.29690297599963666,0.4762915602434243,0.021860385793908473,1,0.008018016815185547,,,,,,,,,,,,,,,,,,,,,,3.401853133000259,5,radio://0/80/2M/E7E7E7E705,4.1887902047863905,aborted,cf5 起飞前预检失败（电压或 EKF 对齐）,0.0,0.0,0.0,0,0.0,global_abort:cf5 起飞前预检失败（电压或 EKF 对齐）,,,,,
3.416169734000505,1788684528.1103444,control,aborted,1,1,0.0012233870002091862,4.170087814331055,4170.0,0,90.0,3.3828323509997063,4.170087814331055,1,1,0,1.0071730349577168,0.37475138902664185,0.0036464682780206203,0.0458667166531086,0.020274300128221512,0.06507077813148499,0.028828449547290802,36.70506286621094,82.13631439208984,59.328773498535156,1.0039435625076294,1.6861765384674072,-0.44723600149154663,-0.034558811665945,0.0020273152760754624,3.1248564289165217,0.37475138902664185,0.0036464682780206203,0.0458667166531086,3.1248564289165217,0.0,0.0,0.0,0.0,0.0,0.0,-0.01776575051169421,0.04676221523002352,-0.055298671573659544,0.0,0.0,0.0,-0.034558811665945,0.0020273152760754624,3.1248564289165217,0.0,0.0,0.0,0.0,0.0,0.0,zero,0.0,0.0,0.0,0.0,-0.01776575051169421,0.04676221523002352,-0.055298671573659544,-44.51666156871531,136.5509821252178,-170.44419792379236,1,0.0015082359313964844,,,,,,,,,,,,,,,,,,,,,,3.416169734000505,2,radio://0/80/2M/E7E7E7E702,0.0,aborted,cf5 起飞前预检失败（电压或 EKF 对齐）,0.0,0.0,0.0,0,0.0,global_abort:cf5 起飞前预检失败（电压或 EKF 对齐）,,,,,
3.416169734000505,1788684528.1104877,control,aborted,1,1,0.0005893429997740895,4.122580528259277,4122.0,0,90.0,3.3524360119999983,4.122580528259277,1,1,0,1.0187793716120355,-0.3136703670024872,0.31572240591049194,0.040175195783376694,-0.013081562705338001,-0.061555467545986176,-0.09660014510154724,-27.761159896850586,-93.22405242919922,-147.43917846679688,0.31122320890426636,-1.5466820001602173,1.1420695781707764,-0.006228410857431864,-0.011748140260555241,-0.5948590960145144,-0.3136703670024872,0.31572240591049194,0.040175195783376694,-0.5948590960145144,0.0,0.0,0.0,0.0,0.0,0.0,0.02206177829710127,0.003129759890086278,0.01884096279081427,0.0,0.0,0.0,-0.006228410857431864,-0.011748140260555241,-0.5948590960145144,0.0,0.0,0.0,0.0,0.0,0.0,zero,0.0,0.0,0.0,0.0,0.02206177829710127,0.003129759890086278,0.01884096279081427,57.22531845771346,1.134077618297207,64.18122254879295,1,0.0016515254974365234,,,,,,,,,,,,,,,,,,,,,,3.416169734000505,4,radio://0/80/2M/E7E7E7E704,2.0943951023931953,aborted,cf5 起飞前预检失败（电压或 EKF 对齐）,0.0,0.0,0.0,0,0.0,global_abort:cf5 起飞前预检失败（电压或 EKF 对齐）,,,,,
3.416169734000505,1788684528.1106112,control,aborted,1,1,0.0004042250002385117,3.763636350631714,3763.0,0,10.0,3.324714456000038,nan,1,0,1,1.0,-0.2866152822971344,-0.4440825283527374,0.03561898320913315,0.008921986445784569,0.0014726873487234116,-0.047437287867069244,7.667555809020996,-10.516483306884766,-69.22652435302734,-1.1777796745300293,-0.5415148735046387,0.5313359498977661,-0.004547686851607461,-0.049031379690364245,0.9684121452632448,-0.2866152822971344,-0.4440825283527374,0.03561898320913315,0.9684121452632448,0.0,0.0,0.0,0.0,0.0,0.0,0.020068343740588867,0.041004949563108184,0.00020016695966817673,0.0,0.0,0.0,-0.004547686851607461,-0.049031379690364245,0.9684121452632448,0.0,0.0,0.0,0.0,0.0,0.0,zero,0.0,0.0,0.0,0.0,0.020068343740588867,0.041004949563108184,0.00020016695966817673,71.70359143624158,127.55748191619135,4.785974193251092,1,0.0017750263214111328,,,,,,,,,,,,,,,,,,,,,,3.416169734000505,5,radio://0/80/2M/E7E7E7E705,4.1887902047863905,aborted,cf5 起飞前预检失败（电压或 EKF 对齐）,0.0,0.0,0.0,0,0.0,global_abort:cf5 起飞前预检失败（电压或 EKF 对齐）,,,,,
3.4304367280001316,1788684528.1246157,control,aborted,1,1,0.005786210000223946,4.170087814331055,4170.0,0,90.0,3.397099344999333,4.170087814331055,1,1,0,1.0071730349577168,0.37476250529289246,0.0036274748854339123,0.045880276709795,0.016448497772216797,0.05166525021195412,0.023342173546552658,29.28521728515625,65.43282318115234,47.349971771240234,0.8061801195144653,1.3386726379394531,-0.3603852391242981,-0.03441218296892056,0.0015249259902904986,3.1247476783886525,0.37476250529289246,0.0036274748854339123,0.045880276709795,3.1247476783886525,0.0,0.0,0.0,0.0,0.0,0.0,-0.0171064827195274,0.0579534326350133,-0.05895650583648608,0.0,0.0,0.0,-0.03441218296892056,0.0015249259902904986,3.1247476783886525,0.0,0.0,0.0,0.0,0.0,0.0,zero,0.0,0.0,0.0,0.0,-0.0171064827195274,0.0579534326350133,-0.05895650583648608,0.06793360696139034,1.1531880878198275,-0.37691796579968545,1,0.0060749053955078125,,,,,,,,,,,,,,,,,,,,,,3.4304367280001316,2,radio://0/80/2M/E7E7E7E702,0.0,aborted,cf5 起飞前预检失败（电压或 EKF 对齐）,0.0,0.0,0.0,0,0.0,global_abort:cf5 起飞前预检失败（电压或 EKF 对齐）,,,,,
3.4304367280001316,1788684528.1247635,control,aborted,1,1,0.005580242000178259,4.122580528259277,4122.0,0,90.0,3.366703005999625,4.122580528259277,1,1,0,1.0187793716120355,-0.3136642277240753,0.3157530725002289,0.040233973413705826,-0.010338746942579746,-0.04861247166991234,-0.07606896758079529,-22.15241241455078,-74.31254577636719,-117.52828979492188,0.23902715742588043,-1.2316700220108032,0.8975258469581604,-0.006702246887325095,-0.011477768863285059,-0.5956436783987048,-0.3136642277240753,0.3157530725002289,0.040233973413705826,-0.5956436783987048,0.0,0.0,0.0,0.0,0.0,0.0,0.02258629749398469,-0.0030880187560164978,0.012165216371705957,0.0,0.0,0.0,-0.006702246887325095,-0.011477768863285059,-0.5956436783987048,0.0,0.0,0.0,0.0,0.0,0.0,zero,0.0,0.0,0.0,0.0,0.02258629749398469,-0.0030880187560164978,0.012165216371705957,0.05404856931910666,-0.6407049392311187,-0.6878957819539032,1,0.006222724914550781,,,,,,,,,,,,,,,,,,,,,,3.4304367280001316,4,radio://0/80/2M/E7E7E7E704,2.0943951023931953,aborted,cf5 起飞前预检失败（电压或 EKF 对齐）,0.0,0.0,0.0,0,0.0,global_abort:cf5 起飞前预检失败（电压或 EKF 对齐）,,,,,
3.4304367280001316,1788684528.1248713,control,aborted,1,1,0.005359986999792454,3.763636350631714,3763.0,0,10.0,3.3389814499996646,nan,1,0,1,1.0,-0.2866336405277252,-0.4441099464893341,0.03558604046702385,0.006759306415915489,0.0006131824338808656,-0.03862863406538963,6.089481353759766,-8.43089771270752,-55.19971466064453,-0.9294548630714417,-0.43743979930877686,0.41244298219680786,-0.003897916046257324,-0.049239151901248904,0.9677995053408961,-0.2866336405277252,-0.4441099464893341,0.03558604046702385,0.9677995053408961,0.0,0.0,0.0,0.0,0.0,0.0,0.024008641318373963,0.0460083973647606,-0.004096335158541845,0.0,0.0,0.0,-0.003897916046257324,-0.049239151901248904,0.9677995053408961,0.0,0.0,0.0,0.0,0.0,0.0,zero,0.0,0.0,0.0,0.0,0.024008641318373963,0.0460083973647606,-0.004096335158541845,0.40602412273227056,0.5155754011463726,-0.44272887235693703,1,0.0063304901123046875,,,,,,,,,,,,,,,,,,,,,,3.4304367280001316,5,radio://0/80/2M/E7E7E7E705,4.1887902047863905,aborted,cf5 起飞前预检失败（电压或 EKF 对齐）,0.0,0.0,0.0,0,0.0,global_abort:cf5 起飞前预检失败（电压或 EKF 对齐）,,,,,
3.444614888000615,1788684528.1387956,control,aborted,1,1,0.009092089000660053,4.170087814331055,4170.0,0,90.0,3.4112775049998163,4.170087814331055,1,1,0,1.0071730349577168,0.3747755289077759,0.003646066877990961,0.0458238460123539,0.013405469246208668,0.041684336960315704,0.017604924738407135,23.37053871154785,52.15721893310547,37.77131271362305,0.6390995383262634,1.072241187095642,-0.28259727358818054,-0.034720298190279,0.0016041064502660396,3.1250466441111944,0.3747755289077759,0.003646066877990961,0.0458238460123539,3.1250466441111944,0.0,0.0,0.0,0.0,0.0,0.0,-0.011334194047501179,0.06288681739377683,-0.04762360434527403,0.0,0.0,0.0,-0.034720298190279,0.0016041064502660396,3.1250466441111944,0.0,0.0,0.0,0.0,0.0,0.0,zero,0.0,0.0,0.0,0.0,-0.011334194047501179,0.06288681739377683,-0.04762360434527403,0.5466410807458628,0.4671961035723845,1.0732362622758336,1,0.009695291519165039,,,,,,,,,,,,,,,,,,,,,,3.444614888000615,2,radio://0/80/2M/E7E7E7E702,0.0,aborted,cf5 起飞前预检失败（电压或 EKF 对齐）,0.0,0.0,0.0,0,0.0,global_abort:cf5 起飞前预检失败（电压或 EKF 对齐）,,,,,
3.444614888000615,1788684528.1389468,control,aborted,1,1,0.009287439000218,4.122580528259277,4122.0,0,90.0,3.3808811660001084,4.122580528259277,1,1,0,1.0187793716120355,-0.3136725127696991,0.3157481849193573,0.04027148708701134,-0.008427918888628483,-0.03898255154490471,-0.06014465540647507,-17.68573760986328,-59.26764678955078,-93.72102355957031,0.19446192681789398,-0.9802536964416504,0.7189554572105408,-0.006531712182029284,-0.01120911495046688,-0.5955960552227169,-0.3136725127696991,0.3157481849193573,0.04027148708701134,-0.5955960552227169,0.0,0.0,0.0,0.0,0.0,0.0,0.017527671438177125,-0.013772288052505015,-0.005680354797891489,0.0,0.0,0.0,-0.006531712182029284,-0.01120911495046688,-0.5955960552227169,0.0,0.0,0.0,0.0,0.0,0.0,zero,0.0,0.0,0.0,0.0,0.017527671438177125,-0.013772288052505015,-0.005680354797891489,-0.4790565703404358,-1.0118101929857524,-1.6899921097070951,1,0.00984644889831543,,,,,,,,,,,,,,,,,,,,,,3.444614888000615,4,radio://0/80/2M/E7E7E7E704,2.0943951023931953,aborted,cf5 起飞前预检失败（电压或 EKF 对齐）,0.0,0.0,0.0,0,0.0,global_abort:cf5 起飞前预检失败（电压或 EKF 对齐）,,,,,
3.444614888000615,1788684528.1390603,control,aborted,1,1,0.008910861000003933,3.763636350631714,3763.0,0,10.0,3.353159610000148,nan,1,0,1,1.0,-0.28665226697921753,-0.44404637813568115,0.03559381887316704,0.005054655019193888,0.0016945486422628164,-0.030755581334233284,4.839298725128174,-6.724236488342285,-44.01065444946289,-0.7400195002555847,-0.31216445565223694,0.34142205119132996,-0.003739636419447952,-0.04724177272766858,0.9683980391870501,-0.28665226697921753,-0.44404637813568115,0.03559381887316704,0.9683980391870501,0.0,0.0,0.0,0.0,0.0,0.0,0.02329650123133805,0.04137917140582041,-0.011919447362894913,0.0,0.0,0.0,-0.003739636419447952,-0.04724177272766858,0.9683980391870501,0.0,0.0,0.0,0.0,0.0,0.0,zero,0.0,0.0,0.0,0.0,0.02329650123133805,0.04137917140582041,-0.011919447362894913,-0.06744032548239058,-0.4383919836641834,-0.7408559677391487,1,0.009959936141967773,,,,,,,,,,,,,,,,,,,,,,3.444614888000615,5,radio://0/80/2M/E7E7E7E705,4.1887902047863905,aborted,cf5 起飞前预检失败（电压或 EKF 对齐）,0.0,0.0,0.0,0,0.0,global_abort:cf5 起飞前预检失败（电压或 EKF 对齐）,,,,,
3.4589506160000383,1788684528.15314,control,aborted,1,1,0.004125305999878037,4.170087814331055,4170.0,0,90.0,3.4256132329992397,4.170087814331055,1,1,0,1.0071730349577168,0.3747478723526001,0.003669079625979066,0.04583047330379486,0.008280343376100063,0.027334868907928467,0.011378716677427292,14.84902572631836,33.06803894042969,24.034910202026367,0.3909722566604614,0.6693853735923767,-0.17083829641342163,-0.035135954518370434,0.0020107953985076176,3.125281744690613,0.3747478723526001,0.003669079625979066,0.04583047330379486,3.125281744690613,0.0,0.0,0.0,0.0,0.0,0.0,0.004422498684030226,0.05592878034886411,-0.008314584332307931,0.0,0.0,0.0,-0.035135954518370434,0.0020107953985076176,3.125281744690613,0.0,0.0,0.0,0.0,0.0,0.0,zero,0.0,0.0,0.0,0.0,0.004422498684030226,0.05592878034886411,-0.008314584332307931,1.2334462210775716,-0.6516612141468284,3.117624207294299,1,0.0044841766357421875,,,,,,,,,,,,,,,,,,,,,,3.4589506160000383,2,radio://0/80/2M/E7E7E7E702,0.0,aborted,cf5 起飞前预检失败（电压或 EKF 对齐）,0.0,0.0,0.0,0,0.0,global_abort:cf5 起飞前预检失败（电压或 EKF 对齐）,,,,,
3.4589506160000383,1788684528.153287,control,aborted,1,1,0.0038362189998224494,4.122580528259277,4122.0,0,90.0,3.3952168939995317,4.122580528259277,1,1,0,1.0187793716120355,-0.3136538565158844,0.31572481989860535,0.040235862135887146,-0.005257135722786188,-0.02604122832417488,-0.03963517025113106,-11.254115104675293,-37.661949157714844,-59.5389518737793,0.12573033571243286,-0.6768423318862915,0.4617145359516144,-0.006125417582138469,-0.012262497498218892,-0.5957560610572278,-0.3136538565158844,0.31572481989860535,0.040235862135887146,-0.5957560610572278,0.0,0.0,0.0,0.0,0.0,0.0,0.0016355043337243913,-0.03313709384307777,-0.044133881629260525,0.0,0.0,0.0,-0.006125417582138469,-0.012262497498218892,-0.5957560610572278,0.0,0.0,0.0,0.0,0.0,0.0,zero,0.0,0.0,0.0,0.0,0.0016355043337243913,-0.03313709384307777,-0.044133881629260525,-1.2555147652447443,-1.4662068528976768,-2.9538787999149814,1,0.00463104248046875,,,,,,,,,,,,,,,,,,,,,,3.4589506160000383,4,radio://0/80/2M/E7E7E7E704,2.0943951023931953,aborted,cf5 起飞前预检失败（电压或 EKF 对齐）,0.0,0.0,0.0,0,0.0,global_abort:cf5 起飞前预检失败（电压或 EKF 对齐）,,,,,
3.4589506160000383,1788684528.153398,control,aborted,1,1,0.0034635739993973402,3.763636350631714,3763.0,0,10.0,3.3674953379995713,nan,1,0,1,1.0,-0.2866639196872711,-0.4440862536430359,0.03565856069326401,0.0023917006328701973,-0.0008650069357827306,-0.01926298812031746,3.0204646587371826,-4.394204139709473,-27.932720184326172,-0.5035366415977478,-0.2209937870502472,0.2124652862548828,-0.004399645681475047,-0.049136738378070324,0.9682962481625413,-0.2866639196872711,-0.4440862536430359,0.03565856069326401,0.9682962481625413,0.0,0.0,0.0,0.0,0.0,0.0,0.014084725758898506,0.018936623899699388,-0.02614899117920419,0.0,0.0,0.0,-0.004399645681475047,-0.049136738378070324,0.9682962481625413,0.0,0.0,0.0,0.0,0.0,0.0,zero,0.0,0.0,0.0,0.0,0.014084725758898506,0.018936623899699388,-0.02614899117920419,-0.7571218933156483,-1.8075801144328958,-1.0723909889948688,1,0.004742145538330078,,,,,,,,,,,,,,,,,,,,,,3.4589506160000383,5,radio://0/80/2M/E7E7E7E705,4.1887902047863905,aborted,cf5 起飞前预检失败（电压或 EKF 对齐）,0.0,0.0,0.0,0,0.0,global_abort:cf5 起飞前预检失败（电压或 EKF 对齐）,,,,,
3.473221819000173,1788684528.167403,control,aborted,1,1,0.002973612999994657,4.170087814331055,4170.0,0,90.0,3.4398844359993745,4.170087814331055,1,1,0,1.0071730349577168,0.3747335374355316,0.0036882173735648394,0.04582326486706734,0.006433541886508465,0.02212253212928772,0.009007061831653118,11.85464859008789,26.38507843017578,19.196372985839844,0.31581607460975647,0.5436844229698181,-0.13744677603244781,-0.034907794107129735,0.0026228657552832546,3.1252019298070564,0.3747335374355316,0.0036882173735648394,0.04582326486706734,3.1252019298070564,0.0,0.0,0.0,0.0,0.0,0.0,0.008297922085244182,0.04615371525364288,0.00439608686213473,0.0,0.0,0.0,-0.034907794107129735,0.0026228657552832546,3.1252019298070564,0.0,0.0,0.0,0.0,0.0,0.0,zero,0.0,0.0,0.0,0.0,0.008297922085244182,0.04615371525364288,0.00439608686213473,0.25785564062002764,-0.6503949146411175,0.845718757472249,1,0.003717660903930664,,,,,,,,,,,,,,,,,,,,,,3.473221819000173,2,radio://0/80/2M/E7E7E7E702,0.0,aborted,cf5 起飞前预检失败（电压或 EKF 对齐）,0.0,0.0,0.0,0,0.0,global_abort:cf5 起飞前预检失败（电压或 EKF 对齐）,,,,,
3.473221819000173,1788684528.167548,control,aborted,1,1,0.003257391000261123,4.122580528259277,4122.0,0,90.0,3.4094880969996666,4.122580528259277,1,1,0,1.0187793716120355,-0.31366249918937683,0.31575754284858704,0.04019913822412491,-0.004320703912526369,-0.02039758861064911,-0.0321967639029026,-8.990832328796387,-30.05447006225586,-47.532188415527344,0.09470639377832413,-0.5331489443778992,0.36586862802505493,-0.006563986830351494,-0.011638506149366729,-0.5960233213741787,-0.31366249918937683,0.31575754284858704,0.04019913822412491,-0.5960233213741787,0.0,0.0,0.0,0.0,0.0,0.0,-0.003183561920548505,-0.0342478203665096,-0.04942805720828597,0.0,0.0,0.0,-0.006563986830351494,-0.011638506149366729,-0.5960233213741787,0.0,0.0,0.0,0.0,0.0,0.0,zero,0.0,0.0,0.0,0.0,-0.003183561920548505,-0.0342478203665096,-0.04942805720828597,-0.3206419757378379,-0.07390343443853274,-0.352253907290979,1,0.003862619400024414,,,,,,,,,,,,,,,,,,,,,,3.473221819000173,4,radio://0/80/2M/E7E7E7E704,2.0943951023931953,aborted,cf5 起飞前预检失败（电压或 EKF 对齐）,0.0,0.0,0.0,0,0.0,global_abort:cf5 起飞前预检失败（电压或 EKF 对齐）,,,,,
3.473221819000173,1788684528.1676593,control,aborted,1,1,0.0025413550001758267,3.763636350631714,3763.0,0,10.0,3.381766540999706,nan,1,0,1,1.0,-0.2866276502609253,-0.44402167201042175,0.03562861308455467,0.002395942574366927,0.00016728381160646677,-0.01580885797739029,2.416428327560425,-3.5016283988952637,-22.300216674804688,-0.3870127201080322,-0.1628708839416504,0.17199930548667908,-0.003218131106394655,-0.04808966947289731,0.9684447640460488,-0.2866276502609253,-0.44402167201042175,0.03562861308455467,0.9684447640460488,0.0,0.0,0.0,0.0,0.0,0.0,0.009115406439501388,0.00938345498576574,-0.02655461284940249,0.0,0.0,0.0,-0.003218131106394655,-0.04808966947289731,0.9684447640460488,0.0,0.0,0.0,0.0,0.0,0.0,zero,0.0,0.0,0.0,0.0,0.009115406439501388,0.00938345498576574,-0.02655461284940249,-0.3306392318700563,-0.6356308034580341,-0.026988492556861206,1,0.003973960876464844,,,,,,,,,,,,,,,,,,,,,,3.473221819000173,5,radio://0/80/2M/E7E7E7E705,4.1887902047863905,aborted,cf5 起飞前预检失败（电压或 EKF 对齐）,0.0,0.0,0.0,0,0.0,global_abort:cf5 起飞前预检失败（电压或 EKF 对齐）,,,,,
3.4875032800000554,1788684528.1816733,control,aborted,1,1,0.0014588789999834262,4.170087814331055,4170.0,0,90.0,3.454165896999257,4.170087814331055,1,1,0,1.0071730349577168,0.3747595250606537,0.0036550431977957487,0.045827217400074005,0.0065886881202459335,0.02377069741487503,0.005397977773100138,7.822512626647949,18.24675941467285,11.896045684814453,0.336966335773468,0.4976891279220581,-0.1208917647600174,-0.03426709402378286,0.0029855008873089874,3.1248827282196716,0.3747595250606537,0.0036550431977957487,0.045827217400074005,3.1248827282196716,0.0,0.0,0.0,0.0,0.0,0.0,0.010240416247115944,0.024681719914640313,0.01677221921983214,0.0,0.0,0.0,-0.03426709402378286,0.0029855008873089874,3.1248827282196716,0.0,0.0,0.0,0.0,0.0,0.0,zero,0.0,0.0,0.0,0.0,0.010240416247115944,0.024681719914640313,0.01677221921983214,0.921851790976281,-10.241816372827966,5.891055867278045,1,0.0017306804656982422,,,,,,,,,,,,,,,,,,,,,,3.4875032800000554,2,radio://0/80/2M/E7E7E7E702,0.0,aborted,cf5 起飞前预检失败（电压或 EKF 对齐）,0.0,0.0,0.0,0,0.0,global_abort:cf5 起飞前预检失败（电压或 EKF 对齐）,,,,,
3.4875032800000554,1788684528.1818237,control,aborted,1,1,0.0012418659998729709,4.122580528259277,4122.0,0,90.0,3.423769557999549,4.122580528259277,1,1,0,1.0187793716120355,-0.31366780400276184,0.31579339504241943,0.04021467640995979,-0.0010888689430430532,-0.010846077464520931,-0.017151454463601112,-5.2434587478637695,-18.178876876831055,-28.654348373413086,-0.11503449082374573,-0.47245168685913086,0.20177939534187317,-0.006620892600974443,-0.011610325422100469,-0.5955284379994599,-0.31366780400276184,0.31579339504241943,0.04021467640995979,-0.5955284379994599,0.0,0.0,0.0,0.0,0.0,0.0,-0.0075203501894841015,-0.02716261544182113,-0.0434908688877097,0.0,0.0,0.0,-0.006620892600974443,-0.011610325422100469,-0.5955284379994599,0.0,0.0,0.0,0.0,0.0,0.0,zero,0.0,0.0,0.0,0.0,-0.0075203501894841015,-0.02716261544182113,-0.0434908688877097,-2.0633279337690618,3.389117967557297,2.8485789062763276,1,0.0018811225891113281,,,,,,,,,,,,,,,,,,,,,,3.4875032800000554,4,radio://0/80/2M/E7E7E7E704,2.0943951023931953,aborted,cf5 起飞前预检失败（电压或 EKF 对齐）,0.0,0.0,0.0,0,0.0,global_abort:cf5 起飞前预检失败（电压或 EKF 对齐）,,,,,
3.4875032800000554,1788684528.181939,control,aborted,1,1,0.0010283949995937292,3.763636350631714,3763.0,0,10.0,3.3960480019995885,nan,1,0,1,1.0,-0.28667154908180237,-0.44406163692474365,0.03561795875430107,-0.006177728995680809,-0.004459476098418236,-0.013396658934652805,-0.03915071487426758,-3.1019723415374756,-14.401962280273438,-0.08969844877719879,-0.03742959350347519,0.021897122263908386,-0.0031822396193658484,-0.05007209076620259,0.9681023607201579,-0.28667154908180237,-0.44406163692474365,0.03561795875430107,0.9681023607201579,0.0,0.0,0.0,0.0,0.0,0.0,0.0013552537497949092,-0.003401070529493841,-0.020608282584618887,0.0,0.0,0.0,-0.0031822396193658484,-0.05007209076620259,0.9681023607201579,0.0,0.0,0.0,0.0,0.0,0.0,zero,0.0,0.0,0.0,0.0,0.0013552537497949092,-0.003401070529493841,-0.020608282584618887,-3.701075671762093,-6.092894855719001,2.841879799892871,1,0.001996278762817383,,,,,,,,,,,,,,,,,,,,,,3.4875032800000554,5,radio://0/80/2M/E7E7E7E705,4.1887902047863905,aborted,cf5 起飞前预检失败（电压或 EKF 对齐）,0.0,0.0,0.0,0,0.0,global_abort:cf5 起飞前预检失败（电压或 EKF 对齐）,,,,,
3.501794088000679,1788684528.1959786,control,aborted,1,1,0.005823061000228336,4.170087814331055,4170.0,0,90.0,3.4684567049998805,4.170087814331055,1,1,0,1.0071730349577168,0.37476739287376404,0.0036409602034837008,0.04584774747490883,0.005441945046186447,0.018710486590862274,0.004764571785926819,6.233087539672852,14.487431526184082,9.503070831298828,0.2580386996269226,0.3783333897590637,-0.10480299592018127,-0.03479867060450376,0.002061331274148725,3.124542214641503,0.37476739287376404,0.0036409602034837008,0.04584774747490883,3.124542214641503,0.0,0.0,0.0,0.0,0.0,0.0,0.010231890438816572,0.018302279404688426,0.018754427880019343,0.0,0.0,0.0,-0.03479867060450376,0.002061331274148725,3.124542214641503,0.0,0.0,0.0,0.0,0.0,0.0,zero,0.0,0.0,0.0,0.0,0.010231890438816572,0.018302279404688426,0.018754427880019343,-0.0009264925215247548,-0.6932485128028923,0.21540497220659183,1,0.006833791732788086,,,,,,,,,,,,,,,,,,,,,,3.501794088000679,2,radio://0/80/2M/E7E7E7E702,0.0,aborted,cf5 起飞前预检失败（电压或 EKF 对齐）,0.0,0.0,0.0,0,0.0,global_abort:cf5 起飞前预检失败（电压或 EKF 对齐）,,,,,
3.501794088000679,1788684528.1961334,control,aborted,1,1,0.006343559000015375,4.122580528259277,4122.0,0,90.0,3.4380603660001725,4.122580528259277,1,1,0,1.0187793716120355,-0.3136509656906128,0.3157314360141754,0.04024256020784378,-0.0005051404004916549,-0.010023446753621101,-0.013115151785314083,-4.1820807456970215,-14.525222778320312,-22.835756301879883,-0.10347165912389755,-0.368053138256073,0.1636192500591278,-0.007148571378733323,-0.01115374328105201,-0.595430491091254,-0.3136509656906128,0.3157314360141754,0.04024256020784378,-0.595430491091254,0.0,0.0,0.0,0.0,0.0,0.0,-0.007953780087956176,-0.023291812166140343,-0.03867254211758921,0.0,0.0,0.0,-0.007148571378733323,-0.01115374328105201,-0.595430491091254,0.0,0.0,0.0,0.0,0.0,0.0,zero,0.0,0.0,0.0,0.0,-0.007953780087956176,-0.023291812166140343,-0.03867254211758921,-0.047100467831204904,0.42063698376560416,0.5236035765790977,1,0.006988525390625,,,,,,,,,,,,,,,,,,,,,,3.501794088000679,4,radio://0/80/2M/E7E7E7E704,2.0943951023931953,aborted,cf5 起飞前预检失败（电压或 EKF 对齐）,0.0,0.0,0.0,0,0.0,global_abort:cf5 起飞前预检失败（电压或 EKF 对齐）,,,,,
3.501794088000679,1788684528.1962519,control,aborted,1,1,0.006042996999894967,3.763636350631714,3763.0,0,10.0,3.410338810000212,nan,1,0,1,1.0,-0.28664132952690125,-0.4440787136554718,0.03561069443821907,-0.004285408183932304,-0.0039387173019349575,-0.01087520644068718,0.009806104004383087,-2.47025990486145,-11.46677017211914,-0.09662984311580658,-0.031295765191316605,0.03308340907096863,-0.0043625352806960956,-0.050131601213261164,0.9688197303077415,-0.28664132952690125,-0.4440787136554718,0.03561069443821907,0.9688197303077415,0.0,0.0,0.0,0.0,0.0,0.0,-0.0014069799046692697,-0.006876591780113428,-0.01796016384219902,0.0,0.0,0.0,-0.0043625352806960956,-0.050131601213261164,0.9688197303077415,0.0,0.0,0.0,0.0,0.0,0.0,zero,0.0,0.0,0.0,0.0,-0.0014069799046692697,-0.006876591780113428,-0.01796016384219902,-0.30016964183365863,-0.3776820137202046,0.28776886892262654,1,0.0071070194244384766,,,,,,,,,,,,,,,,,,,,,,3.501794088000679,5,radio://0/80/2M/E7E7E7E705,4.1887902047863905,aborted,cf5 起飞前预检失败（电压或 EKF 对齐）,0.0,0.0,0.0,0,0.0,global_abort:cf5 起飞前预检失败（电压或 EKF 对齐）,,,,,
3.516046680000727,1788684528.2102203,control,aborted,1,1,0.00033477800025139004,4.170087814331055,4170.0,0,90.0,3.4827092969999285,4.170087814331055,1,1,0,1.0071730349577168,0.37472155690193176,0.0036473849322646856,0.04581069573760033,0.0038870186544954777,0.01503378339111805,0.0034345295280218124,4.970643520355225,11.552522659301758,7.588918685913086,0.20536550879478455,0.30514615774154663,-0.08279221504926682,-0.034903142713145305,0.002308375924780502,3.124636841737813,0.37472155690193176,0.0036473849322646856,0.04581069573760033,3.124636841737813,0.0,0.0,0.0,0.0,0.0,0.0,0.007997620612728825,0.01672901112618423,0.012888592385690647,0.0,0.0,0.0,-0.034903142713145305,0.002308375924780502,3.124636841737813,0.0,0.0,0.0,0.0,0.0,0.0,zero,0.0,0.0,0.0,0.0,0.007997620612728825,0.01672901112618423,0.012888592385690647,-0.11370615983109036,-0.08006655787229734,-0.29852331194434123,1,0.0014259815216064453,,,,,,,,,,,,,,,,,,,,,,3.516046680000727,2,radio://0/80/2M/E7E7E7E702,0.0,aborted,cf5 起飞前预检失败（电压或 EKF 对齐）,0.0,0.0,0.0,0,0.0,global_abort:cf5 起飞前预检失败（电压或 EKF 对齐）,,,,,
3.516046680000727,1788684528.2103841,control,aborted,1,1,0.0009403800004292862,4.122580528259277,4122.0,0,90.0,3.4523129580002205,4.122580528259277,1,1,0,1.0187793716120355,-0.313621461391449,0.3157504200935364,0.04025385528802872,-0.0001038053014781326,-0.00782552920281887,-0.010377155616879463,-3.3415796756744385,-11.597806930541992,-18.240737915039062,-0.06924477219581604,-0.30136293172836304,0.12806706130504608,-0.005815892470149896,-0.01183544382615144,-0.5957040032196114,-0.313621461391449,0.3157504200935364,0.04025385528802872,-0.5957040032196114,0.0,0.0,0.0,0.0,0.0,0.0,-0.00470680438490702,-0.015918652929413253,-0.025713329042085644,0.0,0.0,0.0,-0.005815892470149896,-0.01183544382615144,-0.5957040032196114,0.0,0.0,0.0,0.0,0.0,0.0,zero,0.0,0.0,0.0,0.0,-0.00470680438490702,-0.015918652929413253,-0.025713329042085644,0.16524465127162066,0.3752338293443188,0.6595185308609606,1,0.0015897750854492188,,,,,,,,,,,,,,,,,,,,,,3.516046680000727,4,radio://0/80/2M/E7E7E7E704,2.0943951023931953,aborted,cf5 起飞前预检失败（电压或 EKF 对齐）,0.0,0.0,0.0,0,0.0,global_abort:cf5 起飞前预检失败（电压或 EKF 对齐）,,,,,
3.516046680000727,1788684528.2105,control,aborted,1,1,0.000173471000380232,3.763636350631714,3763.0,0,10.0,3.42459140200026,nan,1,0,1,1.0,-0.28663355112075806,-0.4440845251083374,0.03559701144695282,0.003961251117289066,-0.01387055590748787,-0.011555775068700314,1.643701434135437,-3.9681758880615234,-7.948271751403809,0.1820375919342041,0.41811051964759827,-0.0055810753256082535,-0.0034124304186651843,-0.049283197585606446,0.9682614444762834,-0.28663355112075806,-0.4440845251083374,0.03559701144695282,0.9682614444762834,0.0,0.0,0.0,0.0,0.0,0.0,-0.0058542379313747455,-0.00613059380063359,-0.010183710296187982,0.0,0.0,0.0,-0.0034124304186651843,-0.049283197585606446,0.9682614444762834,0.0,0.0,0.0,0.0,0.0,0.0,zero,0.0,0.0,0.0,0.0,-0.0058542379313747455,-0.00613059380063359,-0.010183710296187982,-2.3054540102346315,0.3876421059794666,4.037778661506318,1,0.0007698535919189453,,,,,,,,,,,,,,,,,,,,,,3.516046680000727,5,radio://0/80/2M/E7E7E7E705,4.1887902047863905,aborted,cf5 起飞前预检失败（电压或 EKF 对齐）,0.0,0.0,0.0,0,0.0,global_abort:cf5 起飞前预检失败（电压或 EKF 对齐）,,,,,
3.530322309999974,1788684528.224487,control,aborted,1,1,0.0052704889994856785,4.170087814331055,4170.0,0,90.0,3.4969849269991755,4.170087814331055,1,1,0,1.0071730349577168,0.3747749626636505,0.003637926187366247,0.0458512008190155,0.007935053668916225,0.006841712165623903,0.0070914919488132,4.062279224395752,6.213425636291504,5.686915397644043,0.14025945961475372,0.18289799988269806,-0.012359870597720146,-0.0350378453942216,0.0020860142546671053,3.1247961485815847,0.3747749626636505,0.003637926187366247,0.0458512008190155,3.1247961485815847,0.0,0.0,0.0,0.0,0.0,0.0,0.0048566052031720945,0.01372645910611811,0.004071960567367142,0.0,0.0,0.0,-0.0350378453942216,0.0020860142546671053,3.1247961485815847,0.0,0.0,0.0,0.0,0.0,0.0,zero,0.0,0.0,0.0,0.0,0.0048566052031720945,0.01372645910611811,0.004071960567367142,-0.1172626812797246,-0.17253126988703885,-0.37253668561565056,1,0.005980491638183594,,,,,,,,,,,,,,,,,,,,,,3.530322309999974,2,radio://0/80/2M/E7E7E7E702,0.0,aborted,cf5 起飞前预检失败（电压或 EKF 对齐）,0.0,0.0,0.0,0,0.0,global_abort:cf5 起飞前预检失败（电压或 EKF 对齐）,,,,,
3.530322309999974,1788684528.2246318,control,aborted,1,1,0.005545624999285792,4.122580528259277,4122.0,0,90.0,3.4665885879994676,4.122580528259277,1,1,0,1.0187793716120355,-0.31363528966903687,0.31570401787757874,0.040180306881666183,-0.006409095600247383,-0.004171420820057392,-0.01236340869218111,-3.567289113998413,-6.702603816986084,-12.276429176330566,-0.14555498957633972,-0.18703091144561768,0.1605980098247528,-0.007553893865604465,-0.01106104585495825,-0.5958679776242374,-0.31363528966903687,0.31570401787757874,0.040180306881666183,-0.5958679776242374,0.0,0.0,0.0,0.0,0.0,0.0,-0.00037079318188877044,-0.004422470195694236,-0.0062833891476858205,0.0,0.0,0.0,-0.007553893865604465,-0.01106104585495825,-0.5958679776242374,0.0,0.0,0.0,0.0,0.0,0.0,zero,0.0,0.0,0.0,0.0,-0.00037079318188877044,-0.004422470195694236,-0.0062833891476858205,0.1445683514480079,0.5156717309609544,0.8182075425011124,1,0.006125211715698242,,,,,,,,,,,,,,,,,,,,,,3.530322309999974,4,radio://0/80/2M/E7E7E7E704,2.0943951023931953,aborted,cf5 起飞前预检失败（电压或 EKF 对齐）,0.0,0.0,0.0,0,0.0,global_abort:cf5 起飞前预检失败（电压或 EKF 对齐）,,,,,
3.530322309999974,1788684528.2248626,control,aborted,1,1,0.00500386499970773,3.763636350631714,3763.0,0,10.0,3.438867031999507,nan,1,0,1,1.0,-0.28663989901542664,-0.44405072927474976,0.03564125671982765,0.0030243401415646076,-0.010326280258595943,-0.008236325345933437,1.2936102151870728,-3.09377121925354,-6.282971382141113,0.13258735835552216,0.3496731221675873,-0.00021604867652058601,-0.003993774174664998,-0.04861618808266914,0.9684456661947233,-0.28663989901542664,-0.44405072927474976,0.03564125671982765,0.9684456661947233,0.0,0.0,0.0,0.0,0.0,0.0,-0.006212895234572314,-0.0063909387855211105,-0.007971680901063889,0.0,0.0,0.0,-0.003993774174664998,-0.04861618808266914,0.9684456661947233,0.0,0.0,0.0,0.0,0.0,0.0,zero,0.0,0.0,0.0,0.0,-0.006212895234572314,-0.0063909387855211105,-0.007971680901063889,-0.040865984663029396,-0.029664122449639153,0.25204215424972337,1,0.006356000900268555,,,,,,,,,,,,,,,,,,,,,,3.530322309999974,5,radio://0/80/2M/E7E7E7E705,4.1887902047863905,aborted,cf5 起飞前预检失败（电压或 EKF 对齐）,0.0,0.0,0.0,0,0.0,global_abort:cf5 起飞前预检失败（电压或 EKF 对齐）,,,,,
3.5446120470005553,1788684528.2387817,control,aborted,1,1,0.019560226000066905,4.170087814331055,4170.0,0,90.0,3.5112746639997567,4.170087814331055,1,1,0,1.0071730349577168,0.3747749626636505,0.003637926187366247,0.0458512008190155,0.007935053668916225,0.006841712165623903,0.0070914919488132,4.062279224395752,6.213425636291504,5.686915397644043,0.14025945961475372,0.18289799988269806,-0.012359870597720146,-0.0350378453942216,0.0020860142546671053,3.1247961485815847,0.3747749626636505,0.003637926187366247,0.0458512008190155,3.1247961485815847,0.0,0.0,0.0,0.0,0.0,0.0,0.0048566052031720945,0.01372645910611811,0.004071960567367142,0.0,0.0,0.0,-0.0350378453942216,0.0020860142546671053,3.1247961485815847,0.0,0.0,0.0,0.0,0.0,0.0,zero,0.0,0.0,0.0,0.0,0.0048566052031720945,0.01372645910611811,0.004071960567367142,-0.1172626812797246,-0.17253126988703885,-0.37253668561565056,1,0.020275115966796875,,,,,,,,,,,,,,,,,,,,,,3.5446120470005553,2,radio://0/80/2M/E7E7E7E702,0.0,aborted,cf5 起飞前预检失败（电压或 EKF 对齐）,0.0,0.0,0.0,0,0.0,global_abort:cf5 起飞前预检失败（电压或 EKF 对齐）,,,,,
3.5446120470005553,1788684528.2389488,control,aborted,1,1,0.01983536199986702,4.122580528259277,4122.0,0,90.0,3.480878325000049,4.122580528259277,1,1,0,1.0187793716120355,-0.31363528966903687,0.31570401787757874,0.040180306881666183,-0.006409095600247383,-0.004171420820057392,-0.01236340869218111,-3.567289113998413,-6.702603816986084,-12.276429176330566,-0.14555498957633972,-0.18703091144561768,0.1605980098247528,-0.007553893865604465,-0.01106104585495825,-0.5958679776242374,-0.31363528966903687,0.31570401787757874,0.040180306881666183,-0.5958679776242374,0.0,0.0,0.0,0.0,0.0,0.0,-0.00037079318188877044,-0.004422470195694236,-0.0062833891476858205,0.0,0.0,0.0,-0.007553893865604465,-0.01106104585495825,-0.5958679776242374,0.0,0.0,0.0,0.0,0.0,0.0,zero,0.0,0.0,0.0,0.0,-0.00037079318188877044,-0.004422470195694236,-0.0062833891476858205,0.1445683514480079,0.5156717309609544,0.8182075425011124,1,0.02044224739074707,,,,,,,,,,,,,,,,,,,,,,3.5446120470005553,4,radio://0/80/2M/E7E7E7E704,2.0943951023931953,aborted,cf5 起飞前预检失败（电压或 EKF 对齐）,0.0,0.0,0.0,0,0.0,global_abort:cf5 起飞前预检失败（电压或 EKF 对齐）,,,,,
3.5446120470005553,1788684528.2390637,control,aborted,1,1,0.019293602000288956,3.763636350631714,3763.0,0,10.0,3.4531567690000884,nan,1,0,1,1.0,-0.28663989901542664,-0.44405072927474976,0.03564125671982765,0.0030243401415646076,-0.010326280258595943,-0.008236325345933437,1.2936102151870728,-3.09377121925354,-6.282971382141113,0.13258735835552216,0.3496731221675873,-0.00021604867652058601,-0.003993774174664998,-0.04861618808266914,0.9684456661947233,-0.28663989901542664,-0.44405072927474976,0.03564125671982765,0.9684456661947233,0.0,0.0,0.0,0.0,0.0,0.0,-0.006212895234572314,-0.0063909387855211105,-0.007971680901063889,0.0,0.0,0.0,-0.003993774174664998,-0.04861618808266914,0.9684456661947233,0.0,0.0,0.0,0.0,0.0,0.0,zero,0.0,0.0,0.0,0.0,-0.006212895234572314,-0.0063909387855211105,-0.007971680901063889,-0.040865984663029396,-0.029664122449639153,0.25204215424972337,1,0.020557165145874023,,,,,,,,,,,,,,,,,,,,,,3.5446120470005553,5,radio://0/80/2M/E7E7E7E705,4.1887902047863905,aborted,cf5 起飞前预检失败（电压或 EKF 对齐）,0.0,0.0,0.0,0,0.0,global_abort:cf5 起飞前预检失败（电压或 EKF 对齐）,,,,,
3.5589981880002597,1788684528.2531667,control,aborted,1,1,0.0029862740002499777,4.170087814331055,4170.0,0,90.0,3.525660804999461,4.170087814331055,1,1,0,1.0071730349577168,0.3747270405292511,0.003627798520028591,0.0458054281771183,0.002461286960169673,0.008517666719853878,-0.004001883789896965,1.6657054424285889,3.88934588432312,1.563900113105774,0.17715533077716827,0.19604909420013428,-0.10091497004032135,-0.034675634158035144,0.0018769403335251555,3.1251640054959244,0.3747270405292511,0.003627798520028591,0.0458054281771183,3.1251640054959244,0.0,0.0,0.0,0.0,0.0,0.0,0.006910876906892593,0.005114219738961397,0.004156155387620946,0.0,0.0,0.0,-0.034675634158035144,0.0018769403335251555,3.1251640054959244,0.0,0.0,0.0,0.0,0.0,0.0,zero,0.0,0.0,0.0,0.0,0.006910876906892593,0.005114219738961397,0.004156155387620946,0.005214381316127654,-0.15830885861042582,-0.0809720862372533,1,0.0037446022033691406,,,,,,,,,,,,,,,,,,,,,,3.5589981880002597,2,radio://0/80/2M/E7E7E7E702,0.0,aborted,cf5 起飞前预检失败（电压或 EKF 对齐）,0.0,0.0,0.0,0,0.0,global_abort:cf5 起飞前预检失败（电压或 EKF 对齐）,,,,,
3.5589981880002597,1788684528.2533045,control,aborted,1,1,0.00341768599992065,4.122580528259277,4122.0,0,90.0,3.495264465999753,4.122580528259277,1,1,0,1.0187793716120355,-0.3136879503726959,0.31571653485298157,0.04019497334957123,-0.007318311370909214,0.003600427880883217,-0.009019329212605953,-2.25465726852417,-2.319521903991699,-6.392217636108398,-0.020395584404468536,-0.1301843523979187,0.1327526867389679,-0.006497829405344403,-0.011799276745943775,-0.5958452965701654,-0.3136879503726959,0.31571653485298157,0.04019497334957123,-0.5958452965701654,0.0,0.0,0.0,0.0,0.0,0.0,-0.007102958080305016,0.0002671621532959788,-0.008080095761006439,0.0,0.0,0.0,-0.006497829405344403,-0.011799276745943775,-0.5958452965701654,0.0,0.0,0.0,0.0,0.0,0.0,zero,0.0,0.0,0.0,0.0,-0.007102958080305016,0.0002671621532959788,-0.008080095761006439,-0.17473050481436136,0.15555347486269963,-0.06675543810182136,1,0.0038824081420898438,,,,,,,,,,,,,,,,,,,,,,3.5589981880002597,4,radio://0/80/2M/E7E7E7E704,2.0943951023931953,aborted,cf5 起飞前预检失败（电压或 EKF 对齐）,0.0,0.0,0.0,0,0.0,global_abort:cf5 起飞前预检失败（电压或 EKF 对齐）,,,,,
3.5589981880002597,1788684528.2534132,control,aborted,1,1,0.0031605439999111695,3.763636350631714,3763.0,0,10.0,3.4675429099997928,nan,1,0,1,1.0,-0.28661757707595825,-0.44401517510414124,0.03562060371041298,-0.0002915679942816496,-0.008520292118191719,-0.00906872283667326,0.1830873191356659,-1.974078893661499,-3.7714056968688965,0.118696428835392,0.23562413454055786,-0.07092168927192688,-0.0042015597466125345,-0.04864583532347239,0.9685909270352075,-0.28661757707595825,-0.44401517510414124,0.03562060371041298,0.9685909270352075,0.0,0.0,0.0,0.0,0.0,0.0,0.003850398410790379,-0.011415463552520653,-0.007456718096240225,0.0,0.0,0.0,-0.0042015597466125345,-0.04864583532347239,0.9685909270352075,0.0,0.0,0.0,0.0,0.0,0.0,zero,0.0,0.0,0.0,0.0,0.003850398410790379,-0.011415463552520653,-0.007456718096240225,0.19351915975436274,-0.10743094277795186,-0.0150448865264548,1,0.003991127014160156,,,,,,,,,,,,,,,,,,,,,,3.5589981880002597,5,radio://0/80/2M/E7E7E7E705,4.1887902047863905,aborted,cf5 起飞前预检失败（电压或 EKF 对齐）,0.0,0.0,0.0,0,0.0,global_abort:cf5 起飞前预检失败（电压或 EKF 对齐）,,,,,
3.5731779610005105,1788684528.2673428,control,aborted,1,1,0.007915551999758463,4.170087814331055,4170.0,0,90.0,3.539840577999712,4.170087814331055,1,1,0,1.0071730349577168,0.3747309148311615,0.0036407127045094967,0.04584386572241783,0.0020511022303253412,0.0070877051912248135,-0.0023872533347457647,1.323875069618225,3.0811846256256104,1.2853240966796875,0.14829552173614502,0.15191826224327087,-0.08794844150543213,-0.03436601478137794,0.0016330200426612465,3.1248315668423454,0.3747309148311615,0.0036407127045094967,0.04584386572241783,3.1248315668423454,0.0,0.0,0.0,0.0,0.0,0.0,0.006337188152431661,0.0047852459164047685,0.0026428075438399094,0.0,0.0,0.0,-0.03436601478137794,0.0016330200426612465,3.1248315668423454,0.0,0.0,0.0,0.0,0.0,0.0,zero,0.0,0.0,0.0,0.0,0.006337188152431661,0.0047852459164047685,0.0026428075438399094,-0.06076325852501278,-0.03484384393546861,-0.16028891198389333,1,0.00847935676574707,,,,,,,,,,,,,,,,,,,,,,3.5731779610005105,2,radio://0/80/2M/E7E7E7E702,0.0,aborted,cf5 起飞前预检失败（电压或 EKF 对齐）,0.0,0.0,0.0,0,0.0,global_abort:cf5 起飞前预检失败（电压或 EKF 对齐）,,,,,
3.5731779610005105,1788684528.2674768,control,aborted,1,1,0.008180361000086123,4.122580528259277,4122.0,0,90.0,3.509444239000004,4.122580528259277,1,1,0,1.0187793716120355,-0.31369146704673767,0.3157521188259125,0.040225785225629807,-0.005929145496338606,0.0036341464146971703,-0.0065627507865428925,-1.774298071861267,-1.854903221130371,-5.061734676361084,-0.006801506504416466,-0.1065550148487091,0.10669457912445068,-0.006048950898984175,-0.011912777457054293,-0.595821391283534,-0.31369146704673767,0.3157521188259125,0.040225785225629807,-0.595821391283534,0.0,0.0,0.0,0.0,0.0,0.0,-0.008080177207550885,0.001636989991403086,-0.008529633600387426,0.0,0.0,0.0,-0.006048950898984175,-0.011912777457054293,-0.595821391283534,0.0,0.0,0.0,0.0,0.0,0.0,zero,0.0,0.0,0.0,0.0,-0.008080177207550885,0.001636989991403086,-0.008529633600387426,-0.10350389126979445,0.1450877368859594,-0.04761359489563204,1,0.008613348007202148,,,,,,,,,,,,,,,,,,,,,,3.5731779610005105,4,radio://0/80/2M/E7E7E7E704,2.0943951023931953,aborted,cf5 起飞前预检失败（电压或 EKF 对齐）,0.0,0.0,0.0,0,0.0,global_abort:cf5 起飞前预检失败（电压或 EKF 对齐）,,,,,
3.5731779610005105,1788684528.2675867,control,aborted,1,1,0.007721900999968057,3.763636350631714,3763.0,0,10.0,3.4817226830000436,nan,1,0,1,1.0,-0.28664302825927734,-0.4440545439720154,0.035660989582538605,-0.0007724074530415237,-0.0076502165757119656,-0.00639945175498724,0.13628384470939636,-1.5608315467834473,-2.9605793952941895,0.0961940735578537,0.17513926327228546,-0.0630544051527977,-0.004128687194531809,-0.049277747532451094,0.9682950061498,-0.28664302825927734,-0.4440545439720154,0.035660989582538605,0.9682950061498,0.0,0.0,0.0,0.0,0.0,0.0,0.004261921099860831,-0.011689390551655469,-0.0077441474442415574,0.0,0.0,0.0,-0.004128687194531809,-0.049277747532451094,0.9682950061498,0.0,0.0,0.0,0.0,0.0,0.0,zero,0.0,0.0,0.0,0.0,0.004261921099860831,-0.011689390551655469,-0.0077441474442415574,0.043587153051993746,-0.0290134623277564,-0.030443587475741916,1,0.008723258972167969,,,,,,,,,,,,,,,,,,,,,,3.5731779610005105,5,radio://0/80/2M/E7E7E7E705,4.1887902047863905,aborted,cf5 起飞前预检失败（电压或 EKF 对齐）,0.0,0.0,0.0,0,0.0,global_abort:cf5 起飞前预检失败（电压或 EKF 对齐）,,,,,
3.5875062750001234,1788684528.2817087,control,aborted,1,1,0.0022935509996386827,4.170087814331055,4170.0,0,90.0,3.554168891999325,4.170087814331055,1,1,0,1.0071730349577168,0.3747406601905823,0.0036185455974191427,0.045837122946977615,0.001515549374744296,0.003989191725850105,-0.001565613434650004,0.8382433652877808,1.9130947589874268,0.8392605185508728,0.0994037464261055,0.11138784140348434,-0.048848532140254974,-0.034122524630234546,0.0024812225136208606,3.1251131356647615,0.3747406601905823,0.0036185455974191427,0.045837122946977615,3.1251131356647615,0.0,0.0,0.0,0.0,0.0,0.0,0.0043816117383172395,0.005183841707210993,-0.0002817593573976717,0.0,0.0,0.0,-0.034122524630234546,0.0024812225136208606,3.1251131356647615,0.0,0.0,0.0,0.0,0.0,0.0,zero,0.0,0.0,0.0,0.0,0.0043816117383172395,0.005183841707210993,-0.0002817593573976717,-0.10336287566987878,0.02325127671809047,-0.13243934126145995,1,0.003033161163330078,,,,,,,,,,,,,,,,,,,,,,3.5875062750001234,2,radio://0/80/2M/E7E7E7E702,0.0,aborted,cf5 起飞前预检失败（电压或 EKF 对齐）,0.0,0.0,0.0,0,0.0,global_abort:cf5 起飞前预检失败（电压或 EKF 对齐）,,,,,
3.5875062750001234,1788684528.2819474,control,aborted,1,1,0.002712007999434718,4.122580528259277,4122.0,0,90.0,3.523772552999617,4.122580528259277,1,1,0,1.0187793716120355,-0.3136667013168335,0.3157464563846588,0.04021965712308884,-0.0033786699641495943,0.0021416782401502132,-0.00425797188654542,-1.0905250310897827,-1.2157570123672485,-3.1969306468963623,0.004432504065334797,-0.06582263112068176,0.06564262509346008,-0.005672837509274379,-0.011669651298930104,-0.595960415418865,-0.3136667013168335,0.3157464563846588,0.04021965712308884,-0.595960415418865,0.0,0.0,0.0,0.0,0.0,0.0,-0.007856139793984264,0.0032647562399876966,-0.008118514740787737,0.0,0.0,0.0,-0.005672837509274379,-0.011669651298930104,-0.595960415418865,0.0,0.0,0.0,0.0,0.0,0.0,zero,0.0,0.0,0.0,0.0,-0.007856139793984264,0.0032647562399876966,-0.008118514740787737,0.04461143712917589,0.060583159423843305,0.04326995447664156,1,0.003271818161010742,,,,,,,,,,,,,,,,,,,,,,3.5875062750001234,4,radio://0/80/2M/E7E7E7E704,2.0943951023931953,aborted,cf5 起飞前预检失败（电压或 EKF 对齐）,0.0,0.0,0.0,0,0.0,global_abort:cf5 起飞前预检失败（电压或 EKF 对齐）,,,,,
3.5875062750001234,1788684528.2821493,control,aborted,1,1,0.002512111000214645,3.763636350631714,3763.0,0,10.0,3.4960509969996565,nan,1,0,1,1.0,-0.28666502237319946,-0.44407060742378235,0.03561066463589668,-0.0009608776308596134,-0.00515616312623024,-0.004946345463395119,0.08233687281608582,-0.9534408450126648,-1.8672523498535156,0.08337081223726273,0.13785287737846375,-0.03581700101494789,-0.0031302194079796826,-0.048164206235734065,0.9686506649948861,-0.28666502237319946,-0.44407060742378235,0.03561066463589668,0.9686506649948861,0.0,0.0,0.0,0.0,0.0,0.0,0.0029138338096923507,-0.010323674129760724,-0.007531000314483261,0.0,0.0,0.0,-0.0031302194079796826,-0.048164206235734065,0.9686506649948861,0.0,0.0,0.0,0.0,0.0,0.0,zero,0.0,0.0,0.0,0.0,0.0029138338096923507,-0.010323674129760724,-0.007531000314483261,-0.08933128173680137,0.09343560838292334,0.02604910914278101,1,0.0034737586975097656,,,,,,,,,,,,,,,,,,,,,,3.5875062750001234,5,radio://0/80/2M/E7E7E7E705,4.1887902047863905,aborted,cf5 起飞前预检失败（电压或 EKF 对齐）,0.0,0.0,0.0,0,0.0,global_abort:cf5 起飞前预检失败（电压或 EKF 对齐）,,,,,
3.601824014000158,1788684528.2960358,control,aborted,1,1,0.006370653999510978,4.170087814331055,4170.0,0,90.0,3.5684866309993595,4.170087814331055,1,1,0,1.0071730349577168,0.37473246455192566,0.003617940004914999,0.045794762670993805,0.0010561245726421475,0.0031798030249774456,-0.002060426166281104,0.6618320941925049,1.5150383710861206,0.661970853805542,0.05480682849884033,0.08975303918123245,-0.04558103531599045,-0.03541925494687368,0.002503050711450419,3.124771256203093,0.37473246455192566,0.003617940004914999,0.045794762670993805,3.124771256203093,0.0,0.0,0.0,0.0,0.0,0.0,0.0033661134587439734,0.005177684610438849,-0.001240142620703549,0.0,0.0,0.0,-0.03541925494687368,0.002503050711450419,3.124771256203093,0.0,0.0,0.0,0.0,0.0,0.0,zero,0.0,0.0,0.0,0.0,0.0033661134587439734,0.005177684610438849,-0.001240142620703549,-0.096853093571805,-0.0005872327721261082,-0.09140575197982796,1,0.006875276565551758,,,,,,,,,,,,,,,,,,,,,,3.601824014000158,2,radio://0/80/2M/E7E7E7E702,0.0,aborted,cf5 起飞前预检失败（电压或 EKF 对齐）,0.0,0.0,0.0,0,0.0,global_abort:cf5 起飞前预检失败（电压或 EKF 对齐）,,,,,
3.601824014000158,1788684528.2962732,control,aborted,1,1,0.006169104000036896,4.122580528259277,4122.0,0,90.0,3.5380902919996515,4.122580528259277,1,1,0,1.0187793716120355,-0.3136608898639679,0.3157462477684021,0.04018956795334816,-0.002592094475403428,0.0017093636561185122,-0.003980266861617565,-0.8574177026748657,-0.9808511734008789,-2.5522477626800537,-0.019183436408638954,-0.04322117567062378,0.05052236467599869,-0.006863320331102192,-0.011175535455710948,-0.5960679869741619,-0.3136608898639679,0.3157462477684021,0.04018956795334816,-0.5960679869741619,0.0,0.0,0.0,0.0,0.0,0.0,-0.0069143203409025656,0.0034363164352237442,-0.007321181276461955,0.0,0.0,0.0,-0.006863320331102192,-0.011175535455710948,-0.5960679869741619,0.0,0.0,0.0,0.0,0.0,0.0,zero,0.0,0.0,0.0,0.0,-0.0069143203409025656,0.0034363164352237442,-0.007321181276461955,0.08982597947423376,0.016362544355443428,0.07604563609967672,1,0.007112741470336914,,,,,,,,,,,,,,,,,,,,,,3.601824014000158,4,radio://0/80/2M/E7E7E7E704,2.0943951023931953,aborted,cf5 起飞前预检失败（电压或 EKF 对齐）,0.0,0.0,0.0,0,0.0,global_abort:cf5 起飞前预检失败（电压或 EKF 对齐）,,,,,
3.601824014000158,1788684528.2964814,control,aborted,1,1,0.005962535999969987,3.763636350631714,3763.0,0,10.0,3.510368735999691,nan,1,0,1,1.0,-0.2865966260433197,-0.4440979063510895,0.03565260022878647,0.0005358174676075578,-0.0046456013806164265,-0.0031572412699460983,0.09441588819026947,-0.7530148029327393,-1.4596784114837646,0.047763992100954056,0.08909671753644943,-0.04000150039792061,-0.004094046193510761,-0.049277116428706684,0.9680589771059479,-0.2865966260433197,-0.4440979063510895,0.03565260022878647,0.9680589771059479,0.0,0.0,0.0,0.0,0.0,0.0,0.001908393793001022,-0.009042734440685716,-0.006954765833217845,0.0,0.0,0.0,-0.004094046193510761,-0.049277116428706684,0.9680589771059479,0.0,0.0,0.0,0.0,0.0,0.0,zero,0.0,0.0,0.0,0.0,0.001908393793001022,-0.009042734440685716,-0.006954765833217845,-0.09589378729264177,0.12216955366773691,0.05495833253085608,1,0.007320880889892578,,,,,,,,,,,,,,,,,,,,,,3.601824014000158,5,radio://0/80/2M/E7E7E7E705,4.1887902047863905,aborted,cf5 起飞前预检失败（电压或 EKF 对齐）,0.0,0.0,0.0,0,0.0,global_abort:cf5 起飞前预检失败（电压或 EKF 对齐）,,,,,
3.6161598200005756,1788684528.310419,control,aborted,1,1,0.010656460000063817,4.170087814331055,4170.0,0,90.0,3.582822436999777,4.170087814331055,1,1,0,1.0071730349577168,0.37472739815711975,0.003621297888457775,0.04583286494016647,0.0007417179876938462,0.00261222873814404,-0.0008723541395738721,0.523062527179718,1.2004716396331787,0.5537728667259216,0.05928933247923851,0.06815152615308762,-0.045608583837747574,-0.03466199757172937,0.0023081660883998937,3.1243288373633464,0.37472739815711975,0.003621297888457775,0.04583286494016647,3.1243288373633464,0.0,0.0,0.0,0.0,0.0,0.0,0.002492260986656594,0.004899779848765873,-0.001817373508928299,0.0,0.0,0.0,-0.03466199757172937,0.0023081660883998937,3.1243288373633464,0.0,0.0,0.0,0.0,0.0,0.0,zero,0.0,0.0,0.0,0.0,0.002492260986656594,0.004899779848765873,-0.001817373508928299,-0.08898715448883128,-0.028299918750704357,-0.05878124267759109,1,0.011438608169555664,,,,,,,,,,,,,,,,,,,,,,3.6161598200005756,2,radio://0/80/2M/E7E7E7E702,0.0,aborted,cf5 起飞前预检失败（电压或 EKF 对齐）,0.0,0.0,0.0,0,0.0,global_abort:cf5 起飞前预检失败（电压或 EKF 对齐）,,,,,
3.6161598200005756,1788684528.3107533,control,aborted,1,1,0.010456091000378365,4.122580528259277,4122.0,0,90.0,3.552426098000069,4.122580528259277,1,1,0,1.0187793716120355,-0.3136098384857178,0.3157618045806885,0.04021907597780228,-0.001033968641422689,0.0016843194607645273,-0.002583256224170327,-0.6542015671730042,-0.785190999507904,-2.0133469104766846,-0.004633590579032898,-0.04244738817214966,0.05279362201690674,-0.006344221943976645,-0.01155796590253187,-0.5954577056671487,-0.3136098384857178,0.3157618045806885,0.04021907597780228,-0.5954577056671487,0.0,0.0,0.0,0.0,0.0,0.0,-0.0057628570675593155,0.0032992064103348766,-0.006374949725764482,0.0,0.0,0.0,-0.006344221943976645,-0.01155796590253187,-0.5954577056671487,0.0,0.0,0.0,0.0,0.0,0.0,zero,0.0,0.0,0.0,0.0,-0.0057628570675593155,0.0032992064103348766,-0.006374949725764482,0.11725713832273203,-0.013962346456042465,0.09635774444053159,1,0.011772871017456055,,,,,,,,,,,,,,,,,,,,,,3.6161598200005756,4,radio://0/80/2M/E7E7E7E704,2.0943951023931953,aborted,cf5 起飞前预检失败（电压或 EKF 对齐）,0.0,0.0,0.0,0,0.0,global_abort:cf5 起飞前预检失败（电压或 EKF 对齐）,,,,,
3.6161598200005756,1788684528.3109834,control,aborted,1,1,0.010966419999931531,3.763636350631714,3763.0,0,10.0,3.5247045420001086,nan,1,0,1,1.0,-0.28665295243263245,-0.444072961807251,0.035655610263347626,-0.0007184833521023393,-0.003208463080227375,-0.0024644911754876375,0.04998775199055672,-0.5731432437896729,-1.1536343097686768,0.041554808616638184,0.07510487735271454,-0.030954817309975624,-0.003932362443871342,-0.04908897644482328,0.9681096188820805,-0.28665295243263245,-0.444072961807251,0.035655610263347626,0.9681096188820805,0.0,0.0,0.0,0.0,0.0,0.0,0.0010702481008167137,-0.007690948519375938,-0.0061424278172676275,0.0,0.0,0.0,-0.003932362443871342,-0.04908897644482328,0.9681096188820805,0.0,0.0,0.0,0.0,0.0,0.0,zero,0.0,0.0,0.0,0.0,0.0010702481008167137,-0.007690948519375938,-0.0061424278172676275,-0.08535102042612928,0.1376566256408004,0.08272294332456206,1,0.012002944946289062,,,,,,,,,,,,,,,,,,,,,,3.6161598200005756,5,radio://0/80/2M/E7E7E7E705,4.1887902047863905,aborted,cf5 起飞前预检失败（电压或 EKF 对齐）,0.0,0.0,0.0,0,0.0,global_abort:cf5 起飞前预检失败（电压或 EKF 对齐）,,,,,
3.6303788760005773,1788684528.3246565,control,aborted,1,1,0.004678023999986181,4.170087814331055,4170.0,0,90.0,3.5970414929997787,4.170087814331055,1,1,0,1.0071730349577168,0.3747206926345825,0.003651910927146673,0.045808397233486176,0.004802095703780651,-0.011786669492721558,-0.07039619237184525,8.681333541870117,-26.916032791137695,-135.23793029785156,-0.11220553517341614,-1.3220491409301758,0.22444374859333038,-0.03501378003013373,0.002424518054731988,3.124876223350364,0.3747206926345825,0.003651910927146673,0.045808397233486176,3.124876223350364,0.0,0.0,0.0,0.0,0.0,0.0,0.00035762892848880323,0.002692842937204765,-0.0014818165456740302,0.0,0.0,0.0,-0.03501378003013373,0.002424518054731988,3.124876223350364,0.0,0.0,0.0,0.0,0.0,0.0,zero,0.0,0.0,0.0,0.0,0.00035762892848880323,0.002692842937204765,-0.0014818165456740302,-10.329395702234805,-10.679781629415258,1.6221098612134701,1,0.005562782287597656,,,,,,,,,,,,,,,,,,,,,,3.6303788760005773,2,radio://0/80/2M/E7E7E7E702,0.0,aborted,cf5 起飞前预检失败（电压或 EKF 对齐）,0.0,0.0,0.0,0,0.0,global_abort:cf5 起飞前预检失败（电压或 EKF 对齐）,,,,,
3.6303788760005773,1788684528.3249073,control,aborted,1,1,0.004107615000066289,4.122580528259277,4122.0,0,90.0,3.5666451540000708,4.122580528259277,1,1,0,1.0187793716120355,-0.31363561749458313,0.31577712297439575,0.040276188403367996,-0.07840025424957275,0.07008610665798187,0.1874535232782364,-151.3589630126953,133.3939666748047,367.5901794433594,0.0919402465224266,1.0996814966201782,-0.9304893612861633,-0.006309832480400524,-0.01132295597074972,-0.5959486684800553,-0.31363561749458313,0.31577712297439575,0.040276188403367996,-0.5959486684800553,0.0,0.0,0.0,0.0,0.0,0.0,-0.0009411670088318178,0.001586061300115042,-0.002567938813330485,0.0,0.0,0.0,-0.006309832480400524,-0.01132295597074972,-0.5959486684800553,0.0,0.0,0.0,0.0,0.0,0.0,zero,0.0,0.0,0.0,0.0,-0.0009411670088318178,0.001586061300115042,-0.002567938813330485,23.33032696384052,-8.288253773774917,18.426931863007365,1,0.0058135986328125,,,,,,,,,,,,,,,,,,,,,,3.6303788760005773,4,radio://0/80/2M/E7E7E7E704,2.0943951023931953,aborted,cf5 起飞前预检失败（电压或 EKF 对齐）,0.0,0.0,0.0,0,0.0,global_abort:cf5 起飞前预检失败（电压或 EKF 对齐）,,,,,
3.6303788760005773,1788684528.3251193,control,aborted,1,1,0.0042606450006132945,3.763636350631714,3763.0,0,10.0,3.5389235980001104,nan,1,0,1,1.0,-0.2866699993610382,-0.4441063106060028,0.035630498081445694,-0.10620159655809402,-0.03523531183600426,-0.07164368778467178,-205.84518432617188,-63.49602508544922,-136.26699829101562,-0.8843914270401001,-0.22903944551944733,0.5370139479637146,-0.004923664637113071,-0.050859106514304926,0.9688936602343606,-0.2866699993610382,-0.4441063106060028,0.035630498081445694,0.9688936602343606,0.0,0.0,0.0,0.0,0.0,0.0,-0.0006824220323660554,-0.00292374592046644,-0.002242194620746113,0.0,0.0,0.0,-0.004923664637113071,-0.050859106514304926,0.9688936602343606,0.0,0.0,0.0,0.0,0.0,0.0,zero,0.0,0.0,0.0,0.0,-0.0006824220323660554,-0.00292374592046644,-0.002242194620746113,-8.483807393404488,23.067777645416065,18.871584111080537,1,0.006025552749633789,,,,,,,,,,,,,,,,,,,,,,3.6303788760005773,5,radio://0/80/2M/E7E7E7E705,4.1887902047863905,aborted,cf5 起飞前预检失败（电压或 EKF 对齐）,0.0,0.0,0.0,0,0.0,global_abort:cf5 起飞前预检失败（电压或 EKF 对齐）,,,,,
3.644670853000207,1788684528.3389204,control,aborted,1,1,0.009308146999501332,4.170087814331055,4170.0,0,90.0,3.6113334699994084,4.170087814331055,1,1,0,1.0071730349577168,0.3747369050979614,0.003648740239441395,0.0457991324365139,0.004185467958450317,-0.009496571496129036,-0.05651341751217842,6.931991100311279,-21.484264373779297,-107.89595794677734,-0.08821215480566025,-1.0610684156417847,0.16975626349449158,-0.03494164023372267,0.002246752861048003,3.1244200720041966,0.3747369050979614,0.003648740239441395,0.0457991324365139,3.1244200720041966,0.0,0.0,0.0,0.0,0.0,0.0,0.00019015559288830574,0.0007152937611263725,-0.0077241173209751145,0.0,0.0,0.0,-0.03494164023372267,0.002246752861048003,3.1244200720041966,0.0,0.0,0.0,0.0,0.0,0.0,zero,0.0,0.0,0.0,0.0,0.00019015559288830574,0.0007152937611263725,-0.0077241173209751145,-0.017756169904006802,-0.2096674019065295,-0.661832839005269,1,0.010394811630249023,,,,,,,,,,,,,,,,,,,,,,3.644670853000207,2,radio://0/80/2M/E7E7E7E702,0.0,aborted,cf5 起飞前预检失败（电压或 EKF 对齐）,0.0,0.0,0.0,0,0.0,global_abort:cf5 起飞前预检失败（电压或 EKF 对齐）,,,,,
3.644670853000207,1788684528.3391824,control,aborted,1,1,0.009932379999554541,4.122580528259277,4122.0,0,90.0,3.5809371309997005,4.122580528259277,1,1,0,1.0187793716120355,-0.313658744096756,0.31575807929039,0.04024941846728325,-0.0632106140255928,0.05566505715250969,0.1493951678276062,-120.76506805419922,106.40937042236328,293.2651062011719,0.06279508024454117,0.8715552687644958,-0.7505961656570435,-0.00681377260530855,-0.011711086091192004,-0.596238755176984,-0.313658744096756,0.31575807929039,0.04024941846728325,-0.596238755176984,0.0,0.0,0.0,0.0,0.0,0.0,-0.006763421957091852,0.007402642539218316,0.016049052477064563,0.0,0.0,0.0,-0.00681377260530855,-0.011711086091192004,-0.596238755176984,0.0,0.0,0.0,0.0,0.0,0.0,zero,0.0,0.0,0.0,0.0,-0.006763421957091852,0.007402642539218316,0.016049052477064563,-0.6172979580006789,0.6166964094412491,1.9738453245012415,1,0.01065683364868164,,,,,,,,,,,,,,,,,,,,,,3.644670853000207,4,radio://0/80/2M/E7E7E7E704,2.0943951023931953,aborted,cf5 起飞前预检失败（电压或 EKF 对齐）,0.0,0.0,0.0,0,0.0,global_abort:cf5 起飞前预检失败（电压或 EKF 对齐）,,,,,
3.644670853000207,1788684528.3394074,control,aborted,1,1,0.0095474669997202,3.763636350631714,3763.0,0,10.0,3.55321557499974,nan,1,0,1,1.0,-0.28661826252937317,-0.4440646469593048,0.03566545248031616,-0.08386418223381042,-0.02730475552380085,-0.05657372996211052,-164.2024688720703,-50.6286506652832,-108.69403839111328,-0.7061529755592346,-0.14261998236179352,0.4336836040019989,-0.004868647111465168,-0.048943033954049295,0.9690765414685977,-0.28661826252937317,-0.4440646469593048,0.03566545248031616,0.9690765414685977,0.0,0.0,0.0,0.0,0.0,0.0,-0.0108628000344322,-0.004532713330087198,-0.0075220809729352345,0.0,0.0,0.0,-0.004868647111465168,-0.048943033954049295,0.9690765414685977,0.0,0.0,0.0,0.0,0.0,0.0,zero,0.0,0.0,0.0,0.0,-0.0108628000344322,-0.004532713330087198,-0.0075220809729352345,-1.0793629973604157,-0.1705889393842766,-0.5597939445533934,1,0.010881900787353516,,,,,,,,,,,,,,,,,,,,,,3.644670853000207,5,radio://0/80/2M/E7E7E7E705,4.1887902047863905,aborted,cf5 起飞前预检失败（电压或 EKF 对齐）,0.0,0.0,0.0,0,0.0,global_abort:cf5 起飞前预检失败（电压或 EKF 对齐）,,,,,
3.658933908000108,1788684528.3531997,control,aborted,1,1,0.002577645999735978,4.170087814331055,4170.0,0,90.0,3.6255965249993096,4.170087814331055,1,1,0,1.0071730349577168,0.3747272193431854,0.0036140477750450373,0.04589651897549629,0.0032568180467933416,-0.007925194688141346,-0.044290170073509216,5.5368146896362305,-17.172557830810547,-86.20122528076172,-0.07158687710762024,-0.8395830988883972,0.1403760462999344,-0.03504801018604078,0.003243913108650966,3.124869031549144,0.3747272193431854,0.0036140477750450373,0.04589651897549629,3.124869031549144,0.0,0.0,0.0,0.0,0.0,0.0,0.002156946189769082,-0.005171096259056076,-0.03473399040661704,0.0,0.0,0.0,-0.03504801018604078,0.003243913108650966,3.124869031549144,0.0,0.0,0.0,0.0,0.0,0.0,zero,0.0,0.0,0.0,0.0,0.002156946189769082,-0.005171096259056076,-0.03473399040661704,0.0929542477143694,-0.27820193819677874,-1.276537745054428,1,0.003515481948852539,,,,,,,,,,,,,,,,,,,,,,3.658933908000108,2,radio://0/80/2M/E7E7E7E702,0.0,aborted,cf5 起飞前预检失败（电压或 EKF 对齐）,0.0,0.0,0.0,0,0.0,global_abort:cf5 起飞前预检失败（电压或 EKF 对齐）,,,,,
3.658933908000108,1788684528.35348,control,aborted,1,1,0.0027356699993106304,4.122580528259277,4122.0,0,90.0,3.5952001859996017,4.122580528259277,1,1,0,1.0187793716120355,-0.31365668773651123,0.31580331921577454,0.04027926176786423,-0.05054905265569687,0.04495968297123909,0.11979823559522629,-96.49237060546875,85.02629852294922,234.3323211669922,0.05708416923880577,0.7031614780426025,-0.5969222784042358,-0.006093551456517297,-0.011082689395596547,-0.5958667530692819,-0.31365668773651123,0.31580331921577454,0.04027926176786423,-0.5958667530692819,0.0,0.0,0.0,0.0,0.0,0.0,-0.037704136696155674,0.03428830673290457,0.09080402129474033,0.0,0.0,0.0,-0.006093551456517297,-0.011082689395596547,-0.5958667530692819,0.0,0.0,0.0,0.0,0.0,0.0,zero,0.0,0.0,0.0,0.0,-0.037704136696155674,0.03428830673290457,0.09080402129474033,-1.4623167646194122,1.2706673976318372,3.5330613743926795,1,0.0037958621978759766,,,,,,,,,,,,,,,,,,,,,,3.658933908000108,4,radio://0/80/2M/E7E7E7E704,2.0943951023931953,aborted,cf5 起飞前预检失败（电压或 EKF 对齐）,0.0,0.0,0.0,0,0.0,global_abort:cf5 起飞前预检失败（电压或 EKF 对齐）,,,,,
3.658933908000108,1788684528.3538187,control,aborted,1,1,0.0029202619998613955,3.763636350631714,3763.0,0,10.0,3.5674786299996413,nan,1,0,1,1.0,-0.28665584325790405,-0.444072961807251,0.035637266933918,-0.06744658201932907,-0.02192240208387375,-0.04552541300654411,-131.206787109375,-40.45204544067383,-86.85079193115234,-0.5476348996162415,-0.11519237607717514,0.3391197919845581,-0.0029992173869978736,-0.0490622794451982,0.9682479764268934,-0.28665584325790405,-0.444072961807251,0.035637266933918,0.9682479764268934,0.0,0.0,0.0,0.0,0.0,0.0,-0.0519501942294028,-0.01700683832157953,-0.03470436754347299,0.0,0.0,0.0,-0.0029992173869978736,-0.0490622794451982,0.9682479764268934,0.0,0.0,0.0,0.0,0.0,0.0,zero,0.0,0.0,0.0,0.0,-0.0519501942294028,-0.01700683832157953,-0.03470436754347299,-1.9418680483801183,-0.5895507667761505,-1.2846863328144682,1,0.004134416580200195,,,,,,,,,,,,,,,,,,,,,,3.658933908000108,5,radio://0/80/2M/E7E7E7E705,4.1887902047863905,aborted,cf5 起飞前预检失败（电压或 EKF 对齐）,0.0,0.0,0.0,0,0.0,global_abort:cf5 起飞前预检失败（电压或 EKF 对齐）,,,,,
3.673246048000692,1788684528.3674798,control,aborted,1,1,0.0045618530002684565,4.170087814331055,4170.0,0,90.0,3.6399086649998935,4.170087814331055,1,1,0,1.0071730349577168,0.3747468590736389,0.003628564765676856,0.04583745077252388,0.008519362658262253,-0.01659274473786354,-0.02536611631512642,4.844778537750244,-13.421480178833008,-52.62031173706055,-0.0743217021226883,-0.5357586145401001,0.13967138528823853,-0.034877131064545285,0.0023811910414815144,3.125002270490939,0.3747468590736389,0.003628564765676856,0.04583745077252388,3.125002270490939,0.0,0.0,0.0,0.0,0.0,0.0,0.00441510372839104,-0.011572146061118482,-0.06388660088293366,0.0,0.0,0.0,-0.034877131064545285,0.0023811910414815144,3.125002270490939,0.0,0.0,0.0,0.0,0.0,0.0,zero,0.0,0.0,0.0,0.0,0.00441510372839104,-0.011572146061118482,-0.06388660088293366,1.1808641812570537,-3.345389813466161,-15.22259424357674,1,0.004934072494506836,,,,,,,,,,,,,,,,,,,,,,3.673246048000692,2,radio://0/80/2M/E7E7E7E702,0.0,aborted,cf5 起飞前预检失败（电压或 EKF 对齐）,0.0,0.0,0.0,0,0.0,global_abort:cf5 起飞前预检失败（电压或 EKF 对齐）,,,,,
3.673246048000692,1788684528.3677309,control,aborted,1,1,0.004337834000580187,4.122580528259277,4122.0,0,90.0,3.6095123260001856,4.122580528259277,1,1,0,1.0187793716120355,-0.31364381313323975,0.3157716393470764,0.04023835435509682,-0.030500514432787895,0.017136968672275543,0.07836909592151642,-59.49570846557617,50.16224670410156,146.06723022460938,-0.11145313829183578,0.231533020734787,-0.5186777710914612,-0.007510740830066044,-0.012966801596388819,-0.5962606965686926,-0.31364381313323975,0.3157716393470764,0.04023835435509682,-0.5962606965686926,0.0,0.0,0.0,0.0,0.0,0.0,-0.07155737877435694,0.06350718663896192,0.1716904447634073,0.0,0.0,0.0,-0.007510740830066044,-0.012966801596388819,-0.5962606965686926,0.0,0.0,0.0,0.0,0.0,0.0,zero,0.0,0.0,0.0,0.0,-0.07155737877435694,0.06350718663896192,0.1716904447634073,-17.678488734302242,15.255731956899176,42.23937638174932,1,0.005185127258300781,,,,,,,,,,,,,,,,,,,,,,3.673246048000692,4,radio://0/80/2M/E7E7E7E704,2.0943951023931953,aborted,cf5 起飞前预检失败（电压或 EKF 对齐）,0.0,0.0,0.0,0,0.0,global_abort:cf5 起飞前预检失败（电压或 EKF 对齐）,,,,,
3.673246048000692,1788684528.3679595,control,aborted,1,1,0.004426224000781076,3.763636350631714,3763.0,0,10.0,3.581790770000225,nan,1,0,1,1.0,-0.28667911887168884,-0.444021612405777,0.03563835471868515,-0.05869051814079285,-0.011290638707578182,-0.026558423414826393,-84.98652648925781,-24.625141143798828,-53.3004035949707,-0.5382699370384216,-0.5240558385848999,0.09774267673492432,-0.004672384605640692,-0.05127357887679242,0.9682214688211979,-0.28667911887168884,-0.444021612405777,0.03563835471868515,0.9682214688211979,0.0,0.0,0.0,0.0,0.0,0.0,-0.09618787870889386,-0.030484784167178456,-0.06426162297193931,0.0,0.0,0.0,-0.004672384605640692,-0.05127357887679242,0.9682214688211979,0.0,0.0,0.0,0.0,0.0,0.0,zero,0.0,0.0,0.0,0.0,-0.09618787870889386,-0.030484784167178456,-0.06426162297193931,-23.103634152954495,-7.037080524332125,-15.434392573527235,1,0.00541377067565918,,,,,,,,,,,,,,,,,,,,,,3.673246048000692,5,radio://0/80/2M/E7E7E7E705,4.1887902047863905,aborted,cf5 起飞前预检失败（电压或 EKF 对齐）,0.0,0.0,0.0,0,0.0,global_abort:cf5 起飞前预检失败（电压或 EKF 对齐）,,,,,
3.687484951999977,1788684528.381685,control,aborted,1,1,0.0031390949998240103,4.170087814331055,4170.0,0,90.0,3.6541475689991785,4.170087814331055,1,1,0,1.0071730349577168,0.3747386336326599,0.0036341471131891012,0.04582224413752556,0.00670725479722023,-0.013200739398598671,-0.02049299143254757,3.851977825164795,-10.692550659179688,-42.03212356567383,-0.06126270815730095,-0.41716399788856506,0.10544668138027191,-0.03501575605062158,0.0032335695259016486,3.124494130364658,0.3747386336326599,0.0036341471131891012,0.04582224413752556,3.124494130364658,0.0,0.0,0.0,0.0,0.0,0.0,0.0054802868103022186,-0.01317679453844502,-0.05836480321150929,0.0,0.0,0.0,-0.03501575605062158,0.0032335695259016486,3.124494130364658,0.0,0.0,0.0,0.0,0.0,0.0,zero,0.0,0.0,0.0,0.0,0.0054802868103022186,-0.01317679453844502,-0.05836480321150929,0.07007499939131034,-0.10556470805954901,0.36326146653563457,1,0.0039386749267578125,,,,,,,,,,,,,,,,,,,,,,3.687484951999977,2,radio://0/80/2M/E7E7E7E702,0.0,aborted,cf5 起飞前预检失败（电压或 EKF 对齐）,0.0,0.0,0.0,0,0.0,global_abort:cf5 起飞前预检失败（电压或 EKF 对齐）,,,,,
3.687484951999977,1788684528.381911,control,aborted,1,1,0.0035240580000390764,4.122580528259277,4122.0,0,90.0,3.6237512299994705,4.122580528259277,1,1,0,1.0187793716120355,-0.31364303827285767,0.31571531295776367,0.04023365676403046,-0.024390215054154396,0.0129683967679739,0.0626334622502327,-47.51616668701172,40.074947357177734,116.64672088623047,-0.07244430482387543,0.2054758071899414,-0.41580891609191895,-0.006239294890044874,-0.011428423881386,-0.5963371474726317,-0.31364303827285767,0.31571531295776367,0.04023365676403046,-0.5963371474726317,0.0,0.0,0.0,0.0,0.0,0.0,-0.06596204341129865,0.0562886274169134,0.15914482452485995,0.0,0.0,0.0,-0.006239294890044874,-0.011428423881386,-0.5963371474726317,0.0,0.0,0.0,0.0,0.0,0.0,zero,0.0,0.0,0.0,0.0,-0.06596204341129865,0.0562886274169134,0.15914482452485995,0.3680992768463654,-0.4748860000513675,-0.8253363628367546,1,0.004164695739746094,,,,,,,,,,,,,,,,,,,,,,3.687484951999977,4,radio://0/80/2M/E7E7E7E704,2.0943951023931953,aborted,cf5 起飞前预检失败（电压或 EKF 对齐）,0.0,0.0,0.0,0,0.0,global_abort:cf5 起飞前预检失败（电压或 EKF 对齐）,,,,,
3.687484951999977,1788684528.3821146,control,aborted,1,1,0.0033426199997848016,3.763636350631714,3763.0,0,10.0,3.59602967399951,nan,1,0,1,1.0,-0.28664475679397583,-0.4440419673919678,0.03563541918992996,-0.04650025814771652,-0.0093003548681736,-0.021285366266965866,-67.82881164550781,-19.67392349243164,-42.57093811035156,-0.4242340922355652,-0.4021186828613281,0.08228199183940887,-0.0042028343717646485,-0.04997070610565761,0.9685267259548748,-0.28664475679397583,-0.4440419673919678,0.03563541918992996,0.9685267259548748,0.0,0.0,0.0,0.0,0.0,0.0,-0.09201390992672057,-0.02755917032730804,-0.05893316674856988,0.0,0.0,0.0,-0.0042028343717646485,-0.04997070610565761,0.9685267259548748,0.0,0.0,0.0,0.0,0.0,0.0,zero,0.0,0.0,0.0,0.0,-0.09201390992672057,-0.02755917032730804,-0.05893316674856988,0.27459210049163363,0.1924668083164541,0.350542148997793,1,0.004368305206298828,,,,,,,,,,,,,,,,,,,,,,3.687484951999977,5,radio://0/80/2M/E7E7E7E705,4.1887902047863905,aborted,cf5 起飞前预检失败（电压或 EKF 对齐）,0.0,0.0,0.0,0,0.0,global_abort:cf5 起飞前预检失败（电压或 EKF 对齐）,,,,,
3.70180063800035,1788684528.3959992,control,aborted,1,1,0.003982678999818745,4.170087814331055,4170.0,0,90.0,3.6684632549995513,4.170087814331055,1,1,0,1.0071730349577168,0.37471792101860046,0.003640121780335903,0.045780330896377563,0.0003769570030272007,-0.008734684437513351,-0.01775156706571579,1.8615779876708984,-6.619319438934326,-26.99781608581543,0.03607785329222679,-0.22335726022720337,0.04165174067020416,-0.03450609411238238,0.0030151344422909366,3.1242913445119296,0.37471792101860046,0.003640121780335903,0.045780330896377563,3.1242913445119296,0.0,0.0,0.0,0.0,0.0,0.0,0.006968333776520934,-0.014654539028982255,-0.03861454002333501,0.0,0.0,0.0,-0.03450609411238238,0.0030151344422909366,3.1242913445119296,0.0,0.0,0.0,0.0,0.0,0.0,zero,0.0,0.0,0.0,0.0,0.006968333776520934,-0.014654539028982255,-0.03861454002333501,0.3915179970394105,-0.38603559176517876,5.287129244944233,1,0.004312753677368164,,,,,,,,,,,,,,,,,,,,,,3.70180063800035,2,radio://0/80/2M/E7E7E7E702,0.0,aborted,cf5 起飞前预检失败（电压或 EKF 对齐）,0.0,0.0,0.0,0,0.0,global_abort:cf5 起飞前预检失败（电压或 EKF 对齐）,,,,,
3.70180063800035,1788684528.3962197,control,aborted,1,1,0.0038241619995460496,4.122580528259277,4122.0,0,90.0,3.6380669159998433,4.122580528259277,1,1,0,1.0187793716120355,-0.3136524558067322,0.3157575726509094,0.04018665850162506,-0.016046613454818726,0.008123747073113918,0.03681688383221626,-29.947044372558594,25.280317306518555,73.03063201904297,0.0070808567106723785,0.11419162154197693,-0.2624368667602539,-0.00666837046003275,-0.011623961983518859,-0.5959757751516213,-0.3136524558067322,0.3157575726509094,0.04018665850162506,-0.5959757751516213,0.0,0.0,0.0,0.0,0.0,0.0,-0.04473334410421413,0.033046048909654,0.11021961563175137,0.0,0.0,0.0,-0.00666837046003275,-0.011623961983518859,-0.5959757751516213,0.0,0.0,0.0,0.0,0.0,0.0,zero,0.0,0.0,0.0,0.0,-0.04473334410421413,0.033046048909654,0.11021961563175137,5.687061409706938,-6.217940877320918,-13.112477476405886,1,0.004533290863037109,,,,,,,,,,,,,,,,,,,,,,3.70180063800035,4,radio://0/80/2M/E7E7E7E704,2.0943951023931953,aborted,cf5 起飞前预检失败（电压或 EKF 对齐）,0.0,0.0,0.0,0,0.0,global_abort:cf5 起飞前预检失败（电压或 EKF 对齐）,,,,,
3.70180063800035,1788684528.396426,control,aborted,1,1,0.0035659089999171556,3.763636350631714,3763.0,0,10.0,3.610345359999883,nan,1,0,1,1.0,-0.28662991523742676,-0.44406118988990784,0.03561166673898697,-0.032942257821559906,-0.0023229531943798065,-0.016844315454363823,-42.88996124267578,-11.897369384765625,-27.177879333496094,-0.3435855507850647,-0.25271397829055786,0.054421234875917435,-0.0043220543597141375,-0.04978395482751845,0.9681662354653386,-0.28662991523742676,-0.44406118988990784,0.03561166673898697,0.9681662354653386,0.0,0.0,0.0,0.0,0.0,0.0,-0.07054609083577133,-0.017867060992321125,-0.03945295434531693,0.0,0.0,0.0,-0.0043220543597141375,-0.04978395482751845,0.9681662354653386,0.0,0.0,0.0,0.0,0.0,0.0,zero,0.0,0.0,0.0,0.0,-0.07054609083577133,-0.017867060992321125,-0.03945295434531693,5.76389297585664,2.5954830572130074,5.2163696733843326,1,0.004739522933959961,,,,,,,,,,,,,,,,,,,,,,3.70180063800035,5,radio://0/80/2M/E7E7E7E705,4.1887902047863905,aborted,cf5 起飞前预检失败（电压或 EKF 对齐）,0.0,0.0,0.0,0,0.0,global_abort:cf5 起飞前预检失败（电压或 EKF 对齐）,,,,,
3.716094561000318,1788684528.4102979,control,aborted,1,1,0.011223444999814092,4.170087814331055,4170.0,0,90.0,3.6827571779995196,4.170087814331055,1,1,0,1.0071730349577168,0.3747122287750244,0.003649529768154025,0.045781854540109634,0.0001350779493805021,-0.006712581496685743,-0.014156689867377281,1.4821879863739014,-5.2363128662109375,-21.49311065673828,0.024120870977640152,-0.2015157788991928,0.04163177311420441,-0.03466739047029156,0.002244865854036584,3.1246023005754564,0.3747122287750244,0.003649529768154025,0.045781854540109634,3.1246023005754564,0.0,0.0,0.0,0.0,0.0,0.0,0.007028235467878495,-0.014658336273934815,-0.03081645830450997,0.0,0.0,0.0,-0.03466739047029156,0.002244865854036584,3.1246023005754564,0.0,0.0,0.0,0.0,0.0,0.0,zero,0.0,0.0,0.0,0.0,0.007028235467878495,-0.014658336273934815,-0.03081645830450997,0.008761539394189792,-0.0005554052062177911,1.1405888319708026,1,0.011774539947509766,,,,,,,,,,,,,,,,,,,,,,3.716094561000318,2,radio://0/80/2M/E7E7E7E702,0.0,aborted,cf5 起飞前预检失败（电压或 EKF 对齐）,0.0,0.0,0.0,0,0.0,global_abort:cf5 起飞前预检失败（电压或 EKF 对齐）,,,,,
3.716094561000318,1788684528.4105098,control,aborted,1,1,0.011430194999775267,4.122580528259277,4122.0,0,90.0,3.6523608389998117,4.122580528259277,1,1,0,1.0187793716120355,-0.31364941596984863,0.3157307505607605,0.04019865021109581,-0.01274838112294674,0.005714500788599253,0.02980424277484417,-23.861167907714844,20.153789520263672,58.219398498535156,-0.007656912785023451,0.08373495936393738,-0.2281079739332199,-0.007116560252679226,-0.011888708680939636,-0.5965948542914052,-0.31364941596984863,0.3157307505607605,0.04019865021109581,-0.5965948542914052,0.0,0.0,0.0,0.0,0.0,0.0,-0.03598555998592431,0.023966434125624436,0.08961008094533156,0.0,0.0,0.0,-0.007116560252679226,-0.011888708680939636,-0.5965948542914052,0.0,0.0,0.0,0.0,0.0,0.0,zero,0.0,0.0,0.0,0.0,-0.03598555998592431,0.023966434125624436,0.08961008094533156,1.2794973468572841,-1.3280326617071534,-3.0144599586200775,1,0.011986494064331055,,,,,,,,,,,,,,,,,,,,,,3.716094561000318,4,radio://0/80/2M/E7E7E7E704,2.0943951023931953,aborted,cf5 起飞前预检失败（电压或 EKF 对齐）,0.0,0.0,0.0,0,0.0,global_abort:cf5 起飞前预检失败（电压或 EKF 对齐）,,,,,
3.716094561000318,1788684528.410699,control,aborted,1,1,0.011075972999606165,3.763636350631714,3763.0,0,10.0,3.6246392829998513,nan,1,0,1,1.0,-0.2866440415382385,-0.4440995156764984,0.03560762107372284,-0.026766974478960037,-0.0029793214052915573,-0.013593780808150768,-34.13135528564453,-9.537093162536621,-21.647232055664062,-0.2696061134338379,-0.20902736485004425,0.02760647051036358,-0.004114981786289455,-0.05002066065441616,0.9676219332040438,-0.2866440415382385,-0.4440995156764984,0.03560762107372284,0.9676219332040438,0.0,0.0,0.0,0.0,0.0,0.0,-0.06099163565434449,-0.013815415993756746,-0.0316408161907914,0.0,0.0,0.0,-0.004114981786289455,-0.05002066065441616,0.9676219332040438,0.0,0.0,0.0,0.0,0.0,0.0,zero,0.0,0.0,0.0,0.0,-0.06099163565434449,-0.013815415993756746,-0.0316408161907914,1.3974853391435114,0.5926151075484226,1.1426448008815409,1,0.012175559997558594,,,,,,,,,,,,,,,,,,,,,,3.716094561000318,5,radio://0/80/2M/E7E7E7E705,4.1887902047863905,aborted,cf5 起飞前预检失败（电压或 EKF 对齐）,0.0,0.0,0.0,0,0.0,global_abort:cf5 起飞前预检失败（电压或 EKF 对齐）,,,,,
3.730337798000619,1788684528.4245281,control,aborted,1,1,0.004302782000195293,4.170087814331055,4170.0,0,90.0,3.6970004149998204,4.170087814331055,1,1,0,1.0071730349577168,0.3747155964374542,0.003641019109636545,0.04581022635102272,0.00035655617830343544,-0.00830275658518076,-0.01005612313747406,0.9966257810592651,-3.984215497970581,-13.533963203430176,0.0689912885427475,-0.24540670216083527,-0.09472912549972534,-0.03434346141908932,0.0021771612968326955,3.124903036531295,0.3747155964374542,0.003641019109636545,0.04581022635102272,3.124903036531295,0.0,0.0,0.0,0.0,0.0,0.0,0.000819232796026477,-0.0075313972388756385,-0.011229911649479583,0.0,0.0,0.0,-0.03434346141908932,0.0021771612968326955,3.124903036531295,0.0,0.0,0.0,0.0,0.0,0.0,zero,0.0,0.0,0.0,0.0,0.000819232796026477,-0.0075313972388756385,-0.011229911649479583,-3.197485873411797,3.6705859500982307,10.084490984349477,1,0.005053043365478516,,,,,,,,,,,,,,,,,,,,,,3.730337798000619,2,radio://0/80/2M/E7E7E7E702,0.0,aborted,cf5 起飞前预检失败（电压或 EKF 对齐）,0.0,0.0,0.0,0,0.0,global_abort:cf5 起飞前预检失败（电压或 EKF 对齐）,,,,,
3.730337798000619,1788684528.4247632,control,aborted,1,1,0.004757755000355246,4.122580528259277,4122.0,0,90.0,3.6666040760001124,4.122580528259277,1,1,0,1.0187793716120355,-0.31364160776138306,0.31576481461524963,0.040200330317020416,0.0002018660306930542,0.0032548645976930857,0.012001083232462406,-12.978938102722168,12.533949851989746,34.6280632019043,-0.10012868791818619,0.12329266965389252,-0.10774406045675278,-0.006312044035921575,-0.011226249149641853,-0.5956753210999572,-0.31364160776138306,0.31576481461524963,0.040200330317020416,-0.5956753210999572,0.0,0.0,0.0,0.0,0.0,0.0,-0.00999412376125499,0.0024734751873156866,0.023501936178428398,0.0,0.0,0.0,-0.006312044035921575,-0.011226249149641853,-0.5956753210999572,0.0,0.0,0.0,0.0,0.0,0.0,zero,0.0,0.0,0.0,0.0,-0.00999412376125499,0.0024734751873156866,0.023501936178428398,13.384001441614858,-11.064310202414106,-34.03881781015929,1,0.005288124084472656,,,,,,,,,,,,,,,,,,,,,,3.730337798000619,4,radio://0/80/2M/E7E7E7E704,2.0943951023931953,aborted,cf5 起飞前预检失败（电压或 EKF 对齐）,0.0,0.0,0.0,0,0.0,global_abort:cf5 起飞前预检失败（电压或 EKF 对齐）,,,,,
3.730337798000619,1788684528.4249725,control,aborted,1,1,0.0045703109999521985,3.763636350631714,3763.0,0,10.0,3.638882520000152,nan,1,0,1,1.0,-0.2866378426551819,-0.44403958320617676,0.035636987537145615,-0.015141963958740234,-0.002205671276897192,-0.004237719811499119,-20.465007781982422,-6.191270351409912,-12.443083763122559,-0.27612602710723877,-0.020479612052440643,0.15231212973594666,-0.003653008886326705,-0.048804035587694125,0.9684438852350397,-0.2866378426551819,-0.44403958320617676,0.035636987537145615,0.9684438852350397,0.0,0.0,0.0,0.0,0.0,0.0,-0.024448652606205205,-0.0011675523556326228,-0.010782782380249437,0.0,0.0,0.0,-0.003653008886326705,-0.048804035587694125,0.9684438852350397,0.0,0.0,0.0,0.0,0.0,0.0,zero,0.0,0.0,0.0,0.0,-0.024448652606205205,-0.0011675523556326228,-0.010782782380249437,18.818323027295786,6.511253868415734,10.740294669697644,1,0.005497455596923828,,,,,,,,,,,,,,,,,,,,,,3.730337798000619,5,radio://0/80/2M/E7E7E7E705,4.1887902047863905,aborted,cf5 起飞前预检失败（电压或 EKF 对齐）,0.0,0.0,0.0,0,0.0,global_abort:cf5 起飞前预检失败（电压或 EKF 对齐）,,,,,
3.745957572000407,1788684528.4401655,control,aborted,1,1,0.00041882999994413694,4.170087814331055,4170.0,0,90.0,3.712620188999608,4.170087814331055,1,1,0,1.0071730349577168,0.3747517764568329,0.0037064726930111647,0.04581788554787636,0.0006657011108472943,-0.005953918676823378,-0.007964356802403927,0.8005514740943909,-3.162672996520996,-10.805173873901367,0.06216628476977348,-0.18951070308685303,-0.08328887075185776,-0.03368216115064254,0.0028005647782299832,3.1241676579057125,0.3747517764568329,0.0037064726930111647,0.04581788554787636,3.1241676579057125,0.0,0.0,0.0,0.0,0.0,0.0,-0.00031188498155589094,-0.0062032647095255754,-0.007631753343318195,0.0,0.0,0.0,-0.03368216115064254,0.0028005647782299832,3.1241676579057125,0.0,0.0,0.0,0.0,0.0,0.0,zero,0.0,0.0,0.0,0.0,-0.00031188498155589094,-0.0062032647095255754,-0.007631753343318195,-0.059467426503025056,0.06982528711043115,0.1891697035080151,1,0.0016696453094482422,,,,,,,,,,,,,,,,,,,,,,3.745957572000407,2,radio://0/80/2M/E7E7E7E702,0.0,aborted,cf5 起飞前预检失败（电压或 EKF 对齐）,0.0,0.0,0.0,0,0.0,global_abort:cf5 起飞前预检失败（电压或 EKF 对齐）,,,,,
3.745957572000407,1788684528.4404132,control,aborted,1,1,0.0009443629996894742,4.122580528259277,4122.0,0,90.0,3.6822238499999003,4.122580528259277,1,1,0,1.0187793716120355,-0.3136356472969055,0.3157690465450287,0.04020686075091362,0.07658498734235764,0.01845213770866394,0.016571464017033577,110.36699676513672,32.58290100097656,32.88901138305664,-0.7362969517707825,-0.03038904070854187,0.6175286769866943,-0.0066569431578242366,-0.011879851490544357,-0.5956901730597273,-0.3136356472969055,0.3157690465450287,0.04020686075091362,-0.5956901730597273,0.0,0.0,0.0,0.0,0.0,0.0,0.004213027321293799,-0.003121287490352111,-0.004228085908389745,0.0,0.0,0.0,-0.0066569431578242366,-0.011879851490544357,-0.5956901730597273,0.0,0.0,0.0,0.0,0.0,0.0,zero,0.0,0.0,0.0,0.0,0.004213027321293799,-0.003121287490352111,-0.004228085908389745,55.368643715333214,-21.8021841974298,-108.06490713619881,1,0.0017895698547363281,,,,,,,,,,,,,,,,,,,,,,3.745957572000407,4,radio://0/80/2M/E7E7E7E704,2.0943951023931953,aborted,cf5 起飞前预检失败（电压或 EKF 对齐）,0.0,0.0,0.0,0,0.0,global_abort:cf5 起飞前预检失败（电压或 EKF 对齐）,,,,,
3.745957572000407,1788684528.440621,control,aborted,1,1,0.00011194600028829882,3.763636350631714,3763.0,0,10.0,3.65450229399994,nan,1,0,1,1.0,-0.2866038978099823,-0.44402119517326355,0.03563503175973892,0.03877143934369087,0.06622709333896637,-0.019908426329493523,65.43214416503906,101.4053726196289,-33.60295486450195,0.8464832901954651,2.236706495285034,1.4897701740264893,-0.003715916926446524,-0.04886640798883086,0.9693769856586572,-0.2866038978099823,-0.44402119517326355,0.03563503175973892,0.9693769856586572,0.0,0.0,0.0,0.0,0.0,0.0,-0.006106420227413218,0.001886371639232104,-5.98119493959038e-05,0.0,0.0,0.0,-0.003715916926446524,-0.04886640798883086,0.9693769856586572,0.0,0.0,0.0,0.0,0.0,0.0,zero,0.0,0.0,0.0,0.0,-0.006106420227413218,0.001886371639232104,-5.98119493959038e-05,71.48240885784656,11.903092860111437,41.787637618181655,1,0.001997232437133789,,,,,,,,,,,,,,,,,,,,,,3.745957572000407,5,radio://0/80/2M/E7E7E7E705,4.1887902047863905,aborted,cf5 起飞前预检失败（电压或 EKF 对齐）,0.0,0.0,0.0,0,0.0,global_abort:cf5 起飞前预检失败（电压或 EKF 对齐）,,,,,
3.7589194990005126,1788684528.4531343,control,aborted,1,1,0.00275634399986302,4.170087814331055,4170.0,0,90.0,3.725582115999714,4.170087814331055,1,1,0,1.0071730349577168,0.3747299313545227,0.0036488953046500683,0.04585060477256775,-0.00015854080265853554,-0.11277829110622406,-0.030911611393094063,0.05539178475737572,-169.10870361328125,-46.18080139160156,-0.1445886194705963,0.19818568229675293,0.02251562848687172,-0.03463873844542641,0.0030561726824973323,3.124820116561201,0.3747299313545227,0.0036488953046500683,0.04585060477256775,3.124820116561201,0.0,0.0,0.0,0.0,0.0,0.0,-0.001718624390839413,-0.020301078908792455,-0.006547566534444023,0.0,0.0,0.0,-0.03463873844542641,0.0030561726824973323,3.124820116561201,0.0,0.0,0.0,0.0,0.0,0.0,zero,0.0,0.0,0.0,0.0,-0.001718624390839413,-0.020301078908792455,-0.006547566534444023,-0.02627289646199528,-1.4229665075529547,-0.22942025571845892,1,0.0036780834197998047,,,,,,,,,,,,,,,,,,,,,,3.7589194990005126,2,radio://0/80/2M/E7E7E7E702,0.0,aborted,cf5 起飞前预检失败（电压或 EKF 对齐）,0.0,0.0,0.0,0,0.0,global_abort:cf5 起飞前预检失败（电压或 EKF 对齐）,,,,,
3.7589194990005126,1788684528.4535053,control,aborted,1,1,0.0032642269998177653,4.122580528259277,4122.0,0,90.0,3.695185777000006,4.122580528259277,1,1,0,1.0187793716120355,-0.3136706054210663,0.3157535195350647,0.04023017734289169,0.060622550547122955,0.014475032687187195,0.013687670230865479,87.99888610839844,25.992889404296875,26.257965087890625,-0.5956769585609436,-0.026285413652658463,0.49805954098701477,-0.0070191591746645065,-0.011985279113482046,-0.5954707995783937,-0.3136706054210663,0.3157535195350647,0.04023017734289169,-0.5954707995783937,0.0,0.0,0.0,0.0,0.0,0.0,0.016091642450209304,-0.0017508863539403867,-0.008190157012300048,0.0,0.0,0.0,-0.0070191591746645065,-0.011985279113482046,-0.5954707995783937,0.0,0.0,0.0,0.0,0.0,0.0,zero,0.0,0.0,0.0,0.0,0.016091642450209304,-0.0017508863539403867,-0.008190157012300048,1.0965670287151055,0.1265077356235554,-0.3657561500916782,1,0.004049062728881836,,,,,,,,,,,,,,,,,,,,,,3.7589194990005126,4,radio://0/80/2M/E7E7E7E704,2.0943951023931953,aborted,cf5 起飞前预检失败（电压或 EKF 对齐）,0.0,0.0,0.0,0,0.0,global_abort:cf5 起飞前预检失败（电压或 EKF 对齐）,,,,,
3.7589194990005126,1788684528.4537728,control,aborted,1,1,0.002969212000607513,3.763636350631714,3763.0,0,10.0,3.6674642210000457,nan,1,0,1,1.0,-0.2866274118423462,-0.44408831000328064,0.03562353923916817,0.030583009123802185,0.051742520183324814,-0.01613892987370491,52.19453048706055,80.85686492919922,-26.812767028808594,0.6750068664550781,1.7833552360534668,1.1763664484024048,-0.003792970097301228,-0.049195064067391145,0.9685403642403513,-0.2866274118423462,-0.44408831000328064,0.03562353923916817,0.9685403642403513,0.0,0.0,0.0,0.0,0.0,0.0,0.0036198522793417925,0.010004788613784198,0.00018372504223112835,0.0,0.0,0.0,-0.003792970097301228,-0.049195064067391145,0.9685403642403513,0.0,0.0,0.0,0.0,0.0,0.0,zero,0.0,0.0,0.0,0.0,0.0036198522793417925,0.010004788613784198,0.00018372504223112835,0.8978748471480702,0.7494466554425386,0.022481967164723834,1,0.004316568374633789,,,,,,,,,,,,,,,,,,,,,,3.7589194990005126,5,radio://0/80/2M/E7E7E7E705,4.1887902047863905,aborted,cf5 起飞前预检失败（电压或 EKF 对齐）,0.0,0.0,0.0,0,0.0,global_abort:cf5 起飞前预检失败（电压或 EKF 对齐）,,,,,
3.773207907000142,1788684528.467441,control,aborted,1,1,0.01704475199949229,4.170087814331055,4170.0,0,90.0,3.7398705239993433,4.170087814331055,1,1,0,1.0071730349577168,0.3747299313545227,0.0036488953046500683,0.04585060477256775,-0.00015854080265853554,-0.11277829110622406,-0.030911611393094063,0.05539178475737572,-169.10870361328125,-46.18080139160156,-0.1445886194705963,0.19818568229675293,0.02251562848687172,-0.03463873844542641,0.0030561726824973323,3.124820116561201,0.3747299313545227,0.0036488953046500683,0.04585060477256775,3.124820116561201,0.0,0.0,0.0,0.0,0.0,0.0,-0.001718624390839413,-0.020301078908792455,-0.006547566534444023,0.0,0.0,0.0,-0.03463873844542641,0.0030561726824973323,3.124820116561201,0.0,0.0,0.0,0.0,0.0,0.0,zero,0.0,0.0,0.0,0.0,-0.001718624390839413,-0.020301078908792455,-0.006547566534444023,-0.02627289646199528,-1.4229665075529547,-0.22942025571845892,1,0.017984867095947266,,,,,,,,,,,,,,,,,,,,,,3.773207907000142,2,radio://0/80/2M/E7E7E7E702,0.0,aborted,cf5 起飞前预检失败（电压或 EKF 对齐）,0.0,0.0,0.0,0,0.0,global_abort:cf5 起飞前预检失败（电压或 EKF 对齐）,,,,,
3.773207907000142,1788684528.4677017,control,aborted,1,1,0.017552634999447037,4.122580528259277,4122.0,0,90.0,3.7094741849996353,4.122580528259277,1,1,0,1.0187793716120355,-0.3136706054210663,0.3157535195350647,0.04023017734289169,0.060622550547122955,0.014475032687187195,0.013687670230865479,87.99888610839844,25.992889404296875,26.257965087890625,-0.5956769585609436,-0.026285413652658463,0.49805954098701477,-0.0070191591746645065,-0.011985279113482046,-0.5954707995783937,-0.3136706054210663,0.3157535195350647,0.04023017734289169,-0.5954707995783937,0.0,0.0,0.0,0.0,0.0,0.0,0.016091642450209304,-0.0017508863539403867,-0.008190157012300048,0.0,0.0,0.0,-0.0070191591746645065,-0.011985279113482046,-0.5954707995783937,0.0,0.0,0.0,0.0,0.0,0.0,zero,0.0,0.0,0.0,0.0,0.016091642450209304,-0.0017508863539403867,-0.008190157012300048,1.0965670287151055,0.1265077356235554,-0.3657561500916782,1,0.018245458602905273,,,,,,,,,,,,,,,,,,,,,,3.773207907000142,4,radio://0/80/2M/E7E7E7E704,2.0943951023931953,aborted,cf5 起飞前预检失败（电压或 EKF 对齐）,0.0,0.0,0.0,0,0.0,global_abort:cf5 起飞前预检失败（电压或 EKF 对齐）,,,,,
3.773207907000142,1788684528.4679182,control,aborted,1,1,0.017257620000236784,3.763636350631714,3763.0,0,10.0,3.681752628999675,nan,1,0,1,1.0,-0.2866274118423462,-0.44408831000328064,0.03562353923916817,0.030583009123802185,0.051742520183324814,-0.01613892987370491,52.19453048706055,80.85686492919922,-26.812767028808594,0.6750068664550781,1.7833552360534668,1.1763664484024048,-0.003792970097301228,-0.049195064067391145,0.9685403642403513,-0.2866274118423462,-0.44408831000328064,0.03562353923916817,0.9685403642403513,0.0,0.0,0.0,0.0,0.0,0.0,0.0036198522793417925,0.010004788613784198,0.00018372504223112835,0.0,0.0,0.0,-0.003792970097301228,-0.049195064067391145,0.9685403642403513,0.0,0.0,0.0,0.0,0.0,0.0,zero,0.0,0.0,0.0,0.0,0.0036198522793417925,0.010004788613784198,0.00018372504223112835,0.8978748471480702,0.7494466554425386,0.022481967164723834,1,0.018461942672729492,,,,,,,,,,,,,,,,,,,,,,3.773207907000142,5,radio://0/80/2M/E7E7E7E705,4.1887902047863905,aborted,cf5 起飞前预检失败（电压或 EKF 对齐）,0.0,0.0,0.0,0,0.0,global_abort:cf5 起飞前预检失败（电压或 EKF 对齐）,,,,,
3.787455456000316,1788684528.4816668,control,aborted,1,1,0.0007696209995629033,4.170087814331055,4170.0,0,90.0,3.7541180729995176,4.170087814331055,1,1,0,1.0071730349577168,0.3747154474258423,0.003655743785202503,0.045803461223840714,-0.0003222036175429821,-0.07218033075332642,-0.020648203790187836,0.03263450786471367,-107.73014068603516,-29.43398666381836,-0.08924306929111481,0.1323443204164505,0.02037174254655838,-0.03484937051722788,0.003167639793006738,3.1250942678684077,0.3747154474258423,0.003655743785202503,0.045803461223840714,3.1250942678684077,0.0,0.0,0.0,0.0,0.0,0.0,-0.0005754403926043334,-0.0943600004356591,-0.025590583998006698,0.0,0.0,0.0,-0.03484937051722788,0.003167639793006738,3.1250942678684077,0.0,0.0,0.0,0.0,0.0,0.0,zero,0.0,0.0,0.0,0.0,-0.0005754403926043334,-0.0943600004356591,-0.025590583998006698,0.04209418763597428,-2.388061964288537,-0.619401191953737,1,0.0013551712036132812,,,,,,,,,,,,,,,,,,,,,,3.787455456000316,2,radio://0/80/2M/E7E7E7E702,0.0,aborted,cf5 起飞前预检失败（电压或 EKF 对齐）,0.0,0.0,0.0,0,0.0,global_abort:cf5 起飞前预检失败（电压或 EKF 对齐）,,,,,
3.787455456000316,1788684528.4819233,control,aborted,1,1,0.0009961369996744907,4.122580528259277,4122.0,0,90.0,3.7237217339998097,4.122580528259277,1,1,0,1.0187793716120355,-0.3136753439903259,0.3157184422016144,0.04017007723450661,0.03889875486493111,0.008717426098883152,0.008067633025348186,56.053768157958984,16.56232452392578,16.73592185974121,-0.37151557207107544,-0.01280472707003355,0.31273144483566284,-0.006241752184682386,-0.011672829170976428,-0.5959615506199469,-0.3136753439903259,0.3157184422016144,0.04017007723450661,-0.5959615506199469,0.0,0.0,0.0,0.0,0.0,0.0,0.05338894020749882,0.010857845678447183,0.006442477967308042,0.0,0.0,0.0,-0.006241752184682386,-0.011672829170976428,-0.5959615506199469,0.0,0.0,0.0,0.0,0.0,0.0,zero,0.0,0.0,0.0,0.0,0.05338894020749882,0.010857845678447183,0.006442477967308042,1.1677570167056346,0.42168912427154864,0.5324034822678659,1,0.0016117095947265625,,,,,,,,,,,,,,,,,,,,,,3.787455456000316,4,radio://0/80/2M/E7E7E7E704,2.0943951023931953,aborted,cf5 起飞前预检失败（电压或 EKF 对齐）,0.0,0.0,0.0,0,0.0,global_abort:cf5 起飞前预检失败（电压或 EKF 对齐）,,,,,
3.787455456000316,1788684528.4821393,control,aborted,1,1,0.00032558200018684147,3.763636350631714,3763.0,0,10.0,3.6960001779998493,nan,1,0,1,1.0,-0.2866743803024292,-0.44404762983322144,0.03561939671635628,0.018963633105158806,0.03379883989691734,-0.010652969591319561,33.260250091552734,51.53031539916992,-17.096763610839844,0.44323718547821045,1.1552314758300781,0.760128915309906,-0.0033014310971059085,-0.048961151085331195,0.9685343094146367,-0.2866743803024292,-0.44404762983322144,0.03561939671635628,0.9685343094146367,0.0,0.0,0.0,0.0,0.0,0.0,0.027333903375727643,0.04410006282312822,-0.01170962695547797,0.0,0.0,0.0,-0.0033014310971059085,-0.048961151085331195,0.9685343094146367,0.0,0.0,0.0,0.0,0.0,0.0,zero,0.0,0.0,0.0,0.0,0.027333903375727643,0.04410006282312822,-0.01170962695547797,0.7417538431274562,1.0921355830429318,-0.40580437309848644,1,0.0018277168273925781,,,,,,,,,,,,,,,,,,,,,,3.787455456000316,5,radio://0/80/2M/E7E7E7E705,4.1887902047863905,aborted,cf5 起飞前预检失败（电压或 EKF 对齐）,0.0,0.0,0.0,0,0.0,global_abort:cf5 起飞前预检失败（电压或 EKF 对齐）,,,,,
3.801927002999946,1788684528.496208,control,aborted,1,1,0.0062671829991813865,4.170087814331055,4170.0,0,90.0,3.7685896199991475,4.170087814331055,1,1,0,1.0071730349577168,0.37470513582229614,0.0036564699839800596,0.04579683020710945,0.0024296168703585863,-0.04680740833282471,-0.013630439527332783,0.6102544665336609,-66.74703979492188,-18.225032806396484,0.14500533044338226,0.014694683253765106,-0.05779513344168663,-0.034362706013789074,0.00293305835703847,3.1244208393528297,0.37470513582229614,0.0036564699839800596,0.04579683020710945,3.1244208393528297,0.0,0.0,0.0,0.0,0.0,0.0,0.0004061823133273279,-0.13040186118460428,-0.034991275513163764,0.0,0.0,0.0,-0.034362706013789074,0.00293305835703847,3.1244208393528297,0.0,0.0,0.0,0.0,0.0,0.0,zero,0.0,0.0,0.0,0.0,0.0004061823133273279,-0.13040186118460428,-0.034991275513163764,0.07012328800733843,-1.403401568308149,-0.3707661151199242,1,0.007219552993774414,,,,,,,,,,,,,,,,,,,,,,3.801927002999946,2,radio://0/80/2M/E7E7E7E702,0.0,aborted,cf5 起飞前预检失败（电压或 EKF 对齐）,0.0,0.0,0.0,0,0.0,global_abort:cf5 起飞前预检失败（电压或 EKF 对齐）,,,,,
3.801927002999946,1788684528.4964893,control,aborted,1,1,0.006543842999235494,4.122580528259277,4122.0,0,90.0,3.7381932809994396,4.122580528259277,1,1,0,1.0187793716120355,-0.3136635422706604,0.3157646358013153,0.040248822420835495,0.030047835782170296,0.011253002099692822,0.011971419677138329,35.603763580322266,11.247488021850586,11.456875801086426,-0.35273805260658264,0.04453901946544647,0.22787030041217804,-0.00686656602985632,-0.011607538105775058,-0.5959418556653473,-0.3136635422706604,0.3157646358013153,0.040248822420835495,-0.5959418556653473,0.0,0.0,0.0,0.0,0.0,0.0,0.07103966432446263,0.017879174574830115,0.015684792940175322,0.0,0.0,0.0,-0.00686656602985632,-0.011607538105775058,-0.5959418556653473,0.0,0.0,0.0,0.0,0.0,0.0,zero,0.0,0.0,0.0,0.0,0.07103966432446263,0.017879174574830115,0.015684792940175322,0.6903771776745218,0.33387042200681005,0.4703888320571118,1,0.007500886917114258,,,,,,,,,,,,,,,,,,,,,,3.801927002999946,4,radio://0/80/2M/E7E7E7E704,2.0943951023931953,aborted,cf5 起飞前预检失败（电压或 EKF 对齐）,0.0,0.0,0.0,0,0.0,global_abort:cf5 起飞前预检失败（电压或 EKF 对齐）,,,,,
3.801927002999946,1788684528.4967155,control,aborted,1,1,0.006064731999686046,3.763636350631714,3763.0,0,10.0,3.710471724999479,nan,1,0,1,1.0,-0.2866142690181732,-0.4440276622772217,0.03567063808441162,0.01834234781563282,0.016433436423540115,-0.00402018753811717,21.64634132385254,30.749765396118164,-10.272819519042969,0.24034103751182556,0.7222411632537842,0.4521906077861786,-0.0035852114722756756,-0.04899989656766197,0.9686633969516709,-0.2866142690181732,-0.4440276622772217,0.03567063808441162,0.9686633969516709,0.0,0.0,0.0,0.0,0.0,0.0,0.038891218794898666,0.06001436951971825,-0.017938950832331876,0.0,0.0,0.0,-0.0035852114722756756,-0.04899989656766197,0.9686633969516709,0.0,0.0,0.0,0.0,0.0,0.0,zero,0.0,0.0,0.0,0.0,0.038891218794898666,0.06001436951971825,-0.017938950832331876,0.48390828731606633,0.5671833296479569,-0.25175501855388865,1,0.007727146148681641,,,,,,,,,,,,,,,,,,,,,,3.801927002999946,5,radio://0/80/2M/E7E7E7E705,4.1887902047863905,aborted,cf5 起飞前预检失败（电压或 EKF 对齐）,0.0,0.0,0.0,0,0.0,global_abort:cf5 起飞前预检失败（电压或 EKF 对齐）,,,,,
